timestamp,open,high,low,close,volume,date
1772377200000,1.794,1.794,1.794,1.794,0.0,2026-03-01 15:00:00
1772377500000,1.794,1.794,1.794,1.794,0.0,2026-03-01 15:05:00
1772377800000,1.794,1.794,1.794,1.794,0.0,2026-03-01 15:10:00
1772378100000,1.794,1.794,1.794,1.794,0.0,2026-03-01 15:15:00
1772378400000,1.794,1.794,1.794,1.794,0.0,2026-03-01 15:20:00
1772378700000,1.794,1.794,1.794,1.794,0.0,2026-03-01 15:25:00
1772379000000,1.794,1.794,1.794,1.794,0.0,2026-03-01 15:30:00
1772379300000,1.794,1.794,1.794,1.794,0.0,2026-03-01 15:35:00
1772379600000,1.794,1.794,1.794,1.794,0.0,2026-03-01 15:40:00
1772379900000,1.794,1.794,1.794,1.794,0.0,2026-03-01 15:45:00
1772380200000,1.794,1.794,1.794,1.794,0.0,2026-03-01 15:50:00
1772380500000,1.794,1.794,1.794,1.794,0.0,2026-03-01 15:55:00
1772380800000,1.794,1.794,1.794,1.794,0.0,2026-03-01 16:00:00
1772381100000,1.794,1.794,1.794,1.794,0.0,2026-03-01 16:05:00
1772381400000,1.794,1.794,1.794,1.794,0.0,2026-03-01 16:10:00
1772381700000,1.794,1.794,1.794,1.794,0.0,2026-03-01 16:15:00
1772382000000,1.794,1.794,1.794,1.794,0.0,2026-03-01 16:20:00
1772382300000,1.794,1.794,1.794,1.794,0.0,2026-03-01 16:25:00
1772382600000,1.794,1.794,1.794,1.794,0.0,2026-03-01 16:30:00
1772382900000,1.794,1.794,1.794,1.794,0.0,2026-03-01 16:35:00
1772383200000,1.794,1.794,1.794,1.794,0.0,2026-03-01 16:40:00
1772383500000,1.794,1.794,1.794,1.794,0.0,2026-03-01 16:45:00
1772383800000,1.794,1.794,1.794,1.794,0.0,2026-03-01 16:50:00
1772384100000,1.794,1.794,1.794,1.794,0.0,2026-03-01 16:55:00
1772384400000,1.794,1.794,1.794,1.794,0.0,2026-03-01 17:00:00
1772384700000,1.837,1.837,1.837,1.837,0.88,2026-03-01 17:05:00
1772385000000,1.837,1.837,1.837,1.837,0.0,2026-03-01 17:10:00
1772385300000,1.794,1.832,1.794,1.832,8.31,2026-03-01 17:15:00
1772385600000,1.832,1.832,1.832,1.832,0.0,2026-03-01 17:20:00
1772385900000,1.832,1.832,1.832,1.832,0.0,2026-03-01 17:25:00
1772386200000,1.832,1.832,1.832,1.832,0.0,2026-03-01 17:30:00
1772386500000,1.832,1.832,1.832,1.832,0.0,2026-03-01 17:35:00
1772386800000,1.832,1.832,1.832,1.832,0.0,2026-03-01 17:40:00
1772387100000,1.832,1.832,1.832,1.832,0.0,2026-03-01 17:45:00
1772387400000,1.832,1.832,1.832,1.832,0.0,2026-03-01 17:50:00
1772387700000,1.832,1.832,1.832,1.832,0.0,2026-03-01 17:55:00
1772388000000,1.832,1.832,1.832,1.832,8.16,2026-03-01 18:00:00
1772388300000,1.832,1.832,1.832,1.832,0.0,2026-03-01 18:05:00
1772388600000,1.832,1.832,1.832,1.832,0.0,2026-03-01 18:10:00
1772388900000,1.832,1.832,1.832,1.832,0.0,2026-03-01 18:15:00
1772389200000,1.832,1.832,1.832,1.832,0.0,2026-03-01 18:20:00
1772389500000,1.832,1.832,1.832,1.832,0.0,2026-03-01 18:25:00
1772389800000,1.832,1.832,1.832,1.832,0.0,2026-03-01 18:30:00
1772390100000,1.832,1.832,1.832,1.832,0.0,2026-03-01 18:35:00
1772390400000,1.832,1.832,1.832,1.832,0.0,2026-03-01 18:40:00
1772390700000,1.832,1.832,1.832,1.832,0.0,2026-03-01 18:45:00
1772391000000,1.832,1.832,1.832,1.832,0.0,2026-03-01 18:50:00
1772391300000,1.832,1.832,1.832,1.832,0.0,2026-03-01 18:55:00
1772391600000,1.832,1.832,1.832,1.832,0.0,2026-03-01 19:00:00
1772391900000,1.832,1.832,1.832,1.832,0.0,2026-03-01 19:05:00
1772392200000,1.832,1.832,1.832,1.832,0.0,2026-03-01 19:10:00
1772392500000,1.832,1.832,1.832,1.832,0.0,2026-03-01 19:15:00
1772392800000,1.832,1.832,1.832,1.832,0.0,2026-03-01 19:20:00
1772393100000,1.832,1.832,1.832,1.832,0.0,2026-03-01 19:25:00
1772393400000,1.832,1.832,1.832,1.832,0.0,2026-03-01 19:30:00
1772393700000,1.832,1.832,1.832,1.832,0.0,2026-03-01 19:35:00
1772394000000,1.832,1.832,1.832,1.832,0.0,2026-03-01 19:40:00
1772394300000,1.832,1.832,1.832,1.832,0.0,2026-03-01 19:45:00
1772394600000,1.832,1.832,1.832,1.832,0.0,2026-03-01 19:50:00
1772394900000,1.832,1.832,1.832,1.832,0.0,2026-03-01 19:55:00
1772395200000,1.832,1.832,1.832,1.832,0.0,2026-03-01 20:00:00
1772395500000,1.801,1.801,1.801,1.801,27.7,2026-03-01 20:05:00
1772395800000,1.771,1.771,1.771,1.771,56.53,2026-03-01 20:10:00
1772396100000,1.769,1.769,1.769,1.769,16.59,2026-03-01 20:15:00
1772396400000,1.769,1.769,1.769,1.769,0.0,2026-03-01 20:20:00
1772396700000,1.769,1.769,1.769,1.769,0.0,2026-03-01 20:25:00
1772397000000,1.769,1.769,1.769,1.769,0.0,2026-03-01 20:30:00
1772397300000,1.769,1.769,1.769,1.769,0.0,2026-03-01 20:35:00
1772397600000,1.769,1.769,1.769,1.769,0.0,2026-03-01 20:40:00
1772397900000,1.769,1.769,1.769,1.769,0.0,2026-03-01 20:45:00
1772398200000,1.769,1.769,1.769,1.769,0.0,2026-03-01 20:50:00
1772398500000,1.769,1.769,1.769,1.769,0.0,2026-03-01 20:55:00
1772398800000,1.769,1.769,1.769,1.769,0.0,2026-03-01 21:00:00
1772399100000,1.769,1.769,1.769,1.769,0.0,2026-03-01 21:05:00
1772399400000,1.769,1.769,1.769,1.769,0.0,2026-03-01 21:10:00
1772399700000,1.769,1.769,1.769,1.769,0.0,2026-03-01 21:15:00
1772400000000,1.769,1.769,1.769,1.769,0.0,2026-03-01 21:20:00
1772400300000,1.769,1.769,1.769,1.769,0.0,2026-03-01 21:25:00
1772400600000,1.769,1.769,1.769,1.769,0.0,2026-03-01 21:30:00
1772400900000,1.769,1.769,1.769,1.769,0.0,2026-03-01 21:35:00
1772401200000,1.769,1.769,1.769,1.769,0.0,2026-03-01 21:40:00
1772401500000,1.769,1.769,1.769,1.769,0.0,2026-03-01 21:45:00
1772401800000,1.769,1.769,1.769,1.769,0.0,2026-03-01 21:50:00
1772402100000,1.769,1.769,1.769,1.769,0.0,2026-03-01 21:55:00
1772402400000,1.769,1.769,1.769,1.769,0.0,2026-03-01 22:00:00
1772402700000,1.769,1.769,1.769,1.769,0.0,2026-03-01 22:05:00
1772403000000,1.806,1.806,1.802,1.802,41.7,2026-03-01 22:10:00
1772403300000,1.802,1.802,1.802,1.802,0.0,2026-03-01 22:15:00
1772403600000,1.802,1.802,1.802,1.802,0.0,2026-03-01 22:20:00
1772403900000,1.802,1.802,1.802,1.802,0.0,2026-03-01 22:25:00
1772404200000,1.802,1.802,1.802,1.802,0.0,2026-03-01 22:30:00
1772404500000,1.802,1.802,1.802,1.802,0.0,2026-03-01 22:35:00
1772404800000,1.802,1.802,1.802,1.802,0.0,2026-03-01 22:40:00
1772405100000,1.802,1.802,1.802,1.802,0.0,2026-03-01 22:45:00
1772405400000,1.802,1.802,1.802,1.802,0.0,2026-03-01 22:50:00
1772405700000,1.8,1.8,1.8,1.8,150.0,2026-03-01 22:55:00
1772406000000,1.8,1.8,1.8,1.8,0.0,2026-03-01 23:00:00
1772406300000,1.8,1.8,1.8,1.8,0.0,2026-03-01 23:05:00
1772406600000,1.8,1.8,1.8,1.8,0.0,2026-03-01 23:10:00
1772406900000,1.8,1.8,1.8,1.8,0.0,2026-03-01 23:15:00
1772407200000,1.8,1.8,1.8,1.8,0.0,2026-03-01 23:20:00
1772407500000,1.8,1.8,1.8,1.8,0.0,2026-03-01 23:25:00
1772407800000,1.8,1.8,1.8,1.8,0.0,2026-03-01 23:30:00
1772408100000,1.8,1.8,1.8,1.8,0.0,2026-03-01 23:35:00
1772408400000,1.8,1.8,1.8,1.8,0.0,2026-03-01 23:40:00
1772408700000,1.8,1.8,1.8,1.8,0.0,2026-03-01 23:45:00
1772409000000,1.8,1.8,1.8,1.8,0.0,2026-03-01 23:50:00
1772409300000,1.8,1.8,1.8,1.8,0.0,2026-03-01 23:55:00
1772409600000,1.8,1.8,1.8,1.8,6.0,2026-03-02 00:00:00
1772409900000,1.8,1.8,1.8,1.8,0.0,2026-03-02 00:05:00
1772410200000,1.8,1.8,1.8,1.8,0.0,2026-03-02 00:10:00
1772410500000,1.813,1.813,1.813,1.813,1.24,2026-03-02 00:15:00
1772410800000,1.813,1.82,1.813,1.813,19.54,2026-03-02 00:20:00
1772411100000,1.799,1.81,1.775,1.8,16.1,2026-03-02 00:25:00
1772411400000,1.801,1.81,1.801,1.81,30.63,2026-03-02 00:30:00
1772411700000,1.809,1.81,1.809,1.81,6.52,2026-03-02 00:35:00
1772412000000,1.81,1.81,1.81,1.81,24.19,2026-03-02 00:40:00
1772412300000,1.816,1.83,1.813,1.827,12.28,2026-03-02 00:45:00
1772412600000,1.824,1.824,1.824,1.824,2.94,2026-03-02 00:50:00
1772412900000,1.826,1.826,1.825,1.825,27.64,2026-03-02 00:55:00
1772413200000,1.826,1.831,1.825,1.831,11.93,2026-03-02 01:00:00
1772413500000,1.826,1.826,1.825,1.825,6.48,2026-03-02 01:05:00
1772413800000,1.831,1.831,1.831,1.831,2.4,2026-03-02 01:10:00
1772414100000,1.831,1.831,1.831,1.831,0.0,2026-03-02 01:15:00
1772414400000,1.831,1.831,1.831,1.831,0.0,2026-03-02 01:20:00
1772414700000,1.831,1.831,1.831,1.831,0.0,2026-03-02 01:25:00
1772415000000,1.831,1.831,1.831,1.831,0.0,2026-03-02 01:30:00
1772415300000,1.831,1.831,1.831,1.831,0.0,2026-03-02 01:35:00
1772415600000,1.831,1.831,1.831,1.831,0.0,2026-03-02 01:40:00
1772415900000,1.83,1.83,1.83,1.83,8.19,2026-03-02 01:45:00
1772416200000,1.826,1.826,1.826,1.826,5.47,2026-03-02 01:50:00
1772416500000,1.826,1.826,1.826,1.826,0.0,2026-03-02 01:55:00
1772416800000,1.826,1.826,1.826,1.826,0.0,2026-03-02 02:00:00
1772417100000,1.826,1.826,1.826,1.826,0.0,2026-03-02 02:05:00
1772417400000,1.826,1.826,1.826,1.826,0.0,2026-03-02 02:10:00
1772417700000,1.826,1.826,1.826,1.826,0.0,2026-03-02 02:15:00
1772418000000,1.826,1.826,1.826,1.826,0.0,2026-03-02 02:20:00
1772418300000,1.826,1.826,1.826,1.826,0.0,2026-03-02 02:25:00
1772418600000,1.826,1.826,1.826,1.826,0.0,2026-03-02 02:30:00
1772418900000,1.826,1.826,1.826,1.826,0.0,2026-03-02 02:35:00
1772419200000,1.826,1.826,1.826,1.826,0.0,2026-03-02 02:40:00
1772419500000,1.826,1.826,1.826,1.826,0.0,2026-03-02 02:45:00
1772419800000,1.826,1.826,1.826,1.826,0.0,2026-03-02 02:50:00
1772420100000,1.826,1.826,1.826,1.826,0.0,2026-03-02 02:55:00
1772420400000,1.826,1.826,1.826,1.826,0.0,2026-03-02 03:00:00
1772420700000,1.826,1.826,1.826,1.826,0.0,2026-03-02 03:05:00
1772421000000,1.826,1.826,1.826,1.826,0.0,2026-03-02 03:10:00
1772421300000,1.826,1.826,1.826,1.826,0.0,2026-03-02 03:15:00
1772421600000,1.826,1.826,1.826,1.826,0.0,2026-03-02 03:20:00
1772421900000,1.826,1.826,1.826,1.826,0.0,2026-03-02 03:25:00
1772422200000,1.826,1.826,1.826,1.826,0.0,2026-03-02 03:30:00
1772422500000,1.826,1.826,1.826,1.826,0.0,2026-03-02 03:35:00
1772422800000,1.826,1.826,1.826,1.826,0.0,2026-03-02 03:40:00
1772423100000,1.826,1.826,1.826,1.826,0.0,2026-03-02 03:45:00
1772423400000,1.826,1.826,1.826,1.826,0.0,2026-03-02 03:50:00
1772423700000,1.826,1.826,1.826,1.826,0.0,2026-03-02 03:55:00
1772424000000,1.826,1.826,1.826,1.826,0.0,2026-03-02 04:00:00
1772424300000,1.826,1.826,1.826,1.826,0.0,2026-03-02 04:05:00
1772424600000,1.826,1.826,1.826,1.826,0.0,2026-03-02 04:10:00
1772424900000,1.826,1.826,1.826,1.826,0.0,2026-03-02 04:15:00
1772425200000,1.826,1.826,1.826,1.826,0.0,2026-03-02 04:20:00
1772425500000,1.826,1.826,1.826,1.826,0.0,2026-03-02 04:25:00
1772425800000,1.826,1.826,1.826,1.826,0.0,2026-03-02 04:30:00
1772426100000,1.826,1.826,1.826,1.826,0.0,2026-03-02 04:35:00
1772426400000,1.826,1.826,1.826,1.826,0.0,2026-03-02 04:40:00
1772426700000,1.826,1.826,1.826,1.826,0.0,2026-03-02 04:45:00
1772427000000,1.826,1.826,1.826,1.826,0.0,2026-03-02 04:50:00
1772427300000,1.826,1.826,1.826,1.826,0.0,2026-03-02 04:55:00
1772427600000,1.826,1.826,1.826,1.826,0.0,2026-03-02 05:00:00
1772427900000,1.826,1.826,1.826,1.826,0.0,2026-03-02 05:05:00
1772428200000,1.826,1.826,1.826,1.826,0.0,2026-03-02 05:10:00
1772428500000,1.832,1.832,1.831,1.831,13.02,2026-03-02 05:15:00
1772428800000,1.831,1.831,1.831,1.831,0.0,2026-03-02 05:20:00
1772429100000,1.831,1.831,1.831,1.831,0.0,2026-03-02 05:25:00
1772429400000,1.831,1.831,1.831,1.831,0.0,2026-03-02 05:30:00
1772429700000,1.831,1.831,1.831,1.831,0.0,2026-03-02 05:35:00
1772430000000,1.831,1.831,1.831,1.831,0.0,2026-03-02 05:40:00
1772430300000,1.831,1.831,1.831,1.831,0.0,2026-03-02 05:45:00
1772430600000,1.831,1.831,1.831,1.831,0.0,2026-03-02 05:50:00
1772430900000,1.831,1.831,1.831,1.831,0.0,2026-03-02 05:55:00
1772431200000,1.831,1.831,1.831,1.831,0.0,2026-03-02 06:00:00
1772431500000,1.831,1.831,1.831,1.831,0.0,2026-03-02 06:05:00
1772431800000,1.831,1.831,1.831,1.831,0.0,2026-03-02 06:10:00
1772432100000,1.831,1.831,1.831,1.831,0.0,2026-03-02 06:15:00
1772432400000,1.831,1.831,1.831,1.831,0.0,2026-03-02 06:20:00
1772432700000,1.831,1.831,1.831,1.831,0.0,2026-03-02 06:25:00
1772433000000,1.831,1.831,1.831,1.831,0.0,2026-03-02 06:30:00
1772433300000,1.831,1.831,1.831,1.831,0.0,2026-03-02 06:35:00
1772433600000,1.831,1.831,1.831,1.831,0.0,2026-03-02 06:40:00
1772433900000,1.831,1.831,1.831,1.831,0.0,2026-03-02 06:45:00
1772434200000,1.831,1.831,1.831,1.831,0.0,2026-03-02 06:50:00
1772434500000,1.831,1.831,1.831,1.831,0.0,2026-03-02 06:55:00
1772434800000,1.831,1.831,1.831,1.831,0.0,2026-03-02 07:00:00
1772435100000,1.831,1.831,1.831,1.831,0.0,2026-03-02 07:05:00
1772435400000,1.831,1.831,1.831,1.831,0.0,2026-03-02 07:10:00
1772435700000,1.831,1.831,1.831,1.831,0.0,2026-03-02 07:15:00
1772436000000,1.831,1.831,1.831,1.831,0.0,2026-03-02 07:20:00
1772436300000,1.831,1.831,1.831,1.831,0.0,2026-03-02 07:25:00
1772436600000,1.831,1.831,1.831,1.831,0.0,2026-03-02 07:30:00
1772436900000,1.831,1.831,1.831,1.831,0.0,2026-03-02 07:35:00
1772437200000,1.831,1.831,1.831,1.831,0.0,2026-03-02 07:40:00
1772437500000,1.831,1.831,1.831,1.831,0.0,2026-03-02 07:45:00
1772437800000,1.831,1.831,1.831,1.831,0.0,2026-03-02 07:50:00
1772438100000,1.831,1.831,1.831,1.831,0.0,2026-03-02 07:55:00
1772438400000,1.831,1.831,1.831,1.831,0.0,2026-03-02 08:00:00
1772438700000,1.831,1.831,1.831,1.831,0.0,2026-03-02 08:05:00
1772439000000,1.831,1.831,1.831,1.831,0.0,2026-03-02 08:10:00
1772439300000,1.831,1.831,1.831,1.831,0.0,2026-03-02 08:15:00
1772439600000,1.8,1.8,1.8,1.8,7.59,2026-03-02 08:20:00
1772439900000,1.8,1.8,1.8,1.8,0.0,2026-03-02 08:25:00
1772440200000,1.8,1.8,1.8,1.8,0.0,2026-03-02 08:30:00
1772440500000,1.8,1.8,1.8,1.8,0.0,2026-03-02 08:35:00
1772440800000,1.8,1.8,1.8,1.8,0.0,2026-03-02 08:40:00
1772441100000,1.8,1.8,1.8,1.8,0.0,2026-03-02 08:45:00
1772441400000,1.8,1.8,1.8,1.8,0.0,2026-03-02 08:50:00
1772441700000,1.8,1.8,1.8,1.8,0.0,2026-03-02 08:55:00
1772442000000,1.834,1.834,1.834,1.834,1.63,2026-03-02 09:00:00
1772442300000,1.834,1.834,1.834,1.834,0.0,2026-03-02 09:05:00
1772442600000,1.834,1.834,1.834,1.834,0.0,2026-03-02 09:10:00
1772442900000,1.834,1.834,1.834,1.834,0.0,2026-03-02 09:15:00
1772443200000,1.834,1.834,1.834,1.834,0.0,2026-03-02 09:20:00
1772443500000,1.834,1.834,1.834,1.834,0.0,2026-03-02 09:25:00
1772443800000,1.834,1.834,1.834,1.834,0.0,2026-03-02 09:30:00
1772444100000,1.834,1.834,1.834,1.834,0.0,2026-03-02 09:35:00
1772444400000,1.834,1.834,1.834,1.834,0.0,2026-03-02 09:40:00
1772444700000,1.834,1.834,1.834,1.834,0.0,2026-03-02 09:45:00
1772445000000,1.834,1.834,1.834,1.834,0.0,2026-03-02 09:50:00
1772445300000,1.834,1.834,1.834,1.834,0.0,2026-03-02 09:55:00
1772445600000,1.834,1.834,1.834,1.834,0.0,2026-03-02 10:00:00
1772445900000,1.834,1.834,1.834,1.834,0.0,2026-03-02 10:05:00
1772446200000,1.834,1.834,1.834,1.834,0.0,2026-03-02 10:10:00
1772446500000,1.834,1.834,1.834,1.834,0.0,2026-03-02 10:15:00
1772446800000,1.834,1.834,1.834,1.834,0.0,2026-03-02 10:20:00
1772447100000,1.834,1.834,1.834,1.834,0.0,2026-03-02 10:25:00
1772447400000,1.834,1.834,1.834,1.834,0.0,2026-03-02 10:30:00
1772447700000,1.834,1.834,1.834,1.834,0.0,2026-03-02 10:35:00
1772448000000,1.834,1.834,1.834,1.834,0.0,2026-03-02 10:40:00
1772448300000,1.834,1.834,1.834,1.834,0.0,2026-03-02 10:45:00
1772448600000,1.834,1.834,1.834,1.834,0.0,2026-03-02 10:50:00
1772448900000,1.834,1.834,1.834,1.834,0.0,2026-03-02 10:55:00
1772449200000,1.834,1.834,1.834,1.834,0.0,2026-03-02 11:00:00
1772449500000,1.834,1.834,1.834,1.834,0.0,2026-03-02 11:05:00
1772449800000,1.789,1.789,1.789,1.789,1.82,2026-03-02 11:10:00
1772450100000,1.818,1.818,1.818,1.818,86.72,2026-03-02 11:15:00
1772450400000,1.818,1.818,1.818,1.818,0.0,2026-03-02 11:20:00
1772450700000,1.818,1.818,1.818,1.818,0.0,2026-03-02 11:25:00
1772451000000,1.818,1.818,1.818,1.818,0.0,2026-03-02 11:30:00
1772451300000,1.818,1.818,1.818,1.818,0.0,2026-03-02 11:35:00
1772451600000,1.818,1.818,1.818,1.818,0.0,2026-03-02 11:40:00
1772451900000,1.818,1.818,1.818,1.818,0.0,2026-03-02 11:45:00
1772452200000,1.818,1.818,1.818,1.818,0.0,2026-03-02 11:50:00
1772452500000,1.818,1.818,1.818,1.818,0.0,2026-03-02 11:55:00
1772452800000,1.818,1.818,1.818,1.818,0.0,2026-03-02 12:00:00
1772453100000,1.818,1.818,1.818,1.818,0.0,2026-03-02 12:05:00
1772453400000,1.818,1.818,1.818,1.818,0.0,2026-03-02 12:10:00
1772453700000,1.818,1.818,1.818,1.818,0.0,2026-03-02 12:15:00
1772454000000,1.818,1.818,1.818,1.818,0.0,2026-03-02 12:20:00
1772454300000,1.818,1.818,1.818,1.818,0.0,2026-03-02 12:25:00
1772454600000,1.818,1.818,1.818,1.818,0.0,2026-03-02 12:30:00
1772454900000,1.818,1.818,1.818,1.818,0.0,2026-03-02 12:35:00
1772455200000,1.818,1.818,1.818,1.818,0.0,2026-03-02 12:40:00
1772455500000,1.818,1.818,1.818,1.818,0.0,2026-03-02 12:45:00
1772455800000,1.818,1.818,1.818,1.818,0.0,2026-03-02 12:50:00
1772456100000,1.818,1.818,1.818,1.818,0.0,2026-03-02 12:55:00
1772456400000,1.818,1.818,1.818,1.818,0.0,2026-03-02 13:00:00
1772456700000,1.818,1.818,1.818,1.818,0.0,2026-03-02 13:05:00
1772457000000,1.818,1.818,1.818,1.818,0.0,2026-03-02 13:10:00
1772457300000,1.818,1.818,1.818,1.818,0.0,2026-03-02 13:15:00
1772457600000,1.818,1.818,1.818,1.818,5.51,2026-03-02 13:20:00
1772457900000,1.818,1.818,1.818,1.818,0.0,2026-03-02 13:25:00
1772458200000,1.818,1.818,1.818,1.818,0.0,2026-03-02 13:30:00
1772458500000,1.818,1.818,1.818,1.818,0.0,2026-03-02 13:35:00
1772458800000,1.818,1.818,1.818,1.818,0.0,2026-03-02 13:40:00
1772459100000,1.818,1.818,1.818,1.818,0.0,2026-03-02 13:45:00
1772459400000,1.818,1.818,1.818,1.818,0.0,2026-03-02 13:50:00
1772459700000,1.818,1.818,1.818,1.818,0.0,2026-03-02 13:55:00
1772460000000,1.818,1.818,1.818,1.818,0.0,2026-03-02 14:00:00
1772460300000,1.818,1.818,1.818,1.818,0.0,2026-03-02 14:05:00
1772460600000,1.818,1.818,1.818,1.818,0.0,2026-03-02 14:10:00
1772460900000,1.818,1.818,1.818,1.818,0.0,2026-03-02 14:15:00
1772461200000,1.818,1.818,1.818,1.818,0.0,2026-03-02 14:20:00
1772461500000,1.818,1.818,1.818,1.818,0.0,2026-03-02 14:25:00
1772461800000,1.818,1.818,1.818,1.818,0.0,2026-03-02 14:30:00
1772462100000,1.818,1.818,1.818,1.818,125.0,2026-03-02 14:35:00
1772462400000,1.818,1.818,1.818,1.818,0.0,2026-03-02 14:40:00
1772462700000,1.818,1.818,1.818,1.818,0.0,2026-03-02 14:45:00
1772463000000,1.818,1.818,1.818,1.818,0.0,2026-03-02 14:50:00
1772463300000,1.818,1.818,1.818,1.818,0.0,2026-03-02 14:55:00
1772463600000,1.818,1.818,1.818,1.818,0.0,2026-03-02 15:00:00
1772463900000,1.818,1.818,1.818,1.818,0.0,2026-03-02 15:05:00
1772464200000,1.818,1.818,1.818,1.818,0.0,2026-03-02 15:10:00
1772464500000,1.818,1.818,1.818,1.818,0.0,2026-03-02 15:15:00
1772464800000,1.818,1.818,1.818,1.818,0.0,2026-03-02 15:20:00
1772465100000,1.818,1.818,1.818,1.818,0.0,2026-03-02 15:25:00
1772465400000,1.818,1.818,1.818,1.818,0.0,2026-03-02 15:30:00
1772465700000,1.818,1.818,1.818,1.818,0.0,2026-03-02 15:35:00
1772466000000,1.87,1.87,1.87,1.87,86.64,2026-03-02 15:40:00
1772466300000,1.87,1.87,1.87,1.87,0.0,2026-03-02 15:45:00
1772466600000,1.87,1.87,1.87,1.87,0.0,2026-03-02 15:50:00
1772466900000,1.87,1.87,1.87,1.87,0.0,2026-03-02 15:55:00
1772467200000,1.87,1.87,1.87,1.87,0.0,2026-03-02 16:00:00
1772467500000,1.87,1.87,1.87,1.87,0.0,2026-03-02 16:05:00
1772467800000,1.87,1.87,1.87,1.87,0.0,2026-03-02 16:10:00
1772468100000,1.87,1.87,1.87,1.87,0.0,2026-03-02 16:15:00
1772468400000,1.87,1.87,1.87,1.87,0.0,2026-03-02 16:20:00
1772468700000,1.87,1.87,1.87,1.87,0.0,2026-03-02 16:25:00
1772469000000,1.87,1.87,1.87,1.87,0.0,2026-03-02 16:30:00
1772469300000,1.87,1.87,1.87,1.87,0.0,2026-03-02 16:35:00
1772469600000,1.87,1.87,1.87,1.87,0.0,2026-03-02 16:40:00
1772469900000,1.87,1.87,1.87,1.87,0.0,2026-03-02 16:45:00
1772470200000,1.87,1.87,1.87,1.87,0.0,2026-03-02 16:50:00
1772470500000,1.87,1.87,1.87,1.87,0.0,2026-03-02 16:55:00
1772470800000,1.87,1.87,1.87,1.87,0.0,2026-03-02 17:00:00
1772471100000,1.87,1.87,1.87,1.87,0.0,2026-03-02 17:05:00
1772471400000,1.87,1.87,1.87,1.87,0.0,2026-03-02 17:10:00
1772471700000,1.87,1.87,1.87,1.87,0.0,2026-03-02 17:15:00
1772472000000,1.87,1.87,1.87,1.87,0.0,2026-03-02 17:20:00
1772472300000,1.87,1.87,1.87,1.87,0.0,2026-03-02 17:25:00
1772472600000,1.87,1.87,1.87,1.87,0.0,2026-03-02 17:30:00
1772472900000,1.87,1.87,1.87,1.87,0.0,2026-03-02 17:35:00
1772473200000,1.87,1.87,1.87,1.87,0.0,2026-03-02 17:40:00
1772473500000,1.87,1.87,1.87,1.87,0.0,2026-03-02 17:45:00
1772473800000,1.87,1.87,1.87,1.87,0.0,2026-03-02 17:50:00
1772474100000,1.87,1.87,1.87,1.87,0.0,2026-03-02 17:55:00
1772474400000,1.87,1.87,1.87,1.87,0.0,2026-03-02 18:00:00
1772474700000,1.87,1.87,1.87,1.87,5.49,2026-03-02 18:05:00
1772475000000,1.87,1.87,1.87,1.87,0.0,2026-03-02 18:10:00
1772475300000,1.87,1.87,1.87,1.87,0.0,2026-03-02 18:15:00
1772475600000,1.87,1.87,1.87,1.87,0.0,2026-03-02 18:20:00
1772475900000,1.843,1.843,1.843,1.843,15.82,2026-03-02 18:25:00
1772476200000,1.843,1.843,1.843,1.843,0.0,2026-03-02 18:30:00
1772476500000,1.843,1.843,1.843,1.843,0.0,2026-03-02 18:35:00
1772476800000,1.843,1.843,1.843,1.843,0.0,2026-03-02 18:40:00
1772477100000,1.843,1.843,1.843,1.843,0.0,2026-03-02 18:45:00
1772477400000,1.843,1.843,1.843,1.843,0.0,2026-03-02 18:50:00
1772477700000,1.843,1.843,1.843,1.843,0.0,2026-03-02 18:55:00
1772478000000,1.843,1.843,1.843,1.843,0.0,2026-03-02 19:00:00
1772478300000,1.843,1.843,1.843,1.843,0.0,2026-03-02 19:05:00
1772478600000,1.843,1.843,1.843,1.843,0.0,2026-03-02 19:10:00
1772478900000,1.843,1.843,1.843,1.843,0.0,2026-03-02 19:15:00
1772479200000,1.823,1.823,1.823,1.823,8.03,2026-03-02 19:20:00
1772479500000,1.823,1.823,1.823,1.823,0.0,2026-03-02 19:25:00
1772479800000,1.823,1.823,1.823,1.823,0.0,2026-03-02 19:30:00
1772480100000,1.823,1.823,1.823,1.823,0.0,2026-03-02 19:35:00
1772480400000,1.831,1.831,1.831,1.831,452.1,2026-03-02 19:40:00
1772480700000,1.831,1.831,1.831,1.831,0.0,2026-03-02 19:45:00
1772481000000,1.831,1.831,1.831,1.831,0.0,2026-03-02 19:50:00
1772481300000,1.831,1.831,1.831,1.831,0.0,2026-03-02 19:55:00
1772481600000,1.831,1.831,1.831,1.831,0.0,2026-03-02 20:00:00
1772481900000,1.831,1.831,1.831,1.831,0.0,2026-03-02 20:05:00
1772482200000,1.831,1.831,1.831,1.831,0.0,2026-03-02 20:10:00
1772482500000,1.831,1.831,1.831,1.831,0.0,2026-03-02 20:15:00
1772482800000,1.831,1.831,1.831,1.831,0.0,2026-03-02 20:20:00
1772483100000,1.831,1.831,1.831,1.831,0.0,2026-03-02 20:25:00
1772483400000,1.831,1.831,1.831,1.831,0.0,2026-03-02 20:30:00
1772483700000,1.831,1.831,1.831,1.831,0.0,2026-03-02 20:35:00
1772484000000,1.831,1.831,1.831,1.831,0.0,2026-03-02 20:40:00
1772484300000,1.831,1.831,1.831,1.831,0.0,2026-03-02 20:45:00
1772484600000,1.831,1.831,1.831,1.831,0.0,2026-03-02 20:50:00
1772484900000,1.831,1.831,1.831,1.831,0.0,2026-03-02 20:55:00
1772485200000,1.831,1.831,1.831,1.831,0.0,2026-03-02 21:00:00
1772485500000,1.831,1.831,1.831,1.831,0.0,2026-03-02 21:05:00
1772485800000,1.831,1.831,1.831,1.831,0.0,2026-03-02 21:10:00
1772486100000,1.831,1.831,1.831,1.831,0.0,2026-03-02 21:15:00
1772486400000,1.831,1.831,1.831,1.831,0.0,2026-03-02 21:20:00
1772486700000,1.831,1.831,1.831,1.831,0.0,2026-03-02 21:25:00
1772487000000,1.831,1.831,1.831,1.831,0.0,2026-03-02 21:30:00
1772487300000,1.831,1.831,1.831,1.831,0.0,2026-03-02 21:35:00
1772487600000,1.831,1.831,1.831,1.831,0.0,2026-03-02 21:40:00
1772487900000,1.831,1.831,1.831,1.831,0.0,2026-03-02 21:45:00
1772488200000,1.831,1.831,1.831,1.831,0.0,2026-03-02 21:50:00
1772488500000,1.831,1.831,1.831,1.831,0.0,2026-03-02 21:55:00
1772488800000,1.831,1.831,1.831,1.831,0.0,2026-03-02 22:00:00
1772489100000,1.831,1.831,1.831,1.831,0.0,2026-03-02 22:05:00
1772489400000,1.831,1.831,1.831,1.831,0.0,2026-03-02 22:10:00
1772489700000,1.831,1.831,1.831,1.831,0.0,2026-03-02 22:15:00
1772490000000,1.831,1.831,1.831,1.831,0.0,2026-03-02 22:20:00
1772490300000,1.831,1.831,1.831,1.831,0.0,2026-03-02 22:25:00
1772490600000,1.831,1.831,1.831,1.831,0.0,2026-03-02 22:30:00
1772490900000,1.831,1.831,1.831,1.831,0.0,2026-03-02 22:35:00
1772491200000,1.831,1.831,1.831,1.831,0.0,2026-03-02 22:40:00
1772491500000,1.831,1.831,1.831,1.831,0.0,2026-03-02 22:45:00
1772491800000,1.831,1.831,1.831,1.831,0.0,2026-03-02 22:50:00
1772492100000,1.831,1.831,1.831,1.831,0.0,2026-03-02 22:55:00
1772492400000,1.831,1.831,1.831,1.831,0.0,2026-03-02 23:00:00
1772492700000,1.831,1.831,1.831,1.831,0.0,2026-03-02 23:05:00
1772493000000,1.831,1.831,1.831,1.831,0.0,2026-03-02 23:10:00
1772493300000,1.831,1.831,1.831,1.831,0.0,2026-03-02 23:15:00
1772493600000,1.831,1.831,1.831,1.831,0.0,2026-03-02 23:20:00
1772493900000,1.831,1.831,1.831,1.831,0.0,2026-03-02 23:25:00
1772494200000,1.831,1.831,1.831,1.831,0.0,2026-03-02 23:30:00
1772494500000,1.831,1.831,1.831,1.831,0.0,2026-03-02 23:35:00
1772494800000,1.831,1.831,1.831,1.831,0.0,2026-03-02 23:40:00
1772495100000,1.831,1.831,1.831,1.831,0.0,2026-03-02 23:45:00
1772495400000,1.831,1.831,1.831,1.831,0.0,2026-03-02 23:50:00
1772495700000,1.831,1.831,1.831,1.831,0.0,2026-03-02 23:55:00
1772496000000,1.831,1.831,1.831,1.831,0.0,2026-03-03 00:00:00
1772496300000,1.831,1.831,1.831,1.831,0.0,2026-03-03 00:05:00
1772496600000,1.831,1.831,1.831,1.831,0.0,2026-03-03 00:10:00
1772496900000,1.869,1.869,1.866,1.866,5.03,2026-03-03 00:15:00
1772497200000,1.847,1.847,1.847,1.847,19.25,2026-03-03 00:20:00
1772497500000,1.847,1.847,1.846,1.847,100.51,2026-03-03 00:25:00
1772497800000,1.847,1.847,1.847,1.847,19.93,2026-03-03 00:30:00
1772498100000,1.847,1.854,1.847,1.854,8.49,2026-03-03 00:35:00
1772498400000,1.854,1.854,1.854,1.854,11.04,2026-03-03 00:40:00
1772498700000,1.854,1.854,1.854,1.854,8.41,2026-03-03 00:45:00
1772499000000,1.854,1.854,1.854,1.854,2.87,2026-03-03 00:50:00
1772499300000,1.854,1.854,1.854,1.854,5.84,2026-03-03 00:55:00
1772499600000,1.854,1.854,1.826,1.853,13.97,2026-03-03 01:00:00
1772499900000,1.854,1.854,1.854,1.854,8.98,2026-03-03 01:05:00
1772500200000,1.854,1.854,1.854,1.854,0.0,2026-03-03 01:10:00
1772500500000,1.854,1.854,1.854,1.854,0.0,2026-03-03 01:15:00
1772500800000,1.854,1.854,1.854,1.854,0.0,2026-03-03 01:20:00
1772501100000,1.854,1.854,1.854,1.854,0.0,2026-03-03 01:25:00
1772501400000,1.854,1.854,1.854,1.854,0.0,2026-03-03 01:30:00
1772501700000,1.854,1.854,1.854,1.854,0.0,2026-03-03 01:35:00
1772502000000,1.854,1.854,1.854,1.854,0.0,2026-03-03 01:40:00
1772502300000,1.855,1.855,1.855,1.855,2.5,2026-03-03 01:45:00
1772502600000,1.855,1.855,1.855,1.855,0.0,2026-03-03 01:50:00
1772502900000,1.855,1.855,1.855,1.855,0.0,2026-03-03 01:55:00
1772503200000,1.854,1.854,1.854,1.854,4.35,2026-03-03 02:00:00
1772503500000,1.854,1.854,1.854,1.854,0.0,2026-03-03 02:05:00
1772503800000,1.854,1.854,1.854,1.854,0.0,2026-03-03 02:10:00
1772504100000,1.854,1.854,1.854,1.854,0.0,2026-03-03 02:15:00
1772504400000,1.854,1.854,1.854,1.854,0.0,2026-03-03 02:20:00
1772504700000,1.854,1.854,1.854,1.854,0.0,2026-03-03 02:25:00
1772505000000,1.854,1.854,1.854,1.854,0.0,2026-03-03 02:30:00
1772505300000,1.854,1.854,1.854,1.854,0.0,2026-03-03 02:35:00
1772505600000,1.854,1.854,1.854,1.854,0.0,2026-03-03 02:40:00
1772505900000,1.854,1.854,1.854,1.854,0.0,2026-03-03 02:45:00
1772506200000,1.854,1.854,1.854,1.854,0.0,2026-03-03 02:50:00
1772506500000,1.854,1.854,1.854,1.854,0.0,2026-03-03 02:55:00
1772506800000,1.854,1.854,1.854,1.854,0.0,2026-03-03 03:00:00
1772507100000,1.854,1.854,1.854,1.854,0.0,2026-03-03 03:05:00
1772507400000,1.854,1.854,1.854,1.854,0.0,2026-03-03 03:10:00
1772507700000,1.854,1.854,1.854,1.854,0.0,2026-03-03 03:15:00
1772508000000,1.854,1.854,1.854,1.854,0.0,2026-03-03 03:20:00
1772508300000,1.854,1.854,1.854,1.854,0.0,2026-03-03 03:25:00
1772508600000,1.854,1.854,1.854,1.854,0.0,2026-03-03 03:30:00
1772508900000,1.854,1.854,1.854,1.854,0.0,2026-03-03 03:35:00
1772509200000,1.854,1.854,1.854,1.854,0.0,2026-03-03 03:40:00
1772509500000,1.854,1.854,1.854,1.854,0.0,2026-03-03 03:45:00
1772509800000,1.854,1.854,1.854,1.854,0.0,2026-03-03 03:50:00
1772510100000,1.854,1.854,1.854,1.854,0.0,2026-03-03 03:55:00
1772510400000,1.854,1.854,1.854,1.854,0.0,2026-03-03 04:00:00
1772510700000,1.854,1.854,1.854,1.854,0.0,2026-03-03 04:05:00
1772511000000,1.854,1.854,1.854,1.854,0.0,2026-03-03 04:10:00
1772511300000,1.854,1.854,1.854,1.854,0.0,2026-03-03 04:15:00
1772511600000,1.854,1.854,1.854,1.854,0.0,2026-03-03 04:20:00
1772511900000,1.854,1.854,1.854,1.854,0.0,2026-03-03 04:25:00
1772512200000,1.854,1.854,1.854,1.854,0.0,2026-03-03 04:30:00
1772512500000,1.854,1.854,1.854,1.854,0.0,2026-03-03 04:35:00
1772512800000,1.854,1.854,1.854,1.854,1.6,2026-03-03 04:40:00
1772513100000,1.854,1.854,1.854,1.854,0.0,2026-03-03 04:45:00
1772513400000,1.854,1.854,1.854,1.854,0.0,2026-03-03 04:50:00
1772513700000,1.854,1.854,1.854,1.854,0.0,2026-03-03 04:55:00
1772514000000,1.854,1.854,1.854,1.854,0.0,2026-03-03 05:00:00
1772514300000,1.854,1.854,1.854,1.854,0.0,2026-03-03 05:05:00
1772514600000,1.854,1.854,1.854,1.854,0.0,2026-03-03 05:10:00
1772514900000,1.854,1.854,1.854,1.854,0.0,2026-03-03 05:15:00
1772515200000,1.854,1.854,1.854,1.854,0.0,2026-03-03 05:20:00
1772515500000,1.854,1.854,1.854,1.854,0.0,2026-03-03 05:25:00
1772515800000,1.854,1.854,1.854,1.854,0.0,2026-03-03 05:30:00
1772516100000,1.854,1.854,1.854,1.854,0.0,2026-03-03 05:35:00
1772516400000,1.854,1.854,1.854,1.854,0.0,2026-03-03 05:40:00
1772516700000,1.854,1.854,1.854,1.854,0.0,2026-03-03 05:45:00
1772517000000,1.854,1.854,1.854,1.854,0.0,2026-03-03 05:50:00
1772517300000,1.854,1.854,1.854,1.854,0.0,2026-03-03 05:55:00
1772517600000,1.854,1.854,1.854,1.854,0.0,2026-03-03 06:00:00
1772517900000,1.854,1.854,1.854,1.854,0.0,2026-03-03 06:05:00
1772518200000,1.854,1.854,1.854,1.854,0.0,2026-03-03 06:10:00
1772518500000,1.854,1.854,1.854,1.854,0.0,2026-03-03 06:15:00
1772518800000,1.854,1.854,1.854,1.854,0.0,2026-03-03 06:20:00
1772519100000,1.854,1.854,1.854,1.854,0.0,2026-03-03 06:25:00
1772519400000,1.854,1.854,1.854,1.854,0.0,2026-03-03 06:30:00
1772519700000,1.854,1.854,1.854,1.854,0.0,2026-03-03 06:35:00
1772520000000,1.854,1.854,1.854,1.854,0.0,2026-03-03 06:40:00
1772520300000,1.825,1.825,1.825,1.825,2.52,2026-03-03 06:45:00
1772520600000,1.825,1.825,1.825,1.825,0.0,2026-03-03 06:50:00
1772520900000,1.825,1.825,1.825,1.825,0.0,2026-03-03 06:55:00
1772521200000,1.851,1.851,1.851,1.851,9.25,2026-03-03 07:00:00
1772521500000,1.851,1.851,1.851,1.851,0.0,2026-03-03 07:05:00
1772521800000,1.851,1.851,1.851,1.851,0.0,2026-03-03 07:10:00
1772522100000,1.851,1.851,1.851,1.851,0.0,2026-03-03 07:15:00
1772522400000,1.851,1.851,1.851,1.851,0.0,2026-03-03 07:20:00
1772522700000,1.851,1.851,1.851,1.851,0.0,2026-03-03 07:25:00
1772523000000,1.851,1.851,1.851,1.851,0.0,2026-03-03 07:30:00
1772523300000,1.851,1.851,1.851,1.851,0.0,2026-03-03 07:35:00
1772523600000,1.851,1.851,1.851,1.851,0.0,2026-03-03 07:40:00
1772523900000,1.851,1.851,1.851,1.851,0.0,2026-03-03 07:45:00
1772524200000,1.851,1.851,1.851,1.851,0.0,2026-03-03 07:50:00
1772524500000,1.851,1.851,1.851,1.851,0.0,2026-03-03 07:55:00
1772524800000,1.851,1.851,1.851,1.851,0.0,2026-03-03 08:00:00
1772525100000,1.851,1.851,1.851,1.851,0.0,2026-03-03 08:05:00
1772525400000,1.851,1.851,1.851,1.851,0.0,2026-03-03 08:10:00
1772525700000,1.849,1.849,1.849,1.849,5.0,2026-03-03 08:15:00
1772526000000,1.82,1.82,1.818,1.818,539.64,2026-03-03 08:20:00
1772526300000,1.818,1.818,1.818,1.818,0.0,2026-03-03 08:25:00
1772526600000,1.818,1.818,1.818,1.818,0.0,2026-03-03 08:30:00
1772526900000,1.818,1.818,1.818,1.818,0.0,2026-03-03 08:35:00
1772527200000,1.818,1.818,1.818,1.818,0.0,2026-03-03 08:40:00
1772527500000,1.818,1.818,1.818,1.818,0.0,2026-03-03 08:45:00
1772527800000,1.818,1.818,1.818,1.818,0.0,2026-03-03 08:50:00
1772528100000,1.818,1.818,1.818,1.818,0.0,2026-03-03 08:55:00
1772528400000,1.825,1.825,1.825,1.825,1.64,2026-03-03 09:00:00
1772528700000,1.825,1.825,1.825,1.825,0.0,2026-03-03 09:05:00
1772529000000,1.825,1.825,1.825,1.825,0.0,2026-03-03 09:10:00
1772529300000,1.825,1.825,1.825,1.825,0.0,2026-03-03 09:15:00
1772529600000,1.825,1.825,1.825,1.825,0.0,2026-03-03 09:20:00
1772529900000,1.825,1.825,1.825,1.825,0.0,2026-03-03 09:25:00
1772530200000,1.825,1.825,1.825,1.825,0.0,2026-03-03 09:30:00
1772530500000,1.825,1.825,1.825,1.825,0.0,2026-03-03 09:35:00
1772530800000,1.825,1.825,1.825,1.825,0.0,2026-03-03 09:40:00
1772531100000,1.825,1.825,1.825,1.825,0.0,2026-03-03 09:45:00
1772531400000,1.825,1.825,1.825,1.825,0.0,2026-03-03 09:50:00
1772531700000,1.825,1.825,1.825,1.825,0.0,2026-03-03 09:55:00
1772532000000,1.825,1.825,1.825,1.825,0.0,2026-03-03 10:00:00
1772532300000,1.825,1.825,1.825,1.825,0.0,2026-03-03 10:05:00
1772532600000,1.825,1.825,1.825,1.825,0.0,2026-03-03 10:10:00
1772532900000,1.825,1.825,1.825,1.825,0.0,2026-03-03 10:15:00
1772533200000,1.825,1.825,1.825,1.825,0.0,2026-03-03 10:20:00
1772533500000,1.825,1.825,1.825,1.825,0.0,2026-03-03 10:25:00
1772533800000,1.825,1.825,1.825,1.825,0.0,2026-03-03 10:30:00
1772534100000,1.825,1.825,1.825,1.825,0.0,2026-03-03 10:35:00
1772534400000,1.825,1.825,1.825,1.825,0.0,2026-03-03 10:40:00
1772534700000,1.825,1.825,1.825,1.825,0.0,2026-03-03 10:45:00
1772535000000,1.825,1.825,1.825,1.825,0.0,2026-03-03 10:50:00
1772535300000,1.825,1.825,1.825,1.825,0.0,2026-03-03 10:55:00
1772535600000,1.825,1.825,1.825,1.825,0.0,2026-03-03 11:00:00
1772535900000,1.825,1.825,1.825,1.825,0.0,2026-03-03 11:05:00
1772536200000,1.825,1.825,1.825,1.825,0.0,2026-03-03 11:10:00
1772536500000,1.825,1.825,1.825,1.825,0.0,2026-03-03 11:15:00
1772536800000,1.825,1.825,1.825,1.825,0.0,2026-03-03 11:20:00
1772537100000,1.825,1.825,1.825,1.825,0.0,2026-03-03 11:25:00
1772537400000,1.825,1.825,1.825,1.825,0.0,2026-03-03 11:30:00
1772537700000,1.825,1.825,1.825,1.825,0.0,2026-03-03 11:35:00
1772538000000,1.825,1.825,1.825,1.825,0.0,2026-03-03 11:40:00
1772538300000,1.825,1.825,1.825,1.825,0.0,2026-03-03 11:45:00
1772538600000,1.825,1.825,1.825,1.825,0.0,2026-03-03 11:50:00
1772538900000,1.825,1.825,1.825,1.825,0.0,2026-03-03 11:55:00
1772539200000,1.825,1.825,1.825,1.825,0.0,2026-03-03 12:00:00
1772539500000,1.825,1.825,1.825,1.825,0.0,2026-03-03 12:05:00
1772539800000,1.825,1.825,1.825,1.825,0.0,2026-03-03 12:10:00
1772540100000,1.825,1.825,1.825,1.825,0.0,2026-03-03 12:15:00
1772540400000,1.825,1.825,1.825,1.825,0.0,2026-03-03 12:20:00
1772540700000,1.825,1.825,1.825,1.825,0.0,2026-03-03 12:25:00
1772541000000,1.825,1.825,1.825,1.825,0.0,2026-03-03 12:30:00
1772541300000,1.825,1.825,1.825,1.825,0.0,2026-03-03 12:35:00
1772541600000,1.825,1.825,1.825,1.825,0.0,2026-03-03 12:40:00
1772541900000,1.825,1.825,1.825,1.825,0.0,2026-03-03 12:45:00
1772542200000,1.825,1.825,1.825,1.825,0.0,2026-03-03 12:50:00
1772542500000,1.825,1.825,1.825,1.825,0.0,2026-03-03 12:55:00
1772542800000,1.825,1.825,1.825,1.825,0.0,2026-03-03 13:00:00
1772543100000,1.825,1.825,1.825,1.825,0.0,2026-03-03 13:05:00
1772543400000,1.825,1.825,1.825,1.825,0.0,2026-03-03 13:10:00
1772543700000,1.825,1.825,1.825,1.825,0.0,2026-03-03 13:15:00
1772544000000,1.825,1.825,1.825,1.825,0.0,2026-03-03 13:20:00
1772544300000,1.825,1.825,1.825,1.825,0.0,2026-03-03 13:25:00
1772544600000,1.825,1.825,1.825,1.825,0.0,2026-03-03 13:30:00
1772544900000,1.825,1.825,1.825,1.825,0.0,2026-03-03 13:35:00
1772545200000,1.825,1.825,1.825,1.825,0.0,2026-03-03 13:40:00
1772545500000,1.825,1.825,1.825,1.825,0.0,2026-03-03 13:45:00
1772545800000,1.825,1.825,1.825,1.825,0.0,2026-03-03 13:50:00
1772546100000,1.825,1.825,1.825,1.825,0.0,2026-03-03 13:55:00
1772546400000,1.825,1.825,1.825,1.825,0.0,2026-03-03 14:00:00
1772546700000,1.825,1.825,1.825,1.825,0.0,2026-03-03 14:05:00
1772547000000,1.825,1.825,1.825,1.825,0.0,2026-03-03 14:10:00
1772547300000,1.825,1.825,1.825,1.825,0.0,2026-03-03 14:15:00
1772547600000,1.825,1.825,1.825,1.825,0.0,2026-03-03 14:20:00
1772547900000,1.825,1.825,1.825,1.825,0.0,2026-03-03 14:25:00
1772548200000,1.825,1.825,1.825,1.825,0.0,2026-03-03 14:30:00
1772548500000,1.825,1.825,1.825,1.825,0.0,2026-03-03 14:35:00
1772548800000,1.774,1.774,1.774,1.774,3.6,2026-03-03 14:40:00
1772549100000,1.771,1.771,1.771,1.771,4.34,2026-03-03 14:45:00
1772549400000,1.781,1.782,1.781,1.782,11.65,2026-03-03 14:50:00
1772549700000,1.782,1.782,1.782,1.782,0.0,2026-03-03 14:55:00
1772550000000,1.782,1.782,1.782,1.782,0.0,2026-03-03 15:00:00
1772550300000,1.782,1.782,1.782,1.782,0.0,2026-03-03 15:05:00
1772550600000,1.782,1.782,1.782,1.782,0.0,2026-03-03 15:10:00
1772550900000,1.782,1.782,1.782,1.782,0.0,2026-03-03 15:15:00
1772551200000,1.782,1.782,1.782,1.782,0.0,2026-03-03 15:20:00
1772551500000,1.782,1.782,1.782,1.782,0.0,2026-03-03 15:25:00
1772551800000,1.794,1.794,1.794,1.794,5.56,2026-03-03 15:30:00
1772552100000,1.768,1.768,1.768,1.768,1.54,2026-03-03 15:35:00
1772552400000,1.768,1.768,1.768,1.768,0.0,2026-03-03 15:40:00
1772552700000,1.768,1.768,1.768,1.768,0.0,2026-03-03 15:45:00
1772553000000,1.768,1.768,1.768,1.768,0.0,2026-03-03 15:50:00
1772553300000,1.812,1.812,1.769,1.769,2.16,2026-03-03 15:55:00
1772553600000,1.819,1.821,1.819,1.821,57.46,2026-03-03 16:00:00
1772553900000,1.821,1.821,1.821,1.821,0.0,2026-03-03 16:05:00
1772554200000,1.821,1.821,1.821,1.821,0.0,2026-03-03 16:10:00
1772554500000,1.821,1.821,1.821,1.821,0.0,2026-03-03 16:15:00
1772554800000,1.823,1.823,1.823,1.823,9.32,2026-03-03 16:20:00
1772555100000,1.823,1.823,1.823,1.823,0.0,2026-03-03 16:25:00
1772555400000,1.823,1.823,1.823,1.823,0.0,2026-03-03 16:30:00
1772555700000,1.823,1.823,1.823,1.823,0.0,2026-03-03 16:35:00
1772556000000,1.795,1.795,1.795,1.795,9.4,2026-03-03 16:40:00
1772556300000,1.795,1.795,1.795,1.795,0.0,2026-03-03 16:45:00
1772556600000,1.795,1.795,1.795,1.795,0.0,2026-03-03 16:50:00
1772556900000,1.795,1.795,1.795,1.795,0.0,2026-03-03 16:55:00
1772557200000,1.795,1.795,1.795,1.795,0.0,2026-03-03 17:00:00
1772557500000,1.795,1.795,1.795,1.795,0.0,2026-03-03 17:05:00
1772557800000,1.795,1.795,1.795,1.795,0.0,2026-03-03 17:10:00
1772558100000,1.795,1.795,1.795,1.795,0.0,2026-03-03 17:15:00
1772558400000,1.777,1.777,1.777,1.777,0.97,2026-03-03 17:20:00
1772558700000,1.777,1.777,1.777,1.777,0.0,2026-03-03 17:25:00
1772559000000,1.777,1.777,1.777,1.777,0.0,2026-03-03 17:30:00
1772559300000,1.777,1.777,1.777,1.777,0.0,2026-03-03 17:35:00
1772559600000,1.777,1.777,1.777,1.777,0.0,2026-03-03 17:40:00
1772559900000,1.777,1.777,1.777,1.777,0.0,2026-03-03 17:45:00
1772560200000,1.777,1.777,1.777,1.777,0.0,2026-03-03 17:50:00
1772560500000,1.777,1.777,1.777,1.777,0.0,2026-03-03 17:55:00
1772560800000,1.777,1.777,1.777,1.777,0.0,2026-03-03 18:00:00
1772561100000,1.777,1.777,1.777,1.777,0.0,2026-03-03 18:05:00
1772561400000,1.777,1.777,1.777,1.777,0.0,2026-03-03 18:10:00
1772561700000,1.777,1.777,1.777,1.777,0.0,2026-03-03 18:15:00
1772562000000,1.777,1.777,1.777,1.777,0.0,2026-03-03 18:20:00
1772562300000,1.777,1.777,1.777,1.777,0.0,2026-03-03 18:25:00
1772562600000,1.837,1.837,1.837,1.837,1.22,2026-03-03 18:30:00
1772562900000,1.837,1.837,1.837,1.837,1.1,2026-03-03 18:35:00
1772563200000,1.837,1.837,1.837,1.837,0.0,2026-03-03 18:40:00
1772563500000,1.837,1.837,1.837,1.837,0.0,2026-03-03 18:45:00
1772563800000,1.837,1.837,1.837,1.837,0.0,2026-03-03 18:50:00
1772564100000,1.837,1.837,1.837,1.837,0.0,2026-03-03 18:55:00
1772564400000,1.837,1.837,1.837,1.837,0.0,2026-03-03 19:00:00
1772564700000,1.837,1.837,1.837,1.837,0.0,2026-03-03 19:05:00
1772565000000,1.837,1.837,1.837,1.837,0.0,2026-03-03 19:10:00
1772565300000,1.837,1.837,1.837,1.837,0.0,2026-03-03 19:15:00
1772565600000,1.837,1.837,1.837,1.837,0.0,2026-03-03 19:20:00
1772565900000,1.837,1.837,1.837,1.837,0.0,2026-03-03 19:25:00
1772566200000,1.837,1.837,1.837,1.837,0.0,2026-03-03 19:30:00
1772566500000,1.837,1.837,1.837,1.837,0.0,2026-03-03 19:35:00
1772566800000,1.837,1.837,1.837,1.837,0.0,2026-03-03 19:40:00
1772567100000,1.837,1.837,1.837,1.837,0.0,2026-03-03 19:45:00
1772567400000,1.837,1.837,1.837,1.837,0.0,2026-03-03 19:50:00
1772567700000,1.837,1.837,1.837,1.837,0.0,2026-03-03 19:55:00
1772568000000,1.837,1.837,1.837,1.837,0.0,2026-03-03 20:00:00
1772568300000,1.837,1.837,1.837,1.837,0.0,2026-03-03 20:05:00
1772568600000,1.837,1.837,1.837,1.837,0.0,2026-03-03 20:10:00
1772568900000,1.837,1.837,1.837,1.837,0.0,2026-03-03 20:15:00
1772569200000,1.837,1.837,1.837,1.837,0.0,2026-03-03 20:20:00
1772569500000,1.837,1.837,1.837,1.837,0.0,2026-03-03 20:25:00
1772569800000,1.837,1.837,1.837,1.837,0.0,2026-03-03 20:30:00
1772570100000,1.837,1.837,1.837,1.837,0.0,2026-03-03 20:35:00
1772570400000,1.837,1.837,1.837,1.837,0.0,2026-03-03 20:40:00
1772570700000,1.837,1.837,1.837,1.837,0.0,2026-03-03 20:45:00
1772571000000,1.837,1.837,1.837,1.837,0.0,2026-03-03 20:50:00
1772571300000,1.808,1.808,1.808,1.808,7.84,2026-03-03 20:55:00
1772571600000,1.771,1.771,1.771,1.771,6.07,2026-03-03 21:00:00
1772571900000,1.771,1.771,1.771,1.771,0.0,2026-03-03 21:05:00
1772572200000,1.771,1.771,1.771,1.771,0.0,2026-03-03 21:10:00
1772572500000,1.771,1.771,1.771,1.771,0.0,2026-03-03 21:15:00
1772572800000,1.771,1.771,1.771,1.771,0.0,2026-03-03 21:20:00
1772573100000,1.771,1.771,1.771,1.771,0.0,2026-03-03 21:25:00
1772573400000,1.771,1.771,1.771,1.771,0.0,2026-03-03 21:30:00
1772573700000,1.771,1.771,1.771,1.771,0.0,2026-03-03 21:35:00
1772574000000,1.771,1.771,1.771,1.771,0.0,2026-03-03 21:40:00
1772574300000,1.775,1.775,1.775,1.775,2.59,2026-03-03 21:45:00
1772574600000,1.775,1.775,1.775,1.775,0.0,2026-03-03 21:50:00
1772574900000,1.775,1.775,1.775,1.775,0.0,2026-03-03 21:55:00
1772575200000,1.775,1.775,1.775,1.775,0.0,2026-03-03 22:00:00
1772575500000,1.775,1.775,1.775,1.775,0.0,2026-03-03 22:05:00
1772575800000,1.775,1.775,1.775,1.775,0.0,2026-03-03 22:10:00
1772576100000,1.775,1.775,1.775,1.775,0.0,2026-03-03 22:15:00
1772576400000,1.775,1.775,1.775,1.775,0.0,2026-03-03 22:20:00
1772576700000,1.775,1.775,1.775,1.775,0.0,2026-03-03 22:25:00
1772577000000,1.775,1.775,1.775,1.775,0.0,2026-03-03 22:30:00
1772577300000,1.775,1.775,1.775,1.775,0.0,2026-03-03 22:35:00
1772577600000,1.775,1.775,1.775,1.775,0.0,2026-03-03 22:40:00
1772577900000,1.775,1.775,1.775,1.775,0.0,2026-03-03 22:45:00
1772578200000,1.775,1.775,1.775,1.775,0.0,2026-03-03 22:50:00
1772578500000,1.775,1.775,1.775,1.775,0.0,2026-03-03 22:55:00
1772578800000,1.775,1.775,1.775,1.775,0.0,2026-03-03 23:00:00
1772579100000,1.775,1.775,1.775,1.775,0.0,2026-03-03 23:05:00
1772579400000,1.775,1.775,1.775,1.775,0.0,2026-03-03 23:10:00
1772579700000,1.775,1.775,1.775,1.775,0.0,2026-03-03 23:15:00
1772580000000,1.775,1.775,1.775,1.775,0.0,2026-03-03 23:20:00
1772580300000,1.775,1.775,1.775,1.775,0.0,2026-03-03 23:25:00
1772580600000,1.775,1.775,1.775,1.775,0.0,2026-03-03 23:30:00
1772580900000,1.775,1.775,1.775,1.775,0.0,2026-03-03 23:35:00
1772581200000,1.775,1.775,1.775,1.775,0.0,2026-03-03 23:40:00
1772581500000,1.775,1.775,1.775,1.775,0.0,2026-03-03 23:45:00
1772581800000,1.835,1.835,1.835,1.835,2.71,2026-03-03 23:50:00
1772582100000,1.835,1.835,1.835,1.835,0.0,2026-03-03 23:55:00
1772582400000,1.835,1.835,1.835,1.835,0.0,2026-03-04 00:00:00
1772582700000,1.835,1.835,1.835,1.835,0.0,2026-03-04 00:05:00
1772583000000,1.835,1.835,1.835,1.835,0.0,2026-03-04 00:10:00
1772583300000,1.835,1.835,1.835,1.835,4.24,2026-03-04 00:15:00
1772583600000,1.836,1.836,1.834,1.835,34.3,2026-03-04 00:20:00
1772583900000,1.836,1.837,1.836,1.837,5.61,2026-03-04 00:25:00
1772584200000,1.837,1.837,1.835,1.837,31.28,2026-03-04 00:30:00
1772584500000,1.835,1.836,1.83,1.83,24.18,2026-03-04 00:35:00
1772584800000,1.83,1.837,1.801,1.837,33.68,2026-03-04 00:40:00
1772585100000,1.836,1.836,1.833,1.833,2.33,2026-03-04 00:45:00
1772585400000,1.837,1.837,1.836,1.836,5.37,2026-03-04 00:50:00
1772585700000,1.837,1.837,1.837,1.837,4.18,2026-03-04 00:55:00
1772586000000,1.837,1.837,1.837,1.837,7.04,2026-03-04 01:00:00
1772586300000,1.837,1.837,1.836,1.836,14.0,2026-03-04 01:05:00
1772586600000,1.837,1.837,1.837,1.837,2.14,2026-03-04 01:10:00
1772586900000,1.837,1.837,1.837,1.837,0.0,2026-03-04 01:15:00
1772587200000,1.837,1.837,1.837,1.837,0.0,2026-03-04 01:20:00
1772587500000,1.837,1.837,1.837,1.837,0.0,2026-03-04 01:25:00
1772587800000,1.801,1.801,1.801,1.801,2.62,2026-03-04 01:30:00
1772588100000,1.801,1.801,1.801,1.801,0.0,2026-03-04 01:35:00
1772588400000,1.801,1.801,1.801,1.801,0.0,2026-03-04 01:40:00
1772588700000,1.801,1.801,1.801,1.801,0.0,2026-03-04 01:45:00
1772589000000,1.801,1.801,1.801,1.801,0.0,2026-03-04 01:50:00
1772589300000,1.801,1.801,1.801,1.801,0.0,2026-03-04 01:55:00
1772589600000,1.801,1.801,1.801,1.801,0.0,2026-03-04 02:00:00
1772589900000,1.801,1.801,1.801,1.801,0.0,2026-03-04 02:05:00
1772590200000,1.801,1.801,1.801,1.801,0.0,2026-03-04 02:10:00
1772590500000,1.801,1.801,1.801,1.801,0.0,2026-03-04 02:15:00
1772590800000,1.801,1.801,1.801,1.801,0.0,2026-03-04 02:20:00
1772591100000,1.801,1.801,1.801,1.801,0.0,2026-03-04 02:25:00
1772591400000,1.801,1.801,1.801,1.801,0.0,2026-03-04 02:30:00
1772591700000,1.801,1.801,1.801,1.801,0.0,2026-03-04 02:35:00
1772592000000,1.801,1.801,1.801,1.801,0.0,2026-03-04 02:40:00
1772592300000,1.801,1.801,1.801,1.801,0.0,2026-03-04 02:45:00
1772592600000,1.801,1.801,1.801,1.801,0.0,2026-03-04 02:50:00
1772592900000,1.801,1.801,1.801,1.801,0.0,2026-03-04 02:55:00
1772593200000,1.801,1.801,1.801,1.801,0.0,2026-03-04 03:00:00
1772593500000,1.801,1.801,1.801,1.801,0.0,2026-03-04 03:05:00
1772593800000,1.801,1.801,1.801,1.801,0.0,2026-03-04 03:10:00
1772594100000,1.801,1.801,1.801,1.801,0.0,2026-03-04 03:15:00
1772594400000,1.801,1.801,1.801,1.801,0.0,2026-03-04 03:20:00
1772594700000,1.801,1.801,1.801,1.801,56.58,2026-03-04 03:25:00
1772595000000,1.801,1.801,1.801,1.801,0.0,2026-03-04 03:30:00
1772595300000,1.801,1.801,1.801,1.801,0.0,2026-03-04 03:35:00
1772595600000,1.801,1.801,1.801,1.801,0.0,2026-03-04 03:40:00
1772595900000,1.801,1.801,1.801,1.801,0.0,2026-03-04 03:45:00
1772596200000,1.801,1.801,1.801,1.801,0.0,2026-03-04 03:50:00
1772596500000,1.801,1.801,1.801,1.801,0.0,2026-03-04 03:55:00
1772596800000,1.801,1.801,1.801,1.801,0.0,2026-03-04 04:00:00
1772597100000,1.801,1.801,1.801,1.801,0.0,2026-03-04 04:05:00
1772597400000,1.801,1.801,1.801,1.801,0.0,2026-03-04 04:10:00
1772597700000,1.801,1.801,1.801,1.801,0.0,2026-03-04 04:15:00
1772598000000,1.801,1.801,1.801,1.801,0.0,2026-03-04 04:20:00
1772598300000,1.801,1.801,1.801,1.801,0.0,2026-03-04 04:25:00
1772598600000,1.801,1.801,1.801,1.801,0.0,2026-03-04 04:30:00
1772598900000,1.801,1.801,1.801,1.801,0.0,2026-03-04 04:35:00
1772599200000,1.801,1.801,1.801,1.801,0.0,2026-03-04 04:40:00
1772599500000,1.801,1.801,1.801,1.801,0.0,2026-03-04 04:45:00
1772599800000,1.801,1.801,1.801,1.801,0.0,2026-03-04 04:50:00
1772600100000,1.801,1.801,1.801,1.801,0.0,2026-03-04 04:55:00
1772600400000,1.801,1.801,1.801,1.801,0.0,2026-03-04 05:00:00
1772600700000,1.801,1.801,1.801,1.801,0.0,2026-03-04 05:05:00
1772601000000,1.801,1.801,1.801,1.801,0.0,2026-03-04 05:10:00
1772601300000,1.801,1.801,1.801,1.801,0.0,2026-03-04 05:15:00
1772601600000,1.801,1.801,1.801,1.801,0.0,2026-03-04 05:20:00
1772601900000,1.801,1.801,1.801,1.801,0.0,2026-03-04 05:25:00
1772602200000,1.801,1.801,1.801,1.801,0.0,2026-03-04 05:30:00
1772602500000,1.801,1.801,1.801,1.801,0.0,2026-03-04 05:35:00
1772602800000,1.801,1.801,1.801,1.801,0.0,2026-03-04 05:40:00
1772603100000,1.801,1.801,1.801,1.801,0.0,2026-03-04 05:45:00
1772603400000,1.801,1.801,1.801,1.801,0.0,2026-03-04 05:50:00
1772603700000,1.801,1.801,1.801,1.801,0.0,2026-03-04 05:55:00
1772604000000,1.801,1.801,1.801,1.801,0.0,2026-03-04 06:00:00
1772604300000,1.801,1.801,1.801,1.801,0.0,2026-03-04 06:05:00
1772604600000,1.801,1.801,1.801,1.801,0.0,2026-03-04 06:10:00
1772604900000,1.801,1.801,1.801,1.801,0.0,2026-03-04 06:15:00
1772605200000,1.801,1.801,1.801,1.801,0.0,2026-03-04 06:20:00
1772605500000,1.801,1.801,1.801,1.801,0.0,2026-03-04 06:25:00
1772605800000,1.801,1.801,1.801,1.801,0.0,2026-03-04 06:30:00
1772606100000,1.838,1.839,1.838,1.839,11.49,2026-03-04 06:35:00
1772606400000,1.839,1.839,1.839,1.839,0.0,2026-03-04 06:40:00
1772606700000,1.839,1.839,1.839,1.839,0.0,2026-03-04 06:45:00
1772607000000,1.839,1.839,1.839,1.839,0.0,2026-03-04 06:50:00
1772607300000,1.839,1.839,1.839,1.839,0.0,2026-03-04 06:55:00
1772607600000,1.839,1.839,1.839,1.839,0.0,2026-03-04 07:00:00
1772607900000,1.839,1.839,1.839,1.839,0.0,2026-03-04 07:05:00
1772608200000,1.839,1.839,1.839,1.839,0.0,2026-03-04 07:10:00
1772608500000,1.839,1.839,1.839,1.839,0.0,2026-03-04 07:15:00
1772608800000,1.839,1.839,1.839,1.839,0.0,2026-03-04 07:20:00
1772609100000,1.839,1.839,1.839,1.839,86.0,2026-03-04 07:25:00
1772609400000,1.839,1.839,1.839,1.839,0.0,2026-03-04 07:30:00
1772609700000,1.839,1.839,1.839,1.839,0.0,2026-03-04 07:35:00
1772610000000,1.839,1.839,1.839,1.839,0.0,2026-03-04 07:40:00
1772610300000,1.839,1.839,1.839,1.839,0.0,2026-03-04 07:45:00
1772610600000,1.839,1.839,1.839,1.839,0.0,2026-03-04 07:50:00
1772610900000,1.839,1.839,1.839,1.839,0.0,2026-03-04 07:55:00
1772611200000,1.839,1.839,1.839,1.839,0.0,2026-03-04 08:00:00
1772611500000,1.839,1.839,1.839,1.839,0.0,2026-03-04 08:05:00
1772611800000,1.869,1.869,1.869,1.869,12.65,2026-03-04 08:10:00
1772612100000,1.869,1.869,1.869,1.869,0.0,2026-03-04 08:15:00
1772612400000,1.869,1.869,1.869,1.869,0.0,2026-03-04 08:20:00
1772612700000,1.869,1.869,1.869,1.869,0.0,2026-03-04 08:25:00
1772613000000,1.869,1.869,1.869,1.869,0.0,2026-03-04 08:30:00
1772613300000,1.869,1.869,1.869,1.869,0.0,2026-03-04 08:35:00
1772613600000,1.869,1.869,1.869,1.869,0.0,2026-03-04 08:40:00
1772613900000,1.87,1.87,1.87,1.87,86.63,2026-03-04 08:45:00
1772614200000,1.87,1.87,1.87,1.87,0.0,2026-03-04 08:50:00
1772614500000,1.87,1.87,1.87,1.87,0.0,2026-03-04 08:55:00
1772614800000,1.87,1.87,1.87,1.87,0.0,2026-03-04 09:00:00
1772615100000,1.87,1.87,1.87,1.87,0.0,2026-03-04 09:05:00
1772615400000,1.87,1.87,1.87,1.87,0.0,2026-03-04 09:10:00
1772615700000,1.902,1.902,1.902,1.902,85.17,2026-03-04 09:15:00
1772616000000,1.88,1.914,1.88,1.914,16.16,2026-03-04 09:20:00
1772616300000,1.914,1.914,1.914,1.914,0.0,2026-03-04 09:25:00
1772616600000,1.914,1.914,1.914,1.914,0.0,2026-03-04 09:30:00
1772616900000,1.914,1.914,1.914,1.914,0.0,2026-03-04 09:35:00
1772617200000,1.914,1.914,1.914,1.914,0.0,2026-03-04 09:40:00
1772617500000,1.914,1.914,1.914,1.914,0.0,2026-03-04 09:45:00
1772617800000,1.914,1.914,1.914,1.914,0.0,2026-03-04 09:50:00
1772618100000,1.914,1.914,1.914,1.914,0.0,2026-03-04 09:55:00
1772618400000,1.914,1.914,1.914,1.914,0.0,2026-03-04 10:00:00
1772618700000,1.914,1.914,1.914,1.914,0.0,2026-03-04 10:05:00
1772619000000,1.914,1.914,1.914,1.914,0.0,2026-03-04 10:10:00
1772619300000,1.914,1.914,1.914,1.914,0.0,2026-03-04 10:15:00
1772619600000,1.885,1.885,1.885,1.885,4.48,2026-03-04 10:20:00
1772619900000,1.885,1.885,1.885,1.885,0.0,2026-03-04 10:25:00
1772620200000,1.885,1.885,1.885,1.885,0.0,2026-03-04 10:30:00
1772620500000,1.885,1.885,1.885,1.885,0.0,2026-03-04 10:35:00
1772620800000,1.885,1.885,1.885,1.885,0.0,2026-03-04 10:40:00
1772621100000,1.885,1.885,1.885,1.885,0.0,2026-03-04 10:45:00
1772621400000,1.885,1.885,1.885,1.885,0.0,2026-03-04 10:50:00
1772621700000,1.885,1.885,1.885,1.885,0.0,2026-03-04 10:55:00
1772622000000,1.885,1.885,1.885,1.885,0.0,2026-03-04 11:00:00
1772622300000,1.885,1.885,1.885,1.885,0.0,2026-03-04 11:05:00
1772622600000,1.885,1.885,1.885,1.885,0.0,2026-03-04 11:10:00
1772622900000,1.885,1.885,1.885,1.885,0.0,2026-03-04 11:15:00
1772623200000,1.885,1.885,1.885,1.885,0.0,2026-03-04 11:20:00
1772623500000,1.885,1.885,1.885,1.885,0.0,2026-03-04 11:25:00
1772623800000,1.885,1.885,1.885,1.885,0.0,2026-03-04 11:30:00
1772624100000,1.849,1.849,1.82,1.82,89.39,2026-03-04 11:35:00
1772624400000,1.82,1.82,1.82,1.82,0.0,2026-03-04 11:40:00
1772624700000,1.82,1.82,1.82,1.82,0.0,2026-03-04 11:45:00
1772625000000,1.82,1.82,1.82,1.82,0.0,2026-03-04 11:50:00
1772625300000,1.892,1.892,1.892,1.892,1.96,2026-03-04 11:55:00
1772625600000,1.892,1.892,1.892,1.892,0.0,2026-03-04 12:00:00
1772625900000,1.892,1.892,1.892,1.892,0.0,2026-03-04 12:05:00
1772626200000,1.892,1.892,1.892,1.892,0.0,2026-03-04 12:10:00
1772626500000,1.892,1.892,1.892,1.892,0.0,2026-03-04 12:15:00
1772626800000,1.892,1.892,1.892,1.892,0.0,2026-03-04 12:20:00
1772627100000,1.892,1.892,1.892,1.892,0.0,2026-03-04 12:25:00
1772627400000,1.892,1.892,1.892,1.892,0.0,2026-03-04 12:30:00
1772627700000,1.892,1.892,1.892,1.892,0.0,2026-03-04 12:35:00
1772628000000,1.825,1.825,1.825,1.825,4.8,2026-03-04 12:40:00
1772628300000,1.825,1.825,1.825,1.825,0.0,2026-03-04 12:45:00
1772628600000,1.825,1.825,1.825,1.825,0.0,2026-03-04 12:50:00
1772628900000,1.896,1.896,1.896,1.896,52.61,2026-03-04 12:55:00
1772629200000,1.896,1.896,1.896,1.896,0.0,2026-03-04 13:00:00
1772629500000,1.899,1.899,1.899,1.899,7.86,2026-03-04 13:05:00
1772629800000,1.899,1.899,1.899,1.899,0.0,2026-03-04 13:10:00
1772630100000,1.899,1.899,1.899,1.899,0.0,2026-03-04 13:15:00
1772630400000,1.885,1.885,1.885,1.885,13.22,2026-03-04 13:20:00
1772630700000,1.885,1.885,1.885,1.885,0.0,2026-03-04 13:25:00
1772631000000,1.885,1.885,1.885,1.885,0.0,2026-03-04 13:30:00
1772631300000,1.885,1.885,1.885,1.885,0.0,2026-03-04 13:35:00
1772631600000,1.885,1.885,1.885,1.885,0.0,2026-03-04 13:40:00
1772631900000,1.885,1.885,1.885,1.885,0.0,2026-03-04 13:45:00
1772632200000,1.885,1.885,1.885,1.885,0.0,2026-03-04 13:50:00
1772632500000,1.885,1.885,1.885,1.885,0.0,2026-03-04 13:55:00
1772632800000,1.829,1.829,1.829,1.829,7.96,2026-03-04 14:00:00
1772633100000,1.834,1.834,1.834,1.834,2.73,2026-03-04 14:05:00
1772633400000,1.834,1.834,1.834,1.834,0.0,2026-03-04 14:10:00
1772633700000,1.834,1.834,1.834,1.834,0.0,2026-03-04 14:15:00
1772634000000,1.834,1.834,1.834,1.834,0.0,2026-03-04 14:20:00
1772634300000,1.834,1.834,1.834,1.834,0.0,2026-03-04 14:25:00
1772634600000,1.834,1.834,1.834,1.834,0.0,2026-03-04 14:30:00
1772634900000,1.834,1.834,1.834,1.834,0.0,2026-03-04 14:35:00
1772635200000,1.834,1.834,1.834,1.834,0.0,2026-03-04 14:40:00
1772635500000,1.834,1.834,1.834,1.834,0.0,2026-03-04 14:45:00
1772635800000,1.834,1.834,1.834,1.834,0.0,2026-03-04 14:50:00
1772636100000,1.834,1.834,1.834,1.834,0.0,2026-03-04 14:55:00
1772636400000,1.834,1.834,1.834,1.834,0.0,2026-03-04 15:00:00
1772636700000,1.834,1.834,1.834,1.834,0.0,2026-03-04 15:05:00
1772637000000,1.834,1.834,1.834,1.834,0.0,2026-03-04 15:10:00
1772637300000,1.834,1.834,1.834,1.834,0.0,2026-03-04 15:15:00
1772637600000,1.834,1.834,1.834,1.834,0.0,2026-03-04 15:20:00
1772637900000,1.901,1.901,1.901,1.901,10.49,2026-03-04 15:25:00
1772638200000,1.836,1.836,1.836,1.836,11.9,2026-03-04 15:30:00
1772638500000,1.836,1.836,1.836,1.836,0.0,2026-03-04 15:35:00
1772638800000,1.836,1.836,1.836,1.836,0.0,2026-03-04 15:40:00
1772639100000,1.901,1.901,1.901,1.901,1.99,2026-03-04 15:45:00
1772639400000,1.901,1.901,1.901,1.901,0.0,2026-03-04 15:50:00
1772639700000,1.901,1.901,1.901,1.901,0.0,2026-03-04 15:55:00
1772640000000,1.901,1.901,1.901,1.901,0.0,2026-03-04 16:00:00
1772640300000,1.901,1.901,1.901,1.901,0.0,2026-03-04 16:05:00
1772640600000,1.901,1.901,1.901,1.901,0.0,2026-03-04 16:10:00
1772640900000,1.901,1.901,1.901,1.901,0.0,2026-03-04 16:15:00
1772641200000,1.901,1.901,1.901,1.901,0.0,2026-03-04 16:20:00
1772641500000,1.901,1.901,1.901,1.901,0.0,2026-03-04 16:25:00
1772641800000,1.901,1.901,1.901,1.901,0.0,2026-03-04 16:30:00
1772642100000,1.901,1.901,1.901,1.901,0.0,2026-03-04 16:35:00
1772642400000,1.901,1.901,1.901,1.901,0.0,2026-03-04 16:40:00
1772642700000,1.901,1.901,1.901,1.901,0.0,2026-03-04 16:45:00
1772643000000,1.901,1.901,1.901,1.901,0.0,2026-03-04 16:50:00
1772643300000,1.901,1.901,1.901,1.901,0.0,2026-03-04 16:55:00
1772643600000,1.901,1.901,1.901,1.901,0.0,2026-03-04 17:00:00
1772643900000,1.901,1.901,1.901,1.901,0.0,2026-03-04 17:05:00
1772644200000,1.901,1.901,1.901,1.901,0.0,2026-03-04 17:10:00
1772644500000,1.901,1.901,1.901,1.901,0.0,2026-03-04 17:15:00
1772644800000,1.901,1.901,1.901,1.901,0.0,2026-03-04 17:20:00
1772645100000,1.901,1.901,1.901,1.901,0.0,2026-03-04 17:25:00
1772645400000,1.901,1.901,1.901,1.901,0.0,2026-03-04 17:30:00
1772645700000,1.901,1.901,1.901,1.901,0.0,2026-03-04 17:35:00
1772646000000,1.901,1.901,1.901,1.901,0.0,2026-03-04 17:40:00
1772646300000,1.844,1.844,1.844,1.844,51.1,2026-03-04 17:45:00
1772646600000,1.844,1.844,1.844,1.844,0.0,2026-03-04 17:50:00
1772646900000,1.844,1.844,1.844,1.844,0.0,2026-03-04 17:55:00
1772647200000,1.844,1.844,1.844,1.844,0.0,2026-03-04 18:00:00
1772647500000,1.844,1.844,1.844,1.844,0.0,2026-03-04 18:05:00
1772647800000,1.844,1.844,1.844,1.844,0.0,2026-03-04 18:10:00
1772648100000,1.844,1.844,1.844,1.844,0.0,2026-03-04 18:15:00
1772648400000,1.844,1.844,1.844,1.844,0.0,2026-03-04 18:20:00
1772648700000,1.844,1.844,1.844,1.844,0.0,2026-03-04 18:25:00
1772649000000,1.853,1.853,1.853,1.853,151.99,2026-03-04 18:30:00
1772649300000,1.853,1.853,1.853,1.853,0.0,2026-03-04 18:35:00
1772649600000,1.853,1.853,1.853,1.853,0.0,2026-03-04 18:40:00
1772649900000,1.853,1.853,1.853,1.853,0.0,2026-03-04 18:45:00
1772650200000,1.853,1.853,1.853,1.853,0.0,2026-03-04 18:50:00
1772650500000,1.853,1.853,1.853,1.853,0.0,2026-03-04 18:55:00
1772650800000,1.853,1.853,1.853,1.853,0.0,2026-03-04 19:00:00
1772651100000,1.853,1.853,1.853,1.853,0.0,2026-03-04 19:05:00
1772651400000,1.857,1.857,1.857,1.857,1.43,2026-03-04 19:10:00
1772651700000,1.857,1.857,1.857,1.857,0.0,2026-03-04 19:15:00
1772652000000,1.857,1.857,1.857,1.857,0.0,2026-03-04 19:20:00
1772652300000,1.857,1.857,1.857,1.857,0.0,2026-03-04 19:25:00
1772652600000,1.901,1.901,1.901,1.901,94.45,2026-03-04 19:30:00
1772652900000,1.901,1.901,1.901,1.901,0.0,2026-03-04 19:35:00
1772653200000,1.902,1.902,1.902,1.902,85.18,2026-03-04 19:40:00
1772653500000,1.902,1.902,1.902,1.902,0.0,2026-03-04 19:45:00
1772653800000,1.902,1.902,1.902,1.902,0.0,2026-03-04 19:50:00
1772654100000,1.902,1.902,1.902,1.902,0.0,2026-03-04 19:55:00
1772654400000,1.876,1.876,1.876,1.876,82.0,2026-03-04 20:00:00
1772654700000,1.876,1.876,1.876,1.876,0.0,2026-03-04 20:05:00
1772655000000,1.876,1.876,1.876,1.876,0.0,2026-03-04 20:10:00
1772655300000,1.876,1.876,1.876,1.876,0.0,2026-03-04 20:15:00
1772655600000,1.876,1.876,1.876,1.876,0.0,2026-03-04 20:20:00
1772655900000,1.876,1.876,1.876,1.876,0.0,2026-03-04 20:25:00
1772656200000,1.876,1.876,1.876,1.876,0.0,2026-03-04 20:30:00
1772656500000,1.876,1.876,1.876,1.876,0.0,2026-03-04 20:35:00
1772656800000,1.876,1.876,1.876,1.876,0.0,2026-03-04 20:40:00
1772657100000,1.876,1.876,1.876,1.876,0.0,2026-03-04 20:45:00
1772657400000,1.876,1.876,1.876,1.876,0.0,2026-03-04 20:50:00
1772657700000,1.876,1.876,1.876,1.876,0.0,2026-03-04 20:55:00
1772658000000,1.876,1.876,1.876,1.876,0.0,2026-03-04 21:00:00
1772658300000,1.876,1.876,1.876,1.876,0.0,2026-03-04 21:05:00
1772658600000,1.876,1.876,1.876,1.876,0.0,2026-03-04 21:10:00
1772658900000,1.876,1.876,1.876,1.876,0.0,2026-03-04 21:15:00
1772659200000,1.876,1.876,1.876,1.876,0.0,2026-03-04 21:20:00
1772659500000,1.876,1.876,1.876,1.876,0.0,2026-03-04 21:25:00
1772659800000,1.876,1.876,1.876,1.876,0.0,2026-03-04 21:30:00
1772660100000,1.876,1.876,1.876,1.876,0.0,2026-03-04 21:35:00
1772660400000,1.876,1.876,1.876,1.876,0.0,2026-03-04 21:40:00
1772660700000,1.876,1.876,1.876,1.876,0.0,2026-03-04 21:45:00
1772661000000,1.876,1.876,1.876,1.876,0.0,2026-03-04 21:50:00
1772661300000,1.876,1.876,1.876,1.876,0.0,2026-03-04 21:55:00
1772661600000,1.876,1.876,1.876,1.876,0.0,2026-03-04 22:00:00
1772661900000,1.876,1.876,1.876,1.876,0.0,2026-03-04 22:05:00
1772662200000,1.876,1.876,1.876,1.876,0.0,2026-03-04 22:10:00
1772662500000,1.93,1.93,1.93,1.93,129.18,2026-03-04 22:15:00
1772662800000,1.93,1.93,1.93,1.93,0.0,2026-03-04 22:20:00
1772663100000,1.93,1.93,1.93,1.93,0.0,2026-03-04 22:25:00
1772663400000,1.93,1.93,1.93,1.93,0.0,2026-03-04 22:30:00
1772663700000,1.93,1.93,1.93,1.93,0.0,2026-03-04 22:35:00
1772664000000,1.93,1.93,1.93,1.93,0.0,2026-03-04 22:40:00
1772664300000,1.927,1.927,1.927,1.927,29.37,2026-03-04 22:45:00
1772664600000,1.927,1.927,1.927,1.927,0.0,2026-03-04 22:50:00
1772664900000,1.925,1.925,1.925,1.925,1.27,2026-03-04 22:55:00
1772665200000,1.925,1.925,1.925,1.925,0.0,2026-03-04 23:00:00
1772665500000,1.925,1.925,1.925,1.925,0.0,2026-03-04 23:05:00
1772665800000,1.925,1.925,1.925,1.925,0.0,2026-03-04 23:10:00
1772666100000,1.925,1.925,1.925,1.925,0.0,2026-03-04 23:15:00
1772666400000,1.876,1.876,1.85,1.85,35.02,2026-03-04 23:20:00
1772666700000,1.85,1.85,1.85,1.85,0.0,2026-03-04 23:25:00
1772667000000,1.85,1.85,1.85,1.85,0.0,2026-03-04 23:30:00
1772667300000,1.85,1.85,1.85,1.85,0.0,2026-03-04 23:35:00
1772667600000,1.85,1.85,1.85,1.85,0.0,2026-03-04 23:40:00
1772667900000,1.85,1.85,1.85,1.85,0.0,2026-03-04 23:45:00
1772668200000,1.85,1.85,1.85,1.85,0.0,2026-03-04 23:50:00
1772668500000,1.85,1.85,1.85,1.85,0.0,2026-03-04 23:55:00
1772668800000,1.85,1.85,1.85,1.85,0.0,2026-03-05 00:00:00
1772669100000,1.85,1.85,1.85,1.85,0.0,2026-03-05 00:05:00
1772669400000,1.85,1.85,1.85,1.85,0.0,2026-03-05 00:10:00
1772669700000,1.895,1.895,1.852,1.852,1.58,2026-03-05 00:15:00
1772670000000,1.922,1.922,1.922,1.922,5.33,2026-03-05 00:20:00
1772670300000,1.905,1.905,1.905,1.905,0.98,2026-03-05 00:25:00
1772670600000,1.892,1.892,1.891,1.891,3.94,2026-03-05 00:30:00
1772670900000,1.921,1.921,1.915,1.915,13.22,2026-03-05 00:35:00
1772671200000,1.903,1.918,1.903,1.914,5.18,2026-03-05 00:40:00
1772671500000,1.908,1.92,1.908,1.918,3.3,2026-03-05 00:45:00
1772671800000,1.916,1.916,1.912,1.912,2.37,2026-03-05 00:50:00
1772672100000,1.908,1.921,1.904,1.921,31.58,2026-03-05 00:55:00
1772672400000,1.907,1.907,1.904,1.904,1.75,2026-03-05 01:00:00
1772672700000,1.902,1.902,1.899,1.899,7.98,2026-03-05 01:05:00
1772673000000,1.92,1.922,1.92,1.92,5.45,2026-03-05 01:10:00
1772673300000,1.912,1.912,1.912,1.912,10.4,2026-03-05 01:15:00
1772673600000,1.912,1.912,1.912,1.912,0.0,2026-03-05 01:20:00
1772673900000,1.912,1.912,1.912,1.912,0.0,2026-03-05 01:25:00
1772674200000,1.912,1.912,1.912,1.912,0.0,2026-03-05 01:30:00
1772674500000,1.898,1.898,1.898,1.898,3.0,2026-03-05 01:35:00
1772674800000,1.898,1.898,1.898,1.898,0.0,2026-03-05 01:40:00
1772675100000,1.912,1.912,1.912,1.912,321.87,2026-03-05 01:45:00
1772675400000,1.912,1.912,1.912,1.912,0.0,2026-03-05 01:50:00
1772675700000,1.912,1.912,1.912,1.912,0.0,2026-03-05 01:55:00
1772676000000,1.912,1.912,1.912,1.912,0.0,2026-03-05 02:00:00
1772676300000,1.912,1.912,1.912,1.912,0.0,2026-03-05 02:05:00
1772676600000,1.912,1.912,1.912,1.912,0.0,2026-03-05 02:10:00
1772676900000,1.912,1.912,1.912,1.912,0.0,2026-03-05 02:15:00
1772677200000,1.912,1.912,1.912,1.912,0.0,2026-03-05 02:20:00
1772677500000,1.912,1.912,1.912,1.912,0.0,2026-03-05 02:25:00
1772677800000,1.912,1.912,1.912,1.912,0.0,2026-03-05 02:30:00
1772678100000,1.912,1.912,1.912,1.912,0.0,2026-03-05 02:35:00
1772678400000,1.912,1.912,1.912,1.912,0.0,2026-03-05 02:40:00
1772678700000,1.854,1.854,1.854,1.854,30.35,2026-03-05 02:45:00
1772679000000,1.854,1.854,1.854,1.854,0.0,2026-03-05 02:50:00
1772679300000,1.854,1.854,1.854,1.854,0.0,2026-03-05 02:55:00
1772679600000,1.854,1.854,1.854,1.854,0.0,2026-03-05 03:00:00
1772679900000,1.854,1.854,1.854,1.854,0.0,2026-03-05 03:05:00
1772680200000,1.854,1.854,1.854,1.854,0.0,2026-03-05 03:10:00
1772680500000,1.854,1.854,1.854,1.854,0.0,2026-03-05 03:15:00
1772680800000,1.854,1.854,1.854,1.854,0.0,2026-03-05 03:20:00
1772681100000,1.854,1.854,1.854,1.854,0.0,2026-03-05 03:25:00
1772681400000,1.854,1.854,1.854,1.854,0.0,2026-03-05 03:30:00
1772681700000,1.854,1.854,1.854,1.854,0.0,2026-03-05 03:35:00
1772682000000,1.854,1.854,1.854,1.854,0.0,2026-03-05 03:40:00
1772682300000,1.854,1.854,1.854,1.854,0.0,2026-03-05 03:45:00
1772682600000,1.854,1.854,1.854,1.854,0.0,2026-03-05 03:50:00
1772682900000,1.85,1.85,1.85,1.85,16.55,2026-03-05 03:55:00
1772683200000,1.85,1.85,1.85,1.85,0.0,2026-03-05 04:00:00
1772683500000,1.85,1.85,1.85,1.85,0.0,2026-03-05 04:05:00
1772683800000,1.85,1.85,1.85,1.85,0.0,2026-03-05 04:10:00
1772684100000,1.85,1.85,1.85,1.85,0.0,2026-03-05 04:15:00
1772684400000,1.85,1.85,1.85,1.85,0.0,2026-03-05 04:20:00
1772684700000,1.85,1.85,1.85,1.85,0.0,2026-03-05 04:25:00
1772685000000,1.85,1.85,1.85,1.85,0.0,2026-03-05 04:30:00
1772685300000,1.85,1.85,1.85,1.85,0.0,2026-03-05 04:35:00
1772685600000,1.85,1.85,1.85,1.85,0.0,2026-03-05 04:40:00
1772685900000,1.85,1.85,1.85,1.85,0.0,2026-03-05 04:45:00
1772686200000,1.85,1.85,1.85,1.85,0.0,2026-03-05 04:50:00
1772686500000,1.85,1.85,1.85,1.85,0.0,2026-03-05 04:55:00
1772686800000,1.85,1.85,1.85,1.85,0.0,2026-03-05 05:00:00
1772687100000,1.85,1.85,1.85,1.85,0.0,2026-03-05 05:05:00
1772687400000,1.85,1.85,1.85,1.85,0.0,2026-03-05 05:10:00
1772687700000,1.85,1.85,1.85,1.85,0.0,2026-03-05 05:15:00
1772688000000,1.85,1.85,1.85,1.85,0.0,2026-03-05 05:20:00
1772688300000,1.85,1.85,1.85,1.85,0.0,2026-03-05 05:25:00
1772688600000,1.85,1.85,1.85,1.85,0.0,2026-03-05 05:30:00
1772688900000,1.85,1.85,1.85,1.85,0.0,2026-03-05 05:35:00
1772689200000,1.85,1.85,1.85,1.85,0.0,2026-03-05 05:40:00
1772689500000,1.85,1.85,1.85,1.85,0.0,2026-03-05 05:45:00
1772689800000,1.85,1.85,1.85,1.85,0.0,2026-03-05 05:50:00
1772690100000,1.85,1.85,1.85,1.85,0.0,2026-03-05 05:55:00
1772690400000,1.851,1.914,1.851,1.914,52.09,2026-03-05 06:00:00
1772690700000,1.914,1.914,1.914,1.914,0.0,2026-03-05 06:05:00
1772691000000,1.914,1.914,1.914,1.914,0.0,2026-03-05 06:10:00
1772691300000,1.914,1.914,1.914,1.914,0.0,2026-03-05 06:15:00
1772691600000,1.914,1.914,1.914,1.914,0.0,2026-03-05 06:20:00
1772691900000,1.914,1.914,1.914,1.914,0.0,2026-03-05 06:25:00
1772692200000,1.914,1.914,1.914,1.914,0.0,2026-03-05 06:30:00
1772692500000,1.914,1.914,1.914,1.914,0.0,2026-03-05 06:35:00
1772692800000,1.914,1.914,1.914,1.914,0.0,2026-03-05 06:40:00
1772693100000,1.914,1.914,1.914,1.914,0.0,2026-03-05 06:45:00
1772693400000,1.914,1.914,1.914,1.914,0.0,2026-03-05 06:50:00
1772693700000,1.914,1.914,1.914,1.914,0.0,2026-03-05 06:55:00
1772694000000,1.914,1.914,1.914,1.914,0.0,2026-03-05 07:00:00
1772694300000,1.914,1.914,1.914,1.914,0.0,2026-03-05 07:05:00
1772694600000,1.914,1.914,1.914,1.914,0.0,2026-03-05 07:10:00
1772694900000,1.914,1.914,1.914,1.914,0.0,2026-03-05 07:15:00
1772695200000,1.914,1.914,1.914,1.914,0.0,2026-03-05 07:20:00
1772695500000,1.914,1.914,1.914,1.914,0.0,2026-03-05 07:25:00
1772695800000,1.914,1.914,1.914,1.914,0.0,2026-03-05 07:30:00
1772696100000,1.914,1.914,1.914,1.914,0.0,2026-03-05 07:35:00
1772696400000,1.914,1.914,1.914,1.914,0.0,2026-03-05 07:40:00
1772696700000,1.914,1.914,1.914,1.914,0.0,2026-03-05 07:45:00
1772697000000,1.914,1.914,1.914,1.914,0.0,2026-03-05 07:50:00
1772697300000,1.914,1.914,1.914,1.914,0.0,2026-03-05 07:55:00
1772697600000,1.914,1.914,1.914,1.914,0.0,2026-03-05 08:00:00
1772697900000,1.914,1.914,1.914,1.914,0.0,2026-03-05 08:05:00
1772698200000,1.914,1.914,1.914,1.914,0.0,2026-03-05 08:10:00
1772698500000,1.914,1.914,1.914,1.914,0.0,2026-03-05 08:15:00
1772698800000,1.914,1.914,1.914,1.914,0.0,2026-03-05 08:20:00
1772699100000,1.914,1.914,1.914,1.914,0.0,2026-03-05 08:25:00
1772699400000,1.914,1.914,1.914,1.914,0.0,2026-03-05 08:30:00
1772699700000,1.914,1.914,1.914,1.914,0.0,2026-03-05 08:35:00
1772700000000,1.914,1.914,1.914,1.914,0.0,2026-03-05 08:40:00
1772700300000,1.914,1.914,1.914,1.914,0.0,2026-03-05 08:45:00
1772700600000,1.914,1.914,1.914,1.914,0.0,2026-03-05 08:50:00
1772700900000,1.914,1.914,1.914,1.914,0.0,2026-03-05 08:55:00
1772701200000,1.905,1.905,1.905,1.905,1.57,2026-03-05 09:00:00
1772701500000,1.905,1.905,1.905,1.905,0.0,2026-03-05 09:05:00
1772701800000,1.905,1.905,1.905,1.905,0.0,2026-03-05 09:10:00
1772702100000,1.905,1.905,1.905,1.905,0.0,2026-03-05 09:15:00
1772702400000,1.905,1.905,1.905,1.905,0.0,2026-03-05 09:20:00
1772702700000,1.905,1.905,1.905,1.905,0.0,2026-03-05 09:25:00
1772703000000,1.905,1.905,1.905,1.905,0.0,2026-03-05 09:30:00
1772703300000,1.905,1.905,1.905,1.905,0.0,2026-03-05 09:35:00
1772703600000,1.901,1.901,1.901,1.901,21.81,2026-03-05 09:40:00
1772703900000,1.901,1.901,1.901,1.901,0.0,2026-03-05 09:45:00
1772704200000,1.901,1.901,1.901,1.901,0.0,2026-03-05 09:50:00
1772704500000,1.901,1.901,1.901,1.901,0.0,2026-03-05 09:55:00
1772704800000,1.901,1.901,1.901,1.901,0.0,2026-03-05 10:00:00
1772705100000,1.901,1.901,1.901,1.901,0.0,2026-03-05 10:05:00
1772705400000,1.901,1.901,1.901,1.901,0.0,2026-03-05 10:10:00
1772705700000,1.901,1.901,1.901,1.901,0.0,2026-03-05 10:15:00
1772706000000,1.901,1.901,1.901,1.901,0.0,2026-03-05 10:20:00
1772706300000,1.901,1.901,1.901,1.901,0.0,2026-03-05 10:25:00
1772706600000,1.901,1.901,1.901,1.901,0.0,2026-03-05 10:30:00
1772706900000,1.901,1.901,1.901,1.901,0.0,2026-03-05 10:35:00
1772707200000,1.901,1.901,1.901,1.901,0.0,2026-03-05 10:40:00
1772707500000,1.901,1.901,1.901,1.901,0.0,2026-03-05 10:45:00
1772707800000,1.901,1.901,1.901,1.901,0.0,2026-03-05 10:50:00
1772708100000,1.901,1.901,1.901,1.901,0.0,2026-03-05 10:55:00
1772708400000,1.901,1.901,1.901,1.901,0.0,2026-03-05 11:00:00
1772708700000,1.901,1.901,1.901,1.901,0.0,2026-03-05 11:05:00
1772709000000,1.901,1.901,1.901,1.901,0.0,2026-03-05 11:10:00
1772709300000,1.901,1.901,1.901,1.901,0.0,2026-03-05 11:15:00
1772709600000,1.901,1.901,1.901,1.901,0.0,2026-03-05 11:20:00
1772709900000,1.901,1.901,1.901,1.901,0.0,2026-03-05 11:25:00
1772710200000,1.901,1.901,1.901,1.901,0.0,2026-03-05 11:30:00
1772710500000,1.901,1.901,1.901,1.901,0.0,2026-03-05 11:35:00
1772710800000,1.901,1.901,1.901,1.901,0.0,2026-03-05 11:40:00
1772711100000,1.901,1.901,1.901,1.901,0.0,2026-03-05 11:45:00
1772711400000,1.901,1.901,1.901,1.901,0.0,2026-03-05 11:50:00
1772711700000,1.901,1.901,1.901,1.901,0.0,2026-03-05 11:55:00
1772712000000,1.901,1.901,1.901,1.901,0.0,2026-03-05 12:00:00
1772712300000,1.901,1.901,1.901,1.901,0.0,2026-03-05 12:05:00
1772712600000,1.901,1.901,1.901,1.901,0.0,2026-03-05 12:10:00
1772712900000,1.901,1.901,1.901,1.901,0.0,2026-03-05 12:15:00
1772713200000,1.901,1.901,1.901,1.901,0.0,2026-03-05 12:20:00
1772713500000,1.901,1.901,1.901,1.901,0.0,2026-03-05 12:25:00
1772713800000,1.901,1.901,1.901,1.901,0.0,2026-03-05 12:30:00
1772714100000,1.901,1.901,1.901,1.901,0.0,2026-03-05 12:35:00
1772714400000,1.901,1.901,1.901,1.901,0.0,2026-03-05 12:40:00
1772714700000,1.901,1.901,1.901,1.901,0.0,2026-03-05 12:45:00
1772715000000,1.901,1.901,1.901,1.901,0.0,2026-03-05 12:50:00
1772715300000,1.901,1.901,1.901,1.901,0.0,2026-03-05 12:55:00
1772715600000,1.901,1.901,1.901,1.901,0.0,2026-03-05 13:00:00
1772715900000,1.901,1.901,1.901,1.901,0.0,2026-03-05 13:05:00
1772716200000,1.901,1.901,1.901,1.901,0.0,2026-03-05 13:10:00
1772716500000,1.901,1.901,1.901,1.901,0.0,2026-03-05 13:15:00
1772716800000,1.901,1.901,1.901,1.901,0.0,2026-03-05 13:20:00
1772717100000,1.901,1.901,1.901,1.901,0.0,2026-03-05 13:25:00
1772717400000,1.901,1.901,1.901,1.901,0.0,2026-03-05 13:30:00
1772717700000,1.901,1.901,1.901,1.901,0.0,2026-03-05 13:35:00
1772718000000,1.901,1.901,1.901,1.901,0.0,2026-03-05 13:40:00
1772718300000,1.901,1.901,1.901,1.901,0.0,2026-03-05 13:45:00
1772718600000,1.919,1.919,1.919,1.919,3.12,2026-03-05 13:50:00
1772718900000,1.903,1.903,1.859,1.859,47.34,2026-03-05 13:55:00
1772719200000,1.859,1.859,1.859,1.859,0.0,2026-03-05 14:00:00
1772719500000,1.859,1.859,1.859,1.859,0.0,2026-03-05 14:05:00
1772719800000,1.913,1.913,1.913,1.913,2.6,2026-03-05 14:10:00
1772720100000,1.913,1.913,1.913,1.913,0.0,2026-03-05 14:15:00
1772720400000,1.913,1.913,1.913,1.913,0.0,2026-03-05 14:20:00
1772720700000,1.913,1.913,1.913,1.913,0.0,2026-03-05 14:25:00
1772721000000,1.913,1.913,1.913,1.913,0.0,2026-03-05 14:30:00
1772721300000,1.913,1.913,1.913,1.913,0.0,2026-03-05 14:35:00
1772721600000,1.913,1.913,1.913,1.913,0.0,2026-03-05 14:40:00
1772721900000,1.913,1.913,1.913,1.913,0.0,2026-03-05 14:45:00
1772722200000,1.913,1.913,1.913,1.913,0.0,2026-03-05 14:50:00
1772722500000,1.913,1.913,1.913,1.913,0.0,2026-03-05 14:55:00
1772722800000,1.913,1.913,1.913,1.913,0.0,2026-03-05 15:00:00
1772723100000,1.913,1.913,1.913,1.913,0.0,2026-03-05 15:05:00
1772723400000,1.913,1.913,1.913,1.913,0.0,2026-03-05 15:10:00
1772723700000,1.913,1.913,1.913,1.913,0.0,2026-03-05 15:15:00
1772724000000,1.913,1.913,1.913,1.913,8.98,2026-03-05 15:20:00
1772724300000,1.913,1.913,1.913,1.913,0.0,2026-03-05 15:25:00
1772724600000,1.913,1.913,1.913,1.913,0.0,2026-03-05 15:30:00
1772724900000,1.913,1.913,1.913,1.913,0.0,2026-03-05 15:35:00
1772725200000,1.913,1.913,1.913,1.913,0.0,2026-03-05 15:40:00
1772725500000,1.913,1.913,1.913,1.913,0.0,2026-03-05 15:45:00
1772725800000,1.913,1.913,1.913,1.913,0.0,2026-03-05 15:50:00
1772726100000,1.913,1.913,1.913,1.913,0.0,2026-03-05 15:55:00
1772726400000,1.85,1.85,1.849,1.849,90.25,2026-03-05 16:00:00
1772726700000,1.832,1.832,1.832,1.832,4.32,2026-03-05 16:05:00
1772727000000,1.832,1.832,1.832,1.832,0.0,2026-03-05 16:10:00
1772727300000,1.832,1.832,1.832,1.832,0.0,2026-03-05 16:15:00
1772727600000,1.822,1.822,1.822,1.822,5.95,2026-03-05 16:20:00
1772727900000,1.822,1.822,1.822,1.822,0.0,2026-03-05 16:25:00
1772728200000,1.819,1.819,1.819,1.819,9.1,2026-03-05 16:30:00
1772728500000,1.819,1.819,1.819,1.819,0.0,2026-03-05 16:35:00
1772728800000,1.819,1.819,1.819,1.819,0.0,2026-03-05 16:40:00
1772729100000,1.819,1.819,1.819,1.819,0.0,2026-03-05 16:45:00
1772729400000,1.819,1.819,1.819,1.819,0.0,2026-03-05 16:50:00
1772729700000,1.819,1.819,1.819,1.819,0.0,2026-03-05 16:55:00
1772730000000,1.819,1.819,1.819,1.819,0.0,2026-03-05 17:00:00
1772730300000,1.819,1.819,1.819,1.819,0.0,2026-03-05 17:05:00
1772730600000,1.819,1.819,1.819,1.819,0.0,2026-03-05 17:10:00
1772730900000,1.819,1.819,1.819,1.819,0.0,2026-03-05 17:15:00
1772731200000,1.819,1.819,1.819,1.819,0.0,2026-03-05 17:20:00
1772731500000,1.819,1.819,1.819,1.819,0.0,2026-03-05 17:25:00
1772731800000,1.819,1.819,1.819,1.819,0.0,2026-03-05 17:30:00
1772732100000,1.819,1.819,1.819,1.819,0.0,2026-03-05 17:35:00
1772732400000,1.819,1.819,1.819,1.819,0.0,2026-03-05 17:40:00
1772732700000,1.819,1.819,1.819,1.819,0.0,2026-03-05 17:45:00
1772733000000,1.819,1.819,1.819,1.819,0.0,2026-03-05 17:50:00
1772733300000,1.819,1.819,1.819,1.819,0.0,2026-03-05 17:55:00
1772733600000,1.819,1.819,1.819,1.819,253.38,2026-03-05 18:00:00
1772733900000,1.819,1.819,1.819,1.819,0.0,2026-03-05 18:05:00
1772734200000,1.819,1.819,1.819,1.819,0.0,2026-03-05 18:10:00
1772734500000,1.819,1.819,1.819,1.819,0.0,2026-03-05 18:15:00
1772734800000,1.819,1.819,1.819,1.819,0.0,2026-03-05 18:20:00
1772735100000,1.819,1.819,1.819,1.819,0.0,2026-03-05 18:25:00
1772735400000,1.819,1.819,1.819,1.819,0.0,2026-03-05 18:30:00
1772735700000,1.819,1.819,1.819,1.819,0.0,2026-03-05 18:35:00
1772736000000,1.819,1.819,1.819,1.819,0.0,2026-03-05 18:40:00
1772736300000,1.819,1.819,1.819,1.819,0.0,2026-03-05 18:45:00
1772736600000,1.819,1.819,1.819,1.819,0.0,2026-03-05 18:50:00
1772736900000,1.846,1.846,1.846,1.846,118.51,2026-03-05 18:55:00
1772737200000,1.846,1.846,1.846,1.846,0.0,2026-03-05 19:00:00
1772737500000,1.846,1.846,1.846,1.846,2.7,2026-03-05 19:05:00
1772737800000,1.846,1.846,1.846,1.846,0.0,2026-03-05 19:10:00
1772738100000,1.846,1.846,1.846,1.846,0.0,2026-03-05 19:15:00
1772738400000,1.846,1.846,1.846,1.846,0.0,2026-03-05 19:20:00
1772738700000,1.846,1.846,1.846,1.846,0.0,2026-03-05 19:25:00
1772739000000,1.846,1.846,1.846,1.846,0.0,2026-03-05 19:30:00
1772739300000,1.846,1.846,1.846,1.846,0.0,2026-03-05 19:35:00
1772739600000,1.846,1.846,1.846,1.846,0.0,2026-03-05 19:40:00
1772739900000,1.846,1.846,1.846,1.846,0.0,2026-03-05 19:45:00
1772740200000,1.846,1.846,1.846,1.846,0.0,2026-03-05 19:50:00
1772740500000,1.846,1.846,1.846,1.846,0.0,2026-03-05 19:55:00
1772740800000,1.846,1.846,1.846,1.846,0.0,2026-03-05 20:00:00
1772741100000,1.846,1.846,1.846,1.846,0.0,2026-03-05 20:05:00
1772741400000,1.846,1.846,1.846,1.846,0.0,2026-03-05 20:10:00
1772741700000,1.846,1.846,1.846,1.846,0.0,2026-03-05 20:15:00
1772742000000,1.846,1.846,1.846,1.846,0.0,2026-03-05 20:20:00
1772742300000,1.846,1.846,1.846,1.846,0.0,2026-03-05 20:25:00
1772742600000,1.846,1.846,1.846,1.846,0.0,2026-03-05 20:30:00
1772742900000,1.846,1.846,1.846,1.846,0.0,2026-03-05 20:35:00
1772743200000,1.846,1.846,1.846,1.846,0.0,2026-03-05 20:40:00
1772743500000,1.846,1.846,1.846,1.846,0.0,2026-03-05 20:45:00
1772743800000,1.846,1.846,1.846,1.846,0.0,2026-03-05 20:50:00
1772744100000,1.846,1.846,1.846,1.846,0.0,2026-03-05 20:55:00
1772744400000,1.821,1.821,1.821,1.821,25.88,2026-03-05 21:00:00
1772744700000,1.821,1.821,1.821,1.821,0.0,2026-03-05 21:05:00
1772745000000,1.821,1.821,1.821,1.821,0.0,2026-03-05 21:10:00
1772745300000,1.859,1.859,1.859,1.859,3.6,2026-03-05 21:15:00
1772745600000,1.859,1.859,1.859,1.859,0.0,2026-03-05 21:20:00
1772745900000,1.859,1.859,1.859,1.859,0.0,2026-03-05 21:25:00
1772746200000,1.859,1.859,1.859,1.859,0.0,2026-03-05 21:30:00
1772746500000,1.859,1.859,1.859,1.859,0.0,2026-03-05 21:35:00
1772746800000,1.859,1.859,1.859,1.859,0.0,2026-03-05 21:40:00
1772747100000,1.859,1.859,1.859,1.859,0.0,2026-03-05 21:45:00
1772747400000,1.859,1.859,1.859,1.859,0.0,2026-03-05 21:50:00
1772747700000,1.859,1.859,1.859,1.859,8.35,2026-03-05 21:55:00
1772748000000,1.859,1.859,1.859,1.859,8.42,2026-03-05 22:00:00
1772748300000,1.859,1.859,1.859,1.859,0.0,2026-03-05 22:05:00
1772748600000,1.859,1.859,1.859,1.859,8.35,2026-03-05 22:10:00
1772748900000,1.82,1.859,1.82,1.859,10.63,2026-03-05 22:15:00
1772749200000,1.859,1.859,1.859,1.859,0.0,2026-03-05 22:20:00
1772749500000,1.859,1.859,1.859,1.859,0.0,2026-03-05 22:25:00
1772749800000,1.859,1.859,1.859,1.859,0.0,2026-03-05 22:30:00
1772750100000,1.859,1.859,1.859,1.859,0.0,2026-03-05 22:35:00
1772750400000,1.859,1.859,1.859,1.859,0.0,2026-03-05 22:40:00
1772750700000,1.859,1.859,1.859,1.859,0.0,2026-03-05 22:45:00
1772751000000,1.859,1.859,1.859,1.859,0.0,2026-03-05 22:50:00
1772751300000,1.859,1.859,1.859,1.859,0.0,2026-03-05 22:55:00
1772751600000,1.859,1.859,1.859,1.859,0.0,2026-03-05 23:00:00
1772751900000,1.859,1.859,1.859,1.859,0.0,2026-03-05 23:05:00
1772752200000,1.859,1.859,1.859,1.859,0.0,2026-03-05 23:10:00
1772752500000,1.859,1.859,1.859,1.859,0.0,2026-03-05 23:15:00
1772752800000,1.859,1.859,1.859,1.859,0.0,2026-03-05 23:20:00
1772753100000,1.859,1.859,1.859,1.859,0.0,2026-03-05 23:25:00
1772753400000,1.859,1.859,1.859,1.859,0.0,2026-03-05 23:30:00
1772753700000,1.859,1.859,1.859,1.859,0.0,2026-03-05 23:35:00
1772754000000,1.859,1.859,1.859,1.859,0.0,2026-03-05 23:40:00
1772754300000,1.859,1.859,1.859,1.859,0.0,2026-03-05 23:45:00
1772754600000,1.859,1.859,1.859,1.859,0.0,2026-03-05 23:50:00
1772754900000,1.859,1.859,1.859,1.859,0.0,2026-03-05 23:55:00
1772755200000,1.859,1.859,1.859,1.859,0.0,2026-03-06 00:00:00
1772755500000,1.859,1.859,1.859,1.859,0.0,2026-03-06 00:05:00
1772755800000,1.859,1.859,1.859,1.859,0.0,2026-03-06 00:10:00
1772756100000,1.856,1.856,1.852,1.852,5.6,2026-03-06 00:15:00
1772756400000,1.854,1.854,1.854,1.854,3.31,2026-03-06 00:20:00
1772756700000,1.858,1.858,1.854,1.854,10.27,2026-03-06 00:25:00
1772757000000,1.858,1.858,1.856,1.856,4.56,2026-03-06 00:30:00
1772757300000,1.858,1.858,1.857,1.857,11.4,2026-03-06 00:35:00
1772757600000,1.858,1.859,1.857,1.857,2.88,2026-03-06 00:40:00
1772757900000,1.857,1.858,1.857,1.858,6.67,2026-03-06 00:45:00
1772758200000,1.856,1.858,1.856,1.856,3.42,2026-03-06 00:50:00
1772758500000,1.854,1.854,1.853,1.853,1.13,2026-03-06 00:55:00
1772758800000,1.858,1.858,1.858,1.858,4.22,2026-03-06 01:00:00
1772759100000,1.858,1.858,1.858,1.858,0.0,2026-03-06 01:05:00
1772759400000,1.855,1.855,1.855,1.855,1.24,2026-03-06 01:10:00
1772759700000,1.855,1.855,1.855,1.855,0.0,2026-03-06 01:15:00
1772760000000,1.855,1.855,1.855,1.855,0.0,2026-03-06 01:20:00
1772760300000,1.855,1.855,1.855,1.855,0.0,2026-03-06 01:25:00
1772760600000,1.855,1.855,1.855,1.855,0.0,2026-03-06 01:30:00
1772760900000,1.855,1.855,1.855,1.855,0.0,2026-03-06 01:35:00
1772761200000,1.855,1.855,1.855,1.855,0.0,2026-03-06 01:40:00
1772761500000,1.855,1.855,1.855,1.855,0.0,2026-03-06 01:45:00
1772761800000,1.855,1.855,1.855,1.855,0.0,2026-03-06 01:50:00
1772762100000,1.855,1.855,1.855,1.855,0.0,2026-03-06 01:55:00
1772762400000,1.855,1.855,1.855,1.855,0.0,2026-03-06 02:00:00
1772762700000,1.855,1.855,1.855,1.855,0.0,2026-03-06 02:05:00
1772763000000,1.855,1.855,1.855,1.855,0.0,2026-03-06 02:10:00
1772763300000,1.855,1.855,1.855,1.855,0.0,2026-03-06 02:15:00
1772763600000,1.855,1.855,1.855,1.855,0.0,2026-03-06 02:20:00
1772763900000,1.855,1.855,1.855,1.855,0.0,2026-03-06 02:25:00
1772764200000,1.855,1.855,1.855,1.855,0.0,2026-03-06 02:30:00
1772764500000,1.855,1.855,1.855,1.855,0.0,2026-03-06 02:35:00
1772764800000,1.855,1.855,1.855,1.855,0.0,2026-03-06 02:40:00
1772765100000,1.855,1.855,1.855,1.855,0.0,2026-03-06 02:45:00
1772765400000,1.855,1.855,1.855,1.855,0.0,2026-03-06 02:50:00
1772765700000,1.855,1.855,1.855,1.855,0.0,2026-03-06 02:55:00
1772766000000,1.855,1.855,1.855,1.855,0.0,2026-03-06 03:00:00
1772766300000,1.855,1.855,1.855,1.855,0.0,2026-03-06 03:05:00
1772766600000,1.855,1.855,1.855,1.855,0.0,2026-03-06 03:10:00
1772766900000,1.855,1.855,1.855,1.855,0.0,2026-03-06 03:15:00
1772767200000,1.855,1.855,1.855,1.855,0.0,2026-03-06 03:20:00
1772767500000,1.855,1.855,1.855,1.855,0.0,2026-03-06 03:25:00
1772767800000,1.855,1.855,1.855,1.855,0.0,2026-03-06 03:30:00
1772768100000,1.855,1.855,1.855,1.855,0.0,2026-03-06 03:35:00
1772768400000,1.855,1.855,1.855,1.855,0.0,2026-03-06 03:40:00
1772768700000,1.855,1.855,1.855,1.855,0.0,2026-03-06 03:45:00
1772769000000,1.855,1.855,1.855,1.855,0.0,2026-03-06 03:50:00
1772769300000,1.855,1.855,1.855,1.855,0.0,2026-03-06 03:55:00
1772769600000,1.855,1.855,1.855,1.855,0.0,2026-03-06 04:00:00
1772769900000,1.855,1.855,1.855,1.855,0.0,2026-03-06 04:05:00
1772770200000,1.855,1.855,1.855,1.855,0.0,2026-03-06 04:10:00
1772770500000,1.859,1.859,1.859,1.859,107.32,2026-03-06 04:15:00
1772770800000,1.859,1.859,1.859,1.859,0.0,2026-03-06 04:20:00
1772771100000,1.859,1.859,1.859,1.859,0.0,2026-03-06 04:25:00
1772771400000,1.859,1.859,1.859,1.859,0.0,2026-03-06 04:30:00
1772771700000,1.859,1.859,1.859,1.859,0.0,2026-03-06 04:35:00
1772772000000,1.859,1.859,1.859,1.859,0.0,2026-03-06 04:40:00
1772772300000,1.859,1.859,1.859,1.859,0.0,2026-03-06 04:45:00
1772772600000,1.859,1.859,1.859,1.859,0.0,2026-03-06 04:50:00
1772772900000,1.859,1.859,1.859,1.859,0.0,2026-03-06 04:55:00
1772773200000,1.859,1.859,1.859,1.859,0.0,2026-03-06 05:00:00
1772773500000,1.859,1.859,1.859,1.859,0.0,2026-03-06 05:05:00
1772773800000,1.859,1.859,1.859,1.859,0.0,2026-03-06 05:10:00
1772774100000,1.859,1.859,1.859,1.859,0.0,2026-03-06 05:15:00
1772774400000,1.859,1.859,1.859,1.859,0.0,2026-03-06 05:20:00
1772774700000,1.859,1.859,1.859,1.859,0.0,2026-03-06 05:25:00
1772775000000,1.859,1.859,1.859,1.859,0.0,2026-03-06 05:30:00
1772775300000,1.859,1.859,1.859,1.859,0.0,2026-03-06 05:35:00
1772775600000,1.859,1.859,1.859,1.859,0.0,2026-03-06 05:40:00
1772775900000,1.859,1.859,1.859,1.859,0.0,2026-03-06 05:45:00
1772776200000,1.854,1.854,1.854,1.854,538.03,2026-03-06 05:50:00
1772776500000,1.854,1.854,1.854,1.854,0.0,2026-03-06 05:55:00
1772776800000,1.858,1.858,1.858,1.858,1.73,2026-03-06 06:00:00
1772777100000,1.858,1.858,1.858,1.858,0.0,2026-03-06 06:05:00
1772777400000,1.858,1.858,1.858,1.858,0.0,2026-03-06 06:10:00
1772777700000,1.858,1.858,1.858,1.858,0.0,2026-03-06 06:15:00
1772778000000,1.858,1.858,1.858,1.858,0.0,2026-03-06 06:20:00
1772778300000,1.858,1.858,1.858,1.858,0.0,2026-03-06 06:25:00
1772778600000,1.858,1.858,1.858,1.858,0.0,2026-03-06 06:30:00
1772778900000,1.858,1.858,1.858,1.858,0.0,2026-03-06 06:35:00
1772779200000,1.858,1.858,1.858,1.858,0.0,2026-03-06 06:40:00
1772779500000,1.849,1.849,1.849,1.849,10.86,2026-03-06 06:45:00
1772779800000,1.849,1.849,1.849,1.849,0.0,2026-03-06 06:50:00
1772780100000,1.849,1.849,1.849,1.849,0.0,2026-03-06 06:55:00
1772780400000,1.849,1.849,1.849,1.849,0.0,2026-03-06 07:00:00
1772780700000,1.849,1.849,1.849,1.849,0.0,2026-03-06 07:05:00
1772781000000,1.849,1.849,1.849,1.849,0.0,2026-03-06 07:10:00
1772781300000,1.849,1.849,1.849,1.849,0.0,2026-03-06 07:15:00
1772781600000,1.849,1.849,1.849,1.849,0.0,2026-03-06 07:20:00
1772781900000,1.849,1.849,1.849,1.849,0.0,2026-03-06 07:25:00
1772782200000,1.849,1.849,1.849,1.849,0.0,2026-03-06 07:30:00
1772782500000,1.849,1.849,1.849,1.849,0.0,2026-03-06 07:35:00
1772782800000,1.849,1.849,1.849,1.849,0.0,2026-03-06 07:40:00
1772783100000,1.849,1.849,1.849,1.849,0.0,2026-03-06 07:45:00
1772783400000,1.849,1.849,1.849,1.849,0.0,2026-03-06 07:50:00
1772783700000,1.849,1.849,1.849,1.849,0.0,2026-03-06 07:55:00
1772784000000,1.849,1.849,1.849,1.849,0.0,2026-03-06 08:00:00
1772784300000,1.849,1.849,1.849,1.849,0.0,2026-03-06 08:05:00
1772784600000,1.849,1.849,1.849,1.849,0.0,2026-03-06 08:10:00
1772784900000,1.849,1.849,1.849,1.849,0.0,2026-03-06 08:15:00
1772785200000,1.849,1.849,1.849,1.849,0.0,2026-03-06 08:20:00
1772785500000,1.849,1.849,1.849,1.849,0.0,2026-03-06 08:25:00
1772785800000,1.849,1.849,1.849,1.849,0.0,2026-03-06 08:30:00
1772786100000,1.849,1.849,1.849,1.849,0.0,2026-03-06 08:35:00
1772786400000,1.849,1.849,1.849,1.849,0.0,2026-03-06 08:40:00
1772786700000,1.849,1.849,1.849,1.849,0.0,2026-03-06 08:45:00
1772787000000,1.849,1.849,1.849,1.849,0.0,2026-03-06 08:50:00
1772787300000,1.849,1.849,1.849,1.849,0.0,2026-03-06 08:55:00
1772787600000,1.86,1.86,1.86,1.86,1.61,2026-03-06 09:00:00
1772787900000,1.86,1.86,1.86,1.86,0.0,2026-03-06 09:05:00
1772788200000,1.86,1.86,1.86,1.86,0.0,2026-03-06 09:10:00
1772788500000,1.86,1.86,1.86,1.86,0.0,2026-03-06 09:15:00
1772788800000,1.86,1.86,1.86,1.86,0.0,2026-03-06 09:20:00
1772789100000,1.86,1.86,1.86,1.86,0.0,2026-03-06 09:25:00
1772789400000,1.86,1.86,1.86,1.86,0.0,2026-03-06 09:30:00
1772789700000,1.86,1.86,1.86,1.86,0.0,2026-03-06 09:35:00
1772790000000,1.86,1.86,1.86,1.86,0.0,2026-03-06 09:40:00
1772790300000,1.86,1.86,1.86,1.86,0.0,2026-03-06 09:45:00
1772790600000,1.86,1.86,1.86,1.86,0.0,2026-03-06 09:50:00
1772790900000,1.86,1.86,1.86,1.86,0.0,2026-03-06 09:55:00
1772791200000,1.86,1.86,1.86,1.86,0.0,2026-03-06 10:00:00
1772791500000,1.86,1.86,1.86,1.86,0.0,2026-03-06 10:05:00
1772791800000,1.86,1.86,1.86,1.86,0.0,2026-03-06 10:10:00
1772792100000,1.86,1.86,1.86,1.86,0.0,2026-03-06 10:15:00
1772792400000,1.86,1.86,1.86,1.86,0.0,2026-03-06 10:20:00
1772792700000,1.86,1.86,1.86,1.86,0.0,2026-03-06 10:25:00
1772793000000,1.86,1.86,1.86,1.86,0.0,2026-03-06 10:30:00
1772793300000,1.86,1.86,1.86,1.86,0.0,2026-03-06 10:35:00
1772793600000,1.86,1.86,1.86,1.86,0.0,2026-03-06 10:40:00
1772793900000,1.86,1.86,1.86,1.86,0.0,2026-03-06 10:45:00
1772794200000,1.86,1.86,1.86,1.86,0.0,2026-03-06 10:50:00
1772794500000,1.86,1.86,1.86,1.86,0.0,2026-03-06 10:55:00
1772794800000,1.86,1.86,1.86,1.86,0.0,2026-03-06 11:00:00
1772795100000,1.86,1.86,1.86,1.86,0.0,2026-03-06 11:05:00
1772795400000,1.86,1.86,1.86,1.86,0.0,2026-03-06 11:10:00
1772795700000,1.86,1.86,1.86,1.86,0.0,2026-03-06 11:15:00
1772796000000,1.86,1.86,1.86,1.86,0.0,2026-03-06 11:20:00
1772796300000,1.86,1.86,1.86,1.86,0.0,2026-03-06 11:25:00
1772796600000,1.86,1.86,1.86,1.86,0.0,2026-03-06 11:30:00
1772796900000,1.86,1.86,1.86,1.86,0.0,2026-03-06 11:35:00
1772797200000,1.819,1.819,1.818,1.818,155.29,2026-03-06 11:40:00
1772797500000,1.818,1.818,1.818,1.818,0.0,2026-03-06 11:45:00
1772797800000,1.809,1.809,1.809,1.809,9.39,2026-03-06 11:50:00
1772798100000,1.835,1.835,1.835,1.835,3.54,2026-03-06 11:55:00
1772798400000,1.835,1.835,1.835,1.835,0.0,2026-03-06 12:00:00
1772798700000,1.835,1.835,1.835,1.835,0.0,2026-03-06 12:05:00
1772799000000,1.835,1.835,1.835,1.835,0.0,2026-03-06 12:10:00
1772799300000,1.835,1.835,1.835,1.835,0.0,2026-03-06 12:15:00
1772799600000,1.835,1.835,1.835,1.835,0.0,2026-03-06 12:20:00
1772799900000,1.835,1.835,1.835,1.835,0.0,2026-03-06 12:25:00
1772800200000,1.835,1.835,1.835,1.835,0.0,2026-03-06 12:30:00
1772800500000,1.835,1.835,1.835,1.835,0.0,2026-03-06 12:35:00
1772800800000,1.835,1.835,1.835,1.835,0.0,2026-03-06 12:40:00
1772801100000,1.835,1.835,1.835,1.835,0.0,2026-03-06 12:45:00
1772801400000,1.835,1.835,1.835,1.835,0.0,2026-03-06 12:50:00
1772801700000,1.835,1.835,1.835,1.835,0.0,2026-03-06 12:55:00
1772802000000,1.835,1.835,1.835,1.835,0.0,2026-03-06 13:00:00
1772802300000,1.835,1.835,1.835,1.835,0.0,2026-03-06 13:05:00
1772802600000,1.835,1.835,1.835,1.835,0.0,2026-03-06 13:10:00
1772802900000,1.835,1.835,1.835,1.835,0.0,2026-03-06 13:15:00
1772803200000,1.835,1.835,1.835,1.835,0.0,2026-03-06 13:20:00
1772803500000,1.835,1.835,1.835,1.835,0.0,2026-03-06 13:25:00
1772803800000,1.835,1.835,1.835,1.835,0.0,2026-03-06 13:30:00
1772804100000,1.835,1.835,1.835,1.835,0.0,2026-03-06 13:35:00
1772804400000,1.835,1.835,1.835,1.835,0.0,2026-03-06 13:40:00
1772804700000,1.835,1.835,1.835,1.835,0.0,2026-03-06 13:45:00
1772805000000,1.835,1.835,1.835,1.835,0.0,2026-03-06 13:50:00
1772805300000,1.835,1.835,1.835,1.835,0.0,2026-03-06 13:55:00
1772805600000,1.835,1.835,1.835,1.835,0.0,2026-03-06 14:00:00
1772805900000,1.835,1.835,1.835,1.835,0.0,2026-03-06 14:05:00
1772806200000,1.835,1.835,1.835,1.835,0.0,2026-03-06 14:10:00
1772806500000,1.823,1.823,1.823,1.823,2.73,2026-03-06 14:15:00
1772806800000,1.823,1.823,1.823,1.823,0.0,2026-03-06 14:20:00
1772807100000,1.823,1.823,1.823,1.823,0.0,2026-03-06 14:25:00
1772807400000,1.823,1.823,1.823,1.823,0.0,2026-03-06 14:30:00
1772807700000,1.788,1.788,1.788,1.788,90.84,2026-03-06 14:35:00
1772808000000,1.757,1.757,1.757,1.757,1.95,2026-03-06 14:40:00
1772808300000,1.826,1.826,1.826,1.826,5.5,2026-03-06 14:45:00
1772808600000,1.826,1.826,1.826,1.826,0.0,2026-03-06 14:50:00
1772808900000,1.826,1.826,1.826,1.826,0.0,2026-03-06 14:55:00
1772809200000,1.826,1.826,1.826,1.826,0.0,2026-03-06 15:00:00
1772809500000,1.826,1.826,1.826,1.826,0.0,2026-03-06 15:05:00
1772809800000,1.826,1.826,1.826,1.826,0.0,2026-03-06 15:10:00
1772810100000,1.826,1.826,1.826,1.826,0.0,2026-03-06 15:15:00
1772810400000,1.826,1.826,1.826,1.826,0.0,2026-03-06 15:20:00
1772810700000,1.826,1.826,1.826,1.826,0.0,2026-03-06 15:25:00
1772811000000,1.826,1.826,1.826,1.826,0.0,2026-03-06 15:30:00
1772811300000,1.826,1.826,1.826,1.826,0.0,2026-03-06 15:35:00
1772811600000,1.826,1.826,1.826,1.826,0.0,2026-03-06 15:40:00
1772811900000,1.826,1.826,1.826,1.826,0.0,2026-03-06 15:45:00
1772812200000,1.826,1.826,1.826,1.826,0.0,2026-03-06 15:50:00
1772812500000,1.826,1.826,1.826,1.826,0.0,2026-03-06 15:55:00
1772812800000,1.826,1.826,1.826,1.826,0.0,2026-03-06 16:00:00
1772813100000,1.826,1.826,1.826,1.826,0.0,2026-03-06 16:05:00
1772813400000,1.826,1.826,1.826,1.826,0.0,2026-03-06 16:10:00
1772813700000,1.826,1.826,1.826,1.826,0.0,2026-03-06 16:15:00
1772814000000,1.826,1.826,1.826,1.826,0.0,2026-03-06 16:20:00
1772814300000,1.826,1.826,1.826,1.826,0.0,2026-03-06 16:25:00
1772814600000,1.826,1.826,1.826,1.826,0.0,2026-03-06 16:30:00
1772814900000,1.826,1.826,1.826,1.826,0.0,2026-03-06 16:35:00
1772815200000,1.759,1.759,1.759,1.759,2.84,2026-03-06 16:40:00
1772815500000,1.759,1.759,1.759,1.759,0.0,2026-03-06 16:45:00
1772815800000,1.759,1.759,1.759,1.759,0.0,2026-03-06 16:50:00
1772816100000,1.759,1.759,1.759,1.759,0.0,2026-03-06 16:55:00
1772816400000,1.759,1.759,1.759,1.759,0.0,2026-03-06 17:00:00
1772816700000,1.759,1.759,1.759,1.759,0.0,2026-03-06 17:05:00
1772817000000,1.804,1.804,1.804,1.804,55.28,2026-03-06 17:10:00
1772817300000,1.804,1.804,1.804,1.804,0.0,2026-03-06 17:15:00
1772817600000,1.804,1.804,1.804,1.804,0.0,2026-03-06 17:20:00
1772817900000,1.802,1.802,1.802,1.802,16.59,2026-03-06 17:25:00
1772818200000,1.802,1.802,1.802,1.802,0.0,2026-03-06 17:30:00
1772818500000,1.802,1.802,1.802,1.802,0.0,2026-03-06 17:35:00
1772818800000,1.802,1.802,1.802,1.802,0.0,2026-03-06 17:40:00
1772819100000,1.802,1.802,1.802,1.802,0.0,2026-03-06 17:45:00
1772819400000,1.802,1.802,1.802,1.802,0.0,2026-03-06 17:50:00
1772819700000,1.802,1.802,1.802,1.802,0.0,2026-03-06 17:55:00
1772820000000,1.802,1.802,1.802,1.802,0.0,2026-03-06 18:00:00
1772820300000,1.802,1.802,1.802,1.802,0.0,2026-03-06 18:05:00
1772820600000,1.802,1.802,1.802,1.802,0.0,2026-03-06 18:10:00
1772820900000,1.802,1.802,1.802,1.802,0.0,2026-03-06 18:15:00
1772821200000,1.805,1.805,1.805,1.805,13.87,2026-03-06 18:20:00
1772821500000,1.805,1.805,1.805,1.805,0.0,2026-03-06 18:25:00
1772821800000,1.805,1.805,1.805,1.805,0.0,2026-03-06 18:30:00
1772822100000,1.805,1.805,1.805,1.805,0.0,2026-03-06 18:35:00
1772822400000,1.805,1.805,1.805,1.805,0.0,2026-03-06 18:40:00
1772822700000,1.805,1.805,1.805,1.805,0.0,2026-03-06 18:45:00
1772823000000,1.805,1.805,1.805,1.805,0.0,2026-03-06 18:50:00
1772823300000,1.805,1.805,1.805,1.805,0.0,2026-03-06 18:55:00
1772823600000,1.805,1.805,1.805,1.805,0.0,2026-03-06 19:00:00
1772823900000,1.805,1.805,1.805,1.805,0.0,2026-03-06 19:05:00
1772824200000,1.805,1.805,1.805,1.805,0.0,2026-03-06 19:10:00
1772824500000,1.805,1.805,1.805,1.805,0.0,2026-03-06 19:15:00
1772824800000,1.805,1.805,1.805,1.805,0.0,2026-03-06 19:20:00
1772825100000,1.805,1.805,1.805,1.805,0.0,2026-03-06 19:25:00
1772825400000,1.805,1.805,1.805,1.805,0.0,2026-03-06 19:30:00
1772825700000,1.805,1.805,1.805,1.805,0.0,2026-03-06 19:35:00
1772826000000,1.805,1.805,1.805,1.805,0.0,2026-03-06 19:40:00
1772826300000,1.805,1.805,1.805,1.805,0.0,2026-03-06 19:45:00
1772826600000,1.759,1.804,1.759,1.804,27.85,2026-03-06 19:50:00
1772826900000,1.804,1.804,1.804,1.804,0.0,2026-03-06 19:55:00
1772827200000,1.804,1.804,1.804,1.804,0.0,2026-03-06 20:00:00
1772827500000,1.804,1.804,1.804,1.804,0.0,2026-03-06 20:05:00
1772827800000,1.804,1.804,1.804,1.804,0.0,2026-03-06 20:10:00
1772828100000,1.804,1.804,1.804,1.804,0.0,2026-03-06 20:15:00
1772828400000,1.804,1.804,1.804,1.804,0.0,2026-03-06 20:20:00
1772828700000,1.804,1.804,1.804,1.804,0.0,2026-03-06 20:25:00
1772829000000,1.804,1.804,1.804,1.804,0.0,2026-03-06 20:30:00
1772829300000,1.804,1.804,1.804,1.804,0.0,2026-03-06 20:35:00
1772829600000,1.804,1.804,1.804,1.804,0.0,2026-03-06 20:40:00
1772829900000,1.804,1.804,1.804,1.804,0.0,2026-03-06 20:45:00
1772830200000,1.814,1.814,1.814,1.814,1.24,2026-03-06 20:50:00
1772830500000,1.814,1.814,1.814,1.814,0.0,2026-03-06 20:55:00
1772830800000,1.814,1.814,1.814,1.814,0.0,2026-03-06 21:00:00
1772831100000,1.814,1.814,1.814,1.814,0.0,2026-03-06 21:05:00
1772831400000,1.814,1.814,1.814,1.814,0.0,2026-03-06 21:10:00
1772831700000,1.814,1.814,1.814,1.814,0.0,2026-03-06 21:15:00
1772832000000,1.814,1.814,1.814,1.814,0.0,2026-03-06 21:20:00
1772832300000,1.814,1.814,1.814,1.814,0.0,2026-03-06 21:25:00
1772832600000,1.814,1.814,1.814,1.814,0.0,2026-03-06 21:30:00
1772832900000,1.814,1.814,1.814,1.814,0.0,2026-03-06 21:35:00
1772833200000,1.814,1.814,1.814,1.814,0.0,2026-03-06 21:40:00
1772833500000,1.814,1.814,1.814,1.814,0.0,2026-03-06 21:45:00
1772833800000,1.814,1.814,1.814,1.814,0.0,2026-03-06 21:50:00
1772834100000,1.814,1.814,1.814,1.814,0.0,2026-03-06 21:55:00
1772834400000,1.814,1.814,1.814,1.814,0.0,2026-03-06 22:00:00
1772834700000,1.814,1.814,1.814,1.814,0.0,2026-03-06 22:05:00
1772835000000,1.814,1.814,1.814,1.814,0.0,2026-03-06 22:10:00
1772835300000,1.814,1.814,1.814,1.814,0.0,2026-03-06 22:15:00
1772835600000,1.814,1.814,1.814,1.814,0.0,2026-03-06 22:20:00
1772835900000,1.814,1.814,1.814,1.814,0.0,2026-03-06 22:25:00
1772836200000,1.814,1.814,1.814,1.814,0.0,2026-03-06 22:30:00
1772836500000,1.814,1.814,1.814,1.814,0.0,2026-03-06 22:35:00
1772836800000,1.814,1.814,1.814,1.814,0.0,2026-03-06 22:40:00
1772837100000,1.814,1.814,1.814,1.814,0.0,2026-03-06 22:45:00
1772837400000,1.814,1.814,1.814,1.814,0.0,2026-03-06 22:50:00
1772837700000,1.817,1.817,1.817,1.817,11.62,2026-03-06 22:55:00
1772838000000,1.834,1.834,1.834,1.834,5.11,2026-03-06 23:00:00
1772838300000,1.831,1.831,1.831,1.831,54.53,2026-03-06 23:05:00
1772838600000,1.831,1.831,1.831,1.831,0.0,2026-03-06 23:10:00
1772838900000,1.831,1.831,1.831,1.831,0.0,2026-03-06 23:15:00
1772839200000,1.831,1.831,1.831,1.831,0.0,2026-03-06 23:20:00
1772839500000,1.831,1.831,1.831,1.831,0.0,2026-03-06 23:25:00
1772839800000,1.831,1.831,1.831,1.831,0.0,2026-03-06 23:30:00
1772840100000,1.831,1.831,1.831,1.831,0.0,2026-03-06 23:35:00
1772840400000,1.831,1.831,1.831,1.831,0.0,2026-03-06 23:40:00
1772840700000,1.831,1.831,1.831,1.831,0.0,2026-03-06 23:45:00
1772841000000,1.831,1.831,1.831,1.831,0.0,2026-03-06 23:50:00
1772841300000,1.831,1.831,1.831,1.831,0.0,2026-03-06 23:55:00
1772841600000,1.831,1.831,1.831,1.831,0.0,2026-03-07 00:00:00
1772841900000,1.831,1.831,1.831,1.831,0.0,2026-03-07 00:05:00
1772842200000,1.831,1.831,1.831,1.831,0.0,2026-03-07 00:10:00
1772842500000,1.836,1.836,1.836,1.836,2.36,2026-03-07 00:15:00
1772842800000,1.836,1.838,1.79,1.836,11.24,2026-03-07 00:20:00
1772843100000,1.835,1.835,1.835,1.835,0.7,2026-03-07 00:25:00
1772843400000,1.79,1.79,1.79,1.79,2.84,2026-03-07 00:30:00
1772843700000,1.79,1.79,1.79,1.79,0.0,2026-03-07 00:35:00
1772844000000,1.79,1.79,1.79,1.79,0.0,2026-03-07 00:40:00
1772844300000,1.79,1.79,1.79,1.79,0.0,2026-03-07 00:45:00
1772844600000,1.79,1.79,1.79,1.79,0.0,2026-03-07 00:50:00
1772844900000,1.79,1.79,1.79,1.79,0.0,2026-03-07 00:55:00
1772845200000,1.79,1.79,1.79,1.79,0.0,2026-03-07 01:00:00
1772845500000,1.79,1.79,1.79,1.79,0.0,2026-03-07 01:05:00
1772845800000,1.79,1.79,1.79,1.79,0.0,2026-03-07 01:10:00
1772846100000,1.828,1.828,1.828,1.828,2.72,2026-03-07 01:15:00
1772846400000,1.828,1.828,1.828,1.828,0.0,2026-03-07 01:20:00
1772846700000,1.828,1.828,1.828,1.828,0.0,2026-03-07 01:25:00
1772847000000,1.828,1.828,1.828,1.828,0.0,2026-03-07 01:30:00
1772847300000,1.828,1.828,1.828,1.828,0.0,2026-03-07 01:35:00
1772847600000,1.834,1.834,1.834,1.834,23.0,2026-03-07 01:40:00
1772847900000,1.834,1.834,1.834,1.834,0.0,2026-03-07 01:45:00
1772848200000,1.834,1.834,1.834,1.834,0.0,2026-03-07 01:50:00
1772848500000,1.834,1.834,1.834,1.834,0.0,2026-03-07 01:55:00
1772848800000,1.834,1.834,1.834,1.834,0.0,2026-03-07 02:00:00
1772849100000,1.834,1.834,1.834,1.834,0.0,2026-03-07 02:05:00
1772849400000,1.834,1.834,1.834,1.834,0.0,2026-03-07 02:10:00
1772849700000,1.834,1.834,1.834,1.834,0.0,2026-03-07 02:15:00
1772850000000,1.834,1.834,1.834,1.834,0.0,2026-03-07 02:20:00
1772850300000,1.834,1.834,1.834,1.834,0.0,2026-03-07 02:25:00
1772850600000,1.834,1.834,1.834,1.834,0.0,2026-03-07 02:30:00
1772850900000,1.834,1.834,1.834,1.834,0.0,2026-03-07 02:35:00
1772851200000,1.834,1.834,1.834,1.834,0.0,2026-03-07 02:40:00
1772851500000,1.834,1.834,1.834,1.834,0.0,2026-03-07 02:45:00
1772851800000,1.834,1.834,1.834,1.834,0.0,2026-03-07 02:50:00
1772852100000,1.834,1.834,1.834,1.834,0.0,2026-03-07 02:55:00
1772852400000,1.834,1.834,1.834,1.834,0.0,2026-03-07 03:00:00
1772852700000,1.834,1.834,1.834,1.834,0.0,2026-03-07 03:05:00
1772853000000,1.834,1.834,1.834,1.834,0.0,2026-03-07 03:10:00
1772853300000,1.834,1.834,1.834,1.834,0.0,2026-03-07 03:15:00
1772853600000,1.834,1.834,1.834,1.834,0.0,2026-03-07 03:20:00
1772853900000,1.834,1.834,1.834,1.834,0.0,2026-03-07 03:25:00
1772854200000,1.834,1.834,1.834,1.834,0.0,2026-03-07 03:30:00
1772854500000,1.834,1.834,1.834,1.834,0.0,2026-03-07 03:35:00
1772854800000,1.834,1.834,1.834,1.834,0.0,2026-03-07 03:40:00
1772855100000,1.834,1.834,1.834,1.834,0.0,2026-03-07 03:45:00
1772855400000,1.834,1.834,1.834,1.834,0.0,2026-03-07 03:50:00
1772855700000,1.834,1.834,1.834,1.834,0.0,2026-03-07 03:55:00
1772856000000,1.834,1.834,1.834,1.834,0.0,2026-03-07 04:00:00
1772856300000,1.834,1.834,1.834,1.834,0.0,2026-03-07 04:05:00
1772856600000,1.834,1.834,1.834,1.834,0.0,2026-03-07 04:10:00
1772856900000,1.834,1.834,1.834,1.834,0.0,2026-03-07 04:15:00
1772857200000,1.834,1.834,1.834,1.834,0.0,2026-03-07 04:20:00
1772857500000,1.834,1.834,1.834,1.834,0.0,2026-03-07 04:25:00
1772857800000,1.834,1.834,1.834,1.834,0.0,2026-03-07 04:30:00
1772858100000,1.834,1.834,1.834,1.834,0.0,2026-03-07 04:35:00
1772858400000,1.834,1.834,1.834,1.834,0.0,2026-03-07 04:40:00
1772858700000,1.834,1.834,1.834,1.834,0.0,2026-03-07 04:45:00
1772859000000,1.834,1.834,1.834,1.834,0.0,2026-03-07 04:50:00
1772859300000,1.834,1.834,1.834,1.834,0.0,2026-03-07 04:55:00
1772859600000,1.834,1.834,1.834,1.834,0.0,2026-03-07 05:00:00
1772859900000,1.834,1.834,1.834,1.834,0.0,2026-03-07 05:05:00
1772860200000,1.834,1.834,1.834,1.834,0.0,2026-03-07 05:10:00
1772860500000,1.834,1.834,1.834,1.834,0.0,2026-03-07 05:15:00
1772860800000,1.834,1.834,1.834,1.834,0.0,2026-03-07 05:20:00
1772861100000,1.834,1.834,1.834,1.834,0.0,2026-03-07 05:25:00
1772861400000,1.834,1.834,1.834,1.834,0.0,2026-03-07 05:30:00
1772861700000,1.834,1.834,1.834,1.834,0.0,2026-03-07 05:35:00
1772862000000,1.834,1.834,1.834,1.834,0.0,2026-03-07 05:40:00
1772862300000,1.834,1.834,1.834,1.834,0.0,2026-03-07 05:45:00
1772862600000,1.834,1.834,1.834,1.834,0.0,2026-03-07 05:50:00
1772862900000,1.834,1.834,1.834,1.834,0.0,2026-03-07 05:55:00
1772863200000,1.838,1.838,1.838,1.838,3.8,2026-03-07 06:00:00
1772863500000,1.838,1.838,1.838,1.838,0.0,2026-03-07 06:05:00
1772863800000,1.838,1.838,1.838,1.838,0.0,2026-03-07 06:10:00
1772864100000,1.838,1.838,1.838,1.838,0.0,2026-03-07 06:15:00
1772864400000,1.838,1.838,1.838,1.838,0.0,2026-03-07 06:20:00
1772864700000,1.838,1.838,1.838,1.838,0.0,2026-03-07 06:25:00
1772865000000,1.838,1.838,1.838,1.838,0.0,2026-03-07 06:30:00
1772865300000,1.838,1.838,1.838,1.838,0.0,2026-03-07 06:35:00
1772865600000,1.838,1.838,1.838,1.838,0.0,2026-03-07 06:40:00
1772865900000,1.838,1.838,1.838,1.838,0.0,2026-03-07 06:45:00
1772866200000,1.838,1.838,1.838,1.838,0.0,2026-03-07 06:50:00
1772866500000,1.838,1.838,1.838,1.838,0.0,2026-03-07 06:55:00
1772866800000,1.838,1.838,1.838,1.838,0.0,2026-03-07 07:00:00
1772867100000,1.838,1.838,1.838,1.838,0.0,2026-03-07 07:05:00
1772867400000,1.838,1.838,1.838,1.838,0.0,2026-03-07 07:10:00
1772867700000,1.838,1.838,1.838,1.838,0.0,2026-03-07 07:15:00
1772868000000,1.838,1.838,1.838,1.838,0.0,2026-03-07 07:20:00
1772868300000,1.838,1.838,1.838,1.838,0.0,2026-03-07 07:25:00
1772868600000,1.838,1.838,1.838,1.838,0.0,2026-03-07 07:30:00
1772868900000,1.838,1.838,1.838,1.838,0.0,2026-03-07 07:35:00
1772869200000,1.838,1.838,1.838,1.838,0.0,2026-03-07 07:40:00
1772869500000,1.838,1.838,1.838,1.838,0.0,2026-03-07 07:45:00
1772869800000,1.838,1.838,1.838,1.838,0.0,2026-03-07 07:50:00
1772870100000,1.838,1.838,1.838,1.838,0.0,2026-03-07 07:55:00
1772870400000,1.838,1.838,1.838,1.838,0.0,2026-03-07 08:00:00
1772870700000,1.838,1.838,1.838,1.838,0.0,2026-03-07 08:05:00
1772871000000,1.838,1.838,1.838,1.838,0.0,2026-03-07 08:10:00
1772871300000,1.838,1.838,1.838,1.838,0.0,2026-03-07 08:15:00
1772871600000,1.838,1.838,1.838,1.838,0.0,2026-03-07 08:20:00
1772871900000,1.838,1.838,1.838,1.838,0.71,2026-03-07 08:25:00
1772872200000,1.838,1.838,1.838,1.838,0.0,2026-03-07 08:30:00
1772872500000,1.838,1.838,1.838,1.838,0.0,2026-03-07 08:35:00
1772872800000,1.838,1.838,1.838,1.838,0.0,2026-03-07 08:40:00
1772873100000,1.838,1.838,1.838,1.838,0.0,2026-03-07 08:45:00
1772873400000,1.838,1.838,1.838,1.838,0.0,2026-03-07 08:50:00
1772873700000,1.838,1.838,1.838,1.838,0.0,2026-03-07 08:55:00
1772874000000,1.837,1.837,1.837,1.837,1.63,2026-03-07 09:00:00
1772874300000,1.837,1.837,1.837,1.837,0.0,2026-03-07 09:05:00
1772874600000,1.837,1.837,1.837,1.837,0.0,2026-03-07 09:10:00
1772874900000,1.837,1.837,1.837,1.837,0.0,2026-03-07 09:15:00
1772875200000,1.837,1.837,1.837,1.837,0.0,2026-03-07 09:20:00
1772875500000,1.837,1.837,1.837,1.837,0.0,2026-03-07 09:25:00
1772875800000,1.837,1.837,1.837,1.837,0.0,2026-03-07 09:30:00
1772876100000,1.837,1.837,1.837,1.837,0.0,2026-03-07 09:35:00
1772876400000,1.837,1.837,1.837,1.837,0.0,2026-03-07 09:40:00
1772876700000,1.837,1.837,1.837,1.837,0.0,2026-03-07 09:45:00
1772877000000,1.837,1.837,1.837,1.837,0.0,2026-03-07 09:50:00
1772877300000,1.837,1.837,1.837,1.837,0.0,2026-03-07 09:55:00
1772877600000,1.837,1.837,1.837,1.837,0.0,2026-03-07 10:00:00
1772877900000,1.837,1.837,1.837,1.837,0.0,2026-03-07 10:05:00
1772878200000,1.837,1.837,1.837,1.837,0.0,2026-03-07 10:10:00
1772878500000,1.837,1.837,1.837,1.837,0.0,2026-03-07 10:15:00
1772878800000,1.837,1.837,1.837,1.837,0.0,2026-03-07 10:20:00
1772879100000,1.837,1.837,1.837,1.837,0.0,2026-03-07 10:25:00
1772879400000,1.837,1.837,1.837,1.837,0.0,2026-03-07 10:30:00
1772879700000,1.837,1.837,1.837,1.837,0.0,2026-03-07 10:35:00
1772880000000,1.837,1.837,1.837,1.837,0.0,2026-03-07 10:40:00
1772880300000,1.837,1.837,1.837,1.837,0.0,2026-03-07 10:45:00
1772880600000,1.837,1.837,1.837,1.837,0.0,2026-03-07 10:50:00
1772880900000,1.837,1.837,1.837,1.837,0.0,2026-03-07 10:55:00
1772881200000,1.837,1.837,1.837,1.837,0.0,2026-03-07 11:00:00
1772881500000,1.838,1.838,1.838,1.838,54.26,2026-03-07 11:05:00
1772881800000,1.838,1.838,1.838,1.838,0.0,2026-03-07 11:10:00
1772882100000,1.838,1.838,1.838,1.838,0.0,2026-03-07 11:15:00
1772882400000,1.838,1.838,1.838,1.838,0.0,2026-03-07 11:20:00
1772882700000,1.838,1.838,1.838,1.838,0.0,2026-03-07 11:25:00
1772883000000,1.838,1.838,1.838,1.838,0.0,2026-03-07 11:30:00
1772883300000,1.838,1.838,1.838,1.838,0.0,2026-03-07 11:35:00
1772883600000,1.838,1.838,1.838,1.838,0.0,2026-03-07 11:40:00
1772883900000,1.838,1.838,1.838,1.838,0.0,2026-03-07 11:45:00
1772884200000,1.838,1.838,1.838,1.838,0.0,2026-03-07 11:50:00
1772884500000,1.838,1.838,1.838,1.838,0.0,2026-03-07 11:55:00
1772884800000,1.838,1.838,1.838,1.838,0.0,2026-03-07 12:00:00
1772885100000,1.838,1.838,1.838,1.838,0.0,2026-03-07 12:05:00
1772885400000,1.838,1.838,1.838,1.838,0.0,2026-03-07 12:10:00
1772885700000,1.838,1.838,1.838,1.838,0.0,2026-03-07 12:15:00
1772886000000,1.838,1.838,1.838,1.838,0.0,2026-03-07 12:20:00
1772886300000,1.838,1.838,1.838,1.838,0.0,2026-03-07 12:25:00
1772886600000,1.838,1.838,1.838,1.838,0.0,2026-03-07 12:30:00
1772886900000,1.838,1.838,1.838,1.838,0.0,2026-03-07 12:35:00
1772887200000,1.838,1.838,1.838,1.838,0.0,2026-03-07 12:40:00
1772887500000,1.838,1.838,1.838,1.838,0.0,2026-03-07 12:45:00
1772887800000,1.838,1.838,1.838,1.838,0.0,2026-03-07 12:50:00
1772888100000,1.838,1.838,1.838,1.838,0.0,2026-03-07 12:55:00
1772888400000,1.838,1.838,1.838,1.838,0.0,2026-03-07 13:00:00
1772888700000,1.838,1.838,1.838,1.838,0.0,2026-03-07 13:05:00
1772889000000,1.838,1.838,1.838,1.838,0.0,2026-03-07 13:10:00
1772889300000,1.838,1.838,1.838,1.838,0.0,2026-03-07 13:15:00
1772889600000,1.838,1.838,1.838,1.838,0.0,2026-03-07 13:20:00
1772889900000,1.838,1.838,1.838,1.838,0.0,2026-03-07 13:25:00
1772890200000,1.838,1.838,1.838,1.838,0.0,2026-03-07 13:30:00
1772890500000,1.838,1.838,1.838,1.838,0.0,2026-03-07 13:35:00
1772890800000,1.838,1.838,1.838,1.838,0.0,2026-03-07 13:40:00
1772891100000,1.838,1.838,1.838,1.838,0.0,2026-03-07 13:45:00
1772891400000,1.838,1.838,1.838,1.838,0.0,2026-03-07 13:50:00
1772891700000,1.838,1.838,1.838,1.838,0.0,2026-03-07 13:55:00
1772892000000,1.838,1.838,1.838,1.838,0.0,2026-03-07 14:00:00
1772892300000,1.838,1.838,1.838,1.838,0.0,2026-03-07 14:05:00
1772892600000,1.838,1.838,1.838,1.838,0.0,2026-03-07 14:10:00
1772892900000,1.838,1.838,1.838,1.838,0.0,2026-03-07 14:15:00
1772893200000,1.838,1.838,1.838,1.838,0.0,2026-03-07 14:20:00
1772893500000,1.838,1.838,1.838,1.838,0.0,2026-03-07 14:25:00
1772893800000,1.838,1.838,1.838,1.838,0.0,2026-03-07 14:30:00
1772894100000,1.838,1.838,1.838,1.838,0.0,2026-03-07 14:35:00
1772894400000,1.838,1.838,1.838,1.838,0.0,2026-03-07 14:40:00
1772894700000,1.838,1.838,1.838,1.838,0.0,2026-03-07 14:45:00
1772895000000,1.838,1.838,1.838,1.838,0.0,2026-03-07 14:50:00
1772895300000,1.838,1.838,1.838,1.838,0.0,2026-03-07 14:55:00
1772895600000,1.838,1.838,1.838,1.838,0.0,2026-03-07 15:00:00
1772895900000,1.838,1.838,1.838,1.838,0.0,2026-03-07 15:05:00
1772896200000,1.838,1.838,1.838,1.838,0.0,2026-03-07 15:10:00
1772896500000,1.838,1.838,1.838,1.838,0.0,2026-03-07 15:15:00
1772896800000,1.838,1.838,1.838,1.838,0.0,2026-03-07 15:20:00
1772897100000,1.838,1.838,1.838,1.838,0.0,2026-03-07 15:25:00
1772897400000,1.838,1.838,1.838,1.838,0.0,2026-03-07 15:30:00
1772897700000,1.838,1.838,1.838,1.838,0.0,2026-03-07 15:35:00
1772898000000,1.838,1.838,1.838,1.838,0.0,2026-03-07 15:40:00
1772898300000,1.832,1.832,1.832,1.832,272.78,2026-03-07 15:45:00
1772898600000,1.832,1.832,1.832,1.832,0.0,2026-03-07 15:50:00
1772898900000,1.832,1.832,1.832,1.832,0.0,2026-03-07 15:55:00
1772899200000,1.832,1.832,1.832,1.832,0.0,2026-03-07 16:00:00
1772899500000,1.832,1.832,1.832,1.832,0.0,2026-03-07 16:05:00
1772899800000,1.832,1.832,1.832,1.832,0.0,2026-03-07 16:10:00
1772900100000,1.832,1.832,1.832,1.832,0.0,2026-03-07 16:15:00
1772900400000,1.836,1.836,1.836,1.836,217.3,2026-03-07 16:20:00
1772900700000,1.836,1.836,1.836,1.836,0.0,2026-03-07 16:25:00
1772901000000,1.836,1.836,1.836,1.836,0.0,2026-03-07 16:30:00
1772901300000,1.836,1.836,1.836,1.836,0.0,2026-03-07 16:35:00
1772901600000,1.836,1.836,1.836,1.836,0.0,2026-03-07 16:40:00
1772901900000,1.836,1.836,1.836,1.836,0.0,2026-03-07 16:45:00
1772902200000,1.836,1.836,1.836,1.836,0.0,2026-03-07 16:50:00
1772902500000,1.836,1.836,1.836,1.836,0.0,2026-03-07 16:55:00
1772902800000,1.836,1.836,1.836,1.836,0.0,2026-03-07 17:00:00
1772903100000,1.836,1.836,1.836,1.836,0.0,2026-03-07 17:05:00
1772903400000,1.836,1.836,1.836,1.836,0.0,2026-03-07 17:10:00
1772903700000,1.836,1.836,1.836,1.836,0.0,2026-03-07 17:15:00
1772904000000,1.836,1.836,1.836,1.836,0.0,2026-03-07 17:20:00
1772904300000,1.836,1.836,1.836,1.836,0.0,2026-03-07 17:25:00
1772904600000,1.836,1.836,1.836,1.836,0.0,2026-03-07 17:30:00
1772904900000,1.836,1.836,1.836,1.836,0.0,2026-03-07 17:35:00
1772905200000,1.836,1.836,1.836,1.836,0.0,2026-03-07 17:40:00
1772905500000,1.836,1.836,1.836,1.836,0.0,2026-03-07 17:45:00
1772905800000,1.836,1.836,1.836,1.836,0.0,2026-03-07 17:50:00
1772906100000,1.836,1.836,1.836,1.836,0.0,2026-03-07 17:55:00
1772906400000,1.79,1.79,1.763,1.763,8.11,2026-03-07 18:00:00
1772906700000,1.763,1.763,1.763,1.763,0.0,2026-03-07 18:05:00
1772907000000,1.763,1.763,1.763,1.763,0.0,2026-03-07 18:10:00
1772907300000,1.763,1.763,1.763,1.763,0.0,2026-03-07 18:15:00
1772907600000,1.763,1.763,1.763,1.763,49.8,2026-03-07 18:20:00
1772907900000,1.763,1.763,1.763,1.763,0.0,2026-03-07 18:25:00
1772908200000,1.813,1.813,1.813,1.813,275.07,2026-03-07 18:30:00
1772908500000,1.813,1.813,1.813,1.813,0.0,2026-03-07 18:35:00
1772908800000,1.813,1.813,1.813,1.813,0.0,2026-03-07 18:40:00
1772909100000,1.813,1.813,1.813,1.813,0.0,2026-03-07 18:45:00
1772909400000,1.813,1.813,1.813,1.813,0.0,2026-03-07 18:50:00
1772909700000,1.813,1.813,1.813,1.813,0.0,2026-03-07 18:55:00
1772910000000,1.813,1.813,1.813,1.813,0.0,2026-03-07 19:00:00
1772910300000,1.813,1.813,1.813,1.813,0.0,2026-03-07 19:05:00
1772910600000,1.813,1.813,1.813,1.813,0.0,2026-03-07 19:10:00
1772910900000,1.813,1.813,1.813,1.813,0.0,2026-03-07 19:15:00
1772911200000,1.813,1.813,1.813,1.813,0.0,2026-03-07 19:20:00
1772911500000,1.813,1.813,1.813,1.813,0.0,2026-03-07 19:25:00
1772911800000,1.813,1.813,1.813,1.813,0.0,2026-03-07 19:30:00
1772912100000,1.813,1.813,1.813,1.813,0.0,2026-03-07 19:35:00
1772912400000,1.813,1.813,1.813,1.813,0.0,2026-03-07 19:40:00
1772912700000,1.813,1.813,1.813,1.813,0.0,2026-03-07 19:45:00
1772913000000,1.813,1.813,1.813,1.813,0.0,2026-03-07 19:50:00
1772913300000,1.813,1.813,1.813,1.813,0.0,2026-03-07 19:55:00
1772913600000,1.804,1.804,1.761,1.761,66.28,2026-03-07 20:00:00
1772913900000,1.761,1.761,1.761,1.761,0.0,2026-03-07 20:05:00
1772914200000,1.761,1.761,1.761,1.761,0.0,2026-03-07 20:10:00
1772914500000,1.761,1.761,1.761,1.761,0.0,2026-03-07 20:15:00
1772914800000,1.761,1.761,1.761,1.761,0.0,2026-03-07 20:20:00
1772915100000,1.765,1.765,1.765,1.765,24.37,2026-03-07 20:25:00
1772915400000,1.765,1.765,1.765,1.765,17.3,2026-03-07 20:30:00
1772915700000,1.829,1.829,1.826,1.826,118.34,2026-03-07 20:35:00
1772916000000,1.826,1.826,1.826,1.826,0.0,2026-03-07 20:40:00
1772916300000,1.826,1.826,1.826,1.826,0.0,2026-03-07 20:45:00
1772916600000,1.826,1.826,1.826,1.826,0.0,2026-03-07 20:50:00
1772916900000,1.826,1.826,1.826,1.826,0.0,2026-03-07 20:55:00
1772917200000,1.826,1.826,1.826,1.826,0.0,2026-03-07 21:00:00
1772917500000,1.826,1.826,1.826,1.826,0.0,2026-03-07 21:05:00
1772917800000,1.826,1.826,1.826,1.826,0.0,2026-03-07 21:10:00
1772918100000,1.826,1.826,1.826,1.826,0.0,2026-03-07 21:15:00
1772918400000,1.826,1.826,1.826,1.826,0.0,2026-03-07 21:20:00
1772918700000,1.826,1.826,1.826,1.826,0.0,2026-03-07 21:25:00
1772919000000,1.826,1.826,1.826,1.826,0.0,2026-03-07 21:30:00
1772919300000,1.826,1.826,1.826,1.826,0.0,2026-03-07 21:35:00
1772919600000,1.826,1.826,1.826,1.826,0.0,2026-03-07 21:40:00
1772919900000,1.826,1.826,1.826,1.826,0.0,2026-03-07 21:45:00
1772920200000,1.826,1.826,1.826,1.826,0.0,2026-03-07 21:50:00
1772920500000,1.826,1.826,1.826,1.826,0.0,2026-03-07 21:55:00
1772920800000,1.826,1.826,1.826,1.826,0.0,2026-03-07 22:00:00
1772921100000,1.826,1.826,1.826,1.826,0.0,2026-03-07 22:05:00
1772921400000,1.826,1.826,1.826,1.826,0.0,2026-03-07 22:10:00
1772921700000,1.826,1.826,1.826,1.826,0.0,2026-03-07 22:15:00
1772922000000,1.826,1.826,1.826,1.826,0.0,2026-03-07 22:20:00
1772922300000,1.826,1.826,1.826,1.826,0.0,2026-03-07 22:25:00
1772922600000,1.826,1.826,1.826,1.826,0.0,2026-03-07 22:30:00
1772922900000,1.826,1.826,1.826,1.826,0.0,2026-03-07 22:35:00
1772923200000,1.826,1.826,1.826,1.826,0.0,2026-03-07 22:40:00
1772923500000,1.826,1.826,1.826,1.826,0.0,2026-03-07 22:45:00
1772923800000,1.826,1.826,1.826,1.826,0.0,2026-03-07 22:50:00
1772924100000,1.826,1.826,1.826,1.826,0.0,2026-03-07 22:55:00
1772924400000,1.826,1.826,1.826,1.826,0.0,2026-03-07 23:00:00
1772924700000,1.826,1.826,1.826,1.826,0.0,2026-03-07 23:05:00
1772925000000,1.826,1.826,1.826,1.826,0.0,2026-03-07 23:10:00
1772925300000,1.826,1.826,1.826,1.826,0.0,2026-03-07 23:15:00
1772925600000,1.826,1.826,1.826,1.826,0.0,2026-03-07 23:20:00
1772925900000,1.826,1.826,1.826,1.826,0.0,2026-03-07 23:25:00
1772926200000,1.826,1.826,1.826,1.826,0.0,2026-03-07 23:30:00
1772926500000,1.826,1.826,1.826,1.826,0.0,2026-03-07 23:35:00
1772926800000,1.826,1.826,1.826,1.826,0.0,2026-03-07 23:40:00
1772927100000,1.826,1.826,1.826,1.826,0.0,2026-03-07 23:45:00
1772927400000,1.826,1.826,1.826,1.826,0.0,2026-03-07 23:50:00
1772927700000,1.826,1.826,1.826,1.826,0.0,2026-03-07 23:55:00
1772928000000,1.826,1.826,1.826,1.826,0.0,2026-03-08 00:00:00
1772928300000,1.826,1.826,1.826,1.826,0.0,2026-03-08 00:05:00
1772928600000,1.826,1.826,1.826,1.826,0.0,2026-03-08 00:10:00
1772928900000,1.805,1.805,1.767,1.803,8.05,2026-03-08 00:15:00
1772929200000,1.824,1.824,1.824,1.824,1.22,2026-03-08 00:20:00
1772929500000,1.824,1.824,1.824,1.824,0.0,2026-03-08 00:25:00
1772929800000,1.803,1.803,1.767,1.767,14.78,2026-03-08 00:30:00
1772930100000,1.82,1.82,1.817,1.817,1.22,2026-03-08 00:35:00
1772930400000,1.803,1.803,1.803,1.803,1.35,2026-03-08 00:40:00
1772930700000,1.795,1.795,1.793,1.793,3.78,2026-03-08 00:45:00
1772931000000,1.793,1.808,1.793,1.804,1.98,2026-03-08 00:50:00
1772931300000,1.804,1.804,1.804,1.804,0.0,2026-03-08 00:55:00
1772931600000,1.805,1.805,1.805,1.805,1.13,2026-03-08 01:00:00
1772931900000,1.808,1.808,1.808,1.808,1.29,2026-03-08 01:05:00
1772932200000,1.803,1.803,1.803,1.803,0.79,2026-03-08 01:10:00
1772932500000,1.803,1.803,1.803,1.803,0.0,2026-03-08 01:15:00
1772932800000,1.803,1.803,1.803,1.803,0.0,2026-03-08 01:20:00
1772933100000,1.803,1.803,1.803,1.803,0.0,2026-03-08 01:25:00
1772933400000,1.803,1.803,1.803,1.803,0.0,2026-03-08 01:30:00
1772933700000,1.803,1.803,1.803,1.803,0.0,2026-03-08 01:35:00
1772934000000,1.803,1.803,1.803,1.803,0.0,2026-03-08 01:40:00
1772934300000,1.803,1.803,1.803,1.803,0.0,2026-03-08 01:45:00
1772934600000,1.803,1.803,1.803,1.803,0.0,2026-03-08 01:50:00
1772934900000,1.803,1.803,1.803,1.803,0.0,2026-03-08 01:55:00
1772935200000,1.803,1.803,1.803,1.803,0.0,2026-03-08 02:00:00
1772935500000,1.803,1.803,1.803,1.803,0.0,2026-03-08 02:05:00
1772935800000,1.803,1.803,1.803,1.803,0.0,2026-03-08 02:10:00
1772936100000,1.803,1.803,1.803,1.803,0.0,2026-03-08 02:15:00
1772936400000,1.803,1.803,1.803,1.803,0.0,2026-03-08 02:20:00
1772936700000,1.803,1.803,1.803,1.803,0.0,2026-03-08 02:25:00
1772937000000,1.767,1.767,1.767,1.767,7.6,2026-03-08 02:30:00
1772937300000,1.767,1.767,1.767,1.767,0.0,2026-03-08 02:35:00
1772937600000,1.767,1.767,1.767,1.767,0.0,2026-03-08 02:40:00
1772937900000,1.767,1.767,1.767,1.767,0.0,2026-03-08 02:45:00
1772938200000,1.767,1.767,1.767,1.767,0.0,2026-03-08 02:50:00
1772938500000,1.768,1.768,1.768,1.768,47.24,2026-03-08 02:55:00
1772938800000,1.768,1.768,1.768,1.768,0.0,2026-03-08 03:00:00
1772939100000,1.768,1.768,1.768,1.768,0.0,2026-03-08 03:05:00
1772939400000,1.768,1.768,1.768,1.768,0.0,2026-03-08 03:10:00
1772939700000,1.768,1.768,1.768,1.768,0.0,2026-03-08 03:15:00
1772940000000,1.768,1.768,1.768,1.768,0.0,2026-03-08 03:20:00
1772940300000,1.768,1.768,1.768,1.768,0.0,2026-03-08 03:25:00
1772940600000,1.768,1.768,1.768,1.768,0.0,2026-03-08 03:30:00
1772940900000,1.768,1.768,1.768,1.768,0.0,2026-03-08 03:35:00
1772941200000,1.768,1.768,1.768,1.768,0.0,2026-03-08 03:40:00
1772941500000,1.768,1.768,1.768,1.768,0.0,2026-03-08 03:45:00
1772941800000,1.768,1.768,1.768,1.768,0.0,2026-03-08 03:50:00
1772942100000,1.768,1.768,1.768,1.768,0.0,2026-03-08 03:55:00
1772942400000,1.768,1.768,1.768,1.768,0.0,2026-03-08 04:00:00
1772942700000,1.768,1.768,1.768,1.768,0.0,2026-03-08 04:05:00
1772943000000,1.768,1.768,1.768,1.768,0.0,2026-03-08 04:10:00
1772943300000,1.761,1.761,1.761,1.761,22.69,2026-03-08 04:15:00
1772943600000,1.761,1.761,1.761,1.761,0.0,2026-03-08 04:20:00
1772943900000,1.761,1.761,1.761,1.761,0.0,2026-03-08 04:25:00
1772944200000,1.761,1.761,1.761,1.761,0.0,2026-03-08 04:30:00
1772944500000,1.761,1.761,1.761,1.761,0.0,2026-03-08 04:35:00
1772944800000,1.761,1.761,1.761,1.761,0.0,2026-03-08 04:40:00
1772945100000,1.761,1.761,1.761,1.761,0.0,2026-03-08 04:45:00
1772945400000,1.761,1.761,1.761,1.761,0.0,2026-03-08 04:50:00
1772945700000,1.758,1.758,1.758,1.758,4.42,2026-03-08 04:55:00
1772946000000,1.758,1.758,1.758,1.758,0.0,2026-03-08 05:00:00
1772946300000,1.758,1.758,1.758,1.758,0.0,2026-03-08 05:05:00
1772946600000,1.758,1.758,1.758,1.758,0.0,2026-03-08 05:10:00
1772946900000,1.758,1.758,1.758,1.758,0.0,2026-03-08 05:15:00
1772947200000,1.758,1.758,1.758,1.758,0.0,2026-03-08 05:20:00
1772947500000,1.758,1.758,1.758,1.758,0.0,2026-03-08 05:25:00
1772947800000,1.758,1.758,1.758,1.758,0.0,2026-03-08 05:30:00
1772948100000,1.758,1.758,1.758,1.758,0.0,2026-03-08 05:35:00
1772948400000,1.758,1.758,1.758,1.758,0.0,2026-03-08 05:40:00
1772948700000,1.758,1.758,1.758,1.758,0.0,2026-03-08 05:45:00
1772949000000,1.758,1.758,1.758,1.758,0.0,2026-03-08 05:50:00
1772949300000,1.758,1.758,1.758,1.758,0.0,2026-03-08 05:55:00
1772949600000,1.758,1.758,1.758,1.758,0.0,2026-03-08 06:00:00
1772949900000,1.758,1.758,1.758,1.758,0.0,2026-03-08 06:05:00
1772950200000,1.758,1.758,1.758,1.758,0.0,2026-03-08 06:10:00
1772950500000,1.758,1.758,1.758,1.758,0.0,2026-03-08 06:15:00
1772950800000,1.758,1.758,1.758,1.758,0.0,2026-03-08 06:20:00
1772951100000,1.758,1.758,1.758,1.758,0.0,2026-03-08 06:25:00
1772951400000,1.758,1.758,1.758,1.758,87.97,2026-03-08 06:30:00
1772951700000,1.758,1.758,1.758,1.758,0.0,2026-03-08 06:35:00
1772952000000,1.758,1.758,1.758,1.758,0.0,2026-03-08 06:40:00
1772952300000,1.758,1.758,1.758,1.758,0.0,2026-03-08 06:45:00
1772952600000,1.758,1.758,1.758,1.758,0.0,2026-03-08 06:50:00
1772952900000,1.758,1.758,1.758,1.758,0.0,2026-03-08 06:55:00
1772953200000,1.758,1.758,1.758,1.758,0.0,2026-03-08 07:00:00
1772953500000,1.758,1.758,1.758,1.758,0.0,2026-03-08 07:05:00
1772953800000,1.758,1.758,1.758,1.758,0.0,2026-03-08 07:10:00
1772954100000,1.758,1.758,1.758,1.758,0.0,2026-03-08 07:15:00
1772954400000,1.758,1.758,1.758,1.758,0.0,2026-03-08 07:20:00
1772954700000,1.758,1.758,1.758,1.758,0.0,2026-03-08 07:25:00
1772955000000,1.758,1.758,1.758,1.758,0.0,2026-03-08 07:30:00
1772955300000,1.758,1.758,1.758,1.758,0.0,2026-03-08 07:35:00
1772955600000,1.758,1.758,1.758,1.758,0.0,2026-03-08 07:40:00
1772955900000,1.758,1.758,1.758,1.758,0.0,2026-03-08 07:45:00
1772956200000,1.758,1.758,1.758,1.758,0.0,2026-03-08 07:50:00
1772956500000,1.758,1.758,1.758,1.758,0.0,2026-03-08 07:55:00
1772956800000,1.758,1.758,1.758,1.758,0.0,2026-03-08 08:00:00
1772957100000,1.758,1.758,1.758,1.758,0.0,2026-03-08 08:05:00
1772957400000,1.758,1.758,1.758,1.758,0.0,2026-03-08 08:10:00
1772957700000,1.758,1.758,1.758,1.758,0.0,2026-03-08 08:15:00
1772958000000,1.758,1.758,1.758,1.758,0.0,2026-03-08 08:20:00
1772958300000,1.758,1.758,1.758,1.758,0.0,2026-03-08 08:25:00
1772958600000,1.758,1.758,1.758,1.758,0.0,2026-03-08 08:30:00
1772958900000,1.758,1.758,1.758,1.758,0.0,2026-03-08 08:35:00
1772959200000,1.758,1.758,1.758,1.758,0.0,2026-03-08 08:40:00
1772959500000,1.758,1.758,1.758,1.758,0.0,2026-03-08 08:45:00
1772959800000,1.758,1.758,1.758,1.758,0.0,2026-03-08 08:50:00
1772960100000,1.758,1.758,1.758,1.758,0.0,2026-03-08 08:55:00
1772960400000,1.774,1.774,1.774,1.774,1.68,2026-03-08 09:00:00
1772960700000,1.774,1.774,1.774,1.774,0.0,2026-03-08 09:05:00
1772961000000,1.774,1.774,1.774,1.774,0.0,2026-03-08 09:10:00
1772961300000,1.774,1.774,1.774,1.774,0.0,2026-03-08 09:15:00
1772961600000,1.755,1.755,1.75,1.75,15.68,2026-03-08 09:20:00
1772961900000,1.75,1.75,1.75,1.75,0.0,2026-03-08 09:25:00
1772962200000,1.75,1.75,1.75,1.75,0.0,2026-03-08 09:30:00
1772962500000,1.75,1.75,1.75,1.75,0.0,2026-03-08 09:35:00
1772962800000,1.75,1.75,1.75,1.75,0.0,2026-03-08 09:40:00
1772963100000,1.75,1.75,1.75,1.75,0.0,2026-03-08 09:45:00
1772963400000,1.75,1.75,1.75,1.75,0.0,2026-03-08 09:50:00
1772963700000,1.75,1.75,1.75,1.75,0.0,2026-03-08 09:55:00
1772964000000,1.75,1.75,1.75,1.75,0.0,2026-03-08 10:00:00
1772964300000,1.75,1.75,1.744,1.744,32.63,2026-03-08 10:05:00
1772964600000,1.744,1.744,1.744,1.744,0.0,2026-03-08 10:10:00
1772964900000,1.744,1.744,1.744,1.744,0.0,2026-03-08 10:15:00
1772965200000,1.75,1.75,1.75,1.75,5.83,2026-03-08 10:20:00
1772965500000,1.75,1.75,1.75,1.75,0.0,2026-03-08 10:25:00
1772965800000,1.75,1.75,1.75,1.75,0.0,2026-03-08 10:30:00
1772966100000,1.75,1.75,1.75,1.75,0.0,2026-03-08 10:35:00
1772966400000,1.75,1.75,1.75,1.75,0.0,2026-03-08 10:40:00
1772966700000,1.75,1.75,1.75,1.75,0.0,2026-03-08 10:45:00
1772967000000,1.75,1.75,1.75,1.75,0.0,2026-03-08 10:50:00
1772967300000,1.75,1.75,1.75,1.75,0.0,2026-03-08 10:55:00
1772967600000,1.75,1.75,1.75,1.75,0.0,2026-03-08 11:00:00
1772967900000,1.75,1.75,1.75,1.75,0.0,2026-03-08 11:05:00
1772968200000,1.75,1.75,1.75,1.75,0.0,2026-03-08 11:10:00
1772968500000,1.75,1.75,1.75,1.75,0.0,2026-03-08 11:15:00
1772968800000,1.75,1.75,1.75,1.75,0.0,2026-03-08 11:20:00
1772969100000,1.75,1.75,1.75,1.75,0.0,2026-03-08 11:25:00
1772969400000,1.75,1.75,1.75,1.75,0.0,2026-03-08 11:30:00
1772969700000,1.75,1.75,1.75,1.75,0.0,2026-03-08 11:35:00
1772970000000,1.75,1.75,1.75,1.75,0.0,2026-03-08 11:40:00
1772970300000,1.75,1.75,1.75,1.75,0.0,2026-03-08 11:45:00
1772970600000,1.75,1.75,1.75,1.75,0.0,2026-03-08 11:50:00
1772970900000,1.75,1.75,1.75,1.75,0.0,2026-03-08 11:55:00
1772971200000,1.75,1.75,1.75,1.75,0.0,2026-03-08 12:00:00
1772971500000,1.75,1.75,1.75,1.75,0.0,2026-03-08 12:05:00
1772971800000,1.749,1.749,1.745,1.745,266.43,2026-03-08 12:10:00
1772972100000,1.745,1.745,1.745,1.745,0.0,2026-03-08 12:15:00
1772972400000,1.745,1.745,1.745,1.745,0.0,2026-03-08 12:20:00
1772972700000,1.745,1.745,1.745,1.745,0.0,2026-03-08 12:25:00
1772973000000,1.745,1.745,1.745,1.745,0.0,2026-03-08 12:30:00
1772973300000,1.745,1.745,1.745,1.745,0.0,2026-03-08 12:35:00
1772973600000,1.745,1.745,1.745,1.745,0.0,2026-03-08 12:40:00
1772973900000,1.745,1.745,1.745,1.745,0.0,2026-03-08 12:45:00
1772974200000,1.772,1.772,1.749,1.749,2.26,2026-03-08 12:50:00
1772974500000,1.77,1.77,1.77,1.77,9.02,2026-03-08 12:55:00
1772974800000,1.749,1.749,1.749,1.749,17.12,2026-03-08 13:00:00
1772975100000,1.745,1.747,1.744,1.744,303.91,2026-03-08 13:05:00
1772975400000,1.748,1.748,1.748,1.748,1.13,2026-03-08 13:10:00
1772975700000,1.748,1.748,1.748,1.748,0.0,2026-03-08 13:15:00
1772976000000,1.748,1.748,1.748,1.748,0.0,2026-03-08 13:20:00
1772976300000,1.748,1.748,1.748,1.748,0.0,2026-03-08 13:25:00
1772976600000,1.748,1.748,1.748,1.748,0.0,2026-03-08 13:30:00
1772976900000,1.748,1.748,1.748,1.748,0.0,2026-03-08 13:35:00
1772977200000,1.748,1.748,1.748,1.748,0.0,2026-03-08 13:40:00
1772977500000,1.748,1.748,1.748,1.748,0.0,2026-03-08 13:45:00
1772977800000,1.748,1.748,1.748,1.748,0.0,2026-03-08 13:50:00
1772978100000,1.748,1.748,1.748,1.748,0.0,2026-03-08 13:55:00
1772978400000,1.748,1.748,1.748,1.748,0.0,2026-03-08 14:00:00
1772978700000,1.748,1.748,1.748,1.748,0.0,2026-03-08 14:05:00
1772979000000,1.749,1.749,1.749,1.749,19.79,2026-03-08 14:10:00
1772979300000,1.749,1.749,1.749,1.749,0.0,2026-03-08 14:15:00
1772979600000,1.749,1.749,1.749,1.749,0.0,2026-03-08 14:20:00
1772979900000,1.749,1.749,1.749,1.749,0.0,2026-03-08 14:25:00
1772980200000,1.749,1.749,1.749,1.749,0.0,2026-03-08 14:30:00
1772980500000,1.638,1.638,1.638,1.638,19.67,2026-03-08 14:35:00
1772980800000,1.7,1.7,1.7,1.7,5.08,2026-03-08 14:40:00
1772981100000,1.7,1.7,1.7,1.7,0.0,2026-03-08 14:45:00
1772981400000,1.746,1.746,1.698,1.698,34.17,2026-03-08 14:50:00
1772981700000,1.698,1.698,1.698,1.698,0.0,2026-03-08 14:55:00
1772982000000,1.698,1.698,1.698,1.698,0.0,2026-03-08 15:00:00
1772982300000,1.698,1.698,1.698,1.698,0.0,2026-03-08 15:05:00
1772982600000,1.645,1.645,1.645,1.645,5.36,2026-03-08 15:10:00
1772982900000,1.645,1.645,1.645,1.645,0.0,2026-03-08 15:15:00
1772983200000,1.645,1.645,1.645,1.645,0.0,2026-03-08 15:20:00
1772983500000,1.645,1.645,1.645,1.645,0.0,2026-03-08 15:25:00
1772983800000,1.645,1.645,1.645,1.645,0.0,2026-03-08 15:30:00
1772984100000,1.645,1.645,1.645,1.645,0.0,2026-03-08 15:35:00
1772984400000,1.645,1.645,1.645,1.645,0.0,2026-03-08 15:40:00
1772984700000,1.645,1.645,1.645,1.645,0.0,2026-03-08 15:45:00
1772985000000,1.748,1.748,1.715,1.747,191.73,2026-03-08 15:50:00
1772985300000,1.747,1.747,1.747,1.747,0.0,2026-03-08 15:55:00
1772985600000,1.747,1.747,1.747,1.747,0.0,2026-03-08 16:00:00
1772985900000,1.747,1.747,1.747,1.747,0.0,2026-03-08 16:05:00
1772986200000,1.747,1.747,1.747,1.747,0.0,2026-03-08 16:10:00
1772986500000,1.747,1.747,1.747,1.747,0.0,2026-03-08 16:15:00
1772986800000,1.747,1.747,1.747,1.747,0.0,2026-03-08 16:20:00
1772987100000,1.747,1.747,1.747,1.747,0.0,2026-03-08 16:25:00
1772987400000,1.747,1.747,1.747,1.747,0.0,2026-03-08 16:30:00
1772987700000,1.747,1.747,1.747,1.747,0.0,2026-03-08 16:35:00
1772988000000,1.747,1.747,1.747,1.747,0.0,2026-03-08 16:40:00
1772988300000,1.747,1.747,1.747,1.747,0.0,2026-03-08 16:45:00
1772988600000,1.747,1.747,1.747,1.747,0.0,2026-03-08 16:50:00
1772988900000,1.747,1.747,1.747,1.747,0.0,2026-03-08 16:55:00
1772989200000,1.743,1.743,1.742,1.742,15.83,2026-03-08 17:00:00
1772989500000,1.742,1.742,1.742,1.742,0.0,2026-03-08 17:05:00
1772989800000,1.742,1.742,1.742,1.742,0.0,2026-03-08 17:10:00
1772990100000,1.742,1.742,1.742,1.742,0.0,2026-03-08 17:15:00
1772990400000,1.742,1.742,1.742,1.742,0.0,2026-03-08 17:20:00
1772990700000,1.742,1.742,1.742,1.742,0.0,2026-03-08 17:25:00
1772991000000,1.742,1.742,1.742,1.742,0.0,2026-03-08 17:30:00
1772991300000,1.742,1.742,1.742,1.742,0.0,2026-03-08 17:35:00
1772991600000,1.742,1.742,1.742,1.742,0.0,2026-03-08 17:40:00
1772991900000,1.742,1.742,1.742,1.742,0.0,2026-03-08 17:45:00
1772992200000,1.742,1.742,1.742,1.742,0.0,2026-03-08 17:50:00
1772992500000,1.742,1.742,1.742,1.742,0.0,2026-03-08 17:55:00
1772992800000,1.742,1.742,1.742,1.742,1.42,2026-03-08 18:00:00
1772993100000,1.742,1.742,1.742,1.742,0.0,2026-03-08 18:05:00
1772993400000,1.742,1.742,1.742,1.742,0.0,2026-03-08 18:10:00
1772993700000,1.742,1.742,1.742,1.742,0.0,2026-03-08 18:15:00
1772994000000,1.742,1.742,1.742,1.742,0.0,2026-03-08 18:20:00
1772994300000,1.742,1.742,1.742,1.742,0.0,2026-03-08 18:25:00
1772994600000,1.742,1.742,1.742,1.742,0.0,2026-03-08 18:30:00
1772994900000,1.742,1.742,1.742,1.742,0.0,2026-03-08 18:35:00
1772995200000,1.742,1.742,1.742,1.742,0.0,2026-03-08 18:40:00
1772995500000,1.742,1.742,1.742,1.742,0.0,2026-03-08 18:45:00
1772995800000,1.742,1.742,1.742,1.742,0.0,2026-03-08 18:50:00
1772996100000,1.742,1.742,1.742,1.742,0.0,2026-03-08 18:55:00
1772996400000,1.742,1.742,1.742,1.742,0.0,2026-03-08 19:00:00
1772996700000,1.742,1.742,1.742,1.742,0.0,2026-03-08 19:05:00
1772997000000,1.742,1.742,1.742,1.742,0.0,2026-03-08 19:10:00
1772997300000,1.75,1.75,1.75,1.75,12.64,2026-03-08 19:15:00
1772997600000,1.75,1.75,1.75,1.75,0.0,2026-03-08 19:20:00
1772997900000,1.75,1.75,1.75,1.75,0.0,2026-03-08 19:25:00
1772998200000,1.75,1.75,1.75,1.75,0.0,2026-03-08 19:30:00
1772998500000,1.75,1.75,1.75,1.75,0.0,2026-03-08 19:35:00
1772998800000,1.75,1.75,1.75,1.75,0.0,2026-03-08 19:40:00
1772999100000,1.75,1.75,1.75,1.75,0.0,2026-03-08 19:45:00
1772999400000,1.75,1.75,1.75,1.75,0.0,2026-03-08 19:50:00
1772999700000,1.75,1.75,1.75,1.75,0.0,2026-03-08 19:55:00
1773000000000,1.75,1.75,1.75,1.75,0.0,2026-03-08 20:00:00
1773000300000,1.75,1.75,1.75,1.75,0.0,2026-03-08 20:05:00
1773000600000,1.75,1.75,1.75,1.75,0.0,2026-03-08 20:10:00
1773000900000,1.75,1.75,1.75,1.75,0.0,2026-03-08 20:15:00
1773001200000,1.75,1.75,1.75,1.75,0.0,2026-03-08 20:20:00
1773001500000,1.75,1.75,1.75,1.75,0.0,2026-03-08 20:25:00
1773001800000,1.75,1.75,1.75,1.75,0.0,2026-03-08 20:30:00
1773002100000,1.75,1.75,1.75,1.75,0.0,2026-03-08 20:35:00
1773002400000,1.75,1.75,1.75,1.75,0.0,2026-03-08 20:40:00
1773002700000,1.75,1.75,1.75,1.75,0.0,2026-03-08 20:45:00
1773003000000,1.75,1.75,1.75,1.75,0.0,2026-03-08 20:50:00
1773003300000,1.75,1.75,1.75,1.75,0.0,2026-03-08 20:55:00
1773003600000,1.75,1.75,1.75,1.75,0.0,2026-03-08 21:00:00
1773003900000,1.75,1.75,1.75,1.75,0.0,2026-03-08 21:05:00
1773004200000,1.75,1.75,1.75,1.75,0.0,2026-03-08 21:10:00
1773004500000,1.75,1.75,1.75,1.75,0.0,2026-03-08 21:15:00
1773004800000,1.75,1.75,1.75,1.75,0.0,2026-03-08 21:20:00
1773005100000,1.75,1.75,1.75,1.75,0.0,2026-03-08 21:25:00
1773005400000,1.75,1.75,1.75,1.75,0.0,2026-03-08 21:30:00
1773005700000,1.75,1.75,1.75,1.75,0.0,2026-03-08 21:35:00
1773006000000,1.75,1.75,1.75,1.75,0.0,2026-03-08 21:40:00
1773006300000,1.75,1.75,1.75,1.75,0.0,2026-03-08 21:45:00
1773006600000,1.75,1.75,1.75,1.75,0.0,2026-03-08 21:50:00
1773006900000,1.75,1.75,1.75,1.75,0.0,2026-03-08 21:55:00
1773007200000,1.724,1.724,1.724,1.724,7.22,2026-03-08 22:00:00
1773007500000,1.724,1.724,1.724,1.724,0.0,2026-03-08 22:05:00
1773007800000,1.724,1.724,1.724,1.724,0.0,2026-03-08 22:10:00
1773008100000,1.724,1.724,1.724,1.724,5.46,2026-03-08 22:15:00
1773008400000,1.724,1.724,1.724,1.724,0.0,2026-03-08 22:20:00
1773008700000,1.724,1.724,1.724,1.724,0.0,2026-03-08 22:25:00
1773009000000,1.724,1.724,1.724,1.724,0.0,2026-03-08 22:30:00
1773009300000,1.724,1.724,1.724,1.724,0.0,2026-03-08 22:35:00
1773009600000,1.724,1.724,1.724,1.724,0.0,2026-03-08 22:40:00
1773009900000,1.724,1.724,1.724,1.724,0.0,2026-03-08 22:45:00
1773010200000,1.724,1.724,1.724,1.724,0.0,2026-03-08 22:50:00
1773010500000,1.724,1.724,1.724,1.724,0.0,2026-03-08 22:55:00
1773010800000,1.724,1.724,1.724,1.724,0.0,2026-03-08 23:00:00
1773011100000,1.724,1.724,1.724,1.724,0.0,2026-03-08 23:05:00
1773011400000,1.724,1.724,1.724,1.724,0.0,2026-03-08 23:10:00
1773011700000,1.724,1.724,1.724,1.724,0.0,2026-03-08 23:15:00
1773012000000,1.724,1.724,1.724,1.724,0.0,2026-03-08 23:20:00
1773012300000,1.724,1.724,1.724,1.724,0.0,2026-03-08 23:25:00
1773012600000,1.724,1.724,1.724,1.724,0.0,2026-03-08 23:30:00
1773012900000,1.724,1.724,1.724,1.724,0.0,2026-03-08 23:35:00
1773013200000,1.761,1.761,1.707,1.707,59.87,2026-03-08 23:40:00
1773013500000,1.707,1.707,1.707,1.707,0.0,2026-03-08 23:45:00
1773013800000,1.707,1.707,1.707,1.707,0.0,2026-03-08 23:50:00
1773014100000,1.707,1.707,1.707,1.707,0.0,2026-03-08 23:55:00
1773014400000,1.707,1.707,1.707,1.707,0.0,2026-03-09 00:00:00
1773014700000,1.707,1.707,1.707,1.707,0.0,2026-03-09 00:05:00
1773015000000,1.707,1.707,1.707,1.707,0.0,2026-03-09 00:10:00
1773015300000,1.769,1.769,1.769,1.769,56.38,2026-03-09 00:15:00
1773015600000,1.766,1.766,1.652,1.656,10.77,2026-03-09 00:20:00
1773015900000,1.756,1.756,1.725,1.725,1.92,2026-03-09 00:25:00
1773016200000,1.754,1.754,1.703,1.703,3.61,2026-03-09 00:30:00
1773016500000,1.703,1.703,1.703,1.703,0.0,2026-03-09 00:35:00
1773016800000,1.761,1.761,1.761,1.761,0.97,2026-03-09 00:40:00
1773017100000,1.769,1.769,1.769,1.769,1.95,2026-03-09 00:45:00
1773017400000,1.763,1.763,1.763,1.763,0.79,2026-03-09 00:50:00
1773017700000,1.763,1.763,1.763,1.763,0.0,2026-03-09 00:55:00
1773018000000,1.757,1.757,1.757,1.757,37.83,2026-03-09 01:00:00
1773018300000,1.75,1.75,1.75,1.75,0.78,2026-03-09 01:05:00
1773018600000,1.75,1.75,1.75,1.75,0.0,2026-03-09 01:10:00
1773018900000,1.75,1.75,1.75,1.75,0.0,2026-03-09 01:15:00
1773019200000,1.75,1.75,1.75,1.75,0.0,2026-03-09 01:20:00
1773019500000,1.75,1.75,1.75,1.75,0.0,2026-03-09 01:25:00
1773019800000,1.75,1.75,1.75,1.75,0.0,2026-03-09 01:30:00
1773020100000,1.75,1.75,1.75,1.75,0.0,2026-03-09 01:35:00
1773020400000,1.75,1.75,1.75,1.75,0.0,2026-03-09 01:40:00
1773020700000,1.75,1.75,1.75,1.75,0.0,2026-03-09 01:45:00
1773021000000,1.75,1.75,1.75,1.75,0.0,2026-03-09 01:50:00
1773021300000,1.75,1.75,1.75,1.75,0.0,2026-03-09 01:55:00
1773021600000,1.75,1.75,1.75,1.75,0.0,2026-03-09 02:00:00
1773021900000,1.75,1.75,1.75,1.75,0.0,2026-03-09 02:05:00
1773022200000,1.75,1.75,1.75,1.75,0.0,2026-03-09 02:10:00
1773022500000,1.75,1.75,1.75,1.75,0.0,2026-03-09 02:15:00
1773022800000,1.75,1.75,1.75,1.75,0.0,2026-03-09 02:20:00
1773023100000,1.75,1.75,1.75,1.75,0.0,2026-03-09 02:25:00
1773023400000,1.75,1.75,1.75,1.75,0.0,2026-03-09 02:30:00
1773023700000,1.75,1.75,1.75,1.75,0.0,2026-03-09 02:35:00
1773024000000,1.75,1.75,1.75,1.75,0.0,2026-03-09 02:40:00
1773024300000,1.75,1.75,1.75,1.75,0.0,2026-03-09 02:45:00
1773024600000,1.75,1.75,1.75,1.75,0.0,2026-03-09 02:50:00
1773024900000,1.75,1.75,1.75,1.75,0.0,2026-03-09 02:55:00
1773025200000,1.75,1.75,1.75,1.75,0.0,2026-03-09 03:00:00
1773025500000,1.75,1.75,1.75,1.75,0.0,2026-03-09 03:05:00
1773025800000,1.743,1.743,1.743,1.743,6.58,2026-03-09 03:10:00
1773026100000,1.727,1.727,1.727,1.727,381.01,2026-03-09 03:15:00
1773026400000,1.727,1.727,1.727,1.727,0.0,2026-03-09 03:20:00
1773026700000,1.727,1.727,1.727,1.727,0.0,2026-03-09 03:25:00
1773027000000,1.727,1.727,1.727,1.727,0.0,2026-03-09 03:30:00
1773027300000,1.727,1.727,1.727,1.727,0.0,2026-03-09 03:35:00
1773027600000,1.727,1.727,1.727,1.727,0.0,2026-03-09 03:40:00
1773027900000,1.727,1.727,1.727,1.727,0.0,2026-03-09 03:45:00
1773028200000,1.727,1.727,1.727,1.727,0.0,2026-03-09 03:50:00
1773028500000,1.727,1.727,1.727,1.727,0.0,2026-03-09 03:55:00
1773028800000,1.727,1.727,1.727,1.727,0.0,2026-03-09 04:00:00
1773029100000,1.727,1.727,1.727,1.727,0.0,2026-03-09 04:05:00
1773029400000,1.727,1.727,1.727,1.727,0.0,2026-03-09 04:10:00
1773029700000,1.727,1.727,1.727,1.727,0.0,2026-03-09 04:15:00
1773030000000,1.727,1.727,1.727,1.727,0.0,2026-03-09 04:20:00
1773030300000,1.727,1.727,1.727,1.727,0.0,2026-03-09 04:25:00
1773030600000,1.727,1.727,1.727,1.727,0.0,2026-03-09 04:30:00
1773030900000,1.727,1.727,1.727,1.727,0.0,2026-03-09 04:35:00
1773031200000,1.727,1.727,1.727,1.727,0.0,2026-03-09 04:40:00
1773031500000,1.727,1.727,1.727,1.727,0.0,2026-03-09 04:45:00
1773031800000,1.727,1.727,1.727,1.727,0.0,2026-03-09 04:50:00
1773032100000,1.727,1.727,1.727,1.727,0.0,2026-03-09 04:55:00
1773032400000,1.727,1.727,1.727,1.727,0.0,2026-03-09 05:00:00
1773032700000,1.727,1.727,1.727,1.727,0.0,2026-03-09 05:05:00
1773033000000,1.727,1.727,1.727,1.727,0.0,2026-03-09 05:10:00
1773033300000,1.727,1.727,1.727,1.727,0.0,2026-03-09 05:15:00
1773033600000,1.727,1.727,1.727,1.727,0.0,2026-03-09 05:20:00
1773033900000,1.754,1.754,1.754,1.754,17.08,2026-03-09 05:25:00
1773034200000,1.754,1.754,1.754,1.754,0.0,2026-03-09 05:30:00
1773034500000,1.754,1.754,1.754,1.754,0.0,2026-03-09 05:35:00
1773034800000,1.754,1.754,1.754,1.754,0.0,2026-03-09 05:40:00
1773035100000,1.754,1.754,1.754,1.754,0.0,2026-03-09 05:45:00
1773035400000,1.754,1.754,1.754,1.754,0.0,2026-03-09 05:50:00
1773035700000,1.754,1.754,1.754,1.754,0.0,2026-03-09 05:55:00
1773036000000,1.754,1.754,1.754,1.754,0.0,2026-03-09 06:00:00
1773036300000,1.754,1.754,1.754,1.754,0.0,2026-03-09 06:05:00
1773036600000,1.754,1.754,1.754,1.754,0.0,2026-03-09 06:10:00
1773036900000,1.754,1.754,1.754,1.754,0.0,2026-03-09 06:15:00
1773037200000,1.754,1.754,1.754,1.754,0.0,2026-03-09 06:20:00
1773037500000,1.754,1.754,1.754,1.754,0.0,2026-03-09 06:25:00
1773037800000,1.754,1.754,1.754,1.754,0.0,2026-03-09 06:30:00
1773038100000,1.754,1.754,1.754,1.754,0.0,2026-03-09 06:35:00
1773038400000,1.754,1.754,1.754,1.754,0.0,2026-03-09 06:40:00
1773038700000,1.754,1.754,1.754,1.754,0.0,2026-03-09 06:45:00
1773039000000,1.754,1.754,1.754,1.754,0.0,2026-03-09 06:50:00
1773039300000,1.766,1.766,1.766,1.766,169.42,2026-03-09 06:55:00
1773039600000,1.747,1.747,1.747,1.747,407.93,2026-03-09 07:00:00
1773039900000,1.747,1.747,1.747,1.747,0.0,2026-03-09 07:05:00
1773040200000,1.745,1.745,1.71,1.712,734.96,2026-03-09 07:10:00
1773040500000,1.712,1.712,1.712,1.712,0.0,2026-03-09 07:15:00
1773040800000,1.712,1.712,1.712,1.712,0.0,2026-03-09 07:20:00
1773041100000,1.712,1.712,1.712,1.712,0.0,2026-03-09 07:25:00
1773041400000,1.712,1.712,1.712,1.712,0.0,2026-03-09 07:30:00
1773041700000,1.712,1.712,1.712,1.712,0.0,2026-03-09 07:35:00
1773042000000,1.712,1.712,1.712,1.712,0.0,2026-03-09 07:40:00
1773042300000,1.712,1.712,1.712,1.712,0.0,2026-03-09 07:45:00
1773042600000,1.712,1.712,1.712,1.712,0.0,2026-03-09 07:50:00
1773042900000,1.712,1.712,1.712,1.712,0.0,2026-03-09 07:55:00
1773043200000,1.712,1.712,1.712,1.712,0.0,2026-03-09 08:00:00
1773043500000,1.712,1.712,1.712,1.712,0.0,2026-03-09 08:05:00
1773043800000,1.712,1.712,1.712,1.712,0.0,2026-03-09 08:10:00
1773044100000,1.712,1.712,1.712,1.712,0.0,2026-03-09 08:15:00
1773044400000,1.712,1.712,1.712,1.712,0.0,2026-03-09 08:20:00
1773044700000,1.712,1.712,1.712,1.712,0.0,2026-03-09 08:25:00
1773045000000,1.712,1.712,1.712,1.712,0.0,2026-03-09 08:30:00
1773045300000,1.712,1.712,1.712,1.712,0.0,2026-03-09 08:35:00
1773045600000,1.712,1.712,1.712,1.712,0.0,2026-03-09 08:40:00
1773045900000,1.712,1.712,1.712,1.712,0.0,2026-03-09 08:45:00
1773046200000,1.712,1.712,1.712,1.712,0.0,2026-03-09 08:50:00
1773046500000,1.712,1.712,1.712,1.712,0.0,2026-03-09 08:55:00
1773046800000,1.764,1.764,1.764,1.764,1.69,2026-03-09 09:00:00
1773047100000,1.764,1.764,1.764,1.764,0.0,2026-03-09 09:05:00
1773047400000,1.764,1.764,1.764,1.764,0.0,2026-03-09 09:10:00
1773047700000,1.764,1.764,1.764,1.764,0.0,2026-03-09 09:15:00
1773048000000,1.764,1.764,1.764,1.764,0.0,2026-03-09 09:20:00
1773048300000,1.764,1.764,1.764,1.764,0.0,2026-03-09 09:25:00
1773048600000,1.764,1.764,1.764,1.764,0.0,2026-03-09 09:30:00
1773048900000,1.764,1.764,1.764,1.764,0.0,2026-03-09 09:35:00
1773049200000,1.764,1.764,1.764,1.764,0.0,2026-03-09 09:40:00
1773049500000,1.764,1.764,1.764,1.764,0.0,2026-03-09 09:45:00
1773049800000,1.764,1.764,1.764,1.764,0.0,2026-03-09 09:50:00
1773050100000,1.764,1.764,1.764,1.764,0.0,2026-03-09 09:55:00
1773050400000,1.764,1.764,1.764,1.764,0.0,2026-03-09 10:00:00
1773050700000,1.764,1.764,1.764,1.764,0.0,2026-03-09 10:05:00
1773051000000,1.764,1.764,1.764,1.764,0.0,2026-03-09 10:10:00
1773051300000,1.764,1.764,1.764,1.764,0.0,2026-03-09 10:15:00
1773051600000,1.764,1.764,1.764,1.764,0.0,2026-03-09 10:20:00
1773051900000,1.764,1.764,1.764,1.764,0.0,2026-03-09 10:25:00
1773052200000,1.764,1.764,1.764,1.764,0.0,2026-03-09 10:30:00
1773052500000,1.764,1.764,1.764,1.764,0.0,2026-03-09 10:35:00
1773052800000,1.764,1.764,1.764,1.764,0.0,2026-03-09 10:40:00
1773053100000,1.764,1.764,1.764,1.764,0.0,2026-03-09 10:45:00
1773053400000,1.764,1.764,1.764,1.764,0.0,2026-03-09 10:50:00
1773053700000,1.764,1.764,1.764,1.764,0.0,2026-03-09 10:55:00
1773054000000,1.764,1.764,1.764,1.764,0.0,2026-03-09 11:00:00
1773054300000,1.764,1.764,1.764,1.764,0.0,2026-03-09 11:05:00
1773054600000,1.764,1.764,1.764,1.764,0.0,2026-03-09 11:10:00
1773054900000,1.764,1.764,1.764,1.764,0.0,2026-03-09 11:15:00
1773055200000,1.764,1.764,1.764,1.764,0.0,2026-03-09 11:20:00
1773055500000,1.764,1.764,1.764,1.764,0.0,2026-03-09 11:25:00
1773055800000,1.764,1.764,1.764,1.764,0.0,2026-03-09 11:30:00
1773056100000,1.764,1.764,1.764,1.764,0.0,2026-03-09 11:35:00
1773056400000,1.764,1.764,1.764,1.764,0.0,2026-03-09 11:40:00
1773056700000,1.764,1.764,1.764,1.764,0.0,2026-03-09 11:45:00
1773057000000,1.764,1.764,1.764,1.764,0.0,2026-03-09 11:50:00
1773057300000,1.764,1.764,1.764,1.764,0.0,2026-03-09 11:55:00
1773057600000,1.764,1.764,1.764,1.764,0.0,2026-03-09 12:00:00
1773057900000,1.764,1.764,1.764,1.764,0.0,2026-03-09 12:05:00
1773058200000,1.764,1.764,1.764,1.764,0.0,2026-03-09 12:10:00
1773058500000,1.764,1.764,1.764,1.764,0.0,2026-03-09 12:15:00
1773058800000,1.764,1.764,1.764,1.764,0.0,2026-03-09 12:20:00
1773059100000,1.764,1.764,1.764,1.764,0.0,2026-03-09 12:25:00
1773059400000,1.764,1.764,1.764,1.764,0.0,2026-03-09 12:30:00
1773059700000,1.764,1.764,1.764,1.764,0.0,2026-03-09 12:35:00
1773060000000,1.764,1.764,1.764,1.764,0.0,2026-03-09 12:40:00
1773060300000,1.764,1.764,1.764,1.764,0.0,2026-03-09 12:45:00
1773060600000,1.764,1.764,1.764,1.764,0.0,2026-03-09 12:50:00
1773060900000,1.768,1.768,1.768,1.768,1.0,2026-03-09 12:55:00
1773061200000,1.768,1.768,1.768,1.768,0.0,2026-03-09 13:00:00
1773061500000,1.768,1.768,1.768,1.768,0.0,2026-03-09 13:05:00
1773061800000,1.768,1.768,1.768,1.768,0.0,2026-03-09 13:10:00
1773062100000,1.768,1.768,1.768,1.768,0.0,2026-03-09 13:15:00
1773062400000,1.768,1.768,1.768,1.768,0.0,2026-03-09 13:20:00
1773062700000,1.768,1.768,1.768,1.768,0.0,2026-03-09 13:25:00
1773063000000,1.768,1.768,1.768,1.768,0.0,2026-03-09 13:30:00
1773063300000,1.768,1.768,1.768,1.768,0.0,2026-03-09 13:35:00
1773063600000,1.768,1.768,1.768,1.768,0.0,2026-03-09 13:40:00
1773063900000,1.768,1.768,1.768,1.768,0.0,2026-03-09 13:45:00
1773064200000,1.768,1.768,1.768,1.768,0.0,2026-03-09 13:50:00
1773064500000,1.768,1.768,1.768,1.768,0.0,2026-03-09 13:55:00
1773064800000,1.768,1.768,1.768,1.768,0.0,2026-03-09 14:00:00
1773065100000,1.768,1.768,1.768,1.768,0.0,2026-03-09 14:05:00
1773065400000,1.768,1.768,1.768,1.768,0.0,2026-03-09 14:10:00
1773065700000,1.768,1.768,1.768,1.768,0.0,2026-03-09 14:15:00
1773066000000,1.768,1.768,1.768,1.768,0.0,2026-03-09 14:20:00
1773066300000,1.768,1.768,1.768,1.768,0.0,2026-03-09 14:25:00
1773066600000,1.768,1.768,1.768,1.768,0.0,2026-03-09 14:30:00
1773066900000,1.768,1.768,1.768,1.768,0.0,2026-03-09 14:35:00
1773067200000,1.768,1.768,1.768,1.768,0.0,2026-03-09 14:40:00
1773067500000,1.768,1.768,1.768,1.768,0.0,2026-03-09 14:45:00
1773067800000,1.768,1.768,1.768,1.768,0.0,2026-03-09 14:50:00
1773068100000,1.768,1.768,1.768,1.768,0.0,2026-03-09 14:55:00
1773068400000,1.721,1.776,1.721,1.722,28.24,2026-03-09 15:00:00
1773068700000,1.722,1.722,1.722,1.722,0.0,2026-03-09 15:05:00
1773069000000,1.722,1.722,1.722,1.722,0.0,2026-03-09 15:10:00
1773069300000,1.766,1.766,1.766,1.766,1.0,2026-03-09 15:15:00
1773069600000,1.766,1.766,1.766,1.766,0.0,2026-03-09 15:20:00
1773069900000,1.766,1.766,1.766,1.766,0.0,2026-03-09 15:25:00
1773070200000,1.753,1.753,1.713,1.713,2.0,2026-03-09 15:30:00
1773070500000,1.713,1.713,1.713,1.713,0.0,2026-03-09 15:35:00
1773070800000,1.713,1.713,1.713,1.713,0.0,2026-03-09 15:40:00
1773071100000,1.753,1.753,1.728,1.728,2.0,2026-03-09 15:45:00
1773071400000,1.728,1.728,1.728,1.728,0.0,2026-03-09 15:50:00
1773071700000,1.728,1.728,1.728,1.728,0.0,2026-03-09 15:55:00
1773072000000,1.763,1.763,1.731,1.731,2.0,2026-03-09 16:00:00
1773072300000,1.731,1.731,1.731,1.731,0.0,2026-03-09 16:05:00
1773072600000,1.731,1.731,1.731,1.731,0.0,2026-03-09 16:10:00
1773072900000,1.762,1.762,1.734,1.734,2.0,2026-03-09 16:15:00
1773073200000,1.732,1.732,1.732,1.732,50.84,2026-03-09 16:20:00
1773073500000,1.732,1.732,1.732,1.732,0.0,2026-03-09 16:25:00
1773073800000,1.76,1.76,1.733,1.733,2.0,2026-03-09 16:30:00
1773074100000,1.733,1.733,1.733,1.733,0.0,2026-03-09 16:35:00
1773074400000,1.733,1.733,1.733,1.733,0.0,2026-03-09 16:40:00
1773074700000,1.762,1.762,1.732,1.732,2.0,2026-03-09 16:45:00
1773075000000,1.76,1.76,1.76,1.76,9.38,2026-03-09 16:50:00
1773075300000,1.76,1.76,1.76,1.76,0.0,2026-03-09 16:55:00
1773075600000,1.763,1.763,1.731,1.731,2.73,2026-03-09 17:00:00
1773075900000,1.731,1.731,1.731,1.731,0.0,2026-03-09 17:05:00
1773076200000,1.731,1.731,1.731,1.731,0.0,2026-03-09 17:10:00
1773076500000,1.763,1.763,1.733,1.733,2.0,2026-03-09 17:15:00
1773076800000,1.733,1.733,1.733,1.733,0.0,2026-03-09 17:20:00
1773077100000,1.733,1.733,1.733,1.733,0.0,2026-03-09 17:25:00
1773077400000,1.763,1.763,1.721,1.721,2.0,2026-03-09 17:30:00
1773077700000,1.721,1.721,1.721,1.721,0.0,2026-03-09 17:35:00
1773078000000,1.721,1.721,1.721,1.721,0.0,2026-03-09 17:40:00
1773078300000,1.763,1.763,1.72,1.72,2.0,2026-03-09 17:45:00
1773078600000,1.72,1.72,1.72,1.72,0.0,2026-03-09 17:50:00
1773078900000,1.72,1.72,1.72,1.72,0.0,2026-03-09 17:55:00
1773079200000,1.763,1.763,1.707,1.707,2.0,2026-03-09 18:00:00
1773079500000,1.707,1.707,1.707,1.707,0.0,2026-03-09 18:05:00
1773079800000,1.711,1.711,1.711,1.711,89.56,2026-03-09 18:10:00
1773080100000,1.76,1.76,1.711,1.711,2.0,2026-03-09 18:15:00
1773080400000,1.711,1.711,1.711,1.711,0.0,2026-03-09 18:20:00
1773080700000,1.74,1.74,1.74,1.74,58.72,2026-03-09 18:25:00
1773081000000,1.762,1.762,1.709,1.709,2.0,2026-03-09 18:30:00
1773081300000,1.709,1.709,1.709,1.709,0.0,2026-03-09 18:35:00
1773081600000,1.709,1.709,1.709,1.709,0.0,2026-03-09 18:40:00
1773081900000,1.763,1.763,1.716,1.717,6.0,2026-03-09 18:45:00
1773082200000,1.717,1.717,1.717,1.717,0.0,2026-03-09 18:50:00
1773082500000,1.717,1.717,1.717,1.717,0.0,2026-03-09 18:55:00
1773082800000,1.762,1.762,1.711,1.711,2.0,2026-03-09 19:00:00
1773083100000,1.711,1.711,1.711,1.711,0.0,2026-03-09 19:05:00
1773083400000,1.711,1.711,1.711,1.711,0.0,2026-03-09 19:10:00
1773083700000,1.762,1.762,1.72,1.72,2.0,2026-03-09 19:15:00
1773084000000,1.72,1.72,1.72,1.72,0.0,2026-03-09 19:20:00
1773084300000,1.763,1.763,1.763,1.763,6.89,2026-03-09 19:25:00
1773084600000,1.789,1.789,1.729,1.729,2.0,2026-03-09 19:30:00
1773084900000,1.729,1.729,1.729,1.729,0.0,2026-03-09 19:35:00
1773085200000,1.729,1.729,1.729,1.729,0.0,2026-03-09 19:40:00
1773085500000,1.789,1.789,1.727,1.727,2.0,2026-03-09 19:45:00
1773085800000,1.727,1.727,1.727,1.727,0.0,2026-03-09 19:50:00
1773086100000,1.727,1.727,1.727,1.727,0.0,2026-03-09 19:55:00
1773086400000,1.727,1.727,1.727,1.727,0.0,2026-03-09 20:00:00
1773086700000,1.727,1.727,1.727,1.727,0.0,2026-03-09 20:05:00
1773087000000,1.727,1.727,1.727,1.727,0.0,2026-03-09 20:10:00
1773087300000,1.727,1.727,1.727,1.727,0.0,2026-03-09 20:15:00
1773087600000,1.727,1.727,1.727,1.727,0.0,2026-03-09 20:20:00
1773087900000,1.727,1.727,1.727,1.727,0.0,2026-03-09 20:25:00
1773088200000,1.727,1.727,1.727,1.727,0.0,2026-03-09 20:30:00
1773088500000,1.727,1.727,1.727,1.727,0.0,2026-03-09 20:35:00
1773088800000,1.727,1.727,1.727,1.727,0.0,2026-03-09 20:40:00
1773089100000,1.727,1.727,1.727,1.727,0.0,2026-03-09 20:45:00
1773089400000,1.727,1.727,1.727,1.727,0.0,2026-03-09 20:50:00
1773089700000,1.727,1.727,1.727,1.727,0.0,2026-03-09 20:55:00
1773090000000,1.727,1.727,1.727,1.727,0.0,2026-03-09 21:00:00
1773090300000,1.727,1.727,1.727,1.727,0.0,2026-03-09 21:05:00
1773090600000,1.727,1.727,1.727,1.727,0.0,2026-03-09 21:10:00
1773090900000,1.727,1.727,1.727,1.727,0.0,2026-03-09 21:15:00
1773091200000,1.727,1.727,1.727,1.727,0.0,2026-03-09 21:20:00
1773091500000,1.727,1.727,1.727,1.727,0.0,2026-03-09 21:25:00
1773091800000,1.727,1.727,1.727,1.727,0.0,2026-03-09 21:30:00
1773092100000,1.727,1.727,1.727,1.727,0.0,2026-03-09 21:35:00
1773092400000,1.727,1.727,1.727,1.727,0.0,2026-03-09 21:40:00
1773092700000,1.727,1.727,1.727,1.727,0.0,2026-03-09 21:45:00
1773093000000,1.727,1.727,1.727,1.727,0.0,2026-03-09 21:50:00
1773093300000,1.727,1.727,1.727,1.727,0.0,2026-03-09 21:55:00
1773093600000,1.787,1.787,1.787,1.787,0.88,2026-03-09 22:00:00
1773093900000,1.787,1.787,1.787,1.787,0.0,2026-03-09 22:05:00
1773094200000,1.787,1.787,1.787,1.787,0.0,2026-03-09 22:10:00
1773094500000,1.787,1.787,1.787,1.787,0.0,2026-03-09 22:15:00
1773094800000,1.787,1.787,1.787,1.787,0.0,2026-03-09 22:20:00
1773095100000,1.787,1.787,1.787,1.787,0.0,2026-03-09 22:25:00
1773095400000,1.787,1.787,1.787,1.787,0.0,2026-03-09 22:30:00
1773095700000,1.787,1.787,1.787,1.787,0.0,2026-03-09 22:35:00
1773096000000,1.787,1.787,1.787,1.787,0.0,2026-03-09 22:40:00
1773096300000,1.787,1.787,1.787,1.787,0.0,2026-03-09 22:45:00
1773096600000,1.787,1.787,1.787,1.787,0.0,2026-03-09 22:50:00
1773096900000,1.787,1.787,1.787,1.787,0.0,2026-03-09 22:55:00
1773097200000,1.787,1.787,1.787,1.787,0.0,2026-03-09 23:00:00
1773097500000,1.787,1.787,1.787,1.787,0.0,2026-03-09 23:05:00
1773097800000,1.787,1.787,1.787,1.787,0.0,2026-03-09 23:10:00
1773098100000,1.787,1.787,1.787,1.787,0.0,2026-03-09 23:15:00
1773098400000,1.787,1.787,1.787,1.787,0.0,2026-03-09 23:20:00
1773098700000,1.763,1.763,1.763,1.763,282.03,2026-03-09 23:25:00
1773099000000,1.763,1.763,1.763,1.763,0.0,2026-03-09 23:30:00
1773099300000,1.763,1.763,1.763,1.763,0.0,2026-03-09 23:35:00
1773099600000,1.763,1.763,1.763,1.763,0.0,2026-03-09 23:40:00
1773099900000,1.763,1.763,1.763,1.763,0.0,2026-03-09 23:45:00
1773100200000,1.763,1.763,1.763,1.763,0.0,2026-03-09 23:50:00
1773100500000,1.763,1.763,1.763,1.763,0.0,2026-03-09 23:55:00
1773100800000,1.763,1.763,1.763,1.763,0.0,2026-03-10 00:00:00
1773101100000,1.763,1.763,1.763,1.763,0.0,2026-03-10 00:05:00
1773101400000,1.763,1.763,1.763,1.763,0.0,2026-03-10 00:10:00
1773101700000,1.763,1.763,1.763,1.763,21.43,2026-03-10 00:15:00
1773102000000,1.763,1.763,1.763,1.763,0.0,2026-03-10 00:20:00
1773102300000,1.763,1.763,1.763,1.763,0.0,2026-03-10 00:25:00
1773102600000,1.763,1.763,1.763,1.763,0.0,2026-03-10 00:30:00
1773102900000,1.775,1.775,1.738,1.738,79.49,2026-03-10 00:35:00
1773103200000,1.738,1.738,1.738,1.738,0.0,2026-03-10 00:40:00
1773103500000,1.738,1.738,1.738,1.738,0.0,2026-03-10 00:45:00
1773103800000,1.767,1.767,1.767,1.767,1.11,2026-03-10 00:50:00
1773104100000,1.767,1.767,1.767,1.767,0.0,2026-03-10 00:55:00
1773104400000,1.767,1.767,1.767,1.767,0.0,2026-03-10 01:00:00
1773104700000,1.767,1.767,1.767,1.767,0.0,2026-03-10 01:05:00
1773105000000,1.767,1.767,1.767,1.767,0.0,2026-03-10 01:10:00
1773105300000,1.767,1.767,1.767,1.767,0.0,2026-03-10 01:15:00
1773105600000,1.767,1.767,1.767,1.767,0.0,2026-03-10 01:20:00
1773105900000,1.767,1.767,1.767,1.767,0.0,2026-03-10 01:25:00
1773106200000,1.767,1.767,1.767,1.767,0.0,2026-03-10 01:30:00
1773106500000,1.767,1.767,1.767,1.767,0.0,2026-03-10 01:35:00
1773106800000,1.767,1.767,1.767,1.767,0.0,2026-03-10 01:40:00
1773107100000,1.767,1.767,1.767,1.767,0.0,2026-03-10 01:45:00
1773107400000,1.767,1.767,1.767,1.767,0.0,2026-03-10 01:50:00
1773107700000,1.767,1.767,1.767,1.767,0.0,2026-03-10 01:55:00
1773108000000,1.767,1.767,1.767,1.767,0.0,2026-03-10 02:00:00
1773108300000,1.767,1.767,1.767,1.767,0.0,2026-03-10 02:05:00
1773108600000,1.767,1.767,1.767,1.767,0.0,2026-03-10 02:10:00
1773108900000,1.767,1.767,1.767,1.767,0.0,2026-03-10 02:15:00
1773109200000,1.767,1.767,1.767,1.767,0.0,2026-03-10 02:20:00
1773109500000,1.767,1.767,1.767,1.767,0.0,2026-03-10 02:25:00
1773109800000,1.767,1.767,1.767,1.767,0.0,2026-03-10 02:30:00
1773110100000,1.767,1.767,1.767,1.767,0.0,2026-03-10 02:35:00
1773110400000,1.767,1.767,1.767,1.767,0.0,2026-03-10 02:40:00
1773110700000,1.767,1.767,1.767,1.767,0.0,2026-03-10 02:45:00
1773111000000,1.767,1.767,1.767,1.767,0.0,2026-03-10 02:50:00
1773111300000,1.767,1.767,1.767,1.767,0.0,2026-03-10 02:55:00
1773111600000,1.767,1.767,1.767,1.767,0.0,2026-03-10 03:00:00
1773111900000,1.767,1.767,1.767,1.767,0.0,2026-03-10 03:05:00
1773112200000,1.767,1.767,1.767,1.767,0.0,2026-03-10 03:10:00
1773112500000,1.767,1.767,1.767,1.767,0.0,2026-03-10 03:15:00
1773112800000,1.767,1.767,1.767,1.767,0.0,2026-03-10 03:20:00
1773113100000,1.767,1.767,1.767,1.767,0.0,2026-03-10 03:25:00
1773113400000,1.767,1.767,1.767,1.767,0.0,2026-03-10 03:30:00
1773113700000,1.767,1.767,1.767,1.767,0.0,2026-03-10 03:35:00
1773114000000,1.767,1.767,1.767,1.767,0.0,2026-03-10 03:40:00
1773114300000,1.767,1.767,1.767,1.767,0.0,2026-03-10 03:45:00
1773114600000,1.767,1.767,1.767,1.767,0.0,2026-03-10 03:50:00
1773114900000,1.767,1.767,1.767,1.767,0.0,2026-03-10 03:55:00
1773115200000,1.767,1.767,1.767,1.767,0.0,2026-03-10 04:00:00
1773115500000,1.776,1.776,1.776,1.776,25.0,2026-03-10 04:05:00
1773115800000,1.776,1.776,1.776,1.776,0.0,2026-03-10 04:10:00
1773116100000,1.776,1.776,1.776,1.776,0.0,2026-03-10 04:15:00
1773116400000,1.776,1.776,1.776,1.776,0.0,2026-03-10 04:20:00
1773116700000,1.776,1.776,1.776,1.776,0.0,2026-03-10 04:25:00
1773117000000,1.776,1.776,1.776,1.776,0.0,2026-03-10 04:30:00
1773117300000,1.776,1.776,1.776,1.776,0.0,2026-03-10 04:35:00
1773117600000,1.776,1.776,1.776,1.776,0.0,2026-03-10 04:40:00
1773117900000,1.776,1.776,1.776,1.776,0.0,2026-03-10 04:45:00
1773118200000,1.776,1.776,1.776,1.776,27.39,2026-03-10 04:50:00
1773118500000,1.776,1.776,1.776,1.776,0.0,2026-03-10 04:55:00
1773118800000,1.776,1.776,1.776,1.776,0.0,2026-03-10 05:00:00
1773119100000,1.776,1.776,1.776,1.776,0.0,2026-03-10 05:05:00
1773119400000,1.776,1.776,1.776,1.776,0.0,2026-03-10 05:10:00
1773119700000,1.776,1.776,1.776,1.776,0.0,2026-03-10 05:15:00
1773120000000,1.776,1.776,1.776,1.776,0.0,2026-03-10 05:20:00
1773120300000,1.776,1.776,1.776,1.776,0.0,2026-03-10 05:25:00
1773120600000,1.776,1.776,1.776,1.776,0.0,2026-03-10 05:30:00
1773120900000,1.776,1.776,1.776,1.776,0.0,2026-03-10 05:35:00
1773121200000,1.776,1.776,1.776,1.776,0.0,2026-03-10 05:40:00
1773121500000,1.776,1.776,1.776,1.776,0.0,2026-03-10 05:45:00
1773121800000,1.776,1.776,1.776,1.776,0.0,2026-03-10 05:50:00
1773122100000,1.776,1.776,1.776,1.776,0.0,2026-03-10 05:55:00
1773122400000,1.776,1.776,1.776,1.776,0.0,2026-03-10 06:00:00
1773122700000,1.776,1.776,1.776,1.776,0.0,2026-03-10 06:05:00
1773123000000,1.776,1.776,1.776,1.776,0.0,2026-03-10 06:10:00
1773123300000,1.776,1.776,1.776,1.776,0.0,2026-03-10 06:15:00
1773123600000,1.776,1.776,1.776,1.776,0.0,2026-03-10 06:20:00
1773123900000,1.776,1.776,1.776,1.776,0.0,2026-03-10 06:25:00
1773124200000,1.776,1.776,1.776,1.776,0.0,2026-03-10 06:30:00
1773124500000,1.776,1.776,1.776,1.776,0.0,2026-03-10 06:35:00
1773124800000,1.776,1.776,1.776,1.776,0.0,2026-03-10 06:40:00
1773125100000,1.776,1.776,1.776,1.776,0.0,2026-03-10 06:45:00
1773125400000,1.776,1.776,1.776,1.776,0.0,2026-03-10 06:50:00
1773125700000,1.776,1.776,1.776,1.776,0.0,2026-03-10 06:55:00
1773126000000,1.776,1.776,1.776,1.776,0.0,2026-03-10 07:00:00
1773126300000,1.776,1.776,1.776,1.776,0.0,2026-03-10 07:05:00
1773126600000,1.776,1.776,1.776,1.776,0.0,2026-03-10 07:10:00
1773126900000,1.776,1.776,1.776,1.776,0.0,2026-03-10 07:15:00
1773127200000,1.776,1.776,1.776,1.776,0.0,2026-03-10 07:20:00
1773127500000,1.776,1.776,1.776,1.776,0.0,2026-03-10 07:25:00
1773127800000,1.776,1.776,1.776,1.776,0.0,2026-03-10 07:30:00
1773128100000,1.776,1.776,1.776,1.776,1.69,2026-03-10 07:35:00
1773128400000,1.776,1.776,1.776,1.776,0.0,2026-03-10 07:40:00
1773128700000,1.776,1.776,1.776,1.776,0.0,2026-03-10 07:45:00
1773129000000,1.776,1.776,1.776,1.776,0.0,2026-03-10 07:50:00
1773129300000,1.776,1.776,1.776,1.776,0.0,2026-03-10 07:55:00
1773129600000,1.776,1.776,1.776,1.776,0.0,2026-03-10 08:00:00
1773129900000,1.776,1.776,1.776,1.776,0.0,2026-03-10 08:05:00
1773130200000,1.776,1.776,1.776,1.776,0.0,2026-03-10 08:10:00
1773130500000,1.776,1.776,1.776,1.776,0.0,2026-03-10 08:15:00
1773130800000,1.729,1.729,1.729,1.729,10.51,2026-03-10 08:20:00
1773131100000,1.729,1.729,1.729,1.729,0.0,2026-03-10 08:25:00
1773131400000,1.729,1.729,1.729,1.729,0.0,2026-03-10 08:30:00
1773131700000,1.729,1.729,1.729,1.729,0.0,2026-03-10 08:35:00
1773132000000,1.729,1.729,1.729,1.729,0.0,2026-03-10 08:40:00
1773132300000,1.729,1.729,1.729,1.729,0.0,2026-03-10 08:45:00
1773132600000,1.729,1.729,1.729,1.729,0.0,2026-03-10 08:50:00
1773132900000,1.729,1.729,1.729,1.729,0.0,2026-03-10 08:55:00
1773133200000,1.787,1.787,1.733,1.733,3.43,2026-03-10 09:00:00
1773133500000,1.733,1.733,1.733,1.733,0.0,2026-03-10 09:05:00
1773133800000,1.733,1.733,1.733,1.733,0.0,2026-03-10 09:10:00
1773134100000,1.733,1.733,1.733,1.733,0.0,2026-03-10 09:15:00
1773134400000,1.733,1.733,1.733,1.733,25.18,2026-03-10 09:20:00
1773134700000,1.733,1.733,1.733,1.733,0.0,2026-03-10 09:25:00
1773135000000,1.733,1.733,1.733,1.733,0.0,2026-03-10 09:30:00
1773135300000,1.733,1.733,1.733,1.733,0.0,2026-03-10 09:35:00
1773135600000,1.733,1.733,1.733,1.733,0.0,2026-03-10 09:40:00
1773135900000,1.733,1.733,1.733,1.733,0.0,2026-03-10 09:45:00
1773136200000,1.733,1.733,1.733,1.733,0.0,2026-03-10 09:50:00
1773136500000,1.733,1.733,1.733,1.733,0.0,2026-03-10 09:55:00
1773136800000,1.733,1.733,1.733,1.733,0.0,2026-03-10 10:00:00
1773137100000,1.733,1.733,1.733,1.733,0.0,2026-03-10 10:05:00
1773137400000,1.733,1.733,1.733,1.733,0.0,2026-03-10 10:10:00
1773137700000,1.733,1.733,1.733,1.733,0.0,2026-03-10 10:15:00
1773138000000,1.733,1.733,1.733,1.733,0.0,2026-03-10 10:20:00
1773138300000,1.733,1.733,1.733,1.733,0.0,2026-03-10 10:25:00
1773138600000,1.733,1.733,1.733,1.733,0.0,2026-03-10 10:30:00
1773138900000,1.733,1.733,1.733,1.733,0.0,2026-03-10 10:35:00
1773139200000,1.733,1.733,1.733,1.733,0.0,2026-03-10 10:40:00
1773139500000,1.733,1.733,1.733,1.733,0.0,2026-03-10 10:45:00
1773139800000,1.733,1.733,1.733,1.733,0.0,2026-03-10 10:50:00
1773140100000,1.733,1.733,1.733,1.733,0.0,2026-03-10 10:55:00
1773140400000,1.733,1.733,1.733,1.733,0.0,2026-03-10 11:00:00
1773140700000,1.733,1.733,1.733,1.733,0.0,2026-03-10 11:05:00
1773141000000,1.733,1.733,1.733,1.733,0.0,2026-03-10 11:10:00
1773141300000,1.733,1.733,1.733,1.733,0.0,2026-03-10 11:15:00
1773141600000,1.733,1.733,1.733,1.733,0.0,2026-03-10 11:20:00
1773141900000,1.733,1.733,1.733,1.733,0.0,2026-03-10 11:25:00
1773142200000,1.733,1.733,1.733,1.733,0.0,2026-03-10 11:30:00
1773142500000,1.733,1.733,1.733,1.733,0.0,2026-03-10 11:35:00
1773142800000,1.733,1.733,1.733,1.733,0.0,2026-03-10 11:40:00
1773143100000,1.733,1.733,1.733,1.733,0.0,2026-03-10 11:45:00
1773143400000,1.733,1.733,1.733,1.733,0.0,2026-03-10 11:50:00
1773143700000,1.733,1.733,1.733,1.733,0.0,2026-03-10 11:55:00
1773144000000,1.733,1.733,1.733,1.733,0.0,2026-03-10 12:00:00
1773144300000,1.733,1.733,1.733,1.733,0.0,2026-03-10 12:05:00
1773144600000,1.733,1.733,1.733,1.733,0.0,2026-03-10 12:10:00
1773144900000,1.733,1.733,1.733,1.733,0.0,2026-03-10 12:15:00
1773145200000,1.733,1.733,1.733,1.733,0.0,2026-03-10 12:20:00
1773145500000,1.733,1.733,1.733,1.733,0.0,2026-03-10 12:25:00
1773145800000,1.733,1.733,1.733,1.733,0.0,2026-03-10 12:30:00
1773146100000,1.733,1.733,1.733,1.733,0.0,2026-03-10 12:35:00
1773146400000,1.733,1.733,1.733,1.733,0.0,2026-03-10 12:40:00
1773146700000,1.733,1.733,1.733,1.733,0.0,2026-03-10 12:45:00
1773147000000,1.733,1.733,1.733,1.733,0.0,2026-03-10 12:50:00
1773147300000,1.79,1.79,1.79,1.79,11.09,2026-03-10 12:55:00
1773147600000,1.79,1.79,1.79,1.79,0.0,2026-03-10 13:00:00
1773147900000,1.79,1.79,1.79,1.79,0.0,2026-03-10 13:05:00
1773148200000,1.79,1.79,1.79,1.79,0.0,2026-03-10 13:10:00
1773148500000,1.79,1.79,1.79,1.79,0.0,2026-03-10 13:15:00
1773148800000,1.79,1.79,1.79,1.79,0.0,2026-03-10 13:20:00
1773149100000,1.79,1.79,1.79,1.79,0.0,2026-03-10 13:25:00
1773149400000,1.79,1.79,1.79,1.79,0.0,2026-03-10 13:30:00
1773149700000,1.79,1.79,1.79,1.79,0.0,2026-03-10 13:35:00
1773150000000,1.79,1.79,1.79,1.79,0.0,2026-03-10 13:40:00
1773150300000,1.79,1.79,1.79,1.79,0.0,2026-03-10 13:45:00
1773150600000,1.79,1.79,1.79,1.79,0.0,2026-03-10 13:50:00
1773150900000,1.79,1.79,1.79,1.79,0.0,2026-03-10 13:55:00
1773151200000,1.79,1.79,1.79,1.79,0.0,2026-03-10 14:00:00
1773151500000,1.79,1.79,1.79,1.79,0.0,2026-03-10 14:05:00
1773151800000,1.79,1.79,1.79,1.79,0.0,2026-03-10 14:10:00
1773152100000,1.79,1.79,1.79,1.79,0.0,2026-03-10 14:15:00
1773152400000,1.802,1.808,1.802,1.808,28.71,2026-03-10 14:20:00
1773152700000,1.809,1.809,1.809,1.809,92.4,2026-03-10 14:25:00
1773153000000,1.809,1.809,1.809,1.809,0.0,2026-03-10 14:30:00
1773153300000,1.809,1.809,1.809,1.809,0.0,2026-03-10 14:35:00
1773153600000,1.826,1.826,1.826,1.826,50.03,2026-03-10 14:40:00
1773153900000,1.833,1.836,1.777,1.836,17.54,2026-03-10 14:45:00
1773154200000,1.836,1.836,1.836,1.836,0.0,2026-03-10 14:50:00
1773154500000,1.836,1.836,1.836,1.836,0.0,2026-03-10 14:55:00
1773154800000,1.781,1.781,1.781,1.781,0.9,2026-03-10 15:00:00
1773155100000,1.781,1.781,1.781,1.781,0.0,2026-03-10 15:05:00
1773155400000,1.781,1.781,1.781,1.781,0.0,2026-03-10 15:10:00
1773155700000,1.781,1.781,1.781,1.781,0.0,2026-03-10 15:15:00
1773156000000,1.781,1.781,1.781,1.781,0.0,2026-03-10 15:20:00
1773156300000,1.781,1.781,1.781,1.781,0.0,2026-03-10 15:25:00
1773156600000,1.835,1.835,1.779,1.779,23.03,2026-03-10 15:30:00
1773156900000,1.779,1.779,1.779,1.779,1.48,2026-03-10 15:35:00
1773157200000,1.779,1.779,1.779,1.779,0.0,2026-03-10 15:40:00
1773157500000,1.779,1.779,1.779,1.779,0.0,2026-03-10 15:45:00
1773157800000,1.835,1.835,1.835,1.835,1.31,2026-03-10 15:50:00
1773158100000,1.835,1.835,1.835,1.835,0.0,2026-03-10 15:55:00
1773158400000,1.835,1.835,1.835,1.835,0.0,2026-03-10 16:00:00
1773158700000,1.835,1.835,1.835,1.835,0.0,2026-03-10 16:05:00
1773159000000,1.835,1.835,1.835,1.835,0.0,2026-03-10 16:10:00
1773159300000,1.835,1.835,1.835,1.835,0.0,2026-03-10 16:15:00
1773159600000,1.835,1.835,1.835,1.835,0.0,2026-03-10 16:20:00
1773159900000,1.835,1.835,1.835,1.835,0.0,2026-03-10 16:25:00
1773160200000,1.835,1.835,1.835,1.835,0.0,2026-03-10 16:30:00
1773160500000,1.835,1.835,1.835,1.835,0.0,2026-03-10 16:35:00
1773160800000,1.838,1.838,1.838,1.838,0.63,2026-03-10 16:40:00
1773161100000,1.838,1.838,1.838,1.838,0.63,2026-03-10 16:45:00
1773161400000,1.838,1.838,1.838,1.838,0.0,2026-03-10 16:50:00
1773161700000,1.838,1.838,1.838,1.838,162.73,2026-03-10 16:55:00
1773162000000,1.838,1.838,1.838,1.838,0.0,2026-03-10 17:00:00
1773162300000,1.839,1.839,1.839,1.839,90.75,2026-03-10 17:05:00
1773162600000,1.839,1.839,1.839,1.839,0.0,2026-03-10 17:10:00
1773162900000,1.839,1.839,1.839,1.839,0.0,2026-03-10 17:15:00
1773163200000,1.839,1.839,1.839,1.839,0.0,2026-03-10 17:20:00
1773163500000,1.839,1.839,1.839,1.839,0.0,2026-03-10 17:25:00
1773163800000,1.839,1.839,1.839,1.839,0.0,2026-03-10 17:30:00
1773164100000,1.839,1.839,1.839,1.839,0.0,2026-03-10 17:35:00
1773164400000,1.839,1.839,1.839,1.839,0.0,2026-03-10 17:40:00
1773164700000,1.839,1.839,1.839,1.839,0.0,2026-03-10 17:45:00
1773165000000,1.839,1.839,1.839,1.839,0.0,2026-03-10 17:50:00
1773165300000,1.839,1.839,1.839,1.839,0.0,2026-03-10 17:55:00
1773165600000,1.839,1.839,1.839,1.839,0.0,2026-03-10 18:00:00
1773165900000,1.789,1.789,1.789,1.789,1.8,2026-03-10 18:05:00
1773166200000,1.789,1.789,1.789,1.789,0.0,2026-03-10 18:10:00
1773166500000,1.789,1.789,1.789,1.789,0.0,2026-03-10 18:15:00
1773166800000,1.789,1.789,1.789,1.789,0.0,2026-03-10 18:20:00
1773167100000,1.789,1.789,1.789,1.789,0.0,2026-03-10 18:25:00
1773167400000,1.789,1.789,1.789,1.789,0.0,2026-03-10 18:30:00
1773167700000,1.789,1.789,1.789,1.789,0.0,2026-03-10 18:35:00
1773168000000,1.789,1.789,1.789,1.789,0.0,2026-03-10 18:40:00
1773168300000,1.789,1.789,1.789,1.789,0.0,2026-03-10 18:45:00
1773168600000,1.789,1.789,1.789,1.789,0.0,2026-03-10 18:50:00
1773168900000,1.789,1.789,1.789,1.789,0.0,2026-03-10 18:55:00
1773169200000,1.789,1.789,1.789,1.789,0.0,2026-03-10 19:00:00
1773169500000,1.789,1.789,1.789,1.789,0.0,2026-03-10 19:05:00
1773169800000,1.789,1.789,1.789,1.789,0.0,2026-03-10 19:10:00
1773170100000,1.789,1.789,1.789,1.789,0.0,2026-03-10 19:15:00
1773170400000,1.789,1.789,1.789,1.789,0.0,2026-03-10 19:20:00
1773170700000,1.788,1.807,1.788,1.807,93.64,2026-03-10 19:25:00
1773171000000,1.807,1.807,1.807,1.807,0.0,2026-03-10 19:30:00
1773171300000,1.807,1.807,1.807,1.807,0.0,2026-03-10 19:35:00
1773171600000,1.807,1.807,1.807,1.807,0.0,2026-03-10 19:40:00
1773171900000,1.807,1.807,1.807,1.807,0.0,2026-03-10 19:45:00
1773172200000,1.807,1.807,1.807,1.807,0.0,2026-03-10 19:50:00
1773172500000,1.777,1.81,1.777,1.81,139.72,2026-03-10 19:55:00
1773172800000,1.81,1.81,1.81,1.81,2.76,2026-03-10 20:00:00
1773173100000,1.81,1.81,1.81,1.81,0.0,2026-03-10 20:05:00
1773173400000,1.81,1.81,1.81,1.81,0.0,2026-03-10 20:10:00
1773173700000,1.81,1.81,1.81,1.81,0.0,2026-03-10 20:15:00
1773174000000,1.81,1.81,1.81,1.81,0.0,2026-03-10 20:20:00
1773174300000,1.81,1.81,1.81,1.81,0.0,2026-03-10 20:25:00
1773174600000,1.81,1.81,1.81,1.81,0.0,2026-03-10 20:30:00
1773174900000,1.81,1.81,1.81,1.81,0.0,2026-03-10 20:35:00
1773175200000,1.81,1.81,1.81,1.81,0.0,2026-03-10 20:40:00
1773175500000,1.81,1.81,1.81,1.81,2.76,2026-03-10 20:45:00
1773175800000,1.81,1.81,1.81,1.81,0.0,2026-03-10 20:50:00
1773176100000,1.81,1.81,1.81,1.81,0.0,2026-03-10 20:55:00
1773176400000,1.81,1.81,1.81,1.81,0.0,2026-03-10 21:00:00
1773176700000,1.81,1.81,1.81,1.81,0.0,2026-03-10 21:05:00
1773177000000,1.81,1.81,1.81,1.81,0.0,2026-03-10 21:10:00
1773177300000,1.773,1.773,1.773,1.773,8.3,2026-03-10 21:15:00
1773177600000,1.773,1.773,1.773,1.773,0.0,2026-03-10 21:20:00
1773177900000,1.773,1.773,1.773,1.773,6.1,2026-03-10 21:25:00
1773178200000,1.773,1.773,1.773,1.773,0.0,2026-03-10 21:30:00
1773178500000,1.773,1.773,1.773,1.773,0.0,2026-03-10 21:35:00
1773178800000,1.773,1.773,1.773,1.773,0.0,2026-03-10 21:40:00
1773179100000,1.773,1.773,1.773,1.773,0.0,2026-03-10 21:45:00
1773179400000,1.773,1.773,1.773,1.773,0.0,2026-03-10 21:50:00
1773179700000,1.773,1.773,1.773,1.773,0.0,2026-03-10 21:55:00
1773180000000,1.773,1.773,1.773,1.773,0.0,2026-03-10 22:00:00
1773180300000,1.773,1.773,1.773,1.773,0.0,2026-03-10 22:05:00
1773180600000,1.773,1.773,1.773,1.773,0.0,2026-03-10 22:10:00
1773180900000,1.773,1.773,1.773,1.773,0.0,2026-03-10 22:15:00
1773181200000,1.79,1.79,1.79,1.79,30.76,2026-03-10 22:20:00
1773181500000,1.79,1.79,1.79,1.79,0.0,2026-03-10 22:25:00
1773181800000,1.79,1.79,1.79,1.79,0.0,2026-03-10 22:30:00
1773182100000,1.79,1.79,1.79,1.79,0.0,2026-03-10 22:35:00
1773182400000,1.79,1.79,1.79,1.79,0.0,2026-03-10 22:40:00
1773182700000,1.79,1.79,1.79,1.79,0.0,2026-03-10 22:45:00
1773183000000,1.79,1.79,1.79,1.79,0.0,2026-03-10 22:50:00
1773183300000,1.79,1.79,1.79,1.79,0.0,2026-03-10 22:55:00
1773183600000,1.79,1.79,1.79,1.79,0.0,2026-03-10 23:00:00
1773183900000,1.79,1.79,1.79,1.79,0.0,2026-03-10 23:05:00
1773184200000,1.79,1.79,1.79,1.79,0.0,2026-03-10 23:10:00
1773184500000,1.79,1.79,1.79,1.79,0.0,2026-03-10 23:15:00
1773184800000,1.79,1.79,1.79,1.79,0.0,2026-03-10 23:20:00
1773185100000,1.79,1.79,1.79,1.79,0.0,2026-03-10 23:25:00
1773185400000,1.79,1.79,1.79,1.79,0.0,2026-03-10 23:30:00
1773185700000,1.79,1.79,1.79,1.79,0.0,2026-03-10 23:35:00
1773186000000,1.79,1.79,1.79,1.79,0.0,2026-03-10 23:40:00
1773186300000,1.79,1.79,1.79,1.79,0.0,2026-03-10 23:45:00
1773186600000,1.79,1.79,1.79,1.79,0.0,2026-03-10 23:50:00
1773186900000,1.79,1.79,1.79,1.79,0.0,2026-03-10 23:55:00
1773187200000,1.79,1.79,1.79,1.79,0.0,2026-03-11 00:00:00
1773187500000,1.79,1.79,1.79,1.79,0.0,2026-03-11 00:05:00
1773187800000,1.807,1.807,1.807,1.807,1.24,2026-03-11 00:10:00
1773188100000,1.806,1.806,1.806,1.806,1.23,2026-03-11 00:15:00
1773188400000,1.806,1.808,1.806,1.808,5.66,2026-03-11 00:20:00
1773188700000,1.807,1.808,1.775,1.808,19.94,2026-03-11 00:25:00
1773189000000,1.805,1.805,1.805,1.805,4.38,2026-03-11 00:30:00
1773189300000,1.808,1.808,1.804,1.804,4.64,2026-03-11 00:35:00
1773189600000,1.804,1.806,1.803,1.803,4.22,2026-03-11 00:40:00
1773189900000,1.806,1.808,1.806,1.808,3.51,2026-03-11 00:45:00
1773190200000,1.808,1.808,1.808,1.808,1.16,2026-03-11 00:50:00
1773190500000,1.808,1.808,1.808,1.808,0.0,2026-03-11 00:55:00
1773190800000,1.808,1.808,1.808,1.808,5.5,2026-03-11 01:00:00
1773191100000,1.808,1.808,1.808,1.808,0.0,2026-03-11 01:05:00
1773191400000,1.808,1.808,1.808,1.808,0.92,2026-03-11 01:10:00
1773191700000,1.808,1.808,1.808,1.808,0.0,2026-03-11 01:15:00
1773192000000,1.808,1.808,1.808,1.808,0.0,2026-03-11 01:20:00
1773192300000,1.808,1.808,1.808,1.808,0.0,2026-03-11 01:25:00
1773192600000,1.808,1.808,1.808,1.808,110.53,2026-03-11 01:30:00
1773192900000,1.808,1.808,1.808,1.808,0.0,2026-03-11 01:35:00
1773193200000,1.808,1.808,1.808,1.808,0.0,2026-03-11 01:40:00
1773193500000,1.808,1.808,1.808,1.808,0.0,2026-03-11 01:45:00
1773193800000,1.808,1.808,1.808,1.808,0.0,2026-03-11 01:50:00
1773194100000,1.808,1.808,1.808,1.808,0.0,2026-03-11 01:55:00
1773194400000,1.808,1.808,1.808,1.808,0.0,2026-03-11 02:00:00
1773194700000,1.808,1.808,1.808,1.808,6.42,2026-03-11 02:05:00
1773195000000,1.808,1.808,1.808,1.808,3.91,2026-03-11 02:10:00
1773195300000,1.808,1.808,1.808,1.808,0.0,2026-03-11 02:15:00
1773195600000,1.808,1.808,1.808,1.808,0.0,2026-03-11 02:20:00
1773195900000,1.808,1.808,1.808,1.808,0.0,2026-03-11 02:25:00
1773196200000,1.808,1.808,1.808,1.808,0.0,2026-03-11 02:30:00
1773196500000,1.808,1.808,1.808,1.808,0.0,2026-03-11 02:35:00
1773196800000,1.808,1.808,1.808,1.808,0.0,2026-03-11 02:40:00
1773197100000,1.808,1.808,1.808,1.808,0.0,2026-03-11 02:45:00
1773197400000,1.808,1.808,1.808,1.808,0.0,2026-03-11 02:50:00
1773197700000,1.808,1.808,1.808,1.808,0.0,2026-03-11 02:55:00
1773198000000,1.808,1.808,1.808,1.808,0.0,2026-03-11 03:00:00
1773198300000,1.808,1.808,1.808,1.808,0.0,2026-03-11 03:05:00
1773198600000,1.808,1.808,1.808,1.808,0.0,2026-03-11 03:10:00
1773198900000,1.808,1.808,1.808,1.808,0.0,2026-03-11 03:15:00
1773199200000,1.808,1.808,1.808,1.808,0.0,2026-03-11 03:20:00
1773199500000,1.808,1.808,1.808,1.808,0.0,2026-03-11 03:25:00
1773199800000,1.808,1.808,1.808,1.808,0.0,2026-03-11 03:30:00
1773200100000,1.808,1.808,1.808,1.808,0.0,2026-03-11 03:35:00
1773200400000,1.808,1.808,1.808,1.808,0.0,2026-03-11 03:40:00
1773200700000,1.808,1.808,1.808,1.808,0.0,2026-03-11 03:45:00
1773201000000,1.808,1.808,1.808,1.808,0.0,2026-03-11 03:50:00
1773201300000,1.808,1.808,1.808,1.808,0.0,2026-03-11 03:55:00
1773201600000,1.814,1.814,1.814,1.814,4.61,2026-03-11 04:00:00
1773201900000,1.814,1.814,1.814,1.814,0.0,2026-03-11 04:05:00
1773202200000,1.825,1.825,1.825,1.825,0.74,2026-03-11 04:10:00
1773202500000,1.825,1.825,1.825,1.825,0.0,2026-03-11 04:15:00
1773202800000,1.825,1.825,1.825,1.825,0.0,2026-03-11 04:20:00
1773203100000,1.825,1.825,1.825,1.825,0.0,2026-03-11 04:25:00
1773203400000,1.825,1.825,1.825,1.825,0.0,2026-03-11 04:30:00
1773203700000,1.825,1.825,1.825,1.825,0.0,2026-03-11 04:35:00
1773204000000,1.825,1.825,1.825,1.825,0.0,2026-03-11 04:40:00
1773204300000,1.825,1.825,1.825,1.825,0.0,2026-03-11 04:45:00
1773204600000,1.825,1.825,1.825,1.825,0.0,2026-03-11 04:50:00
1773204900000,1.825,1.825,1.825,1.825,0.0,2026-03-11 04:55:00
1773205200000,1.825,1.825,1.825,1.825,0.0,2026-03-11 05:00:00
1773205500000,1.825,1.825,1.825,1.825,0.0,2026-03-11 05:05:00
1773205800000,1.825,1.825,1.825,1.825,0.0,2026-03-11 05:10:00
1773206100000,1.825,1.825,1.825,1.825,0.0,2026-03-11 05:15:00
1773206400000,1.825,1.825,1.825,1.825,0.0,2026-03-11 05:20:00
1773206700000,1.825,1.825,1.825,1.825,0.0,2026-03-11 05:25:00
1773207000000,1.825,1.825,1.825,1.825,0.0,2026-03-11 05:30:00
1773207300000,1.825,1.825,1.825,1.825,0.0,2026-03-11 05:35:00
1773207600000,1.825,1.825,1.825,1.825,0.0,2026-03-11 05:40:00
1773207900000,1.825,1.825,1.825,1.825,0.0,2026-03-11 05:45:00
1773208200000,1.825,1.825,1.825,1.825,0.0,2026-03-11 05:50:00
1773208500000,1.825,1.825,1.825,1.825,0.0,2026-03-11 05:55:00
1773208800000,1.825,1.825,1.825,1.825,0.0,2026-03-11 06:00:00
1773209100000,1.825,1.825,1.825,1.825,0.0,2026-03-11 06:05:00
1773209400000,1.825,1.825,1.825,1.825,0.0,2026-03-11 06:10:00
1773209700000,1.825,1.825,1.825,1.825,0.0,2026-03-11 06:15:00
1773210000000,1.825,1.825,1.825,1.825,0.0,2026-03-11 06:20:00
1773210300000,1.825,1.825,1.825,1.825,0.0,2026-03-11 06:25:00
1773210600000,1.825,1.825,1.825,1.825,0.0,2026-03-11 06:30:00
1773210900000,1.825,1.825,1.825,1.825,0.0,2026-03-11 06:35:00
1773211200000,1.825,1.825,1.825,1.825,0.0,2026-03-11 06:40:00
1773211500000,1.825,1.825,1.825,1.825,0.0,2026-03-11 06:45:00
1773211800000,1.825,1.825,1.825,1.825,0.0,2026-03-11 06:50:00
1773212100000,1.825,1.825,1.825,1.825,0.0,2026-03-11 06:55:00
1773212400000,1.825,1.825,1.825,1.825,0.0,2026-03-11 07:00:00
1773212700000,1.825,1.825,1.825,1.825,0.0,2026-03-11 07:05:00
1773213000000,1.825,1.825,1.825,1.825,0.0,2026-03-11 07:10:00
1773213300000,1.825,1.825,1.825,1.825,0.0,2026-03-11 07:15:00
1773213600000,1.825,1.825,1.825,1.825,0.0,2026-03-11 07:20:00
1773213900000,1.825,1.825,1.825,1.825,0.0,2026-03-11 07:25:00
1773214200000,1.825,1.825,1.825,1.825,0.0,2026-03-11 07:30:00
1773214500000,1.825,1.825,1.825,1.825,0.0,2026-03-11 07:35:00
1773214800000,1.825,1.825,1.825,1.825,0.0,2026-03-11 07:40:00
1773215100000,1.825,1.825,1.825,1.825,0.0,2026-03-11 07:45:00
1773215400000,1.825,1.825,1.825,1.825,0.0,2026-03-11 07:50:00
1773215700000,1.825,1.825,1.825,1.825,0.0,2026-03-11 07:55:00
1773216000000,1.825,1.825,1.825,1.825,0.0,2026-03-11 08:00:00
1773216300000,1.825,1.825,1.825,1.825,0.0,2026-03-11 08:05:00
1773216600000,1.825,1.825,1.825,1.825,0.0,2026-03-11 08:10:00
1773216900000,1.825,1.825,1.825,1.825,0.0,2026-03-11 08:15:00
1773217200000,1.825,1.825,1.825,1.825,0.0,2026-03-11 08:20:00
1773217500000,1.825,1.825,1.825,1.825,0.0,2026-03-11 08:25:00
1773217800000,1.825,1.825,1.825,1.825,0.0,2026-03-11 08:30:00
1773218100000,1.833,1.833,1.833,1.833,54.5,2026-03-11 08:35:00
1773218400000,1.833,1.833,1.833,1.833,0.0,2026-03-11 08:40:00
1773218700000,1.833,1.833,1.833,1.833,0.0,2026-03-11 08:45:00
1773219000000,1.833,1.833,1.833,1.833,0.0,2026-03-11 08:50:00
1773219300000,1.833,1.833,1.833,1.833,0.0,2026-03-11 08:55:00
1773219600000,1.835,1.835,1.835,1.835,1.63,2026-03-11 09:00:00
1773219900000,1.835,1.835,1.835,1.835,0.0,2026-03-11 09:05:00
1773220200000,1.835,1.835,1.835,1.835,0.0,2026-03-11 09:10:00
1773220500000,1.835,1.835,1.835,1.835,0.0,2026-03-11 09:15:00
1773220800000,1.835,1.835,1.835,1.835,0.0,2026-03-11 09:20:00
1773221100000,1.835,1.835,1.835,1.835,0.0,2026-03-11 09:25:00
1773221400000,1.835,1.835,1.835,1.835,0.0,2026-03-11 09:30:00
1773221700000,1.835,1.835,1.835,1.835,0.0,2026-03-11 09:35:00
1773222000000,1.835,1.835,1.835,1.835,0.0,2026-03-11 09:40:00
1773222300000,1.835,1.835,1.835,1.835,0.0,2026-03-11 09:45:00
1773222600000,1.835,1.835,1.835,1.835,0.0,2026-03-11 09:50:00
1773222900000,1.835,1.835,1.835,1.835,0.0,2026-03-11 09:55:00
1773223200000,1.835,1.835,1.835,1.835,0.0,2026-03-11 10:00:00
1773223500000,1.835,1.835,1.835,1.835,0.0,2026-03-11 10:05:00
1773223800000,1.835,1.835,1.835,1.835,0.0,2026-03-11 10:10:00
1773224100000,1.835,1.835,1.835,1.835,0.0,2026-03-11 10:15:00
1773224400000,1.835,1.835,1.835,1.835,0.0,2026-03-11 10:20:00
1773224700000,1.835,1.835,1.835,1.835,0.0,2026-03-11 10:25:00
1773225000000,1.835,1.835,1.835,1.835,0.0,2026-03-11 10:30:00
1773225300000,1.835,1.835,1.835,1.835,0.0,2026-03-11 10:35:00
1773225600000,1.835,1.835,1.835,1.835,0.0,2026-03-11 10:40:00
1773225900000,1.835,1.835,1.835,1.835,0.0,2026-03-11 10:45:00
1773226200000,1.835,1.835,1.835,1.835,0.0,2026-03-11 10:50:00
1773226500000,1.835,1.835,1.835,1.835,0.0,2026-03-11 10:55:00
1773226800000,1.835,1.835,1.835,1.835,0.0,2026-03-11 11:00:00
1773227100000,1.835,1.835,1.835,1.835,0.0,2026-03-11 11:05:00
1773227400000,1.835,1.835,1.835,1.835,0.0,2026-03-11 11:10:00
1773227700000,1.835,1.835,1.835,1.835,0.0,2026-03-11 11:15:00
1773228000000,1.835,1.835,1.835,1.835,0.0,2026-03-11 11:20:00
1773228300000,1.835,1.835,1.835,1.835,0.0,2026-03-11 11:25:00
1773228600000,1.835,1.835,1.835,1.835,0.0,2026-03-11 11:30:00
1773228900000,1.835,1.835,1.835,1.835,0.0,2026-03-11 11:35:00
1773229200000,1.835,1.835,1.835,1.835,0.0,2026-03-11 11:40:00
1773229500000,1.835,1.835,1.835,1.835,0.0,2026-03-11 11:45:00
1773229800000,1.833,1.833,1.833,1.833,54.5,2026-03-11 11:50:00
1773230100000,1.833,1.833,1.833,1.833,0.0,2026-03-11 11:55:00
1773230400000,1.833,1.833,1.833,1.833,0.0,2026-03-11 12:00:00
1773230700000,1.833,1.833,1.833,1.833,0.0,2026-03-11 12:05:00
1773231000000,1.833,1.833,1.833,1.833,0.0,2026-03-11 12:10:00
1773231300000,1.833,1.833,1.833,1.833,0.0,2026-03-11 12:15:00
1773231600000,1.833,1.833,1.833,1.833,0.0,2026-03-11 12:20:00
1773231900000,1.833,1.833,1.833,1.833,0.0,2026-03-11 12:25:00
1773232200000,1.833,1.833,1.833,1.833,0.0,2026-03-11 12:30:00
1773232500000,1.833,1.833,1.833,1.833,0.0,2026-03-11 12:35:00
1773232800000,1.835,1.835,1.835,1.835,382.04,2026-03-11 12:40:00
1773233100000,1.835,1.835,1.835,1.835,0.0,2026-03-11 12:45:00
1773233400000,1.835,1.835,1.835,1.835,0.0,2026-03-11 12:50:00
1773233700000,1.835,1.835,1.835,1.835,0.0,2026-03-11 12:55:00
1773234000000,1.835,2.001,1.791,1.902,2334.09,2026-03-11 13:00:00
1773234300000,1.827,1.827,1.827,1.827,3.52,2026-03-11 13:05:00
1773234600000,1.827,1.827,1.827,1.827,0.0,2026-03-11 13:10:00
1773234900000,1.827,1.827,1.827,1.827,0.0,2026-03-11 13:15:00
1773235200000,1.829,1.829,1.829,1.829,8.76,2026-03-11 13:20:00
1773235500000,1.829,1.829,1.829,1.829,0.0,2026-03-11 13:25:00
1773235800000,1.853,1.853,1.853,1.853,26.98,2026-03-11 13:30:00
1773236100000,1.879,1.879,1.879,1.879,28.0,2026-03-11 13:35:00
1773236400000,1.879,1.879,1.879,1.879,0.0,2026-03-11 13:40:00
1773236700000,1.827,1.827,1.788,1.793,88.14,2026-03-11 13:45:00
1773237000000,1.856,1.856,1.856,1.856,5.58,2026-03-11 13:50:00
1773237300000,1.84,1.84,1.84,1.84,28.0,2026-03-11 13:55:00
1773237600000,1.84,1.84,1.84,1.84,0.0,2026-03-11 14:00:00
1773237900000,1.84,1.84,1.84,1.84,0.0,2026-03-11 14:05:00
1773238200000,1.84,1.84,1.84,1.84,0.0,2026-03-11 14:10:00
1773238500000,1.84,1.84,1.84,1.84,0.0,2026-03-11 14:15:00
1773238800000,1.84,1.84,1.84,1.84,0.0,2026-03-11 14:20:00
1773239100000,1.84,1.84,1.84,1.84,0.0,2026-03-11 14:25:00
1773239400000,1.84,1.84,1.84,1.84,0.0,2026-03-11 14:30:00
1773239700000,1.84,1.84,1.84,1.84,0.0,2026-03-11 14:35:00
1773240000000,1.84,1.84,1.84,1.84,0.0,2026-03-11 14:40:00
1773240300000,1.84,1.84,1.84,1.84,0.0,2026-03-11 14:45:00
1773240600000,1.84,1.84,1.84,1.84,0.0,2026-03-11 14:50:00
1773240900000,1.848,1.848,1.848,1.848,29.95,2026-03-11 14:55:00
1773241200000,1.848,1.848,1.848,1.848,0.0,2026-03-11 15:00:00
1773241500000,1.848,1.848,1.848,1.848,0.0,2026-03-11 15:05:00
1773241800000,1.848,1.848,1.848,1.848,0.0,2026-03-11 15:10:00
1773242100000,1.848,1.848,1.848,1.848,0.0,2026-03-11 15:15:00
1773242400000,1.848,1.848,1.848,1.848,0.0,2026-03-11 15:20:00
1773242700000,1.848,1.848,1.848,1.848,0.0,2026-03-11 15:25:00
1773243000000,1.848,1.848,1.848,1.848,0.0,2026-03-11 15:30:00
1773243300000,1.848,1.848,1.848,1.848,0.0,2026-03-11 15:35:00
1773243600000,1.829,1.829,1.829,1.829,7.34,2026-03-11 15:40:00
1773243900000,1.829,1.829,1.829,1.829,0.0,2026-03-11 15:45:00
1773244200000,1.829,1.829,1.829,1.829,0.0,2026-03-11 15:50:00
1773244500000,1.829,1.829,1.829,1.829,0.0,2026-03-11 15:55:00
1773244800000,1.829,1.829,1.829,1.829,0.0,2026-03-11 16:00:00
1773245100000,1.829,1.829,1.829,1.829,0.0,2026-03-11 16:05:00
1773245400000,1.829,1.829,1.829,1.829,0.0,2026-03-11 16:10:00
1773245700000,1.829,1.829,1.829,1.829,0.0,2026-03-11 16:15:00
1773246000000,1.829,1.829,1.829,1.829,0.0,2026-03-11 16:20:00
1773246300000,1.829,1.829,1.829,1.829,0.0,2026-03-11 16:25:00
1773246600000,1.836,1.836,1.836,1.836,10.1,2026-03-11 16:30:00
1773246900000,1.846,1.846,1.846,1.846,13.61,2026-03-11 16:35:00
1773247200000,1.846,1.846,1.846,1.846,5.03,2026-03-11 16:40:00
1773247500000,1.846,1.846,1.846,1.846,0.0,2026-03-11 16:45:00
1773247800000,1.846,1.846,1.846,1.846,0.0,2026-03-11 16:50:00
1773248100000,1.805,1.805,1.805,1.805,25.0,2026-03-11 16:55:00
1773248400000,1.805,1.805,1.805,1.805,0.0,2026-03-11 17:00:00
1773248700000,1.805,1.805,1.805,1.805,0.0,2026-03-11 17:05:00
1773249000000,1.805,1.805,1.805,1.805,0.0,2026-03-11 17:10:00
1773249300000,1.805,1.805,1.805,1.805,0.0,2026-03-11 17:15:00
1773249600000,1.805,1.805,1.805,1.805,0.0,2026-03-11 17:20:00
1773249900000,1.805,1.805,1.805,1.805,0.0,2026-03-11 17:25:00
1773250200000,1.805,1.805,1.805,1.805,0.0,2026-03-11 17:30:00
1773250500000,1.805,1.805,1.805,1.805,0.0,2026-03-11 17:35:00
1773250800000,1.805,1.805,1.805,1.805,0.0,2026-03-11 17:40:00
1773251100000,1.805,1.805,1.805,1.805,0.0,2026-03-11 17:45:00
1773251400000,1.805,1.805,1.805,1.805,0.0,2026-03-11 17:50:00
1773251700000,1.805,1.805,1.805,1.805,0.0,2026-03-11 17:55:00
1773252000000,1.805,1.805,1.805,1.805,0.0,2026-03-11 18:00:00
1773252300000,1.805,1.805,1.805,1.805,0.0,2026-03-11 18:05:00
1773252600000,1.805,1.805,1.805,1.805,0.0,2026-03-11 18:10:00
1773252900000,1.805,1.805,1.805,1.805,0.0,2026-03-11 18:15:00
1773253200000,1.805,1.805,1.805,1.805,0.0,2026-03-11 18:20:00
1773253500000,1.805,1.805,1.805,1.805,0.0,2026-03-11 18:25:00
1773253800000,1.805,1.805,1.805,1.805,0.0,2026-03-11 18:30:00
1773254100000,1.805,1.805,1.805,1.805,0.0,2026-03-11 18:35:00
1773254400000,1.805,1.805,1.805,1.805,0.0,2026-03-11 18:40:00
1773254700000,1.805,1.805,1.805,1.805,0.0,2026-03-11 18:45:00
1773255000000,1.805,1.805,1.805,1.805,0.0,2026-03-11 18:50:00
1773255300000,1.805,1.805,1.805,1.805,0.0,2026-03-11 18:55:00
1773255600000,1.805,1.805,1.805,1.805,0.0,2026-03-11 19:00:00
1773255900000,1.805,1.805,1.805,1.805,0.0,2026-03-11 19:05:00
1773256200000,1.805,1.805,1.805,1.805,0.0,2026-03-11 19:10:00
1773256500000,1.805,1.805,1.805,1.805,0.0,2026-03-11 19:15:00
1773256800000,1.805,1.805,1.805,1.805,0.0,2026-03-11 19:20:00
1773257100000,1.805,1.805,1.805,1.805,0.0,2026-03-11 19:25:00
1773257400000,1.805,1.805,1.805,1.805,0.0,2026-03-11 19:30:00
1773257700000,1.805,1.805,1.805,1.805,0.0,2026-03-11 19:35:00
1773258000000,1.805,1.805,1.805,1.805,0.0,2026-03-11 19:40:00
1773258300000,1.805,1.805,1.805,1.805,0.0,2026-03-11 19:45:00
1773258600000,1.805,1.805,1.805,1.805,0.0,2026-03-11 19:50:00
1773258900000,1.805,1.805,1.805,1.805,0.0,2026-03-11 19:55:00
1773259200000,1.805,1.805,1.805,1.805,0.0,2026-03-11 20:00:00
1773259500000,1.805,1.805,1.805,1.805,0.0,2026-03-11 20:05:00
1773259800000,1.805,1.805,1.805,1.805,0.0,2026-03-11 20:10:00
1773260100000,1.805,1.805,1.805,1.805,0.0,2026-03-11 20:15:00
1773260400000,1.804,1.804,1.804,1.804,23.9,2026-03-11 20:20:00
1773260700000,1.804,1.804,1.804,1.804,0.0,2026-03-11 20:25:00
1773261000000,1.804,1.804,1.804,1.804,0.0,2026-03-11 20:30:00
1773261300000,1.804,1.804,1.804,1.804,0.0,2026-03-11 20:35:00
1773261600000,1.804,1.804,1.804,1.804,0.0,2026-03-11 20:40:00
1773261900000,1.804,1.804,1.804,1.804,0.0,2026-03-11 20:45:00
1773262200000,1.804,1.804,1.804,1.804,9.45,2026-03-11 20:50:00
1773262500000,1.804,1.804,1.804,1.804,0.0,2026-03-11 20:55:00
1773262800000,1.809,1.809,1.809,1.809,1.0,2026-03-11 21:00:00
1773263100000,1.809,1.809,1.809,1.809,0.0,2026-03-11 21:05:00
1773263400000,1.809,1.809,1.809,1.809,0.0,2026-03-11 21:10:00
1773263700000,1.809,1.809,1.809,1.809,0.0,2026-03-11 21:15:00
1773264000000,1.809,1.809,1.809,1.809,0.0,2026-03-11 21:20:00
1773264300000,1.809,1.809,1.809,1.809,0.0,2026-03-11 21:25:00
1773264600000,1.809,1.809,1.809,1.809,0.0,2026-03-11 21:30:00
1773264900000,1.809,1.809,1.809,1.809,0.0,2026-03-11 21:35:00
1773265200000,1.809,1.809,1.809,1.809,0.0,2026-03-11 21:40:00
1773265500000,1.809,1.809,1.809,1.809,0.0,2026-03-11 21:45:00
1773265800000,1.809,1.809,1.809,1.809,0.0,2026-03-11 21:50:00
1773266100000,1.809,1.809,1.809,1.809,0.0,2026-03-11 21:55:00
1773266400000,1.809,1.809,1.809,1.809,0.0,2026-03-11 22:00:00
1773266700000,1.809,1.809,1.809,1.809,0.0,2026-03-11 22:05:00
1773267000000,1.809,1.809,1.809,1.809,0.0,2026-03-11 22:10:00
1773267300000,1.809,1.809,1.809,1.809,0.0,2026-03-11 22:15:00
1773267600000,1.809,1.809,1.809,1.809,0.0,2026-03-11 22:20:00
1773267900000,1.809,1.809,1.809,1.809,0.0,2026-03-11 22:25:00
1773268200000,1.809,1.809,1.809,1.809,0.0,2026-03-11 22:30:00
1773268500000,1.809,1.809,1.809,1.809,0.0,2026-03-11 22:35:00
1773268800000,1.809,1.809,1.809,1.809,0.0,2026-03-11 22:40:00
1773269100000,1.809,1.809,1.809,1.809,0.0,2026-03-11 22:45:00
1773269400000,1.809,1.809,1.809,1.809,0.0,2026-03-11 22:50:00
1773269700000,1.809,1.809,1.809,1.809,0.0,2026-03-11 22:55:00
1773270000000,1.809,1.809,1.809,1.809,0.0,2026-03-11 23:00:00
1773270300000,1.809,1.809,1.809,1.809,0.0,2026-03-11 23:05:00
1773270600000,1.809,1.809,1.809,1.809,0.0,2026-03-11 23:10:00
1773270900000,1.809,1.809,1.809,1.809,0.0,2026-03-11 23:15:00
1773271200000,1.809,1.809,1.809,1.809,0.0,2026-03-11 23:20:00
1773271500000,1.809,1.809,1.809,1.809,0.0,2026-03-11 23:25:00
1773271800000,1.809,1.809,1.809,1.809,0.0,2026-03-11 23:30:00
1773272100000,1.809,1.809,1.809,1.809,0.0,2026-03-11 23:35:00
1773272400000,1.809,1.809,1.809,1.809,0.0,2026-03-11 23:40:00
1773272700000,1.809,1.809,1.809,1.809,0.0,2026-03-11 23:45:00
1773273000000,1.809,1.809,1.809,1.809,0.0,2026-03-11 23:50:00
1773273300000,1.809,1.809,1.809,1.809,0.0,2026-03-11 23:55:00
1773273600000,1.809,1.809,1.809,1.809,0.0,2026-03-12 00:00:00
1773273900000,1.809,1.809,1.809,1.809,0.0,2026-03-12 00:05:00
1773274200000,1.809,1.809,1.809,1.809,0.0,2026-03-12 00:10:00
1773274500000,1.809,1.809,1.809,1.809,0.0,2026-03-12 00:15:00
1773274800000,1.856,1.856,1.856,1.856,6.66,2026-03-12 00:20:00
1773275100000,1.857,1.857,1.856,1.856,2.56,2026-03-12 00:25:00
1773275400000,1.854,1.856,1.852,1.852,19.61,2026-03-12 00:30:00
1773275700000,1.852,1.858,1.852,1.856,13.09,2026-03-12 00:35:00
1773276000000,1.855,1.855,1.852,1.852,29.05,2026-03-12 00:40:00
1773276300000,1.852,1.857,1.852,1.855,2.24,2026-03-12 00:45:00
1773276600000,1.855,1.855,1.855,1.855,0.0,2026-03-12 00:50:00
1773276900000,1.855,1.855,1.855,1.855,0.0,2026-03-12 00:55:00
1773277200000,1.855,1.855,1.855,1.855,0.0,2026-03-12 01:00:00
1773277500000,1.855,1.855,1.855,1.855,0.0,2026-03-12 01:05:00
1773277800000,1.855,1.855,1.855,1.855,0.0,2026-03-12 01:10:00
1773278100000,1.855,1.855,1.855,1.855,0.0,2026-03-12 01:15:00
1773278400000,1.855,1.855,1.855,1.855,0.0,2026-03-12 01:20:00
1773278700000,1.855,1.855,1.855,1.855,0.0,2026-03-12 01:25:00
1773279000000,1.855,1.855,1.855,1.855,0.0,2026-03-12 01:30:00
1773279300000,1.855,1.855,1.855,1.855,0.0,2026-03-12 01:35:00
1773279600000,1.855,1.855,1.855,1.855,0.0,2026-03-12 01:40:00
1773279900000,1.855,1.855,1.855,1.855,0.0,2026-03-12 01:45:00
1773280200000,1.855,1.855,1.855,1.855,0.0,2026-03-12 01:50:00
1773280500000,1.855,1.855,1.855,1.855,0.0,2026-03-12 01:55:00
1773280800000,1.855,1.855,1.855,1.855,0.0,2026-03-12 02:00:00
1773281100000,1.855,1.855,1.855,1.855,0.0,2026-03-12 02:05:00
1773281400000,1.855,1.855,1.855,1.855,0.0,2026-03-12 02:10:00
1773281700000,1.855,1.855,1.855,1.855,0.0,2026-03-12 02:15:00
1773282000000,1.855,1.855,1.855,1.855,0.0,2026-03-12 02:20:00
1773282300000,1.855,1.855,1.855,1.855,0.0,2026-03-12 02:25:00
1773282600000,1.855,1.855,1.855,1.855,0.0,2026-03-12 02:30:00
1773282900000,1.855,1.855,1.855,1.855,0.0,2026-03-12 02:35:00
1773283200000,1.855,1.855,1.855,1.855,0.0,2026-03-12 02:40:00
1773283500000,1.855,1.855,1.855,1.855,0.0,2026-03-12 02:45:00
1773283800000,1.855,1.855,1.855,1.855,0.0,2026-03-12 02:50:00
1773284100000,1.847,1.847,1.847,1.847,4.09,2026-03-12 02:55:00
1773284400000,1.847,1.847,1.847,1.847,0.0,2026-03-12 03:00:00
1773284700000,1.81,1.81,1.81,1.81,4.09,2026-03-12 03:05:00
1773285000000,1.81,1.81,1.81,1.81,0.0,2026-03-12 03:10:00
1773285300000,1.81,1.81,1.81,1.81,0.0,2026-03-12 03:15:00
1773285600000,1.81,1.81,1.81,1.81,0.0,2026-03-12 03:20:00
1773285900000,1.81,1.81,1.81,1.81,0.0,2026-03-12 03:25:00
1773286200000,1.81,1.81,1.81,1.81,0.0,2026-03-12 03:30:00
1773286500000,1.81,1.81,1.81,1.81,0.0,2026-03-12 03:35:00
1773286800000,1.81,1.81,1.81,1.81,0.0,2026-03-12 03:40:00
1773287100000,1.81,1.81,1.81,1.81,0.0,2026-03-12 03:45:00
1773287400000,1.81,1.81,1.81,1.81,0.0,2026-03-12 03:50:00
1773287700000,1.81,1.81,1.81,1.81,0.0,2026-03-12 03:55:00
1773288000000,1.81,1.81,1.81,1.81,0.0,2026-03-12 04:00:00
1773288300000,1.81,1.81,1.81,1.81,0.0,2026-03-12 04:05:00
1773288600000,1.81,1.81,1.81,1.81,0.0,2026-03-12 04:10:00
1773288900000,1.81,1.81,1.81,1.81,0.0,2026-03-12 04:15:00
1773289200000,1.81,1.81,1.81,1.81,0.0,2026-03-12 04:20:00
1773289500000,1.81,1.81,1.81,1.81,0.0,2026-03-12 04:25:00
1773289800000,1.81,1.81,1.81,1.81,0.0,2026-03-12 04:30:00
1773290100000,1.81,1.81,1.81,1.81,0.0,2026-03-12 04:35:00
1773290400000,1.81,1.81,1.81,1.81,0.0,2026-03-12 04:40:00
1773290700000,1.81,1.81,1.81,1.81,0.0,2026-03-12 04:45:00
1773291000000,1.81,1.81,1.81,1.81,0.0,2026-03-12 04:50:00
1773291300000,1.81,1.81,1.81,1.81,0.0,2026-03-12 04:55:00
1773291600000,1.81,1.81,1.81,1.81,0.0,2026-03-12 05:00:00
1773291900000,1.81,1.81,1.81,1.81,0.0,2026-03-12 05:05:00
1773292200000,1.81,1.81,1.81,1.81,0.0,2026-03-12 05:10:00
1773292500000,1.81,1.81,1.81,1.81,0.0,2026-03-12 05:15:00
1773292800000,1.81,1.81,1.81,1.81,0.0,2026-03-12 05:20:00
1773293100000,1.81,1.81,1.81,1.81,0.0,2026-03-12 05:25:00
1773293400000,1.81,1.81,1.81,1.81,0.0,2026-03-12 05:30:00
1773293700000,1.81,1.81,1.81,1.81,0.0,2026-03-12 05:35:00
1773294000000,1.81,1.81,1.81,1.81,0.0,2026-03-12 05:40:00
1773294300000,1.81,1.81,1.81,1.81,0.0,2026-03-12 05:45:00
1773294600000,1.81,1.81,1.81,1.81,0.0,2026-03-12 05:50:00
1773294900000,1.81,1.81,1.81,1.81,0.0,2026-03-12 05:55:00
1773295200000,1.81,1.81,1.81,1.81,0.0,2026-03-12 06:00:00
1773295500000,1.81,1.81,1.81,1.81,0.0,2026-03-12 06:05:00
1773295800000,1.81,1.81,1.81,1.81,0.0,2026-03-12 06:10:00
1773296100000,1.81,1.81,1.81,1.81,0.0,2026-03-12 06:15:00
1773296400000,1.81,1.81,1.81,1.81,0.0,2026-03-12 06:20:00
1773296700000,1.81,1.81,1.81,1.81,0.0,2026-03-12 06:25:00
1773297000000,1.81,1.81,1.81,1.81,0.0,2026-03-12 06:30:00
1773297300000,1.81,1.81,1.81,1.81,0.0,2026-03-12 06:35:00
1773297600000,1.81,1.81,1.81,1.81,0.0,2026-03-12 06:40:00
1773297900000,1.81,1.81,1.81,1.81,0.0,2026-03-12 06:45:00
1773298200000,1.81,1.81,1.81,1.81,0.0,2026-03-12 06:50:00
1773298500000,1.81,1.81,1.81,1.81,0.0,2026-03-12 06:55:00
1773298800000,1.81,1.81,1.81,1.81,0.0,2026-03-12 07:00:00
1773299100000,1.81,1.81,1.81,1.81,0.0,2026-03-12 07:05:00
1773299400000,1.81,1.81,1.81,1.81,0.0,2026-03-12 07:10:00
1773299700000,1.81,1.81,1.81,1.81,0.0,2026-03-12 07:15:00
1773300000000,1.81,1.81,1.81,1.81,0.0,2026-03-12 07:20:00
1773300300000,1.81,1.81,1.81,1.81,0.0,2026-03-12 07:25:00
1773300600000,1.81,1.81,1.81,1.81,0.0,2026-03-12 07:30:00
1773300900000,1.81,1.81,1.81,1.81,0.0,2026-03-12 07:35:00
1773301200000,1.81,1.81,1.81,1.81,0.0,2026-03-12 07:40:00
1773301500000,1.81,1.81,1.81,1.81,0.0,2026-03-12 07:45:00
1773301800000,1.81,1.81,1.81,1.81,0.0,2026-03-12 07:50:00
1773302100000,1.81,1.81,1.81,1.81,0.0,2026-03-12 07:55:00
1773302400000,1.81,1.81,1.81,1.81,0.0,2026-03-12 08:00:00
1773302700000,1.81,1.81,1.81,1.81,0.0,2026-03-12 08:05:00
1773303000000,1.81,1.81,1.81,1.81,0.0,2026-03-12 08:10:00
1773303300000,1.81,1.81,1.81,1.81,0.0,2026-03-12 08:15:00
1773303600000,1.81,1.81,1.81,1.81,0.0,2026-03-12 08:20:00
1773303900000,1.81,1.81,1.81,1.81,0.0,2026-03-12 08:25:00
1773304200000,1.81,1.81,1.81,1.81,0.0,2026-03-12 08:30:00
1773304500000,1.81,1.81,1.81,1.81,0.0,2026-03-12 08:35:00
1773304800000,1.81,1.81,1.81,1.81,0.0,2026-03-12 08:40:00
1773305100000,1.81,1.81,1.81,1.81,0.0,2026-03-12 08:45:00
1773305400000,1.81,1.81,1.81,1.81,0.0,2026-03-12 08:50:00
1773305700000,1.81,1.81,1.81,1.81,0.0,2026-03-12 08:55:00
1773306000000,1.853,1.853,1.853,1.853,1.61,2026-03-12 09:00:00
1773306300000,1.853,1.853,1.853,1.853,0.0,2026-03-12 09:05:00
1773306600000,1.853,1.853,1.853,1.853,0.0,2026-03-12 09:10:00
1773306900000,1.853,1.853,1.853,1.853,2.69,2026-03-12 09:15:00
1773307200000,1.853,1.853,1.853,1.853,0.0,2026-03-12 09:20:00
1773307500000,1.853,1.853,1.853,1.853,0.0,2026-03-12 09:25:00
1773307800000,1.853,1.853,1.853,1.853,0.0,2026-03-12 09:30:00
1773308100000,1.853,1.853,1.853,1.853,0.0,2026-03-12 09:35:00
1773308400000,1.81,1.81,1.81,1.81,217.96,2026-03-12 09:40:00
1773308700000,1.81,1.81,1.81,1.81,0.0,2026-03-12 09:45:00
1773309000000,1.81,1.81,1.81,1.81,0.0,2026-03-12 09:50:00
1773309300000,1.81,1.81,1.81,1.81,0.0,2026-03-12 09:55:00
1773309600000,1.81,1.81,1.81,1.81,0.0,2026-03-12 10:00:00
1773309900000,1.81,1.81,1.81,1.81,0.0,2026-03-12 10:05:00
1773310200000,1.81,1.81,1.81,1.81,0.0,2026-03-12 10:10:00
1773310500000,1.81,1.81,1.81,1.81,0.0,2026-03-12 10:15:00
1773310800000,1.81,1.81,1.81,1.81,8.01,2026-03-12 10:20:00
1773311100000,1.81,1.81,1.81,1.81,0.0,2026-03-12 10:25:00
1773311400000,1.81,1.81,1.81,1.81,0.0,2026-03-12 10:30:00
1773311700000,1.81,1.81,1.81,1.81,0.0,2026-03-12 10:35:00
1773312000000,1.81,1.81,1.81,1.81,0.0,2026-03-12 10:40:00
1773312300000,1.81,1.81,1.81,1.81,0.0,2026-03-12 10:45:00
1773312600000,1.81,1.81,1.81,1.81,0.0,2026-03-12 10:50:00
1773312900000,1.81,1.81,1.81,1.81,0.0,2026-03-12 10:55:00
1773313200000,1.81,1.81,1.81,1.81,0.0,2026-03-12 11:00:00
1773313500000,1.81,1.81,1.81,1.81,0.0,2026-03-12 11:05:00
1773313800000,1.81,1.81,1.81,1.81,0.0,2026-03-12 11:10:00
1773314100000,1.81,1.81,1.81,1.81,0.0,2026-03-12 11:15:00
1773314400000,1.81,1.81,1.81,1.81,0.0,2026-03-12 11:20:00
1773314700000,1.81,1.81,1.81,1.81,0.0,2026-03-12 11:25:00
1773315000000,1.81,1.81,1.81,1.81,0.0,2026-03-12 11:30:00
1773315300000,1.81,1.81,1.81,1.81,0.0,2026-03-12 11:35:00
1773315600000,1.81,1.81,1.81,1.81,0.0,2026-03-12 11:40:00
1773315900000,1.81,1.81,1.81,1.81,0.0,2026-03-12 11:45:00
1773316200000,1.81,1.81,1.81,1.81,0.0,2026-03-12 11:50:00
1773316500000,1.81,1.81,1.81,1.81,0.0,2026-03-12 11:55:00
1773316800000,1.81,1.81,1.81,1.81,280.33,2026-03-12 12:00:00
1773317100000,1.81,1.81,1.81,1.81,0.0,2026-03-12 12:05:00
1773317400000,1.81,1.81,1.81,1.81,0.0,2026-03-12 12:10:00
1773317700000,1.81,1.81,1.81,1.81,0.0,2026-03-12 12:15:00
1773318000000,1.81,1.81,1.81,1.81,0.0,2026-03-12 12:20:00
1773318300000,1.81,1.81,1.81,1.81,0.0,2026-03-12 12:25:00
1773318600000,1.81,1.81,1.81,1.81,0.0,2026-03-12 12:30:00
1773318900000,1.81,1.81,1.81,1.81,0.0,2026-03-12 12:35:00
1773319200000,1.81,1.81,1.81,1.81,0.0,2026-03-12 12:40:00
1773319500000,1.81,1.81,1.81,1.81,0.0,2026-03-12 12:45:00
1773319800000,1.845,1.845,1.845,1.845,40.55,2026-03-12 12:50:00
1773320100000,1.845,1.845,1.845,1.845,0.0,2026-03-12 12:55:00
1773320400000,1.845,1.845,1.845,1.845,0.0,2026-03-12 13:00:00
1773320700000,1.845,1.845,1.845,1.845,0.0,2026-03-12 13:05:00
1773321000000,1.845,1.845,1.845,1.845,0.0,2026-03-12 13:10:00
1773321300000,1.845,1.845,1.845,1.845,0.0,2026-03-12 13:15:00
1773321600000,1.845,1.845,1.845,1.845,0.0,2026-03-12 13:20:00
1773321900000,1.845,1.845,1.845,1.845,0.0,2026-03-12 13:25:00
1773322200000,1.845,1.845,1.845,1.845,0.0,2026-03-12 13:30:00
1773322500000,1.845,1.845,1.845,1.845,0.0,2026-03-12 13:35:00
1773322800000,1.845,1.845,1.845,1.845,0.0,2026-03-12 13:40:00
1773323100000,1.846,1.846,1.846,1.846,19.45,2026-03-12 13:45:00
1773323400000,1.846,1.846,1.846,1.846,0.0,2026-03-12 13:50:00
1773323700000,1.846,1.846,1.846,1.846,0.0,2026-03-12 13:55:00
1773324000000,1.846,1.846,1.846,1.846,0.0,2026-03-12 14:00:00
1773324300000,1.846,1.846,1.846,1.846,0.0,2026-03-12 14:05:00
1773324600000,1.845,1.845,1.845,1.845,2.7,2026-03-12 14:10:00
1773324900000,1.845,1.845,1.845,1.845,0.0,2026-03-12 14:15:00
1773325200000,1.845,1.845,1.845,1.845,0.0,2026-03-12 14:20:00
1773325500000,1.845,1.845,1.845,1.845,0.0,2026-03-12 14:25:00
1773325800000,1.845,1.845,1.845,1.845,0.0,2026-03-12 14:30:00
1773326100000,1.845,1.845,1.845,1.845,0.0,2026-03-12 14:35:00
1773326400000,1.845,1.845,1.845,1.845,0.0,2026-03-12 14:40:00
1773326700000,1.81,1.81,1.81,1.81,4.52,2026-03-12 14:45:00
1773327000000,1.81,1.81,1.81,1.81,0.0,2026-03-12 14:50:00
1773327300000,1.81,1.81,1.81,1.81,0.0,2026-03-12 14:55:00
1773327600000,1.81,1.81,1.81,1.81,0.0,2026-03-12 15:00:00
1773327900000,1.81,1.81,1.81,1.81,9.2,2026-03-12 15:05:00
1773328200000,1.81,1.81,1.81,1.81,0.0,2026-03-12 15:10:00
1773328500000,1.81,1.81,1.81,1.81,0.0,2026-03-12 15:15:00
1773328800000,1.81,1.81,1.81,1.81,0.0,2026-03-12 15:20:00
1773329100000,1.81,1.81,1.81,1.81,0.0,2026-03-12 15:25:00
1773329400000,1.81,1.81,1.81,1.81,0.0,2026-03-12 15:30:00
1773329700000,1.81,1.81,1.81,1.81,3.0,2026-03-12 15:35:00
1773330000000,1.81,1.81,1.81,1.81,0.0,2026-03-12 15:40:00
1773330300000,1.81,1.81,1.81,1.81,0.0,2026-03-12 15:45:00
1773330600000,1.81,1.81,1.81,1.81,0.0,2026-03-12 15:50:00
1773330900000,1.81,1.81,1.81,1.81,0.0,2026-03-12 15:55:00
1773331200000,1.829,1.829,1.829,1.829,8.47,2026-03-12 16:00:00
1773331500000,1.829,1.829,1.829,1.829,0.0,2026-03-12 16:05:00
1773331800000,1.829,1.829,1.829,1.829,0.0,2026-03-12 16:10:00
1773332100000,1.81,1.81,1.81,1.81,55.95,2026-03-12 16:15:00
1773332400000,1.81,1.81,1.81,1.81,0.0,2026-03-12 16:20:00
1773332700000,1.81,1.81,1.81,1.81,0.0,2026-03-12 16:25:00
1773333000000,1.81,1.81,1.81,1.81,0.0,2026-03-12 16:30:00
1773333300000,1.81,1.81,1.81,1.81,0.0,2026-03-12 16:35:00
1773333600000,1.81,1.81,1.81,1.81,0.0,2026-03-12 16:40:00
1773333900000,1.81,1.81,1.81,1.81,0.0,2026-03-12 16:45:00
1773334200000,1.81,1.81,1.81,1.81,0.0,2026-03-12 16:50:00
1773334500000,1.81,1.81,1.81,1.81,0.0,2026-03-12 16:55:00
1773334800000,1.81,1.81,1.81,1.81,0.0,2026-03-12 17:00:00
1773335100000,1.81,1.81,1.81,1.81,0.0,2026-03-12 17:05:00
1773335400000,1.81,1.81,1.81,1.81,0.0,2026-03-12 17:10:00
1773335700000,1.81,1.81,1.81,1.81,0.0,2026-03-12 17:15:00
1773336000000,1.81,1.81,1.81,1.81,0.0,2026-03-12 17:20:00
1773336300000,1.81,1.81,1.81,1.81,0.0,2026-03-12 17:25:00
1773336600000,1.81,1.81,1.81,1.81,0.0,2026-03-12 17:30:00
1773336900000,1.81,1.81,1.81,1.81,0.0,2026-03-12 17:35:00
1773337200000,1.81,1.81,1.81,1.81,0.0,2026-03-12 17:40:00
1773337500000,1.81,1.81,1.81,1.81,0.0,2026-03-12 17:45:00
1773337800000,1.81,1.81,1.81,1.81,0.0,2026-03-12 17:50:00
1773338100000,1.81,1.81,1.81,1.81,0.0,2026-03-12 17:55:00
1773338400000,1.81,1.81,1.81,1.81,0.0,2026-03-12 18:00:00
1773338700000,1.81,1.81,1.81,1.81,0.0,2026-03-12 18:05:00
1773339000000,1.81,1.81,1.81,1.81,0.0,2026-03-12 18:10:00
1773339300000,1.81,1.81,1.81,1.81,0.0,2026-03-12 18:15:00
1773339600000,1.81,1.81,1.81,1.81,0.0,2026-03-12 18:20:00
1773339900000,1.81,1.81,1.81,1.81,16.63,2026-03-12 18:25:00
1773340200000,1.81,1.81,1.81,1.81,0.0,2026-03-12 18:30:00
1773340500000,1.81,1.81,1.81,1.81,0.0,2026-03-12 18:35:00
1773340800000,1.81,1.81,1.81,1.81,0.0,2026-03-12 18:40:00
1773341100000,1.81,1.81,1.81,1.81,0.0,2026-03-12 18:45:00
1773341400000,1.81,1.81,1.81,1.81,0.0,2026-03-12 18:50:00
1773341700000,1.809,1.809,1.799,1.799,10.01,2026-03-12 18:55:00
1773342000000,1.799,1.799,1.799,1.799,0.0,2026-03-12 19:00:00
1773342300000,1.799,1.799,1.799,1.799,0.0,2026-03-12 19:05:00
1773342600000,1.799,1.799,1.799,1.799,0.0,2026-03-12 19:10:00
1773342900000,1.799,1.799,1.799,1.799,0.0,2026-03-12 19:15:00
1773343200000,1.799,1.799,1.799,1.799,0.0,2026-03-12 19:20:00
1773343500000,1.799,1.799,1.799,1.799,0.0,2026-03-12 19:25:00
1773343800000,1.799,1.799,1.799,1.799,0.0,2026-03-12 19:30:00
1773344100000,1.799,1.799,1.799,1.799,0.0,2026-03-12 19:35:00
1773344400000,1.799,1.799,1.799,1.799,0.0,2026-03-12 19:40:00
1773344700000,1.799,1.799,1.799,1.799,0.0,2026-03-12 19:45:00
1773345000000,1.799,1.799,1.799,1.799,0.0,2026-03-12 19:50:00
1773345300000,1.799,1.799,1.799,1.799,0.0,2026-03-12 19:55:00
1773345600000,1.804,1.804,1.804,1.804,24.1,2026-03-12 20:00:00
1773345900000,1.804,1.804,1.804,1.804,0.0,2026-03-12 20:05:00
1773346200000,1.804,1.804,1.804,1.804,0.0,2026-03-12 20:10:00
1773346500000,1.804,1.804,1.804,1.804,0.0,2026-03-12 20:15:00
1773346800000,1.802,1.802,1.802,1.802,1.3,2026-03-12 20:20:00
1773347100000,1.802,1.802,1.802,1.802,0.0,2026-03-12 20:25:00
1773347400000,1.802,1.802,1.802,1.802,0.0,2026-03-12 20:30:00
1773347700000,1.802,1.802,1.802,1.802,0.0,2026-03-12 20:35:00
1773348000000,1.802,1.802,1.802,1.802,0.0,2026-03-12 20:40:00
1773348300000,1.802,1.802,1.802,1.802,0.0,2026-03-12 20:45:00
1773348600000,1.802,1.802,1.802,1.802,0.0,2026-03-12 20:50:00
1773348900000,1.802,1.802,1.802,1.802,0.0,2026-03-12 20:55:00
1773349200000,1.802,1.802,1.802,1.802,0.0,2026-03-12 21:00:00
1773349500000,1.802,1.802,1.802,1.802,0.0,2026-03-12 21:05:00
1773349800000,1.802,1.802,1.802,1.802,0.0,2026-03-12 21:10:00
1773350100000,1.802,1.802,1.802,1.802,0.0,2026-03-12 21:15:00
1773350400000,1.802,1.802,1.802,1.802,0.0,2026-03-12 21:20:00
1773350700000,1.802,1.802,1.802,1.802,0.0,2026-03-12 21:25:00
1773351000000,1.852,1.852,1.852,1.852,11.85,2026-03-12 21:30:00
1773351300000,1.852,1.852,1.852,1.852,0.0,2026-03-12 21:35:00
1773351600000,1.852,1.852,1.852,1.852,0.0,2026-03-12 21:40:00
1773351900000,1.852,1.852,1.852,1.852,0.0,2026-03-12 21:45:00
1773352200000,1.852,1.852,1.852,1.852,0.0,2026-03-12 21:50:00
1773352500000,1.852,1.852,1.852,1.852,0.0,2026-03-12 21:55:00
1773352800000,1.852,1.852,1.852,1.852,0.0,2026-03-12 22:00:00
1773353100000,1.852,1.852,1.852,1.852,0.0,2026-03-12 22:05:00
1773353400000,1.852,1.852,1.852,1.852,0.0,2026-03-12 22:10:00
1773353700000,1.852,1.852,1.852,1.852,0.0,2026-03-12 22:15:00
1773354000000,1.852,1.852,1.852,1.852,0.0,2026-03-12 22:20:00
1773354300000,1.852,1.852,1.852,1.852,0.0,2026-03-12 22:25:00
1773354600000,1.852,1.852,1.852,1.852,0.0,2026-03-12 22:30:00
1773354900000,1.852,1.852,1.852,1.852,0.0,2026-03-12 22:35:00
1773355200000,1.852,1.852,1.852,1.852,0.0,2026-03-12 22:40:00
1773355500000,1.852,1.852,1.852,1.852,0.0,2026-03-12 22:45:00
1773355800000,1.852,1.852,1.852,1.852,0.0,2026-03-12 22:50:00
1773356100000,1.852,1.852,1.852,1.852,0.0,2026-03-12 22:55:00
1773356400000,1.852,1.852,1.852,1.852,0.0,2026-03-12 23:00:00
1773356700000,1.852,1.852,1.852,1.852,0.0,2026-03-12 23:05:00
1773357000000,1.852,1.852,1.852,1.852,0.0,2026-03-12 23:10:00
1773357300000,1.852,1.852,1.852,1.852,0.0,2026-03-12 23:15:00
1773357600000,1.852,1.852,1.852,1.852,0.0,2026-03-12 23:20:00
1773357900000,1.852,1.852,1.852,1.852,0.0,2026-03-12 23:25:00
1773358200000,1.852,1.852,1.852,1.852,0.0,2026-03-12 23:30:00
1773358500000,1.852,1.852,1.852,1.852,0.0,2026-03-12 23:35:00
1773358800000,1.852,1.852,1.852,1.852,0.0,2026-03-12 23:40:00
1773359100000,1.852,1.852,1.852,1.852,0.0,2026-03-12 23:45:00
1773359400000,1.852,1.852,1.852,1.852,0.0,2026-03-12 23:50:00
1773359700000,1.852,1.852,1.852,1.852,0.0,2026-03-12 23:55:00
1773360000000,1.852,1.852,1.852,1.852,0.0,2026-03-13 00:00:00
1773360300000,1.852,1.852,1.852,1.852,0.0,2026-03-13 00:05:00
1773360600000,1.852,1.852,1.852,1.852,0.0,2026-03-13 00:10:00
1773360900000,1.869,1.869,1.867,1.867,1.47,2026-03-13 00:15:00
1773361200000,1.867,1.867,1.867,1.867,0.0,2026-03-13 00:20:00
1773361500000,1.867,1.867,1.859,1.859,3.54,2026-03-13 00:25:00
1773361800000,1.863,1.863,1.863,1.863,5.49,2026-03-13 00:30:00
1773362100000,1.863,1.863,1.863,1.863,2.73,2026-03-13 00:35:00
1773362400000,1.863,1.863,1.862,1.862,1.99,2026-03-13 00:40:00
1773362700000,1.861,1.861,1.861,1.861,0.62,2026-03-13 00:45:00
1773363000000,1.86,1.86,1.86,1.86,0.91,2026-03-13 00:50:00
1773363300000,1.86,1.86,1.86,1.86,0.0,2026-03-13 00:55:00
1773363600000,1.86,1.86,1.86,1.86,0.0,2026-03-13 01:00:00
1773363900000,1.862,1.862,1.862,1.862,0.57,2026-03-13 01:05:00
1773364200000,1.862,1.862,1.861,1.861,2.36,2026-03-13 01:10:00
1773364500000,1.861,1.861,1.861,1.861,0.0,2026-03-13 01:15:00
1773364800000,1.861,1.861,1.861,1.861,0.0,2026-03-13 01:20:00
1773365100000,1.825,1.825,1.803,1.803,27.66,2026-03-13 01:25:00
1773365400000,1.862,1.862,1.811,1.811,32.28,2026-03-13 01:30:00
1773365700000,1.86,1.863,1.811,1.812,43.02,2026-03-13 01:35:00
1773366000000,1.862,1.863,1.812,1.812,43.0,2026-03-13 01:40:00
1773366300000,1.863,1.863,1.812,1.812,32.22,2026-03-13 01:45:00
1773366600000,1.863,1.863,1.812,1.812,42.96,2026-03-13 01:50:00
1773366900000,1.863,1.863,1.812,1.812,42.96,2026-03-13 01:55:00
1773367200000,1.863,1.863,1.812,1.812,36.81,2026-03-13 02:00:00
1773367500000,1.863,1.863,1.803,1.807,43.0,2026-03-13 02:05:00
1773367800000,1.86,1.861,1.8,1.802,21.52,2026-03-13 02:10:00
1773368100000,1.802,1.802,1.802,1.802,0.0,2026-03-13 02:15:00
1773368400000,1.802,1.802,1.802,1.802,0.0,2026-03-13 02:20:00
1773368700000,1.802,1.802,1.802,1.802,0.0,2026-03-13 02:25:00
1773369000000,1.802,1.802,1.802,1.802,0.0,2026-03-13 02:30:00
1773369300000,1.802,1.802,1.802,1.802,0.0,2026-03-13 02:35:00
1773369600000,1.802,1.802,1.802,1.802,0.0,2026-03-13 02:40:00
1773369900000,1.802,1.802,1.802,1.802,0.0,2026-03-13 02:45:00
1773370200000,1.802,1.802,1.802,1.802,0.0,2026-03-13 02:50:00
1773370500000,1.805,1.805,1.805,1.805,72.17,2026-03-13 02:55:00
1773370800000,1.805,1.805,1.805,1.805,0.0,2026-03-13 03:00:00
1773371100000,1.805,1.805,1.805,1.805,0.0,2026-03-13 03:05:00
1773371400000,1.805,1.805,1.805,1.805,0.0,2026-03-13 03:10:00
1773371700000,1.805,1.805,1.805,1.805,0.0,2026-03-13 03:15:00
1773372000000,1.805,1.805,1.805,1.805,0.0,2026-03-13 03:20:00
1773372300000,1.859,1.859,1.803,1.803,11.57,2026-03-13 03:25:00
1773372600000,1.803,1.803,1.803,1.803,0.0,2026-03-13 03:30:00
1773372900000,1.803,1.803,1.803,1.803,0.0,2026-03-13 03:35:00
1773373200000,1.803,1.803,1.803,1.803,0.0,2026-03-13 03:40:00
1773373500000,1.803,1.803,1.803,1.803,0.0,2026-03-13 03:45:00
1773373800000,1.803,1.803,1.803,1.803,0.0,2026-03-13 03:50:00
1773374100000,1.803,1.803,1.803,1.803,0.0,2026-03-13 03:55:00
1773374400000,1.803,1.803,1.803,1.803,0.0,2026-03-13 04:00:00
1773374700000,1.803,1.803,1.803,1.803,0.0,2026-03-13 04:05:00
1773375000000,1.803,1.803,1.803,1.803,0.0,2026-03-13 04:10:00
1773375300000,1.803,1.803,1.803,1.803,0.0,2026-03-13 04:15:00
1773375600000,1.803,1.803,1.803,1.803,0.0,2026-03-13 04:20:00
1773375900000,1.803,1.803,1.803,1.803,0.0,2026-03-13 04:25:00
1773376200000,1.803,1.803,1.803,1.803,0.0,2026-03-13 04:30:00
1773376500000,1.803,1.803,1.803,1.803,0.0,2026-03-13 04:35:00
1773376800000,1.803,1.803,1.803,1.803,0.0,2026-03-13 04:40:00
1773377100000,1.803,1.803,1.803,1.803,0.0,2026-03-13 04:45:00
1773377400000,1.803,1.803,1.803,1.803,0.0,2026-03-13 04:50:00
1773377700000,1.803,1.803,1.803,1.803,0.0,2026-03-13 04:55:00
1773378000000,1.803,1.803,1.803,1.803,0.0,2026-03-13 05:00:00
1773378300000,1.803,1.803,1.803,1.803,0.0,2026-03-13 05:05:00
1773378600000,1.803,1.803,1.803,1.803,0.0,2026-03-13 05:10:00
1773378900000,1.803,1.803,1.803,1.803,0.0,2026-03-13 05:15:00
1773379200000,1.803,1.803,1.803,1.803,0.0,2026-03-13 05:20:00
1773379500000,1.803,1.803,1.803,1.803,0.0,2026-03-13 05:25:00
1773379800000,1.803,1.803,1.803,1.803,0.0,2026-03-13 05:30:00
1773380100000,1.803,1.803,1.803,1.803,0.0,2026-03-13 05:35:00
1773380400000,1.803,1.803,1.803,1.803,0.0,2026-03-13 05:40:00
1773380700000,1.803,1.803,1.803,1.803,0.0,2026-03-13 05:45:00
1773381000000,1.803,1.803,1.803,1.803,0.0,2026-03-13 05:50:00
1773381300000,1.803,1.803,1.803,1.803,0.0,2026-03-13 05:55:00
1773381600000,1.854,1.854,1.806,1.806,2.35,2026-03-13 06:00:00
1773381900000,1.806,1.806,1.806,1.806,0.0,2026-03-13 06:05:00
1773382200000,1.806,1.806,1.806,1.806,0.0,2026-03-13 06:10:00
1773382500000,1.806,1.806,1.806,1.806,0.0,2026-03-13 06:15:00
1773382800000,1.806,1.806,1.806,1.806,0.0,2026-03-13 06:20:00
1773383100000,1.806,1.806,1.806,1.806,0.0,2026-03-13 06:25:00
1773383400000,1.806,1.806,1.806,1.806,0.0,2026-03-13 06:30:00
1773383700000,1.806,1.806,1.806,1.806,0.0,2026-03-13 06:35:00
1773384000000,1.806,1.806,1.806,1.806,0.0,2026-03-13 06:40:00
1773384300000,1.806,1.806,1.806,1.806,0.0,2026-03-13 06:45:00
1773384600000,1.806,1.806,1.806,1.806,0.0,2026-03-13 06:50:00
1773384900000,1.806,1.806,1.806,1.806,0.0,2026-03-13 06:55:00
1773385200000,1.806,1.806,1.806,1.806,0.0,2026-03-13 07:00:00
1773385500000,1.806,1.806,1.806,1.806,0.0,2026-03-13 07:05:00
1773385800000,1.806,1.806,1.806,1.806,0.0,2026-03-13 07:10:00
1773386100000,1.856,1.856,1.856,1.856,1.08,2026-03-13 07:15:00
1773386400000,1.858,1.858,1.858,1.858,20.93,2026-03-13 07:20:00
1773386700000,1.858,1.858,1.858,1.858,0.0,2026-03-13 07:25:00
1773387000000,1.858,1.858,1.858,1.858,0.0,2026-03-13 07:30:00
1773387300000,1.858,1.858,1.858,1.858,0.0,2026-03-13 07:35:00
1773387600000,1.858,1.858,1.858,1.858,0.0,2026-03-13 07:40:00
1773387900000,1.858,1.858,1.858,1.858,0.0,2026-03-13 07:45:00
1773388200000,1.858,1.858,1.858,1.858,0.0,2026-03-13 07:50:00
1773388500000,1.858,1.858,1.858,1.858,0.0,2026-03-13 07:55:00
1773388800000,1.858,1.858,1.858,1.858,0.0,2026-03-13 08:00:00
1773389100000,1.858,1.858,1.858,1.858,0.0,2026-03-13 08:05:00
1773389400000,1.858,1.858,1.858,1.858,0.0,2026-03-13 08:10:00
1773389700000,1.858,1.858,1.858,1.858,0.0,2026-03-13 08:15:00
1773390000000,1.858,1.858,1.858,1.858,0.0,2026-03-13 08:20:00
1773390300000,1.858,1.858,1.858,1.858,0.0,2026-03-13 08:25:00
1773390600000,1.858,1.858,1.858,1.858,0.0,2026-03-13 08:30:00
1773390900000,1.858,1.858,1.858,1.858,0.0,2026-03-13 08:35:00
1773391200000,1.858,1.858,1.858,1.858,0.0,2026-03-13 08:40:00
1773391500000,1.858,1.858,1.858,1.858,0.0,2026-03-13 08:45:00
1773391800000,1.858,1.858,1.858,1.858,0.0,2026-03-13 08:50:00
1773392100000,1.858,1.858,1.858,1.858,0.0,2026-03-13 08:55:00
1773392400000,1.858,1.858,1.858,1.858,1.61,2026-03-13 09:00:00
1773392700000,1.858,1.858,1.858,1.858,0.0,2026-03-13 09:05:00
1773393000000,1.858,1.858,1.858,1.858,0.0,2026-03-13 09:10:00
1773393300000,1.858,1.858,1.858,1.858,0.0,2026-03-13 09:15:00
1773393600000,1.858,1.858,1.858,1.858,0.0,2026-03-13 09:20:00
1773393900000,1.858,1.858,1.858,1.858,0.0,2026-03-13 09:25:00
1773394200000,1.858,1.858,1.858,1.858,0.0,2026-03-13 09:30:00
1773394500000,1.858,1.858,1.858,1.858,0.0,2026-03-13 09:35:00
1773394800000,1.858,1.858,1.858,1.858,0.0,2026-03-13 09:40:00
1773395100000,1.858,1.858,1.858,1.858,0.0,2026-03-13 09:45:00
1773395400000,1.858,1.858,1.858,1.858,0.0,2026-03-13 09:50:00
1773395700000,1.858,1.858,1.858,1.858,0.0,2026-03-13 09:55:00
1773396000000,1.858,1.858,1.858,1.858,0.0,2026-03-13 10:00:00
1773396300000,1.858,1.858,1.858,1.858,0.0,2026-03-13 10:05:00
1773396600000,1.858,1.858,1.858,1.858,0.0,2026-03-13 10:10:00
1773396900000,1.858,1.858,1.858,1.858,0.0,2026-03-13 10:15:00
1773397200000,1.858,1.858,1.858,1.858,0.0,2026-03-13 10:20:00
1773397500000,1.858,1.858,1.858,1.858,0.0,2026-03-13 10:25:00
1773397800000,1.858,1.858,1.858,1.858,0.0,2026-03-13 10:30:00
1773398100000,1.858,1.858,1.858,1.858,0.0,2026-03-13 10:35:00
1773398400000,1.858,1.858,1.858,1.858,0.0,2026-03-13 10:40:00
1773398700000,1.858,1.858,1.858,1.858,0.0,2026-03-13 10:45:00
1773399000000,1.858,1.858,1.858,1.858,0.0,2026-03-13 10:50:00
1773399300000,1.858,1.858,1.858,1.858,0.0,2026-03-13 10:55:00
1773399600000,1.858,1.858,1.858,1.858,0.0,2026-03-13 11:00:00
1773399900000,1.858,1.858,1.858,1.858,0.0,2026-03-13 11:05:00
1773400200000,1.802,1.802,1.802,1.802,20.78,2026-03-13 11:10:00
1773400500000,1.802,1.802,1.802,1.802,0.0,2026-03-13 11:15:00
1773400800000,1.806,1.806,1.806,1.806,13.93,2026-03-13 11:20:00
1773401100000,1.806,1.806,1.806,1.806,0.0,2026-03-13 11:25:00
1773401400000,1.806,1.806,1.806,1.806,0.0,2026-03-13 11:30:00
1773401700000,1.806,1.806,1.806,1.806,0.0,2026-03-13 11:35:00
1773402000000,1.806,1.806,1.806,1.806,0.0,2026-03-13 11:40:00
1773402300000,1.806,1.806,1.806,1.806,0.0,2026-03-13 11:45:00
1773402600000,1.806,1.806,1.806,1.806,0.0,2026-03-13 11:50:00
1773402900000,1.806,1.806,1.806,1.806,0.0,2026-03-13 11:55:00
1773403200000,1.806,1.806,1.806,1.806,0.0,2026-03-13 12:00:00
1773403500000,1.806,1.806,1.806,1.806,0.0,2026-03-13 12:05:00
1773403800000,1.806,1.806,1.806,1.806,0.0,2026-03-13 12:10:00
1773404100000,1.806,1.806,1.806,1.806,0.0,2026-03-13 12:15:00
1773404400000,1.806,1.806,1.806,1.806,0.0,2026-03-13 12:20:00
1773404700000,1.806,1.806,1.806,1.806,0.0,2026-03-13 12:25:00
1773405000000,1.806,1.806,1.806,1.806,0.0,2026-03-13 12:30:00
1773405300000,1.806,1.806,1.806,1.806,0.0,2026-03-13 12:35:00
1773405600000,1.806,1.806,1.806,1.806,0.0,2026-03-13 12:40:00
1773405900000,1.862,1.862,1.862,1.862,15.21,2026-03-13 12:45:00
1773406200000,1.865,1.865,1.865,1.865,10.72,2026-03-13 12:50:00
1773406500000,1.865,1.865,1.865,1.865,0.0,2026-03-13 12:55:00
1773406800000,1.865,1.865,1.865,1.865,0.0,2026-03-13 13:00:00
1773407100000,1.865,1.865,1.865,1.865,0.0,2026-03-13 13:05:00
1773407400000,1.865,1.865,1.865,1.865,0.0,2026-03-13 13:10:00
1773407700000,1.87,1.87,1.87,1.87,90.71,2026-03-13 13:15:00
1773408000000,1.87,1.87,1.87,1.87,0.0,2026-03-13 13:20:00
1773408300000,1.87,1.87,1.87,1.87,0.0,2026-03-13 13:25:00
1773408600000,1.87,1.87,1.87,1.87,0.0,2026-03-13 13:30:00
1773408900000,1.88,1.881,1.88,1.881,10.63,2026-03-13 13:35:00
1773409200000,1.881,1.881,1.881,1.881,0.0,2026-03-13 13:40:00
1773409500000,1.881,1.881,1.881,1.881,0.0,2026-03-13 13:45:00
1773409800000,1.881,1.881,1.881,1.881,0.0,2026-03-13 13:50:00
1773410100000,1.881,1.881,1.881,1.881,0.0,2026-03-13 13:55:00
1773410400000,1.881,1.881,1.881,1.881,0.0,2026-03-13 14:00:00
1773410700000,1.881,1.881,1.881,1.881,0.0,2026-03-13 14:05:00
1773411000000,1.881,1.881,1.881,1.881,0.0,2026-03-13 14:10:00
1773411300000,1.881,1.881,1.881,1.881,0.0,2026-03-13 14:15:00
1773411600000,1.881,1.881,1.881,1.881,0.0,2026-03-13 14:20:00
1773411900000,1.881,1.881,1.881,1.881,0.0,2026-03-13 14:25:00
1773412200000,1.881,1.881,1.881,1.881,0.0,2026-03-13 14:30:00
1773412500000,1.881,1.881,1.881,1.881,0.0,2026-03-13 14:35:00
1773412800000,1.881,1.881,1.881,1.881,0.0,2026-03-13 14:40:00
1773413100000,1.881,1.881,1.881,1.881,0.0,2026-03-13 14:45:00
1773413400000,1.882,1.882,1.882,1.882,265.01,2026-03-13 14:50:00
1773413700000,1.882,1.882,1.882,1.882,38.98,2026-03-13 14:55:00
1773414000000,1.882,1.882,1.882,1.882,0.0,2026-03-13 15:00:00
1773414300000,1.882,1.882,1.882,1.882,0.0,2026-03-13 15:05:00
1773414600000,1.882,1.882,1.882,1.882,0.0,2026-03-13 15:10:00
1773414900000,1.891,1.891,1.891,1.891,30.52,2026-03-13 15:15:00
1773415200000,1.891,1.891,1.891,1.891,0.0,2026-03-13 15:20:00
1773415500000,1.891,1.891,1.891,1.891,0.0,2026-03-13 15:25:00
1773415800000,1.891,1.891,1.891,1.891,0.0,2026-03-13 15:30:00
1773416100000,1.891,1.891,1.891,1.891,0.0,2026-03-13 15:35:00
1773416400000,1.891,1.891,1.891,1.891,0.0,2026-03-13 15:40:00
1773416700000,1.891,1.891,1.891,1.891,0.0,2026-03-13 15:45:00
1773417000000,1.891,1.891,1.891,1.891,0.0,2026-03-13 15:50:00
1773417300000,1.891,1.891,1.891,1.891,0.0,2026-03-13 15:55:00
1773417600000,1.891,1.891,1.891,1.891,0.0,2026-03-13 16:00:00
1773417900000,1.891,1.891,1.891,1.891,0.0,2026-03-13 16:05:00
1773418200000,1.891,1.891,1.891,1.891,0.0,2026-03-13 16:10:00
1773418500000,1.891,1.891,1.891,1.891,0.0,2026-03-13 16:15:00
1773418800000,1.891,1.891,1.891,1.891,0.0,2026-03-13 16:20:00
1773419100000,1.886,1.886,1.886,1.886,47.69,2026-03-13 16:25:00
1773419400000,1.886,1.886,1.886,1.886,0.0,2026-03-13 16:30:00
1773419700000,1.886,1.886,1.886,1.886,0.0,2026-03-13 16:35:00
1773420000000,1.886,1.886,1.886,1.886,0.0,2026-03-13 16:40:00
1773420300000,1.886,1.886,1.886,1.886,0.0,2026-03-13 16:45:00
1773420600000,1.886,1.886,1.886,1.886,0.0,2026-03-13 16:50:00
1773420900000,1.886,1.886,1.886,1.886,0.0,2026-03-13 16:55:00
1773421200000,1.854,1.854,1.854,1.854,168.33,2026-03-13 17:00:00
1773421500000,1.854,1.854,1.854,1.854,0.0,2026-03-13 17:05:00
1773421800000,1.854,1.854,1.854,1.854,0.0,2026-03-13 17:10:00
1773422100000,1.854,1.854,1.854,1.854,0.0,2026-03-13 17:15:00
1773422400000,1.854,1.854,1.854,1.854,0.0,2026-03-13 17:20:00
1773422700000,1.854,1.854,1.854,1.854,0.0,2026-03-13 17:25:00
1773423000000,1.854,1.854,1.854,1.854,0.0,2026-03-13 17:30:00
1773423300000,1.854,1.854,1.854,1.854,0.0,2026-03-13 17:35:00
1773423600000,1.889,1.889,1.889,1.889,264.0,2026-03-13 17:40:00
1773423900000,1.853,1.853,1.853,1.853,30.8,2026-03-13 17:45:00
1773424200000,1.853,1.853,1.853,1.853,0.0,2026-03-13 17:50:00
1773424500000,1.853,1.853,1.853,1.853,0.0,2026-03-13 17:55:00
1773424800000,1.853,1.853,1.853,1.853,0.0,2026-03-13 18:00:00
1773425100000,1.853,1.853,1.853,1.853,0.0,2026-03-13 18:05:00
1773425400000,1.853,1.853,1.853,1.853,0.0,2026-03-13 18:10:00
1773425700000,1.853,1.853,1.853,1.853,0.0,2026-03-13 18:15:00
1773426000000,1.853,1.853,1.853,1.853,0.0,2026-03-13 18:20:00
1773426300000,1.853,1.853,1.853,1.853,0.0,2026-03-13 18:25:00
1773426600000,1.853,1.853,1.853,1.853,0.0,2026-03-13 18:30:00
1773426900000,1.853,1.853,1.853,1.853,0.0,2026-03-13 18:35:00
1773427200000,1.853,1.853,1.853,1.853,0.0,2026-03-13 18:40:00
1773427500000,1.853,1.853,1.853,1.853,0.0,2026-03-13 18:45:00
1773427800000,1.853,1.853,1.853,1.853,0.0,2026-03-13 18:50:00
1773428100000,1.853,1.853,1.853,1.853,0.0,2026-03-13 18:55:00
1773428400000,1.853,1.853,1.853,1.853,0.0,2026-03-13 19:00:00
1773428700000,1.853,1.853,1.853,1.853,0.0,2026-03-13 19:05:00
1773429000000,1.828,1.828,1.828,1.828,8.23,2026-03-13 19:10:00
1773429300000,1.826,1.826,1.826,1.826,1.3,2026-03-13 19:15:00
1773429600000,1.826,1.826,1.826,1.826,0.0,2026-03-13 19:20:00
1773429900000,1.826,1.826,1.826,1.826,0.0,2026-03-13 19:25:00
1773430200000,1.83,1.83,1.83,1.83,1.42,2026-03-13 19:30:00
1773430500000,1.83,1.83,1.83,1.83,0.0,2026-03-13 19:35:00
1773430800000,1.83,1.83,1.83,1.83,0.0,2026-03-13 19:40:00
1773431100000,1.83,1.83,1.83,1.83,0.0,2026-03-13 19:45:00
1773431400000,1.83,1.83,1.83,1.83,0.0,2026-03-13 19:50:00
1773431700000,1.83,1.83,1.83,1.83,0.0,2026-03-13 19:55:00
1773432000000,1.83,1.83,1.83,1.83,0.0,2026-03-13 20:00:00
1773432300000,1.83,1.83,1.83,1.83,0.0,2026-03-13 20:05:00
1773432600000,1.83,1.83,1.83,1.83,0.0,2026-03-13 20:10:00
1773432900000,1.83,1.83,1.83,1.83,0.0,2026-03-13 20:15:00
1773433200000,1.83,1.83,1.83,1.83,0.0,2026-03-13 20:20:00
1773433500000,1.83,1.83,1.83,1.83,0.0,2026-03-13 20:25:00
1773433800000,1.83,1.83,1.83,1.83,0.0,2026-03-13 20:30:00
1773434100000,1.83,1.83,1.83,1.83,0.0,2026-03-13 20:35:00
1773434400000,1.83,1.83,1.83,1.83,0.0,2026-03-13 20:40:00
1773434700000,1.83,1.83,1.83,1.83,0.0,2026-03-13 20:45:00
1773435000000,1.83,1.83,1.83,1.83,0.0,2026-03-13 20:50:00
1773435300000,1.83,1.83,1.83,1.83,0.0,2026-03-13 20:55:00
1773435600000,1.83,1.83,1.83,1.83,0.0,2026-03-13 21:00:00
1773435900000,1.83,1.83,1.83,1.83,0.0,2026-03-13 21:05:00
1773436200000,1.83,1.83,1.83,1.83,0.0,2026-03-13 21:10:00
1773436500000,1.83,1.83,1.83,1.83,0.0,2026-03-13 21:15:00
1773436800000,1.83,1.83,1.83,1.83,0.0,2026-03-13 21:20:00
1773437100000,1.83,1.83,1.83,1.83,0.0,2026-03-13 21:25:00
1773437400000,1.83,1.83,1.83,1.83,0.0,2026-03-13 21:30:00
1773437700000,1.83,1.83,1.83,1.83,0.0,2026-03-13 21:35:00
1773438000000,1.83,1.83,1.83,1.83,0.0,2026-03-13 21:40:00
1773438300000,1.83,1.83,1.83,1.83,0.0,2026-03-13 21:45:00
1773438600000,1.83,1.83,1.83,1.83,0.0,2026-03-13 21:50:00
1773438900000,1.83,1.83,1.83,1.83,0.0,2026-03-13 21:55:00
1773439200000,1.83,1.83,1.83,1.83,0.0,2026-03-13 22:00:00
1773439500000,1.83,1.83,1.83,1.83,0.0,2026-03-13 22:05:00
1773439800000,1.83,1.83,1.83,1.83,0.0,2026-03-13 22:10:00
1773440100000,1.828,1.828,1.828,1.828,14.09,2026-03-13 22:15:00
1773440400000,1.826,1.826,1.826,1.826,11.4,2026-03-13 22:20:00
1773440700000,1.826,1.826,1.826,1.826,0.0,2026-03-13 22:25:00
1773441000000,1.826,1.826,1.826,1.826,0.0,2026-03-13 22:30:00
1773441300000,1.826,1.826,1.826,1.826,0.0,2026-03-13 22:35:00
1773441600000,1.826,1.826,1.826,1.826,0.0,2026-03-13 22:40:00
1773441900000,1.826,1.826,1.826,1.826,0.0,2026-03-13 22:45:00
1773442200000,1.826,1.826,1.826,1.826,0.0,2026-03-13 22:50:00
1773442500000,1.826,1.826,1.826,1.826,0.0,2026-03-13 22:55:00
1773442800000,1.826,1.826,1.826,1.826,0.0,2026-03-13 23:00:00
1773443100000,1.873,1.873,1.873,1.873,53.35,2026-03-13 23:05:00
1773443400000,1.873,1.873,1.873,1.873,0.0,2026-03-13 23:10:00
1773443700000,1.873,1.873,1.873,1.873,0.0,2026-03-13 23:15:00
1773444000000,1.873,1.873,1.873,1.873,0.0,2026-03-13 23:20:00
1773444300000,1.873,1.873,1.873,1.873,0.0,2026-03-13 23:25:00
1773444600000,1.873,1.873,1.873,1.873,0.0,2026-03-13 23:30:00
1773444900000,1.873,1.873,1.873,1.873,0.0,2026-03-13 23:35:00
1773445200000,1.873,1.873,1.873,1.873,0.0,2026-03-13 23:40:00
1773445500000,1.873,1.873,1.873,1.873,0.0,2026-03-13 23:45:00
1773445800000,1.873,1.873,1.873,1.873,0.0,2026-03-13 23:50:00
1773446100000,1.873,1.873,1.873,1.873,0.0,2026-03-13 23:55:00
1773446400000,1.873,1.873,1.873,1.873,0.0,2026-03-14 00:00:00
1773446700000,1.873,1.873,1.873,1.873,0.0,2026-03-14 00:05:00
1773447000000,1.873,1.873,1.873,1.873,0.0,2026-03-14 00:10:00
1773447300000,1.879,1.879,1.826,1.826,43.93,2026-03-14 00:15:00
1773447600000,1.826,1.826,1.826,1.826,0.0,2026-03-14 00:20:00
1773447900000,1.88,1.88,1.879,1.879,25.13,2026-03-14 00:25:00
1773448200000,1.877,1.877,1.877,1.877,0.88,2026-03-14 00:30:00
1773448500000,1.88,1.88,1.88,1.88,0.67,2026-03-14 00:35:00
1773448800000,1.88,1.88,1.88,1.88,0.0,2026-03-14 00:40:00
1773449100000,1.88,1.88,1.88,1.88,0.0,2026-03-14 00:45:00
1773449400000,1.87,1.87,1.87,1.87,1.44,2026-03-14 00:50:00
1773449700000,1.87,1.87,1.87,1.87,0.0,2026-03-14 00:55:00
1773450000000,1.875,1.875,1.875,1.875,6.51,2026-03-14 01:00:00
1773450300000,1.875,1.875,1.875,1.875,0.0,2026-03-14 01:05:00
1773450600000,1.875,1.875,1.875,1.875,0.0,2026-03-14 01:10:00
1773450900000,1.875,1.875,1.875,1.875,0.0,2026-03-14 01:15:00
1773451200000,1.875,1.875,1.875,1.875,0.0,2026-03-14 01:20:00
1773451500000,1.875,1.875,1.875,1.875,0.0,2026-03-14 01:25:00
1773451800000,1.875,1.875,1.875,1.875,0.0,2026-03-14 01:30:00
1773452100000,1.875,1.875,1.875,1.875,0.0,2026-03-14 01:35:00
1773452400000,1.83,1.83,1.83,1.83,77.8,2026-03-14 01:40:00
1773452700000,1.83,1.83,1.83,1.83,0.0,2026-03-14 01:45:00
1773453000000,1.83,1.83,1.83,1.83,0.0,2026-03-14 01:50:00
1773453300000,1.83,1.83,1.83,1.83,0.0,2026-03-14 01:55:00
1773453600000,1.83,1.83,1.83,1.83,0.0,2026-03-14 02:00:00
1773453900000,1.826,1.826,1.826,1.826,21.96,2026-03-14 02:05:00
1773454200000,1.826,1.826,1.826,1.826,0.0,2026-03-14 02:10:00
1773454500000,1.826,1.826,1.826,1.826,0.0,2026-03-14 02:15:00
1773454800000,1.826,1.826,1.826,1.826,0.0,2026-03-14 02:20:00
1773455100000,1.882,1.882,1.882,1.882,2.33,2026-03-14 02:25:00
1773455400000,1.882,1.882,1.882,1.882,0.0,2026-03-14 02:30:00
1773455700000,1.882,1.882,1.882,1.882,0.0,2026-03-14 02:35:00
1773456000000,1.882,1.882,1.882,1.882,0.0,2026-03-14 02:40:00
1773456300000,1.882,1.882,1.882,1.882,0.0,2026-03-14 02:45:00
1773456600000,1.882,1.882,1.882,1.882,0.0,2026-03-14 02:50:00
1773456900000,1.882,1.882,1.882,1.882,0.0,2026-03-14 02:55:00
1773457200000,1.882,1.882,1.882,1.882,0.0,2026-03-14 03:00:00
1773457500000,1.882,1.882,1.882,1.882,53.0,2026-03-14 03:05:00
1773457800000,1.882,1.882,1.882,1.882,0.0,2026-03-14 03:10:00
1773458100000,1.882,1.882,1.882,1.882,0.0,2026-03-14 03:15:00
1773458400000,1.88,1.882,1.88,1.882,51.87,2026-03-14 03:20:00
1773458700000,1.882,1.882,1.882,1.882,0.0,2026-03-14 03:25:00
1773459000000,1.882,1.882,1.882,1.882,0.0,2026-03-14 03:30:00
1773459300000,1.882,1.882,1.882,1.882,0.0,2026-03-14 03:35:00
1773459600000,1.882,1.882,1.882,1.882,0.0,2026-03-14 03:40:00
1773459900000,1.882,1.882,1.882,1.882,0.0,2026-03-14 03:45:00
1773460200000,1.882,1.882,1.882,1.882,0.0,2026-03-14 03:50:00
1773460500000,1.882,1.882,1.882,1.882,0.0,2026-03-14 03:55:00
1773460800000,1.882,1.882,1.882,1.882,0.0,2026-03-14 04:00:00
1773461100000,1.883,1.883,1.883,1.883,23.48,2026-03-14 04:05:00
1773461400000,1.883,1.883,1.883,1.883,0.0,2026-03-14 04:10:00
1773461700000,1.883,1.883,1.883,1.883,0.0,2026-03-14 04:15:00
1773462000000,1.883,1.883,1.883,1.883,0.0,2026-03-14 04:20:00
1773462300000,1.883,1.883,1.883,1.883,0.0,2026-03-14 04:25:00
1773462600000,1.883,1.883,1.883,1.883,0.0,2026-03-14 04:30:00
1773462900000,1.883,1.883,1.883,1.883,0.0,2026-03-14 04:35:00
1773463200000,1.883,1.883,1.883,1.883,0.0,2026-03-14 04:40:00
1773463500000,1.883,1.883,1.883,1.883,0.0,2026-03-14 04:45:00
1773463800000,1.846,1.846,1.846,1.846,18.4,2026-03-14 04:50:00
1773464100000,1.846,1.846,1.846,1.846,0.0,2026-03-14 04:55:00
1773464400000,1.846,1.846,1.846,1.846,0.0,2026-03-14 05:00:00
1773464700000,1.846,1.846,1.846,1.846,0.0,2026-03-14 05:05:00
1773465000000,1.846,1.846,1.846,1.846,0.0,2026-03-14 05:10:00
1773465300000,1.846,1.846,1.846,1.846,0.0,2026-03-14 05:15:00
1773465600000,1.846,1.846,1.846,1.846,0.0,2026-03-14 05:20:00
1773465900000,1.846,1.846,1.846,1.846,0.0,2026-03-14 05:25:00
1773466200000,1.846,1.846,1.846,1.846,0.0,2026-03-14 05:30:00
1773466500000,1.846,1.846,1.846,1.846,0.0,2026-03-14 05:35:00
1773466800000,1.846,1.846,1.846,1.846,0.0,2026-03-14 05:40:00
1773467100000,1.846,1.846,1.846,1.846,0.0,2026-03-14 05:45:00
1773467400000,1.846,1.846,1.846,1.846,0.0,2026-03-14 05:50:00
1773467700000,1.846,1.846,1.846,1.846,0.0,2026-03-14 05:55:00
1773468000000,1.893,1.893,1.893,1.893,1.58,2026-03-14 06:00:00
1773468300000,1.893,1.893,1.893,1.893,0.0,2026-03-14 06:05:00
1773468600000,1.893,1.893,1.893,1.893,0.0,2026-03-14 06:10:00
1773468900000,1.893,1.893,1.893,1.893,0.0,2026-03-14 06:15:00
1773469200000,1.893,1.893,1.893,1.893,0.0,2026-03-14 06:20:00
1773469500000,1.893,1.893,1.893,1.893,0.0,2026-03-14 06:25:00
1773469800000,1.893,1.893,1.893,1.893,0.0,2026-03-14 06:30:00
1773470100000,1.893,1.893,1.893,1.893,0.0,2026-03-14 06:35:00
1773470400000,1.893,1.893,1.893,1.893,0.0,2026-03-14 06:40:00
1773470700000,1.893,1.893,1.893,1.893,0.0,2026-03-14 06:45:00
1773471000000,1.893,1.893,1.893,1.893,0.0,2026-03-14 06:50:00
1773471300000,1.893,1.893,1.893,1.893,0.0,2026-03-14 06:55:00
1773471600000,1.893,1.893,1.893,1.893,0.0,2026-03-14 07:00:00
1773471900000,1.893,1.893,1.893,1.893,0.0,2026-03-14 07:05:00
1773472200000,1.893,1.893,1.893,1.893,0.0,2026-03-14 07:10:00
1773472500000,1.893,1.893,1.893,1.893,0.0,2026-03-14 07:15:00
1773472800000,1.893,1.893,1.893,1.893,0.0,2026-03-14 07:20:00
1773473100000,1.893,1.893,1.893,1.893,0.0,2026-03-14 07:25:00
1773473400000,1.893,1.893,1.893,1.893,0.0,2026-03-14 07:30:00
1773473700000,1.881,1.881,1.881,1.881,12.31,2026-03-14 07:35:00
1773474000000,1.881,1.881,1.881,1.881,0.0,2026-03-14 07:40:00
1773474300000,1.881,1.881,1.881,1.881,0.0,2026-03-14 07:45:00
1773474600000,1.881,1.881,1.881,1.881,0.0,2026-03-14 07:50:00
1773474900000,1.881,1.881,1.881,1.881,0.0,2026-03-14 07:55:00
1773475200000,1.881,1.881,1.881,1.881,0.0,2026-03-14 08:00:00
1773475500000,1.881,1.881,1.881,1.881,0.0,2026-03-14 08:05:00
1773475800000,1.881,1.881,1.881,1.881,0.0,2026-03-14 08:10:00
1773476100000,1.881,1.881,1.881,1.881,0.0,2026-03-14 08:15:00
1773476400000,1.881,1.881,1.881,1.881,0.0,2026-03-14 08:20:00
1773476700000,1.881,1.881,1.881,1.881,0.0,2026-03-14 08:25:00
1773477000000,1.881,1.881,1.881,1.881,0.0,2026-03-14 08:30:00
1773477300000,1.881,1.881,1.881,1.881,0.0,2026-03-14 08:35:00
1773477600000,1.881,1.881,1.881,1.881,0.0,2026-03-14 08:40:00
1773477900000,1.881,1.881,1.881,1.881,0.0,2026-03-14 08:45:00
1773478200000,1.881,1.881,1.881,1.881,0.0,2026-03-14 08:50:00
1773478500000,1.881,1.881,1.881,1.881,0.0,2026-03-14 08:55:00
1773478800000,1.887,1.887,1.887,1.887,1.58,2026-03-14 09:00:00
1773479100000,1.887,1.887,1.887,1.887,0.0,2026-03-14 09:05:00
1773479400000,1.887,1.887,1.887,1.887,0.0,2026-03-14 09:10:00
1773479700000,1.887,1.887,1.887,1.887,0.0,2026-03-14 09:15:00
1773480000000,1.887,1.887,1.887,1.887,0.0,2026-03-14 09:20:00
1773480300000,1.887,1.887,1.887,1.887,0.0,2026-03-14 09:25:00
1773480600000,1.887,1.887,1.887,1.887,0.0,2026-03-14 09:30:00
1773480900000,1.848,1.848,1.848,1.848,0.66,2026-03-14 09:35:00
1773481200000,1.848,1.848,1.848,1.848,0.0,2026-03-14 09:40:00
1773481500000,1.848,1.848,1.848,1.848,0.0,2026-03-14 09:45:00
1773481800000,1.848,1.848,1.848,1.848,0.0,2026-03-14 09:50:00
1773482100000,1.848,1.848,1.848,1.848,0.0,2026-03-14 09:55:00
1773482400000,1.848,1.848,1.848,1.848,0.0,2026-03-14 10:00:00
1773482700000,1.848,1.848,1.848,1.848,0.0,2026-03-14 10:05:00
1773483000000,1.848,1.848,1.848,1.848,0.0,2026-03-14 10:10:00
1773483300000,1.848,1.848,1.848,1.848,0.0,2026-03-14 10:15:00
1773483600000,1.848,1.848,1.848,1.848,116.49,2026-03-14 10:20:00
1773483900000,1.848,1.848,1.848,1.848,0.0,2026-03-14 10:25:00
1773484200000,1.848,1.848,1.848,1.848,0.0,2026-03-14 10:30:00
1773484500000,1.848,1.848,1.848,1.848,0.0,2026-03-14 10:35:00
1773484800000,1.848,1.848,1.848,1.848,0.0,2026-03-14 10:40:00
1773485100000,1.848,1.848,1.848,1.848,0.0,2026-03-14 10:45:00
1773485400000,1.848,1.848,1.848,1.848,0.0,2026-03-14 10:50:00
1773485700000,1.848,1.848,1.848,1.848,0.0,2026-03-14 10:55:00
1773486000000,1.848,1.848,1.848,1.848,0.0,2026-03-14 11:00:00
1773486300000,1.889,1.889,1.888,1.888,65.74,2026-03-14 11:05:00
1773486600000,1.888,1.888,1.888,1.888,0.0,2026-03-14 11:10:00
1773486900000,1.888,1.888,1.888,1.888,0.0,2026-03-14 11:15:00
1773487200000,1.888,1.888,1.888,1.888,0.0,2026-03-14 11:20:00
1773487500000,1.888,1.888,1.888,1.888,0.0,2026-03-14 11:25:00
1773487800000,1.888,1.888,1.888,1.888,0.0,2026-03-14 11:30:00
1773488100000,1.848,1.848,1.848,1.848,12.88,2026-03-14 11:35:00
1773488400000,1.848,1.848,1.848,1.848,0.0,2026-03-14 11:40:00
1773488700000,1.848,1.848,1.848,1.848,0.0,2026-03-14 11:45:00
1773489000000,1.848,1.848,1.848,1.848,0.0,2026-03-14 11:50:00
1773489300000,1.848,1.848,1.848,1.848,0.0,2026-03-14 11:55:00
1773489600000,1.848,1.848,1.848,1.848,0.0,2026-03-14 12:00:00
1773489900000,1.848,1.848,1.848,1.848,0.0,2026-03-14 12:05:00
1773490200000,1.848,1.848,1.848,1.848,0.0,2026-03-14 12:10:00
1773490500000,1.848,1.848,1.848,1.848,0.0,2026-03-14 12:15:00
1773490800000,1.848,1.848,1.848,1.848,0.0,2026-03-14 12:20:00
1773491100000,1.848,1.848,1.848,1.848,0.0,2026-03-14 12:25:00
1773491400000,1.848,1.848,1.848,1.848,0.0,2026-03-14 12:30:00
1773491700000,1.848,1.848,1.848,1.848,0.0,2026-03-14 12:35:00
1773492000000,1.848,1.848,1.848,1.848,0.0,2026-03-14 12:40:00
1773492300000,1.848,1.848,1.848,1.848,0.0,2026-03-14 12:45:00
1773492600000,1.848,1.848,1.848,1.848,0.0,2026-03-14 12:50:00
1773492900000,1.848,1.848,1.848,1.848,0.0,2026-03-14 12:55:00
1773493200000,1.848,1.848,1.848,1.848,0.0,2026-03-14 13:00:00
1773493500000,1.848,1.848,1.848,1.848,0.0,2026-03-14 13:05:00
1773493800000,1.848,1.848,1.848,1.848,0.0,2026-03-14 13:10:00
1773494100000,1.848,1.848,1.848,1.848,0.0,2026-03-14 13:15:00
1773494400000,1.848,1.848,1.848,1.848,0.0,2026-03-14 13:20:00
1773494700000,1.848,1.848,1.848,1.848,0.0,2026-03-14 13:25:00
1773495000000,1.848,1.848,1.848,1.848,0.0,2026-03-14 13:30:00
1773495300000,1.846,1.846,1.846,1.846,19.4,2026-03-14 13:35:00
1773495600000,1.846,1.846,1.846,1.846,0.0,2026-03-14 13:40:00
1773495900000,1.846,1.846,1.846,1.846,0.0,2026-03-14 13:45:00
1773496200000,1.846,1.846,1.846,1.846,0.0,2026-03-14 13:50:00
1773496500000,1.846,1.846,1.846,1.846,0.0,2026-03-14 13:55:00
1773496800000,1.846,1.846,1.846,1.846,0.0,2026-03-14 14:00:00
1773497100000,1.846,1.846,1.846,1.846,0.0,2026-03-14 14:05:00
1773497400000,1.846,1.846,1.846,1.846,0.0,2026-03-14 14:10:00
1773497700000,1.846,1.846,1.846,1.846,0.0,2026-03-14 14:15:00
1773498000000,1.846,1.846,1.846,1.846,0.0,2026-03-14 14:20:00
1773498300000,1.846,1.846,1.846,1.846,0.0,2026-03-14 14:25:00
1773498600000,1.846,1.846,1.846,1.846,0.0,2026-03-14 14:30:00
1773498900000,1.846,1.846,1.846,1.846,0.0,2026-03-14 14:35:00
1773499200000,1.846,1.846,1.846,1.846,0.0,2026-03-14 14:40:00
1773499500000,1.846,1.846,1.846,1.846,0.0,2026-03-14 14:45:00
1773499800000,1.846,1.846,1.846,1.846,0.0,2026-03-14 14:50:00
1773500100000,1.846,1.846,1.846,1.846,0.0,2026-03-14 14:55:00
1773500400000,1.846,1.846,1.846,1.846,0.0,2026-03-14 15:00:00
1773500700000,1.846,1.846,1.846,1.846,0.0,2026-03-14 15:05:00
1773501000000,1.846,1.846,1.846,1.846,0.0,2026-03-14 15:10:00
1773501300000,1.846,1.846,1.846,1.846,0.0,2026-03-14 15:15:00
1773501600000,1.846,1.846,1.846,1.846,0.0,2026-03-14 15:20:00
1773501900000,1.846,1.846,1.846,1.846,0.0,2026-03-14 15:25:00
1773502200000,1.895,1.895,1.895,1.895,262.27,2026-03-14 15:30:00
1773502500000,1.895,1.895,1.895,1.895,0.0,2026-03-14 15:35:00
1773502800000,1.893,1.893,1.893,1.893,2.1,2026-03-14 15:40:00
1773503100000,1.893,1.893,1.893,1.893,0.0,2026-03-14 15:45:00
1773503400000,1.893,1.893,1.893,1.893,0.0,2026-03-14 15:50:00
1773503700000,1.893,1.893,1.893,1.893,0.0,2026-03-14 15:55:00
1773504000000,1.893,1.893,1.893,1.893,0.0,2026-03-14 16:00:00
1773504300000,1.893,1.893,1.893,1.893,0.0,2026-03-14 16:05:00
1773504600000,1.893,1.893,1.893,1.893,0.0,2026-03-14 16:10:00
1773504900000,1.893,1.893,1.893,1.893,0.0,2026-03-14 16:15:00
1773505200000,1.893,1.893,1.893,1.893,0.0,2026-03-14 16:20:00
1773505500000,1.893,1.893,1.893,1.893,0.0,2026-03-14 16:25:00
1773505800000,1.893,1.893,1.893,1.893,0.0,2026-03-14 16:30:00
1773506100000,1.893,1.893,1.893,1.893,0.0,2026-03-14 16:35:00
1773506400000,1.893,1.893,1.893,1.893,0.0,2026-03-14 16:40:00
1773506700000,1.893,1.893,1.893,1.893,0.0,2026-03-14 16:45:00
1773507000000,1.893,1.893,1.893,1.893,0.0,2026-03-14 16:50:00
1773507300000,1.893,1.893,1.893,1.893,0.0,2026-03-14 16:55:00
1773507600000,1.893,1.893,1.893,1.893,0.0,2026-03-14 17:00:00
1773507900000,1.893,1.893,1.893,1.893,0.0,2026-03-14 17:05:00
1773508200000,1.893,1.893,1.893,1.893,0.0,2026-03-14 17:10:00
1773508500000,1.893,1.893,1.893,1.893,0.0,2026-03-14 17:15:00
1773508800000,1.893,1.893,1.893,1.893,0.0,2026-03-14 17:20:00
1773509100000,1.893,1.893,1.893,1.893,0.0,2026-03-14 17:25:00
1773509400000,1.893,1.893,1.893,1.893,0.0,2026-03-14 17:30:00
1773509700000,1.893,1.893,1.893,1.893,0.0,2026-03-14 17:35:00
1773510000000,1.893,1.893,1.893,1.893,0.0,2026-03-14 17:40:00
1773510300000,1.893,1.893,1.893,1.893,0.0,2026-03-14 17:45:00
1773510600000,1.893,1.893,1.893,1.893,0.0,2026-03-14 17:50:00
1773510900000,1.893,1.893,1.893,1.893,0.0,2026-03-14 17:55:00
1773511200000,1.9,1.9,1.9,1.9,0.79,2026-03-14 18:00:00
1773511500000,1.9,1.9,1.9,1.9,0.0,2026-03-14 18:05:00
1773511800000,1.9,1.9,1.9,1.9,0.0,2026-03-14 18:10:00
1773512100000,1.9,1.9,1.9,1.9,0.0,2026-03-14 18:15:00
1773512400000,1.9,1.9,1.9,1.9,0.0,2026-03-14 18:20:00
1773512700000,1.9,1.9,1.9,1.9,0.0,2026-03-14 18:25:00
1773513000000,1.9,1.9,1.9,1.9,0.0,2026-03-14 18:30:00
1773513300000,1.9,1.9,1.9,1.9,0.0,2026-03-14 18:35:00
1773513600000,1.9,1.9,1.9,1.9,0.0,2026-03-14 18:40:00
1773513900000,1.9,1.9,1.9,1.9,0.0,2026-03-14 18:45:00
1773514200000,1.9,1.9,1.9,1.9,0.0,2026-03-14 18:50:00
1773514500000,1.9,1.9,1.9,1.9,0.0,2026-03-14 18:55:00
1773514800000,1.858,1.858,1.858,1.858,260.69,2026-03-14 19:00:00
1773515100000,1.858,1.858,1.858,1.858,0.0,2026-03-14 19:05:00
1773515400000,1.858,1.858,1.858,1.858,0.0,2026-03-14 19:10:00
1773515700000,1.858,1.858,1.858,1.858,0.0,2026-03-14 19:15:00
1773516000000,1.858,1.858,1.858,1.858,0.0,2026-03-14 19:20:00
1773516300000,1.858,1.858,1.858,1.858,0.0,2026-03-14 19:25:00
1773516600000,1.858,1.858,1.858,1.858,0.0,2026-03-14 19:30:00
1773516900000,1.858,1.858,1.858,1.858,0.0,2026-03-14 19:35:00
1773517200000,1.858,1.858,1.858,1.858,0.0,2026-03-14 19:40:00
1773517500000,1.858,1.858,1.858,1.858,0.0,2026-03-14 19:45:00
1773517800000,1.858,1.858,1.858,1.858,0.0,2026-03-14 19:50:00
1773518100000,1.858,1.858,1.858,1.858,0.0,2026-03-14 19:55:00
1773518400000,1.858,1.858,1.858,1.858,0.0,2026-03-14 20:00:00
1773518700000,1.858,1.858,1.858,1.858,0.0,2026-03-14 20:05:00
1773519000000,1.858,1.858,1.858,1.858,0.0,2026-03-14 20:10:00
1773519300000,1.858,1.858,1.858,1.858,0.0,2026-03-14 20:15:00
1773519600000,1.858,1.858,1.858,1.858,0.0,2026-03-14 20:20:00
1773519900000,1.858,1.858,1.858,1.858,0.0,2026-03-14 20:25:00
1773520200000,1.858,1.858,1.858,1.858,0.0,2026-03-14 20:30:00
1773520500000,1.858,1.858,1.858,1.858,0.0,2026-03-14 20:35:00
1773520800000,1.858,1.858,1.858,1.858,0.0,2026-03-14 20:40:00
1773521100000,1.858,1.858,1.858,1.858,0.0,2026-03-14 20:45:00
1773521400000,1.858,1.858,1.858,1.858,0.0,2026-03-14 20:50:00
1773521700000,1.858,1.858,1.858,1.858,0.0,2026-03-14 20:55:00
1773522000000,1.858,1.858,1.858,1.858,0.0,2026-03-14 21:00:00
1773522300000,1.858,1.858,1.858,1.858,0.0,2026-03-14 21:05:00
1773522600000,1.858,1.858,1.858,1.858,0.0,2026-03-14 21:10:00
1773522900000,1.858,1.858,1.858,1.858,0.0,2026-03-14 21:15:00
1773523200000,1.858,1.858,1.858,1.858,0.0,2026-03-14 21:20:00
1773523500000,1.858,1.858,1.858,1.858,0.0,2026-03-14 21:25:00
1773523800000,1.858,1.858,1.858,1.858,0.0,2026-03-14 21:30:00
1773524100000,1.858,1.858,1.858,1.858,0.0,2026-03-14 21:35:00
1773524400000,1.858,1.858,1.858,1.858,0.0,2026-03-14 21:40:00
1773524700000,1.858,1.858,1.858,1.858,0.0,2026-03-14 21:45:00
1773525000000,1.858,1.858,1.858,1.858,0.0,2026-03-14 21:50:00
1773525300000,1.858,1.858,1.858,1.858,0.0,2026-03-14 21:55:00
1773525600000,1.858,1.858,1.858,1.858,0.0,2026-03-14 22:00:00
1773525900000,1.858,1.858,1.858,1.858,0.0,2026-03-14 22:05:00
1773526200000,1.858,1.858,1.858,1.858,0.0,2026-03-14 22:10:00
1773526500000,1.858,1.858,1.858,1.858,0.0,2026-03-14 22:15:00
1773526800000,1.858,1.858,1.858,1.858,0.0,2026-03-14 22:20:00
1773527100000,1.858,1.858,1.858,1.858,0.0,2026-03-14 22:25:00
1773527400000,1.858,1.858,1.858,1.858,0.0,2026-03-14 22:30:00
1773527700000,1.858,1.858,1.858,1.858,0.0,2026-03-14 22:35:00
1773528000000,1.858,1.858,1.858,1.858,0.0,2026-03-14 22:40:00
1773528300000,1.858,1.858,1.858,1.858,0.0,2026-03-14 22:45:00
1773528600000,1.858,1.858,1.858,1.858,0.0,2026-03-14 22:50:00
1773528900000,1.858,1.858,1.858,1.858,0.0,2026-03-14 22:55:00
1773529200000,1.858,1.858,1.858,1.858,0.0,2026-03-14 23:00:00
1773529500000,1.858,1.858,1.858,1.858,0.0,2026-03-14 23:05:00
1773529800000,1.858,1.858,1.858,1.858,0.0,2026-03-14 23:10:00
1773530100000,1.858,1.858,1.858,1.858,0.0,2026-03-14 23:15:00
1773530400000,1.858,1.858,1.858,1.858,0.0,2026-03-14 23:20:00
1773530700000,1.858,1.858,1.858,1.858,0.0,2026-03-14 23:25:00
1773531000000,1.858,1.858,1.858,1.858,0.0,2026-03-14 23:30:00
1773531300000,1.858,1.858,1.858,1.858,0.0,2026-03-14 23:35:00
1773531600000,1.858,1.858,1.858,1.858,0.0,2026-03-14 23:40:00
1773531900000,1.858,1.858,1.858,1.858,0.0,2026-03-14 23:45:00
1773532200000,1.858,1.858,1.858,1.858,0.0,2026-03-14 23:50:00
1773532500000,1.858,1.858,1.858,1.858,0.0,2026-03-14 23:55:00
1773532800000,1.858,1.858,1.858,1.858,0.0,2026-03-15 00:00:00
1773533100000,1.858,1.858,1.858,1.858,0.0,2026-03-15 00:05:00
1773533400000,1.858,1.858,1.858,1.858,0.0,2026-03-15 00:10:00
1773533700000,1.846,1.852,1.846,1.852,8.9,2026-03-15 00:15:00
1773534000000,1.843,1.85,1.843,1.85,18.0,2026-03-15 00:20:00
1773534300000,1.847,1.849,1.842,1.842,5.96,2026-03-15 00:25:00
1773534600000,1.847,1.849,1.842,1.842,7.6,2026-03-15 00:30:00
1773534900000,1.847,1.847,1.842,1.843,5.05,2026-03-15 00:35:00
1773535200000,1.843,1.843,1.843,1.843,0.0,2026-03-15 00:40:00
1773535500000,1.843,1.843,1.843,1.843,0.0,2026-03-15 00:45:00
1773535800000,1.843,1.843,1.843,1.843,0.0,2026-03-15 00:50:00
1773536100000,1.843,1.843,1.843,1.843,0.0,2026-03-15 00:55:00
1773536400000,1.843,1.843,1.843,1.843,0.0,2026-03-15 01:00:00
1773536700000,1.843,1.843,1.843,1.843,0.0,2026-03-15 01:05:00
1773537000000,1.843,1.843,1.843,1.843,0.0,2026-03-15 01:10:00
1773537300000,1.843,1.843,1.843,1.843,0.0,2026-03-15 01:15:00
1773537600000,1.843,1.843,1.843,1.843,0.0,2026-03-15 01:20:00
1773537900000,1.841,1.841,1.841,1.841,3.0,2026-03-15 01:25:00
1773538200000,1.841,1.841,1.841,1.841,0.0,2026-03-15 01:30:00
1773538500000,1.841,1.841,1.841,1.841,0.0,2026-03-15 01:35:00
1773538800000,1.841,1.841,1.841,1.841,0.0,2026-03-15 01:40:00
1773539100000,1.841,1.841,1.841,1.841,0.0,2026-03-15 01:45:00
1773539400000,1.841,1.841,1.841,1.841,0.0,2026-03-15 01:50:00
1773539700000,1.841,1.841,1.841,1.841,0.0,2026-03-15 01:55:00
1773540000000,1.841,1.841,1.841,1.841,0.0,2026-03-15 02:00:00
1773540300000,1.841,1.841,1.841,1.841,0.0,2026-03-15 02:05:00
1773540600000,1.841,1.841,1.841,1.841,0.0,2026-03-15 02:10:00
1773540900000,1.841,1.841,1.841,1.841,0.0,2026-03-15 02:15:00
1773541200000,1.841,1.841,1.841,1.841,0.0,2026-03-15 02:20:00
1773541500000,1.841,1.841,1.841,1.841,0.0,2026-03-15 02:25:00
1773541800000,1.841,1.841,1.841,1.841,0.0,2026-03-15 02:30:00
1773542100000,1.841,1.841,1.841,1.841,0.0,2026-03-15 02:35:00
1773542400000,1.841,1.841,1.841,1.841,0.0,2026-03-15 02:40:00
1773542700000,1.841,1.841,1.841,1.841,0.0,2026-03-15 02:45:00
1773543000000,1.841,1.841,1.841,1.841,0.0,2026-03-15 02:50:00
1773543300000,1.841,1.841,1.841,1.841,0.0,2026-03-15 02:55:00
1773543600000,1.841,1.841,1.841,1.841,0.0,2026-03-15 03:00:00
1773543900000,1.841,1.841,1.841,1.841,0.0,2026-03-15 03:05:00
1773544200000,1.841,1.841,1.841,1.841,0.0,2026-03-15 03:10:00
1773544500000,1.841,1.841,1.841,1.841,0.0,2026-03-15 03:15:00
1773544800000,1.841,1.841,1.841,1.841,0.0,2026-03-15 03:20:00
1773545100000,1.841,1.841,1.841,1.841,0.0,2026-03-15 03:25:00
1773545400000,1.841,1.841,1.841,1.841,0.0,2026-03-15 03:30:00
1773545700000,1.841,1.841,1.841,1.841,0.0,2026-03-15 03:35:00
1773546000000,1.841,1.841,1.841,1.841,0.0,2026-03-15 03:40:00
1773546300000,1.841,1.841,1.841,1.841,0.0,2026-03-15 03:45:00
1773546600000,1.841,1.841,1.841,1.841,0.0,2026-03-15 03:50:00
1773546900000,1.841,1.841,1.841,1.841,0.0,2026-03-15 03:55:00
1773547200000,1.841,1.841,1.841,1.841,0.0,2026-03-15 04:00:00
1773547500000,1.841,1.841,1.841,1.841,0.0,2026-03-15 04:05:00
1773547800000,1.875,1.875,1.875,1.875,4.59,2026-03-15 04:10:00
1773548100000,1.875,1.875,1.875,1.875,0.0,2026-03-15 04:15:00
1773548400000,1.875,1.875,1.875,1.875,0.0,2026-03-15 04:20:00
1773548700000,1.875,1.875,1.875,1.875,0.0,2026-03-15 04:25:00
1773549000000,1.879,1.879,1.879,1.879,79.6,2026-03-15 04:30:00
1773549300000,1.879,1.879,1.879,1.879,0.0,2026-03-15 04:35:00
1773549600000,1.879,1.879,1.879,1.879,0.0,2026-03-15 04:40:00
1773549900000,1.879,1.879,1.879,1.879,0.0,2026-03-15 04:45:00
1773550200000,1.879,1.879,1.879,1.879,0.0,2026-03-15 04:50:00
1773550500000,1.879,1.879,1.879,1.879,0.0,2026-03-15 04:55:00
1773550800000,1.879,1.879,1.879,1.879,0.0,2026-03-15 05:00:00
1773551100000,1.879,1.879,1.879,1.879,0.0,2026-03-15 05:05:00
1773551400000,1.879,1.879,1.879,1.879,0.0,2026-03-15 05:10:00
1773551700000,1.879,1.879,1.879,1.879,0.0,2026-03-15 05:15:00
1773552000000,1.879,1.879,1.879,1.879,0.0,2026-03-15 05:20:00
1773552300000,1.879,1.879,1.879,1.879,0.0,2026-03-15 05:25:00
1773552600000,1.879,1.879,1.879,1.879,0.0,2026-03-15 05:30:00
1773552900000,1.879,1.879,1.879,1.879,0.0,2026-03-15 05:35:00
1773553200000,1.879,1.879,1.879,1.879,0.0,2026-03-15 05:40:00
1773553500000,1.879,1.879,1.879,1.879,0.0,2026-03-15 05:45:00
1773553800000,1.879,1.879,1.879,1.879,0.0,2026-03-15 05:50:00
1773554100000,1.879,1.879,1.879,1.879,0.0,2026-03-15 05:55:00
1773554400000,1.879,1.879,1.879,1.879,0.0,2026-03-15 06:00:00
1773554700000,1.879,1.879,1.879,1.879,0.0,2026-03-15 06:05:00
1773555000000,1.879,1.879,1.879,1.879,0.0,2026-03-15 06:10:00
1773555300000,1.879,1.879,1.879,1.879,0.0,2026-03-15 06:15:00
1773555600000,1.879,1.879,1.879,1.879,0.0,2026-03-15 06:20:00
1773555900000,1.879,1.879,1.879,1.879,0.0,2026-03-15 06:25:00
1773556200000,1.879,1.879,1.879,1.879,0.0,2026-03-15 06:30:00
1773556500000,1.879,1.879,1.879,1.879,0.0,2026-03-15 06:35:00
1773556800000,1.879,1.879,1.879,1.879,0.0,2026-03-15 06:40:00
1773557100000,1.879,1.879,1.879,1.879,0.0,2026-03-15 06:45:00
1773557400000,1.879,1.879,1.879,1.879,0.0,2026-03-15 06:50:00
1773557700000,1.879,1.879,1.879,1.879,0.0,2026-03-15 06:55:00
1773558000000,1.879,1.879,1.879,1.879,0.0,2026-03-15 07:00:00
1773558300000,1.879,1.879,1.879,1.879,0.0,2026-03-15 07:05:00
1773558600000,1.879,1.879,1.879,1.879,0.0,2026-03-15 07:10:00
1773558900000,1.879,1.879,1.879,1.879,0.0,2026-03-15 07:15:00
1773559200000,1.879,1.879,1.879,1.879,0.0,2026-03-15 07:20:00
1773559500000,1.879,1.879,1.879,1.879,0.0,2026-03-15 07:25:00
1773559800000,1.879,1.879,1.879,1.879,0.0,2026-03-15 07:30:00
1773560100000,1.879,1.879,1.879,1.879,0.0,2026-03-15 07:35:00
1773560400000,1.879,1.879,1.879,1.879,0.0,2026-03-15 07:40:00
1773560700000,1.879,1.879,1.879,1.879,0.0,2026-03-15 07:45:00
1773561000000,1.879,1.879,1.879,1.879,0.0,2026-03-15 07:50:00
1773561300000,1.879,1.879,1.879,1.879,0.0,2026-03-15 07:55:00
1773561600000,1.879,1.879,1.879,1.879,0.0,2026-03-15 08:00:00
1773561900000,1.879,1.879,1.879,1.879,0.0,2026-03-15 08:05:00
1773562200000,1.879,1.879,1.879,1.879,0.0,2026-03-15 08:10:00
1773562500000,1.879,1.879,1.879,1.879,0.0,2026-03-15 08:15:00
1773562800000,1.879,1.879,1.879,1.879,0.0,2026-03-15 08:20:00
1773563100000,1.879,1.879,1.879,1.879,0.0,2026-03-15 08:25:00
1773563400000,1.87,1.87,1.87,1.87,53.33,2026-03-15 08:30:00
1773563700000,1.87,1.87,1.87,1.87,0.0,2026-03-15 08:35:00
1773564000000,1.87,1.87,1.87,1.87,0.0,2026-03-15 08:40:00
1773564300000,1.87,1.87,1.87,1.87,0.0,2026-03-15 08:45:00
1773564600000,1.87,1.87,1.87,1.87,0.0,2026-03-15 08:50:00
1773564900000,1.87,1.87,1.87,1.87,0.0,2026-03-15 08:55:00
1773565200000,1.874,1.874,1.874,1.874,1.6,2026-03-15 09:00:00
1773565500000,1.874,1.874,1.874,1.874,0.0,2026-03-15 09:05:00
1773565800000,1.874,1.874,1.874,1.874,0.0,2026-03-15 09:10:00
1773566100000,1.874,1.874,1.874,1.874,0.0,2026-03-15 09:15:00
1773566400000,1.874,1.874,1.874,1.874,40.02,2026-03-15 09:20:00
1773566700000,1.874,1.874,1.874,1.874,0.0,2026-03-15 09:25:00
1773567000000,1.874,1.874,1.874,1.874,0.0,2026-03-15 09:30:00
1773567300000,1.874,1.874,1.874,1.874,0.0,2026-03-15 09:35:00
1773567600000,1.874,1.874,1.874,1.874,0.0,2026-03-15 09:40:00
1773567900000,1.874,1.874,1.874,1.874,0.0,2026-03-15 09:45:00
1773568200000,1.874,1.874,1.874,1.874,0.0,2026-03-15 09:50:00
1773568500000,1.874,1.874,1.874,1.874,0.0,2026-03-15 09:55:00
1773568800000,1.874,1.874,1.874,1.874,0.0,2026-03-15 10:00:00
1773569100000,1.874,1.874,1.874,1.874,0.0,2026-03-15 10:05:00
1773569400000,1.874,1.874,1.874,1.874,0.0,2026-03-15 10:10:00
1773569700000,1.874,1.874,1.874,1.874,0.0,2026-03-15 10:15:00
1773570000000,1.874,1.874,1.874,1.874,0.0,2026-03-15 10:20:00
1773570300000,1.874,1.874,1.874,1.874,0.0,2026-03-15 10:25:00
1773570600000,1.874,1.874,1.874,1.874,0.0,2026-03-15 10:30:00
1773570900000,1.874,1.874,1.874,1.874,0.0,2026-03-15 10:35:00
1773571200000,1.874,1.874,1.874,1.874,0.0,2026-03-15 10:40:00
1773571500000,1.874,1.874,1.874,1.874,0.0,2026-03-15 10:45:00
1773571800000,1.874,1.874,1.874,1.874,0.0,2026-03-15 10:50:00
1773572100000,1.874,1.874,1.874,1.874,0.0,2026-03-15 10:55:00
1773572400000,1.879,1.879,1.879,1.879,5.3,2026-03-15 11:00:00
1773572700000,1.879,1.879,1.879,1.879,0.0,2026-03-15 11:05:00
1773573000000,1.879,1.879,1.879,1.879,0.0,2026-03-15 11:10:00
1773573300000,1.879,1.879,1.879,1.879,0.0,2026-03-15 11:15:00
1773573600000,1.857,1.857,1.857,1.857,23.03,2026-03-15 11:20:00
1773573900000,1.857,1.857,1.857,1.857,0.0,2026-03-15 11:25:00
1773574200000,1.857,1.857,1.857,1.857,0.0,2026-03-15 11:30:00
1773574500000,1.857,1.857,1.857,1.857,0.0,2026-03-15 11:35:00
1773574800000,1.857,1.857,1.857,1.857,0.0,2026-03-15 11:40:00
1773575100000,1.857,1.857,1.857,1.857,0.0,2026-03-15 11:45:00
1773575400000,1.857,1.857,1.857,1.857,0.0,2026-03-15 11:50:00
1773575700000,1.857,1.857,1.857,1.857,0.0,2026-03-15 11:55:00
1773576000000,1.857,1.857,1.857,1.857,0.0,2026-03-15 12:00:00
1773576300000,1.857,1.857,1.857,1.857,0.0,2026-03-15 12:05:00
1773576600000,1.857,1.857,1.857,1.857,0.0,2026-03-15 12:10:00
1773576900000,1.857,1.857,1.857,1.857,0.0,2026-03-15 12:15:00
1773577200000,1.857,1.857,1.857,1.857,0.0,2026-03-15 12:20:00
1773577500000,1.857,1.857,1.857,1.857,0.0,2026-03-15 12:25:00
1773577800000,1.857,1.857,1.857,1.857,0.0,2026-03-15 12:30:00
1773578100000,1.857,1.857,1.857,1.857,0.0,2026-03-15 12:35:00
1773578400000,1.857,1.857,1.857,1.857,0.0,2026-03-15 12:40:00
1773578700000,1.857,1.857,1.857,1.857,0.0,2026-03-15 12:45:00
1773579000000,1.857,1.857,1.857,1.857,0.0,2026-03-15 12:50:00
1773579300000,1.857,1.857,1.857,1.857,0.0,2026-03-15 12:55:00
1773579600000,1.857,1.857,1.857,1.857,0.0,2026-03-15 13:00:00
1773579900000,1.857,1.857,1.857,1.857,0.0,2026-03-15 13:05:00
1773580200000,1.857,1.857,1.857,1.857,0.0,2026-03-15 13:10:00
1773580500000,1.857,1.857,1.857,1.857,0.0,2026-03-15 13:15:00
1773580800000,1.857,1.857,1.857,1.857,0.0,2026-03-15 13:20:00
1773581100000,1.857,1.857,1.857,1.857,0.0,2026-03-15 13:25:00
1773581400000,1.857,1.857,1.857,1.857,0.0,2026-03-15 13:30:00
1773581700000,1.857,1.857,1.857,1.857,0.0,2026-03-15 13:35:00
1773582000000,1.857,1.857,1.857,1.857,0.0,2026-03-15 13:40:00
1773582300000,1.857,1.857,1.857,1.857,0.0,2026-03-15 13:45:00
1773582600000,1.857,1.857,1.857,1.857,0.0,2026-03-15 13:50:00
1773582900000,1.857,1.857,1.857,1.857,0.0,2026-03-15 13:55:00
1773583200000,1.885,1.885,1.885,1.885,2.64,2026-03-15 14:00:00
1773583500000,1.885,1.885,1.885,1.885,0.0,2026-03-15 14:05:00
1773583800000,1.885,1.885,1.885,1.885,0.0,2026-03-15 14:10:00
1773584100000,1.885,1.885,1.885,1.885,0.0,2026-03-15 14:15:00
1773584400000,1.885,1.885,1.885,1.885,0.0,2026-03-15 14:20:00
1773584700000,1.885,1.885,1.885,1.885,0.0,2026-03-15 14:25:00
1773585000000,1.885,1.885,1.885,1.885,0.0,2026-03-15 14:30:00
1773585300000,1.885,1.885,1.885,1.885,0.0,2026-03-15 14:35:00
1773585600000,1.873,1.873,1.873,1.873,112.0,2026-03-15 14:40:00
1773585900000,1.873,1.873,1.873,1.873,0.0,2026-03-15 14:45:00
1773586200000,1.873,1.873,1.873,1.873,0.0,2026-03-15 14:50:00
1773586500000,1.873,1.873,1.873,1.873,0.0,2026-03-15 14:55:00
1773586800000,1.873,1.873,1.873,1.873,0.0,2026-03-15 15:00:00
1773587100000,1.873,1.873,1.873,1.873,0.0,2026-03-15 15:05:00
1773587400000,1.873,1.873,1.873,1.873,0.0,2026-03-15 15:10:00
1773587700000,1.873,1.873,1.873,1.873,0.0,2026-03-15 15:15:00
1773588000000,1.873,1.873,1.873,1.873,0.0,2026-03-15 15:20:00
1773588300000,1.873,1.873,1.873,1.873,0.0,2026-03-15 15:25:00
1773588600000,1.873,1.873,1.873,1.873,0.0,2026-03-15 15:30:00
1773588900000,1.873,1.873,1.873,1.873,0.0,2026-03-15 15:35:00
1773589200000,1.873,1.873,1.873,1.873,0.0,2026-03-15 15:40:00
1773589500000,1.873,1.873,1.873,1.873,0.0,2026-03-15 15:45:00
1773589800000,1.873,1.873,1.873,1.873,0.0,2026-03-15 15:50:00
1773590100000,1.873,1.873,1.873,1.873,0.0,2026-03-15 15:55:00
1773590400000,1.873,1.873,1.873,1.873,0.0,2026-03-15 16:00:00
1773590700000,1.873,1.873,1.873,1.873,0.0,2026-03-15 16:05:00
1773591000000,1.873,1.873,1.873,1.873,0.0,2026-03-15 16:10:00
1773591300000,1.873,1.873,1.873,1.873,0.0,2026-03-15 16:15:00
1773591600000,1.873,1.873,1.873,1.873,0.0,2026-03-15 16:20:00
1773591900000,1.873,1.873,1.873,1.873,0.0,2026-03-15 16:25:00
1773592200000,1.851,1.851,1.851,1.851,96.63,2026-03-15 16:30:00
1773592500000,1.851,1.851,1.851,1.851,0.0,2026-03-15 16:35:00
1773592800000,1.851,1.851,1.851,1.851,0.0,2026-03-15 16:40:00
1773593100000,1.851,1.851,1.851,1.851,0.0,2026-03-15 16:45:00
1773593400000,1.851,1.851,1.851,1.851,0.0,2026-03-15 16:50:00
1773593700000,1.851,1.851,1.851,1.851,0.0,2026-03-15 16:55:00
1773594000000,1.851,1.851,1.851,1.851,0.0,2026-03-15 17:00:00
1773594300000,1.851,1.851,1.851,1.851,0.0,2026-03-15 17:05:00
1773594600000,1.851,1.851,1.851,1.851,0.0,2026-03-15 17:10:00
1773594900000,1.851,1.851,1.851,1.851,0.0,2026-03-15 17:15:00
1773595200000,1.851,1.851,1.851,1.851,0.0,2026-03-15 17:20:00
1773595500000,1.851,1.851,1.851,1.851,0.0,2026-03-15 17:25:00
1773595800000,1.853,1.853,1.853,1.853,9.62,2026-03-15 17:30:00
1773596100000,1.853,1.853,1.853,1.853,0.0,2026-03-15 17:35:00
1773596400000,1.853,1.853,1.853,1.853,0.0,2026-03-15 17:40:00
1773596700000,1.853,1.853,1.853,1.853,0.0,2026-03-15 17:45:00
1773597000000,1.853,1.853,1.853,1.853,0.0,2026-03-15 17:50:00
1773597300000,1.853,1.853,1.853,1.853,0.0,2026-03-15 17:55:00
1773597600000,1.853,1.853,1.853,1.853,0.0,2026-03-15 18:00:00
1773597900000,1.853,1.853,1.853,1.853,0.0,2026-03-15 18:05:00
1773598200000,1.853,1.853,1.853,1.853,0.0,2026-03-15 18:10:00
1773598500000,1.853,1.853,1.853,1.853,0.0,2026-03-15 18:15:00
1773598800000,1.853,1.853,1.853,1.853,0.0,2026-03-15 18:20:00
1773599100000,1.853,1.853,1.853,1.853,0.0,2026-03-15 18:25:00
1773599400000,1.853,1.853,1.853,1.853,0.0,2026-03-15 18:30:00
1773599700000,1.853,1.853,1.853,1.853,0.0,2026-03-15 18:35:00
1773600000000,1.849,1.849,1.849,1.849,14.82,2026-03-15 18:40:00
1773600300000,1.849,1.849,1.849,1.849,0.0,2026-03-15 18:45:00
1773600600000,1.849,1.849,1.849,1.849,0.0,2026-03-15 18:50:00
1773600900000,1.849,1.849,1.849,1.849,0.0,2026-03-15 18:55:00
1773601200000,1.849,1.849,1.849,1.849,0.0,2026-03-15 19:00:00
1773601500000,1.849,1.849,1.849,1.849,0.0,2026-03-15 19:05:00
1773601800000,1.849,1.849,1.849,1.849,0.0,2026-03-15 19:10:00
1773602100000,1.849,1.849,1.849,1.849,0.0,2026-03-15 19:15:00
1773602400000,1.849,1.849,1.849,1.849,0.0,2026-03-15 19:20:00
1773602700000,1.852,1.853,1.852,1.853,65.82,2026-03-15 19:25:00
1773603000000,1.853,1.853,1.853,1.853,0.0,2026-03-15 19:30:00
1773603300000,1.853,1.853,1.853,1.853,0.0,2026-03-15 19:35:00
1773603600000,1.853,1.853,1.853,1.853,0.0,2026-03-15 19:40:00
1773603900000,1.853,1.853,1.853,1.853,0.0,2026-03-15 19:45:00
1773604200000,1.853,1.853,1.853,1.853,0.0,2026-03-15 19:50:00
1773604500000,1.853,1.853,1.853,1.853,0.0,2026-03-15 19:55:00
1773604800000,1.853,1.853,1.853,1.853,0.0,2026-03-15 20:00:00
1773605100000,1.856,1.856,1.856,1.856,26.86,2026-03-15 20:05:00
1773605400000,1.856,1.856,1.856,1.856,0.0,2026-03-15 20:10:00
1773605700000,1.856,1.856,1.856,1.856,0.0,2026-03-15 20:15:00
1773606000000,1.856,1.856,1.856,1.856,0.0,2026-03-15 20:20:00
1773606300000,1.856,1.856,1.856,1.856,0.0,2026-03-15 20:25:00
1773606600000,1.856,1.856,1.856,1.856,0.0,2026-03-15 20:30:00
1773606900000,1.857,1.857,1.857,1.857,14.82,2026-03-15 20:35:00
1773607200000,1.857,1.857,1.857,1.857,0.0,2026-03-15 20:40:00
1773607500000,1.857,1.857,1.857,1.857,0.0,2026-03-15 20:45:00
1773607800000,1.857,1.857,1.857,1.857,0.0,2026-03-15 20:50:00
1773608100000,1.857,1.857,1.857,1.857,0.0,2026-03-15 20:55:00
1773608400000,1.857,1.857,1.857,1.857,0.0,2026-03-15 21:00:00
1773608700000,1.857,1.857,1.857,1.857,0.0,2026-03-15 21:05:00
1773609000000,1.857,1.857,1.857,1.857,0.0,2026-03-15 21:10:00
1773609300000,1.857,1.857,1.857,1.857,0.0,2026-03-15 21:15:00
1773609600000,1.857,1.857,1.857,1.857,0.0,2026-03-15 21:20:00
1773609900000,1.857,1.857,1.857,1.857,0.0,2026-03-15 21:25:00
1773610200000,1.857,1.857,1.857,1.857,0.0,2026-03-15 21:30:00
1773610500000,1.857,1.857,1.857,1.857,0.0,2026-03-15 21:35:00
1773610800000,1.857,1.857,1.857,1.857,0.0,2026-03-15 21:40:00
1773611100000,1.857,1.857,1.857,1.857,0.0,2026-03-15 21:45:00
1773611400000,1.857,1.857,1.857,1.857,0.0,2026-03-15 21:50:00
1773611700000,1.857,1.857,1.857,1.857,0.0,2026-03-15 21:55:00
1773612000000,1.863,1.863,1.863,1.863,14.82,2026-03-15 22:00:00
1773612300000,1.863,1.863,1.863,1.863,0.0,2026-03-15 22:05:00
1773612600000,1.863,1.863,1.863,1.863,0.0,2026-03-15 22:10:00
1773612900000,1.863,1.863,1.863,1.863,0.0,2026-03-15 22:15:00
1773613200000,1.863,1.863,1.863,1.863,0.0,2026-03-15 22:20:00
1773613500000,1.863,1.863,1.863,1.863,0.0,2026-03-15 22:25:00
1773613800000,1.863,1.863,1.863,1.863,0.0,2026-03-15 22:30:00
1773614100000,1.863,1.863,1.863,1.863,0.0,2026-03-15 22:35:00
1773614400000,1.863,1.863,1.863,1.863,0.0,2026-03-15 22:40:00
1773614700000,1.863,1.863,1.863,1.863,0.0,2026-03-15 22:45:00
1773615000000,1.863,1.863,1.863,1.863,0.0,2026-03-15 22:50:00
1773615300000,1.863,1.863,1.863,1.863,0.0,2026-03-15 22:55:00
1773615600000,1.863,1.863,1.863,1.863,0.0,2026-03-15 23:00:00
1773615900000,1.863,1.863,1.863,1.863,0.0,2026-03-15 23:05:00
1773616200000,1.863,1.863,1.863,1.863,0.0,2026-03-15 23:10:00
1773616500000,1.863,1.863,1.863,1.863,0.0,2026-03-15 23:15:00
1773616800000,1.863,1.863,1.863,1.863,0.0,2026-03-15 23:20:00
1773617100000,1.863,1.863,1.863,1.863,0.0,2026-03-15 23:25:00
1773617400000,1.863,1.863,1.863,1.863,0.0,2026-03-15 23:30:00
1773617700000,1.863,1.863,1.863,1.863,0.0,2026-03-15 23:35:00
1773618000000,1.863,1.863,1.863,1.863,0.0,2026-03-15 23:40:00
1773618300000,1.863,1.863,1.863,1.863,0.0,2026-03-15 23:45:00
1773618600000,1.863,1.863,1.863,1.863,0.0,2026-03-15 23:50:00
1773618900000,1.863,1.863,1.863,1.863,0.0,2026-03-15 23:55:00
1773619200000,1.863,1.863,1.863,1.863,0.0,2026-03-16 00:00:00
1773619500000,1.863,1.863,1.863,1.863,0.0,2026-03-16 00:05:00
1773619800000,1.863,1.863,1.863,1.863,0.0,2026-03-16 00:10:00
1773620100000,1.842,1.842,1.842,1.842,3.28,2026-03-16 00:15:00
1773620400000,1.877,1.877,1.877,1.877,1.73,2026-03-16 00:20:00
1773620700000,1.885,1.885,1.881,1.881,35.42,2026-03-16 00:25:00
1773621000000,1.881,1.881,1.88,1.88,5.13,2026-03-16 00:30:00
1773621300000,1.884,1.884,1.881,1.882,12.08,2026-03-16 00:35:00
1773621600000,1.879,1.884,1.879,1.883,3.61,2026-03-16 00:40:00
1773621900000,1.883,1.883,1.883,1.883,0.0,2026-03-16 00:45:00
1773622200000,1.883,1.883,1.883,1.883,0.0,2026-03-16 00:50:00
1773622500000,1.885,1.885,1.885,1.885,3.55,2026-03-16 00:55:00
1773622800000,1.88,1.88,1.88,1.88,2.65,2026-03-16 01:00:00
1773623100000,1.88,1.88,1.88,1.88,0.0,2026-03-16 01:05:00
1773623400000,1.88,1.88,1.88,1.88,0.0,2026-03-16 01:10:00
1773623700000,1.88,1.88,1.88,1.88,0.0,2026-03-16 01:15:00
1773624000000,1.88,1.88,1.88,1.88,0.0,2026-03-16 01:20:00
1773624300000,1.88,1.88,1.88,1.88,0.0,2026-03-16 01:25:00
1773624600000,1.88,1.88,1.88,1.88,0.0,2026-03-16 01:30:00
1773624900000,1.88,1.88,1.88,1.88,0.0,2026-03-16 01:35:00
1773625200000,1.88,1.88,1.88,1.88,0.0,2026-03-16 01:40:00
1773625500000,1.88,1.88,1.88,1.88,0.0,2026-03-16 01:45:00
1773625800000,1.88,1.88,1.88,1.88,0.0,2026-03-16 01:50:00
1773626100000,1.88,1.88,1.88,1.88,0.0,2026-03-16 01:55:00
1773626400000,1.88,1.88,1.88,1.88,0.0,2026-03-16 02:00:00
1773626700000,1.88,1.88,1.88,1.88,0.0,2026-03-16 02:05:00
1773627000000,1.88,1.88,1.88,1.88,0.0,2026-03-16 02:10:00
1773627300000,1.88,1.88,1.88,1.88,0.0,2026-03-16 02:15:00
1773627600000,1.88,1.88,1.88,1.88,0.0,2026-03-16 02:20:00
1773627900000,1.88,1.88,1.88,1.88,0.0,2026-03-16 02:25:00
1773628200000,1.88,1.88,1.88,1.88,0.0,2026-03-16 02:30:00
1773628500000,1.88,1.88,1.88,1.88,0.0,2026-03-16 02:35:00
1773628800000,1.88,1.88,1.88,1.88,0.0,2026-03-16 02:40:00
1773629100000,1.88,1.88,1.88,1.88,0.0,2026-03-16 02:45:00
1773629400000,1.88,1.88,1.88,1.88,0.0,2026-03-16 02:50:00
1773629700000,1.88,1.88,1.88,1.88,0.0,2026-03-16 02:55:00
1773630000000,1.88,1.88,1.88,1.88,0.0,2026-03-16 03:00:00
1773630300000,1.88,1.88,1.88,1.88,0.0,2026-03-16 03:05:00
1773630600000,1.88,1.88,1.88,1.88,0.0,2026-03-16 03:10:00
1773630900000,1.88,1.88,1.88,1.88,0.0,2026-03-16 03:15:00
1773631200000,1.88,1.88,1.88,1.88,0.0,2026-03-16 03:20:00
1773631500000,1.88,1.88,1.88,1.88,0.0,2026-03-16 03:25:00
1773631800000,1.88,1.88,1.88,1.88,0.0,2026-03-16 03:30:00
1773632100000,1.88,1.88,1.88,1.88,0.0,2026-03-16 03:35:00
1773632400000,1.88,1.88,1.88,1.88,0.0,2026-03-16 03:40:00
1773632700000,1.88,1.88,1.88,1.88,0.0,2026-03-16 03:45:00
1773633000000,1.88,1.88,1.88,1.88,0.0,2026-03-16 03:50:00
1773633300000,1.88,1.88,1.88,1.88,0.0,2026-03-16 03:55:00
1773633600000,1.88,1.88,1.88,1.88,0.0,2026-03-16 04:00:00
1773633900000,1.859,1.859,1.859,1.859,13.21,2026-03-16 04:05:00
1773634200000,1.859,1.859,1.859,1.859,0.0,2026-03-16 04:10:00
1773634500000,1.859,1.859,1.859,1.859,0.0,2026-03-16 04:15:00
1773634800000,1.859,1.859,1.859,1.859,0.0,2026-03-16 04:20:00
1773635100000,1.859,1.859,1.859,1.859,0.0,2026-03-16 04:25:00
1773635400000,1.859,1.859,1.859,1.859,0.0,2026-03-16 04:30:00
1773635700000,1.859,1.859,1.859,1.859,0.0,2026-03-16 04:35:00
1773636000000,1.859,1.859,1.859,1.859,0.0,2026-03-16 04:40:00
1773636300000,1.859,1.859,1.859,1.859,0.0,2026-03-16 04:45:00
1773636600000,1.859,1.859,1.859,1.859,0.0,2026-03-16 04:50:00
1773636900000,1.859,1.859,1.859,1.859,0.0,2026-03-16 04:55:00
1773637200000,1.859,1.859,1.859,1.859,0.0,2026-03-16 05:00:00
1773637500000,1.859,1.859,1.859,1.859,0.0,2026-03-16 05:05:00
1773637800000,1.859,1.859,1.859,1.859,0.0,2026-03-16 05:10:00
1773638100000,1.859,1.859,1.859,1.859,0.0,2026-03-16 05:15:00
1773638400000,1.859,1.859,1.859,1.859,0.0,2026-03-16 05:20:00
1773638700000,1.859,1.859,1.859,1.859,0.0,2026-03-16 05:25:00
1773639000000,1.859,1.859,1.859,1.859,0.0,2026-03-16 05:30:00
1773639300000,1.859,1.859,1.859,1.859,0.0,2026-03-16 05:35:00
1773639600000,1.859,1.859,1.859,1.859,0.0,2026-03-16 05:40:00
1773639900000,1.859,1.859,1.859,1.859,0.0,2026-03-16 05:45:00
1773640200000,1.859,1.859,1.859,1.859,0.0,2026-03-16 05:50:00
1773640500000,1.859,1.859,1.859,1.859,0.0,2026-03-16 05:55:00
1773640800000,1.859,1.859,1.859,1.859,0.0,2026-03-16 06:00:00
1773641100000,1.859,1.859,1.859,1.859,0.0,2026-03-16 06:05:00
1773641400000,1.859,1.859,1.859,1.859,0.0,2026-03-16 06:10:00
1773641700000,1.859,1.859,1.859,1.859,0.0,2026-03-16 06:15:00
1773642000000,1.902,1.902,1.902,1.902,5.25,2026-03-16 06:20:00
1773642300000,1.902,1.902,1.902,1.902,0.0,2026-03-16 06:25:00
1773642600000,1.902,1.902,1.902,1.902,0.0,2026-03-16 06:30:00
1773642900000,1.902,1.902,1.902,1.902,0.0,2026-03-16 06:35:00
1773643200000,1.902,1.902,1.902,1.902,59.07,2026-03-16 06:40:00
1773643500000,1.902,1.902,1.902,1.902,0.0,2026-03-16 06:45:00
1773643800000,1.902,1.902,1.902,1.902,0.0,2026-03-16 06:50:00
1773644100000,1.902,1.902,1.902,1.902,0.0,2026-03-16 06:55:00
1773644400000,1.902,1.902,1.902,1.902,0.0,2026-03-16 07:00:00
1773644700000,1.902,1.902,1.902,1.902,0.0,2026-03-16 07:05:00
1773645000000,1.902,1.902,1.902,1.902,0.0,2026-03-16 07:10:00
1773645300000,1.902,1.902,1.902,1.902,0.0,2026-03-16 07:15:00
1773645600000,1.902,1.902,1.902,1.902,0.0,2026-03-16 07:20:00
1773645900000,1.902,1.902,1.902,1.902,0.0,2026-03-16 07:25:00
1773646200000,1.902,1.902,1.902,1.902,0.0,2026-03-16 07:30:00
1773646500000,1.849,1.849,1.849,1.849,20.3,2026-03-16 07:35:00
1773646800000,1.849,1.849,1.849,1.849,0.0,2026-03-16 07:40:00
1773647100000,1.849,1.849,1.849,1.849,0.0,2026-03-16 07:45:00
1773647400000,1.849,1.849,1.849,1.849,0.0,2026-03-16 07:50:00
1773647700000,1.849,1.849,1.849,1.849,0.0,2026-03-16 07:55:00
1773648000000,1.913,1.913,1.876,1.913,145.67,2026-03-16 08:00:00
1773648300000,1.913,1.913,1.913,1.913,5.22,2026-03-16 08:05:00
1773648600000,1.913,1.913,1.913,1.913,0.0,2026-03-16 08:10:00
1773648900000,1.913,1.913,1.913,1.913,0.0,2026-03-16 08:15:00
1773649200000,1.913,1.913,1.913,1.913,0.0,2026-03-16 08:20:00
1773649500000,1.913,1.913,1.913,1.913,0.0,2026-03-16 08:25:00
1773649800000,1.913,1.913,1.913,1.913,0.0,2026-03-16 08:30:00
1773650100000,1.913,1.913,1.913,1.913,0.0,2026-03-16 08:35:00
1773650400000,1.913,1.913,1.913,1.913,0.0,2026-03-16 08:40:00
1773650700000,1.913,1.913,1.913,1.913,0.0,2026-03-16 08:45:00
1773651000000,1.852,1.852,1.852,1.852,29.94,2026-03-16 08:50:00
1773651300000,1.852,1.852,1.852,1.852,0.0,2026-03-16 08:55:00
1773651600000,1.873,1.929,1.873,1.927,196.55,2026-03-16 09:00:00
1773651900000,1.927,1.927,1.927,1.927,0.0,2026-03-16 09:05:00
1773652200000,1.869,1.869,1.869,1.869,164.96,2026-03-16 09:10:00
1773652500000,1.869,1.869,1.869,1.869,0.0,2026-03-16 09:15:00
1773652800000,1.882,1.882,1.882,1.882,12.8,2026-03-16 09:20:00
1773653100000,1.882,1.882,1.882,1.882,0.0,2026-03-16 09:25:00
1773653400000,1.882,1.882,1.882,1.882,0.0,2026-03-16 09:30:00
1773653700000,1.882,1.882,1.882,1.882,0.0,2026-03-16 09:35:00
1773654000000,1.882,1.882,1.882,1.882,0.0,2026-03-16 09:40:00
1773654300000,1.882,1.882,1.882,1.882,0.0,2026-03-16 09:45:00
1773654600000,1.882,1.882,1.882,1.882,0.0,2026-03-16 09:50:00
1773654900000,1.887,1.887,1.887,1.887,13.16,2026-03-16 09:55:00
1773655200000,1.926,1.929,1.923,1.923,89.99,2026-03-16 10:00:00
1773655500000,1.918,1.918,1.918,1.918,5.2,2026-03-16 10:05:00
1773655800000,1.918,1.918,1.918,1.918,0.0,2026-03-16 10:10:00
1773656100000,1.918,1.918,1.918,1.918,0.0,2026-03-16 10:15:00
1773656400000,1.916,1.916,1.916,1.916,26.03,2026-03-16 10:20:00
1773656700000,1.916,1.916,1.916,1.916,0.0,2026-03-16 10:25:00
1773657000000,1.916,1.916,1.916,1.916,0.0,2026-03-16 10:30:00
1773657300000,1.916,1.916,1.916,1.916,0.0,2026-03-16 10:35:00
1773657600000,1.916,1.916,1.916,1.916,0.0,2026-03-16 10:40:00
1773657900000,1.916,1.916,1.916,1.916,0.0,2026-03-16 10:45:00
1773658200000,1.876,1.876,1.876,1.876,13.1,2026-03-16 10:50:00
1773658500000,1.876,1.876,1.876,1.876,0.0,2026-03-16 10:55:00
1773658800000,1.876,1.876,1.876,1.876,0.0,2026-03-16 11:00:00
1773659100000,1.876,1.876,1.876,1.876,0.0,2026-03-16 11:05:00
1773659400000,1.876,1.876,1.876,1.876,0.0,2026-03-16 11:10:00
1773659700000,1.876,1.876,1.876,1.876,0.0,2026-03-16 11:15:00
1773660000000,1.876,1.876,1.876,1.876,0.0,2026-03-16 11:20:00
1773660300000,1.876,1.876,1.876,1.876,0.0,2026-03-16 11:25:00
1773660600000,1.876,1.876,1.876,1.876,0.0,2026-03-16 11:30:00
1773660900000,1.876,1.876,1.876,1.876,0.0,2026-03-16 11:35:00
1773661200000,1.876,1.876,1.876,1.876,0.0,2026-03-16 11:40:00
1773661500000,1.876,1.876,1.876,1.876,0.0,2026-03-16 11:45:00
1773661800000,1.876,1.876,1.876,1.876,0.0,2026-03-16 11:50:00
1773662100000,1.876,1.876,1.876,1.876,0.0,2026-03-16 11:55:00
1773662400000,1.876,1.876,1.876,1.876,0.0,2026-03-16 12:00:00
1773662700000,1.876,1.876,1.876,1.876,0.0,2026-03-16 12:05:00
1773663000000,1.876,1.876,1.876,1.876,0.0,2026-03-16 12:10:00
1773663300000,1.876,1.876,1.876,1.876,0.0,2026-03-16 12:15:00
1773663600000,1.876,1.876,1.876,1.876,0.0,2026-03-16 12:20:00
1773663900000,1.876,1.876,1.876,1.876,0.0,2026-03-16 12:25:00
1773664200000,1.876,1.876,1.876,1.876,0.0,2026-03-16 12:30:00
1773664500000,1.876,1.876,1.876,1.876,0.0,2026-03-16 12:35:00
1773664800000,1.876,1.876,1.876,1.876,0.0,2026-03-16 12:40:00
1773665100000,1.914,1.914,1.914,1.914,41.55,2026-03-16 12:45:00
1773665400000,1.914,1.914,1.914,1.914,0.0,2026-03-16 12:50:00
1773665700000,1.914,1.914,1.914,1.914,0.0,2026-03-16 12:55:00
1773666000000,1.914,1.914,1.914,1.914,5.21,2026-03-16 13:00:00
1773666300000,1.914,1.914,1.914,1.914,0.0,2026-03-16 13:05:00
1773666600000,1.914,1.914,1.914,1.914,0.0,2026-03-16 13:10:00
1773666900000,1.914,1.914,1.914,1.914,0.0,2026-03-16 13:15:00
1773667200000,1.914,1.914,1.914,1.914,0.0,2026-03-16 13:20:00
1773667500000,1.914,1.914,1.914,1.914,0.0,2026-03-16 13:25:00
1773667800000,1.914,1.914,1.914,1.914,0.0,2026-03-16 13:30:00
1773668100000,1.914,1.914,1.914,1.914,0.0,2026-03-16 13:35:00
1773668400000,1.914,1.914,1.914,1.914,0.0,2026-03-16 13:40:00
1773668700000,1.914,1.914,1.914,1.914,0.0,2026-03-16 13:45:00
1773669000000,1.914,1.914,1.914,1.914,0.0,2026-03-16 13:50:00
1773669300000,1.914,1.914,1.914,1.914,0.0,2026-03-16 13:55:00
1773669600000,1.914,1.914,1.914,1.914,0.0,2026-03-16 14:00:00
1773669900000,1.914,1.914,1.914,1.914,0.0,2026-03-16 14:05:00
1773670200000,1.914,1.914,1.914,1.914,0.0,2026-03-16 14:10:00
1773670500000,1.914,1.914,1.914,1.914,0.0,2026-03-16 14:15:00
1773670800000,1.914,1.914,1.914,1.914,0.0,2026-03-16 14:20:00
1773671100000,1.92,1.92,1.92,1.92,25.98,2026-03-16 14:25:00
1773671400000,1.92,1.92,1.92,1.92,0.0,2026-03-16 14:30:00
1773671700000,1.92,1.92,1.92,1.92,0.0,2026-03-16 14:35:00
1773672000000,1.92,1.92,1.92,1.92,0.0,2026-03-16 14:40:00
1773672300000,1.92,1.92,1.92,1.92,0.0,2026-03-16 14:45:00
1773672600000,1.92,1.92,1.92,1.92,0.0,2026-03-16 14:50:00
1773672900000,1.92,1.92,1.92,1.92,0.0,2026-03-16 14:55:00
1773673200000,1.92,1.92,1.92,1.92,33.85,2026-03-16 15:00:00
1773673500000,1.92,1.92,1.92,1.92,0.0,2026-03-16 15:05:00
1773673800000,1.92,1.92,1.92,1.92,0.0,2026-03-16 15:10:00
1773674100000,1.92,1.92,1.92,1.92,0.0,2026-03-16 15:15:00
1773674400000,1.92,1.92,1.92,1.92,0.0,2026-03-16 15:20:00
1773674700000,1.92,1.92,1.92,1.92,0.0,2026-03-16 15:25:00
1773675000000,1.92,1.92,1.92,1.92,0.0,2026-03-16 15:30:00
1773675300000,1.92,1.92,1.92,1.92,0.0,2026-03-16 15:35:00
1773675600000,1.92,1.92,1.92,1.92,0.0,2026-03-16 15:40:00
1773675900000,1.884,1.884,1.884,1.884,9.25,2026-03-16 15:45:00
1773676200000,1.884,1.884,1.884,1.884,0.0,2026-03-16 15:50:00
1773676500000,1.884,1.884,1.884,1.884,0.0,2026-03-16 15:55:00
1773676800000,1.876,1.876,1.876,1.876,71.9,2026-03-16 16:00:00
1773677100000,1.876,1.876,1.876,1.876,0.0,2026-03-16 16:05:00
1773677400000,1.876,1.876,1.876,1.876,0.0,2026-03-16 16:10:00
1773677700000,1.876,1.876,1.876,1.876,0.0,2026-03-16 16:15:00
1773678000000,1.921,1.921,1.921,1.921,20.21,2026-03-16 16:20:00
1773678300000,1.921,1.921,1.921,1.921,0.0,2026-03-16 16:25:00
1773678600000,1.886,1.886,1.886,1.886,23.0,2026-03-16 16:30:00
1773678900000,1.886,1.886,1.886,1.886,16.4,2026-03-16 16:35:00
1773679200000,1.886,1.886,1.886,1.886,0.0,2026-03-16 16:40:00
1773679500000,1.886,1.886,1.886,1.886,0.0,2026-03-16 16:45:00
1773679800000,1.886,1.886,1.886,1.886,0.0,2026-03-16 16:50:00
1773680100000,1.886,1.886,1.886,1.886,0.0,2026-03-16 16:55:00
1773680400000,1.886,1.886,1.886,1.886,0.0,2026-03-16 17:00:00
1773680700000,1.935,1.935,1.935,1.935,107.78,2026-03-16 17:05:00
1773681000000,1.935,1.935,1.935,1.935,0.0,2026-03-16 17:10:00
1773681300000,1.935,1.935,1.935,1.935,0.0,2026-03-16 17:15:00
1773681600000,1.935,1.935,1.935,1.935,0.0,2026-03-16 17:20:00
1773681900000,1.935,1.935,1.935,1.935,0.0,2026-03-16 17:25:00
1773682200000,1.935,1.935,1.935,1.935,0.0,2026-03-16 17:30:00
1773682500000,1.935,1.935,1.935,1.935,0.0,2026-03-16 17:35:00
1773682800000,1.935,1.935,1.935,1.935,0.0,2026-03-16 17:40:00
1773683100000,1.935,1.935,1.935,1.935,0.0,2026-03-16 17:45:00
1773683400000,1.935,1.935,1.935,1.935,0.0,2026-03-16 17:50:00
1773683700000,1.935,1.935,1.935,1.935,0.0,2026-03-16 17:55:00
1773684000000,1.935,1.935,1.935,1.935,0.0,2026-03-16 18:00:00
1773684300000,1.962,1.962,1.931,1.931,33.55,2026-03-16 18:05:00
1773684600000,1.931,1.931,1.931,1.931,0.0,2026-03-16 18:10:00
1773684900000,1.967,1.968,1.944,1.968,153.92,2026-03-16 18:15:00
1773685200000,1.968,1.968,1.968,1.968,0.0,2026-03-16 18:20:00
1773685500000,1.972,1.972,1.972,1.972,5.14,2026-03-16 18:25:00
1773685800000,1.938,1.938,1.938,1.938,10.72,2026-03-16 18:30:00
1773686100000,1.979,1.979,1.979,1.979,68.21,2026-03-16 18:35:00
1773686400000,1.979,1.979,1.979,1.979,0.0,2026-03-16 18:40:00
1773686700000,1.979,1.979,1.979,1.979,0.0,2026-03-16 18:45:00
1773687000000,1.979,1.979,1.979,1.979,0.0,2026-03-16 18:50:00
1773687300000,1.979,1.979,1.979,1.979,0.0,2026-03-16 18:55:00
1773687600000,1.979,1.979,1.979,1.979,0.0,2026-03-16 19:00:00
1773687900000,1.979,1.979,1.979,1.979,0.0,2026-03-16 19:05:00
1773688200000,1.98,1.98,1.98,1.98,5.32,2026-03-16 19:10:00
1773688500000,1.98,1.98,1.98,1.98,0.0,2026-03-16 19:15:00
1773688800000,1.98,1.98,1.98,1.98,0.0,2026-03-16 19:20:00
1773689100000,1.98,1.98,1.98,1.98,57.38,2026-03-16 19:25:00
1773689400000,1.952,1.952,1.952,1.952,22.8,2026-03-16 19:30:00
1773689700000,1.952,1.952,1.952,1.952,0.0,2026-03-16 19:35:00
1773690000000,1.952,1.952,1.952,1.952,0.0,2026-03-16 19:40:00
1773690300000,1.95,1.95,1.95,1.95,49.27,2026-03-16 19:45:00
1773690600000,1.959,1.959,1.959,1.959,77.5,2026-03-16 19:50:00
1773690900000,1.959,1.959,1.959,1.959,0.0,2026-03-16 19:55:00
1773691200000,1.959,1.959,1.959,1.959,0.0,2026-03-16 20:00:00
1773691500000,1.959,1.959,1.959,1.959,0.0,2026-03-16 20:05:00
1773691800000,1.959,1.959,1.959,1.959,0.0,2026-03-16 20:10:00
1773692100000,1.959,1.959,1.959,1.959,0.0,2026-03-16 20:15:00
1773692400000,1.999,2.001,1.985,2.001,58.04,2026-03-16 20:20:00
1773692700000,2.001,2.001,2.001,2.001,50.16,2026-03-16 20:25:00
1773693000000,2.001,2.001,2.001,2.001,0.0,2026-03-16 20:30:00
1773693300000,2.001,2.001,2.001,2.001,0.0,2026-03-16 20:35:00
1773693600000,2.001,2.001,2.001,2.001,0.0,2026-03-16 20:40:00
1773693900000,2.001,2.001,2.001,2.001,0.0,2026-03-16 20:45:00
1773694200000,2.001,2.001,2.001,2.001,0.0,2026-03-16 20:50:00
1773694500000,2.001,2.001,2.001,2.001,0.0,2026-03-16 20:55:00
1773694800000,2.001,2.001,2.001,2.001,0.0,2026-03-16 21:00:00
1773695100000,2.001,2.001,2.001,2.001,0.0,2026-03-16 21:05:00
1773695400000,2.001,2.001,2.001,2.001,0.0,2026-03-16 21:10:00
1773695700000,2.001,2.001,2.001,2.001,0.0,2026-03-16 21:15:00
1773696000000,2.001,2.001,2.001,2.001,0.0,2026-03-16 21:20:00
1773696300000,2.001,2.001,2.001,2.001,0.0,2026-03-16 21:25:00
1773696600000,2.001,2.001,2.001,2.001,0.0,2026-03-16 21:30:00
1773696900000,2.001,2.001,2.001,2.001,0.0,2026-03-16 21:35:00
1773697200000,2.001,2.001,2.001,2.001,0.0,2026-03-16 21:40:00
1773697500000,2.001,2.001,2.001,2.001,0.0,2026-03-16 21:45:00
1773697800000,2.001,2.001,2.001,2.001,0.0,2026-03-16 21:50:00
1773698100000,2.001,2.001,2.001,2.001,0.0,2026-03-16 21:55:00
1773698400000,2.001,2.001,2.001,2.001,0.0,2026-03-16 22:00:00
1773698700000,2.001,2.001,2.001,2.001,0.0,2026-03-16 22:05:00
1773699000000,2.001,2.001,2.001,2.001,0.0,2026-03-16 22:10:00
1773699300000,2.001,2.001,2.001,2.001,0.0,2026-03-16 22:15:00
1773699600000,2.001,2.001,2.001,2.001,0.0,2026-03-16 22:20:00
1773699900000,2.001,2.001,2.001,2.001,0.0,2026-03-16 22:25:00
1773700200000,2.001,2.001,2.001,2.001,0.0,2026-03-16 22:30:00
1773700500000,2.001,2.001,2.001,2.001,0.0,2026-03-16 22:35:00
1773700800000,2.001,2.001,2.001,2.001,0.0,2026-03-16 22:40:00
1773701100000,2.001,2.001,2.001,2.001,0.0,2026-03-16 22:45:00
1773701400000,2.001,2.001,2.001,2.001,0.0,2026-03-16 22:50:00
1773701700000,2.001,2.001,2.001,2.001,0.0,2026-03-16 22:55:00
1773702000000,2.001,2.001,2.001,2.001,0.0,2026-03-16 23:00:00
1773702300000,2.001,2.001,2.001,2.001,0.0,2026-03-16 23:05:00
1773702600000,2.001,2.001,2.001,2.001,0.0,2026-03-16 23:10:00
1773702900000,2.001,2.001,2.001,2.001,0.0,2026-03-16 23:15:00
1773703200000,2.001,2.001,2.001,2.001,0.0,2026-03-16 23:20:00
1773703500000,2.001,2.001,2.001,2.001,0.0,2026-03-16 23:25:00
1773703800000,2.001,2.001,2.001,2.001,0.0,2026-03-16 23:30:00
1773704100000,2.001,2.001,2.001,2.001,0.0,2026-03-16 23:35:00
1773704400000,2.001,2.001,2.001,2.001,0.0,2026-03-16 23:40:00
1773704700000,1.957,1.957,1.957,1.957,20.97,2026-03-16 23:45:00
1773705000000,1.957,1.957,1.957,1.957,0.0,2026-03-16 23:50:00
1773705300000,1.957,1.957,1.957,1.957,0.0,2026-03-16 23:55:00
1773705600000,1.957,1.957,1.957,1.957,0.0,2026-03-17 00:00:00
1773705900000,1.957,1.957,1.957,1.957,0.0,2026-03-17 00:05:00
1773706200000,1.957,1.957,1.957,1.957,0.0,2026-03-17 00:10:00
1773706500000,2.003,2.003,1.999,1.999,1.23,2026-03-17 00:15:00
1773706800000,1.966,1.997,1.966,1.997,2.12,2026-03-17 00:20:00
1773707100000,1.993,1.993,1.96,1.96,3.4,2026-03-17 00:25:00
1773707400000,2.031,2.031,1.967,2.029,49.75,2026-03-17 00:30:00
1773707700000,2.014,2.031,2.012,2.031,1.74,2026-03-17 00:35:00
1773708000000,2.019,2.019,2.019,2.019,0.58,2026-03-17 00:40:00
1773708300000,2.009,2.01,2.007,2.007,3.66,2026-03-17 00:45:00
1773708600000,2.004,2.004,2.004,2.004,2.59,2026-03-17 00:50:00
1773708900000,2.025,2.031,2.025,2.031,15.07,2026-03-17 00:55:00
1773709200000,2.03,2.03,2.01,2.01,30.66,2026-03-17 01:00:00
1773709500000,2.008,2.008,2.001,2.001,3.1,2026-03-17 01:05:00
1773709800000,1.99,2.016,1.99,2.016,1.42,2026-03-17 01:10:00
1773710100000,1.998,1.998,1.998,1.998,50.37,2026-03-17 01:15:00
1773710400000,1.998,1.998,1.998,1.998,0.0,2026-03-17 01:20:00
1773710700000,1.998,1.998,1.998,1.998,0.0,2026-03-17 01:25:00
1773711000000,1.998,1.998,1.998,1.998,0.0,2026-03-17 01:30:00
1773711300000,1.998,1.998,1.998,1.998,0.0,2026-03-17 01:35:00
1773711600000,1.998,1.998,1.998,1.998,0.0,2026-03-17 01:40:00
1773711900000,1.998,1.998,1.998,1.998,0.0,2026-03-17 01:45:00
1773712200000,1.998,1.998,1.998,1.998,0.0,2026-03-17 01:50:00
1773712500000,1.998,1.998,1.998,1.998,0.0,2026-03-17 01:55:00
1773712800000,1.998,1.998,1.998,1.998,0.0,2026-03-17 02:00:00
1773713100000,1.987,1.987,1.987,1.987,50.9,2026-03-17 02:05:00
1773713400000,1.987,1.987,1.987,1.987,0.0,2026-03-17 02:10:00
1773713700000,1.985,1.985,1.985,1.985,201.36,2026-03-17 02:15:00
1773714000000,1.986,1.986,1.986,1.986,252.91,2026-03-17 02:20:00
1773714300000,1.986,1.986,1.986,1.986,0.0,2026-03-17 02:25:00
1773714600000,1.986,1.986,1.986,1.986,0.0,2026-03-17 02:30:00
1773714900000,1.986,1.986,1.986,1.986,0.0,2026-03-17 02:35:00
1773715200000,1.986,1.986,1.986,1.986,0.0,2026-03-17 02:40:00
1773715500000,1.986,1.986,1.986,1.986,0.0,2026-03-17 02:45:00
1773715800000,1.986,1.986,1.986,1.986,0.0,2026-03-17 02:50:00
1773716100000,1.985,1.985,1.985,1.985,100.48,2026-03-17 02:55:00
1773716400000,1.985,1.985,1.985,1.985,0.0,2026-03-17 03:00:00
1773716700000,1.985,1.985,1.985,1.985,0.0,2026-03-17 03:05:00
1773717000000,1.985,1.985,1.985,1.985,0.0,2026-03-17 03:10:00
1773717300000,1.985,1.985,1.985,1.985,0.0,2026-03-17 03:15:00
1773717600000,1.985,1.985,1.985,1.985,0.0,2026-03-17 03:20:00
1773717900000,1.985,1.985,1.985,1.985,0.0,2026-03-17 03:25:00
1773718200000,1.949,1.949,1.949,1.949,5.59,2026-03-17 03:30:00
1773718500000,1.945,1.945,1.945,1.945,6.47,2026-03-17 03:35:00
1773718800000,1.945,1.945,1.945,1.945,0.0,2026-03-17 03:40:00
1773719100000,1.945,1.945,1.945,1.945,78.41,2026-03-17 03:45:00
1773719400000,1.945,1.945,1.945,1.945,0.0,2026-03-17 03:50:00
1773719700000,1.945,1.945,1.945,1.945,0.0,2026-03-17 03:55:00
1773720000000,1.945,1.945,1.945,1.945,0.0,2026-03-17 04:00:00
1773720300000,1.945,1.945,1.945,1.945,0.0,2026-03-17 04:05:00
1773720600000,1.945,1.945,1.945,1.945,0.0,2026-03-17 04:10:00
1773720900000,1.945,1.945,1.945,1.945,0.0,2026-03-17 04:15:00
1773721200000,1.938,1.938,1.938,1.938,24.86,2026-03-17 04:20:00
1773721500000,1.938,1.938,1.938,1.938,0.0,2026-03-17 04:25:00
1773721800000,1.938,1.938,1.938,1.938,0.0,2026-03-17 04:30:00
1773722100000,1.938,1.938,1.938,1.938,0.0,2026-03-17 04:35:00
1773722400000,1.931,1.931,1.931,1.931,5.37,2026-03-17 04:40:00
1773722700000,1.931,1.931,1.931,1.931,0.0,2026-03-17 04:45:00
1773723000000,1.931,1.931,1.931,1.931,0.0,2026-03-17 04:50:00
1773723300000,1.931,1.931,1.931,1.931,0.0,2026-03-17 04:55:00
1773723600000,1.931,1.931,1.931,1.931,0.0,2026-03-17 05:00:00
1773723900000,1.931,1.931,1.931,1.931,0.0,2026-03-17 05:05:00
1773724200000,1.931,1.931,1.931,1.931,0.0,2026-03-17 05:10:00
1773724500000,1.931,1.931,1.931,1.931,0.0,2026-03-17 05:15:00
1773724800000,1.931,1.931,1.931,1.931,0.0,2026-03-17 05:20:00
1773725100000,1.931,1.931,1.931,1.931,0.0,2026-03-17 05:25:00
1773725400000,1.931,1.931,1.931,1.931,0.0,2026-03-17 05:30:00
1773725700000,1.931,1.931,1.931,1.931,0.0,2026-03-17 05:35:00
1773726000000,1.931,1.931,1.931,1.931,0.0,2026-03-17 05:40:00
1773726300000,1.931,1.931,1.931,1.931,0.0,2026-03-17 05:45:00
1773726600000,1.931,1.931,1.931,1.931,0.0,2026-03-17 05:50:00
1773726900000,1.931,1.931,1.931,1.931,0.0,2026-03-17 05:55:00
1773727200000,1.963,1.963,1.953,1.953,17.85,2026-03-17 06:00:00
1773727500000,1.953,1.953,1.953,1.953,0.0,2026-03-17 06:05:00
1773727800000,1.953,1.953,1.953,1.953,0.0,2026-03-17 06:10:00
1773728100000,1.953,1.953,1.953,1.953,0.0,2026-03-17 06:15:00
1773728400000,1.953,1.953,1.953,1.953,0.0,2026-03-17 06:20:00
1773728700000,1.953,1.953,1.953,1.953,0.0,2026-03-17 06:25:00
1773729000000,1.953,1.953,1.953,1.953,0.0,2026-03-17 06:30:00
1773729300000,1.953,1.953,1.953,1.953,0.0,2026-03-17 06:35:00
1773729600000,1.953,1.953,1.953,1.953,0.0,2026-03-17 06:40:00
1773729900000,1.953,1.953,1.953,1.953,0.0,2026-03-17 06:45:00
1773730200000,1.953,1.953,1.953,1.953,0.0,2026-03-17 06:50:00
1773730500000,1.953,1.953,1.953,1.953,0.0,2026-03-17 06:55:00
1773730800000,1.953,1.953,1.953,1.953,0.0,2026-03-17 07:00:00
1773731100000,1.953,1.953,1.953,1.953,0.0,2026-03-17 07:05:00
1773731400000,1.953,1.953,1.953,1.953,0.0,2026-03-17 07:10:00
1773731700000,1.953,1.953,1.953,1.953,0.0,2026-03-17 07:15:00
1773732000000,1.953,1.953,1.953,1.953,0.0,2026-03-17 07:20:00
1773732300000,1.953,1.953,1.953,1.953,0.0,2026-03-17 07:25:00
1773732600000,1.953,1.953,1.953,1.953,0.0,2026-03-17 07:30:00
1773732900000,1.953,1.953,1.953,1.953,0.0,2026-03-17 07:35:00
1773733200000,1.953,1.953,1.953,1.953,0.0,2026-03-17 07:40:00
1773733500000,1.953,1.953,1.953,1.953,0.0,2026-03-17 07:45:00
1773733800000,1.953,1.953,1.953,1.953,0.0,2026-03-17 07:50:00
1773734100000,1.953,1.953,1.953,1.953,0.0,2026-03-17 07:55:00
1773734400000,1.953,1.953,1.953,1.953,0.0,2026-03-17 08:00:00
1773734700000,1.953,1.953,1.953,1.953,0.0,2026-03-17 08:05:00
1773735000000,1.953,1.953,1.953,1.953,0.0,2026-03-17 08:10:00
1773735300000,1.953,1.953,1.953,1.953,0.0,2026-03-17 08:15:00
1773735600000,1.953,1.953,1.953,1.953,0.0,2026-03-17 08:20:00
1773735900000,1.953,1.953,1.953,1.953,0.0,2026-03-17 08:25:00
1773736200000,1.953,1.953,1.953,1.953,0.0,2026-03-17 08:30:00
1773736500000,1.953,1.953,1.953,1.953,0.0,2026-03-17 08:35:00
1773736800000,1.953,1.953,1.953,1.953,0.0,2026-03-17 08:40:00
1773737100000,1.953,1.953,1.953,1.953,0.0,2026-03-17 08:45:00
1773737400000,1.953,1.953,1.953,1.953,0.0,2026-03-17 08:50:00
1773737700000,1.953,1.953,1.953,1.953,0.0,2026-03-17 08:55:00
1773738000000,1.952,1.952,1.952,1.952,1.53,2026-03-17 09:00:00
1773738300000,1.952,1.952,1.952,1.952,0.0,2026-03-17 09:05:00
1773738600000,1.952,1.952,1.952,1.952,0.0,2026-03-17 09:10:00
1773738900000,1.952,1.952,1.952,1.952,0.0,2026-03-17 09:15:00
1773739200000,1.952,1.952,1.952,1.952,0.0,2026-03-17 09:20:00
1773739500000,1.952,1.952,1.952,1.952,0.0,2026-03-17 09:25:00
1773739800000,1.952,1.952,1.952,1.952,0.0,2026-03-17 09:30:00
1773740100000,1.952,1.952,1.952,1.952,0.0,2026-03-17 09:35:00
1773740400000,1.952,1.952,1.952,1.952,0.0,2026-03-17 09:40:00
1773740700000,1.952,1.952,1.952,1.952,0.0,2026-03-17 09:45:00
1773741000000,1.952,1.952,1.952,1.952,0.0,2026-03-17 09:50:00
1773741300000,1.927,1.927,1.927,1.927,95.32,2026-03-17 09:55:00
1773741600000,1.927,1.927,1.927,1.927,0.0,2026-03-17 10:00:00
1773741900000,1.927,1.927,1.927,1.927,0.0,2026-03-17 10:05:00
1773742200000,1.927,1.927,1.927,1.927,0.0,2026-03-17 10:10:00
1773742500000,1.927,1.927,1.927,1.927,0.0,2026-03-17 10:15:00
1773742800000,1.933,1.933,1.933,1.933,9.89,2026-03-17 10:20:00
1773743100000,1.933,1.933,1.933,1.933,0.0,2026-03-17 10:25:00
1773743400000,1.933,1.933,1.933,1.933,0.0,2026-03-17 10:30:00
1773743700000,1.933,1.933,1.933,1.933,0.0,2026-03-17 10:35:00
1773744000000,1.933,1.933,1.933,1.933,0.0,2026-03-17 10:40:00
1773744300000,1.933,1.933,1.933,1.933,0.0,2026-03-17 10:45:00
1773744600000,1.929,1.929,1.929,1.929,60.26,2026-03-17 10:50:00
1773744900000,1.929,1.929,1.929,1.929,0.0,2026-03-17 10:55:00
1773745200000,1.929,1.929,1.929,1.929,0.0,2026-03-17 11:00:00
1773745500000,1.929,1.929,1.929,1.929,0.0,2026-03-17 11:05:00
1773745800000,1.929,1.929,1.929,1.929,0.0,2026-03-17 11:10:00
1773746100000,1.929,1.929,1.929,1.929,0.0,2026-03-17 11:15:00
1773746400000,1.953,1.953,1.953,1.953,5.0,2026-03-17 11:20:00
1773746700000,1.953,1.953,1.953,1.953,0.0,2026-03-17 11:25:00
1773747000000,1.953,1.953,1.953,1.953,0.0,2026-03-17 11:30:00
1773747300000,1.953,1.953,1.953,1.953,0.0,2026-03-17 11:35:00
1773747600000,1.953,1.953,1.953,1.953,0.0,2026-03-17 11:40:00
1773747900000,1.953,1.953,1.953,1.953,0.0,2026-03-17 11:45:00
1773748200000,1.953,1.953,1.953,1.953,0.0,2026-03-17 11:50:00
1773748500000,1.953,1.953,1.953,1.953,0.0,2026-03-17 11:55:00
1773748800000,1.953,1.953,1.953,1.953,0.0,2026-03-17 12:00:00
1773749100000,1.953,1.953,1.953,1.953,0.0,2026-03-17 12:05:00
1773749400000,1.953,1.953,1.953,1.953,0.0,2026-03-17 12:10:00
1773749700000,1.953,1.953,1.953,1.953,0.0,2026-03-17 12:15:00
1773750000000,1.953,1.953,1.953,1.953,0.0,2026-03-17 12:20:00
1773750300000,1.953,1.953,1.953,1.953,0.0,2026-03-17 12:25:00
1773750600000,1.953,1.953,1.953,1.953,0.0,2026-03-17 12:30:00
1773750900000,1.953,1.953,1.953,1.953,0.0,2026-03-17 12:35:00
1773751200000,1.953,1.953,1.953,1.953,0.0,2026-03-17 12:40:00
1773751500000,1.953,1.953,1.953,1.953,0.0,2026-03-17 12:45:00
1773751800000,1.953,1.953,1.953,1.953,0.0,2026-03-17 12:50:00
1773752100000,1.953,1.953,1.953,1.953,0.0,2026-03-17 12:55:00
1773752400000,1.925,1.925,1.925,1.925,5.12,2026-03-17 13:00:00
1773752700000,1.925,1.925,1.925,1.925,0.0,2026-03-17 13:05:00
1773753000000,1.925,1.925,1.925,1.925,0.0,2026-03-17 13:10:00
1773753300000,1.925,1.925,1.925,1.925,0.0,2026-03-17 13:15:00
1773753600000,1.925,1.925,1.925,1.925,0.0,2026-03-17 13:20:00
1773753900000,1.925,1.925,1.925,1.925,0.0,2026-03-17 13:25:00
1773754200000,1.925,1.925,1.925,1.925,0.0,2026-03-17 13:30:00
1773754500000,1.925,1.925,1.925,1.925,0.0,2026-03-17 13:35:00
1773754800000,1.925,1.925,1.925,1.925,0.0,2026-03-17 13:40:00
1773755100000,1.927,1.927,1.927,1.927,39.85,2026-03-17 13:45:00
1773755400000,1.927,1.927,1.927,1.927,0.0,2026-03-17 13:50:00
1773755700000,1.927,1.927,1.927,1.927,0.0,2026-03-17 13:55:00
1773756000000,1.927,1.927,1.927,1.927,0.0,2026-03-17 14:00:00
1773756300000,1.927,1.927,1.927,1.927,0.0,2026-03-17 14:05:00
1773756600000,1.927,1.927,1.927,1.927,0.0,2026-03-17 14:10:00
1773756900000,1.986,1.986,1.986,1.986,1.9,2026-03-17 14:15:00
1773757200000,1.986,1.986,1.986,1.986,0.0,2026-03-17 14:20:00
1773757500000,1.986,1.986,1.986,1.986,0.0,2026-03-17 14:25:00
1773757800000,1.986,1.986,1.986,1.986,0.0,2026-03-17 14:30:00
1773758100000,1.929,1.929,1.929,1.929,7.7,2026-03-17 14:35:00
1773758400000,1.929,1.929,1.929,1.929,0.0,2026-03-17 14:40:00
1773758700000,1.929,1.929,1.929,1.929,0.0,2026-03-17 14:45:00
1773759000000,1.929,1.929,1.929,1.929,0.0,2026-03-17 14:50:00
1773759300000,1.929,1.929,1.929,1.929,0.0,2026-03-17 14:55:00
1773759600000,1.929,1.929,1.929,1.929,0.0,2026-03-17 15:00:00
1773759900000,1.976,1.976,1.976,1.976,12.9,2026-03-17 15:05:00
1773760200000,1.976,1.976,1.976,1.976,0.0,2026-03-17 15:10:00
1773760500000,1.976,1.976,1.976,1.976,0.0,2026-03-17 15:15:00
1773760800000,1.976,1.976,1.976,1.976,0.0,2026-03-17 15:20:00
1773761100000,1.976,1.976,1.976,1.976,0.0,2026-03-17 15:25:00
1773761400000,1.976,1.976,1.976,1.976,0.0,2026-03-17 15:30:00
1773761700000,1.976,1.976,1.976,1.976,0.0,2026-03-17 15:35:00
1773762000000,1.976,1.976,1.976,1.976,0.0,2026-03-17 15:40:00
1773762300000,1.976,1.976,1.976,1.976,0.0,2026-03-17 15:45:00
1773762600000,1.976,1.976,1.976,1.976,0.0,2026-03-17 15:50:00
1773762900000,1.976,1.976,1.976,1.976,0.0,2026-03-17 15:55:00
1773763200000,1.976,1.976,1.976,1.976,0.0,2026-03-17 16:00:00
1773763500000,1.976,1.976,1.976,1.976,0.0,2026-03-17 16:05:00
1773763800000,1.976,1.976,1.976,1.976,0.0,2026-03-17 16:10:00
1773764100000,1.976,1.976,1.976,1.976,0.0,2026-03-17 16:15:00
1773764400000,1.976,1.976,1.976,1.976,0.0,2026-03-17 16:20:00
1773764700000,1.976,1.976,1.976,1.976,0.0,2026-03-17 16:25:00
1773765000000,1.976,1.976,1.976,1.976,0.0,2026-03-17 16:30:00
1773765300000,1.976,1.976,1.976,1.976,0.0,2026-03-17 16:35:00
1773765600000,1.976,1.976,1.976,1.976,0.0,2026-03-17 16:40:00
1773765900000,1.976,1.976,1.976,1.976,0.0,2026-03-17 16:45:00
1773766200000,1.976,1.976,1.976,1.976,0.0,2026-03-17 16:50:00
1773766500000,1.976,1.976,1.976,1.976,0.0,2026-03-17 16:55:00
1773766800000,1.976,1.976,1.976,1.976,0.0,2026-03-17 17:00:00
1773767100000,1.976,1.976,1.976,1.976,0.0,2026-03-17 17:05:00
1773767400000,1.976,1.976,1.976,1.976,0.0,2026-03-17 17:10:00
1773767700000,1.976,1.976,1.976,1.976,0.0,2026-03-17 17:15:00
1773768000000,1.974,1.974,1.974,1.974,4.91,2026-03-17 17:20:00
1773768300000,1.974,1.974,1.974,1.974,0.0,2026-03-17 17:25:00
1773768600000,1.974,1.974,1.974,1.974,0.0,2026-03-17 17:30:00
1773768900000,1.974,1.974,1.974,1.974,0.0,2026-03-17 17:35:00
1773769200000,1.978,1.978,1.978,1.978,5.03,2026-03-17 17:40:00
1773769500000,1.978,1.978,1.978,1.978,0.0,2026-03-17 17:45:00
1773769800000,1.978,1.978,1.978,1.978,0.0,2026-03-17 17:50:00
1773770100000,1.978,1.978,1.978,1.978,0.0,2026-03-17 17:55:00
1773770400000,1.978,1.978,1.978,1.978,0.0,2026-03-17 18:00:00
1773770700000,1.978,1.978,1.978,1.978,0.0,2026-03-17 18:05:00
1773771000000,1.978,1.978,1.978,1.978,0.0,2026-03-17 18:10:00
1773771300000,1.978,1.978,1.978,1.978,0.0,2026-03-17 18:15:00
1773771600000,1.978,1.978,1.978,1.978,0.0,2026-03-17 18:20:00
1773771900000,1.978,1.978,1.978,1.978,0.0,2026-03-17 18:25:00
1773772200000,1.978,1.978,1.978,1.978,0.0,2026-03-17 18:30:00
1773772500000,1.978,1.978,1.978,1.978,0.0,2026-03-17 18:35:00
1773772800000,1.978,1.978,1.978,1.978,0.0,2026-03-17 18:40:00
1773773100000,1.978,1.978,1.978,1.978,0.0,2026-03-17 18:45:00
1773773400000,1.978,1.978,1.978,1.978,0.0,2026-03-17 18:50:00
1773773700000,1.978,1.978,1.978,1.978,0.0,2026-03-17 18:55:00
1773774000000,1.978,1.978,1.978,1.978,0.0,2026-03-17 19:00:00
1773774300000,1.978,1.978,1.978,1.978,0.0,2026-03-17 19:05:00
1773774600000,1.978,1.978,1.978,1.978,0.0,2026-03-17 19:10:00
1773774900000,1.978,1.978,1.978,1.978,0.0,2026-03-17 19:15:00
1773775200000,1.978,1.978,1.978,1.978,0.0,2026-03-17 19:20:00
1773775500000,1.978,1.978,1.978,1.978,0.0,2026-03-17 19:25:00
1773775800000,1.978,1.978,1.978,1.978,0.0,2026-03-17 19:30:00
1773776100000,1.978,1.978,1.978,1.978,0.0,2026-03-17 19:35:00
1773776400000,1.978,1.978,1.978,1.978,0.0,2026-03-17 19:40:00
1773776700000,1.945,1.945,1.945,1.945,5.09,2026-03-17 19:45:00
1773777000000,1.945,1.945,1.945,1.945,0.0,2026-03-17 19:50:00
1773777300000,1.945,1.945,1.945,1.945,0.0,2026-03-17 19:55:00
1773777600000,1.945,1.945,1.945,1.945,0.0,2026-03-17 20:00:00
1773777900000,1.945,1.945,1.945,1.945,0.0,2026-03-17 20:05:00
1773778200000,1.945,1.945,1.945,1.945,0.0,2026-03-17 20:10:00
1773778500000,1.945,1.945,1.945,1.945,0.0,2026-03-17 20:15:00
1773778800000,1.945,1.945,1.945,1.945,0.0,2026-03-17 20:20:00
1773779100000,1.945,1.945,1.945,1.945,0.0,2026-03-17 20:25:00
1773779400000,1.928,1.928,1.928,1.928,9.94,2026-03-17 20:30:00
1773779700000,1.928,1.928,1.928,1.928,0.0,2026-03-17 20:35:00
1773780000000,1.986,1.986,1.986,1.986,250.96,2026-03-17 20:40:00
1773780300000,1.986,1.986,1.986,1.986,0.0,2026-03-17 20:45:00
1773780600000,1.986,1.986,1.986,1.986,0.0,2026-03-17 20:50:00
1773780900000,1.986,1.986,1.986,1.986,0.0,2026-03-17 20:55:00
1773781200000,1.986,1.986,1.986,1.986,0.0,2026-03-17 21:00:00
1773781500000,1.983,1.983,1.983,1.983,55.56,2026-03-17 21:05:00
1773781800000,1.983,1.983,1.983,1.983,0.0,2026-03-17 21:10:00
1773782100000,1.983,1.983,1.983,1.983,0.0,2026-03-17 21:15:00
1773782400000,1.983,1.983,1.983,1.983,0.0,2026-03-17 21:20:00
1773782700000,1.983,1.983,1.983,1.983,0.0,2026-03-17 21:25:00
1773783000000,1.983,1.983,1.983,1.983,0.0,2026-03-17 21:30:00
1773783300000,1.983,1.983,1.983,1.983,0.0,2026-03-17 21:35:00
1773783600000,1.983,1.983,1.983,1.983,0.0,2026-03-17 21:40:00
1773783900000,1.983,1.983,1.983,1.983,0.0,2026-03-17 21:45:00
1773784200000,1.983,1.983,1.983,1.983,0.0,2026-03-17 21:50:00
1773784500000,1.983,1.983,1.983,1.983,0.0,2026-03-17 21:55:00
1773784800000,1.983,1.983,1.983,1.983,0.0,2026-03-17 22:00:00
1773785100000,1.983,1.983,1.983,1.983,0.0,2026-03-17 22:05:00
1773785400000,1.983,1.983,1.983,1.983,0.0,2026-03-17 22:10:00
1773785700000,1.983,1.983,1.983,1.983,0.0,2026-03-17 22:15:00
1773786000000,1.983,1.983,1.983,1.983,0.0,2026-03-17 22:20:00
1773786300000,1.983,1.983,1.983,1.983,0.0,2026-03-17 22:25:00
1773786600000,1.983,1.983,1.983,1.983,0.0,2026-03-17 22:30:00
1773786900000,1.983,1.983,1.983,1.983,0.0,2026-03-17 22:35:00
1773787200000,1.983,1.983,1.983,1.983,0.0,2026-03-17 22:40:00
1773787500000,1.983,1.983,1.983,1.983,0.0,2026-03-17 22:45:00
1773787800000,1.983,1.983,1.983,1.983,0.0,2026-03-17 22:50:00
1773788100000,1.983,1.983,1.983,1.983,0.0,2026-03-17 22:55:00
1773788400000,1.983,1.983,1.983,1.983,0.0,2026-03-17 23:00:00
1773788700000,1.983,1.983,1.983,1.983,0.0,2026-03-17 23:05:00
1773789000000,1.983,1.983,1.983,1.983,0.0,2026-03-17 23:10:00
1773789300000,1.983,1.983,1.983,1.983,0.0,2026-03-17 23:15:00
1773789600000,1.983,1.983,1.983,1.983,0.0,2026-03-17 23:20:00
1773789900000,1.983,1.983,1.983,1.983,0.0,2026-03-17 23:25:00
1773790200000,1.983,1.983,1.983,1.983,0.0,2026-03-17 23:30:00
1773790500000,1.983,1.983,1.983,1.983,0.0,2026-03-17 23:35:00
1773790800000,1.984,1.984,1.984,1.984,2.02,2026-03-17 23:40:00
1773791100000,1.984,1.984,1.984,1.984,0.0,2026-03-17 23:45:00
1773791400000,1.984,1.984,1.984,1.984,0.0,2026-03-17 23:50:00
1773791700000,1.984,1.984,1.984,1.984,0.0,2026-03-17 23:55:00
1773792000000,1.984,1.984,1.984,1.984,0.0,2026-03-18 00:00:00
1773792300000,1.984,1.984,1.984,1.984,0.0,2026-03-18 00:05:00
1773792600000,1.984,1.984,1.984,1.984,0.0,2026-03-18 00:10:00
1773792900000,1.984,1.984,1.984,1.984,0.0,2026-03-18 00:15:00
1773793200000,1.984,1.984,1.984,1.984,0.63,2026-03-18 00:20:00
1773793500000,1.981,1.981,1.98,1.98,1.84,2026-03-18 00:25:00
1773793800000,1.984,1.984,1.984,1.984,1.95,2026-03-18 00:30:00
1773794100000,1.983,1.983,1.983,1.983,0.52,2026-03-18 00:35:00
1773794400000,1.983,1.983,1.983,1.983,0.0,2026-03-18 00:40:00
1773794700000,1.983,1.983,1.983,1.983,0.0,2026-03-18 00:45:00
1773795000000,1.983,1.983,1.983,1.983,0.0,2026-03-18 00:50:00
1773795300000,1.985,1.985,1.985,1.985,0.65,2026-03-18 00:55:00
1773795600000,1.98,1.98,1.98,1.98,2.51,2026-03-18 01:00:00
1773795900000,1.98,1.98,1.98,1.98,0.0,2026-03-18 01:05:00
1773796200000,1.98,1.98,1.98,1.98,0.0,2026-03-18 01:10:00
1773796500000,1.98,1.98,1.98,1.98,1.52,2026-03-18 01:15:00
1773796800000,1.934,1.934,1.934,1.934,55.7,2026-03-18 01:20:00
1773797100000,1.934,1.934,1.934,1.934,0.0,2026-03-18 01:25:00
1773797400000,1.934,1.934,1.934,1.934,0.0,2026-03-18 01:30:00
1773797700000,1.987,1.987,1.987,1.987,220.09,2026-03-18 01:35:00
1773798000000,1.987,1.987,1.987,1.987,0.0,2026-03-18 01:40:00
1773798300000,1.94,1.94,1.94,1.94,3.0,2026-03-18 01:45:00
1773798600000,1.94,1.94,1.94,1.94,0.0,2026-03-18 01:50:00
1773798900000,1.985,1.985,1.985,1.985,12.55,2026-03-18 01:55:00
1773799200000,1.985,1.985,1.985,1.985,0.0,2026-03-18 02:00:00
1773799500000,1.985,1.985,1.985,1.985,0.0,2026-03-18 02:05:00
1773799800000,1.985,1.985,1.985,1.985,0.0,2026-03-18 02:10:00
1773800100000,1.985,1.985,1.985,1.985,0.0,2026-03-18 02:15:00
1773800400000,1.985,1.985,1.985,1.985,0.0,2026-03-18 02:20:00
1773800700000,1.985,1.985,1.985,1.985,0.0,2026-03-18 02:25:00
1773801000000,1.999,1.999,1.999,1.999,4.29,2026-03-18 02:30:00
1773801300000,1.999,1.999,1.999,1.999,0.0,2026-03-18 02:35:00
1773801600000,1.999,1.999,1.999,1.999,18.91,2026-03-18 02:40:00
1773801900000,1.999,1.999,1.999,1.999,0.0,2026-03-18 02:45:00
1773802200000,1.999,1.999,1.999,1.999,0.0,2026-03-18 02:50:00
1773802500000,1.999,1.999,1.999,1.999,0.0,2026-03-18 02:55:00
1773802800000,1.999,1.999,1.999,1.999,0.0,2026-03-18 03:00:00
1773803100000,1.999,1.999,1.999,1.999,0.0,2026-03-18 03:05:00
1773803400000,1.999,1.999,1.999,1.999,0.0,2026-03-18 03:10:00
1773803700000,1.999,1.999,1.999,1.999,0.0,2026-03-18 03:15:00
1773804000000,1.999,1.999,1.999,1.999,0.0,2026-03-18 03:20:00
1773804300000,1.999,1.999,1.999,1.999,0.0,2026-03-18 03:25:00
1773804600000,2.001,2.001,2.001,2.001,84.81,2026-03-18 03:30:00
1773804900000,2.001,2.001,2.001,2.001,0.0,2026-03-18 03:35:00
1773805200000,2.001,2.001,2.001,2.001,0.0,2026-03-18 03:40:00
1773805500000,2.001,2.001,2.001,2.001,0.0,2026-03-18 03:45:00
1773805800000,2.001,2.001,2.001,2.001,0.0,2026-03-18 03:50:00
1773806100000,2.001,2.001,2.001,2.001,0.0,2026-03-18 03:55:00
1773806400000,2.001,2.001,2.001,2.001,0.0,2026-03-18 04:00:00
1773806700000,2.001,2.001,2.001,2.001,0.0,2026-03-18 04:05:00
1773807000000,2.001,2.001,2.001,2.001,0.0,2026-03-18 04:10:00
1773807300000,2.001,2.001,2.001,2.001,0.0,2026-03-18 04:15:00
1773807600000,2.001,2.001,2.001,2.001,0.0,2026-03-18 04:20:00
1773807900000,2.001,2.001,2.001,2.001,0.0,2026-03-18 04:25:00
1773808200000,2.001,2.001,2.001,2.001,0.0,2026-03-18 04:30:00
1773808500000,2.001,2.001,2.001,2.001,0.0,2026-03-18 04:35:00
1773808800000,2.001,2.001,2.001,2.001,0.0,2026-03-18 04:40:00
1773809100000,2.001,2.001,2.001,2.001,0.0,2026-03-18 04:45:00
1773809400000,2.001,2.001,2.001,2.001,0.0,2026-03-18 04:50:00
1773809700000,2.001,2.001,2.001,2.001,0.0,2026-03-18 04:55:00
1773810000000,2.001,2.001,2.001,2.001,0.0,2026-03-18 05:00:00
1773810300000,2.001,2.001,2.001,2.001,0.0,2026-03-18 05:05:00
1773810600000,2.001,2.001,2.001,2.001,0.0,2026-03-18 05:10:00
1773810900000,2.001,2.001,2.001,2.001,0.0,2026-03-18 05:15:00
1773811200000,2.024,2.024,2.024,2.024,0.96,2026-03-18 05:20:00
1773811500000,2.024,2.024,2.024,2.024,0.0,2026-03-18 05:25:00
1773811800000,2.024,2.024,2.024,2.024,0.0,2026-03-18 05:30:00
1773812100000,1.96,1.96,1.96,1.96,2.27,2026-03-18 05:35:00
1773812400000,1.96,1.96,1.96,1.96,0.0,2026-03-18 05:40:00
1773812700000,1.96,1.96,1.96,1.96,0.0,2026-03-18 05:45:00
1773813000000,1.96,1.96,1.96,1.96,0.0,2026-03-18 05:50:00
1773813300000,1.96,1.96,1.96,1.96,0.0,2026-03-18 05:55:00
1773813600000,1.96,1.96,1.96,1.96,0.0,2026-03-18 06:00:00
1773813900000,1.96,1.96,1.96,1.96,0.0,2026-03-18 06:05:00
1773814200000,1.96,1.96,1.96,1.96,0.0,2026-03-18 06:10:00
1773814500000,1.96,1.96,1.96,1.96,0.0,2026-03-18 06:15:00
1773814800000,1.96,1.96,1.96,1.96,0.0,2026-03-18 06:20:00
1773815100000,1.96,1.96,1.96,1.96,0.0,2026-03-18 06:25:00
1773815400000,1.96,1.96,1.96,1.96,0.0,2026-03-18 06:30:00
1773815700000,1.96,1.96,1.96,1.96,0.0,2026-03-18 06:35:00
1773816000000,1.96,1.96,1.96,1.96,0.0,2026-03-18 06:40:00
1773816300000,1.96,1.96,1.96,1.96,0.0,2026-03-18 06:45:00
1773816600000,1.96,1.96,1.96,1.96,0.0,2026-03-18 06:50:00
1773816900000,1.96,1.96,1.96,1.96,0.0,2026-03-18 06:55:00
1773817200000,1.96,1.96,1.96,1.96,0.0,2026-03-18 07:00:00
1773817500000,1.96,1.96,1.96,1.96,0.0,2026-03-18 07:05:00
1773817800000,1.96,1.96,1.96,1.96,0.0,2026-03-18 07:10:00
1773818100000,1.96,1.96,1.96,1.96,0.0,2026-03-18 07:15:00
1773818400000,1.96,1.96,1.96,1.96,0.0,2026-03-18 07:20:00
1773818700000,1.96,1.96,1.96,1.96,0.0,2026-03-18 07:25:00
1773819000000,1.96,1.96,1.96,1.96,0.0,2026-03-18 07:30:00
1773819300000,1.96,1.96,1.96,1.96,0.0,2026-03-18 07:35:00
1773819600000,1.96,1.96,1.96,1.96,0.0,2026-03-18 07:40:00
1773819900000,1.96,1.96,1.96,1.96,0.0,2026-03-18 07:45:00
1773820200000,1.96,1.96,1.96,1.96,0.0,2026-03-18 07:50:00
1773820500000,1.96,1.96,1.96,1.96,0.0,2026-03-18 07:55:00
1773820800000,1.96,1.96,1.96,1.96,0.0,2026-03-18 08:00:00
1773821100000,1.96,1.96,1.96,1.96,0.0,2026-03-18 08:05:00
1773821400000,1.96,1.96,1.96,1.96,0.0,2026-03-18 08:10:00
1773821700000,1.96,1.96,1.96,1.96,0.0,2026-03-18 08:15:00
1773822000000,1.96,1.96,1.96,1.96,0.0,2026-03-18 08:20:00
1773822300000,1.96,1.96,1.96,1.96,0.0,2026-03-18 08:25:00
1773822600000,1.96,1.96,1.96,1.96,0.0,2026-03-18 08:30:00
1773822900000,1.96,1.96,1.96,1.96,0.0,2026-03-18 08:35:00
1773823200000,1.96,1.96,1.96,1.96,0.0,2026-03-18 08:40:00
1773823500000,1.96,1.96,1.96,1.96,0.0,2026-03-18 08:45:00
1773823800000,1.96,1.96,1.96,1.96,0.0,2026-03-18 08:50:00
1773824100000,1.96,1.96,1.96,1.96,0.0,2026-03-18 08:55:00
1773824400000,2.032,2.032,2.032,2.032,1.49,2026-03-18 09:00:00
1773824700000,2.032,2.032,2.032,2.032,0.0,2026-03-18 09:05:00
1773825000000,2.032,2.032,2.032,2.032,0.0,2026-03-18 09:10:00
1773825300000,2.032,2.032,2.032,2.032,0.0,2026-03-18 09:15:00
1773825600000,2.032,2.032,2.032,2.032,0.0,2026-03-18 09:20:00
1773825900000,2.032,2.032,2.032,2.032,0.0,2026-03-18 09:25:00
1773826200000,2.032,2.032,2.032,2.032,0.0,2026-03-18 09:30:00
1773826500000,2.032,2.032,2.032,2.032,0.0,2026-03-18 09:35:00
1773826800000,2.032,2.032,2.032,2.032,0.0,2026-03-18 09:40:00
1773827100000,2.032,2.032,2.032,2.032,0.0,2026-03-18 09:45:00
1773827400000,2.032,2.032,2.032,2.032,0.0,2026-03-18 09:50:00
1773827700000,2.032,2.032,2.032,2.032,0.0,2026-03-18 09:55:00
1773828000000,2.032,2.032,2.032,2.032,0.0,2026-03-18 10:00:00
1773828300000,2.032,2.032,2.032,2.032,0.0,2026-03-18 10:05:00
1773828600000,2.032,2.032,2.032,2.032,0.0,2026-03-18 10:10:00
1773828900000,2.032,2.032,2.032,2.032,0.0,2026-03-18 10:15:00
1773829200000,2.032,2.032,2.032,2.032,0.0,2026-03-18 10:20:00
1773829500000,2.032,2.032,2.032,2.032,0.0,2026-03-18 10:25:00
1773829800000,2.032,2.032,2.032,2.032,0.0,2026-03-18 10:30:00
1773830100000,2.032,2.032,2.032,2.032,0.0,2026-03-18 10:35:00
1773830400000,2.032,2.032,2.032,2.032,0.0,2026-03-18 10:40:00
1773830700000,2.032,2.032,2.032,2.032,0.0,2026-03-18 10:45:00
1773831000000,2.032,2.032,2.032,2.032,0.0,2026-03-18 10:50:00
1773831300000,2.032,2.032,2.032,2.032,0.0,2026-03-18 10:55:00
1773831600000,2.032,2.032,2.032,2.032,0.0,2026-03-18 11:00:00
1773831900000,2.032,2.032,2.032,2.032,2.45,2026-03-18 11:05:00
1773832200000,2.032,2.032,2.032,2.032,0.0,2026-03-18 11:10:00
1773832500000,2.032,2.032,2.032,2.032,0.0,2026-03-18 11:15:00
1773832800000,2.032,2.032,2.032,2.032,0.0,2026-03-18 11:20:00
1773833100000,2.032,2.032,2.032,2.032,0.0,2026-03-18 11:25:00
1773833400000,2.023,2.023,2.023,2.023,2.47,2026-03-18 11:30:00
1773833700000,2.023,2.023,2.023,2.023,0.0,2026-03-18 11:35:00
1773834000000,2.023,2.023,2.023,2.023,0.0,2026-03-18 11:40:00
1773834300000,2.023,2.023,2.023,2.023,0.0,2026-03-18 11:45:00
1773834600000,2.023,2.023,2.023,2.023,0.0,2026-03-18 11:50:00
1773834900000,2.023,2.023,2.023,2.023,0.0,2026-03-18 11:55:00
1773835200000,1.96,1.96,1.96,1.96,2.53,2026-03-18 12:00:00
1773835500000,1.96,1.96,1.96,1.96,0.0,2026-03-18 12:05:00
1773835800000,1.96,1.96,1.96,1.96,0.0,2026-03-18 12:10:00
1773836100000,1.96,1.96,1.96,1.96,0.0,2026-03-18 12:15:00
1773836400000,1.946,1.946,1.946,1.946,22.04,2026-03-18 12:20:00
1773836700000,1.946,1.946,1.946,1.946,0.0,2026-03-18 12:25:00
1773837000000,1.945,1.945,1.945,1.945,84.88,2026-03-18 12:30:00
1773837300000,1.945,1.945,1.945,1.945,0.0,2026-03-18 12:35:00
1773837600000,1.925,1.925,1.925,1.925,15.42,2026-03-18 12:40:00
1773837900000,1.925,1.925,1.925,1.925,0.0,2026-03-18 12:45:00
1773838200000,1.925,1.925,1.925,1.925,0.0,2026-03-18 12:50:00
1773838500000,1.925,1.925,1.925,1.925,0.0,2026-03-18 12:55:00
1773838800000,1.925,1.925,1.925,1.925,0.0,2026-03-18 13:00:00
1773839100000,1.925,1.925,1.925,1.925,0.0,2026-03-18 13:05:00
1773839400000,1.925,1.925,1.925,1.925,0.0,2026-03-18 13:10:00
1773839700000,1.925,1.925,1.925,1.925,0.0,2026-03-18 13:15:00
1773840000000,1.925,1.925,1.925,1.925,0.0,2026-03-18 13:20:00
1773840300000,1.983,1.983,1.924,1.924,76.94,2026-03-18 13:25:00
1773840600000,1.924,1.924,1.924,1.924,0.0,2026-03-18 13:30:00
1773840900000,1.924,1.924,1.924,1.924,0.0,2026-03-18 13:35:00
1773841200000,1.924,1.924,1.924,1.924,0.0,2026-03-18 13:40:00
1773841500000,1.924,1.924,1.924,1.924,0.0,2026-03-18 13:45:00
1773841800000,1.924,1.924,1.924,1.924,0.0,2026-03-18 13:50:00
1773842100000,1.924,1.924,1.924,1.924,0.0,2026-03-18 13:55:00
1773842400000,1.924,1.924,1.924,1.924,0.0,2026-03-18 14:00:00
1773842700000,1.924,1.924,1.924,1.924,0.0,2026-03-18 14:05:00
1773843000000,1.924,1.924,1.924,1.924,0.0,2026-03-18 14:10:00
1773843300000,1.923,1.923,1.923,1.923,5.2,2026-03-18 14:15:00
1773843600000,1.923,1.923,1.923,1.923,0.0,2026-03-18 14:20:00
1773843900000,1.923,1.923,1.923,1.923,0.0,2026-03-18 14:25:00
1773844200000,1.914,1.914,1.913,1.913,106.53,2026-03-18 14:30:00
1773844500000,1.913,1.913,1.913,1.913,0.0,2026-03-18 14:35:00
1773844800000,1.913,1.913,1.913,1.913,0.0,2026-03-18 14:40:00
1773845100000,1.913,1.913,1.913,1.913,0.0,2026-03-18 14:45:00
1773845400000,1.905,1.905,1.905,1.905,120.42,2026-03-18 14:50:00
1773845700000,1.905,1.905,1.905,1.905,0.0,2026-03-18 14:55:00
1773846000000,1.893,1.893,1.893,1.893,69.07,2026-03-18 15:00:00
1773846300000,1.893,1.893,1.893,1.893,0.0,2026-03-18 15:05:00
1773846600000,1.893,1.893,1.893,1.893,0.0,2026-03-18 15:10:00
1773846900000,1.914,1.914,1.914,1.914,2.6,2026-03-18 15:15:00
1773847200000,1.914,1.914,1.914,1.914,0.0,2026-03-18 15:20:00
1773847500000,1.914,1.914,1.914,1.914,0.0,2026-03-18 15:25:00
1773847800000,1.914,1.914,1.914,1.914,0.0,2026-03-18 15:30:00
1773848100000,1.914,1.914,1.914,1.914,0.0,2026-03-18 15:35:00
1773848400000,1.914,1.914,1.914,1.914,0.0,2026-03-18 15:40:00
1773848700000,1.914,1.914,1.914,1.914,0.0,2026-03-18 15:45:00
1773849000000,1.899,1.899,1.899,1.899,51.23,2026-03-18 15:50:00
1773849300000,1.899,1.899,1.899,1.899,0.0,2026-03-18 15:55:00
1773849600000,1.899,1.899,1.899,1.899,0.0,2026-03-18 16:00:00
1773849900000,1.899,1.899,1.899,1.899,0.0,2026-03-18 16:05:00
1773850200000,1.899,1.899,1.899,1.899,0.0,2026-03-18 16:10:00
1773850500000,1.899,1.899,1.899,1.899,0.0,2026-03-18 16:15:00
1773850800000,1.899,1.899,1.899,1.899,0.0,2026-03-18 16:20:00
1773851100000,1.899,1.899,1.899,1.899,0.0,2026-03-18 16:25:00
1773851400000,1.899,1.899,1.899,1.899,0.0,2026-03-18 16:30:00
1773851700000,1.899,1.899,1.899,1.899,0.0,2026-03-18 16:35:00
1773852000000,1.899,1.899,1.899,1.899,0.0,2026-03-18 16:40:00
1773852300000,1.899,1.899,1.899,1.899,0.0,2026-03-18 16:45:00
1773852600000,1.899,1.899,1.899,1.899,0.0,2026-03-18 16:50:00
1773852900000,1.899,1.899,1.899,1.899,0.0,2026-03-18 16:55:00
1773853200000,1.955,1.955,1.951,1.951,376.92,2026-03-18 17:00:00
1773853500000,1.951,1.951,1.951,1.951,0.0,2026-03-18 17:05:00
1773853800000,1.951,1.951,1.951,1.951,0.0,2026-03-18 17:10:00
1773854100000,1.888,1.888,1.888,1.888,20.5,2026-03-18 17:15:00
1773854400000,1.888,1.888,1.888,1.888,0.0,2026-03-18 17:20:00
1773854700000,1.888,1.888,1.888,1.888,0.0,2026-03-18 17:25:00
1773855000000,1.888,1.888,1.888,1.888,0.0,2026-03-18 17:30:00
1773855300000,1.888,1.888,1.888,1.888,0.0,2026-03-18 17:35:00
1773855600000,1.888,1.888,1.888,1.888,0.0,2026-03-18 17:40:00
1773855900000,1.888,1.888,1.888,1.888,0.0,2026-03-18 17:45:00
1773856200000,1.888,1.888,1.888,1.888,0.0,2026-03-18 17:50:00
1773856500000,1.888,1.888,1.888,1.888,0.0,2026-03-18 17:55:00
1773856800000,1.888,1.888,1.888,1.888,13.16,2026-03-18 18:00:00
1773857100000,1.888,1.888,1.888,1.888,0.0,2026-03-18 18:05:00
1773857400000,1.888,1.888,1.888,1.888,0.0,2026-03-18 18:10:00
1773857700000,1.888,1.888,1.888,1.888,0.0,2026-03-18 18:15:00
1773858000000,1.888,1.888,1.888,1.888,0.0,2026-03-18 18:20:00
1773858300000,1.888,1.888,1.888,1.888,0.0,2026-03-18 18:25:00
1773858600000,1.888,1.888,1.888,1.888,0.0,2026-03-18 18:30:00
1773858900000,1.888,1.888,1.888,1.888,0.0,2026-03-18 18:35:00
1773859200000,1.888,1.888,1.888,1.888,0.0,2026-03-18 18:40:00
1773859500000,1.888,1.888,1.888,1.888,0.0,2026-03-18 18:45:00
1773859800000,1.888,1.888,1.888,1.888,0.0,2026-03-18 18:50:00
1773860100000,1.888,1.888,1.881,1.881,146.72,2026-03-18 18:55:00
1773860400000,1.881,1.881,1.881,1.881,0.0,2026-03-18 19:00:00
1773860700000,1.881,1.881,1.881,1.881,0.0,2026-03-18 19:05:00
1773861000000,1.881,1.881,1.881,1.881,0.0,2026-03-18 19:10:00
1773861300000,1.881,1.881,1.881,1.881,0.0,2026-03-18 19:15:00
1773861600000,1.881,1.881,1.881,1.881,0.0,2026-03-18 19:20:00
1773861900000,1.881,1.881,1.881,1.881,0.0,2026-03-18 19:25:00
1773862200000,1.881,1.881,1.881,1.881,0.0,2026-03-18 19:30:00
1773862500000,1.881,1.881,1.881,1.881,0.0,2026-03-18 19:35:00
1773862800000,1.881,1.881,1.881,1.881,0.0,2026-03-18 19:40:00
1773863100000,1.881,1.881,1.881,1.881,20.4,2026-03-18 19:45:00
1773863400000,1.881,1.881,1.881,1.881,0.0,2026-03-18 19:50:00
1773863700000,1.881,1.881,1.881,1.881,0.0,2026-03-18 19:55:00
1773864000000,1.881,1.881,1.881,1.881,0.0,2026-03-18 20:00:00
1773864300000,1.881,1.881,1.881,1.881,0.0,2026-03-18 20:05:00
1773864600000,1.881,1.881,1.881,1.881,0.0,2026-03-18 20:10:00
1773864900000,1.881,1.881,1.881,1.881,0.0,2026-03-18 20:15:00
1773865200000,1.881,1.881,1.881,1.881,0.0,2026-03-18 20:20:00
1773865500000,1.881,1.881,1.881,1.881,0.0,2026-03-18 20:25:00
1773865800000,1.881,1.881,1.881,1.881,0.0,2026-03-18 20:30:00
1773866100000,1.881,1.881,1.881,1.881,0.0,2026-03-18 20:35:00
1773866400000,1.881,1.881,1.881,1.881,0.0,2026-03-18 20:40:00
1773866700000,1.881,1.881,1.881,1.881,0.0,2026-03-18 20:45:00
1773867000000,1.881,1.881,1.881,1.881,0.0,2026-03-18 20:50:00
1773867300000,1.881,1.881,1.881,1.881,0.0,2026-03-18 20:55:00
1773867600000,1.881,1.881,1.881,1.881,0.0,2026-03-18 21:00:00
1773867900000,1.881,1.881,1.881,1.881,0.0,2026-03-18 21:05:00
1773868200000,1.881,1.881,1.881,1.881,0.0,2026-03-18 21:10:00
1773868500000,1.881,1.881,1.881,1.881,0.0,2026-03-18 21:15:00
1773868800000,1.881,1.881,1.881,1.881,0.0,2026-03-18 21:20:00
1773869100000,1.881,1.881,1.881,1.881,0.0,2026-03-18 21:25:00
1773869400000,1.881,1.881,1.881,1.881,0.0,2026-03-18 21:30:00
1773869700000,1.881,1.881,1.881,1.881,0.0,2026-03-18 21:35:00
1773870000000,1.881,1.881,1.881,1.881,0.0,2026-03-18 21:40:00
1773870300000,1.881,1.881,1.881,1.881,0.0,2026-03-18 21:45:00
1773870600000,1.881,1.881,1.881,1.881,0.0,2026-03-18 21:50:00
1773870900000,1.881,1.881,1.881,1.881,0.0,2026-03-18 21:55:00
1773871200000,1.881,1.881,1.881,1.881,0.0,2026-03-18 22:00:00
1773871500000,1.881,1.881,1.881,1.881,0.0,2026-03-18 22:05:00
1773871800000,1.881,1.881,1.881,1.881,0.0,2026-03-18 22:10:00
1773872100000,1.881,1.881,1.881,1.881,0.0,2026-03-18 22:15:00
1773872400000,1.881,1.881,1.881,1.881,0.0,2026-03-18 22:20:00
1773872700000,1.881,1.881,1.881,1.881,0.0,2026-03-18 22:25:00
1773873000000,1.881,1.881,1.881,1.881,0.0,2026-03-18 22:30:00
1773873300000,1.881,1.881,1.881,1.881,0.0,2026-03-18 22:35:00
1773873600000,1.881,1.881,1.881,1.881,0.0,2026-03-18 22:40:00
1773873900000,1.881,1.881,1.881,1.881,0.0,2026-03-18 22:45:00
1773874200000,1.881,1.881,1.881,1.881,0.0,2026-03-18 22:50:00
1773874500000,1.881,1.881,1.881,1.881,0.0,2026-03-18 22:55:00
1773874800000,1.881,1.881,1.881,1.881,0.0,2026-03-18 23:00:00
1773875100000,1.881,1.881,1.881,1.881,0.0,2026-03-18 23:05:00
1773875400000,1.881,1.881,1.881,1.881,0.0,2026-03-18 23:10:00
1773875700000,1.881,1.881,1.881,1.881,0.0,2026-03-18 23:15:00
1773876000000,1.881,1.881,1.881,1.881,0.0,2026-03-18 23:20:00
1773876300000,1.881,1.881,1.881,1.881,0.0,2026-03-18 23:25:00
1773876600000,1.881,1.881,1.881,1.881,0.0,2026-03-18 23:30:00
1773876900000,1.876,1.876,1.876,1.876,56.4,2026-03-18 23:35:00
1773877200000,1.876,1.876,1.876,1.876,0.0,2026-03-18 23:40:00
1773877500000,1.876,1.876,1.876,1.876,0.0,2026-03-18 23:45:00
1773877800000,1.876,1.876,1.876,1.876,0.0,2026-03-18 23:50:00
1773878100000,1.876,1.876,1.876,1.876,0.0,2026-03-18 23:55:00
1773878400000,1.876,1.876,1.876,1.876,0.0,2026-03-19 00:00:00
1773878700000,1.876,1.876,1.876,1.876,0.0,2026-03-19 00:05:00
1773879000000,1.876,1.876,1.876,1.876,0.0,2026-03-19 00:10:00
1773879300000,1.914,1.914,1.914,1.914,0.63,2026-03-19 00:15:00
1773879600000,1.914,1.914,1.914,1.914,3.04,2026-03-19 00:20:00
1773879900000,1.914,1.914,1.914,1.914,6.88,2026-03-19 00:25:00
1773880200000,1.914,1.914,1.914,1.914,23.91,2026-03-19 00:30:00
1773880500000,1.914,1.914,1.914,1.914,0.56,2026-03-19 00:35:00
1773880800000,1.871,1.871,1.871,1.871,1.7,2026-03-19 00:40:00
1773881100000,1.871,1.871,1.871,1.871,0.0,2026-03-19 00:45:00
1773881400000,1.871,1.871,1.871,1.871,0.0,2026-03-19 00:50:00
1773881700000,1.871,1.871,1.871,1.871,0.0,2026-03-19 00:55:00
1773882000000,1.871,1.871,1.871,1.871,0.0,2026-03-19 01:00:00
1773882300000,1.871,1.871,1.871,1.871,0.0,2026-03-19 01:05:00
1773882600000,1.871,1.871,1.871,1.871,0.0,2026-03-19 01:10:00
1773882900000,1.914,1.914,1.914,1.914,62.6,2026-03-19 01:15:00
1773883200000,1.914,1.914,1.914,1.914,0.0,2026-03-19 01:20:00
1773883500000,1.914,1.914,1.914,1.914,0.0,2026-03-19 01:25:00
1773883800000,1.914,1.914,1.914,1.914,0.0,2026-03-19 01:30:00
1773884100000,1.914,1.914,1.914,1.914,0.0,2026-03-19 01:35:00
1773884400000,1.876,1.876,1.876,1.876,1.18,2026-03-19 01:40:00
1773884700000,1.876,1.876,1.876,1.876,0.0,2026-03-19 01:45:00
1773885000000,1.876,1.876,1.876,1.876,0.0,2026-03-19 01:50:00
1773885300000,1.876,1.876,1.876,1.876,0.0,2026-03-19 01:55:00
1773885600000,1.876,1.876,1.876,1.876,0.0,2026-03-19 02:00:00
1773885900000,1.876,1.876,1.876,1.876,0.0,2026-03-19 02:05:00
1773886200000,1.876,1.876,1.876,1.876,0.0,2026-03-19 02:10:00
1773886500000,1.876,1.876,1.876,1.876,0.0,2026-03-19 02:15:00
1773886800000,1.876,1.876,1.876,1.876,0.0,2026-03-19 02:20:00
1773887100000,1.876,1.876,1.876,1.876,0.0,2026-03-19 02:25:00
1773887400000,1.876,1.876,1.876,1.876,0.0,2026-03-19 02:30:00
1773887700000,1.914,1.914,1.914,1.914,11.98,2026-03-19 02:35:00
1773888000000,1.914,1.914,1.914,1.914,0.0,2026-03-19 02:40:00
1773888300000,1.914,1.914,1.914,1.914,0.0,2026-03-19 02:45:00
1773888600000,1.914,1.914,1.914,1.914,0.0,2026-03-19 02:50:00
1773888900000,1.914,1.914,1.914,1.914,0.0,2026-03-19 02:55:00
1773889200000,1.914,1.914,1.914,1.914,0.0,2026-03-19 03:00:00
1773889500000,1.914,1.914,1.914,1.914,0.0,2026-03-19 03:05:00
1773889800000,1.914,1.914,1.914,1.914,0.0,2026-03-19 03:10:00
1773890100000,1.914,1.914,1.914,1.914,0.0,2026-03-19 03:15:00
1773890400000,1.914,1.914,1.914,1.914,0.0,2026-03-19 03:20:00
1773890700000,1.914,1.914,1.914,1.914,0.0,2026-03-19 03:25:00
1773891000000,1.914,1.914,1.914,1.914,0.0,2026-03-19 03:30:00
1773891300000,1.914,1.914,1.914,1.914,0.0,2026-03-19 03:35:00
1773891600000,1.914,1.914,1.914,1.914,0.0,2026-03-19 03:40:00
1773891900000,1.914,1.914,1.914,1.914,0.78,2026-03-19 03:45:00
1773892200000,1.914,1.914,1.914,1.914,0.0,2026-03-19 03:50:00
1773892500000,1.914,1.914,1.914,1.914,0.0,2026-03-19 03:55:00
1773892800000,1.914,1.914,1.914,1.914,0.0,2026-03-19 04:00:00
1773893100000,1.923,1.923,1.923,1.923,3.1,2026-03-19 04:05:00
1773893400000,1.923,1.923,1.923,1.923,0.0,2026-03-19 04:10:00
1773893700000,1.923,1.923,1.923,1.923,0.0,2026-03-19 04:15:00
1773894000000,1.923,1.923,1.923,1.923,0.0,2026-03-19 04:20:00
1773894300000,1.923,1.923,1.923,1.923,0.0,2026-03-19 04:25:00
1773894600000,1.923,1.923,1.923,1.923,0.0,2026-03-19 04:30:00
1773894900000,1.923,1.923,1.923,1.923,0.0,2026-03-19 04:35:00
1773895200000,1.918,1.918,1.918,1.918,30.23,2026-03-19 04:40:00
1773895500000,1.918,1.918,1.918,1.918,0.0,2026-03-19 04:45:00
1773895800000,1.918,1.918,1.918,1.918,0.0,2026-03-19 04:50:00
1773896100000,1.918,1.918,1.918,1.918,0.0,2026-03-19 04:55:00
1773896400000,1.918,1.918,1.918,1.918,0.0,2026-03-19 05:00:00
1773896700000,1.918,1.918,1.918,1.918,0.0,2026-03-19 05:05:00
1773897000000,1.918,1.918,1.918,1.918,0.0,2026-03-19 05:10:00
1773897300000,1.918,1.918,1.918,1.918,0.0,2026-03-19 05:15:00
1773897600000,1.918,1.918,1.918,1.918,0.0,2026-03-19 05:20:00
1773897900000,1.918,1.918,1.918,1.918,0.0,2026-03-19 05:25:00
1773898200000,1.918,1.918,1.918,1.918,0.0,2026-03-19 05:30:00
1773898500000,1.918,1.918,1.918,1.918,0.0,2026-03-19 05:35:00
1773898800000,1.918,1.918,1.918,1.918,0.0,2026-03-19 05:40:00
1773899100000,1.918,1.918,1.918,1.918,0.0,2026-03-19 05:45:00
1773899400000,1.918,1.918,1.918,1.918,0.0,2026-03-19 05:50:00
1773899700000,1.918,1.918,1.918,1.918,0.0,2026-03-19 05:55:00
1773900000000,1.918,1.918,1.918,1.918,0.0,2026-03-19 06:00:00
1773900300000,1.918,1.918,1.918,1.918,0.0,2026-03-19 06:05:00
1773900600000,1.918,1.918,1.918,1.918,0.0,2026-03-19 06:10:00
1773900900000,1.918,1.918,1.918,1.918,0.0,2026-03-19 06:15:00
1773901200000,1.918,1.918,1.918,1.918,0.0,2026-03-19 06:20:00
1773901500000,1.918,1.918,1.918,1.918,0.0,2026-03-19 06:25:00
1773901800000,1.918,1.918,1.918,1.918,0.0,2026-03-19 06:30:00
1773902100000,1.918,1.918,1.918,1.918,0.0,2026-03-19 06:35:00
1773902400000,1.918,1.918,1.918,1.918,0.0,2026-03-19 06:40:00
1773902700000,1.918,1.918,1.918,1.918,0.0,2026-03-19 06:45:00
1773903000000,1.918,1.918,1.918,1.918,0.0,2026-03-19 06:50:00
1773903300000,1.918,1.918,1.918,1.918,0.0,2026-03-19 06:55:00
1773903600000,1.884,1.884,1.884,1.884,10.85,2026-03-19 07:00:00
1773903900000,1.884,1.884,1.884,1.884,1.2,2026-03-19 07:05:00
1773904200000,1.884,1.884,1.884,1.884,0.0,2026-03-19 07:10:00
1773904500000,1.884,1.884,1.884,1.884,0.0,2026-03-19 07:15:00
1773904800000,1.884,1.884,1.884,1.884,0.0,2026-03-19 07:20:00
1773905100000,1.884,1.884,1.884,1.884,0.0,2026-03-19 07:25:00
1773905400000,1.884,1.884,1.884,1.884,0.0,2026-03-19 07:30:00
1773905700000,1.884,1.884,1.884,1.884,0.0,2026-03-19 07:35:00
1773906000000,1.884,1.884,1.884,1.884,0.0,2026-03-19 07:40:00
1773906300000,1.884,1.884,1.884,1.884,0.0,2026-03-19 07:45:00
1773906600000,1.884,1.884,1.884,1.884,0.0,2026-03-19 07:50:00
1773906900000,1.884,1.884,1.884,1.884,0.0,2026-03-19 07:55:00
1773907200000,1.884,1.884,1.884,1.884,0.0,2026-03-19 08:00:00
1773907500000,1.891,1.891,1.891,1.891,2.11,2026-03-19 08:05:00
1773907800000,1.891,1.891,1.891,1.891,0.0,2026-03-19 08:10:00
1773908100000,1.891,1.891,1.891,1.891,0.0,2026-03-19 08:15:00
1773908400000,1.891,1.891,1.891,1.891,0.0,2026-03-19 08:20:00
1773908700000,1.891,1.891,1.891,1.891,0.0,2026-03-19 08:25:00
1773909000000,1.891,1.891,1.891,1.891,0.0,2026-03-19 08:30:00
1773909300000,1.891,1.891,1.891,1.891,0.0,2026-03-19 08:35:00
1773909600000,1.891,1.891,1.891,1.891,0.0,2026-03-19 08:40:00
1773909900000,1.891,1.891,1.891,1.891,0.0,2026-03-19 08:45:00
1773910200000,1.891,1.891,1.891,1.891,0.0,2026-03-19 08:50:00
1773910500000,1.891,1.891,1.891,1.891,0.0,2026-03-19 08:55:00
1773910800000,1.882,1.882,1.882,1.882,1.59,2026-03-19 09:00:00
1773911100000,1.882,1.882,1.882,1.882,0.0,2026-03-19 09:05:00
1773911400000,1.882,1.882,1.882,1.882,0.0,2026-03-19 09:10:00
1773911700000,1.877,1.877,1.877,1.877,2.65,2026-03-19 09:15:00
1773912000000,1.861,1.861,1.861,1.861,1.22,2026-03-19 09:20:00
1773912300000,1.861,1.861,1.861,1.861,0.0,2026-03-19 09:25:00
1773912600000,1.861,1.861,1.861,1.861,0.0,2026-03-19 09:30:00
1773912900000,1.861,1.861,1.861,1.861,0.0,2026-03-19 09:35:00
1773913200000,1.861,1.861,1.861,1.861,0.0,2026-03-19 09:40:00
1773913500000,1.861,1.861,1.861,1.861,0.0,2026-03-19 09:45:00
1773913800000,1.861,1.861,1.861,1.861,0.0,2026-03-19 09:50:00
1773914100000,1.861,1.861,1.861,1.861,0.0,2026-03-19 09:55:00
1773914400000,1.861,1.861,1.861,1.861,0.0,2026-03-19 10:00:00
1773914700000,1.861,1.861,1.861,1.861,0.0,2026-03-19 10:05:00
1773915000000,1.861,1.861,1.861,1.861,0.0,2026-03-19 10:10:00
1773915300000,1.861,1.861,1.861,1.861,0.0,2026-03-19 10:15:00
1773915600000,1.861,1.861,1.861,1.861,0.0,2026-03-19 10:20:00
1773915900000,1.861,1.861,1.861,1.861,0.0,2026-03-19 10:25:00
1773916200000,1.861,1.861,1.861,1.861,0.0,2026-03-19 10:30:00
1773916500000,1.861,1.861,1.861,1.861,0.0,2026-03-19 10:35:00
1773916800000,1.86,1.86,1.86,1.86,1.0,2026-03-19 10:40:00
1773917100000,1.86,1.86,1.86,1.86,0.0,2026-03-19 10:45:00
1773917400000,1.849,1.849,1.849,1.849,68.99,2026-03-19 10:50:00
1773917700000,1.849,1.849,1.849,1.849,0.0,2026-03-19 10:55:00
1773918000000,1.849,1.849,1.849,1.849,0.0,2026-03-19 11:00:00
1773918300000,1.849,1.849,1.849,1.849,0.0,2026-03-19 11:05:00
1773918600000,1.849,1.849,1.849,1.849,0.0,2026-03-19 11:10:00
1773918900000,1.844,1.844,1.844,1.844,5.33,2026-03-19 11:15:00
1773919200000,1.844,1.844,1.844,1.844,0.0,2026-03-19 11:20:00
1773919500000,1.844,1.844,1.844,1.844,0.0,2026-03-19 11:25:00
1773919800000,1.849,1.849,1.849,1.849,89.29,2026-03-19 11:30:00
1773920100000,1.849,1.849,1.849,1.849,0.0,2026-03-19 11:35:00
1773920400000,1.849,1.849,1.849,1.849,0.0,2026-03-19 11:40:00
1773920700000,1.849,1.849,1.849,1.849,0.0,2026-03-19 11:45:00
1773921000000,1.849,1.849,1.849,1.849,0.0,2026-03-19 11:50:00
1773921300000,1.849,1.849,1.849,1.849,0.0,2026-03-19 11:55:00
1773921600000,1.849,1.849,1.849,1.849,0.0,2026-03-19 12:00:00
1773921900000,1.849,1.849,1.849,1.849,0.0,2026-03-19 12:05:00
1773922200000,1.849,1.849,1.849,1.849,0.0,2026-03-19 12:10:00
1773922500000,1.849,1.849,1.849,1.849,0.0,2026-03-19 12:15:00
1773922800000,1.849,1.849,1.849,1.849,0.0,2026-03-19 12:20:00
1773923100000,1.849,1.849,1.849,1.849,0.0,2026-03-19 12:25:00
1773923400000,1.846,1.846,1.846,1.846,7.17,2026-03-19 12:30:00
1773923700000,1.846,1.846,1.846,1.846,0.0,2026-03-19 12:35:00
1773924000000,1.846,1.846,1.846,1.846,0.0,2026-03-19 12:40:00
1773924300000,1.846,1.846,1.846,1.846,0.0,2026-03-19 12:45:00
1773924600000,1.846,1.846,1.846,1.846,0.0,2026-03-19 12:50:00
1773924900000,1.846,1.846,1.846,1.846,0.0,2026-03-19 12:55:00
1773925200000,1.846,1.846,1.846,1.846,0.0,2026-03-19 13:00:00
1773925500000,1.846,1.846,1.846,1.846,0.0,2026-03-19 13:05:00
1773925800000,1.846,1.846,1.846,1.846,0.0,2026-03-19 13:10:00
1773926100000,1.846,1.846,1.846,1.846,0.0,2026-03-19 13:15:00
1773926400000,1.846,1.846,1.846,1.846,0.0,2026-03-19 13:20:00
1773926700000,1.846,1.846,1.846,1.846,0.0,2026-03-19 13:25:00
1773927000000,1.846,1.846,1.846,1.846,0.0,2026-03-19 13:30:00
1773927300000,1.846,1.846,1.846,1.846,0.0,2026-03-19 13:35:00
1773927600000,1.846,1.846,1.846,1.846,0.0,2026-03-19 13:40:00
1773927900000,1.846,1.846,1.846,1.846,0.0,2026-03-19 13:45:00
1773928200000,1.846,1.846,1.846,1.846,0.0,2026-03-19 13:50:00
1773928500000,1.846,1.846,1.846,1.846,0.0,2026-03-19 13:55:00
1773928800000,1.846,1.846,1.846,1.846,0.0,2026-03-19 14:00:00
1773929100000,1.846,1.846,1.846,1.846,0.0,2026-03-19 14:05:00
1773929400000,1.849,1.849,1.849,1.849,2.69,2026-03-19 14:10:00
1773929700000,1.849,1.849,1.849,1.849,0.0,2026-03-19 14:15:00
1773930000000,1.849,1.849,1.849,1.849,134.84,2026-03-19 14:20:00
1773930300000,1.849,1.849,1.849,1.849,0.0,2026-03-19 14:25:00
1773930600000,1.849,1.849,1.849,1.849,0.0,2026-03-19 14:30:00
1773930900000,1.849,1.849,1.849,1.849,0.0,2026-03-19 14:35:00
1773931200000,1.849,1.849,1.849,1.849,0.0,2026-03-19 14:40:00
1773931500000,1.849,1.849,1.849,1.849,269.71,2026-03-19 14:45:00
1773931800000,1.849,1.849,1.849,1.849,0.0,2026-03-19 14:50:00
1773932100000,1.849,1.849,1.849,1.849,0.0,2026-03-19 14:55:00
1773932400000,1.849,1.849,1.849,1.849,0.0,2026-03-19 15:00:00
1773932700000,1.849,1.849,1.849,1.849,0.0,2026-03-19 15:05:00
1773933000000,1.849,1.849,1.849,1.849,0.0,2026-03-19 15:10:00
1773933300000,1.849,1.849,1.849,1.849,0.0,2026-03-19 15:15:00
1773933600000,1.849,1.849,1.849,1.849,0.0,2026-03-19 15:20:00
1773933900000,1.849,1.849,1.849,1.849,0.0,2026-03-19 15:25:00
1773934200000,1.849,1.849,1.849,1.849,0.0,2026-03-19 15:30:00
1773934500000,1.849,1.849,1.849,1.849,0.0,2026-03-19 15:35:00
1773934800000,1.849,1.849,1.849,1.849,0.0,2026-03-19 15:40:00
1773935100000,1.849,1.849,1.849,1.849,0.0,2026-03-19 15:45:00
1773935400000,1.849,1.849,1.849,1.849,0.0,2026-03-19 15:50:00
1773935700000,1.849,1.849,1.849,1.849,0.0,2026-03-19 15:55:00
1773936000000,1.849,1.849,1.849,1.849,0.0,2026-03-19 16:00:00
1773936300000,1.849,1.849,1.849,1.849,0.0,2026-03-19 16:05:00
1773936600000,1.85,1.85,1.85,1.85,7.17,2026-03-19 16:10:00
1773936900000,1.85,1.85,1.85,1.85,0.0,2026-03-19 16:15:00
1773937200000,1.85,1.85,1.85,1.85,0.0,2026-03-19 16:20:00
1773937500000,1.85,1.85,1.85,1.85,0.0,2026-03-19 16:25:00
1773937800000,1.85,1.85,1.85,1.85,0.0,2026-03-19 16:30:00
1773938100000,1.85,1.85,1.85,1.85,0.0,2026-03-19 16:35:00
1773938400000,1.85,1.85,1.85,1.85,0.0,2026-03-19 16:40:00
1773938700000,1.85,1.85,1.85,1.85,0.0,2026-03-19 16:45:00
1773939000000,1.85,1.85,1.85,1.85,0.0,2026-03-19 16:50:00
1773939300000,1.85,1.85,1.85,1.85,0.0,2026-03-19 16:55:00
1773939600000,1.85,1.85,1.85,1.85,0.0,2026-03-19 17:00:00
1773939900000,1.85,1.85,1.85,1.85,0.0,2026-03-19 17:05:00
1773940200000,1.85,1.85,1.85,1.85,0.0,2026-03-19 17:10:00
1773940500000,1.85,1.85,1.85,1.85,0.0,2026-03-19 17:15:00
1773940800000,1.85,1.85,1.85,1.85,0.0,2026-03-19 17:20:00
1773941100000,1.85,1.85,1.85,1.85,0.0,2026-03-19 17:25:00
1773941400000,1.85,1.85,1.85,1.85,0.0,2026-03-19 17:30:00
1773941700000,1.85,1.85,1.85,1.85,0.0,2026-03-19 17:35:00
1773942000000,1.85,1.85,1.85,1.85,0.0,2026-03-19 17:40:00
1773942300000,1.85,1.85,1.85,1.85,0.0,2026-03-19 17:45:00
1773942600000,1.85,1.85,1.85,1.85,0.0,2026-03-19 17:50:00
1773942900000,1.85,1.85,1.85,1.85,0.0,2026-03-19 17:55:00
1773943200000,1.85,1.85,1.85,1.85,0.0,2026-03-19 18:00:00
1773943500000,1.85,1.85,1.85,1.85,0.0,2026-03-19 18:05:00
1773943800000,1.85,1.85,1.85,1.85,0.0,2026-03-19 18:10:00
1773944100000,1.85,1.85,1.85,1.85,0.0,2026-03-19 18:15:00
1773944400000,1.85,1.85,1.85,1.85,0.0,2026-03-19 18:20:00
1773944700000,1.85,1.85,1.85,1.85,0.0,2026-03-19 18:25:00
1773945000000,1.822,1.822,1.822,1.822,36.0,2026-03-19 18:30:00
1773945300000,1.822,1.822,1.822,1.822,0.0,2026-03-19 18:35:00
1773945600000,1.822,1.822,1.822,1.822,0.0,2026-03-19 18:40:00
1773945900000,1.822,1.822,1.822,1.822,0.0,2026-03-19 18:45:00
1773946200000,1.835,1.835,1.835,1.835,21.22,2026-03-19 18:50:00
1773946500000,1.845,1.845,1.845,1.845,162.6,2026-03-19 18:55:00
1773946800000,1.845,1.845,1.845,1.845,0.0,2026-03-19 19:00:00
1773947100000,1.845,1.845,1.845,1.845,0.0,2026-03-19 19:05:00
1773947400000,1.845,1.845,1.845,1.845,0.0,2026-03-19 19:10:00
1773947700000,1.845,1.845,1.845,1.845,0.0,2026-03-19 19:15:00
1773948000000,1.845,1.845,1.845,1.845,0.0,2026-03-19 19:20:00
1773948300000,1.845,1.845,1.845,1.845,0.0,2026-03-19 19:25:00
1773948600000,1.845,1.845,1.845,1.845,0.0,2026-03-19 19:30:00
1773948900000,1.845,1.845,1.845,1.845,0.0,2026-03-19 19:35:00
1773949200000,1.845,1.845,1.845,1.845,0.0,2026-03-19 19:40:00
1773949500000,1.845,1.845,1.845,1.845,0.0,2026-03-19 19:45:00
1773949800000,1.845,1.845,1.845,1.845,0.0,2026-03-19 19:50:00
1773950100000,1.845,1.845,1.845,1.845,0.0,2026-03-19 19:55:00
1773950400000,1.845,1.845,1.845,1.845,0.0,2026-03-19 20:00:00
1773950700000,1.845,1.845,1.845,1.845,0.0,2026-03-19 20:05:00
1773951000000,1.845,1.845,1.845,1.845,0.0,2026-03-19 20:10:00
1773951300000,1.845,1.845,1.845,1.845,0.0,2026-03-19 20:15:00
1773951600000,1.845,1.845,1.845,1.845,0.0,2026-03-19 20:20:00
1773951900000,1.845,1.845,1.845,1.845,0.0,2026-03-19 20:25:00
1773952200000,1.845,1.845,1.845,1.845,0.0,2026-03-19 20:30:00
1773952500000,1.845,1.845,1.845,1.845,0.0,2026-03-19 20:35:00
1773952800000,1.845,1.845,1.845,1.845,0.0,2026-03-19 20:40:00
1773953100000,1.845,1.845,1.845,1.845,0.0,2026-03-19 20:45:00
1773953400000,1.845,1.845,1.845,1.845,0.0,2026-03-19 20:50:00
1773953700000,1.845,1.845,1.845,1.845,0.0,2026-03-19 20:55:00
1773954000000,1.845,1.845,1.845,1.845,0.0,2026-03-19 21:00:00
1773954300000,1.845,1.845,1.845,1.845,0.0,2026-03-19 21:05:00
1773954600000,1.845,1.845,1.845,1.845,0.0,2026-03-19 21:10:00
1773954900000,1.845,1.845,1.845,1.845,0.0,2026-03-19 21:15:00
1773955200000,1.845,1.845,1.845,1.845,0.0,2026-03-19 21:20:00
1773955500000,1.845,1.845,1.845,1.845,0.0,2026-03-19 21:25:00
1773955800000,1.845,1.845,1.845,1.845,0.0,2026-03-19 21:30:00
1773956100000,1.845,1.845,1.845,1.845,0.0,2026-03-19 21:35:00
1773956400000,1.845,1.845,1.845,1.845,0.0,2026-03-19 21:40:00
1773956700000,1.845,1.845,1.845,1.845,0.0,2026-03-19 21:45:00
1773957000000,1.853,1.853,1.853,1.853,19.0,2026-03-19 21:50:00
1773957300000,1.853,1.853,1.853,1.853,0.0,2026-03-19 21:55:00
1773957600000,1.853,1.853,1.853,1.853,0.0,2026-03-19 22:00:00
1773957900000,1.853,1.853,1.853,1.853,0.0,2026-03-19 22:05:00
1773958200000,1.853,1.853,1.853,1.853,0.0,2026-03-19 22:10:00
1773958500000,1.853,1.853,1.853,1.853,0.0,2026-03-19 22:15:00
1773958800000,1.831,1.831,1.821,1.821,60.11,2026-03-19 22:20:00
1773959100000,1.821,1.821,1.821,1.821,0.0,2026-03-19 22:25:00
1773959400000,1.821,1.821,1.821,1.821,0.0,2026-03-19 22:30:00
1773959700000,1.821,1.821,1.821,1.821,0.0,2026-03-19 22:35:00
1773960000000,1.813,1.824,1.813,1.824,54.25,2026-03-19 22:40:00
1773960300000,1.824,1.824,1.824,1.824,0.0,2026-03-19 22:45:00
1773960600000,1.806,1.819,1.806,1.819,20.33,2026-03-19 22:50:00
1773960900000,1.819,1.819,1.819,1.819,0.0,2026-03-19 22:55:00
1773961200000,1.819,1.819,1.819,1.819,0.0,2026-03-19 23:00:00
1773961500000,1.819,1.819,1.819,1.819,11.17,2026-03-19 23:05:00
1773961800000,1.805,1.805,1.805,1.805,25.0,2026-03-19 23:10:00
1773962100000,1.805,1.805,1.805,1.805,0.0,2026-03-19 23:15:00
1773962400000,1.805,1.805,1.805,1.805,0.0,2026-03-19 23:20:00
1773962700000,1.805,1.805,1.805,1.805,0.0,2026-03-19 23:25:00
1773963000000,1.805,1.805,1.805,1.805,0.0,2026-03-19 23:30:00
1773963300000,1.805,1.805,1.805,1.805,0.0,2026-03-19 23:35:00
1773963600000,1.826,1.826,1.825,1.825,13.67,2026-03-19 23:40:00
1773963900000,1.801,1.801,1.801,1.801,0.83,2026-03-19 23:45:00
1773964200000,1.801,1.801,1.801,1.801,0.0,2026-03-19 23:50:00
1773964500000,1.826,1.826,1.826,1.826,546.17,2026-03-19 23:55:00
1773964800000,1.826,1.826,1.826,1.826,0.0,2026-03-20 00:00:00
1773965100000,1.826,1.826,1.826,1.826,0.0,2026-03-20 00:05:00
1773965400000,1.826,1.826,1.826,1.826,0.0,2026-03-20 00:10:00
1773965700000,1.827,1.829,1.826,1.829,2.48,2026-03-20 00:15:00
1773966000000,1.825,1.827,1.825,1.827,3.65,2026-03-20 00:20:00
1773966300000,1.801,1.801,1.801,1.801,0.79,2026-03-20 00:25:00
1773966600000,1.818,1.818,1.818,1.818,1.78,2026-03-20 00:30:00
1773966900000,1.818,1.818,1.814,1.817,2.35,2026-03-20 00:35:00
1773967200000,1.817,1.817,1.817,1.817,0.98,2026-03-20 00:40:00
1773967500000,1.816,1.816,1.816,1.816,3.53,2026-03-20 00:45:00
1773967800000,1.815,1.815,1.815,1.815,32.47,2026-03-20 00:50:00
1773968100000,1.815,1.815,1.815,1.815,0.0,2026-03-20 00:55:00
1773968400000,1.815,1.815,1.815,1.815,0.0,2026-03-20 01:00:00
1773968700000,1.815,1.815,1.815,1.815,0.0,2026-03-20 01:05:00
1773969000000,1.815,1.815,1.815,1.815,0.0,2026-03-20 01:10:00
1773969300000,1.815,1.815,1.815,1.815,0.0,2026-03-20 01:15:00
1773969600000,1.822,1.822,1.822,1.822,12.36,2026-03-20 01:20:00
1773969900000,1.822,1.822,1.822,1.822,0.0,2026-03-20 01:25:00
1773970200000,1.822,1.822,1.822,1.822,0.0,2026-03-20 01:30:00
1773970500000,1.822,1.822,1.822,1.822,0.0,2026-03-20 01:35:00
1773970800000,1.822,1.822,1.822,1.822,0.0,2026-03-20 01:40:00
1773971100000,1.835,1.835,1.835,1.835,120.14,2026-03-20 01:45:00
1773971400000,1.835,1.835,1.835,1.835,0.0,2026-03-20 01:50:00
1773971700000,1.828,1.828,1.828,1.828,2.72,2026-03-20 01:55:00
1773972000000,1.828,1.828,1.828,1.828,0.0,2026-03-20 02:00:00
1773972300000,1.828,1.828,1.828,1.828,0.0,2026-03-20 02:05:00
1773972600000,1.828,1.828,1.828,1.828,0.0,2026-03-20 02:10:00
1773972900000,1.828,1.828,1.828,1.828,0.0,2026-03-20 02:15:00
1773973200000,1.828,1.828,1.828,1.828,0.0,2026-03-20 02:20:00
1773973500000,1.828,1.828,1.828,1.828,0.0,2026-03-20 02:25:00
1773973800000,1.828,1.828,1.828,1.828,0.0,2026-03-20 02:30:00
1773974100000,1.828,1.828,1.828,1.828,0.0,2026-03-20 02:35:00
1773974400000,1.828,1.828,1.828,1.828,0.0,2026-03-20 02:40:00
1773974700000,1.828,1.828,1.828,1.828,0.0,2026-03-20 02:45:00
1773975000000,1.828,1.828,1.828,1.828,0.0,2026-03-20 02:50:00
1773975300000,1.828,1.828,1.828,1.828,0.0,2026-03-20 02:55:00
1773975600000,1.828,1.828,1.828,1.828,0.0,2026-03-20 03:00:00
1773975900000,1.828,1.828,1.828,1.828,0.0,2026-03-20 03:05:00
1773976200000,1.828,1.828,1.828,1.828,0.0,2026-03-20 03:10:00
1773976500000,1.828,1.828,1.828,1.828,0.0,2026-03-20 03:15:00
1773976800000,1.828,1.828,1.828,1.828,0.0,2026-03-20 03:20:00
1773977100000,1.828,1.828,1.828,1.828,0.0,2026-03-20 03:25:00
1773977400000,1.828,1.828,1.828,1.828,0.0,2026-03-20 03:30:00
1773977700000,1.828,1.828,1.828,1.828,0.0,2026-03-20 03:35:00
1773978000000,1.828,1.828,1.828,1.828,0.0,2026-03-20 03:40:00
1773978300000,1.828,1.828,1.828,1.828,0.0,2026-03-20 03:45:00
1773978600000,1.828,1.828,1.828,1.828,0.0,2026-03-20 03:50:00
1773978900000,1.806,1.806,1.806,1.806,59.61,2026-03-20 03:55:00
1773979200000,1.803,1.803,1.803,1.803,5.92,2026-03-20 04:00:00
1773979500000,1.803,1.803,1.803,1.803,0.0,2026-03-20 04:05:00
1773979800000,1.803,1.803,1.803,1.803,0.0,2026-03-20 04:10:00
1773980100000,1.803,1.803,1.803,1.803,0.0,2026-03-20 04:15:00
1773980400000,1.803,1.803,1.803,1.803,0.0,2026-03-20 04:20:00
1773980700000,1.803,1.803,1.803,1.803,0.0,2026-03-20 04:25:00
1773981000000,1.8,1.8,1.8,1.8,2.87,2026-03-20 04:30:00
1773981300000,1.8,1.8,1.8,1.8,0.0,2026-03-20 04:35:00
1773981600000,1.8,1.8,1.8,1.8,0.0,2026-03-20 04:40:00
1773981900000,1.789,1.789,1.789,1.789,22.65,2026-03-20 04:45:00
1773982200000,1.789,1.789,1.789,1.789,0.0,2026-03-20 04:50:00
1773982500000,1.789,1.789,1.789,1.789,0.0,2026-03-20 04:55:00
1773982800000,1.823,1.823,1.823,1.823,13.71,2026-03-20 05:00:00
1773983100000,1.823,1.823,1.823,1.823,0.0,2026-03-20 05:05:00
1773983400000,1.823,1.823,1.823,1.823,0.0,2026-03-20 05:10:00
1773983700000,1.837,1.837,1.837,1.837,54.52,2026-03-20 05:15:00
1773984000000,1.837,1.837,1.837,1.837,0.0,2026-03-20 05:20:00
1773984300000,1.837,1.837,1.837,1.837,0.0,2026-03-20 05:25:00
1773984600000,1.837,1.837,1.837,1.837,0.0,2026-03-20 05:30:00
1773984900000,1.837,1.837,1.837,1.837,0.0,2026-03-20 05:35:00
1773985200000,1.837,1.837,1.837,1.837,0.0,2026-03-20 05:40:00
1773985500000,1.837,1.837,1.837,1.837,0.0,2026-03-20 05:45:00
1773985800000,1.837,1.837,1.837,1.837,0.0,2026-03-20 05:50:00
1773986100000,1.819,1.819,1.819,1.819,161.6,2026-03-20 05:55:00
1773986400000,1.819,1.819,1.819,1.819,0.0,2026-03-20 06:00:00
1773986700000,1.819,1.819,1.819,1.819,0.0,2026-03-20 06:05:00
1773987000000,1.819,1.819,1.819,1.819,0.0,2026-03-20 06:10:00
1773987300000,1.819,1.819,1.819,1.819,0.0,2026-03-20 06:15:00
1773987600000,1.819,1.819,1.819,1.819,0.0,2026-03-20 06:20:00
1773987900000,1.819,1.819,1.819,1.819,0.0,2026-03-20 06:25:00
1773988200000,1.819,1.819,1.819,1.819,0.0,2026-03-20 06:30:00
1773988500000,1.819,1.819,1.819,1.819,0.0,2026-03-20 06:35:00
1773988800000,1.819,1.819,1.819,1.819,0.0,2026-03-20 06:40:00
1773989100000,1.819,1.819,1.819,1.819,0.0,2026-03-20 06:45:00
1773989400000,1.819,1.819,1.819,1.819,0.0,2026-03-20 06:50:00
1773989700000,1.819,1.819,1.819,1.819,0.0,2026-03-20 06:55:00
1773990000000,1.819,1.819,1.819,1.819,0.0,2026-03-20 07:00:00
1773990300000,1.819,1.819,1.819,1.819,0.0,2026-03-20 07:05:00
1773990600000,1.819,1.819,1.819,1.819,0.0,2026-03-20 07:10:00
1773990900000,1.819,1.819,1.819,1.819,0.0,2026-03-20 07:15:00
1773991200000,1.819,1.819,1.819,1.819,0.0,2026-03-20 07:20:00
1773991500000,1.819,1.819,1.819,1.819,0.0,2026-03-20 07:25:00
1773991800000,1.819,1.819,1.819,1.819,0.0,2026-03-20 07:30:00
1773992100000,1.819,1.819,1.819,1.819,0.0,2026-03-20 07:35:00
1773992400000,1.819,1.819,1.819,1.819,0.0,2026-03-20 07:40:00
1773992700000,1.819,1.819,1.819,1.819,0.0,2026-03-20 07:45:00
1773993000000,1.819,1.819,1.819,1.819,0.0,2026-03-20 07:50:00
1773993300000,1.819,1.819,1.819,1.819,0.0,2026-03-20 07:55:00
1773993600000,1.819,1.819,1.819,1.819,0.0,2026-03-20 08:00:00
1773993900000,1.819,1.819,1.819,1.819,0.0,2026-03-20 08:05:00
1773994200000,1.819,1.819,1.819,1.819,0.0,2026-03-20 08:10:00
1773994500000,1.819,1.819,1.819,1.819,0.0,2026-03-20 08:15:00
1773994800000,1.819,1.819,1.819,1.819,0.0,2026-03-20 08:20:00
1773995100000,1.819,1.819,1.819,1.819,0.0,2026-03-20 08:25:00
1773995400000,1.819,1.819,1.819,1.819,0.0,2026-03-20 08:30:00
1773995700000,1.819,1.819,1.819,1.819,0.0,2026-03-20 08:35:00
1773996000000,1.819,1.819,1.819,1.819,0.0,2026-03-20 08:40:00
1773996300000,1.819,1.819,1.819,1.819,0.0,2026-03-20 08:45:00
1773996600000,1.819,1.819,1.819,1.819,0.0,2026-03-20 08:50:00
1773996900000,1.819,1.819,1.819,1.819,0.0,2026-03-20 08:55:00
1773997200000,1.835,1.835,1.835,1.835,1.63,2026-03-20 09:00:00
1773997500000,1.835,1.835,1.835,1.835,0.0,2026-03-20 09:05:00
1773997800000,1.835,1.835,1.835,1.835,0.0,2026-03-20 09:10:00
1773998100000,1.835,1.835,1.835,1.835,0.0,2026-03-20 09:15:00
1773998400000,1.835,1.835,1.835,1.835,0.0,2026-03-20 09:20:00
1773998700000,1.835,1.835,1.835,1.835,0.0,2026-03-20 09:25:00
1773999000000,1.835,1.835,1.835,1.835,0.0,2026-03-20 09:30:00
1773999300000,1.835,1.835,1.835,1.835,0.0,2026-03-20 09:35:00
1773999600000,1.835,1.835,1.835,1.835,0.0,2026-03-20 09:40:00
1773999900000,1.835,1.835,1.835,1.835,0.0,2026-03-20 09:45:00
1774000200000,1.835,1.835,1.835,1.835,0.0,2026-03-20 09:50:00
1774000500000,1.835,1.835,1.835,1.835,0.0,2026-03-20 09:55:00
1774000800000,1.835,1.835,1.835,1.835,0.0,2026-03-20 10:00:00
1774001100000,1.835,1.835,1.835,1.835,0.0,2026-03-20 10:05:00
1774001400000,1.835,1.835,1.835,1.835,0.0,2026-03-20 10:10:00
1774001700000,1.835,1.835,1.835,1.835,0.0,2026-03-20 10:15:00
1774002000000,1.835,1.835,1.835,1.835,0.0,2026-03-20 10:20:00
1774002300000,1.835,1.835,1.835,1.835,0.0,2026-03-20 10:25:00
1774002600000,1.835,1.835,1.835,1.835,0.0,2026-03-20 10:30:00
1774002900000,1.835,1.835,1.835,1.835,0.0,2026-03-20 10:35:00
1774003200000,1.835,1.835,1.835,1.835,0.0,2026-03-20 10:40:00
1774003500000,1.835,1.835,1.835,1.835,0.0,2026-03-20 10:45:00
1774003800000,1.835,1.835,1.835,1.835,0.0,2026-03-20 10:50:00
1774004100000,1.835,1.835,1.835,1.835,0.0,2026-03-20 10:55:00
1774004400000,1.835,1.835,1.835,1.835,0.0,2026-03-20 11:00:00
1774004700000,1.835,1.835,1.835,1.835,0.0,2026-03-20 11:05:00
1774005000000,1.835,1.835,1.835,1.835,0.0,2026-03-20 11:10:00
1774005300000,1.835,1.835,1.835,1.835,0.0,2026-03-20 11:15:00
1774005600000,1.835,1.835,1.835,1.835,0.0,2026-03-20 11:20:00
1774005900000,1.835,1.835,1.835,1.835,0.0,2026-03-20 11:25:00
1774006200000,1.835,1.835,1.835,1.835,0.0,2026-03-20 11:30:00
1774006500000,1.835,1.835,1.835,1.835,0.0,2026-03-20 11:35:00
1774006800000,1.835,1.835,1.835,1.835,0.0,2026-03-20 11:40:00
1774007100000,1.835,1.835,1.835,1.835,0.0,2026-03-20 11:45:00
1774007400000,1.835,1.835,1.835,1.835,0.0,2026-03-20 11:50:00
1774007700000,1.835,1.835,1.835,1.835,0.0,2026-03-20 11:55:00
1774008000000,1.835,1.835,1.835,1.835,0.0,2026-03-20 12:00:00
1774008300000,1.814,1.814,1.814,1.814,10.01,2026-03-20 12:05:00
1774008600000,1.814,1.814,1.814,1.814,0.0,2026-03-20 12:10:00
1774008900000,1.814,1.814,1.814,1.814,0.0,2026-03-20 12:15:00
1774009200000,1.814,1.814,1.814,1.814,0.0,2026-03-20 12:20:00
1774009500000,1.814,1.814,1.814,1.814,0.0,2026-03-20 12:25:00
1774009800000,1.814,1.814,1.814,1.814,0.0,2026-03-20 12:30:00
1774010100000,1.814,1.814,1.814,1.814,0.0,2026-03-20 12:35:00
1774010400000,1.814,1.814,1.814,1.814,0.0,2026-03-20 12:40:00
1774010700000,1.814,1.814,1.814,1.814,0.0,2026-03-20 12:45:00
1774011000000,1.814,1.814,1.814,1.814,0.0,2026-03-20 12:50:00
1774011300000,1.814,1.814,1.814,1.814,0.0,2026-03-20 12:55:00
1774011600000,1.814,1.814,1.814,1.814,0.0,2026-03-20 13:00:00
1774011900000,1.814,1.814,1.814,1.814,0.0,2026-03-20 13:05:00
1774012200000,1.814,1.814,1.814,1.814,0.0,2026-03-20 13:10:00
1774012500000,1.814,1.814,1.814,1.814,0.0,2026-03-20 13:15:00
1774012800000,1.814,1.814,1.814,1.814,0.0,2026-03-20 13:20:00
1774013100000,1.814,1.814,1.814,1.814,0.0,2026-03-20 13:25:00
1774013400000,1.814,1.814,1.814,1.814,0.0,2026-03-20 13:30:00
1774013700000,1.814,1.814,1.814,1.814,0.0,2026-03-20 13:35:00
1774014000000,1.814,1.814,1.814,1.814,0.0,2026-03-20 13:40:00
1774014300000,1.814,1.814,1.814,1.814,0.0,2026-03-20 13:45:00
1774014600000,1.814,1.814,1.814,1.814,0.0,2026-03-20 13:50:00
1774014900000,1.814,1.814,1.814,1.814,0.0,2026-03-20 13:55:00
1774015200000,1.814,1.814,1.814,1.814,0.0,2026-03-20 14:00:00
1774015500000,1.814,1.814,1.814,1.814,0.0,2026-03-20 14:05:00
1774015800000,1.814,1.814,1.814,1.814,0.0,2026-03-20 14:10:00
1774016100000,1.814,1.814,1.814,1.814,0.0,2026-03-20 14:15:00
1774016400000,1.814,1.814,1.814,1.814,0.0,2026-03-20 14:20:00
1774016700000,1.814,1.814,1.814,1.814,0.0,2026-03-20 14:25:00
1774017000000,1.814,1.814,1.814,1.814,0.0,2026-03-20 14:30:00
1774017300000,1.814,1.814,1.814,1.814,0.0,2026-03-20 14:35:00
1774017600000,1.814,1.814,1.814,1.814,0.0,2026-03-20 14:40:00
1774017900000,1.814,1.814,1.814,1.814,0.0,2026-03-20 14:45:00
1774018200000,1.814,1.814,1.814,1.814,0.0,2026-03-20 14:50:00
1774018500000,1.814,1.814,1.814,1.814,0.0,2026-03-20 14:55:00
1774018800000,1.814,1.814,1.814,1.814,0.0,2026-03-20 15:00:00
1774019100000,1.814,1.814,1.814,1.814,0.0,2026-03-20 15:05:00
1774019400000,1.814,1.814,1.814,1.814,0.0,2026-03-20 15:10:00
1774019700000,1.814,1.814,1.814,1.814,0.0,2026-03-20 15:15:00
1774020000000,1.814,1.814,1.814,1.814,0.0,2026-03-20 15:20:00
1774020300000,1.814,1.814,1.814,1.814,0.0,2026-03-20 15:25:00
1774020600000,1.814,1.814,1.814,1.814,0.0,2026-03-20 15:30:00
1774020900000,1.814,1.814,1.814,1.814,0.0,2026-03-20 15:35:00
1774021200000,1.814,1.814,1.814,1.814,0.0,2026-03-20 15:40:00
1774021500000,1.814,1.814,1.814,1.814,0.0,2026-03-20 15:45:00
1774021800000,1.814,1.814,1.814,1.814,0.0,2026-03-20 15:50:00
1774022100000,1.814,1.814,1.814,1.814,0.0,2026-03-20 15:55:00
1774022400000,1.814,1.814,1.814,1.814,0.0,2026-03-20 16:00:00
1774022700000,1.814,1.814,1.814,1.814,0.0,2026-03-20 16:05:00
1774023000000,1.814,1.814,1.814,1.814,0.0,2026-03-20 16:10:00
1774023300000,1.814,1.814,1.814,1.814,0.0,2026-03-20 16:15:00
1774023600000,1.814,1.814,1.814,1.814,0.0,2026-03-20 16:20:00
1774023900000,1.814,1.814,1.814,1.814,0.0,2026-03-20 16:25:00
1774024200000,1.779,1.779,1.779,1.779,4.5,2026-03-20 16:30:00
1774024500000,1.779,1.779,1.779,1.779,0.0,2026-03-20 16:35:00
1774024800000,1.779,1.779,1.779,1.779,0.0,2026-03-20 16:40:00
1774025100000,1.779,1.779,1.779,1.779,0.0,2026-03-20 16:45:00
1774025400000,1.806,1.806,1.806,1.806,1.11,2026-03-20 16:50:00
1774025700000,1.806,1.806,1.806,1.806,0.0,2026-03-20 16:55:00
1774026000000,1.806,1.806,1.806,1.806,0.0,2026-03-20 17:00:00
1774026300000,1.806,1.806,1.806,1.806,0.0,2026-03-20 17:05:00
1774026600000,1.806,1.806,1.806,1.806,0.0,2026-03-20 17:10:00
1774026900000,1.806,1.806,1.806,1.806,0.0,2026-03-20 17:15:00
1774027200000,1.806,1.806,1.806,1.806,0.0,2026-03-20 17:20:00
1774027500000,1.806,1.806,1.806,1.806,0.0,2026-03-20 17:25:00
1774027800000,1.806,1.806,1.806,1.806,0.0,2026-03-20 17:30:00
1774028100000,1.806,1.806,1.806,1.806,0.0,2026-03-20 17:35:00
1774028400000,1.806,1.806,1.806,1.806,0.0,2026-03-20 17:40:00
1774028700000,1.806,1.806,1.806,1.806,0.0,2026-03-20 17:45:00
1774029000000,1.806,1.806,1.806,1.806,0.0,2026-03-20 17:50:00
1774029300000,1.815,1.815,1.815,1.815,36.23,2026-03-20 17:55:00
1774029600000,1.815,1.815,1.815,1.815,0.0,2026-03-20 18:00:00
1774029900000,1.815,1.815,1.815,1.815,0.0,2026-03-20 18:05:00
1774030200000,1.815,1.815,1.815,1.815,0.0,2026-03-20 18:10:00
1774030500000,1.815,1.815,1.815,1.815,0.0,2026-03-20 18:15:00
1774030800000,1.805,1.805,1.805,1.805,47.57,2026-03-20 18:20:00
1774031100000,1.805,1.805,1.805,1.805,0.0,2026-03-20 18:25:00
1774031400000,1.805,1.805,1.805,1.805,0.0,2026-03-20 18:30:00
1774031700000,1.805,1.805,1.805,1.805,0.0,2026-03-20 18:35:00
1774032000000,1.805,1.805,1.805,1.805,0.0,2026-03-20 18:40:00
1774032300000,1.805,1.805,1.805,1.805,0.0,2026-03-20 18:45:00
1774032600000,1.805,1.805,1.805,1.805,0.0,2026-03-20 18:50:00
1774032900000,1.805,1.805,1.805,1.805,0.0,2026-03-20 18:55:00
1774033200000,1.805,1.805,1.805,1.805,0.0,2026-03-20 19:00:00
1774033500000,1.805,1.805,1.805,1.805,0.0,2026-03-20 19:05:00
1774033800000,1.805,1.805,1.805,1.805,0.0,2026-03-20 19:10:00
1774034100000,1.805,1.805,1.805,1.805,0.0,2026-03-20 19:15:00
1774034400000,1.805,1.805,1.805,1.805,0.0,2026-03-20 19:20:00
1774034700000,1.805,1.805,1.805,1.805,0.0,2026-03-20 19:25:00
1774035000000,1.805,1.805,1.805,1.805,0.0,2026-03-20 19:30:00
1774035300000,1.805,1.805,1.805,1.805,0.0,2026-03-20 19:35:00
1774035600000,1.805,1.805,1.805,1.805,0.0,2026-03-20 19:40:00
1774035900000,1.805,1.805,1.805,1.805,0.0,2026-03-20 19:45:00
1774036200000,1.805,1.805,1.805,1.805,0.0,2026-03-20 19:50:00
1774036500000,1.805,1.805,1.805,1.805,0.0,2026-03-20 19:55:00
1774036800000,1.805,1.805,1.805,1.805,0.0,2026-03-20 20:00:00
1774037100000,1.805,1.805,1.805,1.805,0.0,2026-03-20 20:05:00
1774037400000,1.805,1.805,1.805,1.805,0.0,2026-03-20 20:10:00
1774037700000,1.805,1.805,1.805,1.805,0.0,2026-03-20 20:15:00
1774038000000,1.805,1.805,1.805,1.805,0.0,2026-03-20 20:20:00
1774038300000,1.805,1.805,1.805,1.805,0.0,2026-03-20 20:25:00
1774038600000,1.805,1.805,1.805,1.805,0.0,2026-03-20 20:30:00
1774038900000,1.805,1.805,1.805,1.805,0.0,2026-03-20 20:35:00
1774039200000,1.805,1.805,1.805,1.805,0.0,2026-03-20 20:40:00
1774039500000,1.805,1.805,1.805,1.805,0.0,2026-03-20 20:45:00
1774039800000,1.805,1.805,1.805,1.805,0.0,2026-03-20 20:50:00
1774040100000,1.805,1.805,1.805,1.805,0.0,2026-03-20 20:55:00
1774040400000,1.805,1.805,1.805,1.805,0.0,2026-03-20 21:00:00
1774040700000,1.805,1.805,1.805,1.805,0.0,2026-03-20 21:05:00
1774041000000,1.805,1.805,1.805,1.805,0.0,2026-03-20 21:10:00
1774041300000,1.825,1.825,1.825,1.825,51.38,2026-03-20 21:15:00
1774041600000,1.825,1.825,1.825,1.825,0.0,2026-03-20 21:20:00
1774041900000,1.825,1.825,1.825,1.825,0.0,2026-03-20 21:25:00
1774042200000,1.825,1.825,1.825,1.825,0.0,2026-03-20 21:30:00
1774042500000,1.825,1.825,1.825,1.825,0.0,2026-03-20 21:35:00
1774042800000,1.825,1.825,1.825,1.825,0.0,2026-03-20 21:40:00
1774043100000,1.825,1.825,1.825,1.825,273.32,2026-03-20 21:45:00
1774043400000,1.825,1.825,1.825,1.825,0.0,2026-03-20 21:50:00
1774043700000,1.825,1.825,1.825,1.825,0.0,2026-03-20 21:55:00
1774044000000,1.826,1.826,1.826,1.826,11.21,2026-03-20 22:00:00
1774044300000,1.826,1.826,1.826,1.826,0.0,2026-03-20 22:05:00
1774044600000,1.826,1.826,1.826,1.826,0.0,2026-03-20 22:10:00
1774044900000,1.826,1.826,1.826,1.826,0.0,2026-03-20 22:15:00
1774045200000,1.826,1.826,1.826,1.826,0.0,2026-03-20 22:20:00
1774045500000,1.826,1.826,1.826,1.826,0.0,2026-03-20 22:25:00
1774045800000,1.826,1.826,1.826,1.826,0.0,2026-03-20 22:30:00
1774046100000,1.826,1.826,1.826,1.826,0.0,2026-03-20 22:35:00
1774046400000,1.826,1.826,1.826,1.826,0.0,2026-03-20 22:40:00
1774046700000,1.826,1.826,1.826,1.826,0.0,2026-03-20 22:45:00
1774047000000,1.826,1.826,1.826,1.826,0.0,2026-03-20 22:50:00
1774047300000,1.826,1.826,1.826,1.826,0.0,2026-03-20 22:55:00
1774047600000,1.826,1.826,1.826,1.826,0.0,2026-03-20 23:00:00
1774047900000,1.807,1.835,1.807,1.834,56.6,2026-03-20 23:05:00
1774048200000,1.834,1.834,1.834,1.834,0.0,2026-03-20 23:10:00
1774048500000,1.834,1.834,1.834,1.834,0.0,2026-03-20 23:15:00
1774048800000,1.834,1.834,1.834,1.834,0.0,2026-03-20 23:20:00
1774049100000,1.834,1.834,1.834,1.834,0.0,2026-03-20 23:25:00
1774049400000,1.834,1.834,1.834,1.834,0.0,2026-03-20 23:30:00
1774049700000,1.834,1.834,1.834,1.834,0.0,2026-03-20 23:35:00
1774050000000,1.834,1.834,1.834,1.834,0.0,2026-03-20 23:40:00
1774050300000,1.834,1.834,1.834,1.834,0.0,2026-03-20 23:45:00
1774050600000,1.834,1.834,1.834,1.834,0.0,2026-03-20 23:50:00
1774050900000,1.834,1.834,1.834,1.834,0.0,2026-03-20 23:55:00
1774051200000,1.834,1.834,1.834,1.834,0.0,2026-03-21 00:00:00
1774051500000,1.834,1.834,1.834,1.834,0.0,2026-03-21 00:05:00
1774051800000,1.834,1.834,1.834,1.834,0.0,2026-03-21 00:10:00
1774052100000,1.849,1.85,1.849,1.85,2.64,2026-03-21 00:15:00
1774052400000,1.85,1.85,1.847,1.847,2.29,2026-03-21 00:20:00
1774052700000,1.845,1.849,1.844,1.849,7.21,2026-03-21 00:25:00
1774053000000,1.846,1.849,1.809,1.849,8.83,2026-03-21 00:30:00
1774053300000,1.849,1.85,1.849,1.85,1.61,2026-03-21 00:35:00
1774053600000,1.85,1.85,1.85,1.85,0.0,2026-03-21 00:40:00
1774053900000,1.85,1.85,1.85,1.85,0.0,2026-03-21 00:45:00
1774054200000,1.85,1.85,1.85,1.85,0.0,2026-03-21 00:50:00
1774054500000,1.85,1.85,1.85,1.85,0.0,2026-03-21 00:55:00
1774054800000,1.85,1.85,1.85,1.85,2.69,2026-03-21 01:00:00
1774055100000,1.85,1.85,1.85,1.85,0.0,2026-03-21 01:05:00
1774055400000,1.85,1.85,1.85,1.85,0.0,2026-03-21 01:10:00
1774055700000,1.85,1.85,1.85,1.85,0.0,2026-03-21 01:15:00
1774056000000,1.85,1.85,1.85,1.85,0.0,2026-03-21 01:20:00
1774056300000,1.85,1.85,1.85,1.85,0.0,2026-03-21 01:25:00
1774056600000,1.85,1.85,1.85,1.85,0.0,2026-03-21 01:30:00
1774056900000,1.85,1.85,1.85,1.85,0.0,2026-03-21 01:35:00
1774057200000,1.83,1.83,1.83,1.83,3.0,2026-03-21 01:40:00
1774057500000,1.83,1.83,1.83,1.83,0.0,2026-03-21 01:45:00
1774057800000,1.83,1.83,1.83,1.83,0.0,2026-03-21 01:50:00
1774058100000,1.83,1.83,1.83,1.83,0.0,2026-03-21 01:55:00
1774058400000,1.83,1.83,1.83,1.83,0.0,2026-03-21 02:00:00
1774058700000,1.83,1.83,1.83,1.83,0.0,2026-03-21 02:05:00
1774059000000,1.83,1.83,1.83,1.83,0.0,2026-03-21 02:10:00
1774059300000,1.83,1.83,1.83,1.83,0.0,2026-03-21 02:15:00
1774059600000,1.851,1.851,1.851,1.851,11.17,2026-03-21 02:20:00
1774059900000,1.851,1.851,1.851,1.851,0.0,2026-03-21 02:25:00
1774060200000,1.851,1.851,1.851,1.851,0.0,2026-03-21 02:30:00
1774060500000,1.851,1.851,1.851,1.851,0.0,2026-03-21 02:35:00
1774060800000,1.851,1.851,1.851,1.851,0.0,2026-03-21 02:40:00
1774061100000,1.851,1.851,1.851,1.851,0.0,2026-03-21 02:45:00
1774061400000,1.851,1.851,1.851,1.851,0.0,2026-03-21 02:50:00
1774061700000,1.851,1.851,1.851,1.851,0.0,2026-03-21 02:55:00
1774062000000,1.851,1.851,1.851,1.851,0.0,2026-03-21 03:00:00
1774062300000,1.851,1.851,1.851,1.851,5.4,2026-03-21 03:05:00
1774062600000,1.851,1.851,1.851,1.851,0.0,2026-03-21 03:10:00
1774062900000,1.851,1.851,1.851,1.851,0.0,2026-03-21 03:15:00
1774063200000,1.851,1.851,1.851,1.851,0.0,2026-03-21 03:20:00
1774063500000,1.851,1.851,1.851,1.851,0.0,2026-03-21 03:25:00
1774063800000,1.826,1.856,1.826,1.826,2.56,2026-03-21 03:30:00
1774064100000,1.826,1.826,1.826,1.826,0.0,2026-03-21 03:35:00
1774064400000,1.826,1.826,1.826,1.826,0.0,2026-03-21 03:40:00
1774064700000,1.826,1.826,1.826,1.826,0.0,2026-03-21 03:45:00
1774065000000,1.826,1.826,1.826,1.826,0.0,2026-03-21 03:50:00
1774065300000,1.826,1.826,1.826,1.826,0.0,2026-03-21 03:55:00
1774065600000,1.826,1.826,1.826,1.826,0.0,2026-03-21 04:00:00
1774065900000,1.826,1.826,1.826,1.826,0.0,2026-03-21 04:05:00
1774066200000,1.826,1.826,1.826,1.826,0.0,2026-03-21 04:10:00
1774066500000,1.826,1.826,1.826,1.826,0.0,2026-03-21 04:15:00
1774066800000,1.826,1.826,1.826,1.826,0.0,2026-03-21 04:20:00
1774067100000,1.826,1.826,1.826,1.826,0.0,2026-03-21 04:25:00
1774067400000,1.826,1.826,1.826,1.826,0.0,2026-03-21 04:30:00
1774067700000,1.826,1.826,1.826,1.826,0.0,2026-03-21 04:35:00
1774068000000,1.826,1.826,1.826,1.826,0.0,2026-03-21 04:40:00
1774068300000,1.826,1.826,1.826,1.826,0.0,2026-03-21 04:45:00
1774068600000,1.826,1.826,1.826,1.826,0.0,2026-03-21 04:50:00
1774068900000,1.826,1.826,1.826,1.826,0.0,2026-03-21 04:55:00
1774069200000,1.856,1.856,1.856,1.856,1.61,2026-03-21 05:00:00
1774069500000,1.856,1.856,1.856,1.856,3.2,2026-03-21 05:05:00
1774069800000,1.856,1.856,1.856,1.856,0.0,2026-03-21 05:10:00
1774070100000,1.856,1.856,1.856,1.856,0.0,2026-03-21 05:15:00
1774070400000,1.856,1.856,1.856,1.856,0.0,2026-03-21 05:20:00
1774070700000,1.856,1.856,1.856,1.856,0.0,2026-03-21 05:25:00
1774071000000,1.822,1.822,1.822,1.822,1.01,2026-03-21 05:30:00
1774071300000,1.822,1.822,1.822,1.822,0.0,2026-03-21 05:35:00
1774071600000,1.822,1.822,1.822,1.822,0.0,2026-03-21 05:40:00
1774071900000,1.822,1.822,1.822,1.822,0.0,2026-03-21 05:45:00
1774072200000,1.822,1.822,1.822,1.822,0.0,2026-03-21 05:50:00
1774072500000,1.822,1.822,1.822,1.822,0.0,2026-03-21 05:55:00
1774072800000,1.849,1.849,1.849,1.849,1.62,2026-03-21 06:00:00
1774073100000,1.849,1.849,1.849,1.849,0.0,2026-03-21 06:05:00
1774073400000,1.849,1.849,1.849,1.849,0.0,2026-03-21 06:10:00
1774073700000,1.849,1.849,1.849,1.849,0.0,2026-03-21 06:15:00
1774074000000,1.849,1.849,1.849,1.849,0.0,2026-03-21 06:20:00
1774074300000,1.849,1.849,1.849,1.849,0.0,2026-03-21 06:25:00
1774074600000,1.849,1.849,1.849,1.849,0.0,2026-03-21 06:30:00
1774074900000,1.849,1.849,1.849,1.849,0.0,2026-03-21 06:35:00
1774075200000,1.849,1.849,1.849,1.849,0.0,2026-03-21 06:40:00
1774075500000,1.849,1.849,1.849,1.849,0.0,2026-03-21 06:45:00
1774075800000,1.849,1.849,1.849,1.849,0.0,2026-03-21 06:50:00
1774076100000,1.849,1.849,1.849,1.849,0.0,2026-03-21 06:55:00
1774076400000,1.849,1.849,1.849,1.849,0.0,2026-03-21 07:00:00
1774076700000,1.849,1.849,1.849,1.849,0.0,2026-03-21 07:05:00
1774077000000,1.849,1.849,1.849,1.849,0.0,2026-03-21 07:10:00
1774077300000,1.861,1.861,1.861,1.861,2.68,2026-03-21 07:15:00
1774077600000,1.861,1.861,1.861,1.861,0.0,2026-03-21 07:20:00
1774077900000,1.861,1.861,1.861,1.861,0.0,2026-03-21 07:25:00
1774078200000,1.861,1.861,1.861,1.861,0.0,2026-03-21 07:30:00
1774078500000,1.861,1.861,1.861,1.861,0.0,2026-03-21 07:35:00
1774078800000,1.861,1.861,1.861,1.861,0.0,2026-03-21 07:40:00
1774079100000,1.861,1.861,1.861,1.861,0.0,2026-03-21 07:45:00
1774079400000,1.861,1.861,1.861,1.861,0.0,2026-03-21 07:50:00
1774079700000,1.861,1.861,1.861,1.861,0.0,2026-03-21 07:55:00
1774080000000,1.861,1.861,1.861,1.861,0.0,2026-03-21 08:00:00
1774080300000,1.861,1.861,1.861,1.861,0.0,2026-03-21 08:05:00
1774080600000,1.861,1.861,1.861,1.861,0.0,2026-03-21 08:10:00
1774080900000,1.861,1.861,1.861,1.861,0.0,2026-03-21 08:15:00
1774081200000,1.861,1.861,1.861,1.861,0.0,2026-03-21 08:20:00
1774081500000,1.861,1.861,1.861,1.861,0.0,2026-03-21 08:25:00
1774081800000,1.861,1.861,1.861,1.861,0.0,2026-03-21 08:30:00
1774082100000,1.861,1.861,1.861,1.861,0.0,2026-03-21 08:35:00
1774082400000,1.861,1.861,1.861,1.861,0.0,2026-03-21 08:40:00
1774082700000,1.861,1.861,1.861,1.861,0.0,2026-03-21 08:45:00
1774083000000,1.861,1.861,1.861,1.861,0.0,2026-03-21 08:50:00
1774083300000,1.861,1.861,1.861,1.861,0.0,2026-03-21 08:55:00
1774083600000,1.861,1.861,1.861,1.861,1.61,2026-03-21 09:00:00
1774083900000,1.861,1.861,1.861,1.861,0.0,2026-03-21 09:05:00
1774084200000,1.861,1.861,1.861,1.861,0.0,2026-03-21 09:10:00
1774084500000,1.861,1.861,1.861,1.861,0.0,2026-03-21 09:15:00
1774084800000,1.861,1.861,1.861,1.861,0.0,2026-03-21 09:20:00
1774085100000,1.861,1.861,1.861,1.861,0.0,2026-03-21 09:25:00
1774085400000,1.861,1.861,1.861,1.861,0.0,2026-03-21 09:30:00
1774085700000,1.861,1.861,1.861,1.861,0.0,2026-03-21 09:35:00
1774086000000,1.861,1.861,1.861,1.861,0.0,2026-03-21 09:40:00
1774086300000,1.861,1.861,1.861,1.861,0.0,2026-03-21 09:45:00
1774086600000,1.861,1.861,1.861,1.861,0.0,2026-03-21 09:50:00
1774086900000,1.86,1.86,1.86,1.86,118.2,2026-03-21 09:55:00
1774087200000,1.86,1.86,1.86,1.86,0.0,2026-03-21 10:00:00
1774087500000,1.826,1.826,1.826,1.826,28.0,2026-03-21 10:05:00
1774087800000,1.861,1.861,1.861,1.861,5.35,2026-03-21 10:10:00
1774088100000,1.861,1.861,1.861,1.861,0.0,2026-03-21 10:15:00
1774088400000,1.861,1.861,1.861,1.861,0.0,2026-03-21 10:20:00
1774088700000,1.861,1.861,1.861,1.861,0.0,2026-03-21 10:25:00
1774089000000,1.861,1.861,1.861,1.861,0.0,2026-03-21 10:30:00
1774089300000,1.857,1.857,1.856,1.856,10.16,2026-03-21 10:35:00
1774089600000,1.856,1.856,1.856,1.856,0.0,2026-03-21 10:40:00
1774089900000,1.856,1.856,1.856,1.856,0.0,2026-03-21 10:45:00
1774090200000,1.856,1.856,1.856,1.856,0.0,2026-03-21 10:50:00
1774090500000,1.856,1.856,1.856,1.856,0.0,2026-03-21 10:55:00
1774090800000,1.856,1.856,1.856,1.856,0.0,2026-03-21 11:00:00
1774091100000,1.861,1.861,1.861,1.861,53.61,2026-03-21 11:05:00
1774091400000,1.861,1.861,1.861,1.861,0.0,2026-03-21 11:10:00
1774091700000,1.861,1.861,1.861,1.861,0.0,2026-03-21 11:15:00
1774092000000,1.861,1.861,1.861,1.861,0.0,2026-03-21 11:20:00
1774092300000,1.861,1.861,1.861,1.861,0.0,2026-03-21 11:25:00
1774092600000,1.861,1.861,1.861,1.861,0.0,2026-03-21 11:30:00
1774092900000,1.861,1.861,1.861,1.861,0.0,2026-03-21 11:35:00
1774093200000,1.861,1.861,1.861,1.861,0.0,2026-03-21 11:40:00
1774093500000,1.861,1.861,1.861,1.861,0.0,2026-03-21 11:45:00
1774093800000,1.861,1.861,1.861,1.861,0.0,2026-03-21 11:50:00
1774094100000,1.861,1.861,1.861,1.861,0.0,2026-03-21 11:55:00
1774094400000,1.861,1.861,1.861,1.861,0.0,2026-03-21 12:00:00
1774094700000,1.861,1.861,1.861,1.861,0.0,2026-03-21 12:05:00
1774095000000,1.861,1.861,1.861,1.861,0.0,2026-03-21 12:10:00
1774095300000,1.826,1.826,1.826,1.826,32.71,2026-03-21 12:15:00
1774095600000,1.826,1.826,1.826,1.826,53.57,2026-03-21 12:20:00
1774095900000,1.826,1.826,1.826,1.826,0.0,2026-03-21 12:25:00
1774096200000,1.826,1.826,1.826,1.826,0.0,2026-03-21 12:30:00
1774096500000,1.826,1.826,1.826,1.826,0.0,2026-03-21 12:35:00
1774096800000,1.826,1.826,1.826,1.826,0.0,2026-03-21 12:40:00
1774097100000,1.826,1.826,1.826,1.826,0.0,2026-03-21 12:45:00
1774097400000,1.826,1.826,1.826,1.826,0.0,2026-03-21 12:50:00
1774097700000,1.826,1.826,1.826,1.826,0.0,2026-03-21 12:55:00
1774098000000,1.826,1.826,1.826,1.826,0.0,2026-03-21 13:00:00
1774098300000,1.826,1.826,1.826,1.826,0.0,2026-03-21 13:05:00
1774098600000,1.826,1.826,1.826,1.826,0.0,2026-03-21 13:10:00
1774098900000,1.826,1.826,1.826,1.826,0.0,2026-03-21 13:15:00
1774099200000,1.826,1.826,1.826,1.826,0.0,2026-03-21 13:20:00
1774099500000,1.826,1.826,1.826,1.826,0.0,2026-03-21 13:25:00
1774099800000,1.826,1.826,1.826,1.826,0.0,2026-03-21 13:30:00
1774100100000,1.826,1.826,1.826,1.826,0.0,2026-03-21 13:35:00
1774100400000,1.826,1.826,1.826,1.826,0.0,2026-03-21 13:40:00
1774100700000,1.826,1.826,1.826,1.826,0.0,2026-03-21 13:45:00
1774101000000,1.826,1.826,1.826,1.826,0.0,2026-03-21 13:50:00
1774101300000,1.826,1.826,1.826,1.826,0.0,2026-03-21 13:55:00
1774101600000,1.826,1.826,1.826,1.826,0.0,2026-03-21 14:00:00
1774101900000,1.826,1.826,1.826,1.826,0.0,2026-03-21 14:05:00
1774102200000,1.827,1.827,1.827,1.827,10.44,2026-03-21 14:10:00
1774102500000,1.827,1.827,1.827,1.827,0.0,2026-03-21 14:15:00
1774102800000,1.827,1.827,1.827,1.827,0.0,2026-03-21 14:20:00
1774103100000,1.856,1.856,1.856,1.856,27.85,2026-03-21 14:25:00
1774103400000,1.856,1.856,1.856,1.856,0.0,2026-03-21 14:30:00
1774103700000,1.846,1.846,1.846,1.846,16.26,2026-03-21 14:35:00
1774104000000,1.846,1.846,1.846,1.846,0.0,2026-03-21 14:40:00
1774104300000,1.846,1.846,1.846,1.846,0.0,2026-03-21 14:45:00
1774104600000,1.846,1.846,1.846,1.846,0.0,2026-03-21 14:50:00
1774104900000,1.846,1.846,1.846,1.846,0.0,2026-03-21 14:55:00
1774105200000,1.846,1.846,1.846,1.846,0.0,2026-03-21 15:00:00
1774105500000,1.846,1.846,1.846,1.846,0.0,2026-03-21 15:05:00
1774105800000,1.846,1.846,1.846,1.846,0.0,2026-03-21 15:10:00
1774106100000,1.829,1.829,1.829,1.829,0.76,2026-03-21 15:15:00
1774106400000,1.829,1.829,1.829,1.829,0.0,2026-03-21 15:20:00
1774106700000,1.829,1.829,1.829,1.829,0.0,2026-03-21 15:25:00
1774107000000,1.829,1.829,1.829,1.829,0.0,2026-03-21 15:30:00
1774107300000,1.829,1.829,1.829,1.829,0.0,2026-03-21 15:35:00
1774107600000,1.829,1.829,1.829,1.829,0.0,2026-03-21 15:40:00
1774107900000,1.829,1.829,1.829,1.829,0.0,2026-03-21 15:45:00
1774108200000,1.829,1.829,1.829,1.829,0.0,2026-03-21 15:50:00
1774108500000,1.829,1.829,1.829,1.829,0.0,2026-03-21 15:55:00
1774108800000,1.829,1.829,1.829,1.829,0.0,2026-03-21 16:00:00
1774109100000,1.829,1.829,1.829,1.829,0.0,2026-03-21 16:05:00
1774109400000,1.829,1.829,1.829,1.829,0.0,2026-03-21 16:10:00
1774109700000,1.829,1.829,1.829,1.829,0.0,2026-03-21 16:15:00
1774110000000,1.829,1.829,1.829,1.829,0.0,2026-03-21 16:20:00
1774110300000,1.829,1.829,1.829,1.829,0.0,2026-03-21 16:25:00
1774110600000,1.829,1.829,1.829,1.829,0.0,2026-03-21 16:30:00
1774110900000,1.829,1.829,1.829,1.829,0.0,2026-03-21 16:35:00
1774111200000,1.829,1.829,1.829,1.829,0.0,2026-03-21 16:40:00
1774111500000,1.829,1.829,1.829,1.829,0.0,2026-03-21 16:45:00
1774111800000,1.83,1.83,1.83,1.83,2.3,2026-03-21 16:50:00
1774112100000,1.83,1.83,1.83,1.83,0.0,2026-03-21 16:55:00
1774112400000,1.83,1.83,1.83,1.83,0.0,2026-03-21 17:00:00
1774112700000,1.83,1.83,1.83,1.83,0.0,2026-03-21 17:05:00
1774113000000,1.83,1.83,1.83,1.83,0.0,2026-03-21 17:10:00
1774113300000,1.83,1.83,1.83,1.83,0.0,2026-03-21 17:15:00
1774113600000,1.83,1.83,1.83,1.83,0.0,2026-03-21 17:20:00
1774113900000,1.83,1.83,1.83,1.83,0.0,2026-03-21 17:25:00
1774114200000,1.83,1.83,1.83,1.83,0.0,2026-03-21 17:30:00
1774114500000,1.83,1.83,1.83,1.83,0.0,2026-03-21 17:35:00
1774114800000,1.83,1.83,1.83,1.83,0.0,2026-03-21 17:40:00
1774115100000,1.839,1.839,1.839,1.839,454.9,2026-03-21 17:45:00
1774115400000,1.839,1.839,1.839,1.839,0.0,2026-03-21 17:50:00
1774115700000,1.839,1.839,1.839,1.839,0.0,2026-03-21 17:55:00
1774116000000,1.839,1.839,1.839,1.839,1046.54,2026-03-21 18:00:00
1774116300000,1.839,1.839,1.839,1.839,0.0,2026-03-21 18:05:00
1774116600000,1.839,1.839,1.839,1.839,1091.59,2026-03-21 18:10:00
1774116900000,1.839,1.839,1.839,1.839,875.6,2026-03-21 18:15:00
1774117200000,1.839,1.839,1.839,1.839,0.0,2026-03-21 18:20:00
1774117500000,1.839,1.839,1.839,1.839,0.0,2026-03-21 18:25:00
1774117800000,1.839,1.839,1.839,1.839,0.0,2026-03-21 18:30:00
1774118100000,1.839,1.839,1.839,1.839,0.0,2026-03-21 18:35:00
1774118400000,1.839,1.839,1.839,1.839,0.0,2026-03-21 18:40:00
1774118700000,1.839,1.839,1.839,1.839,0.0,2026-03-21 18:45:00
1774119000000,1.839,1.839,1.839,1.839,0.0,2026-03-21 18:50:00
1774119300000,1.839,1.839,1.839,1.839,0.0,2026-03-21 18:55:00
1774119600000,1.839,1.839,1.839,1.839,0.0,2026-03-21 19:00:00
1774119900000,1.839,1.839,1.839,1.839,0.0,2026-03-21 19:05:00
1774120200000,1.849,1.849,1.849,1.849,18.99,2026-03-21 19:10:00
1774120500000,1.849,1.849,1.849,1.849,0.0,2026-03-21 19:15:00
1774120800000,1.849,1.849,1.849,1.849,0.0,2026-03-21 19:20:00
1774121100000,1.849,1.849,1.849,1.849,0.0,2026-03-21 19:25:00
1774121400000,1.849,1.849,1.849,1.849,0.0,2026-03-21 19:30:00
1774121700000,1.849,1.849,1.849,1.849,0.0,2026-03-21 19:35:00
1774122000000,1.849,1.849,1.849,1.849,0.0,2026-03-21 19:40:00
1774122300000,1.849,1.849,1.849,1.849,0.0,2026-03-21 19:45:00
1774122600000,1.849,1.849,1.849,1.849,0.0,2026-03-21 19:50:00
1774122900000,1.849,1.849,1.849,1.849,0.0,2026-03-21 19:55:00
1774123200000,1.849,1.849,1.849,1.849,0.0,2026-03-21 20:00:00
1774123500000,1.849,1.849,1.849,1.849,0.0,2026-03-21 20:05:00
1774123800000,1.849,1.849,1.849,1.849,0.0,2026-03-21 20:10:00
1774124100000,1.849,1.849,1.849,1.849,0.0,2026-03-21 20:15:00
1774124400000,1.849,1.849,1.849,1.849,0.0,2026-03-21 20:20:00
1774124700000,1.849,1.849,1.849,1.849,0.0,2026-03-21 20:25:00
1774125000000,1.849,1.849,1.849,1.849,0.0,2026-03-21 20:30:00
1774125300000,1.849,1.849,1.849,1.849,0.0,2026-03-21 20:35:00
1774125600000,1.849,1.849,1.849,1.849,0.0,2026-03-21 20:40:00
1774125900000,1.849,1.849,1.849,1.849,0.0,2026-03-21 20:45:00
1774126200000,1.843,1.843,1.843,1.843,14.31,2026-03-21 20:50:00
1774126500000,1.843,1.843,1.843,1.843,0.0,2026-03-21 20:55:00
1774126800000,1.843,1.843,1.843,1.843,0.0,2026-03-21 21:00:00
1774127100000,1.843,1.843,1.843,1.843,0.0,2026-03-21 21:05:00
1774127400000,1.828,1.828,1.828,1.828,5.48,2026-03-21 21:10:00
1774127700000,1.828,1.828,1.828,1.828,0.0,2026-03-21 21:15:00
1774128000000,1.828,1.828,1.828,1.828,0.0,2026-03-21 21:20:00
1774128300000,1.828,1.828,1.828,1.828,0.0,2026-03-21 21:25:00
1774128600000,1.828,1.828,1.828,1.828,0.0,2026-03-21 21:30:00
1774128900000,1.828,1.828,1.828,1.828,0.0,2026-03-21 21:35:00
1774129200000,1.828,1.828,1.828,1.828,0.0,2026-03-21 21:40:00
1774129500000,1.828,1.828,1.828,1.828,0.0,2026-03-21 21:45:00
1774129800000,1.828,1.828,1.828,1.828,0.0,2026-03-21 21:50:00
1774130100000,1.825,1.825,1.823,1.823,117.0,2026-03-21 21:55:00
1774130400000,1.823,1.823,1.823,1.823,0.0,2026-03-21 22:00:00
1774130700000,1.823,1.823,1.823,1.823,0.0,2026-03-21 22:05:00
1774131000000,1.823,1.823,1.823,1.823,0.0,2026-03-21 22:10:00
1774131300000,1.823,1.823,1.823,1.823,0.0,2026-03-21 22:15:00
1774131600000,1.823,1.823,1.823,1.823,0.0,2026-03-21 22:20:00
1774131900000,1.823,1.823,1.823,1.823,0.0,2026-03-21 22:25:00
1774132200000,1.823,1.823,1.823,1.823,0.0,2026-03-21 22:30:00
1774132500000,1.823,1.823,1.823,1.823,0.0,2026-03-21 22:35:00
1774132800000,1.823,1.823,1.823,1.823,0.0,2026-03-21 22:40:00
1774133100000,1.823,1.823,1.823,1.823,0.0,2026-03-21 22:45:00
1774133400000,1.823,1.823,1.823,1.823,0.0,2026-03-21 22:50:00
1774133700000,1.823,1.823,1.823,1.823,0.0,2026-03-21 22:55:00
1774134000000,1.823,1.823,1.823,1.823,0.0,2026-03-21 23:00:00
1774134300000,1.823,1.823,1.823,1.823,0.0,2026-03-21 23:05:00
1774134600000,1.823,1.823,1.823,1.823,0.0,2026-03-21 23:10:00
1774134900000,1.823,1.823,1.823,1.823,0.0,2026-03-21 23:15:00
1774135200000,1.823,1.823,1.823,1.823,0.0,2026-03-21 23:20:00
1774135500000,1.823,1.823,1.823,1.823,0.0,2026-03-21 23:25:00
1774135800000,1.823,1.823,1.823,1.823,0.0,2026-03-21 23:30:00
1774136100000,1.823,1.823,1.823,1.823,0.0,2026-03-21 23:35:00
1774136400000,1.823,1.823,1.823,1.823,0.0,2026-03-21 23:40:00
1774136700000,1.814,1.814,1.81,1.81,16.8,2026-03-21 23:45:00
1774137000000,1.8,1.8,1.8,1.8,222.22,2026-03-21 23:50:00
1774137300000,1.791,1.791,1.789,1.789,8.93,2026-03-21 23:55:00
1774137600000,1.789,1.789,1.789,1.789,7.97,2026-03-22 00:00:00
1774137900000,1.789,1.789,1.789,1.789,0.0,2026-03-22 00:05:00
1774138200000,1.789,1.789,1.789,1.789,0.0,2026-03-22 00:10:00
1774138500000,1.806,1.809,1.806,1.809,13.36,2026-03-22 00:15:00
1774138800000,1.797,1.797,1.797,1.797,2.96,2026-03-22 00:20:00
1774139100000,1.797,1.797,1.775,1.797,105.72,2026-03-22 00:25:00
1774139400000,1.797,1.797,1.796,1.796,9.82,2026-03-22 00:30:00
1774139700000,1.775,1.775,1.775,1.775,29.17,2026-03-22 00:35:00
1774140000000,1.797,1.797,1.797,1.797,3.42,2026-03-22 00:40:00
1774140300000,1.797,1.797,1.797,1.797,0.0,2026-03-22 00:45:00
1774140600000,1.797,1.797,1.797,1.797,0.0,2026-03-22 00:50:00
1774140900000,1.797,1.797,1.797,1.797,0.0,2026-03-22 00:55:00
1774141200000,1.797,1.797,1.797,1.797,2.77,2026-03-22 01:00:00
1774141500000,1.797,1.797,1.797,1.797,0.0,2026-03-22 01:05:00
1774141800000,1.797,1.797,1.797,1.797,2.0,2026-03-22 01:10:00
1774142100000,1.797,1.797,1.797,1.797,0.0,2026-03-22 01:15:00
1774142400000,1.797,1.797,1.797,1.797,0.0,2026-03-22 01:20:00
1774142700000,1.797,1.797,1.797,1.797,0.0,2026-03-22 01:25:00
1774143000000,1.797,1.797,1.797,1.797,0.0,2026-03-22 01:30:00
1774143300000,1.797,1.797,1.797,1.797,0.0,2026-03-22 01:35:00
1774143600000,1.797,1.797,1.797,1.797,0.0,2026-03-22 01:40:00
1774143900000,1.797,1.797,1.797,1.797,0.0,2026-03-22 01:45:00
1774144200000,1.797,1.797,1.797,1.797,0.0,2026-03-22 01:50:00
1774144500000,1.797,1.797,1.797,1.797,0.0,2026-03-22 01:55:00
1774144800000,1.797,1.797,1.797,1.797,53.58,2026-03-22 02:00:00
1774145100000,1.797,1.797,1.797,1.797,0.0,2026-03-22 02:05:00
1774145400000,1.797,1.797,1.797,1.797,0.0,2026-03-22 02:10:00
1774145700000,1.797,1.797,1.797,1.797,0.0,2026-03-22 02:15:00
1774146000000,1.797,1.797,1.797,1.797,0.0,2026-03-22 02:20:00
1774146300000,1.797,1.797,1.797,1.797,5.41,2026-03-22 02:25:00
1774146600000,1.797,1.797,1.797,1.797,0.0,2026-03-22 02:30:00
1774146900000,1.797,1.797,1.797,1.797,0.0,2026-03-22 02:35:00
1774147200000,1.797,1.797,1.797,1.797,0.0,2026-03-22 02:40:00
1774147500000,1.797,1.797,1.797,1.797,0.0,2026-03-22 02:45:00
1774147800000,1.797,1.797,1.797,1.797,0.0,2026-03-22 02:50:00
1774148100000,1.797,1.797,1.797,1.797,0.0,2026-03-22 02:55:00
1774148400000,1.797,1.797,1.797,1.797,0.0,2026-03-22 03:00:00
1774148700000,1.797,1.797,1.797,1.797,0.0,2026-03-22 03:05:00
1774149000000,1.797,1.797,1.797,1.797,0.0,2026-03-22 03:10:00
1774149300000,1.797,1.797,1.797,1.797,0.0,2026-03-22 03:15:00
1774149600000,1.797,1.797,1.797,1.797,0.0,2026-03-22 03:20:00
1774149900000,1.797,1.797,1.797,1.797,0.0,2026-03-22 03:25:00
1774150200000,1.797,1.797,1.797,1.797,0.0,2026-03-22 03:30:00
1774150500000,1.797,1.797,1.797,1.797,0.0,2026-03-22 03:35:00
1774150800000,1.797,1.797,1.797,1.797,0.0,2026-03-22 03:40:00
1774151100000,1.797,1.797,1.797,1.797,0.0,2026-03-22 03:45:00
1774151400000,1.797,1.797,1.797,1.797,0.0,2026-03-22 03:50:00
1774151700000,1.797,1.797,1.797,1.797,0.0,2026-03-22 03:55:00
1774152000000,1.797,1.797,1.797,1.797,0.0,2026-03-22 04:00:00
1774152300000,1.797,1.797,1.797,1.797,0.0,2026-03-22 04:05:00
1774152600000,1.797,1.797,1.797,1.797,0.0,2026-03-22 04:10:00
1774152900000,1.797,1.797,1.797,1.797,0.0,2026-03-22 04:15:00
1774153200000,1.797,1.797,1.797,1.797,0.0,2026-03-22 04:20:00
1774153500000,1.797,1.797,1.797,1.797,0.0,2026-03-22 04:25:00
1774153800000,1.797,1.797,1.797,1.797,0.0,2026-03-22 04:30:00
1774154100000,1.797,1.797,1.797,1.797,0.0,2026-03-22 04:35:00
1774154400000,1.797,1.797,1.797,1.797,0.0,2026-03-22 04:40:00
1774154700000,1.797,1.797,1.797,1.797,0.0,2026-03-22 04:45:00
1774155000000,1.797,1.797,1.797,1.797,0.0,2026-03-22 04:50:00
1774155300000,1.809,1.809,1.809,1.809,2.75,2026-03-22 04:55:00
1774155600000,1.809,1.809,1.809,1.809,0.0,2026-03-22 05:00:00
1774155900000,1.809,1.809,1.809,1.809,0.0,2026-03-22 05:05:00
1774156200000,1.809,1.809,1.809,1.809,0.0,2026-03-22 05:10:00
1774156500000,1.809,1.809,1.809,1.809,0.0,2026-03-22 05:15:00
1774156800000,1.809,1.809,1.809,1.809,0.0,2026-03-22 05:20:00
1774157100000,1.809,1.809,1.809,1.809,0.0,2026-03-22 05:25:00
1774157400000,1.809,1.809,1.809,1.809,0.0,2026-03-22 05:30:00
1774157700000,1.809,1.809,1.809,1.809,0.0,2026-03-22 05:35:00
1774158000000,1.809,1.809,1.809,1.809,0.0,2026-03-22 05:40:00
1774158300000,1.809,1.809,1.809,1.809,0.0,2026-03-22 05:45:00
1774158600000,1.801,1.801,1.801,1.801,1732.58,2026-03-22 05:50:00
1774158900000,1.801,1.801,1.801,1.801,0.0,2026-03-22 05:55:00
1774159200000,1.801,1.801,1.801,1.801,0.0,2026-03-22 06:00:00
1774159500000,1.775,1.795,1.775,1.795,1738.88,2026-03-22 06:05:00
1774159800000,1.795,1.795,1.795,1.795,0.0,2026-03-22 06:10:00
1774160100000,1.795,1.795,1.795,1.795,0.0,2026-03-22 06:15:00
1774160400000,1.795,1.795,1.795,1.795,0.0,2026-03-22 06:20:00
1774160700000,1.795,1.795,1.795,1.795,0.0,2026-03-22 06:25:00
1774161000000,1.795,1.795,1.795,1.795,0.0,2026-03-22 06:30:00
1774161300000,1.795,1.795,1.795,1.795,0.0,2026-03-22 06:35:00
1774161600000,1.795,1.795,1.795,1.795,0.0,2026-03-22 06:40:00
1774161900000,1.795,1.795,1.795,1.795,0.0,2026-03-22 06:45:00
1774162200000,1.795,1.795,1.795,1.795,0.0,2026-03-22 06:50:00
1774162500000,1.795,1.795,1.795,1.795,0.0,2026-03-22 06:55:00
1774162800000,1.799,1.799,1.799,1.799,2.77,2026-03-22 07:00:00
1774163100000,1.799,1.799,1.799,1.799,0.0,2026-03-22 07:05:00
1774163400000,1.799,1.799,1.799,1.799,0.0,2026-03-22 07:10:00
1774163700000,1.799,1.799,1.799,1.799,0.0,2026-03-22 07:15:00
1774164000000,1.799,1.799,1.799,1.799,0.0,2026-03-22 07:20:00
1774164300000,1.799,1.799,1.799,1.799,0.0,2026-03-22 07:25:00
1774164600000,1.799,1.799,1.799,1.799,0.0,2026-03-22 07:30:00
1774164900000,1.799,1.799,1.799,1.799,0.0,2026-03-22 07:35:00
1774165200000,1.799,1.799,1.799,1.799,0.0,2026-03-22 07:40:00
1774165500000,1.799,1.799,1.799,1.799,0.0,2026-03-22 07:45:00
1774165800000,1.799,1.799,1.799,1.799,0.0,2026-03-22 07:50:00
1774166100000,1.799,1.799,1.799,1.799,0.0,2026-03-22 07:55:00
1774166400000,1.799,1.799,1.799,1.799,0.0,2026-03-22 08:00:00
1774166700000,1.799,1.799,1.799,1.799,0.0,2026-03-22 08:05:00
1774167000000,1.799,1.799,1.799,1.799,0.0,2026-03-22 08:10:00
1774167300000,1.774,1.774,1.774,1.774,3.0,2026-03-22 08:15:00
1774167600000,1.773,1.773,1.773,1.773,5.65,2026-03-22 08:20:00
1774167900000,1.773,1.773,1.773,1.773,0.0,2026-03-22 08:25:00
1774168200000,1.773,1.773,1.773,1.773,0.0,2026-03-22 08:30:00
1774168500000,1.773,1.773,1.773,1.773,0.0,2026-03-22 08:35:00
1774168800000,1.773,1.773,1.773,1.773,0.0,2026-03-22 08:40:00
1774169100000,1.773,1.773,1.773,1.773,0.0,2026-03-22 08:45:00
1774169400000,1.773,1.773,1.773,1.773,0.0,2026-03-22 08:50:00
1774169700000,1.773,1.773,1.773,1.773,0.0,2026-03-22 08:55:00
1774170000000,1.781,1.781,1.781,1.781,1.68,2026-03-22 09:00:00
1774170300000,1.781,1.781,1.781,1.781,0.0,2026-03-22 09:05:00
1774170600000,1.781,1.781,1.781,1.781,0.0,2026-03-22 09:10:00
1774170900000,1.781,1.781,1.781,1.781,0.0,2026-03-22 09:15:00
1774171200000,1.781,1.781,1.781,1.781,0.0,2026-03-22 09:20:00
1774171500000,1.781,1.781,1.781,1.781,0.0,2026-03-22 09:25:00
1774171800000,1.781,1.781,1.781,1.781,0.0,2026-03-22 09:30:00
1774172100000,1.781,1.781,1.781,1.781,0.0,2026-03-22 09:35:00
1774172400000,1.781,1.781,1.781,1.781,0.0,2026-03-22 09:40:00
1774172700000,1.781,1.781,1.781,1.781,0.0,2026-03-22 09:45:00
1774173000000,1.781,1.781,1.781,1.781,0.0,2026-03-22 09:50:00
1774173300000,1.781,1.781,1.781,1.781,0.0,2026-03-22 09:55:00
1774173600000,1.781,1.781,1.781,1.781,0.0,2026-03-22 10:00:00
1774173900000,1.781,1.781,1.781,1.781,0.0,2026-03-22 10:05:00
1774174200000,1.781,1.781,1.781,1.781,0.0,2026-03-22 10:10:00
1774174500000,1.781,1.781,1.781,1.781,0.0,2026-03-22 10:15:00
1774174800000,1.781,1.781,1.781,1.781,0.0,2026-03-22 10:20:00
1774175100000,1.781,1.781,1.781,1.781,0.0,2026-03-22 10:25:00
1774175400000,1.781,1.781,1.781,1.781,0.0,2026-03-22 10:30:00
1774175700000,1.781,1.781,1.781,1.781,0.0,2026-03-22 10:35:00
1774176000000,1.781,1.781,1.781,1.781,0.0,2026-03-22 10:40:00
1774176300000,1.781,1.781,1.781,1.781,0.0,2026-03-22 10:45:00
1774176600000,1.781,1.781,1.781,1.781,0.0,2026-03-22 10:50:00
1774176900000,1.781,1.781,1.781,1.781,0.0,2026-03-22 10:55:00
1774177200000,1.781,1.781,1.781,1.781,0.0,2026-03-22 11:00:00
1774177500000,1.781,1.781,1.781,1.781,0.0,2026-03-22 11:05:00
1774177800000,1.781,1.781,1.781,1.781,0.0,2026-03-22 11:10:00
1774178100000,1.781,1.781,1.781,1.781,0.0,2026-03-22 11:15:00
1774178400000,1.781,1.781,1.781,1.781,0.0,2026-03-22 11:20:00
1774178700000,1.781,1.781,1.781,1.781,0.0,2026-03-22 11:25:00
1774179000000,1.781,1.781,1.781,1.781,0.0,2026-03-22 11:30:00
1774179300000,1.781,1.781,1.781,1.781,0.0,2026-03-22 11:35:00
1774179600000,1.781,1.781,1.781,1.781,0.0,2026-03-22 11:40:00
1774179900000,1.781,1.781,1.781,1.781,0.0,2026-03-22 11:45:00
1774180200000,1.781,1.781,1.781,1.781,0.0,2026-03-22 11:50:00
1774180500000,1.781,1.781,1.781,1.781,0.0,2026-03-22 11:55:00
1774180800000,1.781,1.781,1.781,1.781,0.0,2026-03-22 12:00:00
1774181100000,1.781,1.781,1.781,1.781,0.0,2026-03-22 12:05:00
1774181400000,1.781,1.781,1.781,1.781,0.0,2026-03-22 12:10:00
1774181700000,1.781,1.781,1.781,1.781,0.0,2026-03-22 12:15:00
1774182000000,1.779,1.779,1.779,1.779,100.0,2026-03-22 12:20:00
1774182300000,1.779,1.779,1.779,1.779,0.0,2026-03-22 12:25:00
1774182600000,1.779,1.779,1.779,1.779,0.0,2026-03-22 12:30:00
1774182900000,1.779,1.779,1.779,1.779,0.0,2026-03-22 12:35:00
1774183200000,1.779,1.779,1.779,1.779,0.0,2026-03-22 12:40:00
1774183500000,1.779,1.779,1.779,1.779,0.0,2026-03-22 12:45:00
1774183800000,1.779,1.779,1.779,1.779,0.0,2026-03-22 12:50:00
1774184100000,1.779,1.779,1.779,1.779,0.0,2026-03-22 12:55:00
1774184400000,1.779,1.779,1.779,1.779,0.0,2026-03-22 13:00:00
1774184700000,1.779,1.779,1.779,1.779,0.0,2026-03-22 13:05:00
1774185000000,1.779,1.779,1.779,1.779,0.0,2026-03-22 13:10:00
1774185300000,1.779,1.779,1.779,1.779,0.0,2026-03-22 13:15:00
1774185600000,1.779,1.779,1.779,1.779,0.0,2026-03-22 13:20:00
1774185900000,1.779,1.779,1.779,1.779,0.0,2026-03-22 13:25:00
1774186200000,1.779,1.779,1.779,1.779,0.0,2026-03-22 13:30:00
1774186500000,1.779,1.779,1.779,1.779,0.0,2026-03-22 13:35:00
1774186800000,1.779,1.779,1.779,1.779,0.0,2026-03-22 13:40:00
1774187100000,1.779,1.779,1.779,1.779,0.0,2026-03-22 13:45:00
1774187400000,1.779,1.779,1.779,1.779,0.0,2026-03-22 13:50:00
1774187700000,1.779,1.779,1.779,1.779,0.0,2026-03-22 13:55:00
1774188000000,1.779,1.779,1.779,1.779,0.0,2026-03-22 14:00:00
1774188300000,1.779,1.779,1.779,1.779,0.0,2026-03-22 14:05:00
1774188600000,1.779,1.779,1.779,1.779,0.0,2026-03-22 14:10:00
1774188900000,1.779,1.779,1.779,1.779,0.0,2026-03-22 14:15:00
1774189200000,1.779,1.779,1.779,1.779,0.0,2026-03-22 14:20:00
1774189500000,1.779,1.779,1.779,1.779,0.0,2026-03-22 14:25:00
1774189800000,1.755,1.755,1.755,1.755,52.56,2026-03-22 14:30:00
1774190100000,1.755,1.755,1.755,1.755,0.0,2026-03-22 14:35:00
1774190400000,1.755,1.755,1.755,1.755,0.0,2026-03-22 14:40:00
1774190700000,1.755,1.755,1.755,1.755,0.0,2026-03-22 14:45:00
1774191000000,1.755,1.755,1.755,1.755,0.0,2026-03-22 14:50:00
1774191300000,1.755,1.755,1.755,1.755,0.0,2026-03-22 14:55:00
1774191600000,1.755,1.755,1.755,1.755,0.0,2026-03-22 15:00:00
1774191900000,1.803,1.803,1.803,1.803,6.83,2026-03-22 15:05:00
1774192200000,1.803,1.803,1.803,1.803,0.0,2026-03-22 15:10:00
1774192500000,1.803,1.803,1.803,1.803,0.0,2026-03-22 15:15:00
1774192800000,1.803,1.803,1.803,1.803,3.87,2026-03-22 15:20:00
1774193100000,1.803,1.803,1.803,1.803,0.0,2026-03-22 15:25:00
1774193400000,1.803,1.803,1.803,1.803,0.0,2026-03-22 15:30:00
1774193700000,1.803,1.803,1.803,1.803,0.0,2026-03-22 15:35:00
1774194000000,1.803,1.803,1.803,1.803,0.0,2026-03-22 15:40:00
1774194300000,1.803,1.803,1.803,1.803,0.0,2026-03-22 15:45:00
1774194600000,1.803,1.803,1.803,1.803,0.0,2026-03-22 15:50:00
1774194900000,1.803,1.803,1.803,1.803,0.0,2026-03-22 15:55:00
1774195200000,1.803,1.803,1.803,1.803,0.0,2026-03-22 16:00:00
1774195500000,1.809,1.809,1.773,1.773,106.83,2026-03-22 16:05:00
1774195800000,1.773,1.773,1.773,1.773,0.0,2026-03-22 16:10:00
1774196100000,1.809,1.809,1.809,1.809,28.7,2026-03-22 16:15:00
1774196400000,1.809,1.809,1.809,1.809,0.0,2026-03-22 16:20:00
1774196700000,1.809,1.809,1.809,1.809,0.0,2026-03-22 16:25:00
1774197000000,1.809,1.809,1.809,1.809,0.0,2026-03-22 16:30:00
1774197300000,1.809,1.809,1.809,1.809,0.0,2026-03-22 16:35:00
1774197600000,1.809,1.809,1.809,1.809,0.0,2026-03-22 16:40:00
1774197900000,1.809,1.809,1.809,1.809,0.0,2026-03-22 16:45:00
1774198200000,1.809,1.809,1.809,1.809,0.0,2026-03-22 16:50:00
1774198500000,1.809,1.809,1.809,1.809,0.0,2026-03-22 16:55:00
1774198800000,1.809,1.809,1.809,1.809,0.0,2026-03-22 17:00:00
1774199100000,1.809,1.809,1.809,1.809,0.0,2026-03-22 17:05:00
1774199400000,1.809,1.809,1.809,1.809,0.0,2026-03-22 17:10:00
1774199700000,1.809,1.809,1.809,1.809,0.0,2026-03-22 17:15:00
1774200000000,1.809,1.809,1.809,1.809,0.0,2026-03-22 17:20:00
1774200300000,1.809,1.809,1.809,1.809,0.0,2026-03-22 17:25:00
1774200600000,1.809,1.809,1.809,1.809,0.0,2026-03-22 17:30:00
1774200900000,1.809,1.809,1.809,1.809,0.0,2026-03-22 17:35:00
1774201200000,1.809,1.809,1.809,1.809,0.0,2026-03-22 17:40:00
1774201500000,1.809,1.809,1.809,1.809,0.0,2026-03-22 17:45:00
1774201800000,1.809,1.809,1.809,1.809,0.0,2026-03-22 17:50:00
1774202100000,1.809,1.809,1.809,1.809,0.0,2026-03-22 17:55:00
1774202400000,1.809,1.809,1.809,1.809,0.0,2026-03-22 18:00:00
1774202700000,1.809,1.809,1.809,1.809,0.0,2026-03-22 18:05:00
1774203000000,1.809,1.809,1.809,1.809,0.0,2026-03-22 18:10:00
1774203300000,1.809,1.809,1.809,1.809,0.0,2026-03-22 18:15:00
1774203600000,1.809,1.809,1.809,1.809,0.0,2026-03-22 18:20:00
1774203900000,1.809,1.809,1.809,1.809,0.0,2026-03-22 18:25:00
1774204200000,1.809,1.809,1.809,1.809,0.0,2026-03-22 18:30:00
1774204500000,1.809,1.809,1.809,1.809,0.0,2026-03-22 18:35:00
1774204800000,1.809,1.809,1.809,1.809,0.0,2026-03-22 18:40:00
1774205100000,1.809,1.809,1.809,1.809,0.0,2026-03-22 18:45:00
1774205400000,1.809,1.809,1.809,1.809,0.0,2026-03-22 18:50:00
1774205700000,1.809,1.809,1.809,1.809,0.0,2026-03-22 18:55:00
1774206000000,1.809,1.809,1.809,1.809,0.0,2026-03-22 19:00:00
1774206300000,1.809,1.809,1.809,1.809,0.0,2026-03-22 19:05:00
1774206600000,1.809,1.809,1.809,1.809,0.0,2026-03-22 19:10:00
1774206900000,1.809,1.809,1.809,1.809,0.0,2026-03-22 19:15:00
1774207200000,1.809,1.809,1.809,1.809,0.0,2026-03-22 19:20:00
1774207500000,1.809,1.809,1.809,1.809,0.0,2026-03-22 19:25:00
1774207800000,1.809,1.809,1.809,1.809,0.0,2026-03-22 19:30:00
1774208100000,1.809,1.809,1.809,1.809,0.0,2026-03-22 19:35:00
1774208400000,1.809,1.809,1.809,1.809,0.0,2026-03-22 19:40:00
1774208700000,1.809,1.809,1.809,1.809,0.0,2026-03-22 19:45:00
1774209000000,1.809,1.809,1.809,1.809,0.0,2026-03-22 19:50:00
1774209300000,1.809,1.809,1.809,1.809,0.0,2026-03-22 19:55:00
1774209600000,1.809,1.809,1.809,1.809,0.0,2026-03-22 20:00:00
1774209900000,1.809,1.809,1.809,1.809,0.0,2026-03-22 20:05:00
1774210200000,1.809,1.809,1.809,1.809,0.0,2026-03-22 20:10:00
1774210500000,1.794,1.794,1.794,1.794,5.56,2026-03-22 20:15:00
1774210800000,1.794,1.794,1.794,1.794,0.0,2026-03-22 20:20:00
1774211100000,1.794,1.794,1.794,1.794,0.0,2026-03-22 20:25:00
1774211400000,1.794,1.794,1.794,1.794,0.0,2026-03-22 20:30:00
1774211700000,1.794,1.794,1.794,1.794,0.0,2026-03-22 20:35:00
1774212000000,1.794,1.794,1.794,1.794,0.0,2026-03-22 20:40:00
1774212300000,1.794,1.794,1.794,1.794,0.0,2026-03-22 20:45:00
1774212600000,1.794,1.794,1.794,1.794,0.0,2026-03-22 20:50:00
1774212900000,1.794,1.794,1.794,1.794,0.0,2026-03-22 20:55:00
1774213200000,1.794,1.794,1.794,1.794,0.0,2026-03-22 21:00:00
1774213500000,1.794,1.794,1.794,1.794,0.0,2026-03-22 21:05:00
1774213800000,1.794,1.794,1.794,1.794,0.0,2026-03-22 21:10:00
1774214100000,1.794,1.794,1.794,1.794,0.0,2026-03-22 21:15:00
1774214400000,1.794,1.794,1.794,1.794,0.0,2026-03-22 21:20:00
1774214700000,1.794,1.794,1.794,1.794,0.0,2026-03-22 21:25:00
1774215000000,1.794,1.794,1.794,1.794,0.0,2026-03-22 21:30:00
1774215300000,1.779,1.779,1.779,1.779,11.21,2026-03-22 21:35:00
1774215600000,1.779,1.779,1.779,1.779,0.0,2026-03-22 21:40:00
1774215900000,1.779,1.779,1.779,1.779,0.0,2026-03-22 21:45:00
1774216200000,1.779,1.779,1.779,1.779,0.0,2026-03-22 21:50:00
1774216500000,1.779,1.779,1.779,1.779,0.0,2026-03-22 21:55:00
1774216800000,1.779,1.779,1.779,1.779,0.0,2026-03-22 22:00:00
1774217100000,1.779,1.779,1.779,1.779,0.0,2026-03-22 22:05:00
1774217400000,1.779,1.779,1.779,1.779,0.0,2026-03-22 22:10:00
1774217700000,1.78,1.78,1.78,1.78,14.0,2026-03-22 22:15:00
1774218000000,1.78,1.78,1.78,1.78,0.0,2026-03-22 22:20:00
1774218300000,1.78,1.78,1.78,1.78,0.0,2026-03-22 22:25:00
1774218600000,1.78,1.78,1.78,1.78,0.0,2026-03-22 22:30:00
1774218900000,1.78,1.78,1.78,1.78,0.0,2026-03-22 22:35:00
1774219200000,1.78,1.78,1.78,1.78,0.0,2026-03-22 22:40:00
1774219500000,1.78,1.78,1.78,1.78,0.0,2026-03-22 22:45:00
1774219800000,1.78,1.78,1.78,1.78,0.0,2026-03-22 22:50:00
1774220100000,1.78,1.78,1.78,1.78,0.0,2026-03-22 22:55:00
1774220400000,1.78,1.78,1.78,1.78,0.0,2026-03-22 23:00:00
1774220700000,1.78,1.78,1.78,1.78,0.0,2026-03-22 23:05:00
1774221000000,1.78,1.78,1.78,1.78,0.0,2026-03-22 23:10:00
1774221300000,1.78,1.78,1.78,1.78,0.0,2026-03-22 23:15:00
1774221600000,1.78,1.78,1.78,1.78,0.0,2026-03-22 23:20:00
1774221900000,1.78,1.78,1.78,1.78,0.0,2026-03-22 23:25:00
1774222200000,1.78,1.78,1.78,1.78,0.0,2026-03-22 23:30:00
1774222500000,1.78,1.78,1.78,1.78,0.0,2026-03-22 23:35:00
1774222800000,1.78,1.78,1.78,1.78,0.0,2026-03-22 23:40:00
1774223100000,1.78,1.78,1.78,1.78,0.0,2026-03-22 23:45:00
1774223400000,1.78,1.78,1.78,1.78,0.0,2026-03-22 23:50:00
1774223700000,1.78,1.78,1.78,1.78,0.0,2026-03-22 23:55:00
1774224000000,1.78,1.78,1.78,1.78,0.0,2026-03-23 00:00:00
1774224300000,1.78,1.78,1.78,1.78,0.0,2026-03-23 00:05:00
1774224600000,1.781,1.781,1.781,1.781,1.25,2026-03-23 00:10:00
1774224900000,1.781,1.781,1.781,1.781,7.78,2026-03-23 00:15:00
1774225200000,1.781,1.781,1.78,1.78,21.55,2026-03-23 00:20:00
1774225500000,1.781,1.781,1.78,1.781,11.47,2026-03-23 00:25:00
1774225800000,1.781,1.781,1.781,1.781,5.42,2026-03-23 00:30:00
1774226100000,1.781,1.781,1.781,1.781,0.0,2026-03-23 00:35:00
1774226400000,1.781,1.781,1.781,1.781,0.69,2026-03-23 00:40:00
1774226700000,1.781,1.781,1.781,1.781,0.58,2026-03-23 00:45:00
1774227000000,1.781,1.781,1.781,1.781,0.0,2026-03-23 00:50:00
1774227300000,1.781,1.781,1.781,1.781,0.0,2026-03-23 00:55:00
1774227600000,1.781,1.781,1.781,1.781,5.6,2026-03-23 01:00:00
1774227900000,1.781,1.781,1.781,1.781,0.0,2026-03-23 01:05:00
1774228200000,1.781,1.781,1.781,1.781,0.0,2026-03-23 01:10:00
1774228500000,1.781,1.781,1.781,1.781,0.0,2026-03-23 01:15:00
1774228800000,1.781,1.781,1.781,1.781,0.0,2026-03-23 01:20:00
1774229100000,1.781,1.781,1.781,1.781,0.0,2026-03-23 01:25:00
1774229400000,1.781,1.781,1.781,1.781,0.0,2026-03-23 01:30:00
1774229700000,1.781,1.781,1.781,1.781,0.0,2026-03-23 01:35:00
1774230000000,1.781,1.781,1.781,1.781,13.99,2026-03-23 01:40:00
1774230300000,1.781,1.781,1.781,1.781,28.12,2026-03-23 01:45:00
1774230600000,1.781,1.781,1.781,1.781,0.0,2026-03-23 01:50:00
1774230900000,1.781,1.781,1.781,1.781,0.0,2026-03-23 01:55:00
1774231200000,1.781,1.781,1.781,1.781,0.0,2026-03-23 02:00:00
1774231500000,1.781,1.781,1.781,1.781,0.0,2026-03-23 02:05:00
1774231800000,1.781,1.781,1.781,1.781,0.0,2026-03-23 02:10:00
1774232100000,1.781,1.781,1.781,1.781,0.0,2026-03-23 02:15:00
1774232400000,1.781,1.781,1.781,1.781,0.0,2026-03-23 02:20:00
1774232700000,1.782,1.782,1.782,1.782,11.44,2026-03-23 02:25:00
1774233000000,1.782,1.782,1.782,1.782,0.0,2026-03-23 02:30:00
1774233300000,1.782,1.782,1.782,1.782,0.0,2026-03-23 02:35:00
1774233600000,1.782,1.782,1.782,1.782,0.0,2026-03-23 02:40:00
1774233900000,1.782,1.782,1.782,1.782,0.0,2026-03-23 02:45:00
1774234200000,1.782,1.782,1.782,1.782,0.0,2026-03-23 02:50:00
1774234500000,1.782,1.782,1.782,1.782,0.0,2026-03-23 02:55:00
1774234800000,1.782,1.782,1.782,1.782,0.0,2026-03-23 03:00:00
1774235100000,1.782,1.782,1.782,1.782,0.0,2026-03-23 03:05:00
1774235400000,1.782,1.782,1.782,1.782,0.0,2026-03-23 03:10:00
1774235700000,1.782,1.782,1.782,1.782,0.0,2026-03-23 03:15:00
1774236000000,1.782,1.782,1.782,1.782,0.0,2026-03-23 03:20:00
1774236300000,1.782,1.782,1.782,1.782,0.0,2026-03-23 03:25:00
1774236600000,1.797,1.797,1.797,1.797,8.34,2026-03-23 03:30:00
1774236900000,1.797,1.797,1.797,1.797,0.0,2026-03-23 03:35:00
1774237200000,1.797,1.797,1.797,1.797,0.0,2026-03-23 03:40:00
1774237500000,1.797,1.797,1.797,1.797,0.0,2026-03-23 03:45:00
1774237800000,1.797,1.797,1.797,1.797,0.0,2026-03-23 03:50:00
1774238100000,1.797,1.797,1.797,1.797,0.0,2026-03-23 03:55:00
1774238400000,1.797,1.797,1.797,1.797,0.0,2026-03-23 04:00:00
1774238700000,1.797,1.797,1.797,1.797,0.0,2026-03-23 04:05:00
1774239000000,1.797,1.797,1.797,1.797,0.0,2026-03-23 04:10:00
1774239300000,1.797,1.797,1.797,1.797,0.0,2026-03-23 04:15:00
1774239600000,1.797,1.797,1.797,1.797,0.0,2026-03-23 04:20:00
1774239900000,1.797,1.797,1.797,1.797,0.0,2026-03-23 04:25:00
1774240200000,1.797,1.797,1.797,1.797,0.0,2026-03-23 04:30:00
1774240500000,1.797,1.797,1.797,1.797,0.0,2026-03-23 04:35:00
1774240800000,1.797,1.797,1.797,1.797,0.0,2026-03-23 04:40:00
1774241100000,1.797,1.797,1.797,1.797,0.0,2026-03-23 04:45:00
1774241400000,1.797,1.797,1.797,1.797,0.0,2026-03-23 04:50:00
1774241700000,1.797,1.797,1.797,1.797,0.0,2026-03-23 04:55:00
1774242000000,1.797,1.797,1.797,1.797,0.0,2026-03-23 05:00:00
1774242300000,1.797,1.797,1.797,1.797,0.0,2026-03-23 05:05:00
1774242600000,1.797,1.797,1.797,1.797,0.0,2026-03-23 05:10:00
1774242900000,1.797,1.797,1.797,1.797,0.0,2026-03-23 05:15:00
1774243200000,1.797,1.797,1.797,1.797,0.0,2026-03-23 05:20:00
1774243500000,1.797,1.797,1.797,1.797,0.0,2026-03-23 05:25:00
1774243800000,1.797,1.797,1.797,1.797,0.0,2026-03-23 05:30:00
1774244100000,1.797,1.797,1.797,1.797,0.0,2026-03-23 05:35:00
1774244400000,1.797,1.797,1.797,1.797,0.0,2026-03-23 05:40:00
1774244700000,1.797,1.797,1.797,1.797,0.0,2026-03-23 05:45:00
1774245000000,1.797,1.797,1.797,1.797,0.0,2026-03-23 05:50:00
1774245300000,1.797,1.797,1.797,1.797,0.0,2026-03-23 05:55:00
1774245600000,1.797,1.797,1.797,1.797,0.0,2026-03-23 06:00:00
1774245900000,1.797,1.797,1.797,1.797,0.0,2026-03-23 06:05:00
1774246200000,1.797,1.797,1.797,1.797,0.0,2026-03-23 06:10:00
1774246500000,1.797,1.797,1.797,1.797,0.0,2026-03-23 06:15:00
1774246800000,1.797,1.797,1.797,1.797,0.0,2026-03-23 06:20:00
1774247100000,1.797,1.797,1.797,1.797,0.0,2026-03-23 06:25:00
1774247400000,1.797,1.797,1.797,1.797,0.0,2026-03-23 06:30:00
1774247700000,1.797,1.797,1.797,1.797,0.0,2026-03-23 06:35:00
1774248000000,1.797,1.797,1.797,1.797,0.0,2026-03-23 06:40:00
1774248300000,1.797,1.797,1.797,1.797,0.0,2026-03-23 06:45:00
1774248600000,1.797,1.797,1.797,1.797,0.0,2026-03-23 06:50:00
1774248900000,1.797,1.797,1.797,1.797,0.0,2026-03-23 06:55:00
1774249200000,1.786,1.786,1.786,1.786,2.79,2026-03-23 07:00:00
1774249500000,1.786,1.786,1.786,1.786,0.0,2026-03-23 07:05:00
1774249800000,1.786,1.786,1.786,1.786,0.0,2026-03-23 07:10:00
1774250100000,1.786,1.786,1.786,1.786,0.0,2026-03-23 07:15:00
1774250400000,1.786,1.786,1.786,1.786,0.0,2026-03-23 07:20:00
1774250700000,1.755,1.755,1.755,1.755,1.78,2026-03-23 07:25:00
1774251000000,1.755,1.755,1.755,1.755,0.0,2026-03-23 07:30:00
1774251300000,1.755,1.755,1.755,1.755,0.0,2026-03-23 07:35:00
1774251600000,1.755,1.755,1.755,1.755,0.0,2026-03-23 07:40:00
1774251900000,1.755,1.755,1.755,1.755,0.0,2026-03-23 07:45:00
1774252200000,1.755,1.755,1.755,1.755,0.0,2026-03-23 07:50:00
1774252500000,1.755,1.755,1.755,1.755,0.0,2026-03-23 07:55:00
1774252800000,1.755,1.755,1.755,1.755,0.0,2026-03-23 08:00:00
1774253100000,1.755,1.755,1.755,1.755,0.0,2026-03-23 08:05:00
1774253400000,1.755,1.755,1.755,1.755,0.0,2026-03-23 08:10:00
1774253700000,1.755,1.755,1.755,1.755,0.0,2026-03-23 08:15:00
1774254000000,1.748,1.748,1.748,1.748,17.17,2026-03-23 08:20:00
1774254300000,1.748,1.748,1.748,1.748,0.0,2026-03-23 08:25:00
1774254600000,1.748,1.748,1.748,1.748,0.0,2026-03-23 08:30:00
1774254900000,1.748,1.748,1.748,1.748,0.0,2026-03-23 08:35:00
1774255200000,1.748,1.748,1.748,1.748,0.0,2026-03-23 08:40:00
1774255500000,1.748,1.748,1.748,1.748,0.0,2026-03-23 08:45:00
1774255800000,1.748,1.748,1.748,1.748,0.0,2026-03-23 08:50:00
1774256100000,1.748,1.748,1.748,1.748,0.0,2026-03-23 08:55:00
1774256400000,1.778,1.778,1.778,1.778,1.68,2026-03-23 09:00:00
1774256700000,1.778,1.778,1.778,1.778,0.0,2026-03-23 09:05:00
1774257000000,1.778,1.778,1.778,1.778,0.0,2026-03-23 09:10:00
1774257300000,1.778,1.778,1.778,1.778,0.0,2026-03-23 09:15:00
1774257600000,1.778,1.778,1.778,1.778,0.0,2026-03-23 09:20:00
1774257900000,1.778,1.778,1.778,1.778,0.0,2026-03-23 09:25:00
1774258200000,1.778,1.778,1.778,1.778,0.0,2026-03-23 09:30:00
1774258500000,1.778,1.778,1.778,1.778,0.0,2026-03-23 09:35:00
1774258800000,1.778,1.778,1.778,1.778,0.0,2026-03-23 09:40:00
1774259100000,1.778,1.778,1.778,1.778,0.0,2026-03-23 09:45:00
1774259400000,1.778,1.778,1.778,1.778,0.0,2026-03-23 09:50:00
1774259700000,1.778,1.778,1.778,1.778,0.0,2026-03-23 09:55:00
1774260000000,1.778,1.778,1.778,1.778,0.0,2026-03-23 10:00:00
1774260300000,1.778,1.778,1.778,1.778,0.0,2026-03-23 10:05:00
1774260600000,1.778,1.778,1.778,1.778,0.0,2026-03-23 10:10:00
1774260900000,1.778,1.778,1.778,1.778,0.0,2026-03-23 10:15:00
1774261200000,1.778,1.778,1.778,1.778,0.0,2026-03-23 10:20:00
1774261500000,1.778,1.778,1.778,1.778,0.0,2026-03-23 10:25:00
1774261800000,1.778,1.778,1.778,1.778,0.0,2026-03-23 10:30:00
1774262100000,1.778,1.778,1.778,1.778,0.0,2026-03-23 10:35:00
1774262400000,1.778,1.778,1.778,1.778,0.0,2026-03-23 10:40:00
1774262700000,1.778,1.778,1.778,1.778,0.0,2026-03-23 10:45:00
1774263000000,1.778,1.778,1.778,1.778,0.0,2026-03-23 10:50:00
1774263300000,1.778,1.778,1.778,1.778,0.0,2026-03-23 10:55:00
1774263600000,1.778,1.778,1.778,1.778,0.0,2026-03-23 11:00:00
1774263900000,1.778,1.778,1.778,1.778,0.0,2026-03-23 11:05:00
1774264200000,1.778,1.778,1.778,1.778,0.0,2026-03-23 11:10:00
1774264500000,1.778,1.778,1.778,1.778,0.0,2026-03-23 11:15:00
1774264800000,1.778,1.778,1.778,1.778,0.0,2026-03-23 11:20:00
1774265100000,1.778,1.778,1.778,1.778,0.0,2026-03-23 11:25:00
1774265400000,1.778,1.778,1.778,1.778,0.0,2026-03-23 11:30:00
1774265700000,1.778,1.778,1.778,1.778,0.0,2026-03-23 11:35:00
1774266000000,1.778,1.778,1.778,1.778,0.0,2026-03-23 11:40:00
1774266300000,1.778,1.778,1.778,1.778,0.0,2026-03-23 11:45:00
1774266600000,1.778,1.778,1.778,1.778,0.0,2026-03-23 11:50:00
1774266900000,1.778,1.778,1.778,1.778,0.0,2026-03-23 11:55:00
1774267200000,1.778,1.778,1.778,1.778,0.0,2026-03-23 12:00:00
1774267500000,1.778,1.778,1.778,1.778,0.0,2026-03-23 12:05:00
1774267800000,1.778,1.778,1.778,1.778,0.0,2026-03-23 12:10:00
1774268100000,1.778,1.778,1.778,1.778,0.0,2026-03-23 12:15:00
1774268400000,1.773,1.773,1.773,1.773,9.47,2026-03-23 12:20:00
1774268700000,1.773,1.773,1.773,1.773,0.0,2026-03-23 12:25:00
1774269000000,1.773,1.773,1.773,1.773,0.0,2026-03-23 12:30:00
1774269300000,1.773,1.773,1.773,1.773,0.0,2026-03-23 12:35:00
1774269600000,1.773,1.773,1.773,1.773,0.0,2026-03-23 12:40:00
1774269900000,1.773,1.773,1.773,1.773,0.0,2026-03-23 12:45:00
1774270200000,1.773,1.773,1.773,1.773,0.0,2026-03-23 12:50:00
1774270500000,1.773,1.773,1.773,1.773,0.0,2026-03-23 12:55:00
1774270800000,1.773,1.773,1.773,1.773,0.0,2026-03-23 13:00:00
1774271100000,1.773,1.773,1.773,1.773,0.0,2026-03-23 13:05:00
1774271400000,1.808,1.808,1.808,1.808,39.29,2026-03-23 13:10:00
1774271700000,1.808,1.808,1.808,1.808,0.0,2026-03-23 13:15:00
1774272000000,1.808,1.808,1.808,1.808,0.0,2026-03-23 13:20:00
1774272300000,1.808,1.808,1.808,1.808,0.0,2026-03-23 13:25:00
1774272600000,1.808,1.808,1.808,1.808,0.0,2026-03-23 13:30:00
1774272900000,1.808,1.808,1.808,1.808,0.0,2026-03-23 13:35:00
1774273200000,1.808,1.808,1.808,1.808,0.0,2026-03-23 13:40:00
1774273500000,1.808,1.808,1.808,1.808,0.0,2026-03-23 13:45:00
1774273800000,1.808,1.808,1.808,1.808,0.0,2026-03-23 13:50:00
1774274100000,1.808,1.808,1.808,1.808,0.0,2026-03-23 13:55:00
1774274400000,1.808,1.808,1.808,1.808,0.0,2026-03-23 14:00:00
1774274700000,1.808,1.808,1.808,1.808,0.0,2026-03-23 14:05:00
1774275000000,1.843,1.843,1.843,1.843,541.18,2026-03-23 14:10:00
1774275300000,1.843,1.843,1.843,1.843,0.0,2026-03-23 14:15:00
1774275600000,1.843,1.843,1.843,1.843,0.0,2026-03-23 14:20:00
1774275900000,1.843,1.843,1.843,1.843,0.0,2026-03-23 14:25:00
1774276200000,1.843,1.843,1.843,1.843,0.0,2026-03-23 14:30:00
1774276500000,1.843,1.843,1.843,1.843,0.0,2026-03-23 14:35:00
1774276800000,1.843,1.843,1.843,1.843,0.0,2026-03-23 14:40:00
1774277100000,1.843,1.843,1.843,1.843,0.0,2026-03-23 14:45:00
1774277400000,1.843,1.843,1.843,1.843,0.0,2026-03-23 14:50:00
1774277700000,1.843,1.843,1.843,1.843,0.0,2026-03-23 14:55:00
1774278000000,1.843,1.843,1.843,1.843,0.0,2026-03-23 15:00:00
1774278300000,1.843,1.843,1.843,1.843,0.0,2026-03-23 15:05:00
1774278600000,1.843,1.843,1.843,1.843,0.0,2026-03-23 15:10:00
1774278900000,1.843,1.843,1.843,1.843,0.0,2026-03-23 15:15:00
1774279200000,1.843,1.843,1.843,1.843,0.0,2026-03-23 15:20:00
1774279500000,1.843,1.843,1.843,1.843,0.0,2026-03-23 15:25:00
1774279800000,1.821,1.821,1.821,1.821,2.85,2026-03-23 15:30:00
1774280100000,1.821,1.821,1.821,1.821,0.0,2026-03-23 15:35:00
1774280400000,1.821,1.821,1.821,1.821,0.0,2026-03-23 15:40:00
1774280700000,1.821,1.821,1.821,1.821,0.0,2026-03-23 15:45:00
1774281000000,1.821,1.821,1.821,1.821,0.0,2026-03-23 15:50:00
1774281300000,1.821,1.821,1.821,1.821,0.0,2026-03-23 15:55:00
1774281600000,1.821,1.821,1.821,1.821,0.0,2026-03-23 16:00:00
1774281900000,1.821,1.821,1.821,1.821,0.0,2026-03-23 16:05:00
1774282200000,1.821,1.821,1.821,1.821,0.0,2026-03-23 16:10:00
1774282500000,1.821,1.821,1.821,1.821,0.0,2026-03-23 16:15:00
1774282800000,1.821,1.821,1.821,1.821,0.0,2026-03-23 16:20:00
1774283100000,1.821,1.821,1.821,1.821,0.0,2026-03-23 16:25:00
1774283400000,1.821,1.821,1.821,1.821,0.0,2026-03-23 16:30:00
1774283700000,1.821,1.821,1.821,1.821,0.0,2026-03-23 16:35:00
1774284000000,1.821,1.821,1.821,1.821,0.0,2026-03-23 16:40:00
1774284300000,1.821,1.821,1.821,1.821,0.0,2026-03-23 16:45:00
1774284600000,1.821,1.821,1.821,1.821,0.0,2026-03-23 16:50:00
1774284900000,1.821,1.821,1.821,1.821,0.0,2026-03-23 16:55:00
1774285200000,1.821,1.821,1.821,1.821,0.0,2026-03-23 17:00:00
1774285500000,1.821,1.821,1.821,1.821,0.0,2026-03-23 17:05:00
1774285800000,1.821,1.821,1.821,1.821,0.0,2026-03-23 17:10:00
1774286100000,1.821,1.821,1.821,1.821,0.0,2026-03-23 17:15:00
1774286400000,1.821,1.821,1.821,1.821,0.0,2026-03-23 17:20:00
1774286700000,1.821,1.821,1.821,1.821,0.0,2026-03-23 17:25:00
1774287000000,1.821,1.821,1.821,1.821,0.0,2026-03-23 17:30:00
1774287300000,1.755,1.793,1.755,1.793,16.16,2026-03-23 17:35:00
1774287600000,1.793,1.793,1.793,1.793,0.0,2026-03-23 17:40:00
1774287900000,1.793,1.793,1.793,1.793,0.0,2026-03-23 17:45:00
1774288200000,1.793,1.793,1.793,1.793,0.0,2026-03-23 17:50:00
1774288500000,1.793,1.793,1.793,1.793,0.0,2026-03-23 17:55:00
1774288800000,1.793,1.793,1.793,1.793,0.0,2026-03-23 18:00:00
1774289100000,1.755,1.755,1.755,1.755,9.24,2026-03-23 18:05:00
1774289400000,1.755,1.755,1.755,1.755,1.03,2026-03-23 18:10:00
1774289700000,1.755,1.755,1.755,1.755,0.0,2026-03-23 18:15:00
1774290000000,1.755,1.755,1.755,1.755,0.0,2026-03-23 18:20:00
1774290300000,1.755,1.755,1.755,1.755,0.0,2026-03-23 18:25:00
1774290600000,1.755,1.755,1.755,1.755,0.0,2026-03-23 18:30:00
1774290900000,1.755,1.755,1.755,1.755,0.0,2026-03-23 18:35:00
1774291200000,1.757,1.757,1.757,1.757,17.96,2026-03-23 18:40:00
1774291500000,1.757,1.757,1.757,1.757,0.0,2026-03-23 18:45:00
1774291800000,1.757,1.757,1.757,1.757,0.0,2026-03-23 18:50:00
1774292100000,1.757,1.757,1.757,1.757,0.0,2026-03-23 18:55:00
1774292400000,1.757,1.757,1.757,1.757,0.0,2026-03-23 19:00:00
1774292700000,1.757,1.757,1.757,1.757,0.0,2026-03-23 19:05:00
1774293000000,1.757,1.757,1.757,1.757,0.0,2026-03-23 19:10:00
1774293300000,1.757,1.757,1.757,1.757,0.0,2026-03-23 19:15:00
1774293600000,1.757,1.757,1.757,1.757,0.0,2026-03-23 19:20:00
1774293900000,1.757,1.757,1.757,1.757,0.0,2026-03-23 19:25:00
1774294200000,1.778,1.778,1.778,1.778,2.8,2026-03-23 19:30:00
1774294500000,1.778,1.778,1.778,1.778,28.17,2026-03-23 19:35:00
1774294800000,1.778,1.778,1.778,1.778,0.0,2026-03-23 19:40:00
1774295100000,1.778,1.778,1.778,1.778,0.0,2026-03-23 19:45:00
1774295400000,1.778,1.778,1.778,1.778,0.0,2026-03-23 19:50:00
1774295700000,1.778,1.778,1.778,1.778,0.0,2026-03-23 19:55:00
1774296000000,1.778,1.778,1.778,1.778,0.0,2026-03-23 20:00:00
1774296300000,1.778,1.778,1.778,1.778,0.0,2026-03-23 20:05:00
1774296600000,1.757,1.757,1.757,1.757,22.52,2026-03-23 20:10:00
1774296900000,1.757,1.757,1.757,1.757,0.0,2026-03-23 20:15:00
1774297200000,1.757,1.757,1.757,1.757,0.0,2026-03-23 20:20:00
1774297500000,1.778,1.778,1.778,1.778,2.24,2026-03-23 20:25:00
1774297800000,1.778,1.778,1.778,1.778,0.0,2026-03-23 20:30:00
1774298100000,1.778,1.778,1.778,1.778,0.0,2026-03-23 20:35:00
1774298400000,1.778,1.778,1.778,1.778,0.0,2026-03-23 20:40:00
1774298700000,1.778,1.778,1.778,1.778,0.0,2026-03-23 20:45:00
1774299000000,1.778,1.778,1.778,1.778,0.0,2026-03-23 20:50:00
1774299300000,1.778,1.778,1.778,1.778,0.0,2026-03-23 20:55:00
1774299600000,1.778,1.778,1.778,1.778,0.0,2026-03-23 21:00:00
1774299900000,1.778,1.778,1.778,1.778,0.0,2026-03-23 21:05:00
1774300200000,1.778,1.778,1.778,1.778,0.0,2026-03-23 21:10:00
1774300500000,1.778,1.778,1.778,1.778,0.0,2026-03-23 21:15:00
1774300800000,1.757,1.757,1.757,1.757,28.73,2026-03-23 21:20:00
1774301100000,1.757,1.757,1.757,1.757,0.0,2026-03-23 21:25:00
1774301400000,1.757,1.757,1.757,1.757,0.0,2026-03-23 21:30:00
1774301700000,1.757,1.757,1.757,1.757,0.0,2026-03-23 21:35:00
1774302000000,1.757,1.757,1.757,1.757,0.0,2026-03-23 21:40:00
1774302300000,1.757,1.757,1.757,1.757,0.0,2026-03-23 21:45:00
1774302600000,1.757,1.757,1.757,1.757,0.0,2026-03-23 21:50:00
1774302900000,1.757,1.757,1.757,1.757,0.0,2026-03-23 21:55:00
1774303200000,1.801,1.801,1.801,1.801,55.53,2026-03-23 22:00:00
1774303500000,1.801,1.801,1.801,1.801,0.0,2026-03-23 22:05:00
1774303800000,1.801,1.801,1.801,1.801,0.0,2026-03-23 22:10:00
1774304100000,1.801,1.801,1.801,1.801,0.0,2026-03-23 22:15:00
1774304400000,1.801,1.801,1.801,1.801,0.0,2026-03-23 22:20:00
1774304700000,1.801,1.801,1.801,1.801,0.0,2026-03-23 22:25:00
1774305000000,1.801,1.801,1.801,1.801,0.0,2026-03-23 22:30:00
1774305300000,1.757,1.757,1.757,1.757,11.19,2026-03-23 22:35:00
1774305600000,1.757,1.757,1.757,1.757,0.0,2026-03-23 22:40:00
1774305900000,1.757,1.757,1.757,1.757,0.0,2026-03-23 22:45:00
1774306200000,1.757,1.757,1.757,1.757,0.0,2026-03-23 22:50:00
1774306500000,1.757,1.757,1.757,1.757,0.0,2026-03-23 22:55:00
1774306800000,1.791,1.791,1.791,1.791,6.99,2026-03-23 23:00:00
1774307100000,1.791,1.791,1.791,1.791,0.0,2026-03-23 23:05:00
1774307400000,1.791,1.791,1.791,1.791,0.0,2026-03-23 23:10:00
1774307700000,1.791,1.791,1.791,1.791,0.0,2026-03-23 23:15:00
1774308000000,1.791,1.791,1.791,1.791,0.0,2026-03-23 23:20:00
1774308300000,1.791,1.791,1.791,1.791,0.0,2026-03-23 23:25:00
1774308600000,1.791,1.791,1.791,1.791,0.0,2026-03-23 23:30:00
1774308900000,1.791,1.791,1.791,1.791,73.14,2026-03-23 23:35:00
1774309200000,1.791,1.791,1.791,1.791,0.0,2026-03-23 23:40:00
1774309500000,1.786,1.786,1.786,1.786,33.55,2026-03-23 23:45:00
1774309800000,1.786,1.786,1.786,1.786,0.0,2026-03-23 23:50:00
1774310100000,1.786,1.786,1.786,1.786,0.0,2026-03-23 23:55:00
1774310400000,1.786,1.786,1.786,1.786,0.0,2026-03-24 00:00:00
1774310700000,1.786,1.786,1.786,1.786,0.0,2026-03-24 00:05:00
1774311000000,1.786,1.786,1.786,1.786,0.0,2026-03-24 00:10:00
1774311300000,1.757,1.798,1.757,1.798,46.88,2026-03-24 00:15:00
1774311600000,1.798,1.798,1.798,1.798,0.57,2026-03-24 00:20:00
1774311900000,1.798,1.798,1.796,1.796,1.86,2026-03-24 00:25:00
1774312200000,1.757,1.788,1.757,1.788,1.63,2026-03-24 00:30:00
1774312500000,1.795,1.795,1.795,1.795,0.64,2026-03-24 00:35:00
1774312800000,1.795,1.795,1.795,1.795,0.0,2026-03-24 00:40:00
1774313100000,1.798,1.798,1.798,1.798,0.61,2026-03-24 00:45:00
1774313400000,1.798,1.798,1.798,1.798,0.0,2026-03-24 00:50:00
1774313700000,1.798,1.798,1.798,1.798,0.0,2026-03-24 00:55:00
1774314000000,1.798,1.798,1.798,1.798,2.77,2026-03-24 01:00:00
1774314300000,1.798,1.798,1.798,1.798,0.0,2026-03-24 01:05:00
1774314600000,1.798,1.798,1.798,1.798,0.0,2026-03-24 01:10:00
1774314900000,1.798,1.798,1.798,1.798,0.0,2026-03-24 01:15:00
1774315200000,1.798,1.798,1.798,1.798,0.0,2026-03-24 01:20:00
1774315500000,1.798,1.798,1.798,1.798,0.0,2026-03-24 01:25:00
1774315800000,1.798,1.798,1.798,1.798,0.0,2026-03-24 01:30:00
1774316100000,1.798,1.798,1.798,1.798,0.0,2026-03-24 01:35:00
1774316400000,1.798,1.798,1.798,1.798,0.0,2026-03-24 01:40:00
1774316700000,1.798,1.798,1.798,1.798,0.0,2026-03-24 01:45:00
1774317000000,1.798,1.798,1.798,1.798,0.0,2026-03-24 01:50:00
1774317300000,1.798,1.798,1.798,1.798,0.0,2026-03-24 01:55:00
1774317600000,1.798,1.798,1.798,1.798,0.0,2026-03-24 02:00:00
1774317900000,1.798,1.798,1.798,1.798,0.0,2026-03-24 02:05:00
1774318200000,1.798,1.798,1.798,1.798,0.0,2026-03-24 02:10:00
1774318500000,1.798,1.798,1.798,1.798,0.0,2026-03-24 02:15:00
1774318800000,1.798,1.798,1.798,1.798,0.0,2026-03-24 02:20:00
1774319100000,1.798,1.798,1.798,1.798,0.0,2026-03-24 02:25:00
1774319400000,1.798,1.798,1.798,1.798,0.0,2026-03-24 02:30:00
1774319700000,1.798,1.798,1.798,1.798,0.0,2026-03-24 02:35:00
1774320000000,1.798,1.798,1.798,1.798,0.0,2026-03-24 02:40:00
1774320300000,1.798,1.798,1.798,1.798,0.0,2026-03-24 02:45:00
1774320600000,1.798,1.798,1.798,1.798,0.0,2026-03-24 02:50:00
1774320900000,1.798,1.798,1.798,1.798,0.0,2026-03-24 02:55:00
1774321200000,1.798,1.798,1.798,1.798,0.0,2026-03-24 03:00:00
1774321500000,1.798,1.798,1.798,1.798,0.0,2026-03-24 03:05:00
1774321800000,1.798,1.798,1.798,1.798,0.0,2026-03-24 03:10:00
1774322100000,1.798,1.798,1.798,1.798,0.0,2026-03-24 03:15:00
1774322400000,1.798,1.798,1.798,1.798,0.0,2026-03-24 03:20:00
1774322700000,1.798,1.798,1.798,1.798,0.0,2026-03-24 03:25:00
1774323000000,1.798,1.798,1.798,1.798,0.0,2026-03-24 03:30:00
1774323300000,1.798,1.798,1.798,1.798,0.0,2026-03-24 03:35:00
1774323600000,1.798,1.798,1.798,1.798,0.0,2026-03-24 03:40:00
1774323900000,1.757,1.757,1.757,1.757,9.8,2026-03-24 03:45:00
1774324200000,1.757,1.757,1.757,1.757,0.0,2026-03-24 03:50:00
1774324500000,1.757,1.757,1.757,1.757,0.0,2026-03-24 03:55:00
1774324800000,1.757,1.757,1.757,1.757,0.0,2026-03-24 04:00:00
1774325100000,1.757,1.757,1.757,1.757,0.0,2026-03-24 04:05:00
1774325400000,1.757,1.757,1.757,1.757,0.0,2026-03-24 04:10:00
1774325700000,1.757,1.757,1.757,1.757,0.0,2026-03-24 04:15:00
1774326000000,1.757,1.757,1.757,1.757,0.0,2026-03-24 04:20:00
1774326300000,1.757,1.757,1.757,1.757,0.0,2026-03-24 04:25:00
1774326600000,1.757,1.757,1.757,1.757,0.0,2026-03-24 04:30:00
1774326900000,1.757,1.757,1.757,1.757,0.0,2026-03-24 04:35:00
1774327200000,1.757,1.757,1.757,1.757,0.0,2026-03-24 04:40:00
1774327500000,1.757,1.757,1.757,1.757,0.0,2026-03-24 04:45:00
1774327800000,1.757,1.757,1.757,1.757,0.0,2026-03-24 04:50:00
1774328100000,1.757,1.757,1.757,1.757,0.0,2026-03-24 04:55:00
1774328400000,1.757,1.757,1.757,1.757,0.0,2026-03-24 05:00:00
1774328700000,1.757,1.757,1.757,1.757,0.0,2026-03-24 05:05:00
1774329000000,1.757,1.757,1.757,1.757,0.0,2026-03-24 05:10:00
1774329300000,1.757,1.757,1.757,1.757,0.0,2026-03-24 05:15:00
1774329600000,1.757,1.757,1.757,1.757,0.0,2026-03-24 05:20:00
1774329900000,1.757,1.757,1.757,1.757,0.0,2026-03-24 05:25:00
1774330200000,1.757,1.757,1.757,1.757,0.0,2026-03-24 05:30:00
1774330500000,1.757,1.757,1.757,1.757,0.0,2026-03-24 05:35:00
1774330800000,1.757,1.757,1.757,1.757,0.0,2026-03-24 05:40:00
1774331100000,1.757,1.757,1.757,1.757,0.0,2026-03-24 05:45:00
1774331400000,1.757,1.757,1.757,1.757,0.0,2026-03-24 05:50:00
1774331700000,1.757,1.757,1.757,1.757,0.0,2026-03-24 05:55:00
1774332000000,1.757,1.757,1.757,1.757,0.0,2026-03-24 06:00:00
1774332300000,1.757,1.757,1.757,1.757,0.0,2026-03-24 06:05:00
1774332600000,1.757,1.757,1.757,1.757,0.0,2026-03-24 06:10:00
1774332900000,1.757,1.757,1.757,1.757,0.0,2026-03-24 06:15:00
1774333200000,1.757,1.757,1.757,1.757,0.0,2026-03-24 06:20:00
1774333500000,1.757,1.757,1.757,1.757,0.0,2026-03-24 06:25:00
1774333800000,1.757,1.757,1.757,1.757,0.0,2026-03-24 06:30:00
1774334100000,1.757,1.757,1.757,1.757,0.0,2026-03-24 06:35:00
1774334400000,1.757,1.757,1.757,1.757,0.0,2026-03-24 06:40:00
1774334700000,1.757,1.757,1.757,1.757,0.0,2026-03-24 06:45:00
1774335000000,1.757,1.757,1.757,1.757,0.0,2026-03-24 06:50:00
1774335300000,1.757,1.757,1.757,1.757,0.0,2026-03-24 06:55:00
1774335600000,1.796,1.796,1.796,1.796,2.77,2026-03-24 07:00:00
1774335900000,1.796,1.796,1.796,1.796,0.0,2026-03-24 07:05:00
1774336200000,1.796,1.796,1.796,1.796,0.0,2026-03-24 07:10:00
1774336500000,1.796,1.796,1.796,1.796,0.0,2026-03-24 07:15:00
1774336800000,1.796,1.796,1.796,1.796,0.0,2026-03-24 07:20:00
1774337100000,1.796,1.796,1.796,1.796,0.0,2026-03-24 07:25:00
1774337400000,1.796,1.796,1.796,1.796,0.0,2026-03-24 07:30:00
1774337700000,1.796,1.796,1.796,1.796,0.0,2026-03-24 07:35:00
1774338000000,1.796,1.796,1.796,1.796,0.0,2026-03-24 07:40:00
1774338300000,1.796,1.796,1.796,1.796,0.0,2026-03-24 07:45:00
1774338600000,1.796,1.796,1.796,1.796,0.0,2026-03-24 07:50:00
1774338900000,1.796,1.796,1.796,1.796,0.0,2026-03-24 07:55:00
1774339200000,1.796,1.796,1.796,1.796,0.0,2026-03-24 08:00:00
1774339500000,1.796,1.796,1.796,1.796,0.0,2026-03-24 08:05:00
1774339800000,1.796,1.796,1.796,1.796,0.0,2026-03-24 08:10:00
1774340100000,1.796,1.796,1.796,1.796,0.0,2026-03-24 08:15:00
1774340400000,1.796,1.796,1.796,1.796,0.0,2026-03-24 08:20:00
1774340700000,1.796,1.796,1.796,1.796,0.0,2026-03-24 08:25:00
1774341000000,1.796,1.796,1.796,1.796,0.0,2026-03-24 08:30:00
1774341300000,1.796,1.796,1.796,1.796,0.0,2026-03-24 08:35:00
1774341600000,1.796,1.796,1.796,1.796,0.0,2026-03-24 08:40:00
1774341900000,1.798,1.798,1.798,1.798,1.11,2026-03-24 08:45:00
1774342200000,1.798,1.798,1.798,1.798,0.0,2026-03-24 08:50:00
1774342500000,1.798,1.798,1.798,1.798,0.0,2026-03-24 08:55:00
1774342800000,1.798,1.798,1.798,1.798,1.66,2026-03-24 09:00:00
1774343100000,1.798,1.798,1.798,1.798,0.0,2026-03-24 09:05:00
1774343400000,1.798,1.798,1.798,1.798,0.0,2026-03-24 09:10:00
1774343700000,1.798,1.798,1.798,1.798,0.0,2026-03-24 09:15:00
1774344000000,1.798,1.798,1.798,1.798,0.0,2026-03-24 09:20:00
1774344300000,1.798,1.798,1.798,1.798,0.0,2026-03-24 09:25:00
1774344600000,1.798,1.798,1.798,1.798,0.0,2026-03-24 09:30:00
1774344900000,1.798,1.798,1.798,1.798,0.0,2026-03-24 09:35:00
1774345200000,1.798,1.798,1.798,1.798,0.0,2026-03-24 09:40:00
1774345500000,1.798,1.798,1.798,1.798,0.0,2026-03-24 09:45:00
1774345800000,1.798,1.798,1.798,1.798,0.0,2026-03-24 09:50:00
1774346100000,1.798,1.798,1.798,1.798,0.0,2026-03-24 09:55:00
1774346400000,1.798,1.798,1.798,1.798,0.0,2026-03-24 10:00:00
1774346700000,1.793,1.793,1.757,1.757,8.13,2026-03-24 10:05:00
1774347000000,1.757,1.757,1.757,1.757,0.0,2026-03-24 10:10:00
1774347300000,1.757,1.757,1.757,1.757,0.0,2026-03-24 10:15:00
1774347600000,1.757,1.757,1.757,1.757,0.95,2026-03-24 10:20:00
1774347900000,1.757,1.757,1.757,1.757,0.0,2026-03-24 10:25:00
1774348200000,1.757,1.757,1.757,1.757,0.0,2026-03-24 10:30:00
1774348500000,1.757,1.757,1.757,1.757,0.0,2026-03-24 10:35:00
1774348800000,1.757,1.757,1.757,1.757,0.0,2026-03-24 10:40:00
1774349100000,1.757,1.757,1.757,1.757,0.0,2026-03-24 10:45:00
1774349400000,1.757,1.757,1.757,1.757,0.0,2026-03-24 10:50:00
1774349700000,1.757,1.757,1.757,1.757,0.0,2026-03-24 10:55:00
1774350000000,1.757,1.757,1.757,1.757,0.0,2026-03-24 11:00:00
1774350300000,1.757,1.757,1.757,1.757,0.0,2026-03-24 11:05:00
1774350600000,1.757,1.757,1.757,1.757,0.0,2026-03-24 11:10:00
1774350900000,1.757,1.757,1.757,1.757,0.0,2026-03-24 11:15:00
1774351200000,1.757,1.757,1.757,1.757,0.0,2026-03-24 11:20:00
1774351500000,1.757,1.757,1.757,1.757,0.0,2026-03-24 11:25:00
1774351800000,1.757,1.757,1.757,1.757,0.0,2026-03-24 11:30:00
1774352100000,1.757,1.757,1.757,1.757,12.4,2026-03-24 11:35:00
1774352400000,1.757,1.757,1.757,1.757,0.0,2026-03-24 11:40:00
1774352700000,1.79,1.802,1.79,1.802,16.43,2026-03-24 11:45:00
1774353000000,1.802,1.802,1.802,1.802,0.0,2026-03-24 11:50:00
1774353300000,1.802,1.802,1.802,1.802,0.0,2026-03-24 11:55:00
1774353600000,1.802,1.802,1.802,1.802,0.0,2026-03-24 12:00:00
1774353900000,1.802,1.802,1.802,1.802,0.0,2026-03-24 12:05:00
1774354200000,1.777,1.777,1.777,1.777,50.0,2026-03-24 12:10:00
1774354500000,1.777,1.777,1.777,1.777,0.0,2026-03-24 12:15:00
1774354800000,1.777,1.777,1.777,1.777,0.0,2026-03-24 12:20:00
1774355100000,1.777,1.777,1.777,1.777,0.0,2026-03-24 12:25:00
1774355400000,1.777,1.777,1.777,1.777,0.0,2026-03-24 12:30:00
1774355700000,1.777,1.777,1.777,1.777,0.0,2026-03-24 12:35:00
1774356000000,1.777,1.777,1.777,1.777,0.0,2026-03-24 12:40:00
1774356300000,1.777,1.777,1.777,1.777,0.0,2026-03-24 12:45:00
1774356600000,1.777,1.777,1.777,1.777,0.0,2026-03-24 12:50:00
1774356900000,1.777,1.777,1.777,1.777,0.0,2026-03-24 12:55:00
1774357200000,1.777,1.777,1.777,1.777,0.0,2026-03-24 13:00:00
1774357500000,1.777,1.777,1.777,1.777,1368.59,2026-03-24 13:05:00
1774357800000,1.777,1.777,1.777,1.777,0.0,2026-03-24 13:10:00
1774358100000,1.777,1.777,1.777,1.777,0.0,2026-03-24 13:15:00
1774358400000,1.801,1.801,1.801,1.801,44.2,2026-03-24 13:20:00
1774358700000,1.777,1.777,1.777,1.777,45.11,2026-03-24 13:25:00
1774359000000,1.777,1.777,1.777,1.777,0.0,2026-03-24 13:30:00
1774359300000,1.777,1.777,1.777,1.777,0.0,2026-03-24 13:35:00
1774359600000,1.777,1.777,1.777,1.777,0.0,2026-03-24 13:40:00
1774359900000,1.777,1.777,1.777,1.777,0.0,2026-03-24 13:45:00
1774360200000,1.777,1.777,1.777,1.777,0.0,2026-03-24 13:50:00
1774360500000,1.777,1.777,1.777,1.777,0.0,2026-03-24 13:55:00
1774360800000,1.777,1.777,1.777,1.777,0.0,2026-03-24 14:00:00
1774361100000,1.777,1.777,1.777,1.777,0.0,2026-03-24 14:05:00
1774361400000,1.777,1.777,1.777,1.777,2323.05,2026-03-24 14:10:00
1774361700000,1.777,1.777,1.777,1.777,0.0,2026-03-24 14:15:00
1774362000000,1.777,1.777,1.777,1.777,109.78,2026-03-24 14:20:00
1774362300000,1.777,1.777,1.777,1.777,0.0,2026-03-24 14:25:00
1774362600000,1.777,1.777,1.777,1.777,0.0,2026-03-24 14:30:00
1774362900000,1.777,1.777,1.777,1.777,55.75,2026-03-24 14:35:00
1774363200000,1.777,1.777,1.777,1.777,40.2,2026-03-24 14:40:00
1774363500000,1.777,1.777,1.777,1.777,0.0,2026-03-24 14:45:00
1774363800000,1.777,1.777,1.777,1.777,0.0,2026-03-24 14:50:00
1774364100000,1.777,1.777,1.777,1.777,0.0,2026-03-24 14:55:00
1774364400000,1.777,1.777,1.777,1.777,0.0,2026-03-24 15:00:00
1774364700000,1.777,1.777,1.777,1.777,0.0,2026-03-24 15:05:00
1774365000000,1.777,1.777,1.777,1.777,0.0,2026-03-24 15:10:00
1774365300000,1.777,1.777,1.777,1.777,0.0,2026-03-24 15:15:00
1774365600000,1.777,1.777,1.777,1.777,0.0,2026-03-24 15:20:00
1774365900000,1.777,1.777,1.777,1.777,0.0,2026-03-24 15:25:00
1774366200000,1.777,1.777,1.777,1.777,0.0,2026-03-24 15:30:00
1774366500000,1.777,1.777,1.777,1.777,0.0,2026-03-24 15:35:00
1774366800000,1.777,1.777,1.777,1.777,0.0,2026-03-24 15:40:00
1774367100000,1.777,1.777,1.777,1.777,0.0,2026-03-24 15:45:00
1774367400000,1.777,1.777,1.777,1.777,0.0,2026-03-24 15:50:00
1774367700000,1.777,1.777,1.777,1.777,0.0,2026-03-24 15:55:00
1774368000000,1.777,1.777,1.777,1.777,0.0,2026-03-24 16:00:00
1774368300000,1.777,1.777,1.777,1.777,0.0,2026-03-24 16:05:00
1774368600000,1.777,1.777,1.777,1.777,0.0,2026-03-24 16:10:00
1774368900000,1.777,1.777,1.777,1.777,0.0,2026-03-24 16:15:00
1774369200000,1.788,1.788,1.788,1.788,1.4,2026-03-24 16:20:00
1774369500000,1.786,1.786,1.786,1.786,1.67,2026-03-24 16:25:00
1774369800000,1.786,1.786,1.786,1.786,0.0,2026-03-24 16:30:00
1774370100000,1.786,1.786,1.786,1.786,0.0,2026-03-24 16:35:00
1774370400000,1.786,1.786,1.786,1.786,0.0,2026-03-24 16:40:00
1774370700000,1.755,1.755,1.755,1.755,14.26,2026-03-24 16:45:00
1774371000000,1.755,1.755,1.755,1.755,11.43,2026-03-24 16:50:00
1774371300000,1.786,1.786,1.786,1.786,55.88,2026-03-24 16:55:00
1774371600000,1.786,1.786,1.786,1.786,0.0,2026-03-24 17:00:00
1774371900000,1.786,1.786,1.786,1.786,0.0,2026-03-24 17:05:00
1774372200000,1.786,1.786,1.786,1.786,0.0,2026-03-24 17:10:00
1774372500000,1.786,1.786,1.786,1.786,0.0,2026-03-24 17:15:00
1774372800000,1.786,1.786,1.786,1.786,0.0,2026-03-24 17:20:00
1774373100000,1.786,1.786,1.786,1.786,0.0,2026-03-24 17:25:00
1774373400000,1.786,1.786,1.786,1.786,0.0,2026-03-24 17:30:00
1774373700000,1.786,1.786,1.786,1.786,0.0,2026-03-24 17:35:00
1774374000000,1.786,1.786,1.786,1.786,226.02,2026-03-24 17:40:00
1774374300000,1.786,1.786,1.786,1.786,0.0,2026-03-24 17:45:00
1774374600000,1.786,1.786,1.786,1.786,0.0,2026-03-24 17:50:00
1774374900000,1.784,1.784,1.784,1.784,7.01,2026-03-24 17:55:00
1774375200000,1.784,1.784,1.784,1.784,0.0,2026-03-24 18:00:00
1774375500000,1.784,1.784,1.784,1.784,0.0,2026-03-24 18:05:00
1774375800000,1.784,1.784,1.784,1.784,0.0,2026-03-24 18:10:00
1774376100000,1.784,1.784,1.784,1.784,0.0,2026-03-24 18:15:00
1774376400000,1.784,1.784,1.784,1.784,0.0,2026-03-24 18:20:00
1774376700000,1.784,1.784,1.784,1.784,0.0,2026-03-24 18:25:00
1774377000000,1.784,1.784,1.784,1.784,0.0,2026-03-24 18:30:00
1774377300000,1.749,1.749,1.749,1.749,6.96,2026-03-24 18:35:00
1774377600000,1.749,1.749,1.749,1.749,0.0,2026-03-24 18:40:00
1774377900000,1.749,1.749,1.749,1.749,0.0,2026-03-24 18:45:00
1774378200000,1.749,1.749,1.749,1.749,0.0,2026-03-24 18:50:00
1774378500000,1.749,1.749,1.749,1.749,0.0,2026-03-24 18:55:00
1774378800000,1.749,1.749,1.749,1.749,0.0,2026-03-24 19:00:00
1774379100000,1.749,1.749,1.749,1.749,0.0,2026-03-24 19:05:00
1774379400000,1.749,1.749,1.749,1.749,0.0,2026-03-24 19:10:00
1774379700000,1.749,1.749,1.749,1.749,0.0,2026-03-24 19:15:00
1774380000000,1.749,1.749,1.749,1.749,0.0,2026-03-24 19:20:00
1774380300000,1.749,1.749,1.749,1.749,0.0,2026-03-24 19:25:00
1774380600000,1.749,1.749,1.749,1.749,0.0,2026-03-24 19:30:00
1774380900000,1.749,1.749,1.749,1.749,0.0,2026-03-24 19:35:00
1774381200000,1.749,1.749,1.749,1.749,0.0,2026-03-24 19:40:00
1774381500000,1.749,1.749,1.749,1.749,0.0,2026-03-24 19:45:00
1774381800000,1.749,1.749,1.749,1.749,0.0,2026-03-24 19:50:00
1774382100000,1.749,1.749,1.749,1.749,0.0,2026-03-24 19:55:00
1774382400000,1.749,1.749,1.749,1.749,0.0,2026-03-24 20:00:00
1774382700000,1.749,1.749,1.749,1.749,0.0,2026-03-24 20:05:00
1774383000000,1.749,1.749,1.749,1.749,0.0,2026-03-24 20:10:00
1774383300000,1.749,1.749,1.749,1.749,0.0,2026-03-24 20:15:00
1774383600000,1.749,1.749,1.749,1.749,0.0,2026-03-24 20:20:00
1774383900000,1.749,1.749,1.749,1.749,0.0,2026-03-24 20:25:00
1774384200000,1.749,1.749,1.749,1.749,0.0,2026-03-24 20:30:00
1774384500000,1.749,1.749,1.749,1.749,0.0,2026-03-24 20:35:00
1774384800000,1.749,1.749,1.749,1.749,0.0,2026-03-24 20:40:00
1774385100000,1.749,1.749,1.749,1.749,0.0,2026-03-24 20:45:00
1774385400000,1.749,1.749,1.749,1.749,0.0,2026-03-24 20:50:00
1774385700000,1.749,1.749,1.749,1.749,0.0,2026-03-24 20:55:00
1774386000000,1.749,1.749,1.749,1.749,0.0,2026-03-24 21:00:00
1774386300000,1.749,1.749,1.749,1.749,0.0,2026-03-24 21:05:00
1774386600000,1.749,1.749,1.749,1.749,0.0,2026-03-24 21:10:00
1774386900000,1.749,1.749,1.749,1.749,0.0,2026-03-24 21:15:00
1774387200000,1.749,1.749,1.749,1.749,0.0,2026-03-24 21:20:00
1774387500000,1.749,1.749,1.749,1.749,0.0,2026-03-24 21:25:00
1774387800000,1.749,1.749,1.749,1.749,0.0,2026-03-24 21:30:00
1774388100000,1.749,1.749,1.749,1.749,0.0,2026-03-24 21:35:00
1774388400000,1.749,1.749,1.749,1.749,0.0,2026-03-24 21:40:00
1774388700000,1.749,1.749,1.749,1.749,0.0,2026-03-24 21:45:00
1774389000000,1.749,1.749,1.749,1.749,0.0,2026-03-24 21:50:00
1774389300000,1.749,1.749,1.749,1.749,0.0,2026-03-24 21:55:00
1774389600000,1.749,1.749,1.749,1.749,0.0,2026-03-24 22:00:00
1774389900000,1.749,1.749,1.749,1.749,0.0,2026-03-24 22:05:00
1774390200000,1.749,1.749,1.749,1.749,0.0,2026-03-24 22:10:00
1774390500000,1.749,1.749,1.749,1.749,0.0,2026-03-24 22:15:00
1774390800000,1.749,1.749,1.749,1.749,0.0,2026-03-24 22:20:00
1774391100000,1.749,1.749,1.749,1.749,0.0,2026-03-24 22:25:00
1774391400000,1.749,1.749,1.749,1.749,0.0,2026-03-24 22:30:00
1774391700000,1.749,1.749,1.749,1.749,0.0,2026-03-24 22:35:00
1774392000000,1.749,1.749,1.749,1.749,0.0,2026-03-24 22:40:00
1774392300000,1.749,1.749,1.749,1.749,0.0,2026-03-24 22:45:00
1774392600000,1.749,1.749,1.749,1.749,0.0,2026-03-24 22:50:00
1774392900000,1.749,1.749,1.749,1.749,0.0,2026-03-24 22:55:00
1774393200000,1.749,1.749,1.749,1.749,0.0,2026-03-24 23:00:00
1774393500000,1.749,1.749,1.749,1.749,0.0,2026-03-24 23:05:00
1774393800000,1.749,1.749,1.749,1.749,0.0,2026-03-24 23:10:00
1774394100000,1.749,1.749,1.749,1.749,0.0,2026-03-24 23:15:00
1774394400000,1.749,1.749,1.749,1.749,0.0,2026-03-24 23:20:00
1774394700000,1.799,1.799,1.799,1.799,138.71,2026-03-24 23:25:00
1774395000000,1.799,1.799,1.799,1.799,0.0,2026-03-24 23:30:00
1774395300000,1.799,1.799,1.799,1.799,0.0,2026-03-24 23:35:00
1774395600000,1.799,1.799,1.799,1.799,0.0,2026-03-24 23:40:00
1774395900000,1.799,1.799,1.799,1.799,0.0,2026-03-24 23:45:00
1774396200000,1.799,1.799,1.799,1.799,0.0,2026-03-24 23:50:00
1774396500000,1.799,1.799,1.799,1.799,0.0,2026-03-24 23:55:00
1774396800000,1.799,1.799,1.799,1.799,0.0,2026-03-25 00:00:00
1774397100000,1.799,1.799,1.799,1.799,0.0,2026-03-25 00:05:00
1774397400000,1.799,1.799,1.799,1.799,4.41,2026-03-25 00:10:00
1774397700000,1.799,1.799,1.798,1.799,9.01,2026-03-25 00:15:00
1774398000000,1.799,1.799,1.799,1.799,7.61,2026-03-25 00:20:00
1774398300000,1.798,1.799,1.797,1.798,36.26,2026-03-25 00:25:00
1774398600000,1.799,1.799,1.797,1.799,18.48,2026-03-25 00:30:00
1774398900000,1.798,1.799,1.798,1.799,3.53,2026-03-25 00:35:00
1774399200000,1.8,1.8,1.799,1.799,3.75,2026-03-25 00:40:00
1774399500000,1.8,1.8,1.8,1.8,1.36,2026-03-25 00:45:00
1774399800000,1.8,1.8,1.8,1.8,0.0,2026-03-25 00:50:00
1774400100000,1.8,1.8,1.8,1.8,0.0,2026-03-25 00:55:00
1774400400000,1.799,1.799,1.799,1.799,5.54,2026-03-25 01:00:00
1774400700000,1.799,1.799,1.799,1.799,169.27,2026-03-25 01:05:00
1774401000000,1.799,1.799,1.799,1.799,0.0,2026-03-25 01:10:00
1774401300000,1.799,1.799,1.799,1.799,0.0,2026-03-25 01:15:00
1774401600000,1.799,1.799,1.799,1.799,0.0,2026-03-25 01:20:00
1774401900000,1.799,1.799,1.799,1.799,0.0,2026-03-25 01:25:00
1774402200000,1.799,1.799,1.799,1.799,0.0,2026-03-25 01:30:00
1774402500000,1.799,1.799,1.799,1.799,0.0,2026-03-25 01:35:00
1774402800000,1.799,1.799,1.799,1.799,0.0,2026-03-25 01:40:00
1774403100000,1.799,1.799,1.799,1.799,0.0,2026-03-25 01:45:00
1774403400000,1.799,1.799,1.799,1.799,0.0,2026-03-25 01:50:00
1774403700000,1.799,1.799,1.799,1.799,0.0,2026-03-25 01:55:00
1774404000000,1.799,1.799,1.799,1.799,0.0,2026-03-25 02:00:00
1774404300000,1.799,1.799,1.799,1.799,0.0,2026-03-25 02:05:00
1774404600000,1.799,1.799,1.799,1.799,0.0,2026-03-25 02:10:00
1774404900000,1.799,1.799,1.799,1.799,0.0,2026-03-25 02:15:00
1774405200000,1.799,1.799,1.799,1.799,0.0,2026-03-25 02:20:00
1774405500000,1.799,1.799,1.799,1.799,0.0,2026-03-25 02:25:00
1774405800000,1.799,1.799,1.799,1.799,0.0,2026-03-25 02:30:00
1774406100000,1.799,1.799,1.799,1.799,0.0,2026-03-25 02:35:00
1774406400000,1.799,1.799,1.799,1.799,0.0,2026-03-25 02:40:00
1774406700000,1.799,1.799,1.799,1.799,0.0,2026-03-25 02:45:00
1774407000000,1.763,1.763,1.763,1.763,262.4,2026-03-25 02:50:00
1774407300000,1.763,1.763,1.763,1.763,0.0,2026-03-25 02:55:00
1774407600000,1.763,1.763,1.763,1.763,0.0,2026-03-25 03:00:00
1774407900000,1.763,1.763,1.763,1.763,0.0,2026-03-25 03:05:00
1774408200000,1.763,1.763,1.763,1.763,0.0,2026-03-25 03:10:00
1774408500000,1.763,1.763,1.763,1.763,0.0,2026-03-25 03:15:00
1774408800000,1.763,1.763,1.763,1.763,0.0,2026-03-25 03:20:00
1774409100000,1.799,1.799,1.799,1.799,278.15,2026-03-25 03:25:00
1774409400000,1.799,1.799,1.799,1.799,0.0,2026-03-25 03:30:00
1774409700000,1.799,1.799,1.799,1.799,0.0,2026-03-25 03:35:00
1774410000000,1.799,1.799,1.799,1.799,0.0,2026-03-25 03:40:00
1774410300000,1.799,1.799,1.799,1.799,0.0,2026-03-25 03:45:00
1774410600000,1.799,1.799,1.799,1.799,0.0,2026-03-25 03:50:00
1774410900000,1.799,1.799,1.799,1.799,0.0,2026-03-25 03:55:00
1774411200000,1.799,1.799,1.799,1.799,0.0,2026-03-25 04:00:00
1774411500000,1.799,1.799,1.799,1.799,0.0,2026-03-25 04:05:00
1774411800000,1.799,1.799,1.799,1.799,0.0,2026-03-25 04:10:00
1774412100000,1.799,1.799,1.799,1.799,0.0,2026-03-25 04:15:00
1774412400000,1.799,1.799,1.799,1.799,0.0,2026-03-25 04:20:00
1774412700000,1.799,1.799,1.799,1.799,0.0,2026-03-25 04:25:00
1774413000000,1.799,1.799,1.799,1.799,0.0,2026-03-25 04:30:00
1774413300000,1.799,1.799,1.799,1.799,0.0,2026-03-25 04:35:00
1774413600000,1.799,1.799,1.799,1.799,0.0,2026-03-25 04:40:00
1774413900000,1.8,1.8,1.8,1.8,1.25,2026-03-25 04:45:00
1774414200000,1.8,1.8,1.8,1.8,0.0,2026-03-25 04:50:00
1774414500000,1.8,1.8,1.8,1.8,0.0,2026-03-25 04:55:00
1774414800000,1.8,1.8,1.8,1.8,0.0,2026-03-25 05:00:00
1774415100000,1.803,1.803,1.803,1.803,4.96,2026-03-25 05:05:00
1774415400000,1.803,1.803,1.803,1.803,0.0,2026-03-25 05:10:00
1774415700000,1.803,1.803,1.803,1.803,0.0,2026-03-25 05:15:00
1774416000000,1.803,1.803,1.803,1.803,0.0,2026-03-25 05:20:00
1774416300000,1.803,1.803,1.803,1.803,0.0,2026-03-25 05:25:00
1774416600000,1.803,1.803,1.803,1.803,0.0,2026-03-25 05:30:00
1774416900000,1.803,1.803,1.803,1.803,0.0,2026-03-25 05:35:00
1774417200000,1.803,1.803,1.803,1.803,0.0,2026-03-25 05:40:00
1774417500000,1.803,1.803,1.803,1.803,0.0,2026-03-25 05:45:00
1774417800000,1.803,1.803,1.803,1.803,0.0,2026-03-25 05:50:00
1774418100000,1.803,1.803,1.803,1.803,0.0,2026-03-25 05:55:00
1774418400000,1.803,1.803,1.803,1.803,0.0,2026-03-25 06:00:00
1774418700000,1.803,1.803,1.803,1.803,0.0,2026-03-25 06:05:00
1774419000000,1.803,1.803,1.803,1.803,0.0,2026-03-25 06:10:00
1774419300000,1.803,1.803,1.803,1.803,0.0,2026-03-25 06:15:00
1774419600000,1.803,1.803,1.803,1.803,0.0,2026-03-25 06:20:00
1774419900000,1.803,1.803,1.803,1.803,0.0,2026-03-25 06:25:00
1774420200000,1.803,1.803,1.803,1.803,0.0,2026-03-25 06:30:00
1774420500000,1.803,1.803,1.803,1.803,0.0,2026-03-25 06:35:00
1774420800000,1.803,1.803,1.803,1.803,0.0,2026-03-25 06:40:00
1774421100000,1.803,1.803,1.803,1.803,0.0,2026-03-25 06:45:00
1774421400000,1.803,1.803,1.803,1.803,0.0,2026-03-25 06:50:00
1774421700000,1.803,1.803,1.803,1.803,0.0,2026-03-25 06:55:00
1774422000000,1.807,1.807,1.807,1.807,2.76,2026-03-25 07:00:00
1774422300000,1.807,1.807,1.807,1.807,0.0,2026-03-25 07:05:00
1774422600000,1.807,1.807,1.807,1.807,0.0,2026-03-25 07:10:00
1774422900000,1.807,1.807,1.807,1.807,0.0,2026-03-25 07:15:00
1774423200000,1.807,1.807,1.807,1.807,0.0,2026-03-25 07:20:00
1774423500000,1.807,1.807,1.807,1.807,0.0,2026-03-25 07:25:00
1774423800000,1.807,1.807,1.807,1.807,0.0,2026-03-25 07:30:00
1774424100000,1.807,1.807,1.807,1.807,0.0,2026-03-25 07:35:00
1774424400000,1.807,1.807,1.807,1.807,0.0,2026-03-25 07:40:00
1774424700000,1.807,1.807,1.807,1.807,0.0,2026-03-25 07:45:00
1774425000000,1.807,1.807,1.807,1.807,0.0,2026-03-25 07:50:00
1774425300000,1.807,1.807,1.807,1.807,0.0,2026-03-25 07:55:00
1774425600000,1.807,1.807,1.807,1.807,0.0,2026-03-25 08:00:00
1774425900000,1.807,1.807,1.807,1.807,0.0,2026-03-25 08:05:00
1774426200000,1.807,1.807,1.807,1.807,0.0,2026-03-25 08:10:00
1774426500000,1.807,1.807,1.807,1.807,0.0,2026-03-25 08:15:00
1774426800000,1.807,1.807,1.807,1.807,0.0,2026-03-25 08:20:00
1774427100000,1.807,1.807,1.807,1.807,0.0,2026-03-25 08:25:00
1774427400000,1.807,1.807,1.807,1.807,0.0,2026-03-25 08:30:00
1774427700000,1.807,1.807,1.807,1.807,0.0,2026-03-25 08:35:00
1774428000000,1.807,1.807,1.807,1.807,0.0,2026-03-25 08:40:00
1774428300000,1.807,1.807,1.807,1.807,0.0,2026-03-25 08:45:00
1774428600000,1.807,1.807,1.807,1.807,0.0,2026-03-25 08:50:00
1774428900000,1.807,1.807,1.807,1.807,0.0,2026-03-25 08:55:00
1774429200000,1.807,1.807,1.807,1.807,1.66,2026-03-25 09:00:00
1774429500000,1.807,1.807,1.807,1.807,0.0,2026-03-25 09:05:00
1774429800000,1.807,1.807,1.807,1.807,0.0,2026-03-25 09:10:00
1774430100000,1.807,1.807,1.807,1.807,0.0,2026-03-25 09:15:00
1774430400000,1.807,1.807,1.807,1.807,0.0,2026-03-25 09:20:00
1774430700000,1.807,1.807,1.807,1.807,0.0,2026-03-25 09:25:00
1774431000000,1.807,1.807,1.807,1.807,0.0,2026-03-25 09:30:00
1774431300000,1.807,1.807,1.807,1.807,0.0,2026-03-25 09:35:00
1774431600000,1.807,1.807,1.807,1.807,0.0,2026-03-25 09:40:00
1774431900000,1.807,1.807,1.807,1.807,0.0,2026-03-25 09:45:00
1774432200000,1.807,1.807,1.807,1.807,0.0,2026-03-25 09:50:00
1774432500000,1.807,1.807,1.807,1.807,0.0,2026-03-25 09:55:00
1774432800000,1.807,1.807,1.807,1.807,0.0,2026-03-25 10:00:00
1774433100000,1.807,1.807,1.807,1.807,0.0,2026-03-25 10:05:00
1774433400000,1.807,1.807,1.807,1.807,0.0,2026-03-25 10:10:00
1774433700000,1.807,1.807,1.807,1.807,0.0,2026-03-25 10:15:00
1774434000000,1.807,1.807,1.807,1.807,0.0,2026-03-25 10:20:00
1774434300000,1.807,1.807,1.807,1.807,0.0,2026-03-25 10:25:00
1774434600000,1.807,1.807,1.807,1.807,0.0,2026-03-25 10:30:00
1774434900000,1.807,1.807,1.807,1.807,0.0,2026-03-25 10:35:00
1774435200000,1.807,1.807,1.807,1.807,0.0,2026-03-25 10:40:00
1774435500000,1.807,1.807,1.807,1.807,0.0,2026-03-25 10:45:00
1774435800000,1.807,1.807,1.807,1.807,0.0,2026-03-25 10:50:00
1774436100000,1.807,1.807,1.807,1.807,0.0,2026-03-25 10:55:00
1774436400000,1.808,1.808,1.808,1.808,10.6,2026-03-25 11:00:00
1774436700000,1.808,1.808,1.808,1.808,0.0,2026-03-25 11:05:00
1774437000000,1.808,1.808,1.808,1.808,0.0,2026-03-25 11:10:00
1774437300000,1.808,1.808,1.808,1.808,0.0,2026-03-25 11:15:00
1774437600000,1.808,1.808,1.808,1.808,0.0,2026-03-25 11:20:00
1774437900000,1.808,1.808,1.808,1.808,0.0,2026-03-25 11:25:00
1774438200000,1.808,1.808,1.808,1.808,0.0,2026-03-25 11:30:00
1774438500000,1.808,1.808,1.808,1.808,0.0,2026-03-25 11:35:00
1774438800000,1.808,1.808,1.808,1.808,0.0,2026-03-25 11:40:00
1774439100000,1.808,1.808,1.808,1.808,0.0,2026-03-25 11:45:00
1774439400000,1.808,1.808,1.808,1.808,0.0,2026-03-25 11:50:00
1774439700000,1.808,1.808,1.808,1.808,0.0,2026-03-25 11:55:00
1774440000000,1.808,1.808,1.808,1.808,0.0,2026-03-25 12:00:00
1774440300000,1.808,1.808,1.808,1.808,0.0,2026-03-25 12:05:00
1774440600000,1.808,1.808,1.808,1.808,0.0,2026-03-25 12:10:00
1774440900000,1.808,1.808,1.808,1.808,0.0,2026-03-25 12:15:00
1774441200000,1.808,1.808,1.808,1.808,0.0,2026-03-25 12:20:00
1774441500000,1.808,1.808,1.808,1.808,0.0,2026-03-25 12:25:00
1774441800000,1.808,1.808,1.808,1.808,13.71,2026-03-25 12:30:00
1774442100000,1.808,1.808,1.808,1.808,0.0,2026-03-25 12:35:00
1774442400000,1.808,1.808,1.808,1.808,0.0,2026-03-25 12:40:00
1774442700000,1.808,1.808,1.808,1.808,0.0,2026-03-25 12:45:00
1774443000000,1.808,1.808,1.808,1.808,0.0,2026-03-25 12:50:00
1774443300000,1.808,1.808,1.808,1.808,0.0,2026-03-25 12:55:00
1774443600000,1.808,1.808,1.808,1.808,0.0,2026-03-25 13:00:00
1774443900000,1.808,1.808,1.808,1.808,0.0,2026-03-25 13:05:00
1774444200000,1.808,1.808,1.808,1.808,0.0,2026-03-25 13:10:00
1774444500000,1.808,1.808,1.808,1.808,0.0,2026-03-25 13:15:00
1774444800000,1.777,1.777,1.777,1.777,0.77,2026-03-25 13:20:00
1774445100000,1.777,1.777,1.777,1.777,0.0,2026-03-25 13:25:00
1774445400000,1.777,1.777,1.777,1.777,0.0,2026-03-25 13:30:00
1774445700000,1.777,1.777,1.777,1.777,0.0,2026-03-25 13:35:00
1774446000000,1.777,1.777,1.777,1.777,0.0,2026-03-25 13:40:00
1774446300000,1.799,1.802,1.799,1.802,24.94,2026-03-25 13:45:00
1774446600000,1.802,1.802,1.802,1.802,0.0,2026-03-25 13:50:00
1774446900000,1.802,1.802,1.802,1.802,0.0,2026-03-25 13:55:00
1774447200000,1.802,1.802,1.802,1.802,0.0,2026-03-25 14:00:00
1774447500000,1.802,1.802,1.802,1.802,0.0,2026-03-25 14:05:00
1774447800000,1.802,1.802,1.802,1.802,0.0,2026-03-25 14:10:00
1774448100000,1.802,1.802,1.802,1.802,0.0,2026-03-25 14:15:00
1774448400000,1.802,1.802,1.802,1.802,0.0,2026-03-25 14:20:00
1774448700000,1.802,1.802,1.802,1.802,0.0,2026-03-25 14:25:00
1774449000000,1.802,1.802,1.802,1.802,0.0,2026-03-25 14:30:00
1774449300000,1.802,1.802,1.802,1.802,0.0,2026-03-25 14:35:00
1774449600000,1.761,1.761,1.761,1.761,8.55,2026-03-25 14:40:00
1774449900000,1.8,1.8,1.8,1.8,27.79,2026-03-25 14:45:00
1774450200000,1.8,1.8,1.8,1.8,0.0,2026-03-25 14:50:00
1774450500000,1.8,1.8,1.8,1.8,0.0,2026-03-25 14:55:00
1774450800000,1.8,1.8,1.8,1.8,0.0,2026-03-25 15:00:00
1774451100000,1.8,1.8,1.8,1.8,0.0,2026-03-25 15:05:00
1774451400000,1.8,1.8,1.8,1.8,0.0,2026-03-25 15:10:00
1774451700000,1.8,1.8,1.8,1.8,0.0,2026-03-25 15:15:00
1774452000000,1.8,1.8,1.8,1.8,0.0,2026-03-25 15:20:00
1774452300000,1.8,1.8,1.8,1.8,0.0,2026-03-25 15:25:00
1774452600000,1.8,1.8,1.8,1.8,0.0,2026-03-25 15:30:00
1774452900000,1.8,1.8,1.8,1.8,0.0,2026-03-25 15:35:00
1774453200000,1.759,1.759,1.759,1.759,70.0,2026-03-25 15:40:00
1774453500000,1.759,1.759,1.759,1.759,0.0,2026-03-25 15:45:00
1774453800000,1.759,1.759,1.759,1.759,0.0,2026-03-25 15:50:00
1774454100000,1.759,1.759,1.759,1.759,0.0,2026-03-25 15:55:00
1774454400000,1.759,1.759,1.759,1.759,0.0,2026-03-25 16:00:00
1774454700000,1.759,1.759,1.759,1.759,0.0,2026-03-25 16:05:00
1774455000000,1.759,1.759,1.759,1.759,0.0,2026-03-25 16:10:00
1774455300000,1.759,1.759,1.759,1.759,0.0,2026-03-25 16:15:00
1774455600000,1.759,1.759,1.759,1.759,192.24,2026-03-25 16:20:00
1774455900000,1.759,1.759,1.759,1.759,0.0,2026-03-25 16:25:00
1774456200000,1.759,1.759,1.759,1.759,0.0,2026-03-25 16:30:00
1774456500000,1.759,1.759,1.759,1.759,0.0,2026-03-25 16:35:00
1774456800000,1.759,1.759,1.759,1.759,0.0,2026-03-25 16:40:00
1774457100000,1.759,1.759,1.759,1.759,9.37,2026-03-25 16:45:00
1774457400000,1.759,1.759,1.759,1.759,0.0,2026-03-25 16:50:00
1774457700000,1.759,1.759,1.759,1.759,0.0,2026-03-25 16:55:00
1774458000000,1.759,1.759,1.759,1.759,0.0,2026-03-25 17:00:00
1774458300000,1.759,1.759,1.759,1.759,0.0,2026-03-25 17:05:00
1774458600000,1.759,1.759,1.759,1.759,0.0,2026-03-25 17:10:00
1774458900000,1.759,1.759,1.759,1.759,5.69,2026-03-25 17:15:00
1774459200000,1.759,1.759,1.759,1.759,9.53,2026-03-25 17:20:00
1774459500000,1.759,1.759,1.759,1.759,0.0,2026-03-25 17:25:00
1774459800000,1.759,1.759,1.759,1.759,0.0,2026-03-25 17:30:00
1774460100000,1.759,1.759,1.759,1.759,0.0,2026-03-25 17:35:00
1774460400000,1.759,1.759,1.759,1.759,0.0,2026-03-25 17:40:00
1774460700000,1.759,1.759,1.759,1.759,0.0,2026-03-25 17:45:00
1774461000000,1.759,1.759,1.759,1.759,0.0,2026-03-25 17:50:00
1774461300000,1.759,1.759,1.759,1.759,0.0,2026-03-25 17:55:00
1774461600000,1.759,1.759,1.759,1.759,0.0,2026-03-25 18:00:00
1774461900000,1.759,1.759,1.759,1.759,0.0,2026-03-25 18:05:00
1774462200000,1.759,1.759,1.759,1.759,25.2,2026-03-25 18:10:00
1774462500000,1.759,1.759,1.759,1.759,0.0,2026-03-25 18:15:00
1774462800000,1.759,1.759,1.759,1.759,0.0,2026-03-25 18:20:00
1774463100000,1.759,1.759,1.759,1.759,0.0,2026-03-25 18:25:00
1774463400000,1.759,1.759,1.759,1.759,0.0,2026-03-25 18:30:00
1774463700000,1.759,1.759,1.759,1.759,0.0,2026-03-25 18:35:00
1774464000000,1.759,1.759,1.759,1.759,0.0,2026-03-25 18:40:00
1774464300000,1.759,1.759,1.759,1.759,0.0,2026-03-25 18:45:00
1774464600000,1.759,1.759,1.759,1.759,0.0,2026-03-25 18:50:00
1774464900000,1.759,1.759,1.759,1.759,0.0,2026-03-25 18:55:00
1774465200000,1.759,1.759,1.759,1.759,0.0,2026-03-25 19:00:00
1774465500000,1.759,1.759,1.759,1.759,0.0,2026-03-25 19:05:00
1774465800000,1.759,1.759,1.759,1.759,0.0,2026-03-25 19:10:00
1774466100000,1.759,1.759,1.759,1.759,0.0,2026-03-25 19:15:00
1774466400000,1.759,1.759,1.759,1.759,0.0,2026-03-25 19:20:00
1774466700000,1.759,1.759,1.759,1.759,0.0,2026-03-25 19:25:00
1774467000000,1.759,1.759,1.759,1.759,0.0,2026-03-25 19:30:00
1774467300000,1.759,1.759,1.759,1.759,0.0,2026-03-25 19:35:00
1774467600000,1.759,1.759,1.759,1.759,0.0,2026-03-25 19:40:00
1774467900000,1.759,1.759,1.759,1.759,0.0,2026-03-25 19:45:00
1774468200000,1.759,1.759,1.759,1.759,0.0,2026-03-25 19:50:00
1774468500000,1.759,1.759,1.759,1.759,0.0,2026-03-25 19:55:00
1774468800000,1.759,1.759,1.759,1.759,0.0,2026-03-25 20:00:00
1774469100000,1.759,1.759,1.759,1.759,0.0,2026-03-25 20:05:00
1774469400000,1.759,1.759,1.759,1.759,0.0,2026-03-25 20:10:00
1774469700000,1.759,1.759,1.759,1.759,0.0,2026-03-25 20:15:00
1774470000000,1.759,1.759,1.759,1.759,0.0,2026-03-25 20:20:00
1774470300000,1.759,1.759,1.759,1.759,0.0,2026-03-25 20:25:00
1774470600000,1.759,1.759,1.759,1.759,0.0,2026-03-25 20:30:00
1774470900000,1.759,1.759,1.759,1.759,0.0,2026-03-25 20:35:00
1774471200000,1.759,1.759,1.759,1.759,0.0,2026-03-25 20:40:00
1774471500000,1.778,1.778,1.778,1.778,25.0,2026-03-25 20:45:00
1774471800000,1.778,1.778,1.778,1.778,0.0,2026-03-25 20:50:00
1774472100000,1.778,1.778,1.778,1.778,0.0,2026-03-25 20:55:00
1774472400000,1.778,1.778,1.778,1.778,0.0,2026-03-25 21:00:00
1774472700000,1.778,1.778,1.778,1.778,0.0,2026-03-25 21:05:00
1774473000000,1.778,1.778,1.778,1.778,0.0,2026-03-25 21:10:00
1774473300000,1.778,1.778,1.778,1.778,0.0,2026-03-25 21:15:00
1774473600000,1.759,1.759,1.759,1.759,20.77,2026-03-25 21:20:00
1774473900000,1.759,1.759,1.759,1.759,0.0,2026-03-25 21:25:00
1774474200000,1.759,1.759,1.759,1.759,0.0,2026-03-25 21:30:00
1774474500000,1.759,1.759,1.759,1.759,0.0,2026-03-25 21:35:00
1774474800000,1.759,1.759,1.759,1.759,0.0,2026-03-25 21:40:00
1774475100000,1.759,1.759,1.759,1.759,0.0,2026-03-25 21:45:00
1774475400000,1.759,1.759,1.759,1.759,0.0,2026-03-25 21:50:00
1774475700000,1.759,1.759,1.759,1.759,0.0,2026-03-25 21:55:00
1774476000000,1.759,1.759,1.759,1.759,0.0,2026-03-25 22:00:00
1774476300000,1.759,1.759,1.759,1.759,0.0,2026-03-25 22:05:00
1774476600000,1.759,1.759,1.759,1.759,0.0,2026-03-25 22:10:00
1774476900000,1.759,1.759,1.759,1.759,0.0,2026-03-25 22:15:00
1774477200000,1.759,1.759,1.759,1.759,35.31,2026-03-25 22:20:00
1774477500000,1.759,1.759,1.759,1.759,0.0,2026-03-25 22:25:00
1774477800000,1.759,1.759,1.759,1.759,0.0,2026-03-25 22:30:00
1774478100000,1.759,1.759,1.759,1.759,0.0,2026-03-25 22:35:00
1774478400000,1.771,1.771,1.771,1.771,458.28,2026-03-25 22:40:00
1774478700000,1.771,1.771,1.771,1.771,0.0,2026-03-25 22:45:00
1774479000000,1.771,1.771,1.771,1.771,0.0,2026-03-25 22:50:00
1774479300000,1.771,1.771,1.771,1.771,0.0,2026-03-25 22:55:00
1774479600000,1.771,1.771,1.771,1.771,0.0,2026-03-25 23:00:00
1774479900000,1.771,1.771,1.771,1.771,0.0,2026-03-25 23:05:00
1774480200000,1.771,1.771,1.771,1.771,0.0,2026-03-25 23:10:00
1774480500000,1.759,1.759,1.759,1.759,13.4,2026-03-25 23:15:00
1774480800000,1.759,1.759,1.759,1.759,0.0,2026-03-25 23:20:00
1774481100000,1.759,1.759,1.759,1.759,0.0,2026-03-25 23:25:00
1774481400000,1.759,1.759,1.759,1.759,0.0,2026-03-25 23:30:00
1774481700000,1.759,1.759,1.759,1.759,0.0,2026-03-25 23:35:00
1774482000000,1.781,1.781,1.781,1.781,10.56,2026-03-25 23:40:00
1774482300000,1.781,1.781,1.781,1.781,0.0,2026-03-25 23:45:00
1774482600000,1.781,1.781,1.781,1.781,0.0,2026-03-25 23:50:00
1774482900000,1.781,1.781,1.781,1.781,0.0,2026-03-25 23:55:00
1774483200000,1.781,1.781,1.781,1.781,0.0,2026-03-26 00:00:00
1774483500000,1.781,1.781,1.781,1.781,0.0,2026-03-26 00:05:00
1774483800000,1.781,1.781,1.781,1.781,0.0,2026-03-26 00:10:00
1774484100000,1.759,1.782,1.759,1.759,74.46,2026-03-26 00:15:00
1774484400000,1.779,1.779,1.777,1.777,3.39,2026-03-26 00:20:00
1774484700000,1.777,1.777,1.758,1.774,10.95,2026-03-26 00:25:00
1774485000000,1.774,1.774,1.758,1.773,23.5,2026-03-26 00:30:00
1774485300000,1.773,1.773,1.773,1.773,9.46,2026-03-26 00:35:00
1774485600000,1.773,1.776,1.773,1.776,6.33,2026-03-26 00:40:00
1774485900000,1.779,1.779,1.779,1.779,1.7,2026-03-26 00:45:00
1774486200000,1.78,1.78,1.78,1.78,11.66,2026-03-26 00:50:00
1774486500000,1.78,1.78,1.78,1.78,0.0,2026-03-26 00:55:00
1774486800000,1.776,1.776,1.776,1.776,2.81,2026-03-26 01:00:00
1774487100000,1.776,1.776,1.776,1.776,0.0,2026-03-26 01:05:00
1774487400000,1.776,1.776,1.776,1.776,0.0,2026-03-26 01:10:00
1774487700000,1.776,1.776,1.776,1.776,0.0,2026-03-26 01:15:00
1774488000000,1.776,1.776,1.776,1.776,0.0,2026-03-26 01:20:00
1774488300000,1.776,1.776,1.776,1.776,0.0,2026-03-26 01:25:00
1774488600000,1.776,1.776,1.776,1.776,0.0,2026-03-26 01:30:00
1774488900000,1.776,1.776,1.776,1.776,0.0,2026-03-26 01:35:00
1774489200000,1.776,1.776,1.776,1.776,0.0,2026-03-26 01:40:00
1774489500000,1.776,1.776,1.776,1.776,0.0,2026-03-26 01:45:00
1774489800000,1.776,1.776,1.776,1.776,0.0,2026-03-26 01:50:00
1774490100000,1.776,1.776,1.776,1.776,0.0,2026-03-26 01:55:00
1774490400000,1.776,1.776,1.776,1.776,0.0,2026-03-26 02:00:00
1774490700000,1.749,1.749,1.749,1.749,45.66,2026-03-26 02:05:00
1774491000000,1.748,1.748,1.747,1.747,6.1,2026-03-26 02:10:00
1774491300000,1.747,1.747,1.747,1.747,0.0,2026-03-26 02:15:00
1774491600000,1.747,1.747,1.747,1.747,0.0,2026-03-26 02:20:00
1774491900000,1.747,1.747,1.747,1.747,0.0,2026-03-26 02:25:00
1774492200000,1.747,1.747,1.747,1.747,0.0,2026-03-26 02:30:00
1774492500000,1.747,1.747,1.747,1.747,0.0,2026-03-26 02:35:00
1774492800000,1.747,1.747,1.747,1.747,0.0,2026-03-26 02:40:00
1774493100000,1.759,1.759,1.759,1.759,15.01,2026-03-26 02:45:00
1774493400000,1.759,1.762,1.759,1.762,36.76,2026-03-26 02:50:00
1774493700000,1.762,1.762,1.762,1.762,0.0,2026-03-26 02:55:00
1774494000000,1.762,1.762,1.762,1.762,0.0,2026-03-26 03:00:00
1774494300000,1.762,1.762,1.762,1.762,0.0,2026-03-26 03:05:00
1774494600000,1.762,1.762,1.762,1.762,0.0,2026-03-26 03:10:00
1774494900000,1.762,1.762,1.762,1.762,0.0,2026-03-26 03:15:00
1774495200000,1.762,1.762,1.762,1.762,0.0,2026-03-26 03:20:00
1774495500000,1.742,1.742,1.742,1.742,13.84,2026-03-26 03:25:00
1774495800000,1.742,1.742,1.742,1.742,0.0,2026-03-26 03:30:00
1774496100000,1.742,1.742,1.742,1.742,0.0,2026-03-26 03:35:00
1774496400000,1.742,1.742,1.742,1.742,0.0,2026-03-26 03:40:00
1774496700000,1.742,1.742,1.742,1.742,0.0,2026-03-26 03:45:00
1774497000000,1.742,1.742,1.742,1.742,0.0,2026-03-26 03:50:00
1774497300000,1.742,1.742,1.742,1.742,0.0,2026-03-26 03:55:00
1774497600000,1.742,1.742,1.742,1.742,0.0,2026-03-26 04:00:00
1774497900000,1.742,1.742,1.742,1.742,0.0,2026-03-26 04:05:00
1774498200000,1.742,1.742,1.742,1.742,0.0,2026-03-26 04:10:00
1774498500000,1.752,1.752,1.752,1.752,1.23,2026-03-26 04:15:00
1774498800000,1.752,1.752,1.752,1.752,0.0,2026-03-26 04:20:00
1774499100000,1.752,1.752,1.752,1.752,0.0,2026-03-26 04:25:00
1774499400000,1.752,1.752,1.752,1.752,0.0,2026-03-26 04:30:00
1774499700000,1.747,1.747,1.747,1.747,57.8,2026-03-26 04:35:00
1774500000000,1.747,1.747,1.747,1.747,0.0,2026-03-26 04:40:00
1774500300000,1.748,1.748,1.748,1.748,57.7,2026-03-26 04:45:00
1774500600000,1.748,1.748,1.748,1.748,0.0,2026-03-26 04:50:00
1774500900000,1.747,1.747,1.747,1.747,2.33,2026-03-26 04:55:00
1774501200000,1.747,1.747,1.747,1.747,0.0,2026-03-26 05:00:00
1774501500000,1.747,1.747,1.747,1.747,0.0,2026-03-26 05:05:00
1774501800000,1.747,1.747,1.747,1.747,0.0,2026-03-26 05:10:00
1774502100000,1.747,1.747,1.747,1.747,0.0,2026-03-26 05:15:00
1774502400000,1.747,1.747,1.747,1.747,0.0,2026-03-26 05:20:00
1774502700000,1.746,1.746,1.746,1.746,114.3,2026-03-26 05:25:00
1774503000000,1.746,1.746,1.746,1.746,0.0,2026-03-26 05:30:00
1774503300000,1.746,1.746,1.746,1.746,0.0,2026-03-26 05:35:00
1774503600000,1.746,1.746,1.746,1.746,0.0,2026-03-26 05:40:00
1774503900000,1.746,1.746,1.746,1.746,0.0,2026-03-26 05:45:00
1774504200000,1.746,1.746,1.746,1.746,0.0,2026-03-26 05:50:00
1774504500000,1.746,1.746,1.746,1.746,0.0,2026-03-26 05:55:00
1774504800000,1.725,1.725,1.725,1.725,1.98,2026-03-26 06:00:00
1774505100000,1.725,1.725,1.725,1.725,0.0,2026-03-26 06:05:00
1774505400000,1.725,1.725,1.725,1.725,0.0,2026-03-26 06:10:00
1774505700000,1.725,1.725,1.725,1.725,0.0,2026-03-26 06:15:00
1774506000000,1.733,1.733,1.733,1.733,1.0,2026-03-26 06:20:00
1774506300000,1.733,1.733,1.733,1.733,0.0,2026-03-26 06:25:00
1774506600000,1.733,1.733,1.733,1.733,0.0,2026-03-26 06:30:00
1774506900000,1.733,1.733,1.733,1.733,0.0,2026-03-26 06:35:00
1774507200000,1.733,1.733,1.733,1.733,0.0,2026-03-26 06:40:00
1774507500000,1.733,1.733,1.733,1.733,0.0,2026-03-26 06:45:00
1774507800000,1.733,1.733,1.733,1.733,0.0,2026-03-26 06:50:00
1774508100000,1.733,1.733,1.733,1.733,0.0,2026-03-26 06:55:00
1774508400000,1.733,1.733,1.733,1.733,2.88,2026-03-26 07:00:00
1774508700000,1.733,1.733,1.733,1.733,0.0,2026-03-26 07:05:00
1774509000000,1.733,1.733,1.733,1.733,0.0,2026-03-26 07:10:00
1774509300000,1.733,1.733,1.733,1.733,0.0,2026-03-26 07:15:00
1774509600000,1.733,1.733,1.733,1.733,0.0,2026-03-26 07:20:00
1774509900000,1.733,1.733,1.733,1.733,0.0,2026-03-26 07:25:00
1774510200000,1.733,1.733,1.733,1.733,0.0,2026-03-26 07:30:00
1774510500000,1.733,1.733,1.733,1.733,0.0,2026-03-26 07:35:00
1774510800000,1.733,1.733,1.733,1.733,0.0,2026-03-26 07:40:00
1774511100000,1.733,1.733,1.733,1.733,0.0,2026-03-26 07:45:00
1774511400000,1.733,1.733,1.733,1.733,0.0,2026-03-26 07:50:00
1774511700000,1.733,1.733,1.733,1.733,0.0,2026-03-26 07:55:00
1774512000000,1.733,1.733,1.733,1.733,0.0,2026-03-26 08:00:00
1774512300000,1.733,1.733,1.733,1.733,0.0,2026-03-26 08:05:00
1774512600000,1.733,1.733,1.733,1.733,0.0,2026-03-26 08:10:00
1774512900000,1.733,1.733,1.733,1.733,0.0,2026-03-26 08:15:00
1774513200000,1.733,1.733,1.733,1.733,0.0,2026-03-26 08:20:00
1774513500000,1.733,1.733,1.733,1.733,0.0,2026-03-26 08:25:00
1774513800000,1.733,1.733,1.733,1.733,0.0,2026-03-26 08:30:00
1774514100000,1.733,1.733,1.733,1.733,0.0,2026-03-26 08:35:00
1774514400000,1.733,1.733,1.733,1.733,0.0,2026-03-26 08:40:00
1774514700000,1.733,1.733,1.733,1.733,0.0,2026-03-26 08:45:00
1774515000000,1.733,1.733,1.733,1.733,0.0,2026-03-26 08:50:00
1774515300000,1.733,1.733,1.733,1.733,0.0,2026-03-26 08:55:00
1774515600000,1.733,1.733,1.733,1.733,1.73,2026-03-26 09:00:00
1774515900000,1.733,1.733,1.733,1.733,0.0,2026-03-26 09:05:00
1774516200000,1.733,1.733,1.733,1.733,0.0,2026-03-26 09:10:00
1774516500000,1.733,1.733,1.733,1.733,0.0,2026-03-26 09:15:00
1774516800000,1.733,1.733,1.733,1.733,0.0,2026-03-26 09:20:00
1774517100000,1.733,1.733,1.733,1.733,0.0,2026-03-26 09:25:00
1774517400000,1.733,1.733,1.733,1.733,0.0,2026-03-26 09:30:00
1774517700000,1.733,1.733,1.733,1.733,0.0,2026-03-26 09:35:00
1774518000000,1.733,1.733,1.733,1.733,0.0,2026-03-26 09:40:00
1774518300000,1.733,1.733,1.733,1.733,0.0,2026-03-26 09:45:00
1774518600000,1.733,1.733,1.733,1.733,0.0,2026-03-26 09:50:00
1774518900000,1.733,1.733,1.733,1.733,0.0,2026-03-26 09:55:00
1774519200000,1.733,1.733,1.733,1.733,0.0,2026-03-26 10:00:00
1774519500000,1.733,1.733,1.733,1.733,0.0,2026-03-26 10:05:00
1774519800000,1.733,1.733,1.733,1.733,0.0,2026-03-26 10:10:00
1774520100000,1.733,1.733,1.733,1.733,0.0,2026-03-26 10:15:00
1774520400000,1.733,1.733,1.733,1.733,0.0,2026-03-26 10:20:00
1774520700000,1.733,1.733,1.733,1.733,0.0,2026-03-26 10:25:00
1774521000000,1.733,1.733,1.733,1.733,0.0,2026-03-26 10:30:00
1774521300000,1.733,1.733,1.733,1.733,0.0,2026-03-26 10:35:00
1774521600000,1.733,1.733,1.733,1.733,0.0,2026-03-26 10:40:00
1774521900000,1.733,1.733,1.733,1.733,0.0,2026-03-26 10:45:00
1774522200000,1.733,1.733,1.733,1.733,0.0,2026-03-26 10:50:00
1774522500000,1.733,1.733,1.733,1.733,0.0,2026-03-26 10:55:00
1774522800000,1.733,1.733,1.733,1.733,0.0,2026-03-26 11:00:00
1774523100000,1.733,1.733,1.733,1.733,0.0,2026-03-26 11:05:00
1774523400000,1.733,1.733,1.733,1.733,0.0,2026-03-26 11:10:00
1774523700000,1.733,1.733,1.733,1.733,0.0,2026-03-26 11:15:00
1774524000000,1.733,1.733,1.733,1.733,0.0,2026-03-26 11:20:00
1774524300000,1.712,1.712,1.712,1.712,5.84,2026-03-26 11:25:00
1774524600000,1.712,1.712,1.712,1.712,0.0,2026-03-26 11:30:00
1774524900000,1.72,1.72,1.72,1.72,2.32,2026-03-26 11:35:00
1774525200000,1.72,1.72,1.72,1.72,0.0,2026-03-26 11:40:00
1774525500000,1.72,1.72,1.72,1.72,0.0,2026-03-26 11:45:00
1774525800000,1.72,1.72,1.72,1.72,0.0,2026-03-26 11:50:00
1774526100000,1.72,1.72,1.72,1.72,0.0,2026-03-26 11:55:00
1774526400000,1.72,1.72,1.72,1.72,0.0,2026-03-26 12:00:00
1774526700000,1.72,1.72,1.72,1.72,0.0,2026-03-26 12:05:00
1774527000000,1.72,1.72,1.72,1.72,0.0,2026-03-26 12:10:00
1774527300000,1.72,1.72,1.72,1.72,0.0,2026-03-26 12:15:00
1774527600000,1.72,1.72,1.72,1.72,0.0,2026-03-26 12:20:00
1774527900000,1.72,1.72,1.72,1.72,0.0,2026-03-26 12:25:00
1774528200000,1.72,1.72,1.72,1.72,0.0,2026-03-26 12:30:00
1774528500000,1.72,1.72,1.72,1.72,0.0,2026-03-26 12:35:00
1774528800000,1.72,1.72,1.72,1.72,0.0,2026-03-26 12:40:00
1774529100000,1.72,1.72,1.72,1.72,0.0,2026-03-26 12:45:00
1774529400000,1.72,1.72,1.72,1.72,0.0,2026-03-26 12:50:00
1774529700000,1.72,1.72,1.72,1.72,0.0,2026-03-26 12:55:00
1774530000000,1.72,1.72,1.72,1.72,0.0,2026-03-26 13:00:00
1774530300000,1.72,1.72,1.72,1.72,0.0,2026-03-26 13:05:00
1774530600000,1.72,1.72,1.72,1.72,0.0,2026-03-26 13:10:00
1774530900000,1.72,1.72,1.72,1.72,0.0,2026-03-26 13:15:00
1774531200000,1.706,1.706,1.706,1.706,19.1,2026-03-26 13:20:00
1774531500000,1.706,1.706,1.706,1.706,0.0,2026-03-26 13:25:00
1774531800000,1.706,1.706,1.706,1.706,0.0,2026-03-26 13:30:00
1774532100000,1.706,1.706,1.706,1.706,0.0,2026-03-26 13:35:00
1774532400000,1.706,1.706,1.706,1.706,0.0,2026-03-26 13:40:00
1774532700000,1.721,1.721,1.721,1.721,7.46,2026-03-26 13:45:00
1774533000000,1.721,1.721,1.721,1.721,0.0,2026-03-26 13:50:00
1774533300000,1.721,1.721,1.721,1.721,0.0,2026-03-26 13:55:00
1774533600000,1.721,1.721,1.721,1.721,0.0,2026-03-26 14:00:00
1774533900000,1.721,1.721,1.721,1.721,0.0,2026-03-26 14:05:00
1774534200000,1.733,1.733,1.733,1.733,2.88,2026-03-26 14:10:00
1774534500000,1.733,1.733,1.733,1.733,0.0,2026-03-26 14:15:00
1774534800000,1.733,1.733,1.733,1.733,0.0,2026-03-26 14:20:00
1774535100000,1.733,1.733,1.733,1.733,0.0,2026-03-26 14:25:00
1774535400000,1.733,1.733,1.733,1.733,0.0,2026-03-26 14:30:00
1774535700000,1.706,1.706,1.706,1.706,23.08,2026-03-26 14:35:00
1774536000000,1.706,1.706,1.706,1.706,0.0,2026-03-26 14:40:00
1774536300000,1.706,1.706,1.706,1.706,0.0,2026-03-26 14:45:00
1774536600000,1.706,1.706,1.706,1.706,0.0,2026-03-26 14:50:00
1774536900000,1.706,1.706,1.706,1.706,0.0,2026-03-26 14:55:00
1774537200000,1.706,1.706,1.706,1.706,0.0,2026-03-26 15:00:00
1774537500000,1.706,1.706,1.706,1.706,0.0,2026-03-26 15:05:00
1774537800000,1.706,1.706,1.706,1.706,0.0,2026-03-26 15:10:00
1774538100000,1.706,1.706,1.705,1.705,7.0,2026-03-26 15:15:00
1774538400000,1.705,1.705,1.705,1.705,0.0,2026-03-26 15:20:00
1774538700000,1.705,1.705,1.705,1.705,0.0,2026-03-26 15:25:00
1774539000000,1.705,1.705,1.705,1.705,0.0,2026-03-26 15:30:00
1774539300000,1.705,1.705,1.705,1.705,0.0,2026-03-26 15:35:00
1774539600000,1.705,1.705,1.705,1.705,0.0,2026-03-26 15:40:00
1774539900000,1.705,1.705,1.705,1.705,0.0,2026-03-26 15:45:00
1774540200000,1.705,1.705,1.705,1.705,0.0,2026-03-26 15:50:00
1774540500000,1.705,1.705,1.705,1.705,0.0,2026-03-26 15:55:00
1774540800000,1.705,1.705,1.705,1.705,0.0,2026-03-26 16:00:00
1774541100000,1.705,1.705,1.705,1.705,0.0,2026-03-26 16:05:00
1774541400000,1.717,1.717,1.717,1.717,2.91,2026-03-26 16:10:00
1774541700000,1.717,1.717,1.717,1.717,0.0,2026-03-26 16:15:00
1774542000000,1.717,1.717,1.717,1.717,0.0,2026-03-26 16:20:00
1774542300000,1.717,1.717,1.717,1.717,0.0,2026-03-26 16:25:00
1774542600000,1.717,1.717,1.717,1.717,0.0,2026-03-26 16:30:00
1774542900000,1.717,1.717,1.717,1.717,0.0,2026-03-26 16:35:00
1774543200000,1.7,1.7,1.7,1.7,29.41,2026-03-26 16:40:00
1774543500000,1.7,1.7,1.7,1.7,0.0,2026-03-26 16:45:00
1774543800000,1.7,1.7,1.7,1.7,0.0,2026-03-26 16:50:00
1774544100000,1.7,1.7,1.7,1.7,0.0,2026-03-26 16:55:00
1774544400000,1.7,1.7,1.7,1.7,0.0,2026-03-26 17:00:00
1774544700000,1.7,1.7,1.7,1.7,0.0,2026-03-26 17:05:00
1774545000000,1.69,1.711,1.69,1.711,225.91,2026-03-26 17:10:00
1774545300000,1.711,1.711,1.711,1.711,0.0,2026-03-26 17:15:00
1774545600000,1.711,1.711,1.711,1.711,0.0,2026-03-26 17:20:00
1774545900000,1.711,1.711,1.711,1.711,0.0,2026-03-26 17:25:00
1774546200000,1.711,1.711,1.711,1.711,0.0,2026-03-26 17:30:00
1774546500000,1.711,1.711,1.711,1.711,0.0,2026-03-26 17:35:00
1774546800000,1.711,1.711,1.711,1.711,0.0,2026-03-26 17:40:00
1774547100000,1.711,1.711,1.711,1.711,0.0,2026-03-26 17:45:00
1774547400000,1.711,1.711,1.711,1.711,0.0,2026-03-26 17:50:00
1774547700000,1.689,1.689,1.689,1.689,26.24,2026-03-26 17:55:00
1774548000000,1.687,1.687,1.687,1.687,4.23,2026-03-26 18:00:00
1774548300000,1.687,1.687,1.687,1.687,0.0,2026-03-26 18:05:00
1774548600000,1.687,1.687,1.687,1.687,0.0,2026-03-26 18:10:00
1774548900000,1.687,1.687,1.687,1.687,0.0,2026-03-26 18:15:00
1774549200000,1.701,1.701,1.701,1.701,58.69,2026-03-26 18:20:00
1774549500000,1.701,1.701,1.701,1.701,0.0,2026-03-26 18:25:00
1774549800000,1.701,1.701,1.701,1.701,0.0,2026-03-26 18:30:00
1774550100000,1.703,1.703,1.703,1.703,58.66,2026-03-26 18:35:00
1774550400000,1.703,1.703,1.703,1.703,0.0,2026-03-26 18:40:00
1774550700000,1.703,1.703,1.703,1.703,0.0,2026-03-26 18:45:00
1774551000000,1.703,1.703,1.703,1.703,0.0,2026-03-26 18:50:00
1774551300000,1.703,1.703,1.703,1.703,0.0,2026-03-26 18:55:00
1774551600000,1.703,1.703,1.703,1.703,0.0,2026-03-26 19:00:00
1774551900000,1.703,1.703,1.703,1.703,0.0,2026-03-26 19:05:00
1774552200000,1.703,1.703,1.703,1.703,0.0,2026-03-26 19:10:00
1774552500000,1.703,1.703,1.703,1.703,0.0,2026-03-26 19:15:00
1774552800000,1.703,1.703,1.703,1.703,0.0,2026-03-26 19:20:00
1774553100000,1.703,1.703,1.703,1.703,0.0,2026-03-26 19:25:00
1774553400000,1.678,1.678,1.678,1.678,7.54,2026-03-26 19:30:00
1774553700000,1.678,1.678,1.678,1.678,0.0,2026-03-26 19:35:00
1774554000000,1.678,1.678,1.678,1.678,0.0,2026-03-26 19:40:00
1774554300000,1.683,1.683,1.683,1.683,7.12,2026-03-26 19:45:00
1774554600000,1.683,1.683,1.683,1.683,0.0,2026-03-26 19:50:00
1774554900000,1.683,1.683,1.683,1.683,0.0,2026-03-26 19:55:00
1774555200000,1.683,1.683,1.683,1.683,0.0,2026-03-26 20:00:00
1774555500000,1.683,1.683,1.683,1.683,0.0,2026-03-26 20:05:00
1774555800000,1.684,1.692,1.684,1.692,13.54,2026-03-26 20:10:00
1774556100000,1.692,1.692,1.692,1.692,0.0,2026-03-26 20:15:00
1774556400000,1.692,1.692,1.692,1.692,0.0,2026-03-26 20:20:00
1774556700000,1.692,1.692,1.692,1.692,0.0,2026-03-26 20:25:00
1774557000000,1.692,1.692,1.692,1.692,0.0,2026-03-26 20:30:00
1774557300000,1.692,1.692,1.692,1.692,0.0,2026-03-26 20:35:00
1774557600000,1.692,1.692,1.692,1.692,0.0,2026-03-26 20:40:00
1774557900000,1.692,1.692,1.692,1.692,0.0,2026-03-26 20:45:00
1774558200000,1.692,1.692,1.692,1.692,0.0,2026-03-26 20:50:00
1774558500000,1.692,1.692,1.692,1.692,0.0,2026-03-26 20:55:00
1774558800000,1.692,1.692,1.692,1.692,0.0,2026-03-26 21:00:00
1774559100000,1.692,1.692,1.692,1.692,0.0,2026-03-26 21:05:00
1774559400000,1.668,1.668,1.668,1.668,15.08,2026-03-26 21:10:00
1774559700000,1.668,1.668,1.668,1.668,0.0,2026-03-26 21:15:00
1774560000000,1.668,1.668,1.668,1.668,0.0,2026-03-26 21:20:00
1774560300000,1.703,1.703,1.703,1.703,50.82,2026-03-26 21:25:00
1774560600000,1.703,1.703,1.703,1.703,0.0,2026-03-26 21:30:00
1774560900000,1.703,1.703,1.703,1.703,0.0,2026-03-26 21:35:00
1774561200000,1.703,1.703,1.703,1.703,0.0,2026-03-26 21:40:00
1774561500000,1.703,1.703,1.703,1.703,0.0,2026-03-26 21:45:00
1774561800000,1.703,1.703,1.703,1.703,0.0,2026-03-26 21:50:00
1774562100000,1.703,1.703,1.703,1.703,0.0,2026-03-26 21:55:00
1774562400000,1.703,1.703,1.703,1.703,0.0,2026-03-26 22:00:00
1774562700000,1.703,1.703,1.703,1.703,0.0,2026-03-26 22:05:00
1774563000000,1.703,1.703,1.703,1.703,0.0,2026-03-26 22:10:00
1774563300000,1.703,1.703,1.703,1.703,0.0,2026-03-26 22:15:00
1774563600000,1.703,1.703,1.703,1.703,0.0,2026-03-26 22:20:00
1774563900000,1.703,1.703,1.703,1.703,0.0,2026-03-26 22:25:00
1774564200000,1.703,1.703,1.703,1.703,0.0,2026-03-26 22:30:00
1774564500000,1.703,1.703,1.703,1.703,0.0,2026-03-26 22:35:00
1774564800000,1.703,1.703,1.703,1.703,0.0,2026-03-26 22:40:00
1774565100000,1.703,1.703,1.703,1.703,0.0,2026-03-26 22:45:00
1774565400000,1.703,1.703,1.703,1.703,1.0,2026-03-26 22:50:00
1774565700000,1.703,1.703,1.703,1.703,0.0,2026-03-26 22:55:00
1774566000000,1.703,1.703,1.703,1.703,0.0,2026-03-26 23:00:00
1774566300000,1.703,1.703,1.703,1.703,0.0,2026-03-26 23:05:00
1774566600000,1.703,1.703,1.703,1.703,0.0,2026-03-26 23:10:00
1774566900000,1.703,1.703,1.703,1.703,0.0,2026-03-26 23:15:00
1774567200000,1.703,1.703,1.703,1.703,0.0,2026-03-26 23:20:00
1774567500000,1.703,1.703,1.703,1.703,0.0,2026-03-26 23:25:00
1774567800000,1.703,1.703,1.703,1.703,0.0,2026-03-26 23:30:00
1774568100000,1.703,1.703,1.703,1.703,81.93,2026-03-26 23:35:00
1774568400000,1.703,1.703,1.703,1.703,0.0,2026-03-26 23:40:00
1774568700000,1.703,1.703,1.703,1.703,0.0,2026-03-26 23:45:00
1774569000000,1.703,1.703,1.703,1.703,0.0,2026-03-26 23:50:00
1774569300000,1.703,1.703,1.703,1.703,0.0,2026-03-26 23:55:00
1774569600000,1.703,1.703,1.703,1.703,0.0,2026-03-27 00:00:00
1774569900000,1.698,1.698,1.698,1.698,4.53,2026-03-27 00:05:00
1774570200000,1.698,1.698,1.698,1.698,0.0,2026-03-27 00:10:00
1774570500000,1.711,1.711,1.711,1.711,15.57,2026-03-27 00:15:00
1774570800000,1.711,1.711,1.71,1.711,18.5,2026-03-27 00:20:00
1774571100000,1.711,1.711,1.71,1.711,47.83,2026-03-27 00:25:00
1774571400000,1.711,1.711,1.711,1.711,28.42,2026-03-27 00:30:00
1774571700000,1.711,1.711,1.67,1.67,14.91,2026-03-27 00:35:00
1774572000000,1.711,1.711,1.67,1.711,43.72,2026-03-27 00:40:00
1774572300000,1.711,1.711,1.711,1.711,6.29,2026-03-27 00:45:00
1774572600000,1.711,1.711,1.711,1.711,0.0,2026-03-27 00:50:00
1774572900000,1.711,1.711,1.711,1.711,11.11,2026-03-27 00:55:00
1774573200000,1.711,1.711,1.711,1.711,2.91,2026-03-27 01:00:00
1774573500000,1.711,1.711,1.711,1.711,0.0,2026-03-27 01:05:00
1774573800000,1.711,1.711,1.711,1.711,0.0,2026-03-27 01:10:00
1774574100000,1.711,1.711,1.711,1.711,0.0,2026-03-27 01:15:00
1774574400000,1.711,1.711,1.711,1.711,0.0,2026-03-27 01:20:00
1774574700000,1.711,1.711,1.711,1.711,0.0,2026-03-27 01:25:00
1774575000000,1.711,1.711,1.711,1.711,0.0,2026-03-27 01:30:00
1774575300000,1.711,1.711,1.711,1.711,0.0,2026-03-27 01:35:00
1774575600000,1.711,1.711,1.711,1.711,0.0,2026-03-27 01:40:00
1774575900000,1.711,1.711,1.711,1.711,0.0,2026-03-27 01:45:00
1774576200000,1.711,1.711,1.711,1.711,0.0,2026-03-27 01:50:00
1774576500000,1.711,1.711,1.711,1.711,0.0,2026-03-27 01:55:00
1774576800000,1.711,1.711,1.711,1.711,0.0,2026-03-27 02:00:00
1774577100000,1.711,1.711,1.711,1.711,0.0,2026-03-27 02:05:00
1774577400000,1.711,1.711,1.711,1.711,0.0,2026-03-27 02:10:00
1774577700000,1.711,1.711,1.711,1.711,0.0,2026-03-27 02:15:00
1774578000000,1.711,1.711,1.711,1.711,0.0,2026-03-27 02:20:00
1774578300000,1.711,1.711,1.711,1.711,0.0,2026-03-27 02:25:00
1774578600000,1.711,1.711,1.711,1.711,0.0,2026-03-27 02:30:00
1774578900000,1.713,1.713,1.713,1.713,5.83,2026-03-27 02:35:00
1774579200000,1.713,1.713,1.713,1.713,0.0,2026-03-27 02:40:00
1774579500000,1.713,1.713,1.713,1.713,0.0,2026-03-27 02:45:00
1774579800000,1.713,1.713,1.713,1.713,0.0,2026-03-27 02:50:00
1774580100000,1.713,1.713,1.713,1.713,0.0,2026-03-27 02:55:00
1774580400000,1.713,1.713,1.713,1.713,0.0,2026-03-27 03:00:00
1774580700000,1.713,1.713,1.713,1.713,0.0,2026-03-27 03:05:00
1774581000000,1.713,1.713,1.713,1.713,0.0,2026-03-27 03:10:00
1774581300000,1.713,1.713,1.713,1.713,0.0,2026-03-27 03:15:00
1774581600000,1.713,1.713,1.713,1.713,0.0,2026-03-27 03:20:00
1774581900000,1.713,1.713,1.713,1.713,0.0,2026-03-27 03:25:00
1774582200000,1.713,1.713,1.713,1.713,0.0,2026-03-27 03:30:00
1774582500000,1.713,1.713,1.713,1.713,0.0,2026-03-27 03:35:00
1774582800000,1.713,1.713,1.713,1.713,0.0,2026-03-27 03:40:00
1774583100000,1.713,1.713,1.713,1.713,0.0,2026-03-27 03:45:00
1774583400000,1.713,1.713,1.713,1.713,0.0,2026-03-27 03:50:00
1774583700000,1.713,1.713,1.713,1.713,0.0,2026-03-27 03:55:00
1774584000000,1.713,1.713,1.713,1.713,0.0,2026-03-27 04:00:00
1774584300000,1.713,1.713,1.713,1.713,0.0,2026-03-27 04:05:00
1774584600000,1.713,1.713,1.713,1.713,0.0,2026-03-27 04:10:00
1774584900000,1.715,1.715,1.715,1.715,10.58,2026-03-27 04:15:00
1774585200000,1.715,1.715,1.715,1.715,0.0,2026-03-27 04:20:00
1774585500000,1.715,1.715,1.715,1.715,0.0,2026-03-27 04:25:00
1774585800000,1.724,1.724,1.724,1.724,11.58,2026-03-27 04:30:00
1774586100000,1.724,1.724,1.724,1.724,0.0,2026-03-27 04:35:00
1774586400000,1.724,1.724,1.724,1.724,0.0,2026-03-27 04:40:00
1774586700000,1.724,1.724,1.724,1.724,0.0,2026-03-27 04:45:00
1774587000000,1.724,1.724,1.724,1.724,0.0,2026-03-27 04:50:00
1774587300000,1.724,1.724,1.724,1.724,0.0,2026-03-27 04:55:00
1774587600000,1.724,1.724,1.724,1.724,0.0,2026-03-27 05:00:00
1774587900000,1.724,1.724,1.724,1.724,0.0,2026-03-27 05:05:00
1774588200000,1.724,1.724,1.724,1.724,0.0,2026-03-27 05:10:00
1774588500000,1.724,1.724,1.724,1.724,0.0,2026-03-27 05:15:00
1774588800000,1.724,1.724,1.724,1.724,0.0,2026-03-27 05:20:00
1774589100000,1.724,1.724,1.724,1.724,0.0,2026-03-27 05:25:00
1774589400000,1.724,1.724,1.724,1.724,0.0,2026-03-27 05:30:00
1774589700000,1.724,1.724,1.724,1.724,0.0,2026-03-27 05:35:00
1774590000000,1.724,1.724,1.724,1.724,0.0,2026-03-27 05:40:00
1774590300000,1.724,1.724,1.724,1.724,0.0,2026-03-27 05:45:00
1774590600000,1.724,1.724,1.724,1.724,0.0,2026-03-27 05:50:00
1774590900000,1.724,1.724,1.724,1.724,0.0,2026-03-27 05:55:00
1774591200000,1.724,1.724,1.724,1.724,0.0,2026-03-27 06:00:00
1774591500000,1.724,1.724,1.724,1.724,0.0,2026-03-27 06:05:00
1774591800000,1.724,1.724,1.724,1.724,127.6,2026-03-27 06:10:00
1774592100000,1.724,1.724,1.724,1.724,0.0,2026-03-27 06:15:00
1774592400000,1.698,1.698,1.698,1.698,49.95,2026-03-27 06:20:00
1774592700000,1.698,1.698,1.698,1.698,0.0,2026-03-27 06:25:00
1774593000000,1.698,1.698,1.698,1.698,0.0,2026-03-27 06:30:00
1774593300000,1.698,1.698,1.698,1.698,0.0,2026-03-27 06:35:00
1774593600000,1.698,1.698,1.698,1.698,0.0,2026-03-27 06:40:00
1774593900000,1.698,1.698,1.698,1.698,0.0,2026-03-27 06:45:00
1774594200000,1.698,1.698,1.698,1.698,0.0,2026-03-27 06:50:00
1774594500000,1.698,1.698,1.698,1.698,0.0,2026-03-27 06:55:00
1774594800000,1.724,1.724,1.724,1.724,2.89,2026-03-27 07:00:00
1774595100000,1.724,1.724,1.724,1.724,0.0,2026-03-27 07:05:00
1774595400000,1.724,1.724,1.724,1.724,0.0,2026-03-27 07:10:00
1774595700000,1.724,1.724,1.724,1.724,0.0,2026-03-27 07:15:00
1774596000000,1.724,1.724,1.724,1.724,0.0,2026-03-27 07:20:00
1774596300000,1.724,1.724,1.724,1.724,0.0,2026-03-27 07:25:00
1774596600000,1.724,1.724,1.724,1.724,0.0,2026-03-27 07:30:00
1774596900000,1.724,1.724,1.724,1.724,0.0,2026-03-27 07:35:00
1774597200000,1.724,1.724,1.724,1.724,0.0,2026-03-27 07:40:00
1774597500000,1.724,1.724,1.724,1.724,0.0,2026-03-27 07:45:00
1774597800000,1.725,1.725,1.725,1.725,7.35,2026-03-27 07:50:00
1774598100000,1.725,1.725,1.725,1.725,0.0,2026-03-27 07:55:00
1774598400000,1.725,1.725,1.725,1.725,0.0,2026-03-27 08:00:00
1774598700000,1.725,1.725,1.725,1.725,0.0,2026-03-27 08:05:00
1774599000000,1.725,1.725,1.725,1.725,0.0,2026-03-27 08:10:00
1774599300000,1.725,1.725,1.725,1.725,0.0,2026-03-27 08:15:00
1774599600000,1.725,1.725,1.725,1.725,0.0,2026-03-27 08:20:00
1774599900000,1.725,1.725,1.725,1.725,0.0,2026-03-27 08:25:00
1774600200000,1.725,1.725,1.725,1.725,0.0,2026-03-27 08:30:00
1774600500000,1.725,1.725,1.725,1.725,0.0,2026-03-27 08:35:00
1774600800000,1.725,1.725,1.725,1.725,0.0,2026-03-27 08:40:00
1774601100000,1.725,1.725,1.725,1.725,0.0,2026-03-27 08:45:00
1774601400000,1.725,1.725,1.725,1.725,0.0,2026-03-27 08:50:00
1774601700000,1.725,1.725,1.725,1.725,0.0,2026-03-27 08:55:00
1774602000000,1.726,1.726,1.726,1.726,1.73,2026-03-27 09:00:00
1774602300000,1.726,1.726,1.726,1.726,0.0,2026-03-27 09:05:00
1774602600000,1.726,1.726,1.726,1.726,0.0,2026-03-27 09:10:00
1774602900000,1.726,1.726,1.726,1.726,0.0,2026-03-27 09:15:00
1774603200000,1.726,1.726,1.726,1.726,0.0,2026-03-27 09:20:00
1774603500000,1.726,1.726,1.726,1.726,0.0,2026-03-27 09:25:00
1774603800000,1.726,1.726,1.726,1.726,0.0,2026-03-27 09:30:00
1774604100000,1.726,1.726,1.726,1.726,0.0,2026-03-27 09:35:00
1774604400000,1.726,1.726,1.726,1.726,0.0,2026-03-27 09:40:00
1774604700000,1.726,1.726,1.726,1.726,0.0,2026-03-27 09:45:00
1774605000000,1.726,1.726,1.726,1.726,0.0,2026-03-27 09:50:00
1774605300000,1.726,1.726,1.726,1.726,0.0,2026-03-27 09:55:00
1774605600000,1.726,1.726,1.726,1.726,0.0,2026-03-27 10:00:00
1774605900000,1.726,1.726,1.726,1.726,0.0,2026-03-27 10:05:00
1774606200000,1.726,1.726,1.726,1.726,0.0,2026-03-27 10:10:00
1774606500000,1.726,1.726,1.726,1.726,0.0,2026-03-27 10:15:00
1774606800000,1.726,1.726,1.726,1.726,0.0,2026-03-27 10:20:00
1774607100000,1.726,1.726,1.726,1.726,0.0,2026-03-27 10:25:00
1774607400000,1.726,1.726,1.726,1.726,0.0,2026-03-27 10:30:00
1774607700000,1.685,1.685,1.672,1.672,18.06,2026-03-27 10:35:00
1774608000000,1.658,1.658,1.658,1.658,127.0,2026-03-27 10:40:00
1774608300000,1.658,1.658,1.658,1.658,0.0,2026-03-27 10:45:00
1774608600000,1.658,1.658,1.658,1.658,0.0,2026-03-27 10:50:00
1774608900000,1.658,1.658,1.658,1.658,0.0,2026-03-27 10:55:00
1774609200000,1.658,1.658,1.658,1.658,0.0,2026-03-27 11:00:00
1774609500000,1.658,1.658,1.658,1.658,0.0,2026-03-27 11:05:00
1774609800000,1.658,1.658,1.658,1.658,0.0,2026-03-27 11:10:00
1774610100000,1.658,1.658,1.658,1.658,0.0,2026-03-27 11:15:00
1774610400000,1.656,1.656,1.656,1.656,29.19,2026-03-27 11:20:00
1774610700000,1.656,1.656,1.656,1.656,0.0,2026-03-27 11:25:00
1774611000000,1.656,1.656,1.656,1.656,0.0,2026-03-27 11:30:00
1774611300000,1.656,1.656,1.656,1.656,0.0,2026-03-27 11:35:00
1774611600000,1.656,1.656,1.656,1.656,0.0,2026-03-27 11:40:00
1774611900000,1.656,1.656,1.656,1.656,0.0,2026-03-27 11:45:00
1774612200000,1.656,1.656,1.656,1.656,0.0,2026-03-27 11:50:00
1774612500000,1.656,1.656,1.656,1.656,0.0,2026-03-27 11:55:00
1774612800000,1.656,1.656,1.656,1.656,0.0,2026-03-27 12:00:00
1774613100000,1.656,1.656,1.656,1.656,0.0,2026-03-27 12:05:00
1774613400000,1.656,1.656,1.656,1.656,0.0,2026-03-27 12:10:00
1774613700000,1.685,1.685,1.685,1.685,16.01,2026-03-27 12:15:00
1774614000000,1.685,1.685,1.685,1.685,0.0,2026-03-27 12:20:00
1774614300000,1.685,1.685,1.685,1.685,0.0,2026-03-27 12:25:00
1774614600000,1.685,1.685,1.685,1.685,0.0,2026-03-27 12:30:00
1774614900000,1.685,1.685,1.685,1.685,0.0,2026-03-27 12:35:00
1774615200000,1.685,1.685,1.685,1.685,0.0,2026-03-27 12:40:00
1774615500000,1.685,1.685,1.685,1.685,0.0,2026-03-27 12:45:00
1774615800000,1.685,1.685,1.685,1.685,0.0,2026-03-27 12:50:00
1774616100000,1.685,1.685,1.685,1.685,0.0,2026-03-27 12:55:00
1774616400000,1.685,1.685,1.685,1.685,0.0,2026-03-27 13:00:00
1774616700000,1.685,1.685,1.685,1.685,0.0,2026-03-27 13:05:00
1774617000000,1.685,1.685,1.685,1.685,0.0,2026-03-27 13:10:00
1774617300000,1.685,1.685,1.685,1.685,0.0,2026-03-27 13:15:00
1774617600000,1.685,1.685,1.685,1.685,0.0,2026-03-27 13:20:00
1774617900000,1.685,1.685,1.685,1.685,0.0,2026-03-27 13:25:00
1774618200000,1.685,1.685,1.685,1.685,0.0,2026-03-27 13:30:00
1774618500000,1.685,1.685,1.685,1.685,0.0,2026-03-27 13:35:00
1774618800000,1.685,1.685,1.685,1.685,0.0,2026-03-27 13:40:00
1774619100000,1.685,1.685,1.685,1.685,0.0,2026-03-27 13:45:00
1774619400000,1.685,1.685,1.685,1.685,0.0,2026-03-27 13:50:00
1774619700000,1.685,1.685,1.685,1.685,0.0,2026-03-27 13:55:00
1774620000000,1.685,1.685,1.685,1.685,0.0,2026-03-27 14:00:00
1774620300000,1.685,1.685,1.685,1.685,0.0,2026-03-27 14:05:00
1774620600000,1.685,1.685,1.685,1.685,0.0,2026-03-27 14:10:00
1774620900000,1.685,1.685,1.685,1.685,0.0,2026-03-27 14:15:00
1774621200000,1.683,1.683,1.683,1.683,59.28,2026-03-27 14:20:00
1774621500000,1.683,1.683,1.683,1.683,0.0,2026-03-27 14:25:00
1774621800000,1.683,1.683,1.683,1.683,0.0,2026-03-27 14:30:00
1774622100000,1.683,1.683,1.683,1.683,0.0,2026-03-27 14:35:00
1774622400000,1.683,1.683,1.683,1.683,0.0,2026-03-27 14:40:00
1774622700000,1.682,1.682,1.682,1.682,17.79,2026-03-27 14:45:00
1774623000000,1.682,1.682,1.682,1.682,0.0,2026-03-27 14:50:00
1774623300000,1.682,1.682,1.682,1.682,0.0,2026-03-27 14:55:00
1774623600000,1.682,1.682,1.682,1.682,0.0,2026-03-27 15:00:00
1774623900000,1.682,1.682,1.682,1.682,0.0,2026-03-27 15:05:00
1774624200000,1.682,1.682,1.682,1.682,0.0,2026-03-27 15:10:00
1774624500000,1.682,1.682,1.682,1.682,0.0,2026-03-27 15:15:00
1774624800000,1.682,1.682,1.682,1.682,0.0,2026-03-27 15:20:00
1774625100000,1.682,1.682,1.682,1.682,0.0,2026-03-27 15:25:00
1774625400000,1.682,1.682,1.682,1.682,0.0,2026-03-27 15:30:00
1774625700000,1.682,1.682,1.682,1.682,0.0,2026-03-27 15:35:00
1774626000000,1.682,1.682,1.682,1.682,0.0,2026-03-27 15:40:00
1774626300000,1.682,1.682,1.682,1.682,0.0,2026-03-27 15:45:00
1774626600000,1.682,1.682,1.682,1.682,0.0,2026-03-27 15:50:00
1774626900000,1.682,1.682,1.682,1.682,0.0,2026-03-27 15:55:00
1774627200000,1.682,1.682,1.682,1.682,0.0,2026-03-27 16:00:00
1774627500000,1.682,1.682,1.682,1.682,0.0,2026-03-27 16:05:00
1774627800000,1.682,1.682,1.682,1.682,0.0,2026-03-27 16:10:00
1774628100000,1.682,1.682,1.682,1.682,0.0,2026-03-27 16:15:00
1774628400000,1.669,1.669,1.669,1.669,3.17,2026-03-27 16:20:00
1774628700000,1.669,1.669,1.669,1.669,5.34,2026-03-27 16:25:00
1774629000000,1.669,1.669,1.669,1.669,0.0,2026-03-27 16:30:00
1774629300000,1.669,1.669,1.669,1.669,0.0,2026-03-27 16:35:00
1774629600000,1.669,1.669,1.669,1.669,0.0,2026-03-27 16:40:00
1774629900000,1.669,1.669,1.669,1.669,0.0,2026-03-27 16:45:00
1774630200000,1.669,1.669,1.669,1.669,0.0,2026-03-27 16:50:00
1774630500000,1.669,1.669,1.669,1.669,0.0,2026-03-27 16:55:00
1774630800000,1.669,1.669,1.669,1.669,0.0,2026-03-27 17:00:00
1774631100000,1.669,1.669,1.669,1.669,0.0,2026-03-27 17:05:00
1774631400000,1.669,1.669,1.669,1.669,0.0,2026-03-27 17:10:00
1774631700000,1.669,1.669,1.669,1.669,0.0,2026-03-27 17:15:00
1774632000000,1.669,1.669,1.669,1.669,0.0,2026-03-27 17:20:00
1774632300000,1.669,1.669,1.669,1.669,1.16,2026-03-27 17:25:00
1774632600000,1.669,1.669,1.669,1.669,0.0,2026-03-27 17:30:00
1774632900000,1.65,1.65,1.65,1.65,23.39,2026-03-27 17:35:00
1774633200000,1.684,1.684,1.684,1.684,14.83,2026-03-27 17:40:00
1774633500000,1.684,1.684,1.684,1.684,0.0,2026-03-27 17:45:00
1774633800000,1.684,1.684,1.684,1.684,0.0,2026-03-27 17:50:00
1774634100000,1.684,1.684,1.684,1.684,0.0,2026-03-27 17:55:00
1774634400000,1.684,1.684,1.684,1.684,0.0,2026-03-27 18:00:00
1774634700000,1.684,1.684,1.684,1.684,0.0,2026-03-27 18:05:00
1774635000000,1.684,1.684,1.684,1.684,0.0,2026-03-27 18:10:00
1774635300000,1.684,1.684,1.684,1.684,0.0,2026-03-27 18:15:00
1774635600000,1.684,1.684,1.684,1.684,0.0,2026-03-27 18:20:00
1774635900000,1.684,1.684,1.684,1.684,0.0,2026-03-27 18:25:00
1774636200000,1.684,1.684,1.684,1.684,0.0,2026-03-27 18:30:00
1774636500000,1.684,1.684,1.684,1.684,0.0,2026-03-27 18:35:00
1774636800000,1.684,1.684,1.684,1.684,0.0,2026-03-27 18:40:00
1774637100000,1.684,1.684,1.684,1.684,0.0,2026-03-27 18:45:00
1774637400000,1.684,1.684,1.684,1.684,0.0,2026-03-27 18:50:00
1774637700000,1.684,1.684,1.684,1.684,0.0,2026-03-27 18:55:00
1774638000000,1.684,1.684,1.684,1.684,0.0,2026-03-27 19:00:00
1774638300000,1.684,1.684,1.684,1.684,0.0,2026-03-27 19:05:00
1774638600000,1.684,1.684,1.684,1.684,0.0,2026-03-27 19:10:00
1774638900000,1.684,1.684,1.684,1.684,0.0,2026-03-27 19:15:00
1774639200000,1.68,1.68,1.68,1.68,5.94,2026-03-27 19:20:00
1774639500000,1.68,1.68,1.68,1.68,0.0,2026-03-27 19:25:00
1774639800000,1.68,1.68,1.68,1.68,0.0,2026-03-27 19:30:00
1774640100000,1.68,1.68,1.68,1.68,0.0,2026-03-27 19:35:00
1774640400000,1.68,1.68,1.68,1.68,0.0,2026-03-27 19:40:00
1774640700000,1.68,1.68,1.68,1.68,0.0,2026-03-27 19:45:00
1774641000000,1.68,1.68,1.68,1.68,0.0,2026-03-27 19:50:00
1774641300000,1.68,1.68,1.68,1.68,0.0,2026-03-27 19:55:00
1774641600000,1.68,1.68,1.68,1.68,0.0,2026-03-27 20:00:00
1774641900000,1.68,1.68,1.68,1.68,0.0,2026-03-27 20:05:00
1774642200000,1.65,1.65,1.65,1.65,50.51,2026-03-27 20:10:00
1774642500000,1.65,1.65,1.65,1.65,0.0,2026-03-27 20:15:00
1774642800000,1.65,1.65,1.65,1.65,0.0,2026-03-27 20:20:00
1774643100000,1.65,1.65,1.65,1.65,0.0,2026-03-27 20:25:00
1774643400000,1.65,1.65,1.65,1.65,0.0,2026-03-27 20:30:00
1774643700000,1.65,1.65,1.65,1.65,0.0,2026-03-27 20:35:00
1774644000000,1.65,1.65,1.65,1.65,0.0,2026-03-27 20:40:00
1774644300000,1.65,1.65,1.65,1.65,0.0,2026-03-27 20:45:00
1774644600000,1.65,1.65,1.65,1.65,0.0,2026-03-27 20:50:00
1774644900000,1.65,1.65,1.65,1.65,0.0,2026-03-27 20:55:00
1774645200000,1.65,1.65,1.65,1.65,0.0,2026-03-27 21:00:00
1774645500000,1.65,1.65,1.65,1.65,0.0,2026-03-27 21:05:00
1774645800000,1.65,1.65,1.65,1.65,0.0,2026-03-27 21:10:00
1774646100000,1.65,1.65,1.65,1.65,0.0,2026-03-27 21:15:00
1774646400000,1.65,1.65,1.65,1.65,0.0,2026-03-27 21:20:00
1774646700000,1.65,1.65,1.65,1.65,0.0,2026-03-27 21:25:00
1774647000000,1.65,1.65,1.65,1.65,0.0,2026-03-27 21:30:00
1774647300000,1.65,1.65,1.65,1.65,0.0,2026-03-27 21:35:00
1774647600000,1.679,1.679,1.679,1.679,52.79,2026-03-27 21:40:00
1774647900000,1.65,1.65,1.65,1.65,18.03,2026-03-27 21:45:00
1774648200000,1.65,1.65,1.65,1.65,0.0,2026-03-27 21:50:00
1774648500000,1.65,1.65,1.65,1.65,0.0,2026-03-27 21:55:00
1774648800000,1.65,1.65,1.65,1.65,0.0,2026-03-27 22:00:00
1774649100000,1.65,1.65,1.65,1.65,0.0,2026-03-27 22:05:00
1774649400000,1.65,1.65,1.65,1.65,0.0,2026-03-27 22:10:00
1774649700000,1.65,1.65,1.65,1.65,0.0,2026-03-27 22:15:00
1774650000000,1.65,1.65,1.65,1.65,0.0,2026-03-27 22:20:00
1774650300000,1.65,1.65,1.65,1.65,0.0,2026-03-27 22:25:00
1774650600000,1.65,1.65,1.65,1.65,0.0,2026-03-27 22:30:00
1774650900000,1.65,1.65,1.65,1.65,0.0,2026-03-27 22:35:00
1774651200000,1.65,1.65,1.65,1.65,0.0,2026-03-27 22:40:00
1774651500000,1.65,1.65,1.65,1.65,0.0,2026-03-27 22:45:00
1774651800000,1.65,1.65,1.65,1.65,0.0,2026-03-27 22:50:00
1774652100000,1.65,1.65,1.65,1.65,0.0,2026-03-27 22:55:00
1774652400000,1.68,1.68,1.68,1.68,49.4,2026-03-27 23:00:00
1774652700000,1.68,1.68,1.68,1.68,59.4,2026-03-27 23:05:00
1774653000000,1.68,1.68,1.68,1.68,0.0,2026-03-27 23:10:00
1774653300000,1.68,1.68,1.68,1.68,0.0,2026-03-27 23:15:00
1774653600000,1.668,1.668,1.668,1.668,99.56,2026-03-27 23:20:00
1774653900000,1.668,1.668,1.668,1.668,0.0,2026-03-27 23:25:00
1774654200000,1.668,1.668,1.668,1.668,0.0,2026-03-27 23:30:00
1774654500000,1.668,1.668,1.668,1.668,0.0,2026-03-27 23:35:00
1774654800000,1.668,1.668,1.668,1.668,0.0,2026-03-27 23:40:00
1774655100000,1.668,1.668,1.668,1.668,0.0,2026-03-27 23:45:00
1774655400000,1.668,1.668,1.668,1.668,0.0,2026-03-27 23:50:00
1774655700000,1.668,1.668,1.668,1.668,0.0,2026-03-27 23:55:00
1774656000000,1.668,1.668,1.668,1.668,0.0,2026-03-28 00:00:00
1774656300000,1.668,1.668,1.668,1.668,0.0,2026-03-28 00:05:00
1774656600000,1.68,1.68,1.668,1.668,139.19,2026-03-28 00:10:00
1774656900000,1.668,1.668,1.668,1.668,0.0,2026-03-28 00:15:00
1774657200000,1.68,1.68,1.68,1.68,1.91,2026-03-28 00:20:00
1774657500000,1.68,1.68,1.68,1.68,0.63,2026-03-28 00:25:00
1774657800000,1.681,1.681,1.681,1.681,1.95,2026-03-28 00:30:00
1774658100000,1.668,1.687,1.668,1.687,90.9,2026-03-28 00:35:00
1774658400000,1.687,1.687,1.687,1.687,0.0,2026-03-28 00:40:00
1774658700000,1.687,1.687,1.687,1.687,0.0,2026-03-28 00:45:00
1774659000000,1.687,1.687,1.687,1.687,0.0,2026-03-28 00:50:00
1774659300000,1.687,1.687,1.687,1.687,0.0,2026-03-28 00:55:00
1774659600000,1.686,1.686,1.686,1.686,2.95,2026-03-28 01:00:00
1774659900000,1.667,1.667,1.667,1.667,81.96,2026-03-28 01:05:00
1774660200000,1.667,1.667,1.667,1.667,0.0,2026-03-28 01:10:00
1774660500000,1.667,1.667,1.667,1.667,0.0,2026-03-28 01:15:00
1774660800000,1.667,1.667,1.667,1.667,0.0,2026-03-28 01:20:00
1774661100000,1.667,1.667,1.667,1.667,0.0,2026-03-28 01:25:00
1774661400000,1.667,1.667,1.667,1.667,0.0,2026-03-28 01:30:00
1774661700000,1.667,1.667,1.667,1.667,0.0,2026-03-28 01:35:00
1774662000000,1.667,1.667,1.667,1.667,0.0,2026-03-28 01:40:00
1774662300000,1.667,1.667,1.667,1.667,0.0,2026-03-28 01:45:00
1774662600000,1.667,1.667,1.667,1.667,0.0,2026-03-28 01:50:00
1774662900000,1.667,1.667,1.667,1.667,0.0,2026-03-28 01:55:00
1774663200000,1.667,1.667,1.667,1.667,0.0,2026-03-28 02:00:00
1774663500000,1.648,1.648,1.648,1.648,4.0,2026-03-28 02:05:00
1774663800000,1.648,1.648,1.648,1.648,0.0,2026-03-28 02:10:00
1774664100000,1.648,1.648,1.648,1.648,0.0,2026-03-28 02:15:00
1774664400000,1.648,1.648,1.648,1.648,0.0,2026-03-28 02:20:00
1774664700000,1.648,1.648,1.648,1.648,0.0,2026-03-28 02:25:00
1774665000000,1.648,1.648,1.648,1.648,0.0,2026-03-28 02:30:00
1774665300000,1.648,1.648,1.648,1.648,0.0,2026-03-28 02:35:00
1774665600000,1.648,1.648,1.648,1.648,0.0,2026-03-28 02:40:00
1774665900000,1.648,1.648,1.648,1.648,0.0,2026-03-28 02:45:00
1774666200000,1.648,1.648,1.648,1.648,0.0,2026-03-28 02:50:00
1774666500000,1.648,1.648,1.648,1.648,0.0,2026-03-28 02:55:00
1774666800000,1.648,1.648,1.648,1.648,0.0,2026-03-28 03:00:00
1774667100000,1.648,1.648,1.648,1.648,0.0,2026-03-28 03:05:00
1774667400000,1.648,1.648,1.648,1.648,0.0,2026-03-28 03:10:00
1774667700000,1.648,1.648,1.648,1.648,0.0,2026-03-28 03:15:00
1774668000000,1.648,1.648,1.648,1.648,0.0,2026-03-28 03:20:00
1774668300000,1.648,1.648,1.648,1.648,0.0,2026-03-28 03:25:00
1774668600000,1.648,1.648,1.648,1.648,0.0,2026-03-28 03:30:00
1774668900000,1.648,1.648,1.648,1.648,0.0,2026-03-28 03:35:00
1774669200000,1.648,1.648,1.648,1.648,0.0,2026-03-28 03:40:00
1774669500000,1.648,1.648,1.648,1.648,0.0,2026-03-28 03:45:00
1774669800000,1.648,1.648,1.648,1.648,0.0,2026-03-28 03:50:00
1774670100000,1.648,1.648,1.648,1.648,0.0,2026-03-28 03:55:00
1774670400000,1.648,1.648,1.648,1.648,0.0,2026-03-28 04:00:00
1774670700000,1.648,1.648,1.648,1.648,0.0,2026-03-28 04:05:00
1774671000000,1.648,1.648,1.648,1.648,0.0,2026-03-28 04:10:00
1774671300000,1.648,1.648,1.648,1.648,0.0,2026-03-28 04:15:00
1774671600000,1.648,1.648,1.648,1.648,0.0,2026-03-28 04:20:00
1774671900000,1.648,1.648,1.648,1.648,0.0,2026-03-28 04:25:00
1774672200000,1.648,1.648,1.648,1.648,0.0,2026-03-28 04:30:00
1774672500000,1.648,1.648,1.648,1.648,0.0,2026-03-28 04:35:00
1774672800000,1.648,1.648,1.648,1.648,0.0,2026-03-28 04:40:00
1774673100000,1.648,1.648,1.648,1.648,0.0,2026-03-28 04:45:00
1774673400000,1.648,1.648,1.648,1.648,0.0,2026-03-28 04:50:00
1774673700000,1.648,1.648,1.648,1.648,0.0,2026-03-28 04:55:00
1774674000000,1.648,1.648,1.648,1.648,0.0,2026-03-28 05:00:00
1774674300000,1.648,1.648,1.648,1.648,0.0,2026-03-28 05:05:00
1774674600000,1.648,1.648,1.648,1.648,0.0,2026-03-28 05:10:00
1774674900000,1.648,1.648,1.648,1.648,0.0,2026-03-28 05:15:00
1774675200000,1.648,1.648,1.648,1.648,0.0,2026-03-28 05:20:00
1774675500000,1.648,1.648,1.648,1.648,0.0,2026-03-28 05:25:00
1774675800000,1.648,1.648,1.648,1.648,0.0,2026-03-28 05:30:00
1774676100000,1.648,1.648,1.648,1.648,0.0,2026-03-28 05:35:00
1774676400000,1.648,1.648,1.648,1.648,0.0,2026-03-28 05:40:00
1774676700000,1.648,1.648,1.648,1.648,0.0,2026-03-28 05:45:00
1774677000000,1.648,1.648,1.648,1.648,0.0,2026-03-28 05:50:00
1774677300000,1.648,1.648,1.648,1.648,0.0,2026-03-28 05:55:00
1774677600000,1.687,1.687,1.687,1.687,1.77,2026-03-28 06:00:00
1774677900000,1.687,1.687,1.687,1.687,0.0,2026-03-28 06:05:00
1774678200000,1.687,1.687,1.687,1.687,0.0,2026-03-28 06:10:00
1774678500000,1.687,1.687,1.687,1.687,0.0,2026-03-28 06:15:00
1774678800000,1.687,1.687,1.687,1.687,0.0,2026-03-28 06:20:00
1774679100000,1.687,1.687,1.687,1.687,0.0,2026-03-28 06:25:00
1774679400000,1.687,1.687,1.687,1.687,0.0,2026-03-28 06:30:00
1774679700000,1.687,1.687,1.687,1.687,0.0,2026-03-28 06:35:00
1774680000000,1.687,1.687,1.687,1.687,0.0,2026-03-28 06:40:00
1774680300000,1.687,1.687,1.687,1.687,0.0,2026-03-28 06:45:00
1774680600000,1.687,1.687,1.687,1.687,0.0,2026-03-28 06:50:00
1774680900000,1.687,1.687,1.687,1.687,0.0,2026-03-28 06:55:00
1774681200000,1.687,1.687,1.687,1.687,2.95,2026-03-28 07:00:00
1774681500000,1.687,1.687,1.687,1.687,0.0,2026-03-28 07:05:00
1774681800000,1.687,1.687,1.687,1.687,0.0,2026-03-28 07:10:00
1774682100000,1.687,1.687,1.687,1.687,0.0,2026-03-28 07:15:00
1774682400000,1.687,1.687,1.687,1.687,0.0,2026-03-28 07:20:00
1774682700000,1.687,1.687,1.687,1.687,0.0,2026-03-28 07:25:00
1774683000000,1.687,1.687,1.687,1.687,0.0,2026-03-28 07:30:00
1774683300000,1.687,1.687,1.687,1.687,0.0,2026-03-28 07:35:00
1774683600000,1.687,1.687,1.687,1.687,0.0,2026-03-28 07:40:00
1774683900000,1.687,1.687,1.687,1.687,0.0,2026-03-28 07:45:00
1774684200000,1.687,1.687,1.687,1.687,0.0,2026-03-28 07:50:00
1774684500000,1.687,1.687,1.687,1.687,0.0,2026-03-28 07:55:00
1774684800000,1.687,1.687,1.687,1.687,0.0,2026-03-28 08:00:00
1774685100000,1.688,1.688,1.688,1.688,22.61,2026-03-28 08:05:00
1774685400000,1.688,1.688,1.688,1.688,0.0,2026-03-28 08:10:00
1774685700000,1.688,1.688,1.688,1.688,0.0,2026-03-28 08:15:00
1774686000000,1.688,1.688,1.688,1.688,0.0,2026-03-28 08:20:00
1774686300000,1.688,1.688,1.688,1.688,0.0,2026-03-28 08:25:00
1774686600000,1.688,1.688,1.688,1.688,0.0,2026-03-28 08:30:00
1774686900000,1.688,1.688,1.688,1.688,0.0,2026-03-28 08:35:00
1774687200000,1.704,1.704,1.704,1.704,12.73,2026-03-28 08:40:00
1774687500000,1.704,1.704,1.704,1.704,0.0,2026-03-28 08:45:00
1774687800000,1.704,1.704,1.704,1.704,0.0,2026-03-28 08:50:00
1774688100000,1.704,1.704,1.704,1.704,0.0,2026-03-28 08:55:00
1774688400000,1.704,1.704,1.704,1.704,1.76,2026-03-28 09:00:00
1774688700000,1.704,1.704,1.704,1.704,0.0,2026-03-28 09:05:00
1774689000000,1.704,1.704,1.704,1.704,3.6,2026-03-28 09:10:00
1774689300000,1.704,1.704,1.704,1.704,0.0,2026-03-28 09:15:00
1774689600000,1.704,1.704,1.704,1.704,0.0,2026-03-28 09:20:00
1774689900000,1.704,1.704,1.704,1.704,0.0,2026-03-28 09:25:00
1774690200000,1.704,1.704,1.704,1.704,0.0,2026-03-28 09:30:00
1774690500000,1.704,1.704,1.704,1.704,0.0,2026-03-28 09:35:00
1774690800000,1.704,1.704,1.704,1.704,0.0,2026-03-28 09:40:00
1774691100000,1.704,1.704,1.704,1.704,0.0,2026-03-28 09:45:00
1774691400000,1.704,1.704,1.704,1.704,0.0,2026-03-28 09:50:00
1774691700000,1.704,1.704,1.704,1.704,0.0,2026-03-28 09:55:00
1774692000000,1.704,1.704,1.704,1.704,0.0,2026-03-28 10:00:00
1774692300000,1.704,1.704,1.704,1.704,0.0,2026-03-28 10:05:00
1774692600000,1.704,1.704,1.704,1.704,0.0,2026-03-28 10:10:00
1774692900000,1.704,1.704,1.704,1.704,0.0,2026-03-28 10:15:00
1774693200000,1.704,1.704,1.704,1.704,0.0,2026-03-28 10:20:00
1774693500000,1.704,1.704,1.704,1.704,0.0,2026-03-28 10:25:00
1774693800000,1.704,1.704,1.704,1.704,0.0,2026-03-28 10:30:00
1774694100000,1.704,1.704,1.704,1.704,0.0,2026-03-28 10:35:00
1774694400000,1.704,1.704,1.704,1.704,0.0,2026-03-28 10:40:00
1774694700000,1.704,1.704,1.704,1.704,0.0,2026-03-28 10:45:00
1774695000000,1.704,1.704,1.704,1.704,0.0,2026-03-28 10:50:00
1774695300000,1.704,1.704,1.704,1.704,0.0,2026-03-28 10:55:00
1774695600000,1.704,1.704,1.704,1.704,0.0,2026-03-28 11:00:00
1774695900000,1.696,1.696,1.696,1.696,58.83,2026-03-28 11:05:00
1774696200000,1.696,1.696,1.696,1.696,0.0,2026-03-28 11:10:00
1774696500000,1.696,1.696,1.696,1.696,0.0,2026-03-28 11:15:00
1774696800000,1.696,1.696,1.696,1.696,0.0,2026-03-28 11:20:00
1774697100000,1.696,1.696,1.696,1.696,0.0,2026-03-28 11:25:00
1774697400000,1.696,1.696,1.696,1.696,0.0,2026-03-28 11:30:00
1774697700000,1.696,1.696,1.696,1.696,0.0,2026-03-28 11:35:00
1774698000000,1.696,1.696,1.696,1.696,0.0,2026-03-28 11:40:00
1774698300000,1.696,1.696,1.696,1.696,0.0,2026-03-28 11:45:00
1774698600000,1.696,1.696,1.696,1.696,0.0,2026-03-28 11:50:00
1774698900000,1.696,1.696,1.696,1.696,0.0,2026-03-28 11:55:00
1774699200000,1.696,1.696,1.696,1.696,0.0,2026-03-28 12:00:00
1774699500000,1.696,1.696,1.696,1.696,0.0,2026-03-28 12:05:00
1774699800000,1.696,1.696,1.696,1.696,0.0,2026-03-28 12:10:00
1774700100000,1.696,1.696,1.696,1.696,0.0,2026-03-28 12:15:00
1774700400000,1.696,1.696,1.696,1.696,0.0,2026-03-28 12:20:00
1774700700000,1.696,1.696,1.696,1.696,0.0,2026-03-28 12:25:00
1774701000000,1.696,1.696,1.696,1.696,0.0,2026-03-28 12:30:00
1774701300000,1.687,1.687,1.686,1.686,31.66,2026-03-28 12:35:00
1774701600000,1.686,1.686,1.686,1.686,0.0,2026-03-28 12:40:00
1774701900000,1.686,1.686,1.686,1.686,0.0,2026-03-28 12:45:00
1774702200000,1.686,1.686,1.686,1.686,0.0,2026-03-28 12:50:00
1774702500000,1.686,1.686,1.686,1.686,5.93,2026-03-28 12:55:00
1774702800000,1.686,1.686,1.686,1.686,0.0,2026-03-28 13:00:00
1774703100000,1.686,1.686,1.686,1.686,0.0,2026-03-28 13:05:00
1774703400000,1.686,1.686,1.686,1.686,0.0,2026-03-28 13:10:00
1774703700000,1.686,1.686,1.686,1.686,0.0,2026-03-28 13:15:00
1774704000000,1.686,1.686,1.686,1.686,0.0,2026-03-28 13:20:00
1774704300000,1.686,1.686,1.686,1.686,0.0,2026-03-28 13:25:00
1774704600000,1.686,1.686,1.686,1.686,0.0,2026-03-28 13:30:00
1774704900000,1.686,1.686,1.686,1.686,0.0,2026-03-28 13:35:00
1774705200000,1.686,1.686,1.686,1.686,0.0,2026-03-28 13:40:00
1774705500000,1.686,1.686,1.686,1.686,0.0,2026-03-28 13:45:00
1774705800000,1.686,1.686,1.686,1.686,0.0,2026-03-28 13:50:00
1774706100000,1.686,1.686,1.686,1.686,0.0,2026-03-28 13:55:00
1774706400000,1.686,1.686,1.686,1.686,0.0,2026-03-28 14:00:00
1774706700000,1.686,1.686,1.686,1.686,0.0,2026-03-28 14:05:00
1774707000000,1.686,1.686,1.686,1.686,0.0,2026-03-28 14:10:00
1774707300000,1.686,1.686,1.686,1.686,0.0,2026-03-28 14:15:00
1774707600000,1.686,1.686,1.686,1.686,0.0,2026-03-28 14:20:00
1774707900000,1.686,1.686,1.686,1.686,0.0,2026-03-28 14:25:00
1774708200000,1.686,1.686,1.686,1.686,0.0,2026-03-28 14:30:00
1774708500000,1.697,1.697,1.697,1.697,1.76,2026-03-28 14:35:00
1774708800000,1.697,1.697,1.697,1.697,0.0,2026-03-28 14:40:00
1774709100000,1.697,1.697,1.697,1.697,0.0,2026-03-28 14:45:00
1774709400000,1.697,1.697,1.697,1.697,0.0,2026-03-28 14:50:00
1774709700000,1.697,1.697,1.697,1.697,0.0,2026-03-28 14:55:00
1774710000000,1.697,1.697,1.697,1.697,0.0,2026-03-28 15:00:00
1774710300000,1.697,1.697,1.697,1.697,0.0,2026-03-28 15:05:00
1774710600000,1.697,1.697,1.697,1.697,0.0,2026-03-28 15:10:00
1774710900000,1.697,1.697,1.697,1.697,0.0,2026-03-28 15:15:00
1774711200000,1.697,1.697,1.697,1.697,0.0,2026-03-28 15:20:00
1774711500000,1.697,1.697,1.697,1.697,0.0,2026-03-28 15:25:00
1774711800000,1.704,1.704,1.704,1.704,57.12,2026-03-28 15:30:00
1774712100000,1.704,1.704,1.704,1.704,0.0,2026-03-28 15:35:00
1774712400000,1.704,1.704,1.704,1.704,0.0,2026-03-28 15:40:00
1774712700000,1.704,1.704,1.704,1.704,0.0,2026-03-28 15:45:00
1774713000000,1.704,1.704,1.704,1.704,0.0,2026-03-28 15:50:00
1774713300000,1.704,1.704,1.704,1.704,0.0,2026-03-28 15:55:00
1774713600000,1.704,1.704,1.704,1.704,0.0,2026-03-28 16:00:00
1774713900000,1.704,1.704,1.704,1.704,0.0,2026-03-28 16:05:00
1774714200000,1.704,1.704,1.704,1.704,0.0,2026-03-28 16:10:00
1774714500000,1.704,1.704,1.704,1.704,0.0,2026-03-28 16:15:00
1774714800000,1.704,1.704,1.704,1.704,0.0,2026-03-28 16:20:00
1774715100000,1.704,1.704,1.704,1.704,0.0,2026-03-28 16:25:00
1774715400000,1.704,1.704,1.668,1.668,12.3,2026-03-28 16:30:00
1774715700000,1.668,1.668,1.668,1.668,0.0,2026-03-28 16:35:00
1774716000000,1.668,1.668,1.668,1.668,0.0,2026-03-28 16:40:00
1774716300000,1.668,1.668,1.668,1.668,0.0,2026-03-28 16:45:00
1774716600000,1.668,1.668,1.668,1.668,0.0,2026-03-28 16:50:00
1774716900000,1.668,1.668,1.668,1.668,0.0,2026-03-28 16:55:00
1774717200000,1.668,1.668,1.668,1.668,0.0,2026-03-28 17:00:00
1774717500000,1.668,1.668,1.668,1.668,0.0,2026-03-28 17:05:00
1774717800000,1.668,1.668,1.668,1.668,0.0,2026-03-28 17:10:00
1774718100000,1.668,1.668,1.668,1.668,0.0,2026-03-28 17:15:00
1774718400000,1.662,1.662,1.662,1.662,3.04,2026-03-28 17:20:00
1774718700000,1.662,1.662,1.662,1.662,0.0,2026-03-28 17:25:00
1774719000000,1.662,1.662,1.662,1.662,0.0,2026-03-28 17:30:00
1774719300000,1.662,1.662,1.662,1.662,0.0,2026-03-28 17:35:00
1774719600000,1.662,1.662,1.662,1.662,0.0,2026-03-28 17:40:00
1774719900000,1.664,1.664,1.664,1.664,24.0,2026-03-28 17:45:00
1774720200000,1.664,1.664,1.664,1.664,0.0,2026-03-28 17:50:00
1774720500000,1.664,1.664,1.664,1.664,0.0,2026-03-28 17:55:00
1774720800000,1.664,1.664,1.664,1.664,0.0,2026-03-28 18:00:00
1774721100000,1.664,1.664,1.664,1.664,0.0,2026-03-28 18:05:00
1774721400000,1.664,1.664,1.664,1.664,0.0,2026-03-28 18:10:00
1774721700000,1.664,1.664,1.664,1.664,0.0,2026-03-28 18:15:00
1774722000000,1.664,1.664,1.664,1.664,0.0,2026-03-28 18:20:00
1774722300000,1.664,1.664,1.664,1.664,0.0,2026-03-28 18:25:00
1774722600000,1.664,1.664,1.664,1.664,0.0,2026-03-28 18:30:00
1774722900000,1.664,1.664,1.664,1.664,0.0,2026-03-28 18:35:00
1774723200000,1.664,1.664,1.664,1.664,0.0,2026-03-28 18:40:00
1774723500000,1.664,1.664,1.664,1.664,0.0,2026-03-28 18:45:00
1774723800000,1.664,1.664,1.664,1.664,0.0,2026-03-28 18:50:00
1774724100000,1.7,1.704,1.7,1.704,75.53,2026-03-28 18:55:00
1774724400000,1.704,1.704,1.704,1.704,29.18,2026-03-28 19:00:00
1774724700000,1.704,1.704,1.704,1.704,0.0,2026-03-28 19:05:00
1774725000000,1.704,1.704,1.704,1.704,0.0,2026-03-28 19:10:00
1774725300000,1.704,1.704,1.704,1.704,0.0,2026-03-28 19:15:00
1774725600000,1.703,1.703,1.703,1.703,4.53,2026-03-28 19:20:00
1774725900000,1.703,1.703,1.703,1.703,0.0,2026-03-28 19:25:00
1774726200000,1.703,1.703,1.703,1.703,0.0,2026-03-28 19:30:00
1774726500000,1.703,1.703,1.703,1.703,0.0,2026-03-28 19:35:00
1774726800000,1.703,1.703,1.703,1.703,0.0,2026-03-28 19:40:00
1774727100000,1.703,1.703,1.703,1.703,0.0,2026-03-28 19:45:00
1774727400000,1.703,1.703,1.703,1.703,0.0,2026-03-28 19:50:00
1774727700000,1.703,1.703,1.703,1.703,0.0,2026-03-28 19:55:00
1774728000000,1.703,1.703,1.703,1.703,0.0,2026-03-28 20:00:00
1774728300000,1.702,1.702,1.664,1.664,67.82,2026-03-28 20:05:00
1774728600000,1.664,1.664,1.664,1.664,0.0,2026-03-28 20:10:00
1774728900000,1.664,1.664,1.664,1.664,0.0,2026-03-28 20:15:00
1774729200000,1.664,1.664,1.664,1.664,0.0,2026-03-28 20:20:00
1774729500000,1.664,1.664,1.664,1.664,0.0,2026-03-28 20:25:00
1774729800000,1.664,1.664,1.664,1.664,0.0,2026-03-28 20:30:00
1774730100000,1.664,1.664,1.664,1.664,0.0,2026-03-28 20:35:00
1774730400000,1.664,1.664,1.664,1.664,0.0,2026-03-28 20:40:00
1774730700000,1.664,1.664,1.664,1.664,0.0,2026-03-28 20:45:00
1774731000000,1.664,1.664,1.664,1.664,0.0,2026-03-28 20:50:00
1774731300000,1.664,1.664,1.664,1.664,0.0,2026-03-28 20:55:00
1774731600000,1.664,1.664,1.664,1.664,0.0,2026-03-28 21:00:00
1774731900000,1.664,1.664,1.664,1.664,0.0,2026-03-28 21:05:00
1774732200000,1.664,1.664,1.664,1.664,0.0,2026-03-28 21:10:00
1774732500000,1.664,1.664,1.664,1.664,0.0,2026-03-28 21:15:00
1774732800000,1.664,1.664,1.664,1.664,0.0,2026-03-28 21:20:00
1774733100000,1.664,1.664,1.664,1.664,0.0,2026-03-28 21:25:00
1774733400000,1.664,1.664,1.664,1.664,0.0,2026-03-28 21:30:00
1774733700000,1.664,1.664,1.664,1.664,0.0,2026-03-28 21:35:00
1774734000000,1.664,1.664,1.664,1.664,0.0,2026-03-28 21:40:00
1774734300000,1.664,1.664,1.664,1.664,0.0,2026-03-28 21:45:00
1774734600000,1.664,1.664,1.664,1.664,0.0,2026-03-28 21:50:00
1774734900000,1.664,1.664,1.664,1.664,0.0,2026-03-28 21:55:00
1774735200000,1.664,1.664,1.664,1.664,0.0,2026-03-28 22:00:00
1774735500000,1.664,1.664,1.664,1.664,0.0,2026-03-28 22:05:00
1774735800000,1.664,1.664,1.664,1.664,0.0,2026-03-28 22:10:00
1774736100000,1.664,1.664,1.664,1.664,0.0,2026-03-28 22:15:00
1774736400000,1.664,1.664,1.664,1.664,0.0,2026-03-28 22:20:00
1774736700000,1.664,1.664,1.664,1.664,0.0,2026-03-28 22:25:00
1774737000000,1.664,1.664,1.664,1.664,0.0,2026-03-28 22:30:00
1774737300000,1.664,1.664,1.664,1.664,0.0,2026-03-28 22:35:00
1774737600000,1.664,1.664,1.664,1.664,0.0,2026-03-28 22:40:00
1774737900000,1.664,1.664,1.664,1.664,0.0,2026-03-28 22:45:00
1774738200000,1.664,1.664,1.664,1.664,0.0,2026-03-28 22:50:00
1774738500000,1.664,1.664,1.664,1.664,0.0,2026-03-28 22:55:00
1774738800000,1.664,1.664,1.664,1.664,0.0,2026-03-28 23:00:00
1774739100000,1.664,1.664,1.664,1.664,0.0,2026-03-28 23:05:00
1774739400000,1.664,1.664,1.664,1.664,0.0,2026-03-28 23:10:00
1774739700000,1.664,1.664,1.664,1.664,0.0,2026-03-28 23:15:00
1774740000000,1.664,1.664,1.664,1.664,0.0,2026-03-28 23:20:00
1774740300000,1.664,1.664,1.664,1.664,0.0,2026-03-28 23:25:00
1774740600000,1.664,1.664,1.664,1.664,0.0,2026-03-28 23:30:00
1774740900000,1.664,1.664,1.664,1.664,0.0,2026-03-28 23:35:00
1774741200000,1.664,1.664,1.664,1.664,0.0,2026-03-28 23:40:00
1774741500000,1.664,1.664,1.664,1.664,0.0,2026-03-28 23:45:00
1774741800000,1.664,1.664,1.664,1.664,0.0,2026-03-28 23:50:00
1774742100000,1.664,1.664,1.664,1.664,43.0,2026-03-28 23:55:00
1774742400000,1.664,1.664,1.664,1.664,0.0,2026-03-29 00:00:00
1774742700000,1.664,1.664,1.664,1.664,0.0,2026-03-29 00:05:00
1774743000000,1.664,1.664,1.664,1.664,0.0,2026-03-29 00:10:00
1774743300000,1.681,1.681,1.681,1.681,6.58,2026-03-29 00:15:00
1774743600000,1.674,1.674,1.674,1.674,2.75,2026-03-29 00:20:00
1774743900000,1.674,1.677,1.674,1.677,12.12,2026-03-29 00:25:00
1774744200000,1.677,1.677,1.646,1.662,138.77,2026-03-29 00:30:00
1774744500000,1.661,1.661,1.66,1.66,45.08,2026-03-29 00:35:00
1774744800000,1.66,1.661,1.66,1.661,9.73,2026-03-29 00:40:00
1774745100000,1.661,1.661,1.661,1.661,9.69,2026-03-29 00:45:00
1774745400000,1.662,1.662,1.662,1.662,0.76,2026-03-29 00:50:00
1774745700000,1.662,1.662,1.662,1.662,0.0,2026-03-29 00:55:00
1774746000000,1.661,1.661,1.661,1.661,3.0,2026-03-29 01:00:00
1774746300000,1.662,1.662,1.662,1.662,56.27,2026-03-29 01:05:00
1774746600000,1.662,1.662,1.662,1.662,0.0,2026-03-29 01:10:00
1774746900000,1.662,1.662,1.662,1.662,0.0,2026-03-29 01:15:00
1774747200000,1.662,1.662,1.662,1.662,0.0,2026-03-29 01:20:00
1774747500000,1.662,1.662,1.662,1.662,0.0,2026-03-29 01:25:00
1774747800000,1.662,1.662,1.662,1.662,0.0,2026-03-29 01:30:00
1774748100000,1.662,1.662,1.662,1.662,0.0,2026-03-29 01:35:00
1774748400000,1.662,1.662,1.662,1.662,0.0,2026-03-29 01:40:00
1774748700000,1.662,1.662,1.662,1.662,0.0,2026-03-29 01:45:00
1774749000000,1.662,1.662,1.662,1.662,0.0,2026-03-29 01:50:00
1774749300000,1.662,1.662,1.662,1.662,0.0,2026-03-29 01:55:00
1774749600000,1.662,1.662,1.662,1.662,0.0,2026-03-29 02:00:00
1774749900000,1.662,1.662,1.662,1.662,0.0,2026-03-29 02:05:00
1774750200000,1.662,1.662,1.662,1.662,0.0,2026-03-29 02:10:00
1774750500000,1.662,1.662,1.662,1.662,0.0,2026-03-29 02:15:00
1774750800000,1.662,1.662,1.662,1.662,0.0,2026-03-29 02:20:00
1774751100000,1.662,1.662,1.662,1.662,0.0,2026-03-29 02:25:00
1774751400000,1.662,1.662,1.662,1.662,0.0,2026-03-29 02:30:00
1774751700000,1.662,1.662,1.662,1.662,0.0,2026-03-29 02:35:00
1774752000000,1.662,1.662,1.662,1.662,0.0,2026-03-29 02:40:00
1774752300000,1.662,1.662,1.662,1.662,0.0,2026-03-29 02:45:00
1774752600000,1.662,1.662,1.662,1.662,0.0,2026-03-29 02:50:00
1774752900000,1.662,1.662,1.662,1.662,0.0,2026-03-29 02:55:00
1774753200000,1.662,1.662,1.662,1.662,0.0,2026-03-29 03:00:00
1774753500000,1.662,1.662,1.662,1.662,0.0,2026-03-29 03:05:00
1774753800000,1.662,1.662,1.662,1.662,0.0,2026-03-29 03:10:00
1774754100000,1.662,1.662,1.662,1.662,0.0,2026-03-29 03:15:00
1774754400000,1.662,1.662,1.662,1.662,0.0,2026-03-29 03:20:00
1774754700000,1.662,1.662,1.662,1.662,0.0,2026-03-29 03:25:00
1774755000000,1.662,1.662,1.662,1.662,0.0,2026-03-29 03:30:00
1774755300000,1.662,1.662,1.662,1.662,0.0,2026-03-29 03:35:00
1774755600000,1.681,1.681,1.681,1.681,55.55,2026-03-29 03:40:00
1774755900000,1.68,1.68,1.68,1.68,59.48,2026-03-29 03:45:00
1774756200000,1.68,1.68,1.68,1.68,0.0,2026-03-29 03:50:00
1774756500000,1.68,1.68,1.68,1.68,0.0,2026-03-29 03:55:00
1774756800000,1.68,1.68,1.68,1.68,0.0,2026-03-29 04:00:00
1774757100000,1.68,1.68,1.68,1.68,0.0,2026-03-29 04:05:00
1774757400000,1.68,1.68,1.68,1.68,0.0,2026-03-29 04:10:00
1774757700000,1.68,1.68,1.68,1.68,0.0,2026-03-29 04:15:00
1774758000000,1.68,1.68,1.68,1.68,0.0,2026-03-29 04:20:00
1774758300000,1.68,1.68,1.68,1.68,0.0,2026-03-29 04:25:00
1774758600000,1.68,1.68,1.68,1.68,0.0,2026-03-29 04:30:00
1774758900000,1.68,1.68,1.68,1.68,0.0,2026-03-29 04:35:00
1774759200000,1.68,1.68,1.68,1.68,0.0,2026-03-29 04:40:00
1774759500000,1.68,1.68,1.68,1.68,0.0,2026-03-29 04:45:00
1774759800000,1.68,1.68,1.68,1.68,20.83,2026-03-29 04:50:00
1774760100000,1.68,1.68,1.68,1.68,0.0,2026-03-29 04:55:00
1774760400000,1.68,1.68,1.68,1.68,0.0,2026-03-29 05:00:00
1774760700000,1.68,1.68,1.68,1.68,0.0,2026-03-29 05:05:00
1774761000000,1.68,1.68,1.68,1.68,0.0,2026-03-29 05:10:00
1774761300000,1.68,1.68,1.68,1.68,0.0,2026-03-29 05:15:00
1774761600000,1.68,1.68,1.68,1.68,0.0,2026-03-29 05:20:00
1774761900000,1.68,1.68,1.68,1.68,0.0,2026-03-29 05:25:00
1774762200000,1.68,1.68,1.68,1.68,0.0,2026-03-29 05:30:00
1774762500000,1.68,1.68,1.68,1.68,0.0,2026-03-29 05:35:00
1774762800000,1.68,1.68,1.68,1.68,0.0,2026-03-29 05:40:00
1774763100000,1.68,1.68,1.68,1.68,0.0,2026-03-29 05:45:00
1774763400000,1.68,1.68,1.68,1.68,0.0,2026-03-29 05:50:00
1774763700000,1.68,1.68,1.68,1.68,0.0,2026-03-29 05:55:00
1774764000000,1.68,1.68,1.68,1.68,0.0,2026-03-29 06:00:00
1774764300000,1.648,1.648,1.648,1.648,41.45,2026-03-29 06:05:00
1774764600000,1.648,1.648,1.648,1.648,0.0,2026-03-29 06:10:00
1774764900000,1.648,1.648,1.648,1.648,0.0,2026-03-29 06:15:00
1774765200000,1.648,1.648,1.648,1.648,0.0,2026-03-29 06:20:00
1774765500000,1.648,1.648,1.648,1.648,0.0,2026-03-29 06:25:00
1774765800000,1.648,1.648,1.648,1.648,0.0,2026-03-29 06:30:00
1774766100000,1.648,1.648,1.648,1.648,0.0,2026-03-29 06:35:00
1774766400000,1.648,1.648,1.648,1.648,0.0,2026-03-29 06:40:00
1774766700000,1.648,1.648,1.648,1.648,0.0,2026-03-29 06:45:00
1774767000000,1.648,1.648,1.648,1.648,0.0,2026-03-29 06:50:00
1774767300000,1.648,1.648,1.648,1.648,0.0,2026-03-29 06:55:00
1774767600000,1.66,1.66,1.66,1.66,3.0,2026-03-29 07:00:00
1774767900000,1.66,1.66,1.66,1.66,0.0,2026-03-29 07:05:00
1774768200000,1.66,1.66,1.66,1.66,0.0,2026-03-29 07:10:00
1774768500000,1.66,1.66,1.66,1.66,0.0,2026-03-29 07:15:00
1774768800000,1.66,1.66,1.66,1.66,0.0,2026-03-29 07:20:00
1774769100000,1.66,1.66,1.66,1.66,0.0,2026-03-29 07:25:00
1774769400000,1.66,1.66,1.66,1.66,0.0,2026-03-29 07:30:00
1774769700000,1.66,1.66,1.66,1.66,0.0,2026-03-29 07:35:00
1774770000000,1.66,1.66,1.66,1.66,0.0,2026-03-29 07:40:00
1774770300000,1.66,1.66,1.66,1.66,0.0,2026-03-29 07:45:00
1774770600000,1.66,1.66,1.66,1.66,0.0,2026-03-29 07:50:00
1774770900000,1.66,1.66,1.66,1.66,0.0,2026-03-29 07:55:00
1774771200000,1.66,1.66,1.66,1.66,0.0,2026-03-29 08:00:00
1774771500000,1.66,1.66,1.66,1.66,0.0,2026-03-29 08:05:00
1774771800000,1.66,1.66,1.66,1.66,0.0,2026-03-29 08:10:00
1774772100000,1.66,1.66,1.66,1.66,0.0,2026-03-29 08:15:00
1774772400000,1.66,1.66,1.66,1.66,0.0,2026-03-29 08:20:00
1774772700000,1.66,1.66,1.66,1.66,0.0,2026-03-29 08:25:00
1774773000000,1.66,1.66,1.66,1.66,0.0,2026-03-29 08:30:00
1774773300000,1.66,1.66,1.66,1.66,0.0,2026-03-29 08:35:00
1774773600000,1.66,1.66,1.66,1.66,0.0,2026-03-29 08:40:00
1774773900000,1.66,1.66,1.66,1.66,0.0,2026-03-29 08:45:00
1774774200000,1.66,1.66,1.66,1.66,0.0,2026-03-29 08:50:00
1774774500000,1.66,1.66,1.66,1.66,0.0,2026-03-29 08:55:00
1774774800000,1.66,1.66,1.66,1.66,1.8,2026-03-29 09:00:00
1774775100000,1.66,1.66,1.66,1.66,0.0,2026-03-29 09:05:00
1774775400000,1.66,1.66,1.66,1.66,0.0,2026-03-29 09:10:00
1774775700000,1.66,1.66,1.66,1.66,0.0,2026-03-29 09:15:00
1774776000000,1.648,1.648,1.648,1.648,49.79,2026-03-29 09:20:00
1774776300000,1.648,1.648,1.648,1.648,0.0,2026-03-29 09:25:00
1774776600000,1.648,1.648,1.648,1.648,0.0,2026-03-29 09:30:00
1774776900000,1.648,1.648,1.648,1.648,0.0,2026-03-29 09:35:00
1774777200000,1.648,1.648,1.648,1.648,0.0,2026-03-29 09:40:00
1774777500000,1.648,1.648,1.648,1.648,0.0,2026-03-29 09:45:00
1774777800000,1.648,1.648,1.648,1.648,0.0,2026-03-29 09:50:00
1774778100000,1.648,1.648,1.648,1.648,0.0,2026-03-29 09:55:00
1774778400000,1.648,1.648,1.648,1.648,20.71,2026-03-29 10:00:00
1774778700000,1.648,1.648,1.648,1.648,0.0,2026-03-29 10:05:00
1774779000000,1.648,1.648,1.648,1.648,0.0,2026-03-29 10:10:00
1774779300000,1.648,1.648,1.648,1.648,0.0,2026-03-29 10:15:00
1774779600000,1.648,1.648,1.648,1.648,0.0,2026-03-29 10:20:00
1774779900000,1.648,1.648,1.648,1.648,0.0,2026-03-29 10:25:00
1774780200000,1.648,1.648,1.648,1.648,0.0,2026-03-29 10:30:00
1774780500000,1.648,1.648,1.648,1.648,0.0,2026-03-29 10:35:00
1774780800000,1.648,1.648,1.648,1.648,0.0,2026-03-29 10:40:00
1774781100000,1.648,1.648,1.648,1.648,0.0,2026-03-29 10:45:00
1774781400000,1.648,1.648,1.648,1.648,0.0,2026-03-29 10:50:00
1774781700000,1.648,1.648,1.648,1.648,0.0,2026-03-29 10:55:00
1774782000000,1.648,1.648,1.648,1.648,0.0,2026-03-29 11:00:00
1774782300000,1.648,1.648,1.648,1.648,0.0,2026-03-29 11:05:00
1774782600000,1.648,1.648,1.648,1.648,0.0,2026-03-29 11:10:00
1774782900000,1.648,1.648,1.643,1.643,91.64,2026-03-29 11:15:00
1774783200000,1.643,1.643,1.643,1.643,0.0,2026-03-29 11:20:00
1774783500000,1.643,1.643,1.643,1.643,0.0,2026-03-29 11:25:00
1774783800000,1.643,1.643,1.643,1.643,0.0,2026-03-29 11:30:00
1774784100000,1.643,1.643,1.643,1.643,0.0,2026-03-29 11:35:00
1774784400000,1.643,1.643,1.643,1.643,0.0,2026-03-29 11:40:00
1774784700000,1.643,1.643,1.643,1.643,0.0,2026-03-29 11:45:00
1774785000000,1.643,1.643,1.643,1.643,0.0,2026-03-29 11:50:00
1774785300000,1.643,1.643,1.643,1.643,0.0,2026-03-29 11:55:00
1774785600000,1.643,1.643,1.643,1.643,0.0,2026-03-29 12:00:00
1774785900000,1.643,1.643,1.643,1.643,0.0,2026-03-29 12:05:00
1774786200000,1.643,1.643,1.643,1.643,0.0,2026-03-29 12:10:00
1774786500000,1.643,1.643,1.643,1.643,0.0,2026-03-29 12:15:00
1774786800000,1.643,1.643,1.643,1.643,0.0,2026-03-29 12:20:00
1774787100000,1.643,1.643,1.643,1.643,0.0,2026-03-29 12:25:00
1774787400000,1.643,1.643,1.643,1.643,0.0,2026-03-29 12:30:00
1774787700000,1.643,1.643,1.643,1.643,0.0,2026-03-29 12:35:00
1774788000000,1.643,1.643,1.643,1.643,0.0,2026-03-29 12:40:00
1774788300000,1.643,1.643,1.643,1.643,0.0,2026-03-29 12:45:00
1774788600000,1.643,1.643,1.643,1.643,0.0,2026-03-29 12:50:00
1774788900000,1.643,1.643,1.643,1.643,0.0,2026-03-29 12:55:00
1774789200000,1.643,1.643,1.643,1.643,0.0,2026-03-29 13:00:00
1774789500000,1.643,1.643,1.643,1.643,0.0,2026-03-29 13:05:00
1774789800000,1.643,1.643,1.643,1.643,0.0,2026-03-29 13:10:00
1774790100000,1.643,1.643,1.643,1.643,0.0,2026-03-29 13:15:00
1774790400000,1.643,1.643,1.643,1.643,0.0,2026-03-29 13:20:00
1774790700000,1.642,1.642,1.641,1.641,550.0,2026-03-29 13:25:00
1774791000000,1.641,1.641,1.641,1.641,0.0,2026-03-29 13:30:00
1774791300000,1.641,1.641,1.641,1.641,0.0,2026-03-29 13:35:00
1774791600000,1.641,1.641,1.641,1.641,0.0,2026-03-29 13:40:00
1774791900000,1.641,1.641,1.641,1.641,0.0,2026-03-29 13:45:00
1774792200000,1.641,1.641,1.641,1.641,0.0,2026-03-29 13:50:00
1774792500000,1.641,1.641,1.641,1.641,0.0,2026-03-29 13:55:00
1774792800000,1.641,1.641,1.641,1.641,0.0,2026-03-29 14:00:00
1774793100000,1.641,1.641,1.641,1.641,0.0,2026-03-29 14:05:00
1774793400000,1.641,1.641,1.641,1.641,0.0,2026-03-29 14:10:00
1774793700000,1.641,1.641,1.641,1.641,0.0,2026-03-29 14:15:00
1774794000000,1.641,1.641,1.641,1.641,0.0,2026-03-29 14:20:00
1774794300000,1.641,1.641,1.641,1.641,0.0,2026-03-29 14:25:00
1774794600000,1.641,1.641,1.641,1.641,0.0,2026-03-29 14:30:00
1774794900000,1.641,1.641,1.641,1.641,0.0,2026-03-29 14:35:00
1774795200000,1.641,1.641,1.641,1.641,0.0,2026-03-29 14:40:00
1774795500000,1.641,1.641,1.641,1.641,0.0,2026-03-29 14:45:00
1774795800000,1.648,1.648,1.648,1.648,15.13,2026-03-29 14:50:00
1774796100000,1.648,1.648,1.648,1.648,0.0,2026-03-29 14:55:00
1774796400000,1.648,1.648,1.648,1.648,0.0,2026-03-29 15:00:00
1774796700000,1.648,1.648,1.648,1.648,0.0,2026-03-29 15:05:00
1774797000000,1.648,1.648,1.648,1.648,0.0,2026-03-29 15:10:00
1774797300000,1.648,1.648,1.648,1.648,0.0,2026-03-29 15:15:00
1774797600000,1.648,1.648,1.648,1.648,0.0,2026-03-29 15:20:00
1774797900000,1.648,1.648,1.648,1.648,0.0,2026-03-29 15:25:00
1774798200000,1.648,1.648,1.648,1.648,0.0,2026-03-29 15:30:00
1774798500000,1.648,1.648,1.648,1.648,0.0,2026-03-29 15:35:00
1774798800000,1.648,1.648,1.648,1.648,0.0,2026-03-29 15:40:00
1774799100000,1.648,1.648,1.648,1.648,0.0,2026-03-29 15:45:00
1774799400000,1.648,1.648,1.648,1.648,0.0,2026-03-29 15:50:00
1774799700000,1.648,1.648,1.648,1.648,0.0,2026-03-29 15:55:00
1774800000000,1.648,1.648,1.648,1.648,0.0,2026-03-29 16:00:00
1774800300000,1.648,1.648,1.648,1.648,0.0,2026-03-29 16:05:00
1774800600000,1.648,1.648,1.648,1.648,0.0,2026-03-29 16:10:00
1774800900000,1.649,1.649,1.649,1.649,3.02,2026-03-29 16:15:00
1774801200000,1.649,1.649,1.649,1.649,0.0,2026-03-29 16:20:00
1774801500000,1.649,1.649,1.649,1.649,0.0,2026-03-29 16:25:00
1774801800000,1.649,1.649,1.649,1.649,0.0,2026-03-29 16:30:00
1774802100000,1.649,1.649,1.649,1.649,0.0,2026-03-29 16:35:00
1774802400000,1.649,1.649,1.649,1.649,0.0,2026-03-29 16:40:00
1774802700000,1.649,1.649,1.649,1.649,0.0,2026-03-29 16:45:00
1774803000000,1.649,1.649,1.649,1.649,0.0,2026-03-29 16:50:00
1774803300000,1.649,1.649,1.649,1.649,0.0,2026-03-29 16:55:00
1774803600000,1.649,1.649,1.649,1.649,0.0,2026-03-29 17:00:00
1774803900000,1.649,1.649,1.649,1.649,0.0,2026-03-29 17:05:00
1774804200000,1.649,1.649,1.649,1.649,0.0,2026-03-29 17:10:00
1774804500000,1.649,1.649,1.649,1.649,0.0,2026-03-29 17:15:00
1774804800000,1.649,1.649,1.649,1.649,0.0,2026-03-29 17:20:00
1774805100000,1.649,1.649,1.649,1.649,0.0,2026-03-29 17:25:00
1774805400000,1.649,1.649,1.649,1.649,0.0,2026-03-29 17:30:00
1774805700000,1.649,1.649,1.649,1.649,0.0,2026-03-29 17:35:00
1774806000000,1.649,1.649,1.649,1.649,0.0,2026-03-29 17:40:00
1774806300000,1.649,1.649,1.649,1.649,0.0,2026-03-29 17:45:00
1774806600000,1.649,1.649,1.649,1.649,0.0,2026-03-29 17:50:00
1774806900000,1.649,1.649,1.649,1.649,0.0,2026-03-29 17:55:00
1774807200000,1.649,1.649,1.649,1.649,0.0,2026-03-29 18:00:00
1774807500000,1.649,1.649,1.649,1.649,0.0,2026-03-29 18:05:00
1774807800000,1.649,1.649,1.649,1.649,0.0,2026-03-29 18:10:00
1774808100000,1.649,1.649,1.649,1.649,0.0,2026-03-29 18:15:00
1774808400000,1.649,1.649,1.649,1.649,0.0,2026-03-29 18:20:00
1774808700000,1.657,1.657,1.657,1.657,3.8,2026-03-29 18:25:00
1774809000000,1.657,1.657,1.657,1.657,0.0,2026-03-29 18:30:00
1774809300000,1.657,1.657,1.657,1.657,0.0,2026-03-29 18:35:00
1774809600000,1.657,1.657,1.657,1.657,0.0,2026-03-29 18:40:00
1774809900000,1.657,1.657,1.657,1.657,0.0,2026-03-29 18:45:00
1774810200000,1.657,1.657,1.657,1.657,0.0,2026-03-29 18:50:00
1774810500000,1.657,1.657,1.657,1.657,0.0,2026-03-29 18:55:00
1774810800000,1.657,1.657,1.657,1.657,0.0,2026-03-29 19:00:00
1774811100000,1.657,1.657,1.657,1.657,0.0,2026-03-29 19:05:00
1774811400000,1.657,1.657,1.657,1.657,0.0,2026-03-29 19:10:00
1774811700000,1.657,1.657,1.657,1.657,0.0,2026-03-29 19:15:00
1774812000000,1.657,1.657,1.657,1.657,0.0,2026-03-29 19:20:00
1774812300000,1.657,1.657,1.657,1.657,0.0,2026-03-29 19:25:00
1774812600000,1.657,1.657,1.657,1.657,0.0,2026-03-29 19:30:00
1774812900000,1.657,1.657,1.657,1.657,0.0,2026-03-29 19:35:00
1774813200000,1.657,1.657,1.657,1.657,0.0,2026-03-29 19:40:00
1774813500000,1.657,1.657,1.657,1.657,0.0,2026-03-29 19:45:00
1774813800000,1.657,1.657,1.657,1.657,0.0,2026-03-29 19:50:00
1774814100000,1.657,1.657,1.657,1.657,0.0,2026-03-29 19:55:00
1774814400000,1.657,1.657,1.657,1.657,0.0,2026-03-29 20:00:00
1774814700000,1.657,1.657,1.657,1.657,0.0,2026-03-29 20:05:00
1774815000000,1.657,1.657,1.657,1.657,0.0,2026-03-29 20:10:00
1774815300000,1.657,1.657,1.657,1.657,0.0,2026-03-29 20:15:00
1774815600000,1.657,1.657,1.657,1.657,0.0,2026-03-29 20:20:00
1774815900000,1.657,1.657,1.657,1.657,0.0,2026-03-29 20:25:00
1774816200000,1.657,1.657,1.657,1.657,0.0,2026-03-29 20:30:00
1774816500000,1.657,1.657,1.657,1.657,0.0,2026-03-29 20:35:00
1774816800000,1.657,1.657,1.657,1.657,0.0,2026-03-29 20:40:00
1774817100000,1.657,1.657,1.657,1.657,0.0,2026-03-29 20:45:00
1774817400000,1.657,1.657,1.657,1.657,0.0,2026-03-29 20:50:00
1774817700000,1.657,1.657,1.657,1.657,0.0,2026-03-29 20:55:00
1774818000000,1.657,1.657,1.657,1.657,0.0,2026-03-29 21:00:00
1774818300000,1.657,1.657,1.657,1.657,0.0,2026-03-29 21:05:00
1774818600000,1.657,1.657,1.657,1.657,0.0,2026-03-29 21:10:00
1774818900000,1.657,1.657,1.657,1.657,0.0,2026-03-29 21:15:00
1774819200000,1.657,1.657,1.657,1.657,0.0,2026-03-29 21:20:00
1774819500000,1.657,1.657,1.657,1.657,0.0,2026-03-29 21:25:00
1774819800000,1.657,1.657,1.657,1.657,0.0,2026-03-29 21:30:00
1774820100000,1.657,1.657,1.657,1.657,0.0,2026-03-29 21:35:00
1774820400000,1.657,1.657,1.657,1.657,0.0,2026-03-29 21:40:00
1774820700000,1.659,1.659,1.659,1.659,45.2,2026-03-29 21:45:00
1774821000000,1.659,1.659,1.659,1.659,0.0,2026-03-29 21:50:00
1774821300000,1.659,1.659,1.659,1.659,0.0,2026-03-29 21:55:00
1774821600000,1.659,1.659,1.659,1.659,0.0,2026-03-29 22:00:00
1774821900000,1.659,1.659,1.659,1.659,0.0,2026-03-29 22:05:00
1774822200000,1.659,1.659,1.659,1.659,6.03,2026-03-29 22:10:00
1774822500000,1.623,1.659,1.623,1.659,35.96,2026-03-29 22:15:00
1774822800000,1.659,1.659,1.659,1.659,0.0,2026-03-29 22:20:00
1774823100000,1.659,1.659,1.659,1.659,0.0,2026-03-29 22:25:00
1774823400000,1.659,1.659,1.659,1.659,0.0,2026-03-29 22:30:00
1774823700000,1.659,1.659,1.659,1.659,0.0,2026-03-29 22:35:00
1774824000000,1.659,1.659,1.659,1.659,0.0,2026-03-29 22:40:00
1774824300000,1.618,1.618,1.618,1.618,3.05,2026-03-29 22:45:00
1774824600000,1.618,1.618,1.618,1.618,0.0,2026-03-29 22:50:00
1774824900000,1.618,1.618,1.618,1.618,0.0,2026-03-29 22:55:00
1774825200000,1.618,1.618,1.618,1.618,0.0,2026-03-29 23:00:00
1774825500000,1.618,1.618,1.618,1.618,0.0,2026-03-29 23:05:00
1774825800000,1.618,1.618,1.618,1.618,0.0,2026-03-29 23:10:00
1774826100000,1.618,1.618,1.618,1.618,0.0,2026-03-29 23:15:00
1774826400000,1.618,1.618,1.618,1.618,0.0,2026-03-29 23:20:00
1774826700000,1.618,1.618,1.618,1.618,0.0,2026-03-29 23:25:00
1774827000000,1.618,1.618,1.618,1.618,0.0,2026-03-29 23:30:00
1774827300000,1.618,1.618,1.618,1.618,0.0,2026-03-29 23:35:00
1774827600000,1.618,1.618,1.618,1.618,0.0,2026-03-29 23:40:00
1774827900000,1.618,1.618,1.618,1.618,0.0,2026-03-29 23:45:00
1774828200000,1.618,1.618,1.618,1.618,0.0,2026-03-29 23:50:00
1774828500000,1.618,1.618,1.618,1.618,0.0,2026-03-29 23:55:00
1774828800000,1.618,1.618,1.618,1.618,0.0,2026-03-30 00:00:00
1774829100000,1.618,1.618,1.618,1.618,0.0,2026-03-30 00:05:00
1774829400000,1.659,1.659,1.623,1.623,22.19,2026-03-30 00:10:00
1774829700000,1.659,1.663,1.659,1.663,67.17,2026-03-30 00:15:00
1774830000000,1.677,1.679,1.677,1.679,15.44,2026-03-30 00:20:00
1774830300000,1.679,1.679,1.679,1.679,27.95,2026-03-30 00:25:00
1774830600000,1.679,1.679,1.679,1.679,10.04,2026-03-30 00:30:00
1774830900000,1.679,1.679,1.668,1.668,8.34,2026-03-30 00:35:00
1774831200000,1.668,1.668,1.667,1.667,33.17,2026-03-30 00:40:00
1774831500000,1.67,1.67,1.662,1.665,9.36,2026-03-30 00:45:00
1774831800000,1.665,1.665,1.665,1.665,0.0,2026-03-30 00:50:00
1774832100000,1.663,1.663,1.663,1.663,0.69,2026-03-30 00:55:00
1774832400000,1.666,1.673,1.666,1.673,5.97,2026-03-30 01:00:00
1774832700000,1.673,1.673,1.673,1.673,0.0,2026-03-30 01:05:00
1774833000000,1.673,1.673,1.673,1.673,0.0,2026-03-30 01:10:00
1774833300000,1.673,1.673,1.673,1.673,0.0,2026-03-30 01:15:00
1774833600000,1.673,1.673,1.673,1.673,0.0,2026-03-30 01:20:00
1774833900000,1.673,1.673,1.673,1.673,0.0,2026-03-30 01:25:00
1774834200000,1.673,1.673,1.673,1.673,0.0,2026-03-30 01:30:00
1774834500000,1.673,1.673,1.673,1.673,0.0,2026-03-30 01:35:00
1774834800000,1.673,1.673,1.673,1.673,0.0,2026-03-30 01:40:00
1774835100000,1.629,1.672,1.629,1.629,45.53,2026-03-30 01:45:00
1774835400000,1.66,1.67,1.629,1.67,70.13,2026-03-30 01:50:00
1774835700000,1.67,1.67,1.67,1.67,59.74,2026-03-30 01:55:00
1774836000000,1.67,1.67,1.67,1.67,0.0,2026-03-30 02:00:00
1774836300000,1.67,1.67,1.67,1.67,0.0,2026-03-30 02:05:00
1774836600000,1.67,1.67,1.67,1.67,0.0,2026-03-30 02:10:00
1774836900000,1.67,1.67,1.67,1.67,0.0,2026-03-30 02:15:00
1774837200000,1.637,1.637,1.637,1.637,27.13,2026-03-30 02:20:00
1774837500000,1.637,1.637,1.637,1.637,0.0,2026-03-30 02:25:00
1774837800000,1.637,1.637,1.637,1.637,0.0,2026-03-30 02:30:00
1774838100000,1.637,1.637,1.637,1.637,0.0,2026-03-30 02:35:00
1774838400000,1.637,1.637,1.637,1.637,0.0,2026-03-30 02:40:00
1774838700000,1.67,1.671,1.637,1.671,52.26,2026-03-30 02:45:00
1774839000000,1.671,1.671,1.671,1.671,0.0,2026-03-30 02:50:00
1774839300000,1.671,1.671,1.671,1.671,0.0,2026-03-30 02:55:00
1774839600000,1.679,1.679,1.679,1.679,14.45,2026-03-30 03:00:00
1774839900000,1.679,1.679,1.679,1.679,0.0,2026-03-30 03:05:00
1774840200000,1.679,1.679,1.679,1.679,0.0,2026-03-30 03:10:00
1774840500000,1.679,1.679,1.679,1.679,0.0,2026-03-30 03:15:00
1774840800000,1.679,1.679,1.679,1.679,14.85,2026-03-30 03:20:00
1774841100000,1.679,1.679,1.679,1.679,0.0,2026-03-30 03:25:00
1774841400000,1.679,1.679,1.679,1.679,14.85,2026-03-30 03:30:00
1774841700000,1.679,1.679,1.679,1.679,0.0,2026-03-30 03:35:00
1774842000000,1.679,1.679,1.679,1.679,0.0,2026-03-30 03:40:00
1774842300000,1.679,1.679,1.679,1.679,0.0,2026-03-30 03:45:00
1774842600000,1.679,1.679,1.679,1.679,0.0,2026-03-30 03:50:00
1774842900000,1.679,1.679,1.679,1.679,0.0,2026-03-30 03:55:00
1774843200000,1.679,1.679,1.679,1.679,0.0,2026-03-30 04:00:00
1774843500000,1.679,1.679,1.679,1.679,0.0,2026-03-30 04:05:00
1774843800000,1.679,1.679,1.679,1.679,0.0,2026-03-30 04:10:00
1774844100000,1.679,1.679,1.679,1.679,0.0,2026-03-30 04:15:00
1774844400000,1.679,1.679,1.679,1.679,0.0,2026-03-30 04:20:00
1774844700000,1.679,1.679,1.679,1.679,0.0,2026-03-30 04:25:00
1774845000000,1.679,1.679,1.679,1.679,0.0,2026-03-30 04:30:00
1774845300000,1.679,1.679,1.679,1.679,0.0,2026-03-30 04:35:00
1774845600000,1.679,1.679,1.679,1.679,0.0,2026-03-30 04:40:00
1774845900000,1.679,1.679,1.679,1.679,0.0,2026-03-30 04:45:00
1774846200000,1.679,1.679,1.679,1.679,0.0,2026-03-30 04:50:00
1774846500000,1.679,1.679,1.679,1.679,0.0,2026-03-30 04:55:00
1774846800000,1.679,1.679,1.679,1.679,0.0,2026-03-30 05:00:00
1774847100000,1.679,1.679,1.679,1.679,0.0,2026-03-30 05:05:00
1774847400000,1.679,1.679,1.679,1.679,0.0,2026-03-30 05:10:00
1774847700000,1.679,1.679,1.679,1.679,0.0,2026-03-30 05:15:00
1774848000000,1.679,1.679,1.679,1.679,0.0,2026-03-30 05:20:00
1774848300000,1.679,1.679,1.679,1.679,0.0,2026-03-30 05:25:00
1774848600000,1.679,1.679,1.679,1.679,0.0,2026-03-30 05:30:00
1774848900000,1.679,1.679,1.679,1.679,0.0,2026-03-30 05:35:00
1774849200000,1.679,1.679,1.679,1.679,0.0,2026-03-30 05:40:00
1774849500000,1.679,1.679,1.679,1.679,0.0,2026-03-30 05:45:00
1774849800000,1.679,1.679,1.679,1.679,0.0,2026-03-30 05:50:00
1774850100000,1.679,1.679,1.679,1.679,0.0,2026-03-30 05:55:00
1774850400000,1.679,1.679,1.679,1.679,0.0,2026-03-30 06:00:00
1774850700000,1.679,1.679,1.679,1.679,0.0,2026-03-30 06:05:00
1774851000000,1.679,1.679,1.679,1.679,0.0,2026-03-30 06:10:00
1774851300000,1.679,1.679,1.679,1.679,0.0,2026-03-30 06:15:00
1774851600000,1.679,1.679,1.679,1.679,0.0,2026-03-30 06:20:00
1774851900000,1.679,1.679,1.679,1.679,0.0,2026-03-30 06:25:00
1774852200000,1.679,1.679,1.679,1.679,0.0,2026-03-30 06:30:00
1774852500000,1.679,1.679,1.679,1.679,0.0,2026-03-30 06:35:00
1774852800000,1.679,1.679,1.679,1.679,0.0,2026-03-30 06:40:00
1774853100000,1.679,1.679,1.679,1.679,0.0,2026-03-30 06:45:00
1774853400000,1.679,1.679,1.679,1.679,0.0,2026-03-30 06:50:00
1774853700000,1.679,1.679,1.679,1.679,0.0,2026-03-30 06:55:00
1774854000000,1.679,1.679,1.679,1.679,2.97,2026-03-30 07:00:00
1774854300000,1.679,1.679,1.679,1.679,0.0,2026-03-30 07:05:00
1774854600000,1.679,1.679,1.679,1.679,0.0,2026-03-30 07:10:00
1774854900000,1.679,1.679,1.679,1.679,0.0,2026-03-30 07:15:00
1774855200000,1.679,1.679,1.679,1.679,0.0,2026-03-30 07:20:00
1774855500000,1.679,1.679,1.679,1.679,0.0,2026-03-30 07:25:00
1774855800000,1.679,1.679,1.679,1.679,0.0,2026-03-30 07:30:00
1774856100000,1.679,1.679,1.679,1.679,0.0,2026-03-30 07:35:00
1774856400000,1.679,1.679,1.679,1.679,0.0,2026-03-30 07:40:00
1774856700000,1.68,1.68,1.68,1.68,1.1,2026-03-30 07:45:00
1774857000000,1.68,1.68,1.68,1.68,0.0,2026-03-30 07:50:00
1774857300000,1.68,1.68,1.68,1.68,0.0,2026-03-30 07:55:00
1774857600000,1.68,1.68,1.68,1.68,0.0,2026-03-30 08:00:00
1774857900000,1.68,1.68,1.68,1.68,0.0,2026-03-30 08:05:00
1774858200000,1.68,1.68,1.68,1.68,0.0,2026-03-30 08:10:00
1774858500000,1.68,1.68,1.68,1.68,0.0,2026-03-30 08:15:00
1774858800000,1.68,1.68,1.68,1.68,0.0,2026-03-30 08:20:00
1774859100000,1.68,1.68,1.68,1.68,0.0,2026-03-30 08:25:00
1774859400000,1.68,1.68,1.68,1.68,0.0,2026-03-30 08:30:00
1774859700000,1.68,1.68,1.68,1.68,0.0,2026-03-30 08:35:00
1774860000000,1.68,1.68,1.68,1.68,0.0,2026-03-30 08:40:00
1774860300000,1.68,1.68,1.68,1.68,0.0,2026-03-30 08:45:00
1774860600000,1.68,1.68,1.68,1.68,0.0,2026-03-30 08:50:00
1774860900000,1.678,1.678,1.678,1.678,1.93,2026-03-30 08:55:00
1774861200000,1.707,1.707,1.707,1.707,1.75,2026-03-30 09:00:00
1774861500000,1.707,1.707,1.707,1.707,0.0,2026-03-30 09:05:00
1774861800000,1.707,1.707,1.707,1.707,0.0,2026-03-30 09:10:00
1774862100000,1.677,1.703,1.677,1.703,27.42,2026-03-30 09:15:00
1774862400000,1.703,1.703,1.703,1.703,0.0,2026-03-30 09:20:00
1774862700000,1.703,1.703,1.703,1.703,0.0,2026-03-30 09:25:00
1774863000000,1.675,1.699,1.675,1.699,26.03,2026-03-30 09:30:00
1774863300000,1.699,1.699,1.699,1.699,0.0,2026-03-30 09:35:00
1774863600000,1.699,1.699,1.699,1.699,0.0,2026-03-30 09:40:00
1774863900000,1.671,1.694,1.671,1.694,27.25,2026-03-30 09:45:00
1774864200000,1.694,1.694,1.694,1.694,0.0,2026-03-30 09:50:00
1774864500000,1.694,1.694,1.694,1.694,0.0,2026-03-30 09:55:00
1774864800000,1.669,1.669,1.669,1.669,14.2,2026-03-30 10:00:00
1774865100000,1.669,1.669,1.669,1.669,0.0,2026-03-30 10:05:00
1774865400000,1.669,1.669,1.669,1.669,0.0,2026-03-30 10:10:00
1774865700000,1.669,1.669,1.669,1.669,0.0,2026-03-30 10:15:00
1774866000000,1.666,1.666,1.666,1.666,7.6,2026-03-30 10:20:00
1774866300000,1.666,1.666,1.666,1.666,0.0,2026-03-30 10:25:00
1774866600000,1.666,1.666,1.666,1.666,0.0,2026-03-30 10:30:00
1774866900000,1.666,1.666,1.666,1.666,0.0,2026-03-30 10:35:00
1774867200000,1.666,1.666,1.666,1.666,0.0,2026-03-30 10:40:00
1774867500000,1.666,1.666,1.666,1.666,0.0,2026-03-30 10:45:00
1774867800000,1.666,1.666,1.666,1.666,0.0,2026-03-30 10:50:00
1774868100000,1.666,1.666,1.666,1.666,0.0,2026-03-30 10:55:00
1774868400000,1.666,1.666,1.666,1.666,0.0,2026-03-30 11:00:00
1774868700000,1.666,1.666,1.666,1.666,0.0,2026-03-30 11:05:00
1774869000000,1.666,1.666,1.666,1.666,0.0,2026-03-30 11:10:00
1774869300000,1.666,1.666,1.666,1.666,0.0,2026-03-30 11:15:00
1774869600000,1.666,1.666,1.666,1.666,0.0,2026-03-30 11:20:00
1774869900000,1.666,1.666,1.666,1.666,0.0,2026-03-30 11:25:00
1774870200000,1.666,1.666,1.666,1.666,0.0,2026-03-30 11:30:00
1774870500000,1.666,1.666,1.666,1.666,0.0,2026-03-30 11:35:00
1774870800000,1.666,1.666,1.666,1.666,0.0,2026-03-30 11:40:00
1774871100000,1.666,1.666,1.666,1.666,0.0,2026-03-30 11:45:00
1774871400000,1.666,1.666,1.666,1.666,0.0,2026-03-30 11:50:00
1774871700000,1.666,1.666,1.666,1.666,0.0,2026-03-30 11:55:00
1774872000000,1.666,1.666,1.666,1.666,0.0,2026-03-30 12:00:00
1774872300000,1.707,1.707,1.707,1.707,29.3,2026-03-30 12:05:00
1774872600000,1.707,1.707,1.707,1.707,0.0,2026-03-30 12:10:00
1774872900000,1.703,1.703,1.703,1.703,12.56,2026-03-30 12:15:00
1774873200000,1.703,1.703,1.703,1.703,0.0,2026-03-30 12:20:00
1774873500000,1.703,1.703,1.703,1.703,0.0,2026-03-30 12:25:00
1774873800000,1.703,1.703,1.703,1.703,0.0,2026-03-30 12:30:00
1774874100000,1.703,1.703,1.703,1.703,0.0,2026-03-30 12:35:00
1774874400000,1.703,1.703,1.703,1.703,0.0,2026-03-30 12:40:00
1774874700000,1.703,1.703,1.703,1.703,0.0,2026-03-30 12:45:00
1774875000000,1.703,1.703,1.703,1.703,0.0,2026-03-30 12:50:00
1774875300000,1.703,1.703,1.703,1.703,0.0,2026-03-30 12:55:00
1774875600000,1.703,1.703,1.703,1.703,0.0,2026-03-30 13:00:00
1774875900000,1.703,1.703,1.703,1.703,0.0,2026-03-30 13:05:00
1774876200000,1.703,1.703,1.703,1.703,0.0,2026-03-30 13:10:00
1774876500000,1.703,1.703,1.703,1.703,0.0,2026-03-30 13:15:00
1774876800000,1.703,1.703,1.703,1.703,0.0,2026-03-30 13:20:00
1774877100000,1.703,1.703,1.703,1.703,0.0,2026-03-30 13:25:00
1774877400000,1.703,1.703,1.703,1.703,0.0,2026-03-30 13:30:00
1774877700000,1.703,1.703,1.703,1.703,0.0,2026-03-30 13:35:00
1774878000000,1.703,1.703,1.703,1.703,0.0,2026-03-30 13:40:00
1774878300000,1.703,1.703,1.703,1.703,0.0,2026-03-30 13:45:00
1774878600000,1.703,1.703,1.703,1.703,0.0,2026-03-30 13:50:00
1774878900000,1.703,1.703,1.703,1.703,0.0,2026-03-30 13:55:00
1774879200000,1.703,1.703,1.703,1.703,0.0,2026-03-30 14:00:00
1774879500000,1.703,1.703,1.703,1.703,0.0,2026-03-30 14:05:00
1774879800000,1.703,1.703,1.703,1.703,0.0,2026-03-30 14:10:00
1774880100000,1.703,1.703,1.703,1.703,0.0,2026-03-30 14:15:00
1774880400000,1.703,1.703,1.703,1.703,0.0,2026-03-30 14:20:00
1774880700000,1.703,1.703,1.703,1.703,0.0,2026-03-30 14:25:00
1774881000000,1.703,1.703,1.703,1.703,0.0,2026-03-30 14:30:00
1774881300000,1.703,1.703,1.703,1.703,0.0,2026-03-30 14:35:00
1774881600000,1.703,1.703,1.703,1.703,0.0,2026-03-30 14:40:00
1774881900000,1.703,1.703,1.703,1.703,0.0,2026-03-30 14:45:00
1774882200000,1.695,1.695,1.695,1.695,0.99,2026-03-30 14:50:00
1774882500000,1.695,1.695,1.695,1.695,0.0,2026-03-30 14:55:00
1774882800000,1.695,1.695,1.695,1.695,0.0,2026-03-30 15:00:00
1774883100000,1.695,1.695,1.695,1.695,0.0,2026-03-30 15:05:00
1774883400000,1.694,1.694,1.694,1.694,3.07,2026-03-30 15:10:00
1774883700000,1.695,1.695,1.695,1.695,58.89,2026-03-30 15:15:00
1774884000000,1.695,1.695,1.695,1.695,0.0,2026-03-30 15:20:00
1774884300000,1.695,1.695,1.695,1.695,0.0,2026-03-30 15:25:00
1774884600000,1.695,1.695,1.695,1.695,0.0,2026-03-30 15:30:00
1774884900000,1.695,1.695,1.695,1.695,0.0,2026-03-30 15:35:00
1774885200000,1.695,1.695,1.695,1.695,0.0,2026-03-30 15:40:00
1774885500000,1.695,1.695,1.695,1.695,0.0,2026-03-30 15:45:00
1774885800000,1.678,1.678,1.678,1.678,37.74,2026-03-30 15:50:00
1774886100000,1.678,1.678,1.678,1.678,0.0,2026-03-30 15:55:00
1774886400000,1.678,1.678,1.678,1.678,0.0,2026-03-30 16:00:00
1774886700000,1.678,1.678,1.678,1.678,0.0,2026-03-30 16:05:00
1774887000000,1.678,1.678,1.678,1.678,0.0,2026-03-30 16:10:00
1774887300000,1.678,1.678,1.678,1.678,0.0,2026-03-30 16:15:00
1774887600000,1.678,1.678,1.678,1.678,0.0,2026-03-30 16:20:00
1774887900000,1.678,1.678,1.678,1.678,0.0,2026-03-30 16:25:00
1774888200000,1.678,1.678,1.678,1.678,0.0,2026-03-30 16:30:00
1774888500000,1.678,1.678,1.678,1.678,0.0,2026-03-30 16:35:00
1774888800000,1.678,1.678,1.678,1.678,0.0,2026-03-30 16:40:00
1774889100000,1.678,1.678,1.678,1.678,0.0,2026-03-30 16:45:00
1774889400000,1.678,1.678,1.678,1.678,0.0,2026-03-30 16:50:00
1774889700000,1.678,1.678,1.678,1.678,0.0,2026-03-30 16:55:00
1774890000000,1.678,1.678,1.678,1.678,0.0,2026-03-30 17:00:00
1774890300000,1.678,1.678,1.678,1.678,0.0,2026-03-30 17:05:00
1774890600000,1.678,1.678,1.678,1.678,0.0,2026-03-30 17:10:00
1774890900000,1.678,1.678,1.678,1.678,0.0,2026-03-30 17:15:00
1774891200000,1.678,1.678,1.678,1.678,0.0,2026-03-30 17:20:00
1774891500000,1.678,1.678,1.678,1.678,0.0,2026-03-30 17:25:00
1774891800000,1.678,1.678,1.678,1.678,0.0,2026-03-30 17:30:00
1774892100000,1.696,1.696,1.696,1.696,11.6,2026-03-30 17:35:00
1774892400000,1.696,1.696,1.696,1.696,0.0,2026-03-30 17:40:00
1774892700000,1.696,1.696,1.696,1.696,0.0,2026-03-30 17:45:00
1774893000000,1.696,1.696,1.696,1.696,0.0,2026-03-30 17:50:00
1774893300000,1.689,1.689,1.689,1.689,17.74,2026-03-30 17:55:00
1774893600000,1.689,1.689,1.689,1.689,0.0,2026-03-30 18:00:00
1774893900000,1.689,1.689,1.689,1.689,0.0,2026-03-30 18:05:00
1774894200000,1.689,1.689,1.689,1.689,0.0,2026-03-30 18:10:00
1774894500000,1.689,1.689,1.689,1.689,0.0,2026-03-30 18:15:00
1774894800000,1.689,1.689,1.689,1.689,0.0,2026-03-30 18:20:00
1774895100000,1.689,1.689,1.689,1.689,0.0,2026-03-30 18:25:00
1774895400000,1.689,1.689,1.689,1.689,0.0,2026-03-30 18:30:00
1774895700000,1.689,1.689,1.689,1.689,0.0,2026-03-30 18:35:00
1774896000000,1.689,1.689,1.689,1.689,0.0,2026-03-30 18:40:00
1774896300000,1.689,1.689,1.689,1.689,0.0,2026-03-30 18:45:00
1774896600000,1.689,1.689,1.689,1.689,0.0,2026-03-30 18:50:00
1774896900000,1.689,1.689,1.689,1.689,0.0,2026-03-30 18:55:00
1774897200000,1.689,1.689,1.689,1.689,0.0,2026-03-30 19:00:00
1774897500000,1.689,1.689,1.689,1.689,0.0,2026-03-30 19:05:00
1774897800000,1.689,1.689,1.689,1.689,0.0,2026-03-30 19:10:00
1774898100000,1.689,1.689,1.689,1.689,0.0,2026-03-30 19:15:00
1774898400000,1.689,1.689,1.689,1.689,0.0,2026-03-30 19:20:00
1774898700000,1.689,1.689,1.689,1.689,0.0,2026-03-30 19:25:00
1774899000000,1.689,1.689,1.689,1.689,0.0,2026-03-30 19:30:00
1774899300000,1.689,1.689,1.689,1.689,0.0,2026-03-30 19:35:00
1774899600000,1.689,1.689,1.689,1.689,0.0,2026-03-30 19:40:00
1774899900000,1.689,1.689,1.689,1.689,0.0,2026-03-30 19:45:00
1774900200000,1.689,1.689,1.689,1.689,0.0,2026-03-30 19:50:00
1774900500000,1.689,1.689,1.689,1.689,0.0,2026-03-30 19:55:00
1774900800000,1.689,1.689,1.689,1.689,0.0,2026-03-30 20:00:00
1774901100000,1.689,1.689,1.689,1.689,0.0,2026-03-30 20:05:00
1774901400000,1.689,1.689,1.689,1.689,0.0,2026-03-30 20:10:00
1774901700000,1.689,1.689,1.689,1.689,0.0,2026-03-30 20:15:00
1774902000000,1.689,1.689,1.689,1.689,0.0,2026-03-30 20:20:00
1774902300000,1.689,1.689,1.689,1.689,0.0,2026-03-30 20:25:00
1774902600000,1.689,1.689,1.689,1.689,0.0,2026-03-30 20:30:00
1774902900000,1.689,1.689,1.689,1.689,0.0,2026-03-30 20:35:00
1774903200000,1.689,1.689,1.689,1.689,0.0,2026-03-30 20:40:00
1774903500000,1.689,1.689,1.689,1.689,0.0,2026-03-30 20:45:00
1774903800000,1.689,1.689,1.689,1.689,0.0,2026-03-30 20:50:00
1774904100000,1.689,1.689,1.689,1.689,0.0,2026-03-30 20:55:00
1774904400000,1.689,1.689,1.689,1.689,0.0,2026-03-30 21:00:00
1774904700000,1.689,1.689,1.689,1.689,0.0,2026-03-30 21:05:00
1774905000000,1.689,1.689,1.689,1.689,0.0,2026-03-30 21:10:00
1774905300000,1.689,1.689,1.689,1.689,0.0,2026-03-30 21:15:00
1774905600000,1.689,1.689,1.689,1.689,0.0,2026-03-30 21:20:00
1774905900000,1.689,1.689,1.689,1.689,0.0,2026-03-30 21:25:00
1774906200000,1.689,1.689,1.689,1.689,0.0,2026-03-30 21:30:00
1774906500000,1.689,1.689,1.689,1.689,0.0,2026-03-30 21:35:00
1774906800000,1.689,1.689,1.689,1.689,0.0,2026-03-30 21:40:00
1774907100000,1.689,1.689,1.689,1.689,0.0,2026-03-30 21:45:00
1774907400000,1.689,1.689,1.689,1.689,0.0,2026-03-30 21:50:00
1774907700000,1.689,1.689,1.689,1.689,0.0,2026-03-30 21:55:00
1774908000000,1.689,1.689,1.689,1.689,0.0,2026-03-30 22:00:00
1774908300000,1.689,1.689,1.689,1.689,0.0,2026-03-30 22:05:00
1774908600000,1.689,1.689,1.689,1.689,0.0,2026-03-30 22:10:00
1774908900000,1.689,1.689,1.689,1.689,0.0,2026-03-30 22:15:00
1774909200000,1.689,1.689,1.689,1.689,0.0,2026-03-30 22:20:00
1774909500000,1.689,1.689,1.689,1.689,0.0,2026-03-30 22:25:00
1774909800000,1.689,1.689,1.689,1.689,0.0,2026-03-30 22:30:00
1774910100000,1.689,1.689,1.689,1.689,0.0,2026-03-30 22:35:00
1774910400000,1.689,1.689,1.689,1.689,0.0,2026-03-30 22:40:00
1774910700000,1.689,1.689,1.689,1.689,0.0,2026-03-30 22:45:00
1774911000000,1.689,1.689,1.689,1.689,0.0,2026-03-30 22:50:00
1774911300000,1.689,1.689,1.689,1.689,0.0,2026-03-30 22:55:00
1774911600000,1.689,1.689,1.689,1.689,0.0,2026-03-30 23:00:00
1774911900000,1.689,1.689,1.689,1.689,0.0,2026-03-30 23:05:00
1774912200000,1.689,1.689,1.689,1.689,0.0,2026-03-30 23:10:00
1774912500000,1.689,1.689,1.689,1.689,0.0,2026-03-30 23:15:00
1774912800000,1.689,1.689,1.689,1.689,0.0,2026-03-30 23:20:00
1774913100000,1.689,1.689,1.689,1.689,0.0,2026-03-30 23:25:00
1774913400000,1.689,1.689,1.689,1.689,0.0,2026-03-30 23:30:00
1774913700000,1.689,1.689,1.689,1.689,0.0,2026-03-30 23:35:00
1774914000000,1.689,1.689,1.689,1.689,0.0,2026-03-30 23:40:00
1774914300000,1.689,1.689,1.689,1.689,0.0,2026-03-30 23:45:00
1774914600000,1.689,1.689,1.689,1.689,0.0,2026-03-30 23:50:00
1774914900000,1.689,1.689,1.689,1.689,0.0,2026-03-30 23:55:00
1774915200000,1.689,1.689,1.689,1.689,0.0,2026-03-31 00:00:00
1774915500000,1.689,1.689,1.689,1.689,0.0,2026-03-31 00:05:00
1774915800000,1.689,1.689,1.689,1.689,0.0,2026-03-31 00:10:00
1774916100000,1.685,1.685,1.683,1.683,2.37,2026-03-31 00:15:00
1774916400000,1.679,1.679,1.679,1.679,3.27,2026-03-31 00:20:00
1774916700000,1.682,1.683,1.65,1.683,2.29,2026-03-31 00:25:00
1774917000000,1.652,1.685,1.652,1.684,40.89,2026-03-31 00:30:00
1774917300000,1.684,1.686,1.684,1.686,3.46,2026-03-31 00:35:00
1774917600000,1.685,1.685,1.685,1.685,3.95,2026-03-31 00:40:00
1774917900000,1.69,1.69,1.69,1.69,8.47,2026-03-31 00:45:00
1774918200000,1.69,1.69,1.69,1.69,0.0,2026-03-31 00:50:00
1774918500000,1.69,1.69,1.69,1.69,0.0,2026-03-31 00:55:00
1774918800000,1.69,1.69,1.69,1.69,2.95,2026-03-31 01:00:00
1774919100000,1.69,1.69,1.69,1.69,0.0,2026-03-31 01:05:00
1774919400000,1.69,1.69,1.69,1.69,0.0,2026-03-31 01:10:00
1774919700000,1.69,1.69,1.69,1.69,0.0,2026-03-31 01:15:00
1774920000000,1.69,1.69,1.69,1.69,0.0,2026-03-31 01:20:00
1774920300000,1.69,1.69,1.69,1.69,0.0,2026-03-31 01:25:00
1774920600000,1.69,1.69,1.69,1.69,0.0,2026-03-31 01:30:00
1774920900000,1.69,1.69,1.69,1.69,0.0,2026-03-31 01:35:00
1774921200000,1.69,1.69,1.69,1.69,0.0,2026-03-31 01:40:00
1774921500000,1.69,1.69,1.69,1.69,0.0,2026-03-31 01:45:00
1774921800000,1.69,1.69,1.69,1.69,0.0,2026-03-31 01:50:00
1774922100000,1.69,1.69,1.69,1.69,0.0,2026-03-31 01:55:00
1774922400000,1.69,1.69,1.69,1.69,0.0,2026-03-31 02:00:00
1774922700000,1.69,1.69,1.69,1.69,0.0,2026-03-31 02:05:00
1774923000000,1.69,1.69,1.69,1.69,0.0,2026-03-31 02:10:00
1774923300000,1.708,1.708,1.708,1.708,12.4,2026-03-31 02:15:00
1774923600000,1.708,1.708,1.708,1.708,0.0,2026-03-31 02:20:00
1774923900000,1.676,1.676,1.676,1.676,3.0,2026-03-31 02:25:00
1774924200000,1.678,1.678,1.678,1.678,12.32,2026-03-31 02:30:00
1774924500000,1.678,1.678,1.678,1.678,0.0,2026-03-31 02:35:00
1774924800000,1.678,1.678,1.678,1.678,0.0,2026-03-31 02:40:00
1774925100000,1.678,1.678,1.678,1.678,0.0,2026-03-31 02:45:00
1774925400000,1.678,1.678,1.678,1.678,0.0,2026-03-31 02:50:00
1774925700000,1.678,1.678,1.678,1.678,0.0,2026-03-31 02:55:00
1774926000000,1.678,1.678,1.678,1.678,0.0,2026-03-31 03:00:00
1774926300000,1.678,1.678,1.678,1.678,0.0,2026-03-31 03:05:00
1774926600000,1.678,1.678,1.678,1.678,0.0,2026-03-31 03:10:00
1774926900000,1.678,1.678,1.678,1.678,0.0,2026-03-31 03:15:00
1774927200000,1.678,1.678,1.678,1.678,0.0,2026-03-31 03:20:00
1774927500000,1.678,1.678,1.678,1.678,0.0,2026-03-31 03:25:00
1774927800000,1.678,1.678,1.678,1.678,0.0,2026-03-31 03:30:00
1774928100000,1.678,1.678,1.678,1.678,0.0,2026-03-31 03:35:00
1774928400000,1.678,1.678,1.678,1.678,0.0,2026-03-31 03:40:00
1774928700000,1.678,1.678,1.678,1.678,0.0,2026-03-31 03:45:00
1774929000000,1.678,1.678,1.678,1.678,0.0,2026-03-31 03:50:00
1774929300000,1.678,1.678,1.678,1.678,0.0,2026-03-31 03:55:00
1774929600000,1.678,1.678,1.678,1.678,0.0,2026-03-31 04:00:00
1774929900000,1.678,1.678,1.678,1.678,0.0,2026-03-31 04:05:00
1774930200000,1.678,1.678,1.678,1.678,0.0,2026-03-31 04:10:00
1774930500000,1.678,1.678,1.678,1.678,0.0,2026-03-31 04:15:00
1774930800000,1.678,1.678,1.678,1.678,0.0,2026-03-31 04:20:00
1774931100000,1.678,1.678,1.678,1.678,0.0,2026-03-31 04:25:00
1774931400000,1.678,1.678,1.678,1.678,0.0,2026-03-31 04:30:00
1774931700000,1.678,1.678,1.678,1.678,0.0,2026-03-31 04:35:00
1774932000000,1.678,1.678,1.678,1.678,0.0,2026-03-31 04:40:00
1774932300000,1.678,1.678,1.678,1.678,0.0,2026-03-31 04:45:00
1774932600000,1.678,1.678,1.678,1.678,0.0,2026-03-31 04:50:00
1774932900000,1.678,1.678,1.678,1.678,0.0,2026-03-31 04:55:00
1774933200000,1.678,1.678,1.678,1.678,0.0,2026-03-31 05:00:00
1774933500000,1.678,1.678,1.678,1.678,0.0,2026-03-31 05:05:00
1774933800000,1.678,1.678,1.678,1.678,0.0,2026-03-31 05:10:00
1774934100000,1.678,1.678,1.678,1.678,0.0,2026-03-31 05:15:00
1774934400000,1.678,1.678,1.678,1.678,0.0,2026-03-31 05:20:00
1774934700000,1.678,1.678,1.678,1.678,0.0,2026-03-31 05:25:00
1774935000000,1.678,1.678,1.678,1.678,0.0,2026-03-31 05:30:00
1774935300000,1.678,1.678,1.678,1.678,0.0,2026-03-31 05:35:00
1774935600000,1.678,1.678,1.678,1.678,0.0,2026-03-31 05:40:00
1774935900000,1.678,1.678,1.678,1.678,0.0,2026-03-31 05:45:00
1774936200000,1.678,1.678,1.678,1.678,0.0,2026-03-31 05:50:00
1774936500000,1.678,1.678,1.678,1.678,0.0,2026-03-31 05:55:00
1774936800000,1.678,1.678,1.678,1.678,0.0,2026-03-31 06:00:00
1774937100000,1.678,1.678,1.678,1.678,0.0,2026-03-31 06:05:00
1774937400000,1.678,1.678,1.678,1.678,0.0,2026-03-31 06:10:00
1774937700000,1.678,1.678,1.678,1.678,0.0,2026-03-31 06:15:00
1774938000000,1.678,1.678,1.678,1.678,0.0,2026-03-31 06:20:00
1774938300000,1.678,1.678,1.678,1.678,0.0,2026-03-31 06:25:00
1774938600000,1.678,1.678,1.678,1.678,0.0,2026-03-31 06:30:00
1774938900000,1.678,1.678,1.678,1.678,0.0,2026-03-31 06:35:00
1774939200000,1.678,1.678,1.678,1.678,0.0,2026-03-31 06:40:00
1774939500000,1.678,1.678,1.678,1.678,0.0,2026-03-31 06:45:00
1774939800000,1.678,1.678,1.678,1.678,0.0,2026-03-31 06:50:00
1774940100000,1.71,1.71,1.71,1.71,10.03,2026-03-31 06:55:00
1774940400000,1.71,1.71,1.71,1.71,0.0,2026-03-31 07:00:00
1774940700000,1.71,1.71,1.71,1.71,0.0,2026-03-31 07:05:00
1774941000000,1.71,1.71,1.71,1.71,0.0,2026-03-31 07:10:00
1774941300000,1.71,1.71,1.71,1.71,0.0,2026-03-31 07:15:00
1774941600000,1.71,1.71,1.71,1.71,0.0,2026-03-31 07:20:00
1774941900000,1.71,1.71,1.71,1.71,0.0,2026-03-31 07:25:00
1774942200000,1.71,1.71,1.71,1.71,0.0,2026-03-31 07:30:00
1774942500000,1.71,1.71,1.71,1.71,0.0,2026-03-31 07:35:00
1774942800000,1.71,1.71,1.71,1.71,0.0,2026-03-31 07:40:00
1774943100000,1.71,1.71,1.71,1.71,0.0,2026-03-31 07:45:00
1774943400000,1.71,1.71,1.71,1.71,0.0,2026-03-31 07:50:00
1774943700000,1.71,1.71,1.71,1.71,0.0,2026-03-31 07:55:00
1774944000000,1.71,1.71,1.71,1.71,0.0,2026-03-31 08:00:00
1774944300000,1.71,1.71,1.71,1.71,0.0,2026-03-31 08:05:00
1774944600000,1.71,1.71,1.71,1.71,0.0,2026-03-31 08:10:00
1774944900000,1.71,1.71,1.71,1.71,0.0,2026-03-31 08:15:00
1774945200000,1.71,1.71,1.71,1.71,0.0,2026-03-31 08:20:00
1774945500000,1.71,1.71,1.71,1.71,0.0,2026-03-31 08:25:00
1774945800000,1.71,1.71,1.71,1.71,0.0,2026-03-31 08:30:00
1774946100000,1.71,1.71,1.71,1.71,0.0,2026-03-31 08:35:00
1774946400000,1.71,1.71,1.71,1.71,0.0,2026-03-31 08:40:00
1774946700000,1.71,1.71,1.71,1.71,0.0,2026-03-31 08:45:00
1774947000000,1.71,1.71,1.71,1.71,0.0,2026-03-31 08:50:00
1774947300000,1.71,1.71,1.71,1.71,0.0,2026-03-31 08:55:00
1774947600000,1.709,1.709,1.709,1.709,1.75,2026-03-31 09:00:00
1774947900000,1.709,1.709,1.709,1.709,0.0,2026-03-31 09:05:00
1774948200000,1.709,1.709,1.709,1.709,0.0,2026-03-31 09:10:00
1774948500000,1.713,1.713,1.682,1.682,40.67,2026-03-31 09:15:00
1774948800000,1.681,1.681,1.681,1.681,0.98,2026-03-31 09:20:00
1774949100000,1.681,1.681,1.681,1.681,0.0,2026-03-31 09:25:00
1774949400000,1.679,1.679,1.679,1.679,19.9,2026-03-31 09:30:00
1774949700000,1.679,1.679,1.679,1.679,0.0,2026-03-31 09:35:00
1774950000000,1.679,1.679,1.679,1.679,0.0,2026-03-31 09:40:00
1774950300000,1.679,1.679,1.679,1.679,0.0,2026-03-31 09:45:00
1774950600000,1.679,1.679,1.679,1.679,0.0,2026-03-31 09:50:00
1774950900000,1.679,1.679,1.679,1.679,0.0,2026-03-31 09:55:00
1774951200000,1.679,1.679,1.679,1.679,0.0,2026-03-31 10:00:00
1774951500000,1.679,1.679,1.679,1.679,0.0,2026-03-31 10:05:00
1774951800000,1.679,1.679,1.679,1.679,0.0,2026-03-31 10:10:00
1774952100000,1.679,1.679,1.679,1.679,0.0,2026-03-31 10:15:00
1774952400000,1.679,1.679,1.679,1.679,0.0,2026-03-31 10:20:00
1774952700000,1.679,1.679,1.679,1.679,0.0,2026-03-31 10:25:00
1774953000000,1.676,1.676,1.676,1.676,10.12,2026-03-31 10:30:00
1774953300000,1.676,1.676,1.676,1.676,0.0,2026-03-31 10:35:00
1774953600000,1.676,1.676,1.676,1.676,0.0,2026-03-31 10:40:00
1774953900000,1.676,1.676,1.676,1.676,0.0,2026-03-31 10:45:00
1774954200000,1.676,1.676,1.676,1.676,0.0,2026-03-31 10:50:00
1774954500000,1.676,1.676,1.676,1.676,0.0,2026-03-31 10:55:00
1774954800000,1.676,1.676,1.676,1.676,0.0,2026-03-31 11:00:00
1774955100000,1.676,1.676,1.676,1.676,0.0,2026-03-31 11:05:00
1774955400000,1.676,1.676,1.676,1.676,0.0,2026-03-31 11:10:00
1774955700000,1.676,1.676,1.676,1.676,0.0,2026-03-31 11:15:00
1774956000000,1.676,1.676,1.676,1.676,0.0,2026-03-31 11:20:00
1774956300000,1.676,1.676,1.676,1.676,0.0,2026-03-31 11:25:00
1774956600000,1.676,1.676,1.676,1.676,0.0,2026-03-31 11:30:00
1774956900000,1.676,1.676,1.676,1.676,0.0,2026-03-31 11:35:00
1774957200000,1.676,1.676,1.676,1.676,0.0,2026-03-31 11:40:00
1774957500000,1.676,1.676,1.676,1.676,0.0,2026-03-31 11:45:00
1774957800000,1.676,1.676,1.676,1.676,0.0,2026-03-31 11:50:00
1774958100000,1.676,1.676,1.676,1.676,0.0,2026-03-31 11:55:00
1774958400000,1.676,1.676,1.676,1.676,0.0,2026-03-31 12:00:00
1774958700000,1.676,1.676,1.676,1.676,0.0,2026-03-31 12:05:00
1774959000000,1.676,1.676,1.676,1.676,0.0,2026-03-31 12:10:00
1774959300000,1.676,1.676,1.676,1.676,0.0,2026-03-31 12:15:00
1774959600000,1.655,1.655,1.655,1.655,2.98,2026-03-31 12:20:00
1774959900000,1.655,1.655,1.655,1.655,0.0,2026-03-31 12:25:00
1774960200000,1.655,1.655,1.655,1.655,0.0,2026-03-31 12:30:00
1774960500000,1.655,1.655,1.655,1.655,0.0,2026-03-31 12:35:00
1774960800000,1.655,1.655,1.655,1.655,0.0,2026-03-31 12:40:00
1774961100000,1.655,1.655,1.655,1.655,0.0,2026-03-31 12:45:00
1774961400000,1.655,1.655,1.655,1.655,0.0,2026-03-31 12:50:00
1774961700000,1.655,1.655,1.655,1.655,0.0,2026-03-31 12:55:00
1774962000000,1.655,1.655,1.655,1.655,0.0,2026-03-31 13:00:00
1774962300000,1.655,1.655,1.655,1.655,0.0,2026-03-31 13:05:00
1774962600000,1.655,1.655,1.655,1.655,0.0,2026-03-31 13:10:00
1774962900000,1.655,1.655,1.655,1.655,0.0,2026-03-31 13:15:00
1774963200000,1.655,1.655,1.655,1.655,0.0,2026-03-31 13:20:00
1774963500000,1.655,1.655,1.655,1.655,0.0,2026-03-31 13:25:00
1774963800000,1.655,1.655,1.655,1.655,0.0,2026-03-31 13:30:00
1774964100000,1.655,1.655,1.655,1.655,0.0,2026-03-31 13:35:00
1774964400000,1.655,1.655,1.655,1.655,0.0,2026-03-31 13:40:00
1774964700000,1.655,1.655,1.655,1.655,0.0,2026-03-31 13:45:00
1774965000000,1.655,1.655,1.655,1.655,0.0,2026-03-31 13:50:00
1774965300000,1.655,1.655,1.655,1.655,0.0,2026-03-31 13:55:00
1774965600000,1.655,1.655,1.655,1.655,0.0,2026-03-31 14:00:00
1774965900000,1.655,1.655,1.655,1.655,0.0,2026-03-31 14:05:00
1774966200000,1.655,1.655,1.655,1.655,0.0,2026-03-31 14:10:00
1774966500000,1.655,1.655,1.655,1.655,0.0,2026-03-31 14:15:00
1774966800000,1.655,1.655,1.655,1.655,0.0,2026-03-31 14:20:00
1774967100000,1.655,1.655,1.655,1.655,0.0,2026-03-31 14:25:00
1774967400000,1.655,1.655,1.655,1.655,0.0,2026-03-31 14:30:00
1774967700000,1.655,1.655,1.655,1.655,0.0,2026-03-31 14:35:00
1774968000000,1.655,1.655,1.655,1.655,0.0,2026-03-31 14:40:00
1774968300000,1.655,1.655,1.655,1.655,0.0,2026-03-31 14:45:00
1774968600000,1.655,1.655,1.655,1.655,0.0,2026-03-31 14:50:00
1774968900000,1.655,1.655,1.655,1.655,0.0,2026-03-31 14:55:00
