timestamp,open,high,low,close,volume,date
1772377200000,628.81,629.16,628.67,629.16,0.1,2026-03-01 15:00:00
1772377500000,627.74,627.74,627.74,627.74,0.005,2026-03-01 15:05:00
1772377800000,629.1,629.1,629.1,629.1,0.02,2026-03-01 15:10:00
1772378100000,629.37,629.5,629.37,629.5,3.224,2026-03-01 15:15:00
1772378400000,629.5,629.5,629.5,629.5,0.0,2026-03-01 15:20:00
1772378700000,628.48,628.48,628.48,628.48,0.159,2026-03-01 15:25:00
1772379000000,628.54,628.66,628.54,628.66,0.319,2026-03-01 15:30:00
1772379300000,628.66,628.66,628.66,628.66,0.0,2026-03-01 15:35:00
1772379600000,629.12,629.12,629.11,629.11,2.49,2026-03-01 15:40:00
1772379900000,629.16,629.3,629.16,629.3,4.391,2026-03-01 15:45:00
1772380200000,629.3,629.3,629.3,629.3,0.0,2026-03-01 15:50:00
1772380500000,629.3,629.3,629.3,629.3,0.0,2026-03-01 15:55:00
1772380800000,626.44,627.86,626.44,627.86,0.201,2026-03-01 16:00:00
1772381100000,628.21,628.34,628.21,628.34,0.198,2026-03-01 16:05:00
1772381400000,628.8,628.8,628.45,628.45,0.105,2026-03-01 16:10:00
1772381700000,628.71,628.71,628.71,628.71,0.005,2026-03-01 16:15:00
1772382000000,628.71,628.71,628.71,628.71,0.0,2026-03-01 16:20:00
1772382300000,628.71,628.71,628.71,628.71,0.0,2026-03-01 16:25:00
1772382600000,628.97,628.97,628.97,628.97,0.015,2026-03-01 16:30:00
1772382900000,628.97,628.97,628.97,628.97,0.0,2026-03-01 16:35:00
1772383200000,628.97,628.97,628.97,628.97,0.0,2026-03-01 16:40:00
1772383500000,623.46,623.64,622.18,622.23,1.056,2026-03-01 16:45:00
1772383800000,621.96,621.96,621.96,621.96,0.009,2026-03-01 16:50:00
1772384100000,622.89,622.89,622.89,622.89,0.8,2026-03-01 16:55:00
1772384400000,623.25,623.28,622.33,622.33,1.36,2026-03-01 17:00:00
1772384700000,623.45,623.45,623.45,623.45,0.008,2026-03-01 17:05:00
1772385000000,623.45,623.45,623.45,623.45,0.0,2026-03-01 17:10:00
1772385300000,623.45,623.45,623.45,623.45,0.0,2026-03-01 17:15:00
1772385600000,623.45,623.45,623.45,623.45,0.0,2026-03-01 17:20:00
1772385900000,620.2,620.2,620.19,620.19,0.35,2026-03-01 17:25:00
1772386200000,619.33,619.38,619.33,619.38,0.644,2026-03-01 17:30:00
1772386500000,620.66,620.66,620.66,620.66,0.021,2026-03-01 17:35:00
1772386800000,620.66,620.66,620.66,620.66,0.0,2026-03-01 17:40:00
1772387100000,620.93,620.93,620.93,620.93,0.025,2026-03-01 17:45:00
1772387400000,620.93,620.93,620.93,620.93,0.0,2026-03-01 17:50:00
1772387700000,620.93,620.93,620.93,620.93,0.0,2026-03-01 17:55:00
1772388000000,619.84,622.3,619.84,622.3,0.249,2026-03-01 18:00:00
1772388300000,623.9,623.9,623.9,623.9,0.048,2026-03-01 18:05:00
1772388600000,623.69,623.69,623.69,623.69,0.016,2026-03-01 18:10:00
1772388900000,623.69,623.69,623.69,623.69,0.0,2026-03-01 18:15:00
1772389200000,623.21,623.21,623.21,623.21,0.04,2026-03-01 18:20:00
1772389500000,622.56,622.56,622.53,622.53,0.014,2026-03-01 18:25:00
1772389800000,622.53,622.53,622.53,622.53,0.0,2026-03-01 18:30:00
1772390100000,622.53,622.53,622.53,622.53,0.0,2026-03-01 18:35:00
1772390400000,622.92,622.92,622.91,622.91,1.107,2026-03-01 18:40:00
1772390700000,622.91,622.91,622.91,622.91,0.0,2026-03-01 18:45:00
1772391000000,623.37,623.37,623.37,623.37,1.28,2026-03-01 18:50:00
1772391300000,623.47,623.47,623.47,623.47,0.008,2026-03-01 18:55:00
1772391600000,623.47,623.47,623.47,623.47,0.0,2026-03-01 19:00:00
1772391900000,621.82,622.49,621.82,622.49,0.064,2026-03-01 19:05:00
1772392200000,622.75,622.75,622.75,622.75,0.016,2026-03-01 19:10:00
1772392500000,622.75,622.75,622.75,622.75,0.0,2026-03-01 19:15:00
1772392800000,620.58,620.58,620.58,620.58,0.008,2026-03-01 19:20:00
1772393100000,619.41,620.33,619.41,620.33,2.211,2026-03-01 19:25:00
1772393400000,620.33,620.33,620.33,620.33,0.0,2026-03-01 19:30:00
1772393700000,620.93,620.93,620.93,620.93,0.161,2026-03-01 19:35:00
1772394000000,619.83,619.83,619.83,619.83,0.002,2026-03-01 19:40:00
1772394300000,619.83,619.83,619.83,619.83,0.0,2026-03-01 19:45:00
1772394600000,619.7,619.7,619.7,619.7,0.006,2026-03-01 19:50:00
1772394900000,620.08,620.08,619.95,619.95,0.114,2026-03-01 19:55:00
1772395200000,619.39,619.39,619.39,619.39,0.012,2026-03-01 20:00:00
1772395500000,619.39,619.39,619.39,619.39,0.0,2026-03-01 20:05:00
1772395800000,617.49,617.5,617.49,617.5,0.048,2026-03-01 20:10:00
1772396100000,617.43,617.43,617.43,617.43,0.032,2026-03-01 20:15:00
1772396400000,616.68,616.68,616.12,616.12,0.291,2026-03-01 20:20:00
1772396700000,616.12,616.12,616.12,616.12,0.0,2026-03-01 20:25:00
1772397000000,615.04,615.04,615.04,615.04,0.007,2026-03-01 20:30:00
1772397300000,614.21,614.21,612.27,612.27,0.188,2026-03-01 20:35:00
1772397600000,612.31,612.31,612.31,612.31,0.008,2026-03-01 20:40:00
1772397900000,611.98,611.98,611.98,611.98,0.017,2026-03-01 20:45:00
1772398200000,612.13,612.4,612.13,612.4,0.846,2026-03-01 20:50:00
1772398500000,612.4,612.4,612.4,612.4,0.0,2026-03-01 20:55:00
1772398800000,612.85,613.43,612.85,613.34,0.158,2026-03-01 21:00:00
1772399100000,613.42,613.42,613.41,613.41,0.085,2026-03-01 21:05:00
1772399400000,614.16,614.16,614.16,614.16,0.041,2026-03-01 21:10:00
1772399700000,615.48,615.73,615.48,615.73,3.644,2026-03-01 21:15:00
1772400000000,616.15,616.15,616.15,616.15,0.01,2026-03-01 21:20:00
1772400300000,615.72,615.72,614.33,614.61,1.611,2026-03-01 21:25:00
1772400600000,614.61,614.61,614.61,614.61,0.0,2026-03-01 21:30:00
1772400900000,613.55,613.55,613.55,613.55,0.008,2026-03-01 21:35:00
1772401200000,613.55,613.55,613.55,613.55,0.0,2026-03-01 21:40:00
1772401500000,613.55,613.55,613.55,613.55,0.0,2026-03-01 21:45:00
1772401800000,613.55,613.55,613.55,613.55,0.0,2026-03-01 21:50:00
1772402100000,613.55,613.55,613.55,613.55,0.0,2026-03-01 21:55:00
1772402400000,612.13,612.49,612.13,612.49,0.013,2026-03-01 22:00:00
1772402700000,612.49,612.49,612.49,612.49,0.0,2026-03-01 22:05:00
1772403000000,611.89,617.34,611.89,617.33,1.1,2026-03-01 22:10:00
1772403300000,617.13,618.08,616.39,618.08,0.16,2026-03-01 22:15:00
1772403600000,618.08,618.08,618.08,618.08,0.0,2026-03-01 22:20:00
1772403900000,617.56,617.56,617.56,617.56,0.002,2026-03-01 22:25:00
1772404200000,617.2,617.2,616.28,616.28,0.097,2026-03-01 22:30:00
1772404500000,616.28,616.28,616.28,616.28,0.0,2026-03-01 22:35:00
1772404800000,615.44,615.44,615.26,615.26,0.172,2026-03-01 22:40:00
1772405100000,615.16,615.16,614.1,614.62,0.701,2026-03-01 22:45:00
1772405400000,614.62,614.62,614.62,614.62,0.0,2026-03-01 22:50:00
1772405700000,614.62,614.62,614.62,614.62,0.0,2026-03-01 22:55:00
1772406000000,616.35,617.19,616.35,617.19,0.182,2026-03-01 23:00:00
1772406300000,618.12,619.34,618.12,619.34,0.018,2026-03-01 23:05:00
1772406600000,619.92,619.97,619.92,619.97,0.024,2026-03-01 23:10:00
1772406900000,620.04,620.04,620.04,620.04,0.161,2026-03-01 23:15:00
1772407200000,620.04,620.04,620.04,620.04,0.0,2026-03-01 23:20:00
1772407500000,620.04,620.04,620.04,620.04,0.0,2026-03-01 23:25:00
1772407800000,620.04,620.04,620.04,620.04,0.0,2026-03-01 23:30:00
1772408100000,620.04,620.04,620.04,620.04,0.0,2026-03-01 23:35:00
1772408400000,620.04,620.04,620.04,620.04,0.0,2026-03-01 23:40:00
1772408700000,619.73,620.71,619.73,620.71,0.448,2026-03-01 23:45:00
1772409000000,620.71,620.71,620.71,620.71,0.0,2026-03-01 23:50:00
1772409300000,620.71,620.71,620.71,620.71,0.0,2026-03-01 23:55:00
1772409600000,618.22,618.22,618.22,618.22,0.002,2026-03-02 00:00:00
1772409900000,618.22,618.22,618.22,618.22,0.0,2026-03-02 00:05:00
1772410200000,618.01,618.01,618.01,618.01,0.017,2026-03-02 00:10:00
1772410500000,616.06,616.17,615.54,615.54,0.021,2026-03-02 00:15:00
1772410800000,615.93,616.51,615.12,616.11,0.057,2026-03-02 00:20:00
1772411100000,616.93,617.25,614.88,614.88,0.069,2026-03-02 00:25:00
1772411400000,615.28,617.17,615.28,616.16,0.044,2026-03-02 00:30:00
1772411700000,617.94,617.94,617.94,617.94,0.003,2026-03-02 00:35:00
1772412000000,617.65,617.65,617.65,617.65,0.002,2026-03-02 00:40:00
1772412300000,622.0,622.0,619.51,619.68,4.895,2026-03-02 00:45:00
1772412600000,619.83,620.38,619.82,620.38,5.78,2026-03-02 00:50:00
1772412900000,620.42,620.54,620.42,620.54,0.095,2026-03-02 00:55:00
1772413200000,620.41,620.41,620.41,620.41,0.008,2026-03-02 01:00:00
1772413500000,620.41,620.41,620.41,620.41,0.0,2026-03-02 01:05:00
1772413800000,622.07,622.07,622.07,622.07,0.003,2026-03-02 01:10:00
1772414100000,622.92,622.99,622.92,622.99,0.014,2026-03-02 01:15:00
1772414400000,621.86,621.86,621.86,621.86,0.041,2026-03-02 01:20:00
1772414700000,621.86,621.86,621.86,621.86,0.0,2026-03-02 01:25:00
1772415000000,621.86,621.86,621.86,621.86,0.0,2026-03-02 01:30:00
1772415300000,621.86,621.86,621.86,621.86,0.0,2026-03-02 01:35:00
1772415600000,622.24,622.24,622.24,622.24,0.003,2026-03-02 01:40:00
1772415900000,622.24,622.24,622.24,622.24,0.0,2026-03-02 01:45:00
1772416200000,622.24,622.24,622.24,622.24,0.0,2026-03-02 01:50:00
1772416500000,622.24,622.24,622.24,622.24,0.0,2026-03-02 01:55:00
1772416800000,622.24,622.24,622.24,622.24,0.0,2026-03-02 02:00:00
1772417100000,620.58,620.58,620.58,620.58,0.008,2026-03-02 02:05:00
1772417400000,620.58,620.58,620.58,620.58,0.0,2026-03-02 02:10:00
1772417700000,620.58,620.58,620.58,620.58,0.0,2026-03-02 02:15:00
1772418000000,620.58,620.58,620.58,620.58,0.0,2026-03-02 02:20:00
1772418300000,620.11,620.11,620.11,620.11,0.005,2026-03-02 02:25:00
1772418600000,622.02,622.14,622.02,622.14,0.1,2026-03-02 02:30:00
1772418900000,622.14,622.14,622.14,622.14,0.0,2026-03-02 02:35:00
1772419200000,622.14,622.14,622.14,622.14,0.0,2026-03-02 02:40:00
1772419500000,621.22,624.06,621.22,624.06,0.428,2026-03-02 02:45:00
1772419800000,624.06,624.06,624.06,624.06,0.0,2026-03-02 02:50:00
1772420100000,624.06,624.06,624.06,624.06,0.0,2026-03-02 02:55:00
1772420400000,621.38,621.38,621.38,621.38,0.005,2026-03-02 03:00:00
1772420700000,621.16,621.16,621.16,621.16,0.028,2026-03-02 03:05:00
1772421000000,623.16,623.16,623.15,623.15,1.156,2026-03-02 03:10:00
1772421300000,622.93,623.19,622.93,623.19,0.013,2026-03-02 03:15:00
1772421600000,624.14,624.14,624.14,624.14,0.008,2026-03-02 03:20:00
1772421900000,624.57,624.57,624.57,624.57,0.798,2026-03-02 03:25:00
1772422200000,624.57,624.57,624.57,624.57,0.0,2026-03-02 03:30:00
1772422500000,624.57,624.57,624.57,624.57,0.0,2026-03-02 03:35:00
1772422800000,624.57,624.57,624.57,624.57,0.0,2026-03-02 03:40:00
1772423100000,624.57,624.57,624.57,624.57,0.0,2026-03-02 03:45:00
1772423400000,624.57,624.57,624.57,624.57,0.0,2026-03-02 03:50:00
1772423700000,625.09,625.09,624.15,624.15,0.062,2026-03-02 03:55:00
1772424000000,624.15,624.15,624.15,624.15,0.0,2026-03-02 04:00:00
1772424300000,624.15,624.15,624.15,624.15,0.0,2026-03-02 04:05:00
1772424600000,623.78,623.78,623.57,623.57,0.021,2026-03-02 04:10:00
1772424900000,623.57,623.57,623.57,623.57,0.0,2026-03-02 04:15:00
1772425200000,623.47,623.62,623.27,623.27,0.03,2026-03-02 04:20:00
1772425500000,623.82,623.82,623.82,623.82,0.018,2026-03-02 04:25:00
1772425800000,623.82,623.82,623.82,623.82,0.0,2026-03-02 04:30:00
1772426100000,623.82,623.82,623.82,623.82,0.0,2026-03-02 04:35:00
1772426400000,623.89,623.89,623.89,623.89,0.001,2026-03-02 04:40:00
1772426700000,623.89,623.89,623.89,623.89,0.0,2026-03-02 04:45:00
1772427000000,623.89,623.89,623.89,623.89,0.0,2026-03-02 04:50:00
1772427300000,622.9,623.03,622.9,623.03,0.592,2026-03-02 04:55:00
1772427600000,623.16,623.16,623.16,623.16,0.006,2026-03-02 05:00:00
1772427900000,623.16,623.16,623.16,623.16,0.0,2026-03-02 05:05:00
1772428200000,623.16,623.16,623.16,623.16,0.0,2026-03-02 05:10:00
1772428500000,623.16,623.16,623.16,623.16,0.0,2026-03-02 05:15:00
1772428800000,623.21,623.21,623.21,623.21,0.048,2026-03-02 05:20:00
1772429100000,623.21,623.21,623.21,623.21,0.0,2026-03-02 05:25:00
1772429400000,623.21,623.39,623.21,623.39,0.963,2026-03-02 05:30:00
1772429700000,623.39,623.39,623.39,623.39,0.0,2026-03-02 05:35:00
1772430000000,623.39,623.39,623.39,623.39,0.0,2026-03-02 05:40:00
1772430300000,623.39,623.39,623.39,623.39,0.0,2026-03-02 05:45:00
1772430600000,625.0,625.0,625.0,625.0,0.004,2026-03-02 05:50:00
1772430900000,625.0,625.0,625.0,625.0,0.0,2026-03-02 05:55:00
1772431200000,622.86,622.99,622.86,622.99,0.401,2026-03-02 06:00:00
1772431500000,622.99,622.99,622.99,622.99,0.0,2026-03-02 06:05:00
1772431800000,622.36,622.36,622.36,622.36,0.016,2026-03-02 06:10:00
1772432100000,622.36,622.36,622.36,622.36,0.0,2026-03-02 06:15:00
1772432400000,618.28,618.43,618.28,618.43,0.015,2026-03-02 06:20:00
1772432700000,618.43,618.43,618.43,618.43,0.0,2026-03-02 06:25:00
1772433000000,619.49,619.49,619.49,619.49,0.199,2026-03-02 06:30:00
1772433300000,619.49,619.49,619.49,619.49,0.0,2026-03-02 06:35:00
1772433600000,619.49,619.49,619.49,619.49,0.0,2026-03-02 06:40:00
1772433900000,619.49,619.49,619.49,619.49,0.0,2026-03-02 06:45:00
1772434200000,619.49,619.49,619.49,619.49,0.0,2026-03-02 06:50:00
1772434500000,616.79,616.79,616.79,616.79,0.078,2026-03-02 06:55:00
1772434800000,615.78,615.78,615.78,615.78,0.004,2026-03-02 07:00:00
1772435100000,615.06,615.06,614.63,614.63,0.165,2026-03-02 07:05:00
1772435400000,614.05,614.05,614.05,614.05,0.016,2026-03-02 07:10:00
1772435700000,613.82,613.82,613.82,613.82,0.001,2026-03-02 07:15:00
1772436000000,613.82,613.82,613.82,613.82,0.0,2026-03-02 07:20:00
1772436300000,613.82,613.82,613.82,613.82,0.0,2026-03-02 07:25:00
1772436600000,613.82,613.82,613.82,613.82,0.0,2026-03-02 07:30:00
1772436900000,615.81,615.81,615.81,615.81,0.166,2026-03-02 07:35:00
1772437200000,616.14,616.71,615.97,616.11,1.549,2026-03-02 07:40:00
1772437500000,616.68,616.7,616.68,616.7,0.016,2026-03-02 07:45:00
1772437800000,616.47,616.47,616.47,616.47,0.015,2026-03-02 07:50:00
1772438100000,616.47,616.47,616.47,616.47,0.0,2026-03-02 07:55:00
1772438400000,614.61,614.62,614.61,614.62,0.081,2026-03-02 08:00:00
1772438700000,614.62,614.62,614.62,614.62,0.0,2026-03-02 08:05:00
1772439000000,614.77,614.77,614.77,614.77,0.039,2026-03-02 08:10:00
1772439300000,614.77,614.77,614.77,614.77,0.0,2026-03-02 08:15:00
1772439600000,614.77,614.77,614.77,614.77,0.0,2026-03-02 08:20:00
1772439900000,614.77,614.77,614.77,614.77,0.0,2026-03-02 08:25:00
1772440200000,614.0,614.0,614.0,614.0,0.008,2026-03-02 08:30:00
1772440500000,614.0,614.0,614.0,614.0,0.0,2026-03-02 08:35:00
1772440800000,616.05,616.05,616.05,616.05,0.005,2026-03-02 08:40:00
1772441100000,616.05,616.05,616.05,616.05,0.0,2026-03-02 08:45:00
1772441400000,616.05,616.05,616.05,616.05,0.0,2026-03-02 08:50:00
1772441700000,616.05,616.05,616.05,616.05,0.0,2026-03-02 08:55:00
1772442000000,616.05,616.05,616.05,616.05,0.0,2026-03-02 09:00:00
1772442300000,616.05,616.05,616.05,616.05,0.0,2026-03-02 09:05:00
1772442600000,616.05,616.05,616.05,616.05,0.0,2026-03-02 09:10:00
1772442900000,620.36,621.33,620.36,621.33,0.727,2026-03-02 09:15:00
1772443200000,621.09,621.09,619.82,619.82,6.432,2026-03-02 09:20:00
1772443500000,619.82,619.82,619.82,619.82,0.0,2026-03-02 09:25:00
1772443800000,619.82,619.82,619.82,619.82,0.0,2026-03-02 09:30:00
1772444100000,619.82,619.82,619.82,619.82,0.0,2026-03-02 09:35:00
1772444400000,619.82,619.82,619.82,619.82,0.0,2026-03-02 09:40:00
1772444700000,619.82,619.82,619.82,619.82,0.0,2026-03-02 09:45:00
1772445000000,619.82,619.82,619.82,619.82,0.0,2026-03-02 09:50:00
1772445300000,619.82,619.82,619.82,619.82,0.0,2026-03-02 09:55:00
1772445600000,619.82,619.82,619.82,619.82,0.0,2026-03-02 10:00:00
1772445900000,619.88,619.9,619.88,619.9,0.005,2026-03-02 10:05:00
1772446200000,619.9,619.9,619.9,619.9,0.0,2026-03-02 10:10:00
1772446500000,619.9,619.9,619.9,619.9,0.0,2026-03-02 10:15:00
1772446800000,618.02,618.02,618.02,618.02,0.524,2026-03-02 10:20:00
1772447100000,618.02,618.02,618.02,618.02,0.0,2026-03-02 10:25:00
1772447400000,618.02,618.02,618.02,618.02,0.0,2026-03-02 10:30:00
1772447700000,619.62,619.92,619.62,619.92,0.103,2026-03-02 10:35:00
1772448000000,619.92,619.92,619.92,619.92,0.0,2026-03-02 10:40:00
1772448300000,619.91,619.91,619.91,619.91,0.002,2026-03-02 10:45:00
1772448600000,619.63,619.72,619.63,619.72,1.03,2026-03-02 10:50:00
1772448900000,619.72,619.72,619.72,619.72,0.0,2026-03-02 10:55:00
1772449200000,619.72,619.72,619.72,619.72,0.0,2026-03-02 11:00:00
1772449500000,619.72,619.72,619.72,619.72,0.0,2026-03-02 11:05:00
1772449800000,619.72,619.72,619.72,619.72,0.0,2026-03-02 11:10:00
1772450100000,619.72,619.72,619.72,619.72,0.0,2026-03-02 11:15:00
1772450400000,619.17,619.17,619.17,619.17,0.081,2026-03-02 11:20:00
1772450700000,619.17,619.17,619.17,619.17,0.0,2026-03-02 11:25:00
1772451000000,619.17,619.17,619.17,619.17,0.0,2026-03-02 11:30:00
1772451300000,619.17,619.17,619.17,619.17,0.0,2026-03-02 11:35:00
1772451600000,619.17,619.17,619.17,619.17,0.0,2026-03-02 11:40:00
1772451900000,619.17,619.17,619.17,619.17,0.0,2026-03-02 11:45:00
1772452200000,621.96,621.96,621.96,621.96,0.01,2026-03-02 11:50:00
1772452500000,621.96,621.96,621.96,621.96,0.0,2026-03-02 11:55:00
1772452800000,621.96,621.96,621.96,621.96,0.0,2026-03-02 12:00:00
1772453100000,621.96,621.96,621.96,621.96,0.0,2026-03-02 12:05:00
1772453400000,621.96,621.96,621.96,621.96,0.0,2026-03-02 12:10:00
1772453700000,621.96,621.96,621.96,621.96,0.0,2026-03-02 12:15:00
1772454000000,621.35,621.35,621.35,621.35,0.002,2026-03-02 12:20:00
1772454300000,621.35,621.35,621.35,621.35,0.0,2026-03-02 12:25:00
1772454600000,621.35,621.35,621.35,621.35,0.0,2026-03-02 12:30:00
1772454900000,621.35,621.35,621.35,621.35,0.0,2026-03-02 12:35:00
1772455200000,621.35,621.35,621.35,621.35,0.0,2026-03-02 12:40:00
1772455500000,621.35,621.35,621.35,621.35,0.0,2026-03-02 12:45:00
1772455800000,621.35,621.35,621.35,621.35,0.0,2026-03-02 12:50:00
1772456100000,621.35,621.35,621.35,621.35,0.0,2026-03-02 12:55:00
1772456400000,621.35,621.35,621.35,621.35,0.0,2026-03-02 13:00:00
1772456700000,621.25,621.26,621.25,621.26,0.016,2026-03-02 13:05:00
1772457000000,621.26,621.26,621.26,621.26,0.0,2026-03-02 13:10:00
1772457300000,621.26,621.26,621.26,621.26,0.0,2026-03-02 13:15:00
1772457600000,623.77,623.9,623.77,623.9,0.641,2026-03-02 13:20:00
1772457900000,623.9,623.9,623.9,623.9,0.0,2026-03-02 13:25:00
1772458200000,623.9,623.9,623.9,623.9,0.0,2026-03-02 13:30:00
1772458500000,623.9,623.9,623.9,623.9,0.0,2026-03-02 13:35:00
1772458800000,620.79,620.79,620.79,620.79,0.002,2026-03-02 13:40:00
1772459100000,622.14,622.14,622.14,622.14,0.008,2026-03-02 13:45:00
1772459400000,620.77,620.77,620.77,620.77,0.582,2026-03-02 13:50:00
1772459700000,620.77,620.77,620.77,620.77,0.0,2026-03-02 13:55:00
1772460000000,620.77,620.77,620.77,620.77,0.0,2026-03-02 14:00:00
1772460300000,620.77,620.77,620.77,620.77,0.0,2026-03-02 14:05:00
1772460600000,622.06,622.06,621.73,621.73,0.011,2026-03-02 14:10:00
1772460900000,621.73,621.73,621.73,621.73,0.0,2026-03-02 14:15:00
1772461200000,621.2,621.2,621.2,621.2,0.557,2026-03-02 14:20:00
1772461500000,621.2,621.2,621.2,621.2,0.0,2026-03-02 14:25:00
1772461800000,624.27,625.39,624.27,625.39,0.182,2026-03-02 14:30:00
1772462100000,626.08,626.88,626.08,626.25,1.159,2026-03-02 14:35:00
1772462400000,626.57,628.07,625.88,628.07,0.126,2026-03-02 14:40:00
1772462700000,628.91,630.48,628.91,630.48,0.811,2026-03-02 14:45:00
1772463000000,633.88,633.97,633.88,633.97,0.314,2026-03-02 14:50:00
1772463300000,632.51,632.51,632.51,632.51,0.009,2026-03-02 14:55:00
1772463600000,635.0,637.61,634.13,637.61,1.843,2026-03-02 15:00:00
1772463900000,638.11,643.69,638.11,643.14,3.418,2026-03-02 15:05:00
1772464200000,642.46,645.67,642.46,645.59,0.803,2026-03-02 15:10:00
1772464500000,645.59,645.59,645.59,645.59,0.0,2026-03-02 15:15:00
1772464800000,645.4,645.4,645.4,645.4,0.022,2026-03-02 15:20:00
1772465100000,646.28,647.0,645.41,645.41,5.668,2026-03-02 15:25:00
1772465400000,643.49,643.6,643.49,643.6,0.584,2026-03-02 15:30:00
1772465700000,645.06,645.06,644.82,644.82,0.345,2026-03-02 15:35:00
1772466000000,648.06,648.45,648.06,648.45,0.54,2026-03-02 15:40:00
1772466300000,648.8,648.9,648.25,648.37,1.592,2026-03-02 15:45:00
1772466600000,648.32,648.32,648.32,648.32,0.2,2026-03-02 15:50:00
1772466900000,648.32,648.32,648.32,648.32,0.0,2026-03-02 15:55:00
1772467200000,647.04,648.3,647.04,648.02,0.288,2026-03-02 16:00:00
1772467500000,650.0,650.82,649.53,650.82,0.18,2026-03-02 16:05:00
1772467800000,652.02,652.02,651.29,651.46,0.084,2026-03-02 16:10:00
1772468100000,649.83,649.83,649.0,649.18,0.147,2026-03-02 16:15:00
1772468400000,651.17,652.72,651.17,652.72,3.339,2026-03-02 16:20:00
1772468700000,652.72,652.72,652.72,652.72,0.0,2026-03-02 16:25:00
1772469000000,652.72,652.72,652.72,652.72,0.0,2026-03-02 16:30:00
1772469300000,647.5,647.5,645.83,645.83,0.193,2026-03-02 16:35:00
1772469600000,645.83,645.83,645.83,645.83,0.0,2026-03-02 16:40:00
1772469900000,651.8,651.8,650.45,650.45,0.016,2026-03-02 16:45:00
1772470200000,650.45,650.45,650.45,650.45,0.0,2026-03-02 16:50:00
1772470500000,650.45,650.45,650.45,650.45,0.0,2026-03-02 16:55:00
1772470800000,649.59,649.59,649.18,649.18,0.013,2026-03-02 17:00:00
1772471100000,649.44,649.55,649.19,649.4,1.825,2026-03-02 17:05:00
1772471400000,649.4,649.4,649.4,649.4,0.0,2026-03-02 17:10:00
1772471700000,649.4,649.4,649.4,649.4,0.0,2026-03-02 17:15:00
1772472000000,649.4,649.4,649.4,649.4,0.0,2026-03-02 17:20:00
1772472300000,649.4,649.4,649.4,649.4,0.0,2026-03-02 17:25:00
1772472600000,649.4,649.4,649.4,649.4,0.0,2026-03-02 17:30:00
1772472900000,646.86,646.86,645.03,645.1,0.502,2026-03-02 17:35:00
1772473200000,643.3,643.3,642.36,642.36,0.072,2026-03-02 17:40:00
1772473500000,642.13,642.13,641.52,642.04,0.592,2026-03-02 17:45:00
1772473800000,643.71,643.83,643.71,643.83,0.411,2026-03-02 17:50:00
1772474100000,643.83,643.83,643.83,643.83,0.0,2026-03-02 17:55:00
1772474400000,643.83,643.83,643.83,643.83,0.0,2026-03-02 18:00:00
1772474700000,643.83,643.83,643.83,643.83,0.0,2026-03-02 18:05:00
1772475000000,643.83,643.83,643.83,643.83,0.0,2026-03-02 18:10:00
1772475300000,643.83,643.83,643.83,643.83,0.0,2026-03-02 18:15:00
1772475600000,643.29,643.29,643.29,643.29,0.015,2026-03-02 18:20:00
1772475900000,642.99,643.2,642.98,642.98,0.052,2026-03-02 18:25:00
1772476200000,642.98,642.98,642.98,642.98,0.0,2026-03-02 18:30:00
1772476500000,642.98,642.98,642.98,642.98,0.0,2026-03-02 18:35:00
1772476800000,641.79,641.79,641.79,641.79,0.014,2026-03-02 18:40:00
1772477100000,641.83,642.02,641.83,642.02,0.185,2026-03-02 18:45:00
1772477400000,640.26,640.26,640.0,640.0,0.225,2026-03-02 18:50:00
1772477700000,640.0,640.0,640.0,640.0,0.009,2026-03-02 18:55:00
1772478000000,639.73,639.73,638.91,638.91,0.062,2026-03-02 19:00:00
1772478300000,636.53,636.53,636.53,636.53,0.022,2026-03-02 19:05:00
1772478600000,637.21,637.21,637.21,637.21,0.008,2026-03-02 19:10:00
1772478900000,637.21,637.21,637.21,637.21,0.0,2026-03-02 19:15:00
1772479200000,637.21,637.21,637.21,637.21,0.0,2026-03-02 19:20:00
1772479500000,637.63,637.63,637.63,637.63,0.52,2026-03-02 19:25:00
1772479800000,637.63,637.63,637.63,637.63,0.0,2026-03-02 19:30:00
1772480100000,638.17,638.2,638.17,638.2,0.268,2026-03-02 19:35:00
1772480400000,637.32,637.32,637.32,637.32,0.008,2026-03-02 19:40:00
1772480700000,637.32,637.32,637.32,637.32,0.0,2026-03-02 19:45:00
1772481000000,637.32,637.32,637.32,637.32,0.0,2026-03-02 19:50:00
1772481300000,637.32,637.32,637.32,637.32,0.0,2026-03-02 19:55:00
1772481600000,636.78,636.78,636.78,636.78,0.009,2026-03-02 20:00:00
1772481900000,636.78,636.78,636.78,636.78,0.0,2026-03-02 20:05:00
1772482200000,636.26,636.26,636.26,636.26,0.157,2026-03-02 20:10:00
1772482500000,636.26,636.26,636.26,636.26,0.0,2026-03-02 20:15:00
1772482800000,636.26,636.26,636.26,636.26,0.0,2026-03-02 20:20:00
1772483100000,633.89,633.89,633.31,633.31,0.472,2026-03-02 20:25:00
1772483400000,633.31,633.31,633.31,633.31,0.0,2026-03-02 20:30:00
1772483700000,633.31,633.31,633.31,633.31,0.0,2026-03-02 20:35:00
1772484000000,634.84,634.84,634.84,634.84,0.343,2026-03-02 20:40:00
1772484300000,635.33,636.8,635.33,636.8,0.203,2026-03-02 20:45:00
1772484600000,636.8,636.8,636.8,636.8,0.0,2026-03-02 20:50:00
1772484900000,636.8,636.8,636.8,636.8,0.0,2026-03-02 20:55:00
1772485200000,633.84,633.89,633.84,633.89,0.011,2026-03-02 21:00:00
1772485500000,634.82,634.82,634.82,634.82,0.079,2026-03-02 21:05:00
1772485800000,633.85,633.89,633.85,633.89,0.158,2026-03-02 21:10:00
1772486100000,633.87,633.87,633.87,633.87,0.025,2026-03-02 21:15:00
1772486400000,633.61,633.64,633.23,633.23,0.132,2026-03-02 21:20:00
1772486700000,634.54,634.54,634.54,634.54,0.008,2026-03-02 21:25:00
1772487000000,635.28,635.3,635.28,635.3,0.016,2026-03-02 21:30:00
1772487300000,635.16,635.16,635.16,635.16,0.013,2026-03-02 21:35:00
1772487600000,635.16,635.16,635.16,635.16,0.0,2026-03-02 21:40:00
1772487900000,635.04,635.18,635.04,635.18,0.229,2026-03-02 21:45:00
1772488200000,636.18,636.18,636.18,636.18,0.078,2026-03-02 21:50:00
1772488500000,636.18,636.18,636.18,636.18,0.0,2026-03-02 21:55:00
1772488800000,636.18,636.18,636.18,636.18,0.0,2026-03-02 22:00:00
1772489100000,636.18,636.18,636.18,636.18,0.0,2026-03-02 22:05:00
1772489400000,636.18,636.18,636.18,636.18,0.0,2026-03-02 22:10:00
1772489700000,636.5,636.5,636.5,636.5,0.012,2026-03-02 22:15:00
1772490000000,638.38,638.62,638.38,638.62,0.265,2026-03-02 22:20:00
1772490300000,638.62,638.62,638.62,638.62,0.0,2026-03-02 22:25:00
1772490600000,639.54,639.54,638.78,638.78,0.067,2026-03-02 22:30:00
1772490900000,638.78,638.78,638.78,638.78,0.0,2026-03-02 22:35:00
1772491200000,640.09,640.09,640.07,640.07,0.047,2026-03-02 22:40:00
1772491500000,640.8,640.86,640.8,640.86,0.1,2026-03-02 22:45:00
1772491800000,640.13,640.13,640.13,640.13,0.031,2026-03-02 22:50:00
1772492100000,640.13,640.13,640.13,640.13,0.0,2026-03-02 22:55:00
1772492400000,639.97,639.97,639.97,639.97,0.008,2026-03-02 23:00:00
1772492700000,639.97,639.97,639.97,639.97,0.0,2026-03-02 23:05:00
1772493000000,639.38,639.38,639.38,639.38,0.009,2026-03-02 23:10:00
1772493300000,639.38,639.38,639.38,639.38,0.0,2026-03-02 23:15:00
1772493600000,639.38,639.38,639.38,639.38,0.0,2026-03-02 23:20:00
1772493900000,639.38,639.38,639.38,639.38,0.0,2026-03-02 23:25:00
1772494200000,639.38,639.38,639.38,639.38,0.0,2026-03-02 23:30:00
1772494500000,639.38,639.38,639.38,639.38,0.0,2026-03-02 23:35:00
1772494800000,637.13,637.13,637.13,637.13,0.013,2026-03-02 23:40:00
1772495100000,637.24,637.24,637.24,637.24,0.141,2026-03-02 23:45:00
1772495400000,637.24,637.24,637.24,637.24,0.0,2026-03-02 23:50:00
1772495700000,637.24,637.24,637.24,637.24,0.0,2026-03-02 23:55:00
1772496000000,637.91,637.91,637.55,637.79,0.051,2026-03-03 00:00:00
1772496300000,638.64,638.68,638.64,638.68,0.1,2026-03-03 00:05:00
1772496600000,637.05,637.3,637.05,637.3,0.023,2026-03-03 00:10:00
1772496900000,637.76,638.62,637.11,637.23,0.048,2026-03-03 00:15:00
1772497200000,636.89,637.16,636.71,637.03,0.03,2026-03-03 00:20:00
1772497500000,637.16,637.64,636.85,637.64,0.059,2026-03-03 00:25:00
1772497800000,637.93,638.71,637.33,638.7,0.217,2026-03-03 00:30:00
1772498100000,640.52,640.52,639.86,639.86,0.034,2026-03-03 00:35:00
1772498400000,639.86,639.86,639.86,639.86,0.0,2026-03-03 00:40:00
1772498700000,639.86,639.86,639.86,639.86,0.0,2026-03-03 00:45:00
1772499000000,639.86,639.86,639.86,639.86,0.0,2026-03-03 00:50:00
1772499300000,639.86,639.86,639.86,639.86,0.0,2026-03-03 00:55:00
1772499600000,640.32,640.32,639.95,639.95,18.026,2026-03-03 01:00:00
1772499900000,639.95,639.95,639.95,639.95,0.0,2026-03-03 01:05:00
1772500200000,640.63,641.78,640.61,641.78,10.023,2026-03-03 01:10:00
1772500500000,641.27,641.27,641.27,641.27,0.445,2026-03-03 01:15:00
1772500800000,641.27,641.27,641.27,641.27,0.0,2026-03-03 01:20:00
1772501100000,638.79,638.79,638.79,638.79,0.016,2026-03-03 01:25:00
1772501400000,638.79,638.79,638.79,638.79,0.0,2026-03-03 01:30:00
1772501700000,638.79,638.79,638.79,638.79,0.0,2026-03-03 01:35:00
1772502000000,638.79,638.79,638.79,638.79,0.0,2026-03-03 01:40:00
1772502300000,637.59,637.59,637.59,637.59,0.01,2026-03-03 01:45:00
1772502600000,637.59,637.59,637.59,637.59,0.0,2026-03-03 01:50:00
1772502900000,637.59,637.59,637.59,637.59,0.0,2026-03-03 01:55:00
1772503200000,635.0,635.0,633.73,634.23,2.57,2026-03-03 02:00:00
1772503500000,635.76,635.76,635.76,635.76,0.031,2026-03-03 02:05:00
1772503800000,636.42,636.42,636.42,636.42,0.017,2026-03-03 02:10:00
1772504100000,636.42,636.42,636.42,636.42,0.0,2026-03-03 02:15:00
1772504400000,636.42,636.42,636.42,636.42,0.0,2026-03-03 02:20:00
1772504700000,636.42,636.42,636.42,636.42,0.0,2026-03-03 02:25:00
1772505000000,636.42,636.42,636.42,636.42,0.0,2026-03-03 02:30:00
1772505300000,636.42,636.42,636.42,636.42,0.0,2026-03-03 02:35:00
1772505600000,635.55,635.68,635.55,635.68,0.079,2026-03-03 02:40:00
1772505900000,635.68,635.68,635.68,635.68,0.0,2026-03-03 02:45:00
1772506200000,635.68,635.68,635.68,635.68,0.0,2026-03-03 02:50:00
1772506500000,635.68,635.68,635.68,635.68,0.0,2026-03-03 02:55:00
1772506800000,635.72,635.74,635.72,635.74,0.006,2026-03-03 03:00:00
1772507100000,634.9,635.26,634.9,635.25,2.302,2026-03-03 03:05:00
1772507400000,635.1,636.21,635.1,636.21,0.055,2026-03-03 03:10:00
1772507700000,636.08,636.1,635.97,635.97,0.056,2026-03-03 03:15:00
1772508000000,634.5,634.5,634.0,634.0,0.448,2026-03-03 03:20:00
1772508300000,634.0,634.0,634.0,634.0,0.0,2026-03-03 03:25:00
1772508600000,634.0,634.0,634.0,634.0,0.0,2026-03-03 03:30:00
1772508900000,635.47,635.62,635.46,635.62,1.425,2026-03-03 03:35:00
1772509200000,636.24,636.24,636.24,636.24,0.415,2026-03-03 03:40:00
1772509500000,636.13,636.13,635.97,635.97,0.055,2026-03-03 03:45:00
1772509800000,635.97,635.97,635.97,635.97,0.0,2026-03-03 03:50:00
1772510100000,635.97,635.97,635.97,635.97,0.0,2026-03-03 03:55:00
1772510400000,636.25,636.49,636.25,636.49,0.086,2026-03-03 04:00:00
1772510700000,636.49,636.49,636.49,636.49,0.0,2026-03-03 04:05:00
1772511000000,635.92,636.17,635.92,636.17,0.016,2026-03-03 04:10:00
1772511300000,636.17,636.17,636.17,636.17,0.0,2026-03-03 04:15:00
1772511600000,636.22,637.05,636.21,636.38,2.071,2026-03-03 04:20:00
1772511900000,636.25,636.25,636.25,636.25,0.023,2026-03-03 04:25:00
1772512200000,636.25,636.25,636.25,636.25,0.0,2026-03-03 04:30:00
1772512500000,636.53,636.53,636.53,636.53,0.016,2026-03-03 04:35:00
1772512800000,635.64,635.64,635.28,635.28,0.327,2026-03-03 04:40:00
1772513100000,635.1,635.1,634.9,634.9,0.471,2026-03-03 04:45:00
1772513400000,634.44,634.44,634.43,634.43,0.314,2026-03-03 04:50:00
1772513700000,634.35,634.35,634.35,634.35,0.159,2026-03-03 04:55:00
1772514000000,634.77,634.79,634.3,634.3,0.044,2026-03-03 05:00:00
1772514300000,634.83,636.55,634.83,636.55,0.105,2026-03-03 05:05:00
1772514600000,636.43,636.43,636.41,636.41,0.126,2026-03-03 05:10:00
1772514900000,636.41,636.41,636.41,636.41,0.0,2026-03-03 05:15:00
1772515200000,636.91,636.91,636.91,636.91,0.006,2026-03-03 05:20:00
1772515500000,636.91,636.91,636.91,636.91,0.0,2026-03-03 05:25:00
1772515800000,636.64,636.64,636.64,636.64,0.006,2026-03-03 05:30:00
1772516100000,636.59,636.59,631.32,631.8,0.597,2026-03-03 05:35:00
1772516400000,631.8,631.8,631.8,631.8,0.0,2026-03-03 05:40:00
1772516700000,631.32,631.32,629.22,629.22,0.625,2026-03-03 05:45:00
1772517000000,629.22,629.22,629.22,629.22,0.0,2026-03-03 05:50:00
1772517300000,629.98,630.56,629.98,630.56,1.088,2026-03-03 05:55:00
1772517600000,630.56,630.56,630.56,630.56,0.0,2026-03-03 06:00:00
1772517900000,630.56,630.56,630.56,630.56,0.0,2026-03-03 06:05:00
1772518200000,632.39,632.39,632.07,632.07,0.121,2026-03-03 06:10:00
1772518500000,632.64,632.64,632.64,632.64,0.005,2026-03-03 06:15:00
1772518800000,631.99,631.99,631.99,631.99,0.051,2026-03-03 06:20:00
1772519100000,631.99,631.99,631.99,631.99,0.0,2026-03-03 06:25:00
1772519400000,631.99,631.99,631.99,631.99,0.0,2026-03-03 06:30:00
1772519700000,631.99,631.99,631.99,631.99,0.0,2026-03-03 06:35:00
1772520000000,631.99,631.99,631.99,631.99,0.0,2026-03-03 06:40:00
1772520300000,630.69,630.69,630.69,630.69,0.579,2026-03-03 06:45:00
1772520600000,630.69,630.69,630.69,630.69,0.0,2026-03-03 06:50:00
1772520900000,630.69,630.69,630.69,630.69,0.0,2026-03-03 06:55:00
1772521200000,630.69,630.69,630.69,630.69,0.0,2026-03-03 07:00:00
1772521500000,630.69,630.69,630.69,630.69,0.0,2026-03-03 07:05:00
1772521800000,630.69,630.69,630.69,630.69,0.0,2026-03-03 07:10:00
1772522100000,630.69,630.69,630.69,630.69,0.0,2026-03-03 07:15:00
1772522400000,630.69,630.69,630.69,630.69,0.0,2026-03-03 07:20:00
1772522700000,635.39,635.39,635.39,635.39,0.406,2026-03-03 07:25:00
1772523000000,635.39,635.39,634.97,634.97,1.605,2026-03-03 07:30:00
1772523300000,634.62,634.63,634.62,634.63,1.985,2026-03-03 07:35:00
1772523600000,634.63,634.63,634.63,634.63,0.0,2026-03-03 07:40:00
1772523900000,634.63,634.63,634.63,634.63,0.0,2026-03-03 07:45:00
1772524200000,633.54,633.56,633.54,633.56,19.552,2026-03-03 07:50:00
1772524500000,633.56,633.56,633.56,633.56,0.0,2026-03-03 07:55:00
1772524800000,633.22,633.22,633.22,633.22,0.006,2026-03-03 08:00:00
1772525100000,633.22,633.22,633.22,633.22,0.0,2026-03-03 08:05:00
1772525400000,633.22,633.22,633.22,633.22,0.0,2026-03-03 08:10:00
1772525700000,633.22,633.22,633.22,633.22,0.0,2026-03-03 08:15:00
1772526000000,633.22,633.22,633.22,633.22,0.0,2026-03-03 08:20:00
1772526300000,630.17,630.17,630.16,630.16,15.875,2026-03-03 08:25:00
1772526600000,629.0,629.15,628.6,628.6,0.345,2026-03-03 08:30:00
1772526900000,628.6,628.6,628.6,628.6,0.0,2026-03-03 08:35:00
1772527200000,627.32,627.32,623.47,623.47,5.126,2026-03-03 08:40:00
1772527500000,623.47,623.47,623.47,623.47,0.0,2026-03-03 08:45:00
1772527800000,623.47,623.47,623.47,623.47,0.0,2026-03-03 08:50:00
1772528100000,623.47,623.47,623.47,623.47,0.0,2026-03-03 08:55:00
1772528400000,623.47,623.47,623.47,623.47,0.0,2026-03-03 09:00:00
1772528700000,625.71,626.92,625.71,626.92,0.499,2026-03-03 09:05:00
1772529000000,626.23,626.23,625.69,625.69,0.01,2026-03-03 09:10:00
1772529300000,626.21,626.35,626.21,626.35,0.126,2026-03-03 09:15:00
1772529600000,625.95,625.95,624.68,624.68,5.969,2026-03-03 09:20:00
1772529900000,622.09,622.09,622.09,622.09,0.061,2026-03-03 09:25:00
1772530200000,621.48,621.48,621.33,621.33,0.521,2026-03-03 09:30:00
1772530500000,622.21,622.21,622.21,622.21,0.289,2026-03-03 09:35:00
1772530800000,622.96,623.24,622.96,623.24,2.178,2026-03-03 09:40:00
1772531100000,623.24,623.24,623.24,623.24,0.0,2026-03-03 09:45:00
1772531400000,621.9,621.9,621.9,621.9,0.004,2026-03-03 09:50:00
1772531700000,621.9,621.9,621.9,621.9,0.0,2026-03-03 09:55:00
1772532000000,621.9,621.9,621.9,621.9,0.0,2026-03-03 10:00:00
1772532300000,621.9,621.9,621.9,621.9,0.0,2026-03-03 10:05:00
1772532600000,621.92,621.92,621.92,621.92,0.008,2026-03-03 10:10:00
1772532900000,621.92,621.92,621.92,621.92,0.0,2026-03-03 10:15:00
1772533200000,623.34,624.21,623.34,624.05,2.741,2026-03-03 10:20:00
1772533500000,624.05,624.05,624.05,624.05,0.0,2026-03-03 10:25:00
1772533800000,624.05,624.05,624.05,624.05,0.0,2026-03-03 10:30:00
1772534100000,624.05,624.05,624.05,624.05,0.0,2026-03-03 10:35:00
1772534400000,624.78,624.78,624.78,624.78,1.0,2026-03-03 10:40:00
1772534700000,624.78,624.78,624.78,624.78,0.0,2026-03-03 10:45:00
1772535000000,624.78,624.78,624.78,624.78,0.0,2026-03-03 10:50:00
1772535300000,624.78,624.78,624.78,624.78,0.0,2026-03-03 10:55:00
1772535600000,626.32,626.32,626.32,626.32,0.16,2026-03-03 11:00:00
1772535900000,626.32,626.32,626.32,626.32,0.0,2026-03-03 11:05:00
1772536200000,626.32,626.32,626.32,626.32,0.0,2026-03-03 11:10:00
1772536500000,626.32,626.32,626.32,626.32,0.0,2026-03-03 11:15:00
1772536800000,626.32,626.32,626.32,626.32,0.0,2026-03-03 11:20:00
1772537100000,626.32,626.32,626.32,626.32,0.0,2026-03-03 11:25:00
1772537400000,625.77,625.77,625.77,625.77,0.008,2026-03-03 11:30:00
1772537700000,625.77,625.77,625.77,625.77,0.0,2026-03-03 11:35:00
1772538000000,625.77,625.77,625.77,625.77,0.0,2026-03-03 11:40:00
1772538300000,625.77,625.77,625.77,625.77,0.0,2026-03-03 11:45:00
1772538600000,625.77,625.77,625.77,625.77,0.0,2026-03-03 11:50:00
1772538900000,625.77,625.77,625.77,625.77,0.0,2026-03-03 11:55:00
1772539200000,625.77,625.77,625.77,625.77,0.0,2026-03-03 12:00:00
1772539500000,625.77,625.77,625.77,625.77,0.0,2026-03-03 12:05:00
1772539800000,625.77,625.77,625.77,625.77,0.0,2026-03-03 12:10:00
1772540100000,629.32,629.51,629.32,629.51,0.027,2026-03-03 12:15:00
1772540400000,629.51,629.51,629.51,629.51,0.0,2026-03-03 12:20:00
1772540700000,629.51,629.51,629.51,629.51,0.0,2026-03-03 12:25:00
1772541000000,629.51,629.51,629.51,629.51,0.0,2026-03-03 12:30:00
1772541300000,629.51,629.51,629.51,629.51,0.0,2026-03-03 12:35:00
1772541600000,629.51,629.51,629.51,629.51,0.0,2026-03-03 12:40:00
1772541900000,629.51,629.51,629.51,629.51,0.0,2026-03-03 12:45:00
1772542200000,629.51,629.51,629.51,629.51,0.0,2026-03-03 12:50:00
1772542500000,629.51,629.51,629.51,629.51,0.0,2026-03-03 12:55:00
1772542800000,626.42,626.45,626.42,626.45,0.016,2026-03-03 13:00:00
1772543100000,626.45,626.45,626.45,626.45,0.0,2026-03-03 13:05:00
1772543400000,626.45,626.45,626.45,626.45,0.0,2026-03-03 13:10:00
1772543700000,626.45,626.45,626.45,626.45,0.0,2026-03-03 13:15:00
1772544000000,626.45,626.45,626.45,626.45,0.0,2026-03-03 13:20:00
1772544300000,626.45,626.45,626.45,626.45,0.0,2026-03-03 13:25:00
1772544600000,626.45,626.45,626.45,626.45,0.0,2026-03-03 13:30:00
1772544900000,626.45,626.45,626.45,626.45,0.0,2026-03-03 13:35:00
1772545200000,626.45,626.45,626.45,626.45,0.0,2026-03-03 13:40:00
1772545500000,624.12,624.12,624.12,624.12,0.135,2026-03-03 13:45:00
1772545800000,624.73,624.73,624.73,624.73,0.008,2026-03-03 13:50:00
1772546100000,624.73,624.73,624.73,624.73,0.0,2026-03-03 13:55:00
1772546400000,623.98,623.98,623.98,623.98,0.024,2026-03-03 14:00:00
1772546700000,623.98,623.98,623.98,623.98,0.0,2026-03-03 14:05:00
1772547000000,626.08,626.45,625.79,626.45,1.011,2026-03-03 14:10:00
1772547300000,626.45,626.45,626.45,626.45,0.0,2026-03-03 14:15:00
1772547600000,626.5,627.7,626.5,627.7,0.946,2026-03-03 14:20:00
1772547900000,627.7,627.7,627.7,627.7,0.0,2026-03-03 14:25:00
1772548200000,627.7,627.7,627.7,627.7,0.0,2026-03-03 14:30:00
1772548500000,625.91,625.91,625.91,625.91,0.168,2026-03-03 14:35:00
1772548800000,625.91,625.91,625.91,625.91,0.0,2026-03-03 14:40:00
1772549100000,625.91,625.91,625.91,625.91,0.0,2026-03-03 14:45:00
1772549400000,623.67,623.67,623.04,623.04,0.088,2026-03-03 14:50:00
1772549700000,623.04,623.04,623.04,623.04,0.0,2026-03-03 14:55:00
1772550000000,623.9,623.9,623.9,623.9,0.006,2026-03-03 15:00:00
1772550300000,624.36,624.42,624.36,624.42,0.1,2026-03-03 15:05:00
1772550600000,624.42,624.42,624.42,624.42,0.0,2026-03-03 15:10:00
1772550900000,624.54,624.54,624.54,624.54,0.01,2026-03-03 15:15:00
1772551200000,624.33,624.33,624.33,624.33,0.008,2026-03-03 15:20:00
1772551500000,624.33,624.33,624.33,624.33,0.0,2026-03-03 15:25:00
1772551800000,626.29,626.29,626.29,626.29,0.019,2026-03-03 15:30:00
1772552100000,626.29,626.29,626.29,626.29,0.0,2026-03-03 15:35:00
1772552400000,626.29,626.29,626.29,626.29,0.0,2026-03-03 15:40:00
1772552700000,628.27,628.54,628.27,628.54,1.0,2026-03-03 15:45:00
1772553000000,628.93,629.05,628.93,629.05,2.158,2026-03-03 15:50:00
1772553300000,629.05,629.05,629.05,629.05,0.0,2026-03-03 15:55:00
1772553600000,629.77,631.04,629.77,631.04,3.141,2026-03-03 16:00:00
1772553900000,632.87,633.59,632.87,633.59,0.102,2026-03-03 16:05:00
1772554200000,634.36,634.54,634.36,634.54,0.016,2026-03-03 16:10:00
1772554500000,636.07,636.07,636.07,636.07,0.005,2026-03-03 16:15:00
1772554800000,635.0,635.0,635.0,635.0,0.008,2026-03-03 16:20:00
1772555100000,638.5,638.51,638.5,638.51,1.205,2026-03-03 16:25:00
1772555400000,634.79,635.09,634.79,635.09,0.17,2026-03-03 16:30:00
1772555700000,635.09,635.09,635.09,635.09,0.0,2026-03-03 16:35:00
1772556000000,635.09,635.09,635.09,635.09,0.0,2026-03-03 16:40:00
1772556300000,632.52,634.45,632.52,634.45,10.715,2026-03-03 16:45:00
1772556600000,634.45,634.45,634.45,634.45,0.0,2026-03-03 16:50:00
1772556900000,634.45,634.45,634.45,634.45,0.0,2026-03-03 16:55:00
1772557200000,633.67,633.67,633.67,633.67,0.008,2026-03-03 17:00:00
1772557500000,632.8,632.8,632.79,632.79,0.04,2026-03-03 17:05:00
1772557800000,630.34,630.34,630.34,630.34,0.014,2026-03-03 17:10:00
1772558100000,630.34,630.34,630.34,630.34,0.0,2026-03-03 17:15:00
1772558400000,632.0,632.0,632.0,632.0,0.005,2026-03-03 17:20:00
1772558700000,633.94,633.94,633.94,633.94,0.079,2026-03-03 17:25:00
1772559000000,630.41,630.41,630.41,630.41,0.039,2026-03-03 17:30:00
1772559300000,630.41,630.41,630.41,630.41,0.0,2026-03-03 17:35:00
1772559600000,631.58,631.58,631.58,631.58,0.009,2026-03-03 17:40:00
1772559900000,631.58,631.58,631.58,631.58,0.0,2026-03-03 17:45:00
1772560200000,633.94,633.94,633.29,633.29,8.375,2026-03-03 17:50:00
1772560500000,634.04,634.04,634.04,634.04,0.039,2026-03-03 17:55:00
1772560800000,634.15,634.15,634.15,634.15,0.157,2026-03-03 18:00:00
1772561100000,634.15,634.15,634.15,634.15,0.0,2026-03-03 18:05:00
1772561400000,632.61,632.61,632.61,632.61,0.158,2026-03-03 18:10:00
1772561700000,632.61,632.61,632.61,632.61,0.0,2026-03-03 18:15:00
1772562000000,635.42,635.72,635.42,635.72,0.5,2026-03-03 18:20:00
1772562300000,635.47,635.47,635.47,635.47,0.003,2026-03-03 18:25:00
1772562600000,637.17,637.17,637.17,637.17,0.004,2026-03-03 18:30:00
1772562900000,636.65,637.35,636.65,637.35,0.049,2026-03-03 18:35:00
1772563200000,637.35,637.35,637.35,637.35,0.0,2026-03-03 18:40:00
1772563500000,637.35,637.35,637.35,637.35,0.0,2026-03-03 18:45:00
1772563800000,637.35,637.35,637.35,637.35,0.0,2026-03-03 18:50:00
1772564100000,634.76,634.89,634.76,634.89,0.367,2026-03-03 18:55:00
1772564400000,634.84,634.84,633.72,633.72,0.061,2026-03-03 19:00:00
1772564700000,633.16,633.33,633.16,633.33,0.325,2026-03-03 19:05:00
1772565000000,633.38,633.38,633.14,633.14,0.012,2026-03-03 19:10:00
1772565300000,633.14,633.14,633.14,633.14,0.0,2026-03-03 19:15:00
1772565600000,633.14,633.14,633.14,633.14,0.0,2026-03-03 19:20:00
1772565900000,633.14,633.14,633.14,633.14,0.005,2026-03-03 19:25:00
1772566200000,633.14,633.14,633.14,633.14,0.0,2026-03-03 19:30:00
1772566500000,633.32,633.32,633.23,633.23,0.513,2026-03-03 19:35:00
1772566800000,633.23,633.23,633.23,633.23,0.0,2026-03-03 19:40:00
1772567100000,633.23,633.23,633.23,633.23,0.0,2026-03-03 19:45:00
1772567400000,633.23,633.23,633.23,633.23,0.0,2026-03-03 19:50:00
1772567700000,633.23,633.23,633.23,633.23,0.0,2026-03-03 19:55:00
1772568000000,633.23,633.23,633.23,633.23,0.0,2026-03-03 20:00:00
1772568300000,633.53,633.53,633.53,633.53,0.006,2026-03-03 20:05:00
1772568600000,631.44,631.44,631.09,631.09,0.981,2026-03-03 20:10:00
1772568900000,631.64,631.64,631.64,631.64,0.16,2026-03-03 20:15:00
1772569200000,631.64,631.64,631.64,631.64,0.0,2026-03-03 20:20:00
1772569500000,631.64,631.64,631.64,631.64,0.0,2026-03-03 20:25:00
1772569800000,631.64,631.64,631.64,631.64,0.0,2026-03-03 20:30:00
1772570100000,633.36,633.36,633.36,633.36,0.001,2026-03-03 20:35:00
1772570400000,632.52,632.52,632.5,632.5,0.014,2026-03-03 20:40:00
1772570700000,632.95,632.95,632.95,632.95,0.05,2026-03-03 20:45:00
1772571000000,632.95,632.95,632.95,632.95,0.0,2026-03-03 20:50:00
1772571300000,631.37,631.37,631.37,631.37,0.008,2026-03-03 20:55:00
1772571600000,630.34,630.34,630.0,630.05,0.224,2026-03-03 21:00:00
1772571900000,630.38,630.38,630.38,630.38,0.016,2026-03-03 21:05:00
1772572200000,630.16,630.16,630.16,630.16,0.005,2026-03-03 21:10:00
1772572500000,629.36,629.36,629.36,629.36,0.016,2026-03-03 21:15:00
1772572800000,629.36,629.36,629.36,629.36,0.0,2026-03-03 21:20:00
1772573100000,629.36,629.36,629.36,629.36,0.0,2026-03-03 21:25:00
1772573400000,629.36,629.36,629.36,629.36,0.0,2026-03-03 21:30:00
1772573700000,629.36,629.36,629.36,629.36,0.0,2026-03-03 21:35:00
1772574000000,629.36,629.36,629.36,629.36,0.0,2026-03-03 21:40:00
1772574300000,629.36,629.36,629.36,629.36,0.0,2026-03-03 21:45:00
1772574600000,630.05,630.05,630.04,630.04,2.566,2026-03-03 21:50:00
1772574900000,630.04,630.04,630.04,630.04,0.0,2026-03-03 21:55:00
1772575200000,630.04,630.04,630.04,630.04,0.0,2026-03-03 22:00:00
1772575500000,630.04,630.04,630.04,630.04,0.0,2026-03-03 22:05:00
1772575800000,630.04,630.04,630.04,630.04,0.0,2026-03-03 22:10:00
1772576100000,630.04,630.04,630.04,630.04,0.0,2026-03-03 22:15:00
1772576400000,630.04,630.04,630.04,630.04,0.0,2026-03-03 22:20:00
1772576700000,630.04,630.04,630.04,630.04,0.0,2026-03-03 22:25:00
1772577000000,630.04,630.04,630.04,630.04,0.0,2026-03-03 22:30:00
1772577300000,634.16,634.16,634.16,634.16,0.382,2026-03-03 22:35:00
1772577600000,633.9,633.9,633.9,633.9,15.778,2026-03-03 22:40:00
1772577900000,634.58,634.59,634.58,634.59,0.139,2026-03-03 22:45:00
1772578200000,634.37,634.37,634.37,634.37,0.013,2026-03-03 22:50:00
1772578500000,634.37,634.37,634.37,634.37,0.0,2026-03-03 22:55:00
1772578800000,634.37,634.37,634.37,634.37,0.0,2026-03-03 23:00:00
1772579100000,634.37,634.37,634.37,634.37,0.0,2026-03-03 23:05:00
1772579400000,634.54,636.49,634.54,635.79,5.496,2026-03-03 23:10:00
1772579700000,635.79,635.79,635.79,635.79,0.0,2026-03-03 23:15:00
1772580000000,635.79,635.79,635.79,635.79,0.0,2026-03-03 23:20:00
1772580300000,635.79,635.79,635.79,635.79,0.0,2026-03-03 23:25:00
1772580600000,633.53,633.53,633.53,633.53,0.09,2026-03-03 23:30:00
1772580900000,633.53,633.53,633.53,633.53,0.0,2026-03-03 23:35:00
1772581200000,633.53,633.53,633.53,633.53,0.0,2026-03-03 23:40:00
1772581500000,633.53,633.53,633.53,633.53,0.0,2026-03-03 23:45:00
1772581800000,634.74,634.74,634.74,634.74,0.197,2026-03-03 23:50:00
1772582100000,634.74,634.74,634.74,634.74,0.0,2026-03-03 23:55:00
1772582400000,633.74,633.74,633.74,633.74,0.007,2026-03-04 00:00:00
1772582700000,633.74,633.74,633.74,633.74,0.0,2026-03-04 00:05:00
1772583000000,632.79,632.83,632.79,632.83,0.017,2026-03-04 00:10:00
1772583300000,632.8,634.09,632.8,634.09,0.044,2026-03-04 00:15:00
1772583600000,633.97,634.25,633.61,633.61,0.172,2026-03-04 00:20:00
1772583900000,633.24,633.85,633.24,633.35,0.074,2026-03-04 00:25:00
1772584200000,633.51,633.55,631.92,632.28,1.388,2026-03-04 00:30:00
1772584500000,631.12,631.12,629.82,629.82,0.031,2026-03-04 00:35:00
1772584800000,629.82,629.82,629.82,629.82,0.0,2026-03-04 00:40:00
1772585100000,632.46,632.46,632.46,632.46,0.006,2026-03-04 00:45:00
1772585400000,632.46,632.46,632.46,632.46,0.0,2026-03-04 00:50:00
1772585700000,632.5,632.5,631.79,631.79,0.08,2026-03-04 00:55:00
1772586000000,633.39,633.39,633.39,633.39,0.005,2026-03-04 01:00:00
1772586300000,632.99,632.99,632.94,632.94,0.049,2026-03-04 01:05:00
1772586600000,632.34,632.34,632.34,632.34,0.008,2026-03-04 01:10:00
1772586900000,632.34,632.34,632.34,632.34,0.0,2026-03-04 01:15:00
1772587200000,632.34,632.34,632.34,632.34,0.0,2026-03-04 01:20:00
1772587500000,632.34,632.34,632.34,632.34,0.0,2026-03-04 01:25:00
1772587800000,633.6,633.6,633.6,633.6,0.039,2026-03-04 01:30:00
1772588100000,633.6,633.6,633.6,633.6,0.0,2026-03-04 01:35:00
1772588400000,635.87,635.87,635.72,635.72,0.99,2026-03-04 01:40:00
1772588700000,635.72,635.72,635.72,635.72,0.0,2026-03-04 01:45:00
1772589000000,635.72,635.72,635.72,635.72,0.0,2026-03-04 01:50:00
1772589300000,634.4,634.4,634.4,634.4,0.016,2026-03-04 01:55:00
1772589600000,634.4,634.4,634.4,634.4,0.0,2026-03-04 02:00:00
1772589900000,634.4,634.4,634.4,634.4,0.0,2026-03-04 02:05:00
1772590200000,633.48,633.48,633.48,633.48,0.008,2026-03-04 02:10:00
1772590500000,633.48,633.48,633.48,633.48,0.0,2026-03-04 02:15:00
1772590800000,633.48,633.48,633.48,633.48,0.0,2026-03-04 02:20:00
1772591100000,631.39,631.5,631.39,631.5,20.852,2026-03-04 02:25:00
1772591400000,631.5,631.5,631.5,631.5,0.0,2026-03-04 02:30:00
1772591700000,631.5,631.5,631.5,631.5,0.0,2026-03-04 02:35:00
1772592000000,631.5,631.5,631.5,631.5,0.0,2026-03-04 02:40:00
1772592300000,632.68,632.68,632.68,632.68,0.1,2026-03-04 02:45:00
1772592600000,634.25,634.25,634.25,634.25,0.021,2026-03-04 02:50:00
1772592900000,634.25,634.25,634.25,634.25,0.0,2026-03-04 02:55:00
1772593200000,632.24,632.94,632.24,632.94,0.021,2026-03-04 03:00:00
1772593500000,633.0,633.0,633.0,633.0,0.008,2026-03-04 03:05:00
1772593800000,632.83,633.74,632.83,633.74,0.176,2026-03-04 03:10:00
1772594100000,633.74,633.74,633.74,633.74,0.008,2026-03-04 03:15:00
1772594400000,633.74,633.74,633.74,633.74,0.0,2026-03-04 03:20:00
1772594700000,633.74,633.74,633.74,633.74,0.0,2026-03-04 03:25:00
1772595000000,627.5,627.5,627.5,627.5,0.111,2026-03-04 03:30:00
1772595300000,626.6,626.6,626.6,626.6,0.01,2026-03-04 03:35:00
1772595600000,626.6,626.6,626.6,626.6,0.0,2026-03-04 03:40:00
1772595900000,626.6,626.6,626.6,626.6,0.0,2026-03-04 03:45:00
1772596200000,626.6,626.6,626.6,626.6,0.0,2026-03-04 03:50:00
1772596500000,626.6,626.6,626.6,626.6,0.0,2026-03-04 03:55:00
1772596800000,629.37,629.37,629.37,629.37,0.1,2026-03-04 04:00:00
1772597100000,629.37,629.37,629.37,629.37,0.0,2026-03-04 04:05:00
1772597400000,629.61,630.43,629.61,630.43,0.016,2026-03-04 04:10:00
1772597700000,629.07,629.07,629.07,629.07,0.007,2026-03-04 04:15:00
1772598000000,629.07,629.07,629.07,629.07,0.0,2026-03-04 04:20:00
1772598300000,628.33,628.39,628.33,628.39,0.191,2026-03-04 04:25:00
1772598600000,628.39,628.39,628.39,628.39,0.0,2026-03-04 04:30:00
1772598900000,628.39,628.39,628.39,628.39,0.0,2026-03-04 04:35:00
1772599200000,628.39,628.39,628.39,628.39,0.0,2026-03-04 04:40:00
1772599500000,628.39,628.39,628.39,628.39,0.0,2026-03-04 04:45:00
1772599800000,628.39,628.39,628.39,628.39,0.0,2026-03-04 04:50:00
1772600100000,629.83,629.83,629.83,629.83,0.002,2026-03-04 04:55:00
1772600400000,629.83,629.83,629.83,629.83,0.0,2026-03-04 05:00:00
1772600700000,629.83,629.83,629.83,629.83,0.0,2026-03-04 05:05:00
1772601000000,630.88,630.88,630.84,630.84,0.068,2026-03-04 05:10:00
1772601300000,630.84,630.84,630.84,630.84,0.0,2026-03-04 05:15:00
1772601600000,630.84,630.84,630.84,630.84,0.0,2026-03-04 05:20:00
1772601900000,630.84,630.84,630.84,630.84,0.0,2026-03-04 05:25:00
1772602200000,630.84,630.84,630.84,630.84,0.0,2026-03-04 05:30:00
1772602500000,630.74,630.74,630.74,630.74,1.0,2026-03-04 05:35:00
1772602800000,632.5,632.5,632.5,632.5,0.11,2026-03-04 05:40:00
1772603100000,632.46,632.46,632.46,632.46,0.016,2026-03-04 05:45:00
1772603400000,632.46,632.46,632.46,632.46,0.0,2026-03-04 05:50:00
1772603700000,633.34,633.34,633.34,633.34,0.032,2026-03-04 05:55:00
1772604000000,633.34,633.34,633.34,633.34,0.0,2026-03-04 06:00:00
1772604300000,632.25,632.38,632.25,632.37,15.74,2026-03-04 06:05:00
1772604600000,632.3,632.3,632.3,632.3,0.079,2026-03-04 06:10:00
1772604900000,632.3,632.3,632.3,632.3,0.0,2026-03-04 06:15:00
1772605200000,632.3,632.3,632.3,632.3,0.0,2026-03-04 06:20:00
1772605500000,632.3,632.3,632.3,632.3,0.0,2026-03-04 06:25:00
1772605800000,633.74,633.74,633.74,633.74,0.089,2026-03-04 06:30:00
1772606100000,633.99,633.99,633.99,633.99,0.006,2026-03-04 06:35:00
1772606400000,633.99,633.99,633.99,633.99,0.0,2026-03-04 06:40:00
1772606700000,633.99,633.99,633.99,633.99,0.0,2026-03-04 06:45:00
1772607000000,633.99,633.99,633.99,633.99,0.0,2026-03-04 06:50:00
1772607300000,633.99,633.99,633.99,633.99,0.0,2026-03-04 06:55:00
1772607600000,633.99,633.99,633.99,633.99,0.0,2026-03-04 07:00:00
1772607900000,633.99,633.99,633.99,633.99,0.0,2026-03-04 07:05:00
1772608200000,633.99,633.99,633.99,633.99,0.0,2026-03-04 07:10:00
1772608500000,633.99,633.99,633.99,633.99,0.0,2026-03-04 07:15:00
1772608800000,633.99,633.99,633.99,633.99,0.0,2026-03-04 07:20:00
1772609100000,633.99,633.99,633.99,633.99,0.0,2026-03-04 07:25:00
1772609400000,633.99,633.99,633.99,633.99,0.0,2026-03-04 07:30:00
1772609700000,633.99,633.99,633.99,633.99,0.0,2026-03-04 07:35:00
1772610000000,633.99,633.99,633.99,633.99,0.0,2026-03-04 07:40:00
1772610300000,639.98,640.0,639.98,640.0,0.365,2026-03-04 07:45:00
1772610600000,640.04,640.04,639.88,639.88,0.1,2026-03-04 07:50:00
1772610900000,641.09,641.09,641.09,641.09,0.091,2026-03-04 07:55:00
1772611200000,641.09,641.09,641.09,641.09,0.0,2026-03-04 08:00:00
1772611500000,640.27,641.39,640.27,641.39,0.301,2026-03-04 08:05:00
1772611800000,641.93,641.93,641.93,641.93,0.003,2026-03-04 08:10:00
1772612100000,641.93,641.93,641.93,641.93,0.0,2026-03-04 08:15:00
1772612400000,640.12,640.12,640.12,640.12,0.007,2026-03-04 08:20:00
1772612700000,640.12,640.12,640.12,640.12,0.0,2026-03-04 08:25:00
1772613000000,640.12,640.12,640.12,640.12,0.0,2026-03-04 08:30:00
1772613300000,640.12,640.12,640.12,640.12,0.0,2026-03-04 08:35:00
1772613600000,643.69,643.69,643.69,643.69,0.054,2026-03-04 08:40:00
1772613900000,644.24,647.47,644.24,647.46,0.2,2026-03-04 08:45:00
1772614200000,647.62,648.12,647.55,648.12,0.582,2026-03-04 08:50:00
1772614500000,649.13,652.0,649.1,652.0,1.482,2026-03-04 08:55:00
1772614800000,651.39,651.53,651.39,651.53,1.1,2026-03-04 09:00:00
1772615100000,651.92,653.99,651.92,652.16,1.278,2026-03-04 09:05:00
1772615400000,652.16,652.16,652.16,652.16,0.0,2026-03-04 09:10:00
1772615700000,652.16,652.16,652.16,652.16,0.0,2026-03-04 09:15:00
1772616000000,652.06,652.06,651.04,651.04,7.414,2026-03-04 09:20:00
1772616300000,651.26,651.34,651.26,651.34,0.662,2026-03-04 09:25:00
1772616600000,651.34,651.34,651.34,651.34,0.0,2026-03-04 09:30:00
1772616900000,652.29,653.17,652.29,653.17,0.204,2026-03-04 09:35:00
1772617200000,653.88,654.0,653.88,654.0,0.076,2026-03-04 09:40:00
1772617500000,654.02,654.02,653.83,653.83,0.1,2026-03-04 09:45:00
1772617800000,653.83,653.83,653.83,653.83,0.0,2026-03-04 09:50:00
1772618100000,653.83,653.83,653.83,653.83,0.0,2026-03-04 09:55:00
1772618400000,653.83,653.83,653.83,653.83,0.0,2026-03-04 10:00:00
1772618700000,653.83,653.83,653.83,653.83,0.0,2026-03-04 10:05:00
1772619000000,653.25,653.25,653.25,653.25,0.158,2026-03-04 10:10:00
1772619300000,653.11,653.11,653.11,653.11,0.013,2026-03-04 10:15:00
1772619600000,653.11,653.11,653.11,653.11,0.0,2026-03-04 10:20:00
1772619900000,653.11,653.11,653.11,653.11,0.0,2026-03-04 10:25:00
1772620200000,653.11,653.11,653.11,653.11,0.0,2026-03-04 10:30:00
1772620500000,651.26,651.26,650.96,650.96,0.025,2026-03-04 10:35:00
1772620800000,650.96,650.96,650.96,650.96,0.0,2026-03-04 10:40:00
1772621100000,650.96,650.96,650.96,650.96,0.0,2026-03-04 10:45:00
1772621400000,652.27,652.27,652.27,652.27,0.024,2026-03-04 10:50:00
1772621700000,652.27,652.27,652.27,652.27,0.0,2026-03-04 10:55:00
1772622000000,652.27,652.27,652.27,652.27,0.0,2026-03-04 11:00:00
1772622300000,652.27,652.27,652.27,652.27,0.0,2026-03-04 11:05:00
1772622600000,652.27,652.27,652.27,652.27,0.0,2026-03-04 11:10:00
1772622900000,652.35,652.35,652.35,652.35,0.1,2026-03-04 11:15:00
1772623200000,652.35,652.35,652.35,652.35,0.0,2026-03-04 11:20:00
1772623500000,652.35,652.35,652.35,652.35,0.0,2026-03-04 11:25:00
1772623800000,649.95,649.95,648.39,648.39,0.068,2026-03-04 11:30:00
1772624100000,648.39,648.39,648.39,648.39,0.0,2026-03-04 11:35:00
1772624400000,648.39,648.39,648.39,648.39,0.0,2026-03-04 11:40:00
1772624700000,649.65,649.65,649.65,649.65,0.015,2026-03-04 11:45:00
1772625000000,649.65,649.65,649.65,649.65,0.0,2026-03-04 11:50:00
1772625300000,650.58,650.81,650.58,650.81,0.142,2026-03-04 11:55:00
1772625600000,650.55,651.01,650.54,651.01,0.193,2026-03-04 12:00:00
1772625900000,650.79,650.79,650.79,650.79,0.075,2026-03-04 12:05:00
1772626200000,650.79,650.79,650.79,650.79,0.0,2026-03-04 12:10:00
1772626500000,650.79,650.79,650.79,650.79,0.0,2026-03-04 12:15:00
1772626800000,650.79,650.79,650.79,650.79,0.0,2026-03-04 12:20:00
1772627100000,647.47,647.98,647.47,647.98,0.051,2026-03-04 12:25:00
1772627400000,647.98,647.98,647.98,647.98,0.0,2026-03-04 12:30:00
1772627700000,647.93,647.93,647.93,647.93,0.007,2026-03-04 12:35:00
1772628000000,647.93,647.93,647.93,647.93,0.0,2026-03-04 12:40:00
1772628300000,647.93,647.93,647.93,647.93,0.0,2026-03-04 12:45:00
1772628600000,649.46,649.46,649.46,649.46,0.003,2026-03-04 12:50:00
1772628900000,649.46,649.46,649.46,649.46,0.0,2026-03-04 12:55:00
1772629200000,651.33,651.36,651.33,651.36,0.015,2026-03-04 13:00:00
1772629500000,652.21,652.29,652.21,652.29,0.023,2026-03-04 13:05:00
1772629800000,652.05,652.05,652.05,652.05,0.021,2026-03-04 13:10:00
1772630100000,650.9,650.9,650.9,650.9,1.0,2026-03-04 13:15:00
1772630400000,650.9,650.9,650.9,650.9,0.0,2026-03-04 13:20:00
1772630700000,651.48,651.48,651.4,651.4,0.171,2026-03-04 13:25:00
1772631000000,651.4,651.4,651.4,651.4,0.0,2026-03-04 13:30:00
1772631300000,651.4,651.4,651.4,651.4,0.0,2026-03-04 13:35:00
1772631600000,652.97,652.97,652.97,652.97,0.008,2026-03-04 13:40:00
1772631900000,652.97,652.97,652.97,652.97,0.0,2026-03-04 13:45:00
1772632200000,652.97,652.97,652.97,652.97,0.0,2026-03-04 13:50:00
1772632500000,652.97,652.97,652.97,652.97,0.011,2026-03-04 13:55:00
1772632800000,652.97,652.97,652.97,652.97,0.0,2026-03-04 14:00:00
1772633100000,654.94,654.95,654.39,654.4,0.033,2026-03-04 14:05:00
1772633400000,654.02,654.02,653.97,653.97,0.011,2026-03-04 14:10:00
1772633700000,653.55,653.55,653.55,653.55,2.938,2026-03-04 14:15:00
1772634000000,653.55,653.55,653.55,653.55,0.0,2026-03-04 14:20:00
1772634300000,651.47,651.47,651.47,651.47,0.005,2026-03-04 14:25:00
1772634600000,650.78,657.58,650.78,657.58,4.729,2026-03-04 14:30:00
1772634900000,655.13,655.18,650.09,650.31,0.256,2026-03-04 14:35:00
1772635200000,650.31,650.31,650.31,650.31,0.0,2026-03-04 14:40:00
1772635500000,650.31,650.31,650.31,650.31,0.0,2026-03-04 14:45:00
1772635800000,652.18,652.25,652.18,652.25,0.106,2026-03-04 14:50:00
1772636100000,652.25,652.25,652.25,652.25,0.0,2026-03-04 14:55:00
1772636400000,654.22,654.22,651.53,651.53,0.109,2026-03-04 15:00:00
1772636700000,651.93,651.93,651.81,651.81,0.376,2026-03-04 15:05:00
1772637000000,653.86,654.03,653.86,653.88,0.046,2026-03-04 15:10:00
1772637300000,654.37,654.37,654.37,654.37,0.016,2026-03-04 15:15:00
1772637600000,654.37,654.37,654.37,654.37,0.0,2026-03-04 15:20:00
1772637900000,657.76,660.0,657.76,659.92,1.596,2026-03-04 15:25:00
1772638200000,659.93,660.31,659.33,660.21,0.545,2026-03-04 15:30:00
1772638500000,657.59,657.77,657.59,657.77,3.673,2026-03-04 15:35:00
1772638800000,657.29,657.29,657.29,657.29,0.007,2026-03-04 15:40:00
1772639100000,657.5,658.05,657.5,657.5,2.07,2026-03-04 15:45:00
1772639400000,657.5,657.5,657.5,657.5,0.0,2026-03-04 15:50:00
1772639700000,659.6,661.43,659.6,660.8,0.161,2026-03-04 15:55:00
1772640000000,661.49,661.49,659.35,660.15,1.498,2026-03-04 16:00:00
1772640300000,659.61,659.76,659.61,659.75,13.386,2026-03-04 16:05:00
1772640600000,659.75,659.75,659.75,659.75,0.0,2026-03-04 16:10:00
1772640900000,657.77,657.77,657.77,657.77,0.005,2026-03-04 16:15:00
1772641200000,657.14,657.51,656.27,656.27,0.355,2026-03-04 16:20:00
1772641500000,656.82,656.82,656.82,656.82,0.003,2026-03-04 16:25:00
1772641800000,656.82,656.82,656.82,656.82,0.0,2026-03-04 16:30:00
1772642100000,660.33,660.33,660.33,660.33,0.005,2026-03-04 16:35:00
1772642400000,660.11,660.3,659.98,659.98,0.082,2026-03-04 16:40:00
1772642700000,659.98,659.98,659.98,659.98,0.0,2026-03-04 16:45:00
1772643000000,659.98,659.98,659.98,659.98,0.0,2026-03-04 16:50:00
1772643300000,659.98,661.02,659.3,659.58,0.482,2026-03-04 16:55:00
1772643600000,659.58,659.58,659.58,659.58,0.0,2026-03-04 17:00:00
1772643900000,658.22,658.66,658.22,658.66,0.483,2026-03-04 17:05:00
1772644200000,659.12,659.36,659.12,659.36,0.423,2026-03-04 17:10:00
1772644500000,659.5,659.5,657.31,657.31,0.009,2026-03-04 17:15:00
1772644800000,655.23,655.23,655.23,655.23,0.018,2026-03-04 17:20:00
1772645100000,656.01,656.01,656.01,656.01,0.076,2026-03-04 17:25:00
1772645400000,656.01,656.01,656.01,656.01,0.0,2026-03-04 17:30:00
1772645700000,656.01,656.01,656.01,656.01,0.0,2026-03-04 17:35:00
1772646000000,656.01,656.01,656.01,656.01,0.0,2026-03-04 17:40:00
1772646300000,658.01,658.19,658.0,658.19,0.791,2026-03-04 17:45:00
1772646600000,659.02,659.31,658.52,659.31,0.48,2026-03-04 17:50:00
1772646900000,658.88,658.88,658.33,658.33,0.515,2026-03-04 17:55:00
1772647200000,658.73,658.73,658.73,658.73,0.015,2026-03-04 18:00:00
1772647500000,658.73,658.73,658.73,658.73,0.0,2026-03-04 18:05:00
1772647800000,657.19,657.19,656.37,656.37,0.057,2026-03-04 18:10:00
1772648100000,657.75,657.75,657.75,657.75,0.009,2026-03-04 18:15:00
1772648400000,657.75,657.75,657.75,657.75,0.0,2026-03-04 18:20:00
1772648700000,657.75,657.75,657.75,657.75,0.0,2026-03-04 18:25:00
1772649000000,659.77,659.77,659.77,659.77,0.212,2026-03-04 18:30:00
1772649300000,658.13,658.13,657.85,657.85,0.094,2026-03-04 18:35:00
1772649600000,659.29,659.29,659.29,659.29,0.189,2026-03-04 18:40:00
1772649900000,660.37,660.37,660.37,660.37,0.007,2026-03-04 18:45:00
1772650200000,660.5,660.5,660.5,660.5,0.636,2026-03-04 18:50:00
1772650500000,660.5,660.5,660.5,660.5,0.0,2026-03-04 18:55:00
1772650800000,660.5,660.5,660.5,660.5,0.0,2026-03-04 19:00:00
1772651100000,662.37,663.05,662.34,663.05,0.108,2026-03-04 19:05:00
1772651400000,662.34,663.8,662.34,663.8,0.366,2026-03-04 19:10:00
1772651700000,663.43,664.35,663.43,664.35,0.275,2026-03-04 19:15:00
1772652000000,665.85,665.99,662.97,662.97,0.309,2026-03-04 19:20:00
1772652300000,662.33,662.33,662.33,662.33,0.021,2026-03-04 19:25:00
1772652600000,661.96,662.96,661.96,662.96,0.026,2026-03-04 19:30:00
1772652900000,662.96,662.96,662.96,662.96,0.0,2026-03-04 19:35:00
1772653200000,665.26,665.26,665.26,665.26,0.007,2026-03-04 19:40:00
1772653500000,665.26,665.26,665.26,665.26,0.0,2026-03-04 19:45:00
1772653800000,664.18,664.38,664.18,664.38,0.219,2026-03-04 19:50:00
1772654100000,664.38,664.38,664.38,664.38,0.0,2026-03-04 19:55:00
1772654400000,661.99,661.99,661.99,661.99,0.005,2026-03-04 20:00:00
1772654700000,662.32,662.32,660.94,661.0,0.438,2026-03-04 20:05:00
1772655000000,661.47,661.91,661.47,661.91,0.241,2026-03-04 20:10:00
1772655300000,661.38,661.38,661.38,661.38,0.013,2026-03-04 20:15:00
1772655600000,660.93,661.62,659.99,661.62,0.388,2026-03-04 20:20:00
1772655900000,661.63,661.63,661.63,661.63,0.152,2026-03-04 20:25:00
1772656200000,662.19,662.19,662.19,662.19,0.025,2026-03-04 20:30:00
1772656500000,662.19,662.19,662.19,662.19,0.0,2026-03-04 20:35:00
1772656800000,662.19,662.19,662.19,662.19,0.0,2026-03-04 20:40:00
1772657100000,662.58,662.58,662.58,662.58,0.093,2026-03-04 20:45:00
1772657400000,662.58,662.58,662.58,662.58,0.0,2026-03-04 20:50:00
1772657700000,662.58,662.58,662.58,662.58,0.0,2026-03-04 20:55:00
1772658000000,660.68,660.68,660.68,660.68,0.075,2026-03-04 21:00:00
1772658300000,660.64,660.64,660.64,660.64,0.038,2026-03-04 21:05:00
1772658600000,659.93,659.93,659.32,659.32,0.179,2026-03-04 21:10:00
1772658900000,659.32,659.32,659.32,659.32,0.0,2026-03-04 21:15:00
1772659200000,659.32,659.32,659.32,659.32,0.0,2026-03-04 21:20:00
1772659500000,659.76,659.76,659.76,659.76,0.012,2026-03-04 21:25:00
1772659800000,659.65,659.65,659.65,659.65,0.225,2026-03-04 21:30:00
1772660100000,659.18,659.3,659.18,659.3,0.393,2026-03-04 21:35:00
1772660400000,660.45,660.45,659.27,659.27,0.025,2026-03-04 21:40:00
1772660700000,660.11,660.11,659.25,659.25,0.052,2026-03-04 21:45:00
1772661000000,659.25,659.25,659.25,659.25,0.0,2026-03-04 21:50:00
1772661300000,660.32,660.32,660.32,660.32,0.015,2026-03-04 21:55:00
1772661600000,661.41,661.41,661.41,661.41,0.061,2026-03-04 22:00:00
1772661900000,661.41,661.41,661.41,661.41,0.0,2026-03-04 22:05:00
1772662200000,661.41,661.41,661.41,661.41,0.151,2026-03-04 22:10:00
1772662500000,661.41,661.41,661.41,661.41,0.0,2026-03-04 22:15:00
1772662800000,660.87,661.05,660.87,661.05,0.755,2026-03-04 22:20:00
1772663100000,661.07,661.07,661.07,661.07,0.033,2026-03-04 22:25:00
1772663400000,661.07,661.07,661.07,661.07,0.0,2026-03-04 22:30:00
1772663700000,659.0,659.0,658.63,658.63,1.973,2026-03-04 22:35:00
1772664000000,658.63,658.63,658.63,658.63,0.0,2026-03-04 22:40:00
1772664300000,658.63,658.63,658.63,658.63,0.0,2026-03-04 22:45:00
1772664600000,658.63,658.63,658.63,658.63,0.0,2026-03-04 22:50:00
1772664900000,657.18,657.19,657.18,657.19,0.098,2026-03-04 22:55:00
1772665200000,657.32,657.66,657.32,657.66,0.073,2026-03-04 23:00:00
1772665500000,657.66,657.66,657.66,657.66,0.0,2026-03-04 23:05:00
1772665800000,657.66,657.66,657.66,657.66,0.0,2026-03-04 23:10:00
1772666100000,658.67,658.67,658.66,658.66,15.184,2026-03-04 23:15:00
1772666400000,658.66,658.66,658.66,658.66,0.0,2026-03-04 23:20:00
1772666700000,658.39,658.39,658.39,658.39,0.021,2026-03-04 23:25:00
1772667000000,658.39,658.39,658.39,658.39,0.0,2026-03-04 23:30:00
1772667300000,658.39,658.39,658.39,658.39,0.0,2026-03-04 23:35:00
1772667600000,658.39,658.39,658.39,658.39,0.0,2026-03-04 23:40:00
1772667900000,658.39,658.39,658.39,658.39,0.0,2026-03-04 23:45:00
1772668200000,658.54,658.54,656.96,657.52,0.318,2026-03-04 23:50:00
1772668500000,657.84,657.85,657.28,657.28,0.17,2026-03-04 23:55:00
1772668800000,657.28,657.28,657.28,657.28,0.0,2026-03-05 00:00:00
1772669100000,657.66,657.66,657.66,657.66,0.005,2026-03-05 00:05:00
1772669400000,656.87,657.46,656.87,657.46,0.007,2026-03-05 00:10:00
1772669700000,657.62,658.42,657.62,658.1,0.062,2026-03-05 00:15:00
1772670000000,658.1,659.36,658.09,658.51,0.588,2026-03-05 00:20:00
1772670300000,658.7,658.7,657.42,657.97,0.084,2026-03-05 00:25:00
1772670600000,657.76,657.76,657.55,657.64,0.033,2026-03-05 00:30:00
1772670900000,657.6,657.88,657.6,657.82,0.033,2026-03-05 00:35:00
1772671200000,658.13,658.92,658.13,658.67,0.015,2026-03-05 00:40:00
1772671500000,659.31,659.52,659.31,659.52,0.004,2026-03-05 00:45:00
1772671800000,659.25,659.25,658.32,658.4,0.045,2026-03-05 00:50:00
1772672100000,658.13,658.55,658.09,658.55,0.207,2026-03-05 00:55:00
1772672400000,657.37,657.37,657.37,657.37,1.138,2026-03-05 01:00:00
1772672700000,659.13,660.24,659.13,660.24,0.209,2026-03-05 01:05:00
1772673000000,659.82,659.82,659.77,659.77,0.011,2026-03-05 01:10:00
1772673300000,659.77,659.77,659.77,659.77,0.0,2026-03-05 01:15:00
1772673600000,659.77,659.77,659.77,659.77,0.0,2026-03-05 01:20:00
1772673900000,659.77,659.77,659.77,659.77,0.0,2026-03-05 01:25:00
1772674200000,657.87,657.87,657.87,657.87,0.001,2026-03-05 01:30:00
1772674500000,657.87,657.87,657.87,657.87,0.0,2026-03-05 01:35:00
1772674800000,655.56,655.56,654.87,654.87,0.897,2026-03-05 01:40:00
1772675100000,654.72,654.89,654.11,654.11,1.522,2026-03-05 01:45:00
1772675400000,653.29,653.29,653.29,653.29,0.076,2026-03-05 01:50:00
1772675700000,653.29,653.29,653.29,653.29,0.0,2026-03-05 01:55:00
1772676000000,654.99,654.99,654.99,654.99,0.046,2026-03-05 02:00:00
1772676300000,654.99,654.99,654.99,654.99,0.0,2026-03-05 02:05:00
1772676600000,656.19,656.19,656.01,656.01,0.035,2026-03-05 02:10:00
1772676900000,656.01,656.01,656.01,656.01,0.0,2026-03-05 02:15:00
1772677200000,655.96,655.96,655.96,655.96,0.151,2026-03-05 02:20:00
1772677500000,655.96,655.96,655.96,655.96,0.0,2026-03-05 02:25:00
1772677800000,655.18,655.18,655.18,655.18,0.008,2026-03-05 02:30:00
1772678100000,655.18,655.18,655.18,655.18,0.0,2026-03-05 02:35:00
1772678400000,655.18,655.18,655.18,655.18,0.0,2026-03-05 02:40:00
1772678700000,655.18,655.18,655.18,655.18,0.0,2026-03-05 02:45:00
1772679000000,654.38,654.38,654.38,654.38,0.003,2026-03-05 02:50:00
1772679300000,654.38,654.38,654.38,654.38,0.0,2026-03-05 02:55:00
1772679600000,654.17,654.45,654.17,654.45,0.011,2026-03-05 03:00:00
1772679900000,654.45,654.45,654.45,654.45,0.0,2026-03-05 03:05:00
1772680200000,654.53,654.53,654.53,654.53,0.008,2026-03-05 03:10:00
1772680500000,654.53,654.53,654.53,654.53,0.0,2026-03-05 03:15:00
1772680800000,654.53,654.53,654.53,654.53,0.0,2026-03-05 03:20:00
1772681100000,654.53,654.53,654.53,654.53,0.0,2026-03-05 03:25:00
1772681400000,652.6,652.6,652.57,652.57,0.154,2026-03-05 03:30:00
1772681700000,653.29,653.29,653.29,653.29,0.015,2026-03-05 03:35:00
1772682000000,653.29,653.29,653.29,653.29,0.0,2026-03-05 03:40:00
1772682300000,653.16,653.16,653.16,653.16,0.007,2026-03-05 03:45:00
1772682600000,653.16,653.16,653.16,653.16,0.0,2026-03-05 03:50:00
1772682900000,654.92,654.92,654.11,654.11,0.035,2026-03-05 03:55:00
1772683200000,654.11,654.11,654.11,654.11,0.0,2026-03-05 04:00:00
1772683500000,654.11,654.11,654.11,654.11,0.0,2026-03-05 04:05:00
1772683800000,655.72,655.72,655.72,655.72,0.008,2026-03-05 04:10:00
1772684100000,655.51,655.51,655.51,655.51,0.1,2026-03-05 04:15:00
1772684400000,655.72,655.72,655.72,655.72,2.001,2026-03-05 04:20:00
1772684700000,655.72,655.72,655.72,655.72,0.0,2026-03-05 04:25:00
1772685000000,655.72,655.72,655.72,655.72,0.0,2026-03-05 04:30:00
1772685300000,655.72,655.72,655.72,655.72,0.0,2026-03-05 04:35:00
1772685600000,655.72,655.72,655.72,655.72,0.0,2026-03-05 04:40:00
1772685900000,656.21,656.21,656.1,656.1,0.226,2026-03-05 04:45:00
1772686200000,654.75,655.29,654.75,655.29,0.128,2026-03-05 04:50:00
1772686500000,654.57,654.57,654.57,654.57,0.003,2026-03-05 04:55:00
1772686800000,654.57,654.57,654.57,654.57,0.0,2026-03-05 05:00:00
1772687100000,654.57,654.57,654.57,654.57,0.0,2026-03-05 05:05:00
1772687400000,655.14,655.14,654.89,654.89,1.0,2026-03-05 05:10:00
1772687700000,654.89,654.89,654.89,654.89,0.0,2026-03-05 05:15:00
1772688000000,653.91,653.91,653.74,653.74,5.0,2026-03-05 05:20:00
1772688300000,653.84,653.84,653.04,653.04,0.141,2026-03-05 05:25:00
1772688600000,653.04,653.04,653.04,653.04,0.0,2026-03-05 05:30:00
1772688900000,653.77,653.77,653.76,653.76,0.73,2026-03-05 05:35:00
1772689200000,653.34,653.34,653.34,653.34,0.005,2026-03-05 05:40:00
1772689500000,653.34,653.34,653.34,653.34,0.0,2026-03-05 05:45:00
1772689800000,653.34,653.34,653.34,653.34,0.0,2026-03-05 05:50:00
1772690100000,652.61,652.61,652.57,652.57,0.614,2026-03-05 05:55:00
1772690400000,652.57,652.57,652.57,652.57,0.0,2026-03-05 06:00:00
1772690700000,652.57,652.57,652.57,652.57,0.0,2026-03-05 06:05:00
1772691000000,652.57,652.57,652.57,652.57,0.0,2026-03-05 06:10:00
1772691300000,651.68,651.68,651.68,651.68,0.152,2026-03-05 06:15:00
1772691600000,653.65,653.65,653.65,653.65,0.1,2026-03-05 06:20:00
1772691900000,652.03,652.24,651.87,652.24,0.529,2026-03-05 06:25:00
1772692200000,652.24,652.24,652.24,652.24,0.0,2026-03-05 06:30:00
1772692500000,652.78,652.78,652.78,652.78,0.049,2026-03-05 06:35:00
1772692800000,652.78,652.78,652.78,652.78,0.0,2026-03-05 06:40:00
1772693100000,653.24,653.24,653.24,653.24,0.044,2026-03-05 06:45:00
1772693400000,653.24,653.24,653.24,653.24,0.0,2026-03-05 06:50:00
1772693700000,654.74,654.74,654.74,654.74,0.015,2026-03-05 06:55:00
1772694000000,654.74,654.74,654.74,654.74,0.0,2026-03-05 07:00:00
1772694300000,654.74,654.74,654.74,654.74,0.0,2026-03-05 07:05:00
1772694600000,654.74,654.74,654.74,654.74,0.0,2026-03-05 07:10:00
1772694900000,654.35,654.35,654.35,654.35,0.022,2026-03-05 07:15:00
1772695200000,654.35,654.35,654.35,654.35,0.0,2026-03-05 07:20:00
1772695500000,654.35,654.35,654.35,654.35,0.0,2026-03-05 07:25:00
1772695800000,654.35,654.35,654.35,654.35,0.0,2026-03-05 07:30:00
1772696100000,654.35,654.35,654.35,654.35,0.0,2026-03-05 07:35:00
1772696400000,654.35,654.35,654.35,654.35,0.0,2026-03-05 07:40:00
1772696700000,651.38,651.39,651.38,651.39,0.942,2026-03-05 07:45:00
1772697000000,650.31,650.31,650.0,650.0,0.055,2026-03-05 07:50:00
1772697300000,650.0,650.0,650.0,650.0,0.0,2026-03-05 07:55:00
1772697600000,650.0,650.0,650.0,650.0,0.0,2026-03-05 08:00:00
1772697900000,650.0,650.0,650.0,650.0,0.0,2026-03-05 08:05:00
1772698200000,650.26,650.26,650.26,650.26,0.009,2026-03-05 08:10:00
1772698500000,650.26,650.26,650.26,650.26,0.0,2026-03-05 08:15:00
1772698800000,651.38,651.39,651.38,651.39,0.034,2026-03-05 08:20:00
1772699100000,651.39,651.39,651.39,651.39,0.0,2026-03-05 08:25:00
1772699400000,651.39,651.39,651.39,651.39,0.0,2026-03-05 08:30:00
1772699700000,651.39,651.39,651.39,651.39,0.0,2026-03-05 08:35:00
1772700000000,651.39,651.39,651.39,651.39,0.0,2026-03-05 08:40:00
1772700300000,652.71,652.71,652.71,652.71,0.008,2026-03-05 08:45:00
1772700600000,652.71,652.71,652.71,652.71,0.0,2026-03-05 08:50:00
1772700900000,652.71,652.71,652.71,652.71,0.0,2026-03-05 08:55:00
1772701200000,653.29,653.29,653.29,653.29,0.025,2026-03-05 09:00:00
1772701500000,653.29,653.29,653.29,653.29,0.0,2026-03-05 09:05:00
1772701800000,653.29,653.29,653.29,653.29,0.0,2026-03-05 09:10:00
1772702100000,653.29,653.29,653.29,653.29,0.0,2026-03-05 09:15:00
1772702400000,654.41,654.41,653.38,653.38,11.929,2026-03-05 09:20:00
1772702700000,653.38,653.38,653.38,653.38,0.0,2026-03-05 09:25:00
1772703000000,655.26,655.5,655.26,655.5,0.012,2026-03-05 09:30:00
1772703300000,654.8,654.8,654.8,654.8,0.014,2026-03-05 09:35:00
1772703600000,654.8,654.8,654.8,654.8,0.0,2026-03-05 09:40:00
1772703900000,654.8,654.8,654.8,654.8,0.0,2026-03-05 09:45:00
1772704200000,655.64,655.64,655.64,655.64,0.005,2026-03-05 09:50:00
1772704500000,656.09,656.09,656.09,656.09,0.038,2026-03-05 09:55:00
1772704800000,656.09,656.09,656.09,656.09,0.0,2026-03-05 10:00:00
1772705100000,656.09,656.09,656.09,656.09,0.0,2026-03-05 10:05:00
1772705400000,657.02,657.04,657.02,657.04,0.076,2026-03-05 10:10:00
1772705700000,657.04,657.04,657.04,657.04,0.0,2026-03-05 10:15:00
1772706000000,657.04,657.04,657.04,657.04,0.0,2026-03-05 10:20:00
1772706300000,660.0,660.0,660.0,660.0,0.038,2026-03-05 10:25:00
1772706600000,661.83,661.84,661.83,661.84,0.226,2026-03-05 10:30:00
1772706900000,661.84,661.84,661.84,661.84,0.0,2026-03-05 10:35:00
1772707200000,661.84,661.84,661.84,661.84,0.0,2026-03-05 10:40:00
1772707500000,661.84,661.84,661.84,661.84,0.0,2026-03-05 10:45:00
1772707800000,661.84,661.84,661.84,661.84,0.0,2026-03-05 10:50:00
1772708100000,661.84,661.84,661.84,661.84,0.0,2026-03-05 10:55:00
1772708400000,661.84,661.84,661.84,661.84,0.0,2026-03-05 11:00:00
1772708700000,661.84,661.84,661.84,661.84,0.0,2026-03-05 11:05:00
1772709000000,661.84,661.84,661.84,661.84,0.0,2026-03-05 11:10:00
1772709300000,661.84,661.84,661.84,661.84,0.0,2026-03-05 11:15:00
1772709600000,661.54,661.54,661.54,661.54,0.003,2026-03-05 11:20:00
1772709900000,661.54,661.54,661.54,661.54,0.0,2026-03-05 11:25:00
1772710200000,661.54,661.54,661.54,661.54,0.0,2026-03-05 11:30:00
1772710500000,661.54,661.54,661.54,661.54,0.0,2026-03-05 11:35:00
1772710800000,661.54,661.54,661.54,661.54,0.0,2026-03-05 11:40:00
1772711100000,661.54,661.54,661.54,661.54,0.0,2026-03-05 11:45:00
1772711400000,661.54,661.54,661.54,661.54,0.0,2026-03-05 11:50:00
1772711700000,661.54,661.54,661.54,661.54,0.0,2026-03-05 11:55:00
1772712000000,661.54,661.54,661.54,661.54,0.0,2026-03-05 12:00:00
1772712300000,658.65,658.65,658.65,658.65,0.008,2026-03-05 12:05:00
1772712600000,658.65,658.65,658.65,658.65,0.0,2026-03-05 12:10:00
1772712900000,658.65,658.65,658.65,658.65,0.0,2026-03-05 12:15:00
1772713200000,658.65,658.65,658.65,658.65,0.0,2026-03-05 12:20:00
1772713500000,656.49,656.49,656.49,656.49,0.003,2026-03-05 12:25:00
1772713800000,656.49,656.49,656.49,656.49,0.0,2026-03-05 12:30:00
1772714100000,655.88,655.88,655.87,655.87,5.0,2026-03-05 12:35:00
1772714400000,655.87,655.87,655.87,655.87,0.0,2026-03-05 12:40:00
1772714700000,655.87,655.87,655.87,655.87,0.0,2026-03-05 12:45:00
1772715000000,655.87,655.87,655.87,655.87,0.0,2026-03-05 12:50:00
1772715300000,655.87,655.87,655.87,655.87,0.0,2026-03-05 12:55:00
1772715600000,660.27,660.33,658.44,658.52,0.166,2026-03-05 13:00:00
1772715900000,658.52,658.52,658.52,658.52,0.0,2026-03-05 13:05:00
1772716200000,658.52,658.52,658.52,658.52,0.0,2026-03-05 13:10:00
1772716500000,658.52,658.52,658.52,658.52,0.0,2026-03-05 13:15:00
1772716800000,658.52,658.52,658.52,658.52,0.0,2026-03-05 13:20:00
1772717100000,658.52,658.52,658.52,658.52,0.0,2026-03-05 13:25:00
1772717400000,658.52,658.52,658.52,658.52,0.0,2026-03-05 13:30:00
1772717700000,658.52,658.52,658.52,658.52,0.0,2026-03-05 13:35:00
1772718000000,658.52,658.52,658.52,658.52,0.0,2026-03-05 13:40:00
1772718300000,658.52,658.52,658.52,658.52,0.0,2026-03-05 13:45:00
1772718600000,658.52,658.52,658.52,658.52,0.0,2026-03-05 13:50:00
1772718900000,658.52,658.52,658.52,658.52,0.0,2026-03-05 13:55:00
1772719200000,658.52,658.52,658.52,658.52,0.0,2026-03-05 14:00:00
1772719500000,656.51,657.07,656.51,657.07,0.011,2026-03-05 14:05:00
1772719800000,657.76,658.04,657.76,658.04,0.011,2026-03-05 14:10:00
1772720100000,658.04,658.04,658.04,658.04,0.0,2026-03-05 14:15:00
1772720400000,658.04,658.04,658.04,658.04,0.0,2026-03-05 14:20:00
1772720700000,658.04,658.04,658.04,658.04,0.0,2026-03-05 14:25:00
1772721000000,657.03,657.3,657.03,657.3,0.465,2026-03-05 14:30:00
1772721300000,657.14,657.14,654.15,654.15,0.176,2026-03-05 14:35:00
1772721600000,654.15,654.15,654.15,654.15,0.0,2026-03-05 14:40:00
1772721900000,654.15,654.15,654.15,654.15,0.0,2026-03-05 14:45:00
1772722200000,655.59,655.59,655.59,655.59,0.152,2026-03-05 14:50:00
1772722500000,655.59,655.59,655.59,655.59,0.0,2026-03-05 14:55:00
1772722800000,655.59,655.59,655.59,655.59,0.0,2026-03-05 15:00:00
1772723100000,655.59,655.59,655.59,655.59,0.0,2026-03-05 15:05:00
1772723400000,650.59,651.16,650.59,651.16,1.167,2026-03-05 15:10:00
1772723700000,651.16,651.16,651.16,651.16,0.0,2026-03-05 15:15:00
1772724000000,651.16,651.16,651.16,651.16,0.0,2026-03-05 15:20:00
1772724300000,650.0,650.0,650.0,650.0,0.038,2026-03-05 15:25:00
1772724600000,648.85,650.06,648.85,649.99,1.904,2026-03-05 15:30:00
1772724900000,650.21,650.21,650.21,650.21,0.007,2026-03-05 15:35:00
1772725200000,650.95,650.95,650.95,650.95,0.014,2026-03-05 15:40:00
1772725500000,650.95,650.95,650.95,650.95,0.0,2026-03-05 15:45:00
1772725800000,653.1,653.26,653.1,653.26,0.015,2026-03-05 15:50:00
1772726100000,653.26,653.26,653.26,653.26,0.0,2026-03-05 15:55:00
1772726400000,653.26,653.26,653.26,653.26,0.0,2026-03-05 16:00:00
1772726700000,650.95,650.95,648.91,648.91,6.841,2026-03-05 16:05:00
1772727000000,646.5,646.5,646.02,646.23,0.156,2026-03-05 16:10:00
1772727300000,648.34,649.47,648.34,649.47,0.021,2026-03-05 16:15:00
1772727600000,649.71,649.71,649.71,649.71,0.422,2026-03-05 16:20:00
1772727900000,650.87,650.89,650.41,650.41,0.053,2026-03-05 16:25:00
1772728200000,650.41,650.41,650.41,650.41,0.008,2026-03-05 16:30:00
1772728500000,650.41,650.41,650.41,650.41,0.0,2026-03-05 16:35:00
1772728800000,650.41,650.41,650.41,650.41,0.0,2026-03-05 16:40:00
1772729100000,653.15,653.15,653.15,653.15,0.077,2026-03-05 16:45:00
1772729400000,652.33,652.33,652.33,652.33,0.003,2026-03-05 16:50:00
1772729700000,652.99,653.31,652.99,653.31,0.32,2026-03-05 16:55:00
1772730000000,653.31,653.31,653.31,653.31,0.0,2026-03-05 17:00:00
1772730300000,653.31,653.31,653.31,653.31,0.0,2026-03-05 17:05:00
1772730600000,653.31,653.31,653.31,653.31,0.0,2026-03-05 17:10:00
1772730900000,653.31,653.31,653.31,653.31,0.0,2026-03-05 17:15:00
1772731200000,649.51,649.51,649.46,649.46,0.024,2026-03-05 17:20:00
1772731500000,649.83,649.83,649.83,649.83,0.004,2026-03-05 17:25:00
1772731800000,649.83,649.83,649.83,649.83,0.0,2026-03-05 17:30:00
1772732100000,646.97,646.97,646.97,646.97,0.023,2026-03-05 17:35:00
1772732400000,646.97,646.97,646.97,646.97,0.0,2026-03-05 17:40:00
1772732700000,647.73,647.73,647.73,647.73,0.154,2026-03-05 17:45:00
1772733000000,648.35,648.35,648.35,648.35,0.003,2026-03-05 17:50:00
1772733300000,648.35,648.35,648.35,648.35,0.0,2026-03-05 17:55:00
1772733600000,647.24,647.37,646.72,646.72,0.028,2026-03-05 18:00:00
1772733900000,647.12,647.28,647.12,647.28,0.012,2026-03-05 18:05:00
1772734200000,648.56,648.6,648.56,648.6,0.452,2026-03-05 18:10:00
1772734500000,648.51,648.6,648.51,648.6,0.012,2026-03-05 18:15:00
1772734800000,647.73,647.74,646.65,647.48,0.485,2026-03-05 18:20:00
1772735100000,647.48,647.48,647.48,647.48,0.0,2026-03-05 18:25:00
1772735400000,647.48,647.48,647.48,647.48,0.0,2026-03-05 18:30:00
1772735700000,647.48,647.48,647.48,647.48,0.0,2026-03-05 18:35:00
1772736000000,649.47,649.47,649.28,649.28,0.013,2026-03-05 18:40:00
1772736300000,649.28,649.28,649.28,649.28,0.0,2026-03-05 18:45:00
1772736600000,649.28,649.28,649.28,649.28,0.0,2026-03-05 18:50:00
1772736900000,649.28,649.28,649.28,649.28,0.0,2026-03-05 18:55:00
1772737200000,650.32,650.32,650.32,650.32,0.1,2026-03-05 19:00:00
1772737500000,650.32,650.32,650.32,650.32,0.0,2026-03-05 19:05:00
1772737800000,652.61,652.61,652.61,652.61,0.008,2026-03-05 19:10:00
1772738100000,651.27,651.27,651.27,651.27,0.003,2026-03-05 19:15:00
1772738400000,651.27,651.27,651.27,651.27,0.0,2026-03-05 19:20:00
1772738700000,651.27,651.27,651.27,651.27,0.0,2026-03-05 19:25:00
1772739000000,650.51,650.51,650.36,650.36,0.909,2026-03-05 19:30:00
1772739300000,650.94,650.94,650.64,650.64,0.031,2026-03-05 19:35:00
1772739600000,650.64,650.64,650.64,650.64,0.0,2026-03-05 19:40:00
1772739900000,651.65,651.65,651.65,651.65,0.006,2026-03-05 19:45:00
1772740200000,651.65,651.65,651.65,651.65,0.0,2026-03-05 19:50:00
1772740500000,648.04,648.04,648.04,648.04,0.006,2026-03-05 19:55:00
1772740800000,648.49,648.49,648.49,648.49,0.006,2026-03-05 20:00:00
1772741100000,648.49,648.49,648.49,648.49,0.0,2026-03-05 20:05:00
1772741400000,648.49,648.49,648.49,648.49,0.0,2026-03-05 20:10:00
1772741700000,650.52,650.57,650.37,650.37,0.023,2026-03-05 20:15:00
1772742000000,650.37,650.37,650.37,650.37,0.0,2026-03-05 20:20:00
1772742300000,650.37,650.37,650.37,650.37,0.0,2026-03-05 20:25:00
1772742600000,650.43,650.43,650.43,650.43,0.003,2026-03-05 20:30:00
1772742900000,650.43,650.43,650.43,650.43,0.0,2026-03-05 20:35:00
1772743200000,650.17,650.61,650.0,650.49,0.077,2026-03-05 20:40:00
1772743500000,650.3,650.3,650.3,650.3,0.046,2026-03-05 20:45:00
1772743800000,649.63,649.7,649.63,649.7,0.012,2026-03-05 20:50:00
1772744100000,649.7,649.7,649.7,649.7,0.0,2026-03-05 20:55:00
1772744400000,650.68,650.92,650.64,650.92,13.362,2026-03-05 21:00:00
1772744700000,651.58,651.58,650.7,650.7,1.872,2026-03-05 21:05:00
1772745000000,650.7,650.7,650.7,650.7,0.0,2026-03-05 21:10:00
1772745300000,650.7,650.7,650.7,650.7,0.0,2026-03-05 21:15:00
1772745600000,650.7,650.7,650.7,650.7,0.0,2026-03-05 21:20:00
1772745900000,651.1,651.11,650.93,650.93,5.296,2026-03-05 21:25:00
1772746200000,650.93,650.93,650.93,650.93,0.196,2026-03-05 21:30:00
1772746500000,648.6,648.6,648.56,648.56,0.364,2026-03-05 21:35:00
1772746800000,648.56,648.56,648.56,648.56,0.0,2026-03-05 21:40:00
1772747100000,648.56,648.56,648.56,648.56,0.0,2026-03-05 21:45:00
1772747400000,648.56,648.56,648.56,648.56,0.0,2026-03-05 21:50:00
1772747700000,648.56,648.56,648.56,648.56,0.0,2026-03-05 21:55:00
1772748000000,647.83,647.83,647.83,647.83,0.01,2026-03-05 22:00:00
1772748300000,648.39,648.58,648.39,648.58,0.031,2026-03-05 22:05:00
1772748600000,646.89,646.89,646.89,646.89,0.04,2026-03-05 22:10:00
1772748900000,646.89,646.89,646.89,646.89,0.0,2026-03-05 22:15:00
1772749200000,647.33,647.33,647.33,647.33,1.349,2026-03-05 22:20:00
1772749500000,646.86,646.86,646.86,646.86,0.002,2026-03-05 22:25:00
1772749800000,646.98,646.98,646.98,646.98,0.056,2026-03-05 22:30:00
1772750100000,648.13,648.13,648.13,648.13,0.005,2026-03-05 22:35:00
1772750400000,648.13,648.13,648.13,648.13,0.0,2026-03-05 22:40:00
1772750700000,649.22,649.25,648.81,648.81,0.102,2026-03-05 22:45:00
1772751000000,648.81,648.81,648.81,648.81,0.0,2026-03-05 22:50:00
1772751300000,648.81,648.81,648.81,648.81,0.0,2026-03-05 22:55:00
1772751600000,648.61,648.63,648.61,648.63,0.038,2026-03-05 23:00:00
1772751900000,648.63,648.63,648.63,648.63,0.0,2026-03-05 23:05:00
1772752200000,648.99,649.22,648.99,649.22,0.077,2026-03-05 23:10:00
1772752500000,648.3,648.3,648.3,648.3,0.17,2026-03-05 23:15:00
1772752800000,648.3,648.3,648.3,648.3,0.0,2026-03-05 23:20:00
1772753100000,648.3,648.3,648.3,648.3,0.0,2026-03-05 23:25:00
1772753400000,648.3,648.3,648.3,648.3,0.0,2026-03-05 23:30:00
1772753700000,648.3,648.3,648.3,648.3,0.0,2026-03-05 23:35:00
1772754000000,648.3,648.3,648.3,648.3,0.0,2026-03-05 23:40:00
1772754300000,648.3,648.3,648.3,648.3,0.0,2026-03-05 23:45:00
1772754600000,648.3,648.3,648.3,648.3,0.0,2026-03-05 23:50:00
1772754900000,647.91,647.91,647.91,647.91,0.007,2026-03-05 23:55:00
1772755200000,648.02,648.02,648.02,648.02,0.006,2026-03-06 00:00:00
1772755500000,648.44,648.56,648.44,648.56,0.1,2026-03-06 00:05:00
1772755800000,649.26,649.26,649.26,649.26,0.003,2026-03-06 00:10:00
1772756100000,648.98,649.06,648.9,648.9,0.038,2026-03-06 00:15:00
1772756400000,648.91,649.01,648.42,648.57,0.054,2026-03-06 00:20:00
1772756700000,648.49,648.49,647.83,647.83,0.166,2026-03-06 00:25:00
1772757000000,647.86,648.25,647.64,648.19,0.094,2026-03-06 00:30:00
1772757300000,647.99,648.29,647.8,647.85,0.511,2026-03-06 00:35:00
1772757600000,647.88,647.91,647.88,647.91,0.069,2026-03-06 00:40:00
1772757900000,647.91,647.91,647.91,647.91,0.0,2026-03-06 00:45:00
1772758200000,647.91,647.91,647.91,647.91,0.0,2026-03-06 00:50:00
1772758500000,647.91,647.91,647.91,647.91,0.0,2026-03-06 00:55:00
1772758800000,647.69,647.88,647.69,647.88,0.077,2026-03-06 01:00:00
1772759100000,647.24,647.24,647.24,647.24,0.006,2026-03-06 01:05:00
1772759400000,647.24,647.24,647.24,647.24,0.0,2026-03-06 01:10:00
1772759700000,647.24,647.24,647.24,647.24,0.0,2026-03-06 01:15:00
1772760000000,648.44,648.63,648.44,648.63,0.023,2026-03-06 01:20:00
1772760300000,648.63,648.63,648.63,648.63,0.0,2026-03-06 01:25:00
1772760600000,646.49,646.65,646.49,646.65,0.134,2026-03-06 01:30:00
1772760900000,650.93,650.93,650.93,650.93,0.004,2026-03-06 01:35:00
1772761200000,650.93,650.93,650.93,650.93,0.0,2026-03-06 01:40:00
1772761500000,650.93,650.93,650.93,650.93,0.0,2026-03-06 01:45:00
1772761800000,650.94,650.94,650.94,650.94,0.007,2026-03-06 01:50:00
1772762100000,650.94,650.94,650.94,650.94,0.0,2026-03-06 01:55:00
1772762400000,650.66,650.66,650.66,650.66,0.008,2026-03-06 02:00:00
1772762700000,650.66,650.66,650.66,650.66,0.0,2026-03-06 02:05:00
1772763000000,650.63,650.77,650.21,650.77,4.461,2026-03-06 02:10:00
1772763300000,650.77,650.77,650.77,650.77,0.0,2026-03-06 02:15:00
1772763600000,650.77,650.77,650.77,650.77,0.0,2026-03-06 02:20:00
1772763900000,650.77,650.77,650.77,650.77,0.0,2026-03-06 02:25:00
1772764200000,650.77,650.77,650.77,650.77,0.0,2026-03-06 02:30:00
1772764500000,650.77,650.77,650.77,650.77,0.0,2026-03-06 02:35:00
1772764800000,650.77,650.77,650.77,650.77,0.0,2026-03-06 02:40:00
1772765100000,650.77,650.77,650.77,650.77,0.0,2026-03-06 02:45:00
1772765400000,650.77,650.77,650.77,650.77,0.0,2026-03-06 02:50:00
1772765700000,649.85,649.85,649.85,649.85,0.015,2026-03-06 02:55:00
1772766000000,649.92,649.92,649.29,649.29,0.011,2026-03-06 03:00:00
1772766300000,649.29,649.29,649.29,649.29,0.0,2026-03-06 03:05:00
1772766600000,650.44,650.44,650.44,650.44,0.008,2026-03-06 03:10:00
1772766900000,650.44,650.44,650.44,650.44,0.0,2026-03-06 03:15:00
1772767200000,650.44,650.44,650.44,650.44,0.0,2026-03-06 03:20:00
1772767500000,650.44,650.44,650.44,650.44,0.0,2026-03-06 03:25:00
1772767800000,650.44,650.44,650.44,650.44,0.0,2026-03-06 03:30:00
1772768100000,648.43,648.43,648.29,648.29,0.076,2026-03-06 03:35:00
1772768400000,648.29,648.29,648.29,648.29,0.0,2026-03-06 03:40:00
1772768700000,648.29,648.29,648.29,648.29,0.0,2026-03-06 03:45:00
1772769000000,648.29,648.29,648.29,648.29,0.0,2026-03-06 03:50:00
1772769300000,649.66,649.66,649.34,649.34,0.03,2026-03-06 03:55:00
1772769600000,649.84,649.97,649.84,649.97,0.077,2026-03-06 04:00:00
1772769900000,649.97,649.97,649.97,649.97,0.0,2026-03-06 04:05:00
1772770200000,648.6,648.6,648.6,648.6,0.008,2026-03-06 04:10:00
1772770500000,648.6,648.6,648.6,648.6,0.0,2026-03-06 04:15:00
1772770800000,648.6,648.6,648.6,648.6,0.0,2026-03-06 04:20:00
1772771100000,648.6,648.6,648.6,648.6,0.0,2026-03-06 04:25:00
1772771400000,647.46,648.05,647.42,647.94,15.58,2026-03-06 04:30:00
1772771700000,646.15,646.15,645.19,645.19,0.592,2026-03-06 04:35:00
1772772000000,644.5,644.5,641.52,644.23,2.572,2026-03-06 04:40:00
1772772300000,644.23,644.23,644.23,644.23,0.0,2026-03-06 04:45:00
1772772600000,644.23,644.23,644.23,644.23,0.0,2026-03-06 04:50:00
1772772900000,643.42,643.42,643.42,643.42,0.123,2026-03-06 04:55:00
1772773200000,643.97,644.09,643.97,644.09,0.201,2026-03-06 05:00:00
1772773500000,644.09,644.09,644.09,644.09,0.0,2026-03-06 05:05:00
1772773800000,644.01,644.01,644.01,644.01,0.008,2026-03-06 05:10:00
1772774100000,644.01,644.01,644.01,644.01,0.0,2026-03-06 05:15:00
1772774400000,644.01,644.01,644.01,644.01,0.0,2026-03-06 05:20:00
1772774700000,644.01,644.01,644.01,644.01,0.0,2026-03-06 05:25:00
1772775000000,644.01,644.01,644.01,644.01,0.0,2026-03-06 05:30:00
1772775300000,643.77,643.81,643.77,643.81,0.155,2026-03-06 05:35:00
1772775600000,643.81,643.81,643.81,643.81,0.0,2026-03-06 05:40:00
1772775900000,643.81,643.81,643.81,643.81,0.0,2026-03-06 05:45:00
1772776200000,643.81,643.81,643.81,643.81,0.0,2026-03-06 05:50:00
1772776500000,643.81,643.81,643.81,643.81,0.0,2026-03-06 05:55:00
1772776800000,643.81,643.81,643.81,643.81,0.0,2026-03-06 06:00:00
1772777100000,643.81,643.81,643.81,643.81,0.0,2026-03-06 06:05:00
1772777400000,643.97,644.34,643.97,644.34,0.193,2026-03-06 06:10:00
1772777700000,644.26,644.26,643.86,643.86,0.012,2026-03-06 06:15:00
1772778000000,644.29,644.29,644.29,644.29,0.171,2026-03-06 06:20:00
1772778300000,644.29,644.29,644.29,644.29,0.0,2026-03-06 06:25:00
1772778600000,644.29,644.29,644.29,644.29,0.0,2026-03-06 06:30:00
1772778900000,644.29,644.29,644.29,644.29,0.0,2026-03-06 06:35:00
1772779200000,644.29,644.29,644.29,644.29,0.0,2026-03-06 06:40:00
1772779500000,645.5,645.5,645.5,645.5,0.003,2026-03-06 06:45:00
1772779800000,644.85,644.85,644.85,644.85,0.016,2026-03-06 06:50:00
1772780100000,644.85,644.85,644.85,644.85,0.0,2026-03-06 06:55:00
1772780400000,644.85,644.85,644.85,644.85,0.0,2026-03-06 07:00:00
1772780700000,647.14,647.14,647.14,647.14,0.1,2026-03-06 07:05:00
1772781000000,643.65,643.65,643.63,643.63,0.011,2026-03-06 07:10:00
1772781300000,644.23,644.23,644.23,644.23,0.016,2026-03-06 07:15:00
1772781600000,644.23,644.23,644.23,644.23,0.0,2026-03-06 07:20:00
1772781900000,644.23,644.23,644.23,644.23,0.0,2026-03-06 07:25:00
1772782200000,646.99,646.99,646.99,646.99,0.175,2026-03-06 07:30:00
1772782500000,646.99,646.99,646.99,646.99,0.0,2026-03-06 07:35:00
1772782800000,646.99,646.99,646.99,646.99,0.0,2026-03-06 07:40:00
1772783100000,646.99,646.99,646.99,646.99,0.0,2026-03-06 07:45:00
1772783400000,646.99,646.99,646.99,646.99,0.0,2026-03-06 07:50:00
1772783700000,646.99,646.99,646.99,646.99,0.0,2026-03-06 07:55:00
1772784000000,646.99,646.99,646.99,646.99,0.0,2026-03-06 08:00:00
1772784300000,646.99,646.99,646.99,646.99,0.0,2026-03-06 08:05:00
1772784600000,646.99,646.99,646.99,646.99,0.0,2026-03-06 08:10:00
1772784900000,645.85,645.85,645.85,645.85,0.118,2026-03-06 08:15:00
1772785200000,645.85,645.85,645.85,645.85,0.0,2026-03-06 08:20:00
1772785500000,645.08,645.08,645.08,645.08,0.169,2026-03-06 08:25:00
1772785800000,644.6,644.6,644.49,644.49,0.029,2026-03-06 08:30:00
1772786100000,644.49,644.49,644.49,644.49,0.0,2026-03-06 08:35:00
1772786400000,644.49,644.49,644.49,644.49,0.0,2026-03-06 08:40:00
1772786700000,645.1,645.1,645.1,645.1,0.132,2026-03-06 08:45:00
1772787000000,645.1,645.1,645.1,645.1,0.0,2026-03-06 08:50:00
1772787300000,644.92,644.92,644.92,644.92,0.007,2026-03-06 08:55:00
1772787600000,644.92,644.92,644.92,644.92,0.0,2026-03-06 09:00:00
1772787900000,644.92,644.92,644.92,644.92,0.0,2026-03-06 09:05:00
1772788200000,644.92,644.92,644.92,644.92,0.0,2026-03-06 09:10:00
1772788500000,641.9,641.9,640.0,640.0,1.918,2026-03-06 09:15:00
1772788800000,640.55,640.59,639.35,640.59,6.298,2026-03-06 09:20:00
1772789100000,639.77,639.85,639.77,639.85,0.022,2026-03-06 09:25:00
1772789400000,639.65,639.65,639.65,639.65,0.958,2026-03-06 09:30:00
1772789700000,639.65,639.65,639.65,639.65,0.0,2026-03-06 09:35:00
1772790000000,639.65,639.65,639.65,639.65,0.0,2026-03-06 09:40:00
1772790300000,639.65,639.65,639.65,639.65,0.0,2026-03-06 09:45:00
1772790600000,639.65,639.65,639.65,639.65,0.0,2026-03-06 09:50:00
1772790900000,639.65,639.65,639.65,639.65,0.0,2026-03-06 09:55:00
1772791200000,640.47,641.0,640.47,641.0,0.016,2026-03-06 10:00:00
1772791500000,641.38,641.5,641.38,641.5,0.038,2026-03-06 10:05:00
1772791800000,641.5,641.5,641.5,641.5,0.0,2026-03-06 10:10:00
1772792100000,641.5,641.5,641.5,641.5,0.0,2026-03-06 10:15:00
1772792400000,641.5,641.5,641.5,641.5,0.0,2026-03-06 10:20:00
1772792700000,641.5,641.5,641.5,641.5,0.0,2026-03-06 10:25:00
1772793000000,640.56,640.63,640.56,640.63,0.016,2026-03-06 10:30:00
1772793300000,640.29,640.29,640.29,640.29,0.016,2026-03-06 10:35:00
1772793600000,640.26,640.26,640.26,640.26,0.002,2026-03-06 10:40:00
1772793900000,640.26,640.26,640.26,640.26,0.0,2026-03-06 10:45:00
1772794200000,640.26,640.26,640.26,640.26,0.0,2026-03-06 10:50:00
1772794500000,640.26,640.26,640.26,640.26,0.0,2026-03-06 10:55:00
1772794800000,639.47,639.47,639.25,639.25,0.161,2026-03-06 11:00:00
1772795100000,638.96,638.96,638.96,638.96,0.055,2026-03-06 11:05:00
1772795400000,638.87,639.64,638.87,639.64,0.084,2026-03-06 11:10:00
1772795700000,639.64,639.64,639.64,639.64,0.0,2026-03-06 11:15:00
1772796000000,638.89,638.89,638.89,638.89,0.094,2026-03-06 11:20:00
1772796300000,638.89,638.89,638.89,638.89,0.0,2026-03-06 11:25:00
1772796600000,638.89,638.89,638.89,638.89,0.0,2026-03-06 11:30:00
1772796900000,638.89,638.89,638.89,638.89,0.0,2026-03-06 11:35:00
1772797200000,638.49,638.49,638.38,638.38,0.548,2026-03-06 11:40:00
1772797500000,638.38,638.38,638.38,638.38,0.0,2026-03-06 11:45:00
1772797800000,638.38,638.38,638.38,638.38,0.0,2026-03-06 11:50:00
1772798100000,637.3,637.3,637.0,637.0,0.234,2026-03-06 11:55:00
1772798400000,636.99,636.99,636.95,636.95,1.309,2026-03-06 12:00:00
1772798700000,636.42,636.42,636.23,636.23,1.541,2026-03-06 12:05:00
1772799000000,635.19,635.19,635.08,635.08,0.513,2026-03-06 12:10:00
1772799300000,635.08,635.08,635.08,635.08,0.0,2026-03-06 12:15:00
1772799600000,635.08,635.08,635.08,635.08,0.0,2026-03-06 12:20:00
1772799900000,635.08,635.08,635.08,635.08,0.0,2026-03-06 12:25:00
1772800200000,635.08,635.08,635.08,635.08,0.0,2026-03-06 12:30:00
1772800500000,635.08,635.08,635.08,635.08,0.0,2026-03-06 12:35:00
1772800800000,635.79,635.79,635.79,635.79,0.183,2026-03-06 12:40:00
1772801100000,635.79,635.79,635.79,635.79,0.0,2026-03-06 12:45:00
1772801400000,635.79,635.79,635.79,635.79,0.0,2026-03-06 12:50:00
1772801700000,638.06,638.27,638.06,638.09,0.021,2026-03-06 12:55:00
1772802000000,637.64,637.84,637.64,637.84,0.039,2026-03-06 13:00:00
1772802300000,637.87,637.98,637.87,637.98,0.016,2026-03-06 13:05:00
1772802600000,637.98,637.98,637.98,637.98,0.0,2026-03-06 13:10:00
1772802900000,637.98,637.98,637.98,637.98,0.0,2026-03-06 13:15:00
1772803200000,638.0,638.0,638.0,638.0,0.03,2026-03-06 13:20:00
1772803500000,638.0,638.0,638.0,638.0,0.0,2026-03-06 13:25:00
1772803800000,639.47,641.72,639.47,641.72,0.04,2026-03-06 13:30:00
1772804100000,639.53,639.53,639.53,639.53,0.004,2026-03-06 13:35:00
1772804400000,639.53,639.53,639.53,639.53,0.0,2026-03-06 13:40:00
1772804700000,639.53,639.53,639.53,639.53,0.0,2026-03-06 13:45:00
1772805000000,639.53,639.53,639.53,639.53,0.0,2026-03-06 13:50:00
1772805300000,637.76,637.76,634.02,634.02,0.862,2026-03-06 13:55:00
1772805600000,633.34,633.34,631.85,631.85,0.517,2026-03-06 14:00:00
1772805900000,631.4,631.4,631.1,631.1,0.371,2026-03-06 14:05:00
1772806200000,630.61,630.61,630.0,630.45,0.202,2026-03-06 14:10:00
1772806500000,631.09,631.12,631.09,631.12,0.019,2026-03-06 14:15:00
1772806800000,631.12,631.12,631.12,631.12,0.0,2026-03-06 14:20:00
1772807100000,631.12,631.12,631.12,631.12,0.0,2026-03-06 14:25:00
1772807400000,632.58,633.88,632.58,633.88,0.036,2026-03-06 14:30:00
1772807700000,630.34,630.34,628.66,629.1,0.478,2026-03-06 14:35:00
1772808000000,629.1,629.1,629.1,629.1,0.0,2026-03-06 14:40:00
1772808300000,628.0,628.0,627.56,627.56,0.582,2026-03-06 14:45:00
1772808600000,627.56,627.56,627.56,627.56,0.0,2026-03-06 14:50:00
1772808900000,627.53,627.53,627.53,627.53,0.072,2026-03-06 14:55:00
1772809200000,626.24,627.51,625.05,625.05,0.474,2026-03-06 15:00:00
1772809500000,625.05,625.05,625.05,625.05,0.0,2026-03-06 15:05:00
1772809800000,625.51,627.61,625.51,627.61,0.242,2026-03-06 15:10:00
1772810100000,627.12,628.02,627.12,627.54,0.075,2026-03-06 15:15:00
1772810400000,628.04,628.7,628.04,628.7,0.029,2026-03-06 15:20:00
1772810700000,628.7,628.7,628.7,628.7,0.0,2026-03-06 15:25:00
1772811000000,630.41,630.41,630.41,630.41,0.009,2026-03-06 15:30:00
1772811300000,630.41,630.41,630.41,630.41,0.0,2026-03-06 15:35:00
1772811600000,630.41,630.41,630.41,630.41,0.0,2026-03-06 15:40:00
1772811900000,628.8,628.8,628.8,628.8,0.19,2026-03-06 15:45:00
1772812200000,628.8,628.8,628.8,628.8,0.0,2026-03-06 15:50:00
1772812500000,628.8,628.8,628.8,628.8,0.0,2026-03-06 15:55:00
1772812800000,627.8,631.0,627.8,631.0,3.018,2026-03-06 16:00:00
1772813100000,629.63,629.63,629.02,629.02,0.096,2026-03-06 16:05:00
1772813400000,629.02,629.02,629.02,629.02,0.0,2026-03-06 16:10:00
1772813700000,627.52,627.52,627.52,627.52,0.005,2026-03-06 16:15:00
1772814000000,627.52,627.52,627.52,627.52,0.0,2026-03-06 16:20:00
1772814300000,628.56,629.23,628.56,629.17,0.377,2026-03-06 16:25:00
1772814600000,629.15,629.15,629.15,629.15,0.317,2026-03-06 16:30:00
1772814900000,629.15,629.15,629.15,629.15,0.0,2026-03-06 16:35:00
1772815200000,630.46,630.46,630.46,630.46,2.811,2026-03-06 16:40:00
1772815500000,629.36,629.36,629.36,629.36,0.009,2026-03-06 16:45:00
1772815800000,629.36,629.36,629.36,629.36,0.0,2026-03-06 16:50:00
1772816100000,629.36,629.36,629.36,629.36,0.0,2026-03-06 16:55:00
1772816400000,629.68,629.68,629.68,629.68,0.016,2026-03-06 17:00:00
1772816700000,629.52,629.52,629.52,629.52,0.031,2026-03-06 17:05:00
1772817000000,629.39,629.39,629.39,629.39,0.013,2026-03-06 17:10:00
1772817300000,629.39,629.39,629.39,629.39,0.0,2026-03-06 17:15:00
1772817600000,629.39,629.39,629.39,629.39,0.0,2026-03-06 17:20:00
1772817900000,629.39,629.39,629.39,629.39,0.0,2026-03-06 17:25:00
1772818200000,627.97,627.97,627.97,627.97,0.021,2026-03-06 17:30:00
1772818500000,627.3,627.3,627.3,627.3,0.006,2026-03-06 17:35:00
1772818800000,625.96,626.77,625.96,626.77,0.069,2026-03-06 17:40:00
1772819100000,626.77,626.77,626.77,626.77,0.0,2026-03-06 17:45:00
1772819400000,626.77,626.77,626.77,626.77,0.0,2026-03-06 17:50:00
1772819700000,628.2,628.2,628.2,628.2,0.007,2026-03-06 17:55:00
1772820000000,627.89,629.7,627.89,629.7,0.235,2026-03-06 18:00:00
1772820300000,629.7,629.7,629.7,629.7,0.0,2026-03-06 18:05:00
1772820600000,629.51,629.51,629.51,629.51,0.063,2026-03-06 18:10:00
1772820900000,629.51,629.51,629.51,629.51,0.0,2026-03-06 18:15:00
1772821200000,630.17,630.17,630.17,630.17,0.079,2026-03-06 18:20:00
1772821500000,630.17,630.17,630.17,630.17,0.0,2026-03-06 18:25:00
1772821800000,630.71,633.05,630.71,633.05,1.996,2026-03-06 18:30:00
1772822100000,633.05,633.05,633.05,633.05,0.0,2026-03-06 18:35:00
1772822400000,631.63,631.63,631.63,631.63,0.032,2026-03-06 18:40:00
1772822700000,631.63,631.63,631.63,631.63,0.0,2026-03-06 18:45:00
1772823000000,631.63,631.63,631.63,631.63,0.0,2026-03-06 18:50:00
1772823300000,630.81,630.81,630.6,630.6,1.014,2026-03-06 18:55:00
1772823600000,630.6,630.6,630.6,630.6,0.0,2026-03-06 19:00:00
1772823900000,631.0,631.0,631.0,631.0,0.024,2026-03-06 19:05:00
1772824200000,631.47,632.29,631.47,632.29,0.406,2026-03-06 19:10:00
1772824500000,632.29,632.29,632.29,632.29,0.0,2026-03-06 19:15:00
1772824800000,631.0,631.0,631.0,631.0,0.043,2026-03-06 19:20:00
1772825100000,631.0,631.0,631.0,631.0,0.0,2026-03-06 19:25:00
1772825400000,631.0,631.0,631.0,631.0,0.0,2026-03-06 19:30:00
1772825700000,631.0,631.0,631.0,631.0,0.0,2026-03-06 19:35:00
1772826000000,631.0,631.0,631.0,631.0,0.0,2026-03-06 19:40:00
1772826300000,631.0,631.0,631.0,631.0,0.0,2026-03-06 19:45:00
1772826600000,630.4,630.4,630.26,630.26,0.116,2026-03-06 19:50:00
1772826900000,630.26,630.26,630.26,630.26,0.0,2026-03-06 19:55:00
1772827200000,630.26,630.26,630.26,630.26,0.0,2026-03-06 20:00:00
1772827500000,631.01,631.01,631.01,631.01,2.0,2026-03-06 20:05:00
1772827800000,631.01,631.01,631.01,631.01,0.0,2026-03-06 20:10:00
1772828100000,631.0,631.15,631.0,631.15,0.656,2026-03-06 20:15:00
1772828400000,630.99,630.99,630.99,630.99,0.001,2026-03-06 20:20:00
1772828700000,630.99,630.99,630.99,630.99,0.0,2026-03-06 20:25:00
1772829000000,630.99,630.99,630.99,630.99,0.0,2026-03-06 20:30:00
1772829300000,630.99,630.99,630.99,630.99,0.0,2026-03-06 20:35:00
1772829600000,629.52,629.52,629.52,629.52,0.005,2026-03-06 20:40:00
1772829900000,629.52,629.52,629.52,629.52,0.0,2026-03-06 20:45:00
1772830200000,629.52,629.52,629.52,629.52,0.0,2026-03-06 20:50:00
1772830500000,629.52,629.52,629.52,629.52,0.0,2026-03-06 20:55:00
1772830800000,629.65,629.65,629.65,629.65,0.04,2026-03-06 21:00:00
1772831100000,629.65,629.65,629.65,629.65,0.0,2026-03-06 21:05:00
1772831400000,629.65,629.65,629.65,629.65,0.0,2026-03-06 21:10:00
1772831700000,629.65,629.65,629.65,629.65,0.0,2026-03-06 21:15:00
1772832000000,629.65,629.65,629.65,629.65,0.0,2026-03-06 21:20:00
1772832300000,629.65,629.65,629.65,629.65,0.0,2026-03-06 21:25:00
1772832600000,629.65,629.65,629.65,629.65,0.0,2026-03-06 21:30:00
1772832900000,629.05,629.15,629.05,629.15,0.1,2026-03-06 21:35:00
1772833200000,628.79,628.79,628.79,628.79,0.01,2026-03-06 21:40:00
1772833500000,629.12,629.12,629.12,629.12,0.008,2026-03-06 21:45:00
1772833800000,629.12,629.12,629.12,629.12,0.0,2026-03-06 21:50:00
1772834100000,629.12,629.12,629.12,629.12,0.0,2026-03-06 21:55:00
1772834400000,630.21,630.29,630.21,630.29,0.119,2026-03-06 22:00:00
1772834700000,630.29,630.29,630.29,630.29,0.0,2026-03-06 22:05:00
1772835000000,629.8,629.8,629.8,629.8,0.014,2026-03-06 22:10:00
1772835300000,629.8,629.8,629.8,629.8,0.0,2026-03-06 22:15:00
1772835600000,629.8,629.8,629.8,629.8,0.0,2026-03-06 22:20:00
1772835900000,629.8,629.8,629.8,629.8,0.006,2026-03-06 22:25:00
1772836200000,629.93,629.93,629.93,629.93,0.026,2026-03-06 22:30:00
1772836500000,629.93,629.93,629.93,629.93,0.0,2026-03-06 22:35:00
1772836800000,629.93,629.93,629.93,629.93,0.0,2026-03-06 22:40:00
1772837100000,629.93,629.93,629.93,629.93,0.0,2026-03-06 22:45:00
1772837400000,630.15,630.15,630.15,630.15,0.008,2026-03-06 22:50:00
1772837700000,630.67,630.71,629.03,629.03,0.56,2026-03-06 22:55:00
1772838000000,629.03,629.03,629.03,629.03,0.0,2026-03-06 23:00:00
1772838300000,629.03,629.03,629.03,629.03,0.0,2026-03-06 23:05:00
1772838600000,629.03,629.03,629.03,629.03,0.0,2026-03-06 23:10:00
1772838900000,629.03,629.03,629.03,629.03,0.0,2026-03-06 23:15:00
1772839200000,629.03,629.03,629.03,629.03,0.0,2026-03-06 23:20:00
1772839500000,629.03,629.03,629.03,629.03,0.0,2026-03-06 23:25:00
1772839800000,629.03,629.03,629.03,629.03,0.0,2026-03-06 23:30:00
1772840100000,628.13,628.13,628.13,628.13,0.296,2026-03-06 23:35:00
1772840400000,628.13,628.13,628.13,628.13,0.0,2026-03-06 23:40:00
1772840700000,628.13,628.13,628.13,628.13,0.0,2026-03-06 23:45:00
1772841000000,628.13,628.13,628.13,628.13,0.0,2026-03-06 23:50:00
1772841300000,627.23,627.23,627.23,627.23,0.015,2026-03-06 23:55:00
1772841600000,627.23,627.23,627.23,627.23,0.0,2026-03-07 00:00:00
1772841900000,627.23,627.23,627.23,627.23,0.0,2026-03-07 00:05:00
1772842200000,627.96,627.96,627.96,627.96,0.104,2026-03-07 00:10:00
1772842500000,627.71,628.19,627.55,628.19,0.035,2026-03-07 00:15:00
1772842800000,628.21,628.36,627.61,628.14,0.183,2026-03-07 00:20:00
1772843100000,628.24,628.62,628.24,628.62,0.09,2026-03-07 00:25:00
1772843400000,628.61,629.26,628.61,629.24,0.027,2026-03-07 00:30:00
1772843700000,629.14,629.14,629.14,629.14,0.003,2026-03-07 00:35:00
1772844000000,629.14,629.14,629.14,629.14,0.0,2026-03-07 00:40:00
1772844300000,629.03,629.03,629.03,629.03,0.003,2026-03-07 00:45:00
1772844600000,629.51,629.58,629.51,629.58,0.046,2026-03-07 00:50:00
1772844900000,629.46,629.46,629.46,629.46,0.048,2026-03-07 00:55:00
1772845200000,629.51,629.68,629.51,629.65,0.099,2026-03-07 01:00:00
1772845500000,629.65,629.65,629.65,629.65,0.0,2026-03-07 01:05:00
1772845800000,629.12,629.12,628.78,628.78,1.003,2026-03-07 01:10:00
1772846100000,628.65,628.65,628.65,628.65,0.793,2026-03-07 01:15:00
1772846400000,628.34,628.34,628.34,628.34,0.159,2026-03-07 01:20:00
1772846700000,628.65,628.65,628.65,628.65,0.016,2026-03-07 01:25:00
1772847000000,628.65,628.65,628.65,628.65,0.0,2026-03-07 01:30:00
1772847300000,628.65,628.65,628.65,628.65,0.0,2026-03-07 01:35:00
1772847600000,628.87,628.89,628.87,628.89,0.159,2026-03-07 01:40:00
1772847900000,629.01,629.01,629.01,629.01,0.008,2026-03-07 01:45:00
1772848200000,629.01,629.01,629.01,629.01,0.0,2026-03-07 01:50:00
1772848500000,629.01,629.01,629.01,629.01,0.0,2026-03-07 01:55:00
1772848800000,628.34,628.34,628.34,628.34,0.159,2026-03-07 02:00:00
1772849100000,628.34,628.34,628.34,628.34,0.0,2026-03-07 02:05:00
1772849400000,628.34,628.34,628.34,628.34,0.0,2026-03-07 02:10:00
1772849700000,628.34,628.34,628.34,628.34,0.0,2026-03-07 02:15:00
1772850000000,628.34,628.34,628.34,628.34,0.0,2026-03-07 02:20:00
1772850300000,628.34,628.34,628.34,628.34,0.0,2026-03-07 02:25:00
1772850600000,628.34,628.34,628.34,628.34,0.0,2026-03-07 02:30:00
1772850900000,628.34,628.34,628.34,628.34,0.0,2026-03-07 02:35:00
1772851200000,628.34,628.34,628.34,628.34,0.0,2026-03-07 02:40:00
1772851500000,628.34,628.34,628.34,628.34,0.0,2026-03-07 02:45:00
1772851800000,628.34,628.34,628.34,628.34,0.0,2026-03-07 02:50:00
1772852100000,628.34,628.34,628.34,628.34,0.0,2026-03-07 02:55:00
1772852400000,628.01,628.01,628.01,628.01,0.005,2026-03-07 03:00:00
1772852700000,628.0,628.43,628.0,628.43,0.159,2026-03-07 03:05:00
1772853000000,628.18,628.18,627.78,628.18,0.026,2026-03-07 03:10:00
1772853300000,628.18,628.18,628.18,628.18,0.0,2026-03-07 03:15:00
1772853600000,628.18,628.18,628.18,628.18,0.0,2026-03-07 03:20:00
1772853900000,628.18,628.18,628.18,628.18,0.0,2026-03-07 03:25:00
1772854200000,628.18,628.18,628.18,628.18,0.0,2026-03-07 03:30:00
1772854500000,628.18,628.18,628.18,628.18,0.0,2026-03-07 03:35:00
1772854800000,627.31,627.31,627.31,627.31,0.012,2026-03-07 03:40:00
1772855100000,627.31,627.31,627.31,627.31,0.0,2026-03-07 03:45:00
1772855400000,627.31,627.31,627.31,627.31,0.0,2026-03-07 03:50:00
1772855700000,627.31,627.31,627.31,627.31,0.0,2026-03-07 03:55:00
1772856000000,625.8,625.8,625.8,625.8,0.002,2026-03-07 04:00:00
1772856300000,625.8,625.8,625.8,625.8,0.0,2026-03-07 04:05:00
1772856600000,625.63,625.63,625.63,625.63,0.008,2026-03-07 04:10:00
1772856900000,625.63,625.63,625.63,625.63,0.0,2026-03-07 04:15:00
1772857200000,626.14,626.16,626.14,626.16,0.245,2026-03-07 04:20:00
1772857500000,626.16,626.16,626.16,626.16,0.0,2026-03-07 04:25:00
1772857800000,626.25,626.25,626.25,626.25,0.037,2026-03-07 04:30:00
1772858100000,626.65,626.65,626.65,626.65,0.082,2026-03-07 04:35:00
1772858400000,627.04,627.04,627.04,627.04,0.019,2026-03-07 04:40:00
1772858700000,627.5,627.53,627.5,627.53,0.013,2026-03-07 04:45:00
1772859000000,627.53,627.53,627.53,627.53,0.0,2026-03-07 04:50:00
1772859300000,627.53,627.53,627.53,627.53,0.0,2026-03-07 04:55:00
1772859600000,627.53,627.53,627.53,627.53,0.0,2026-03-07 05:00:00
1772859900000,627.53,627.53,627.53,627.53,0.0,2026-03-07 05:05:00
1772860200000,627.4,627.4,627.4,627.4,0.019,2026-03-07 05:10:00
1772860500000,627.4,627.4,627.4,627.4,0.0,2026-03-07 05:15:00
1772860800000,627.4,627.4,627.4,627.4,0.0,2026-03-07 05:20:00
1772861100000,627.4,627.4,627.4,627.4,0.0,2026-03-07 05:25:00
1772861400000,627.94,627.94,627.94,627.94,0.008,2026-03-07 05:30:00
1772861700000,627.4,627.4,627.4,627.4,0.008,2026-03-07 05:35:00
1772862000000,627.92,627.92,627.9,627.9,26.105,2026-03-07 05:40:00
1772862300000,627.9,627.9,627.9,627.9,0.0,2026-03-07 05:45:00
1772862600000,627.92,627.92,627.92,627.92,0.2,2026-03-07 05:50:00
1772862900000,627.92,627.92,627.92,627.92,0.0,2026-03-07 05:55:00
1772863200000,627.92,627.92,627.92,627.92,0.0,2026-03-07 06:00:00
1772863500000,627.37,627.37,627.37,627.37,0.024,2026-03-07 06:05:00
1772863800000,627.43,627.43,627.43,627.43,0.113,2026-03-07 06:10:00
1772864100000,627.43,627.43,627.43,627.43,0.0,2026-03-07 06:15:00
1772864400000,627.43,627.43,627.43,627.43,0.0,2026-03-07 06:20:00
1772864700000,627.43,627.43,627.43,627.43,0.0,2026-03-07 06:25:00
1772865000000,627.43,627.43,627.43,627.43,0.0,2026-03-07 06:30:00
1772865300000,627.43,627.43,627.43,627.43,0.0,2026-03-07 06:35:00
1772865600000,626.87,626.87,626.84,626.84,0.192,2026-03-07 06:40:00
1772865900000,626.84,626.84,626.84,626.84,0.0,2026-03-07 06:45:00
1772866200000,626.84,626.84,626.84,626.84,0.0,2026-03-07 06:50:00
1772866500000,626.84,626.84,626.84,626.84,0.0,2026-03-07 06:55:00
1772866800000,626.45,626.45,626.45,626.45,0.02,2026-03-07 07:00:00
1772867100000,626.45,626.45,626.45,626.45,0.0,2026-03-07 07:05:00
1772867400000,626.45,626.45,626.45,626.45,0.0,2026-03-07 07:10:00
1772867700000,626.45,626.45,626.45,626.45,0.0,2026-03-07 07:15:00
1772868000000,626.45,626.45,626.45,626.45,0.0,2026-03-07 07:20:00
1772868300000,626.45,626.45,626.45,626.45,0.0,2026-03-07 07:25:00
1772868600000,626.45,626.45,626.45,626.45,0.0,2026-03-07 07:30:00
1772868900000,626.45,626.45,626.45,626.45,0.0,2026-03-07 07:35:00
1772869200000,626.45,626.45,626.45,626.45,0.0,2026-03-07 07:40:00
1772869500000,626.45,626.45,626.45,626.45,0.0,2026-03-07 07:45:00
1772869800000,626.45,626.45,626.45,626.45,0.0,2026-03-07 07:50:00
1772870100000,626.45,626.45,626.45,626.45,0.0,2026-03-07 07:55:00
1772870400000,626.45,626.45,626.45,626.45,0.0,2026-03-07 08:00:00
1772870700000,626.45,626.45,626.45,626.45,0.0,2026-03-07 08:05:00
1772871000000,626.45,626.45,626.45,626.45,0.0,2026-03-07 08:10:00
1772871300000,626.45,626.45,626.45,626.45,0.0,2026-03-07 08:15:00
1772871600000,628.75,629.26,628.75,629.26,0.158,2026-03-07 08:20:00
1772871900000,629.26,629.26,629.26,629.26,0.0,2026-03-07 08:25:00
1772872200000,629.19,629.19,629.19,629.19,0.156,2026-03-07 08:30:00
1772872500000,629.19,629.19,629.19,629.19,0.0,2026-03-07 08:35:00
1772872800000,629.19,629.19,629.19,629.19,0.0,2026-03-07 08:40:00
1772873100000,629.19,629.19,629.19,629.19,0.0,2026-03-07 08:45:00
1772873400000,629.19,629.19,629.19,629.19,0.0,2026-03-07 08:50:00
1772873700000,629.19,629.19,629.19,629.19,0.0,2026-03-07 08:55:00
1772874000000,628.29,628.29,628.29,628.29,0.013,2026-03-07 09:00:00
1772874300000,628.29,628.29,628.29,628.29,0.0,2026-03-07 09:05:00
1772874600000,628.29,628.29,628.29,628.29,0.0,2026-03-07 09:10:00
1772874900000,628.29,628.29,628.29,628.29,0.0,2026-03-07 09:15:00
1772875200000,629.03,629.03,627.53,627.53,7.983,2026-03-07 09:20:00
1772875500000,627.53,627.53,627.53,627.53,0.0,2026-03-07 09:25:00
1772875800000,629.93,630.02,629.93,630.02,0.246,2026-03-07 09:30:00
1772876100000,630.02,630.02,630.02,630.02,0.0,2026-03-07 09:35:00
1772876400000,630.02,630.02,630.02,630.02,0.0,2026-03-07 09:40:00
1772876700000,630.02,630.02,630.02,630.02,0.0,2026-03-07 09:45:00
1772877000000,630.02,630.02,630.02,630.02,0.0,2026-03-07 09:50:00
1772877300000,629.47,629.47,629.47,629.47,0.008,2026-03-07 09:55:00
1772877600000,629.47,629.47,629.47,629.47,0.0,2026-03-07 10:00:00
1772877900000,629.47,629.47,629.47,629.47,0.0,2026-03-07 10:05:00
1772878200000,629.47,629.47,629.47,629.47,0.0,2026-03-07 10:10:00
1772878500000,629.94,629.94,629.94,629.94,0.016,2026-03-07 10:15:00
1772878800000,628.91,628.91,628.91,628.91,0.228,2026-03-07 10:20:00
1772879100000,628.91,628.91,628.91,628.91,0.0,2026-03-07 10:25:00
1772879400000,628.91,628.91,628.91,628.91,0.0,2026-03-07 10:30:00
1772879700000,628.91,628.91,628.91,628.91,0.0,2026-03-07 10:35:00
1772880000000,628.91,628.91,628.91,628.91,0.0,2026-03-07 10:40:00
1772880300000,628.91,628.91,628.91,628.91,0.0,2026-03-07 10:45:00
1772880600000,628.91,628.91,628.91,628.91,0.0,2026-03-07 10:50:00
1772880900000,628.91,628.91,628.91,628.91,0.0,2026-03-07 10:55:00
1772881200000,628.91,628.91,628.91,628.91,0.0,2026-03-07 11:00:00
1772881500000,628.91,628.91,628.91,628.91,0.0,2026-03-07 11:05:00
1772881800000,626.98,628.56,626.98,628.16,0.176,2026-03-07 11:10:00
1772882100000,628.42,628.6,628.42,628.6,0.099,2026-03-07 11:15:00
1772882400000,628.6,628.6,628.6,628.6,0.0,2026-03-07 11:20:00
1772882700000,628.6,628.6,628.6,628.6,0.0,2026-03-07 11:25:00
1772883000000,628.6,628.6,628.6,628.6,0.0,2026-03-07 11:30:00
1772883300000,628.6,628.6,628.6,628.6,0.0,2026-03-07 11:35:00
1772883600000,628.6,628.6,628.6,628.6,0.0,2026-03-07 11:40:00
1772883900000,628.6,628.6,628.6,628.6,0.0,2026-03-07 11:45:00
1772884200000,628.6,628.6,628.6,628.6,0.0,2026-03-07 11:50:00
1772884500000,628.6,628.6,628.6,628.6,0.0,2026-03-07 11:55:00
1772884800000,628.6,628.6,628.6,628.6,0.0,2026-03-07 12:00:00
1772885100000,628.6,628.6,628.6,628.6,0.0,2026-03-07 12:05:00
1772885400000,627.44,627.44,627.44,627.44,0.008,2026-03-07 12:10:00
1772885700000,627.44,627.44,627.44,627.44,0.0,2026-03-07 12:15:00
1772886000000,627.44,627.44,627.44,627.44,0.0,2026-03-07 12:20:00
1772886300000,627.1,627.1,627.1,627.1,0.05,2026-03-07 12:25:00
1772886600000,627.1,627.1,627.1,627.1,0.0,2026-03-07 12:30:00
1772886900000,627.1,627.1,627.1,627.1,0.0,2026-03-07 12:35:00
1772887200000,627.1,627.1,627.1,627.1,0.0,2026-03-07 12:40:00
1772887500000,627.1,627.1,627.1,627.1,0.0,2026-03-07 12:45:00
1772887800000,627.1,627.1,627.1,627.1,0.0,2026-03-07 12:50:00
1772888100000,627.1,627.1,627.1,627.1,0.0,2026-03-07 12:55:00
1772888400000,627.4,627.4,627.4,627.4,0.016,2026-03-07 13:00:00
1772888700000,627.4,627.4,627.4,627.4,0.0,2026-03-07 13:05:00
1772889000000,627.4,627.4,627.4,627.4,0.0,2026-03-07 13:10:00
1772889300000,627.4,627.4,627.4,627.4,0.0,2026-03-07 13:15:00
1772889600000,627.4,627.4,627.4,627.4,0.0,2026-03-07 13:20:00
1772889900000,627.4,627.4,627.4,627.4,0.0,2026-03-07 13:25:00
1772890200000,627.4,627.4,627.4,627.4,0.0,2026-03-07 13:30:00
1772890500000,627.4,627.4,627.4,627.4,0.0,2026-03-07 13:35:00
1772890800000,627.4,627.4,627.4,627.4,0.0,2026-03-07 13:40:00
1772891100000,627.4,627.4,627.4,627.4,0.0,2026-03-07 13:45:00
1772891400000,627.4,627.4,627.4,627.4,0.0,2026-03-07 13:50:00
1772891700000,627.4,627.4,627.4,627.4,0.0,2026-03-07 13:55:00
1772892000000,626.78,626.78,625.46,625.46,2.173,2026-03-07 14:00:00
1772892300000,625.05,625.05,624.49,624.49,0.233,2026-03-07 14:05:00
1772892600000,624.89,624.89,624.15,624.15,0.482,2026-03-07 14:10:00
1772892900000,624.15,624.15,624.15,624.15,0.0,2026-03-07 14:15:00
1772893200000,624.15,624.15,624.15,624.15,0.0,2026-03-07 14:20:00
1772893500000,624.15,624.15,624.15,624.15,0.0,2026-03-07 14:25:00
1772893800000,624.15,624.15,624.15,624.15,0.0,2026-03-07 14:30:00
1772894100000,627.32,627.32,627.32,627.32,13.188,2026-03-07 14:35:00
1772894400000,627.32,627.32,627.32,627.32,0.0,2026-03-07 14:40:00
1772894700000,627.16,627.16,627.16,627.16,0.014,2026-03-07 14:45:00
1772895000000,627.16,627.16,627.16,627.16,0.0,2026-03-07 14:50:00
1772895300000,627.16,627.16,627.16,627.16,0.0,2026-03-07 14:55:00
1772895600000,627.57,627.57,627.54,627.54,0.338,2026-03-07 15:00:00
1772895900000,627.33,627.33,627.33,627.33,0.005,2026-03-07 15:05:00
1772896200000,627.33,627.33,627.33,627.33,0.0,2026-03-07 15:10:00
1772896500000,627.33,627.33,627.33,627.33,0.0,2026-03-07 15:15:00
1772896800000,627.33,627.33,627.33,627.33,0.0,2026-03-07 15:20:00
1772897100000,626.92,626.92,626.92,626.92,0.491,2026-03-07 15:25:00
1772897400000,626.92,626.92,626.92,626.92,0.0,2026-03-07 15:30:00
1772897700000,626.92,626.92,626.92,626.92,0.0,2026-03-07 15:35:00
1772898000000,626.92,626.92,626.92,626.92,0.0,2026-03-07 15:40:00
1772898300000,626.92,626.92,626.92,626.92,0.0,2026-03-07 15:45:00
1772898600000,624.3,624.3,624.3,624.3,0.01,2026-03-07 15:50:00
1772898900000,624.3,624.3,624.3,624.3,0.0,2026-03-07 15:55:00
1772899200000,624.69,624.69,624.69,624.69,0.008,2026-03-07 16:00:00
1772899500000,624.11,624.68,622.37,624.68,4.714,2026-03-07 16:05:00
1772899800000,624.68,624.68,624.68,624.68,0.0,2026-03-07 16:10:00
1772900100000,624.55,624.55,623.01,623.01,0.965,2026-03-07 16:15:00
1772900400000,623.57,623.69,623.57,623.69,0.016,2026-03-07 16:20:00
1772900700000,623.69,623.69,623.69,623.69,0.0,2026-03-07 16:25:00
1772901000000,623.48,623.63,623.48,623.63,0.01,2026-03-07 16:30:00
1772901300000,623.74,623.99,623.74,623.99,0.1,2026-03-07 16:35:00
1772901600000,622.76,622.76,622.76,622.76,0.003,2026-03-07 16:40:00
1772901900000,623.66,623.76,623.66,623.76,0.321,2026-03-07 16:45:00
1772902200000,623.76,623.76,623.76,623.76,0.0,2026-03-07 16:50:00
1772902500000,623.76,623.76,623.76,623.76,0.0,2026-03-07 16:55:00
1772902800000,623.76,623.76,623.76,623.76,0.0,2026-03-07 17:00:00
1772903100000,624.75,624.75,624.1,624.1,0.008,2026-03-07 17:05:00
1772903400000,624.1,624.1,624.1,624.1,0.0,2026-03-07 17:10:00
1772903700000,624.1,624.1,624.1,624.1,0.0,2026-03-07 17:15:00
1772904000000,625.05,625.05,625.05,625.05,0.009,2026-03-07 17:20:00
1772904300000,625.08,625.08,625.08,625.08,0.001,2026-03-07 17:25:00
1772904600000,625.08,625.08,625.08,625.08,0.0,2026-03-07 17:30:00
1772904900000,624.82,624.82,624.82,624.82,0.002,2026-03-07 17:35:00
1772905200000,624.82,624.82,624.82,624.82,0.0,2026-03-07 17:40:00
1772905500000,624.82,624.82,624.82,624.82,0.0,2026-03-07 17:45:00
1772905800000,624.8,624.8,624.8,624.8,0.137,2026-03-07 17:50:00
1772906100000,624.41,624.41,623.96,623.96,4.138,2026-03-07 17:55:00
1772906400000,623.0,623.0,620.62,620.62,0.282,2026-03-07 18:00:00
1772906700000,621.82,621.82,621.2,621.41,16.284,2026-03-07 18:05:00
1772907000000,621.67,622.12,621.67,622.12,0.094,2026-03-07 18:10:00
1772907300000,622.12,622.12,622.12,622.12,0.0,2026-03-07 18:15:00
1772907600000,622.12,622.12,622.12,622.12,0.0,2026-03-07 18:20:00
1772907900000,622.74,622.74,622.74,622.74,0.032,2026-03-07 18:25:00
1772908200000,622.58,622.58,622.58,622.58,0.007,2026-03-07 18:30:00
1772908500000,622.58,622.58,622.58,622.58,0.0,2026-03-07 18:35:00
1772908800000,622.58,622.58,622.58,622.58,0.0,2026-03-07 18:40:00
1772909100000,622.58,622.58,622.58,622.58,0.0,2026-03-07 18:45:00
1772909400000,622.68,622.68,622.68,622.68,0.008,2026-03-07 18:50:00
1772909700000,622.26,622.26,622.26,622.26,0.008,2026-03-07 18:55:00
1772910000000,622.03,622.03,622.03,622.03,0.184,2026-03-07 19:00:00
1772910300000,622.03,622.03,622.03,622.03,0.0,2026-03-07 19:05:00
1772910600000,622.12,622.12,622.12,622.12,0.008,2026-03-07 19:10:00
1772910900000,621.88,621.88,620.64,620.64,0.017,2026-03-07 19:15:00
1772911200000,620.64,620.64,620.64,620.64,0.0,2026-03-07 19:20:00
1772911500000,620.64,620.64,620.64,620.64,0.0,2026-03-07 19:25:00
1772911800000,620.64,620.64,620.64,620.64,0.0,2026-03-07 19:30:00
1772912100000,620.64,620.64,620.64,620.64,0.0,2026-03-07 19:35:00
1772912400000,620.64,620.64,620.64,620.64,0.0,2026-03-07 19:40:00
1772912700000,620.76,620.76,620.19,620.19,0.934,2026-03-07 19:45:00
1772913000000,620.07,620.07,619.63,619.63,0.543,2026-03-07 19:50:00
1772913300000,619.28,619.28,619.28,619.28,0.006,2026-03-07 19:55:00
1772913600000,620.7,620.7,620.7,620.7,0.04,2026-03-07 20:00:00
1772913900000,620.7,620.7,620.7,620.7,0.0,2026-03-07 20:05:00
1772914200000,621.65,621.65,621.61,621.61,0.037,2026-03-07 20:10:00
1772914500000,621.61,621.61,621.61,621.61,0.0,2026-03-07 20:15:00
1772914800000,621.61,621.61,621.61,621.61,0.0,2026-03-07 20:20:00
1772915100000,621.61,621.61,621.61,621.61,0.0,2026-03-07 20:25:00
1772915400000,621.61,621.61,621.61,621.61,0.0,2026-03-07 20:30:00
1772915700000,621.61,621.61,621.61,621.61,0.0,2026-03-07 20:35:00
1772916000000,621.12,621.12,620.72,621.03,0.114,2026-03-07 20:40:00
1772916300000,620.66,620.66,620.66,620.66,0.064,2026-03-07 20:45:00
1772916600000,620.66,620.66,620.66,620.66,0.0,2026-03-07 20:50:00
1772916900000,620.66,620.66,620.66,620.66,0.0,2026-03-07 20:55:00
1772917200000,621.58,621.58,621.58,621.58,0.009,2026-03-07 21:00:00
1772917500000,622.28,622.53,622.28,622.53,0.08,2026-03-07 21:05:00
1772917800000,622.53,622.53,622.53,622.53,0.0,2026-03-07 21:10:00
1772918100000,621.98,621.98,621.98,621.98,0.152,2026-03-07 21:15:00
1772918400000,621.98,621.98,621.98,621.98,0.0,2026-03-07 21:20:00
1772918700000,621.98,621.98,621.98,621.98,0.0,2026-03-07 21:25:00
1772919000000,621.98,621.98,621.98,621.98,0.0,2026-03-07 21:30:00
1772919300000,621.98,621.98,621.98,621.98,0.0,2026-03-07 21:35:00
1772919600000,621.98,621.98,621.98,621.98,0.0,2026-03-07 21:40:00
1772919900000,620.75,620.75,620.75,620.75,0.318,2026-03-07 21:45:00
1772920200000,620.99,621.02,620.99,621.02,0.032,2026-03-07 21:50:00
1772920500000,621.02,621.02,621.02,621.02,0.0,2026-03-07 21:55:00
1772920800000,621.34,621.44,620.99,620.99,0.273,2026-03-07 22:00:00
1772921100000,620.99,620.99,620.99,620.99,0.0,2026-03-07 22:05:00
1772921400000,620.68,620.68,620.68,620.68,0.161,2026-03-07 22:10:00
1772921700000,620.7,620.7,620.7,620.7,0.003,2026-03-07 22:15:00
1772922000000,620.7,620.7,620.7,620.7,0.0,2026-03-07 22:20:00
1772922300000,620.7,620.7,620.7,620.7,0.0,2026-03-07 22:25:00
1772922600000,620.7,620.7,620.7,620.7,0.0,2026-03-07 22:30:00
1772922900000,619.53,619.53,619.53,619.53,0.007,2026-03-07 22:35:00
1772923200000,619.53,619.53,619.53,619.53,0.0,2026-03-07 22:40:00
1772923500000,619.53,619.53,619.53,619.53,0.0,2026-03-07 22:45:00
1772923800000,619.53,619.53,619.53,619.53,0.0,2026-03-07 22:50:00
1772924100000,619.53,619.53,619.53,619.53,0.0,2026-03-07 22:55:00
1772924400000,619.53,619.53,619.53,619.53,0.0,2026-03-07 23:00:00
1772924700000,620.52,620.56,620.52,620.56,0.04,2026-03-07 23:05:00
1772925000000,620.56,620.56,620.56,620.56,0.0,2026-03-07 23:10:00
1772925300000,620.56,620.56,620.56,620.56,0.0,2026-03-07 23:15:00
1772925600000,620.56,620.56,620.56,620.56,0.0,2026-03-07 23:20:00
1772925900000,620.56,620.56,620.56,620.56,0.0,2026-03-07 23:25:00
1772926200000,620.17,620.17,620.17,620.17,0.012,2026-03-07 23:30:00
1772926500000,620.17,620.17,620.17,620.17,0.0,2026-03-07 23:35:00
1772926800000,620.17,620.17,620.17,620.17,0.0,2026-03-07 23:40:00
1772927100000,620.17,620.17,620.17,620.17,0.0,2026-03-07 23:45:00
1772927400000,620.17,620.17,620.17,620.17,0.0,2026-03-07 23:50:00
1772927700000,619.82,619.82,619.82,619.82,1.02,2026-03-07 23:55:00
1772928000000,620.19,620.19,620.19,620.19,0.002,2026-03-08 00:00:00
1772928300000,620.19,620.19,620.19,620.19,0.0,2026-03-08 00:05:00
1772928600000,621.42,621.42,621.42,621.42,0.037,2026-03-08 00:10:00
1772928900000,621.15,621.27,621.15,621.27,0.115,2026-03-08 00:15:00
1772929200000,621.29,621.97,620.6,620.6,0.57,2026-03-08 00:20:00
1772929500000,620.6,620.6,620.6,620.6,0.054,2026-03-08 00:25:00
1772929800000,620.6,620.6,620.16,620.18,0.056,2026-03-08 00:30:00
1772930100000,620.18,620.18,619.91,619.91,0.012,2026-03-08 00:35:00
1772930400000,619.91,619.91,619.91,619.91,0.0,2026-03-08 00:40:00
1772930700000,619.89,620.29,618.71,618.71,0.077,2026-03-08 00:45:00
1772931000000,618.81,618.81,618.8,618.8,1.212,2026-03-08 00:50:00
1772931300000,619.14,619.14,619.14,619.14,0.687,2026-03-08 00:55:00
1772931600000,619.14,619.14,619.14,619.14,0.0,2026-03-08 01:00:00
1772931900000,618.65,620.3,618.65,620.3,0.2,2026-03-08 01:05:00
1772932200000,620.3,620.3,620.3,620.3,0.0,2026-03-08 01:10:00
1772932500000,620.29,620.47,620.29,620.47,0.016,2026-03-08 01:15:00
1772932800000,620.47,620.47,620.47,620.47,0.0,2026-03-08 01:20:00
1772933100000,619.49,619.49,619.49,619.49,0.009,2026-03-08 01:25:00
1772933400000,619.16,619.16,619.16,619.16,0.006,2026-03-08 01:30:00
1772933700000,619.16,619.16,619.16,619.16,0.0,2026-03-08 01:35:00
1772934000000,619.16,619.16,619.16,619.16,0.0,2026-03-08 01:40:00
1772934300000,619.16,619.16,619.16,619.16,0.0,2026-03-08 01:45:00
1772934600000,619.16,619.16,619.16,619.16,0.0,2026-03-08 01:50:00
1772934900000,619.16,619.16,619.16,619.16,0.0,2026-03-08 01:55:00
1772935200000,619.77,619.77,619.77,619.77,0.005,2026-03-08 02:00:00
1772935500000,619.77,619.77,619.77,619.77,0.0,2026-03-08 02:05:00
1772935800000,619.77,619.77,619.77,619.77,0.0,2026-03-08 02:10:00
1772936100000,619.77,619.77,619.77,619.77,0.0,2026-03-08 02:15:00
1772936400000,619.77,619.77,619.77,619.77,0.0,2026-03-08 02:20:00
1772936700000,619.77,619.77,619.77,619.77,0.0,2026-03-08 02:25:00
1772937000000,618.17,618.17,618.17,618.17,0.009,2026-03-08 02:30:00
1772937300000,617.86,617.88,617.86,617.88,0.012,2026-03-08 02:35:00
1772937600000,619.4,619.4,619.4,619.4,1.0,2026-03-08 02:40:00
1772937900000,617.72,617.72,617.72,617.72,0.009,2026-03-08 02:45:00
1772938200000,616.72,616.72,616.05,616.05,0.216,2026-03-08 02:50:00
1772938500000,616.66,617.52,615.63,615.63,0.028,2026-03-08 02:55:00
1772938800000,616.19,616.19,616.19,616.19,0.005,2026-03-08 03:00:00
1772939100000,616.19,616.19,616.19,616.19,0.0,2026-03-08 03:05:00
1772939400000,616.23,616.23,616.23,616.23,0.008,2026-03-08 03:10:00
1772939700000,616.23,616.23,616.23,616.23,0.0,2026-03-08 03:15:00
1772940000000,616.23,616.23,616.23,616.23,0.0,2026-03-08 03:20:00
1772940300000,616.23,616.23,616.23,616.23,0.0,2026-03-08 03:25:00
1772940600000,617.18,617.26,616.62,616.65,0.274,2026-03-08 03:30:00
1772940900000,616.72,616.72,616.35,616.35,0.01,2026-03-08 03:35:00
1772941200000,616.35,616.35,616.35,616.35,0.0,2026-03-08 03:40:00
1772941500000,616.35,616.35,616.35,616.35,0.0,2026-03-08 03:45:00
1772941800000,616.35,616.35,616.35,616.35,0.0,2026-03-08 03:50:00
1772942100000,616.68,616.68,616.67,616.67,2.434,2026-03-08 03:55:00
1772942400000,616.67,616.67,616.67,616.67,0.0,2026-03-08 04:00:00
1772942700000,617.13,617.33,617.13,617.33,0.097,2026-03-08 04:05:00
1772943000000,617.39,617.39,617.39,617.39,0.008,2026-03-08 04:10:00
1772943300000,617.24,617.39,617.24,617.39,0.286,2026-03-08 04:15:00
1772943600000,617.39,617.39,617.39,617.39,0.0,2026-03-08 04:20:00
1772943900000,617.39,617.39,617.39,617.39,0.0,2026-03-08 04:25:00
1772944200000,617.39,617.39,617.39,617.39,0.0,2026-03-08 04:30:00
1772944500000,617.39,617.39,617.39,617.39,0.0,2026-03-08 04:35:00
1772944800000,616.65,616.78,616.65,616.78,0.04,2026-03-08 04:40:00
1772945100000,616.78,616.78,616.78,616.78,0.0,2026-03-08 04:45:00
1772945400000,616.78,616.78,616.78,616.78,0.0,2026-03-08 04:50:00
1772945700000,616.78,616.78,616.78,616.78,0.0,2026-03-08 04:55:00
1772946000000,615.22,615.22,615.22,615.22,0.317,2026-03-08 05:00:00
1772946300000,616.61,616.61,616.61,616.61,0.008,2026-03-08 05:05:00
1772946600000,616.61,616.61,616.61,616.61,0.0,2026-03-08 05:10:00
1772946900000,616.61,616.61,616.61,616.61,0.0,2026-03-08 05:15:00
1772947200000,617.66,618.02,617.66,618.02,0.235,2026-03-08 05:20:00
1772947500000,618.02,618.02,618.02,618.02,0.0,2026-03-08 05:25:00
1772947800000,618.33,618.33,618.33,618.33,0.011,2026-03-08 05:30:00
1772948100000,618.33,618.33,618.33,618.33,0.0,2026-03-08 05:35:00
1772948400000,617.88,617.88,617.88,617.88,0.073,2026-03-08 05:40:00
1772948700000,617.88,617.88,617.88,617.88,0.0,2026-03-08 05:45:00
1772949000000,617.88,617.88,617.88,617.88,0.0,2026-03-08 05:50:00
1772949300000,618.82,618.88,618.46,618.46,0.109,2026-03-08 05:55:00
1772949600000,618.46,618.46,618.46,618.46,0.0,2026-03-08 06:00:00
1772949900000,618.5,618.5,618.5,618.5,0.001,2026-03-08 06:05:00
1772950200000,618.53,618.53,618.53,618.53,0.04,2026-03-08 06:10:00
1772950500000,618.4,618.4,618.4,618.4,0.002,2026-03-08 06:15:00
1772950800000,618.4,618.4,618.4,618.4,0.0,2026-03-08 06:20:00
1772951100000,618.4,618.4,618.4,618.4,0.0,2026-03-08 06:25:00
1772951400000,618.4,618.4,618.4,618.4,0.0,2026-03-08 06:30:00
1772951700000,618.4,618.4,618.4,618.4,0.0,2026-03-08 06:35:00
1772952000000,618.4,618.4,618.4,618.4,0.0,2026-03-08 06:40:00
1772952300000,618.4,618.4,618.4,618.4,0.0,2026-03-08 06:45:00
1772952600000,618.4,618.4,618.4,618.4,0.0,2026-03-08 06:50:00
1772952900000,618.4,618.4,618.4,618.4,0.0,2026-03-08 06:55:00
1772953200000,618.4,618.4,618.4,618.4,0.0,2026-03-08 07:00:00
1772953500000,618.4,618.4,618.4,618.4,0.0,2026-03-08 07:05:00
1772953800000,618.4,618.4,618.4,618.4,0.0,2026-03-08 07:10:00
1772954100000,618.4,618.4,618.4,618.4,0.0,2026-03-08 07:15:00
1772954400000,618.4,618.4,618.4,618.4,0.0,2026-03-08 07:20:00
1772954700000,620.3,620.3,620.3,620.3,0.006,2026-03-08 07:25:00
1772955000000,620.3,620.3,620.3,620.3,0.0,2026-03-08 07:30:00
1772955300000,620.3,620.3,620.3,620.3,0.0,2026-03-08 07:35:00
1772955600000,620.3,620.3,620.3,620.3,0.0,2026-03-08 07:40:00
1772955900000,620.3,620.3,620.3,620.3,0.0,2026-03-08 07:45:00
1772956200000,619.69,619.69,619.69,619.69,0.048,2026-03-08 07:50:00
1772956500000,619.69,619.69,619.69,619.69,0.0,2026-03-08 07:55:00
1772956800000,619.69,619.69,619.69,619.69,0.0,2026-03-08 08:00:00
1772957100000,619.45,619.45,619.45,619.45,0.011,2026-03-08 08:05:00
1772957400000,619.45,619.45,619.45,619.45,0.0,2026-03-08 08:10:00
1772957700000,618.47,618.47,618.47,618.47,0.012,2026-03-08 08:15:00
1772958000000,618.47,618.47,618.47,618.47,0.0,2026-03-08 08:20:00
1772958300000,618.47,618.47,618.47,618.47,0.0,2026-03-08 08:25:00
1772958600000,618.17,618.17,618.17,618.17,0.027,2026-03-08 08:30:00
1772958900000,618.17,618.17,618.17,618.17,0.0,2026-03-08 08:35:00
1772959200000,620.03,620.03,620.03,620.03,0.018,2026-03-08 08:40:00
1772959500000,620.03,620.03,620.03,620.03,0.0,2026-03-08 08:45:00
1772959800000,619.5,619.5,619.5,619.5,2.383,2026-03-08 08:50:00
1772960100000,619.5,619.5,619.5,619.5,0.0,2026-03-08 08:55:00
1772960400000,619.5,619.5,619.5,619.5,25.155,2026-03-08 09:00:00
1772960700000,619.5,619.5,619.5,619.5,0.0,2026-03-08 09:05:00
1772961000000,619.5,619.5,619.5,619.5,0.0,2026-03-08 09:10:00
1772961300000,619.5,619.5,619.5,619.5,0.0,2026-03-08 09:15:00
1772961600000,620.67,620.67,620.66,620.66,3.795,2026-03-08 09:20:00
1772961900000,620.66,620.66,620.66,620.66,0.0,2026-03-08 09:25:00
1772962200000,620.66,620.66,620.66,620.66,0.0,2026-03-08 09:30:00
1772962500000,620.66,620.66,620.66,620.66,0.0,2026-03-08 09:35:00
1772962800000,620.07,620.07,620.07,620.07,0.008,2026-03-08 09:40:00
1772963100000,620.07,620.07,620.07,620.07,0.0,2026-03-08 09:45:00
1772963400000,620.07,620.07,620.07,620.07,0.0,2026-03-08 09:50:00
1772963700000,620.07,620.07,620.07,620.07,0.0,2026-03-08 09:55:00
1772964000000,620.07,620.07,620.07,620.07,0.0,2026-03-08 10:00:00
1772964300000,620.82,620.82,620.82,620.82,0.078,2026-03-08 10:05:00
1772964600000,621.18,621.18,621.18,621.18,0.018,2026-03-08 10:10:00
1772964900000,621.18,621.18,621.18,621.18,0.0,2026-03-08 10:15:00
1772965200000,622.52,622.52,622.52,622.52,0.042,2026-03-08 10:20:00
1772965500000,622.52,622.52,622.52,622.52,0.0,2026-03-08 10:25:00
1772965800000,623.28,623.28,622.78,622.78,0.026,2026-03-08 10:30:00
1772966100000,622.78,622.78,622.78,622.78,0.0,2026-03-08 10:35:00
1772966400000,622.62,622.62,622.62,622.62,0.74,2026-03-08 10:40:00
1772966700000,622.62,622.62,622.62,622.62,0.0,2026-03-08 10:45:00
1772967000000,622.62,622.62,622.62,622.62,0.0,2026-03-08 10:50:00
1772967300000,622.62,622.62,622.62,622.62,0.0,2026-03-08 10:55:00
1772967600000,622.62,622.62,622.62,622.62,0.0,2026-03-08 11:00:00
1772967900000,620.3,620.3,620.3,620.3,0.009,2026-03-08 11:05:00
1772968200000,620.3,620.3,620.3,620.3,0.0,2026-03-08 11:10:00
1772968500000,620.62,620.72,620.62,620.72,6.212,2026-03-08 11:15:00
1772968800000,620.43,620.43,619.34,619.34,6.176,2026-03-08 11:20:00
1772969100000,619.34,619.34,619.34,619.34,0.0,2026-03-08 11:25:00
1772969400000,621.76,621.76,621.76,621.76,0.064,2026-03-08 11:30:00
1772969700000,621.76,621.76,621.76,621.76,0.0,2026-03-08 11:35:00
1772970000000,621.76,621.76,621.76,621.76,0.0,2026-03-08 11:40:00
1772970300000,621.76,621.76,621.76,621.76,0.0,2026-03-08 11:45:00
1772970600000,621.76,621.76,621.76,621.76,0.0,2026-03-08 11:50:00
1772970900000,621.76,621.76,621.76,621.76,0.0,2026-03-08 11:55:00
1772971200000,621.76,621.76,621.76,621.76,0.0,2026-03-08 12:00:00
1772971500000,618.68,618.71,618.68,618.71,0.011,2026-03-08 12:05:00
1772971800000,617.65,617.65,617.22,617.22,0.019,2026-03-08 12:10:00
1772972100000,617.22,617.22,617.22,617.22,0.0,2026-03-08 12:15:00
1772972400000,617.22,617.22,617.22,617.22,0.0,2026-03-08 12:20:00
1772972700000,619.74,619.74,619.74,619.74,0.009,2026-03-08 12:25:00
1772973000000,619.74,619.91,619.74,619.91,0.471,2026-03-08 12:30:00
1772973300000,619.91,619.91,619.91,619.91,0.0,2026-03-08 12:35:00
1772973600000,619.91,619.91,619.91,619.91,0.0,2026-03-08 12:40:00
1772973900000,619.91,619.91,619.91,619.91,0.0,2026-03-08 12:45:00
1772974200000,619.91,619.91,619.91,619.91,0.0,2026-03-08 12:50:00
1772974500000,619.91,619.91,619.91,619.91,0.0,2026-03-08 12:55:00
1772974800000,619.91,619.91,619.91,619.91,0.0,2026-03-08 13:00:00
1772975100000,619.06,619.06,619.06,619.06,0.016,2026-03-08 13:05:00
1772975400000,619.06,619.06,619.06,619.06,0.0,2026-03-08 13:10:00
1772975700000,619.06,619.06,619.06,619.06,0.0,2026-03-08 13:15:00
1772976000000,619.06,619.06,619.06,619.06,0.0,2026-03-08 13:20:00
1772976300000,613.79,613.79,613.79,613.79,0.008,2026-03-08 13:25:00
1772976600000,615.33,615.33,614.67,614.67,0.264,2026-03-08 13:30:00
1772976900000,614.67,614.67,614.67,614.67,0.02,2026-03-08 13:35:00
1772977200000,613.73,613.73,613.73,613.73,0.26,2026-03-08 13:40:00
1772977500000,613.73,613.73,613.73,613.73,0.0,2026-03-08 13:45:00
1772977800000,613.73,613.73,613.73,613.73,0.0,2026-03-08 13:50:00
1772978100000,613.73,613.73,613.73,613.73,0.0,2026-03-08 13:55:00
1772978400000,616.56,616.62,616.56,616.62,0.102,2026-03-08 14:00:00
1772978700000,616.62,616.62,616.62,616.62,0.0,2026-03-08 14:05:00
1772979000000,617.35,617.35,617.16,617.16,0.011,2026-03-08 14:10:00
1772979300000,617.23,617.36,617.23,617.36,0.051,2026-03-08 14:15:00
1772979600000,617.36,617.36,617.36,617.36,0.0,2026-03-08 14:20:00
1772979900000,617.36,617.36,617.36,617.36,0.0,2026-03-08 14:25:00
1772980200000,617.36,617.36,617.36,617.36,0.0,2026-03-08 14:30:00
1772980500000,617.36,617.36,617.36,617.36,0.0,2026-03-08 14:35:00
1772980800000,617.36,617.36,617.36,617.36,0.0,2026-03-08 14:40:00
1772981100000,617.36,617.36,617.36,617.36,0.0,2026-03-08 14:45:00
1772981400000,617.36,617.36,617.36,617.36,0.0,2026-03-08 14:50:00
1772981700000,617.66,617.66,617.66,617.66,0.115,2026-03-08 14:55:00
1772982000000,617.66,617.66,617.66,617.66,0.0,2026-03-08 15:00:00
1772982300000,617.66,617.66,617.66,617.66,0.0,2026-03-08 15:05:00
1772982600000,617.66,617.66,617.66,617.66,0.0,2026-03-08 15:10:00
1772982900000,617.32,617.32,617.32,617.32,0.022,2026-03-08 15:15:00
1772983200000,617.32,617.32,617.32,617.32,0.0,2026-03-08 15:20:00
1772983500000,617.32,617.32,617.32,617.32,0.0,2026-03-08 15:25:00
1772983800000,615.73,615.73,615.73,615.73,0.181,2026-03-08 15:30:00
1772984100000,615.73,615.73,615.73,615.73,0.0,2026-03-08 15:35:00
1772984400000,615.73,615.73,615.73,615.73,0.0,2026-03-08 15:40:00
1772984700000,615.73,615.73,615.73,615.73,0.0,2026-03-08 15:45:00
1772985000000,615.73,615.73,615.73,615.73,0.0,2026-03-08 15:50:00
1772985300000,615.85,615.85,615.85,615.85,0.007,2026-03-08 15:55:00
1772985600000,615.85,615.85,615.85,615.85,0.0,2026-03-08 16:00:00
1772985900000,616.47,616.5,616.47,616.5,0.18,2026-03-08 16:05:00
1772986200000,616.5,616.5,616.5,616.5,0.0,2026-03-08 16:10:00
1772986500000,615.52,615.52,615.52,615.52,0.005,2026-03-08 16:15:00
1772986800000,615.34,615.58,615.34,615.58,0.023,2026-03-08 16:20:00
1772987100000,615.58,615.58,615.58,615.58,0.0,2026-03-08 16:25:00
1772987400000,615.22,615.22,615.22,615.22,0.007,2026-03-08 16:30:00
1772987700000,615.22,615.22,615.22,615.22,0.0,2026-03-08 16:35:00
1772988000000,615.22,615.22,615.22,615.22,0.0,2026-03-08 16:40:00
1772988300000,613.12,613.12,612.8,612.8,0.153,2026-03-08 16:45:00
1772988600000,612.8,612.8,612.8,612.8,0.0,2026-03-08 16:50:00
1772988900000,612.8,612.8,612.8,612.8,0.0,2026-03-08 16:55:00
1772989200000,613.09,615.79,613.09,615.79,1.162,2026-03-08 17:00:00
1772989500000,614.79,614.83,614.78,614.83,0.102,2026-03-08 17:05:00
1772989800000,614.83,614.83,614.83,614.83,0.0,2026-03-08 17:10:00
1772990100000,614.83,614.83,614.83,614.83,0.0,2026-03-08 17:15:00
1772990400000,614.83,614.83,614.83,614.83,0.0,2026-03-08 17:20:00
1772990700000,614.83,614.83,614.83,614.83,0.0,2026-03-08 17:25:00
1772991000000,614.83,614.83,614.83,614.83,0.0,2026-03-08 17:30:00
1772991300000,614.83,614.83,614.83,614.83,0.0,2026-03-08 17:35:00
1772991600000,614.83,614.83,614.83,614.83,0.0,2026-03-08 17:40:00
1772991900000,614.83,614.83,614.83,614.83,0.0,2026-03-08 17:45:00
1772992200000,614.83,614.83,614.83,614.83,0.0,2026-03-08 17:50:00
1772992500000,614.83,614.83,614.83,614.83,0.0,2026-03-08 17:55:00
1772992800000,613.06,613.06,613.06,613.06,0.098,2026-03-08 18:00:00
1772993100000,613.46,613.48,613.32,613.32,0.538,2026-03-08 18:05:00
1772993400000,612.99,612.99,612.99,612.99,0.013,2026-03-08 18:10:00
1772993700000,612.99,612.99,612.99,612.99,0.0,2026-03-08 18:15:00
1772994000000,612.99,612.99,612.99,612.99,0.0,2026-03-08 18:20:00
1772994300000,612.99,612.99,612.99,612.99,0.0,2026-03-08 18:25:00
1772994600000,612.99,612.99,612.99,612.99,0.0,2026-03-08 18:30:00
1772994900000,612.99,612.99,612.99,612.99,0.0,2026-03-08 18:35:00
1772995200000,612.96,612.96,612.96,612.96,0.016,2026-03-08 18:40:00
1772995500000,612.96,612.96,612.96,612.96,0.0,2026-03-08 18:45:00
1772995800000,612.96,612.96,612.96,612.96,0.0,2026-03-08 18:50:00
1772996100000,613.94,613.94,613.94,613.94,0.016,2026-03-08 18:55:00
1772996400000,613.8,613.8,613.8,613.8,0.1,2026-03-08 19:00:00
1772996700000,614.64,615.42,614.64,615.42,0.048,2026-03-08 19:05:00
1772997000000,615.3,615.3,615.3,615.3,0.008,2026-03-08 19:10:00
1772997300000,615.3,615.3,615.3,615.3,0.0,2026-03-08 19:15:00
1772997600000,615.3,615.3,615.3,615.3,0.0,2026-03-08 19:20:00
1772997900000,615.3,615.3,615.3,615.3,0.0,2026-03-08 19:25:00
1772998200000,615.3,615.3,615.3,615.3,0.0,2026-03-08 19:30:00
1772998500000,618.94,618.94,618.94,618.94,0.001,2026-03-08 19:35:00
1772998800000,618.94,618.94,618.94,618.94,0.0,2026-03-08 19:40:00
1772999100000,619.17,619.17,619.17,619.17,0.008,2026-03-08 19:45:00
1772999400000,619.17,619.17,619.17,619.17,0.0,2026-03-08 19:50:00
1772999700000,618.56,618.56,618.56,618.56,0.008,2026-03-08 19:55:00
1773000000000,618.98,618.98,618.98,618.98,0.081,2026-03-08 20:00:00
1773000300000,618.98,618.98,618.98,618.98,0.0,2026-03-08 20:05:00
1773000600000,617.2,617.7,617.2,617.7,0.01,2026-03-08 20:10:00
1773000900000,617.7,617.7,617.7,617.7,0.0,2026-03-08 20:15:00
1773001200000,617.7,617.7,617.7,617.7,0.0,2026-03-08 20:20:00
1773001500000,617.7,617.7,617.7,617.7,0.0,2026-03-08 20:25:00
1773001800000,617.7,617.7,617.7,617.7,0.0,2026-03-08 20:30:00
1773002100000,624.28,624.28,624.28,624.28,0.1,2026-03-08 20:35:00
1773002400000,619.29,619.31,619.29,619.31,0.08,2026-03-08 20:40:00
1773002700000,619.2,619.2,619.2,619.2,0.005,2026-03-08 20:45:00
1773003000000,618.35,618.35,618.35,618.35,0.009,2026-03-08 20:50:00
1773003300000,617.92,617.96,617.92,617.96,0.082,2026-03-08 20:55:00
1773003600000,617.96,617.96,617.96,617.96,0.0,2026-03-08 21:00:00
1773003900000,617.96,617.96,617.96,617.96,0.0,2026-03-08 21:05:00
1773004200000,616.75,616.75,616.62,616.62,0.027,2026-03-08 21:10:00
1773004500000,616.58,616.58,616.58,616.58,0.008,2026-03-08 21:15:00
1773004800000,616.58,616.58,616.58,616.58,0.0,2026-03-08 21:20:00
1773005100000,616.58,616.58,616.58,616.58,0.0,2026-03-08 21:25:00
1773005400000,616.81,616.81,616.81,616.81,0.009,2026-03-08 21:30:00
1773005700000,616.81,616.81,616.81,616.81,0.0,2026-03-08 21:35:00
1773006000000,616.81,616.81,616.81,616.81,0.0,2026-03-08 21:40:00
1773006300000,617.17,617.38,617.17,617.38,0.045,2026-03-08 21:45:00
1773006600000,617.38,617.38,617.38,617.38,0.0,2026-03-08 21:50:00
1773006900000,617.38,617.38,617.38,617.38,0.0,2026-03-08 21:55:00
1773007200000,612.28,613.41,610.0,610.0,0.142,2026-03-08 22:00:00
1773007500000,610.0,610.0,610.0,610.0,0.0,2026-03-08 22:05:00
1773007800000,614.98,614.98,611.6,611.6,1.126,2026-03-08 22:10:00
1773008100000,611.6,611.6,611.6,611.6,0.0,2026-03-08 22:15:00
1773008400000,609.98,609.98,609.98,609.98,0.008,2026-03-08 22:20:00
1773008700000,611.46,611.46,611.46,611.46,0.01,2026-03-08 22:25:00
1773009000000,612.22,612.22,611.22,611.22,0.333,2026-03-08 22:30:00
1773009300000,611.22,611.22,611.22,611.22,0.0,2026-03-08 22:35:00
1773009600000,613.7,613.7,613.11,613.11,0.036,2026-03-08 22:40:00
1773009900000,613.11,613.11,613.11,613.11,0.0,2026-03-08 22:45:00
1773010200000,614.24,614.3,614.19,614.19,0.027,2026-03-08 22:50:00
1773010500000,614.69,614.69,614.69,614.69,0.162,2026-03-08 22:55:00
1773010800000,614.7,614.7,614.7,614.7,0.017,2026-03-08 23:00:00
1773011100000,614.7,614.7,614.7,614.7,0.0,2026-03-08 23:05:00
1773011400000,614.7,614.7,614.7,614.7,0.0,2026-03-08 23:10:00
1773011700000,614.48,614.51,614.48,614.51,0.016,2026-03-08 23:15:00
1773012000000,614.25,614.25,614.25,614.25,0.008,2026-03-08 23:20:00
1773012300000,614.25,614.25,614.25,614.25,0.0,2026-03-08 23:25:00
1773012600000,615.0,615.0,615.0,615.0,0.008,2026-03-08 23:30:00
1773012900000,615.0,615.0,615.0,615.0,0.0,2026-03-08 23:35:00
1773013200000,615.0,615.0,615.0,615.0,0.0,2026-03-08 23:40:00
1773013500000,615.0,615.0,615.0,615.0,0.0,2026-03-08 23:45:00
1773013800000,613.03,613.06,612.51,612.51,0.078,2026-03-08 23:50:00
1773014100000,611.47,611.47,611.47,611.47,0.019,2026-03-08 23:55:00
1773014400000,612.04,612.22,612.04,612.22,0.018,2026-03-09 00:00:00
1773014700000,614.46,614.46,614.46,614.46,0.006,2026-03-09 00:05:00
1773015000000,614.88,614.88,614.88,614.88,0.002,2026-03-09 00:10:00
1773015300000,614.91,615.21,614.1,614.48,0.014,2026-03-09 00:15:00
1773015600000,613.66,614.28,613.09,613.09,0.114,2026-03-09 00:20:00
1773015900000,611.07,614.22,610.65,614.22,0.066,2026-03-09 00:25:00
1773016200000,616.31,616.99,614.64,616.21,0.128,2026-03-09 00:30:00
1773016500000,617.12,617.12,617.12,617.12,0.006,2026-03-09 00:35:00
1773016800000,616.24,616.24,616.2,616.2,0.004,2026-03-09 00:40:00
1773017100000,616.99,616.99,616.99,616.99,0.007,2026-03-09 00:45:00
1773017400000,616.39,616.39,616.39,616.39,0.011,2026-03-09 00:50:00
1773017700000,616.39,616.39,616.39,616.39,0.0,2026-03-09 00:55:00
1773018000000,616.39,616.39,616.39,616.39,0.0,2026-03-09 01:00:00
1773018300000,616.39,616.39,616.39,616.39,0.0,2026-03-09 01:05:00
1773018600000,616.39,616.39,616.39,616.39,0.0,2026-03-09 01:10:00
1773018900000,616.01,616.01,616.01,616.01,0.081,2026-03-09 01:15:00
1773019200000,616.3,616.3,616.3,616.3,0.052,2026-03-09 01:20:00
1773019500000,616.3,616.3,616.3,616.3,0.0,2026-03-09 01:25:00
1773019800000,617.5,618.47,617.05,618.47,0.051,2026-03-09 01:30:00
1773020100000,618.26,618.26,618.26,618.26,0.484,2026-03-09 01:35:00
1773020400000,618.06,618.06,618.06,618.06,0.006,2026-03-09 01:40:00
1773020700000,618.06,618.06,618.06,618.06,0.0,2026-03-09 01:45:00
1773021000000,617.16,617.16,617.16,617.16,0.04,2026-03-09 01:50:00
1773021300000,617.16,617.16,617.16,617.16,0.0,2026-03-09 01:55:00
1773021600000,617.16,617.16,617.16,617.16,0.0,2026-03-09 02:00:00
1773021900000,617.16,617.16,617.16,617.16,0.0,2026-03-09 02:05:00
1773022200000,617.16,617.16,617.16,617.16,0.0,2026-03-09 02:10:00
1773022500000,617.16,617.16,617.16,617.16,0.0,2026-03-09 02:15:00
1773022800000,614.89,614.89,614.89,614.89,0.081,2026-03-09 02:20:00
1773023100000,615.5,615.54,615.5,615.54,0.211,2026-03-09 02:25:00
1773023400000,615.33,615.33,615.33,615.33,0.006,2026-03-09 02:30:00
1773023700000,616.43,616.84,616.43,616.84,0.1,2026-03-09 02:35:00
1773024000000,616.84,616.84,616.84,616.84,0.0,2026-03-09 02:40:00
1773024300000,616.84,616.84,616.84,616.84,0.0,2026-03-09 02:45:00
1773024600000,619.08,619.08,618.55,618.55,0.215,2026-03-09 02:50:00
1773024900000,618.55,618.55,618.55,618.55,0.0,2026-03-09 02:55:00
1773025200000,620.0,620.12,620.0,620.12,0.043,2026-03-09 03:00:00
1773025500000,621.98,622.15,621.51,621.51,0.019,2026-03-09 03:05:00
1773025800000,624.21,625.03,624.21,624.52,0.08,2026-03-09 03:10:00
1773026100000,625.26,627.65,625.26,627.65,2.052,2026-03-09 03:15:00
1773026400000,627.67,627.67,623.35,623.35,0.446,2026-03-09 03:20:00
1773026700000,623.49,623.49,623.49,623.49,0.008,2026-03-09 03:25:00
1773027000000,624.4,624.5,624.4,624.5,0.164,2026-03-09 03:30:00
1773027300000,623.42,623.42,622.91,622.91,0.026,2026-03-09 03:35:00
1773027600000,622.91,622.91,622.91,622.91,0.0,2026-03-09 03:40:00
1773027900000,622.85,622.85,622.85,622.85,0.029,2026-03-09 03:45:00
1773028200000,622.85,622.85,622.85,622.85,0.0,2026-03-09 03:50:00
1773028500000,622.84,622.84,622.84,622.84,0.009,2026-03-09 03:55:00
1773028800000,623.98,623.98,623.98,623.98,0.008,2026-03-09 04:00:00
1773029100000,623.84,623.84,623.84,623.84,0.005,2026-03-09 04:05:00
1773029400000,623.5,623.91,622.72,622.72,0.058,2026-03-09 04:10:00
1773029700000,623.12,623.29,623.12,623.29,0.011,2026-03-09 04:15:00
1773030000000,623.43,623.43,623.43,623.43,0.019,2026-03-09 04:20:00
1773030300000,623.43,623.43,623.43,623.43,0.0,2026-03-09 04:25:00
1773030600000,623.43,623.43,623.43,623.43,0.0,2026-03-09 04:30:00
1773030900000,623.43,623.43,623.43,623.43,0.0,2026-03-09 04:35:00
1773031200000,623.43,623.43,623.43,623.43,0.0,2026-03-09 04:40:00
1773031500000,624.64,624.64,624.64,624.64,0.004,2026-03-09 04:45:00
1773031800000,624.78,624.78,624.74,624.75,28.2,2026-03-09 04:50:00
1773032100000,624.75,624.75,624.75,624.75,0.0,2026-03-09 04:55:00
1773032400000,624.75,624.75,624.75,624.75,0.0,2026-03-09 05:00:00
1773032700000,623.48,623.48,623.48,623.48,0.008,2026-03-09 05:05:00
1773033000000,622.62,622.62,622.62,622.62,0.016,2026-03-09 05:10:00
1773033300000,622.62,622.62,622.62,622.62,0.0,2026-03-09 05:15:00
1773033600000,622.62,622.62,622.62,622.62,0.0,2026-03-09 05:20:00
1773033900000,622.62,622.62,622.62,622.62,0.0,2026-03-09 05:25:00
1773034200000,622.62,622.62,622.62,622.62,0.0,2026-03-09 05:30:00
1773034500000,624.93,624.93,622.23,622.23,0.017,2026-03-09 05:35:00
1773034800000,622.23,622.23,622.23,622.23,0.0,2026-03-09 05:40:00
1773035100000,628.29,629.27,628.29,629.27,0.179,2026-03-09 05:45:00
1773035400000,628.57,628.57,628.38,628.38,0.017,2026-03-09 05:50:00
1773035700000,628.38,628.38,628.38,628.38,0.0,2026-03-09 05:55:00
1773036000000,629.35,629.35,629.15,629.15,1.061,2026-03-09 06:00:00
1773036300000,629.21,629.21,629.21,629.21,0.025,2026-03-09 06:05:00
1773036600000,628.57,628.57,628.2,628.2,0.069,2026-03-09 06:10:00
1773036900000,628.34,628.34,628.34,628.34,0.043,2026-03-09 06:15:00
1773037200000,626.99,626.99,626.99,626.99,0.041,2026-03-09 06:20:00
1773037500000,626.99,626.99,626.99,626.99,0.0,2026-03-09 06:25:00
1773037800000,626.28,626.28,626.28,626.28,0.022,2026-03-09 06:30:00
1773038100000,626.28,626.28,626.28,626.28,0.0,2026-03-09 06:35:00
1773038400000,626.28,626.28,626.28,626.28,0.0,2026-03-09 06:40:00
1773038700000,626.28,626.28,626.28,626.28,0.0,2026-03-09 06:45:00
1773039000000,626.28,626.28,626.28,626.28,0.0,2026-03-09 06:50:00
1773039300000,624.08,624.08,624.08,624.08,0.001,2026-03-09 06:55:00
1773039600000,624.08,624.08,624.08,624.08,0.0,2026-03-09 07:00:00
1773039900000,622.08,622.08,622.08,622.08,0.077,2026-03-09 07:05:00
1773040200000,621.92,621.92,621.92,621.92,0.016,2026-03-09 07:10:00
1773040500000,621.06,621.06,620.17,620.17,0.115,2026-03-09 07:15:00
1773040800000,620.17,620.17,620.17,620.17,0.0,2026-03-09 07:20:00
1773041100000,620.98,620.98,620.98,620.98,0.088,2026-03-09 07:25:00
1773041400000,620.98,620.98,620.98,620.98,0.0,2026-03-09 07:30:00
1773041700000,621.3,622.55,621.3,622.55,0.092,2026-03-09 07:35:00
1773042000000,622.55,622.55,622.55,622.55,0.0,2026-03-09 07:40:00
1773042300000,622.55,622.55,622.55,622.55,0.0,2026-03-09 07:45:00
1773042600000,622.55,622.55,622.55,622.55,0.0,2026-03-09 07:50:00
1773042900000,622.14,622.14,622.14,622.14,0.097,2026-03-09 07:55:00
1773043200000,623.1,623.1,623.1,623.1,0.008,2026-03-09 08:00:00
1773043500000,623.1,623.1,623.1,623.1,0.0,2026-03-09 08:05:00
1773043800000,624.62,624.72,624.62,624.72,0.096,2026-03-09 08:10:00
1773044100000,624.72,624.72,624.72,624.72,0.0,2026-03-09 08:15:00
1773044400000,624.72,624.72,624.72,624.72,0.0,2026-03-09 08:20:00
1773044700000,624.72,624.72,624.72,624.72,0.0,2026-03-09 08:25:00
1773045000000,626.36,626.39,626.36,626.39,0.146,2026-03-09 08:30:00
1773045300000,626.39,626.39,626.39,626.39,0.0,2026-03-09 08:35:00
1773045600000,626.39,626.39,626.39,626.39,0.0,2026-03-09 08:40:00
1773045900000,625.67,625.67,625.67,625.67,0.08,2026-03-09 08:45:00
1773046200000,625.67,625.67,625.67,625.67,0.0,2026-03-09 08:50:00
1773046500000,625.67,625.67,625.67,625.67,0.0,2026-03-09 08:55:00
1773046800000,625.73,625.87,625.6,625.6,2.088,2026-03-09 09:00:00
1773047100000,625.06,625.06,624.91,624.91,2.018,2026-03-09 09:05:00
1773047400000,624.91,624.91,624.91,624.91,0.0,2026-03-09 09:10:00
1773047700000,627.07,627.07,627.0,627.0,0.337,2026-03-09 09:15:00
1773048000000,626.74,626.74,626.47,626.47,4.95,2026-03-09 09:20:00
1773048300000,626.47,626.47,626.47,626.47,0.0,2026-03-09 09:25:00
1773048600000,626.47,626.47,626.47,626.47,0.0,2026-03-09 09:30:00
1773048900000,630.0,630.0,630.0,630.0,0.038,2026-03-09 09:35:00
1773049200000,630.0,630.0,630.0,630.0,0.0,2026-03-09 09:40:00
1773049500000,630.0,630.0,630.0,630.0,0.0,2026-03-09 09:45:00
1773049800000,630.0,630.0,630.0,630.0,0.0,2026-03-09 09:50:00
1773050100000,630.0,630.0,630.0,630.0,0.0,2026-03-09 09:55:00
1773050400000,630.0,630.0,630.0,630.0,0.0,2026-03-09 10:00:00
1773050700000,630.0,630.0,630.0,630.0,0.0,2026-03-09 10:05:00
1773051000000,630.0,630.0,630.0,630.0,0.0,2026-03-09 10:10:00
1773051300000,630.0,630.0,630.0,630.0,0.0,2026-03-09 10:15:00
1773051600000,630.0,630.0,630.0,630.0,0.0,2026-03-09 10:20:00
1773051900000,627.72,627.72,627.6,627.6,10.0,2026-03-09 10:25:00
1773052200000,627.6,627.6,627.6,627.6,0.0,2026-03-09 10:30:00
1773052500000,627.6,627.6,627.6,627.6,0.0,2026-03-09 10:35:00
1773052800000,627.6,627.6,627.6,627.6,0.0,2026-03-09 10:40:00
1773053100000,627.6,627.6,627.6,627.6,0.0,2026-03-09 10:45:00
1773053400000,627.6,627.6,627.6,627.6,0.0,2026-03-09 10:50:00
1773053700000,626.88,626.88,626.88,626.88,0.006,2026-03-09 10:55:00
1773054000000,626.88,626.88,626.88,626.88,0.0,2026-03-09 11:00:00
1773054300000,626.88,626.88,626.88,626.88,0.0,2026-03-09 11:05:00
1773054600000,626.88,626.88,626.88,626.88,0.0,2026-03-09 11:10:00
1773054900000,626.88,626.88,626.88,626.88,0.0,2026-03-09 11:15:00
1773055200000,625.57,625.57,625.57,625.57,0.08,2026-03-09 11:20:00
1773055500000,625.57,625.57,625.57,625.57,0.0,2026-03-09 11:25:00
1773055800000,625.57,625.57,625.57,625.57,0.0,2026-03-09 11:30:00
1773056100000,625.57,625.57,625.57,625.57,0.0,2026-03-09 11:35:00
1773056400000,625.57,625.57,625.57,625.57,0.0,2026-03-09 11:40:00
1773056700000,625.57,625.57,625.57,625.57,0.0,2026-03-09 11:45:00
1773057000000,627.8,627.8,627.8,627.8,0.017,2026-03-09 11:50:00
1773057300000,628.11,628.11,627.49,627.49,0.012,2026-03-09 11:55:00
1773057600000,627.49,627.49,627.49,627.49,0.0,2026-03-09 12:00:00
1773057900000,628.38,628.38,628.38,628.38,0.003,2026-03-09 12:05:00
1773058200000,628.38,628.38,628.38,628.38,0.0,2026-03-09 12:10:00
1773058500000,628.38,628.38,628.38,628.38,0.0,2026-03-09 12:15:00
1773058800000,629.72,629.72,629.72,629.72,0.171,2026-03-09 12:20:00
1773059100000,629.72,629.72,629.72,629.72,0.0,2026-03-09 12:25:00
1773059400000,629.72,629.72,629.72,629.72,0.0,2026-03-09 12:30:00
1773059700000,631.41,632.48,631.41,631.92,0.143,2026-03-09 12:35:00
1773060000000,632.1,632.1,632.1,632.1,0.2,2026-03-09 12:40:00
1773060300000,632.1,632.1,632.1,632.1,0.0,2026-03-09 12:45:00
1773060600000,631.05,631.05,631.05,631.05,0.006,2026-03-09 12:50:00
1773060900000,631.05,631.05,631.05,631.05,0.0,2026-03-09 12:55:00
1773061200000,632.25,632.25,632.25,632.25,0.016,2026-03-09 13:00:00
1773061500000,632.25,632.25,632.25,632.25,0.0,2026-03-09 13:05:00
1773061800000,633.88,633.88,633.88,633.88,0.054,2026-03-09 13:10:00
1773062100000,633.88,633.88,633.88,633.88,0.0,2026-03-09 13:15:00
1773062400000,631.81,631.81,631.81,631.81,0.67,2026-03-09 13:20:00
1773062700000,634.04,634.04,634.04,634.04,0.009,2026-03-09 13:25:00
1773063000000,635.43,635.43,635.18,635.18,0.166,2026-03-09 13:30:00
1773063300000,634.89,634.99,634.89,634.99,0.031,2026-03-09 13:35:00
1773063600000,636.45,636.45,636.45,636.45,0.073,2026-03-09 13:40:00
1773063900000,636.45,636.45,636.45,636.45,0.0,2026-03-09 13:45:00
1773064200000,636.45,636.45,636.45,636.45,0.0,2026-03-09 13:50:00
1773064500000,636.45,636.45,636.45,636.45,0.0,2026-03-09 13:55:00
1773064800000,636.45,636.45,636.45,636.45,0.0,2026-03-09 14:00:00
1773065100000,635.83,635.83,635.83,635.83,0.171,2026-03-09 14:05:00
1773065400000,638.48,638.48,634.06,634.06,0.032,2026-03-09 14:10:00
1773065700000,634.06,634.06,634.06,634.06,0.0,2026-03-09 14:15:00
1773066000000,637.64,637.64,636.49,636.49,0.259,2026-03-09 14:20:00
1773066300000,636.49,636.49,636.49,636.49,0.008,2026-03-09 14:25:00
1773066600000,636.49,636.49,636.49,636.49,0.0,2026-03-09 14:30:00
1773066900000,636.49,636.49,636.49,636.49,0.0,2026-03-09 14:35:00
1773067200000,636.49,636.49,636.49,636.49,0.0,2026-03-09 14:40:00
1773067500000,636.49,636.49,636.49,636.49,0.0,2026-03-09 14:45:00
1773067800000,637.89,637.89,637.89,637.89,0.008,2026-03-09 14:50:00
1773068100000,637.89,637.89,637.89,637.89,0.0,2026-03-09 14:55:00
1773068400000,636.42,636.42,636.42,636.42,0.011,2026-03-09 15:00:00
1773068700000,635.76,636.2,635.73,636.2,0.095,2026-03-09 15:05:00
1773069000000,636.29,636.29,636.29,636.29,0.032,2026-03-09 15:10:00
1773069300000,636.87,636.87,636.87,636.87,0.812,2026-03-09 15:15:00
1773069600000,636.87,636.87,636.87,636.87,0.0,2026-03-09 15:20:00
1773069900000,636.87,636.87,636.87,636.87,0.0,2026-03-09 15:25:00
1773070200000,637.31,637.31,637.11,637.11,0.049,2026-03-09 15:30:00
1773070500000,637.11,637.11,637.11,637.11,0.0,2026-03-09 15:35:00
1773070800000,636.1,636.1,635.79,635.79,0.844,2026-03-09 15:40:00
1773071100000,635.79,635.79,635.79,635.79,0.0,2026-03-09 15:45:00
1773071400000,637.91,637.91,637.91,637.91,0.005,2026-03-09 15:50:00
1773071700000,638.51,640.0,638.51,639.58,0.342,2026-03-09 15:55:00
1773072000000,638.57,638.57,638.57,638.57,0.073,2026-03-09 16:00:00
1773072300000,638.57,638.57,638.57,638.57,0.0,2026-03-09 16:05:00
1773072600000,638.57,638.57,638.57,638.57,0.0,2026-03-09 16:10:00
1773072900000,638.76,638.76,638.76,638.76,0.005,2026-03-09 16:15:00
1773073200000,638.76,638.76,638.76,638.76,0.0,2026-03-09 16:20:00
1773073500000,638.76,638.76,638.76,638.76,0.0,2026-03-09 16:25:00
1773073800000,638.76,638.76,638.76,638.76,0.0,2026-03-09 16:30:00
1773074100000,638.76,638.76,638.76,638.76,0.0,2026-03-09 16:35:00
1773074400000,640.67,640.76,640.66,640.66,0.199,2026-03-09 16:40:00
1773074700000,640.66,640.66,640.66,640.66,0.0,2026-03-09 16:45:00
1773075000000,640.59,640.59,640.59,640.59,0.009,2026-03-09 16:50:00
1773075300000,640.59,640.59,640.59,640.59,0.0,2026-03-09 16:55:00
1773075600000,640.59,640.59,640.59,640.59,0.0,2026-03-09 17:00:00
1773075900000,640.59,640.59,640.59,640.59,0.0,2026-03-09 17:05:00
1773076200000,639.98,639.98,639.98,639.98,0.31,2026-03-09 17:10:00
1773076500000,639.98,639.98,639.98,639.98,0.0,2026-03-09 17:15:00
1773076800000,639.98,639.98,639.98,639.98,0.0,2026-03-09 17:20:00
1773077100000,639.98,639.98,639.98,639.98,0.0,2026-03-09 17:25:00
1773077400000,639.98,639.98,639.98,639.98,0.0,2026-03-09 17:30:00
1773077700000,639.98,639.98,639.98,639.98,0.0,2026-03-09 17:35:00
1773078000000,639.98,639.98,639.98,639.98,0.0,2026-03-09 17:40:00
1773078300000,635.4,636.33,635.4,635.78,0.465,2026-03-09 17:45:00
1773078600000,635.78,635.78,635.78,635.78,0.0,2026-03-09 17:50:00
1773078900000,635.78,635.78,635.78,635.78,0.0,2026-03-09 17:55:00
1773079200000,635.78,635.78,635.78,635.78,0.0,2026-03-09 18:00:00
1773079500000,636.2,636.2,636.2,636.2,0.002,2026-03-09 18:05:00
1773079800000,635.67,636.59,635.67,636.59,0.522,2026-03-09 18:10:00
1773080100000,636.59,636.59,636.59,636.59,0.0,2026-03-09 18:15:00
1773080400000,638.64,638.64,638.64,638.64,0.508,2026-03-09 18:20:00
1773080700000,638.64,638.64,638.64,638.64,0.0,2026-03-09 18:25:00
1773081000000,638.64,638.64,638.64,638.64,0.0,2026-03-09 18:30:00
1773081300000,638.64,638.64,638.64,638.64,0.0,2026-03-09 18:35:00
1773081600000,638.64,638.64,638.64,638.64,0.0,2026-03-09 18:40:00
1773081900000,638.64,638.64,638.64,638.64,0.0,2026-03-09 18:45:00
1773082200000,638.64,638.64,638.64,638.64,0.0,2026-03-09 18:50:00
1773082500000,638.64,638.64,638.64,638.64,0.0,2026-03-09 18:55:00
1773082800000,635.17,635.17,635.17,635.17,0.039,2026-03-09 19:00:00
1773083100000,635.17,635.17,635.17,635.17,0.0,2026-03-09 19:05:00
1773083400000,634.95,634.95,634.84,634.84,0.016,2026-03-09 19:10:00
1773083700000,634.84,634.84,634.84,634.84,0.0,2026-03-09 19:15:00
1773084000000,634.84,634.84,634.84,634.84,0.0,2026-03-09 19:20:00
1773084300000,639.93,641.85,639.93,641.85,0.675,2026-03-09 19:25:00
1773084600000,641.74,642.28,639.92,639.92,0.213,2026-03-09 19:30:00
1773084900000,639.92,639.92,639.92,639.92,0.0,2026-03-09 19:35:00
1773085200000,637.51,637.51,637.4,637.4,1.289,2026-03-09 19:40:00
1773085500000,637.4,637.4,637.4,637.4,0.0,2026-03-09 19:45:00
1773085800000,637.4,637.4,637.4,637.4,0.0,2026-03-09 19:50:00
1773086100000,637.4,637.4,637.4,637.4,0.0,2026-03-09 19:55:00
1773086400000,637.4,637.4,637.4,637.4,0.0,2026-03-09 20:00:00
1773086700000,637.4,637.4,637.4,637.4,0.0,2026-03-09 20:05:00
1773087000000,637.4,637.4,637.4,637.4,0.0,2026-03-09 20:10:00
1773087300000,637.4,637.4,637.4,637.4,0.0,2026-03-09 20:15:00
1773087600000,637.4,637.4,637.4,637.4,0.0,2026-03-09 20:20:00
1773087900000,637.4,637.4,637.4,637.4,0.0,2026-03-09 20:25:00
1773088200000,637.62,637.62,637.62,637.62,0.201,2026-03-09 20:30:00
1773088500000,637.62,637.62,637.62,637.62,0.0,2026-03-09 20:35:00
1773088800000,637.62,637.62,637.62,637.62,0.0,2026-03-09 20:40:00
1773089100000,637.62,637.62,637.62,637.62,0.0,2026-03-09 20:45:00
1773089400000,637.62,637.62,637.62,637.62,0.0,2026-03-09 20:50:00
1773089700000,638.16,638.16,638.0,638.0,0.262,2026-03-09 20:55:00
1773090000000,638.0,638.0,638.0,638.0,0.0,2026-03-09 21:00:00
1773090300000,639.02,639.69,639.02,639.69,0.084,2026-03-09 21:05:00
1773090600000,639.73,640.02,639.73,640.02,0.169,2026-03-09 21:10:00
1773090900000,640.02,640.02,640.02,640.02,0.0,2026-03-09 21:15:00
1773091200000,638.71,638.71,638.71,638.71,0.166,2026-03-09 21:20:00
1773091500000,638.66,638.66,638.66,638.66,1.796,2026-03-09 21:25:00
1773091800000,638.66,638.66,638.66,638.66,0.0,2026-03-09 21:30:00
1773092100000,639.77,639.77,639.39,639.39,0.03,2026-03-09 21:35:00
1773092400000,639.39,639.39,639.39,639.39,0.0,2026-03-09 21:40:00
1773092700000,639.39,639.39,639.39,639.39,0.0,2026-03-09 21:45:00
1773093000000,640.06,640.06,640.06,640.06,0.037,2026-03-09 21:50:00
1773093300000,640.06,640.06,640.06,640.06,0.0,2026-03-09 21:55:00
1773093600000,640.0,640.0,640.0,640.0,0.003,2026-03-09 22:00:00
1773093900000,639.45,639.46,638.99,638.99,0.026,2026-03-09 22:05:00
1773094200000,638.99,638.99,638.99,638.99,0.0,2026-03-09 22:10:00
1773094500000,638.99,638.99,638.99,638.99,0.0,2026-03-09 22:15:00
1773094800000,639.1,639.1,639.1,639.1,0.018,2026-03-09 22:20:00
1773095100000,639.14,639.21,639.13,639.21,1.437,2026-03-09 22:25:00
1773095400000,639.21,639.21,639.21,639.21,0.0,2026-03-09 22:30:00
1773095700000,639.21,639.21,639.21,639.21,0.0,2026-03-09 22:35:00
1773096000000,639.21,639.21,639.21,639.21,0.0,2026-03-09 22:40:00
1773096300000,637.82,637.82,637.82,637.82,0.022,2026-03-09 22:45:00
1773096600000,637.82,637.82,637.82,637.82,0.0,2026-03-09 22:50:00
1773096900000,637.82,637.82,637.82,637.82,0.0,2026-03-09 22:55:00
1773097200000,636.9,636.9,636.9,636.9,0.005,2026-03-09 23:00:00
1773097500000,636.9,636.9,636.9,636.9,0.0,2026-03-09 23:05:00
1773097800000,636.9,636.9,636.9,636.9,0.0,2026-03-09 23:10:00
1773098100000,636.61,636.86,636.24,636.24,0.352,2026-03-09 23:15:00
1773098400000,636.24,636.24,636.24,636.24,0.0,2026-03-09 23:20:00
1773098700000,636.24,636.24,636.24,636.24,0.0,2026-03-09 23:25:00
1773099000000,636.24,636.24,636.24,636.24,0.0,2026-03-09 23:30:00
1773099300000,635.37,635.37,635.37,635.37,0.079,2026-03-09 23:35:00
1773099600000,635.37,635.37,635.37,635.37,0.0,2026-03-09 23:40:00
1773099900000,635.37,635.37,635.37,635.37,0.0,2026-03-09 23:45:00
1773100200000,635.37,635.37,635.37,635.37,0.0,2026-03-09 23:50:00
1773100500000,635.37,635.37,635.37,635.37,0.0,2026-03-09 23:55:00
1773100800000,635.37,635.37,635.37,635.37,0.0,2026-03-10 00:00:00
1773101100000,635.33,635.37,635.33,635.37,2.0,2026-03-10 00:05:00
1773101400000,635.37,635.37,635.37,635.37,0.0,2026-03-10 00:10:00
1773101700000,635.55,637.16,635.55,637.16,0.504,2026-03-10 00:15:00
1773102000000,637.0,637.29,636.82,637.18,0.04,2026-03-10 00:20:00
1773102300000,637.59,638.91,637.03,638.64,0.052,2026-03-10 00:25:00
1773102600000,638.59,638.93,638.12,638.51,0.29,2026-03-10 00:30:00
1773102900000,638.88,639.51,638.88,639.27,0.478,2026-03-10 00:35:00
1773103200000,639.27,639.27,639.27,639.27,0.0,2026-03-10 00:40:00
1773103500000,640.06,640.17,640.06,640.17,0.102,2026-03-10 00:45:00
1773103800000,639.23,639.23,639.23,639.23,0.019,2026-03-10 00:50:00
1773104100000,639.23,639.23,639.23,639.23,0.0,2026-03-10 00:55:00
1773104400000,639.07,639.3,639.07,639.3,0.013,2026-03-10 01:00:00
1773104700000,639.3,639.3,639.3,639.3,0.0,2026-03-10 01:05:00
1773105000000,639.3,639.3,639.3,639.3,0.0,2026-03-10 01:10:00
1773105300000,639.3,639.3,639.3,639.3,0.0,2026-03-10 01:15:00
1773105600000,639.3,639.3,639.3,639.3,0.0,2026-03-10 01:20:00
1773105900000,639.3,639.3,639.3,639.3,0.0,2026-03-10 01:25:00
1773106200000,639.3,639.3,639.3,639.3,0.0,2026-03-10 01:30:00
1773106500000,636.86,636.86,636.86,636.86,0.003,2026-03-10 01:35:00
1773106800000,636.86,636.86,636.86,636.86,0.0,2026-03-10 01:40:00
1773107100000,636.86,636.86,636.86,636.86,0.0,2026-03-10 01:45:00
1773107400000,636.86,636.86,636.86,636.86,0.0,2026-03-10 01:50:00
1773107700000,636.86,636.86,636.86,636.86,0.0,2026-03-10 01:55:00
1773108000000,636.86,636.86,636.86,636.86,0.0,2026-03-10 02:00:00
1773108300000,638.07,638.13,638.07,638.13,0.031,2026-03-10 02:05:00
1773108600000,638.13,638.13,638.13,638.13,0.0,2026-03-10 02:10:00
1773108900000,638.13,638.13,638.13,638.13,0.0,2026-03-10 02:15:00
1773109200000,638.13,638.13,638.13,638.13,0.0,2026-03-10 02:20:00
1773109500000,638.69,638.69,638.69,638.69,4.947,2026-03-10 02:25:00
1773109800000,638.69,638.69,638.69,638.69,0.0,2026-03-10 02:30:00
1773110100000,643.69,643.69,643.69,643.69,0.054,2026-03-10 02:35:00
1773110400000,643.96,643.96,643.62,643.62,0.1,2026-03-10 02:40:00
1773110700000,643.62,643.62,643.62,643.62,0.0,2026-03-10 02:45:00
1773111000000,645.2,645.2,643.97,644.07,0.012,2026-03-10 02:50:00
1773111300000,643.55,643.55,643.5,643.5,0.258,2026-03-10 02:55:00
1773111600000,645.09,645.09,644.51,644.51,0.105,2026-03-10 03:00:00
1773111900000,644.51,644.51,644.51,644.51,0.0,2026-03-10 03:05:00
1773112200000,644.81,644.82,644.2,644.72,0.095,2026-03-10 03:10:00
1773112500000,644.72,644.72,644.72,644.72,0.0,2026-03-10 03:15:00
1773112800000,644.72,644.72,644.72,644.72,0.0,2026-03-10 03:20:00
1773113100000,644.72,644.72,644.72,644.72,0.0,2026-03-10 03:25:00
1773113400000,644.72,644.72,644.72,644.72,0.0,2026-03-10 03:30:00
1773113700000,644.72,644.72,644.72,644.72,0.0,2026-03-10 03:35:00
1773114000000,643.67,643.67,643.67,643.67,0.002,2026-03-10 03:40:00
1773114300000,643.67,643.67,643.67,643.67,0.0,2026-03-10 03:45:00
1773114600000,640.1,640.15,640.1,640.15,0.039,2026-03-10 03:50:00
1773114900000,640.15,640.15,640.15,640.15,0.0,2026-03-10 03:55:00
1773115200000,640.0,640.0,640.0,640.0,0.055,2026-03-10 04:00:00
1773115500000,640.0,640.0,640.0,640.0,0.0,2026-03-10 04:05:00
1773115800000,640.25,640.25,640.25,640.25,0.008,2026-03-10 04:10:00
1773116100000,640.25,640.25,640.25,640.25,0.0,2026-03-10 04:15:00
1773116400000,640.25,640.25,640.25,640.25,0.0,2026-03-10 04:20:00
1773116700000,640.25,640.25,640.25,640.25,0.0,2026-03-10 04:25:00
1773117000000,640.25,640.25,640.25,640.25,0.0,2026-03-10 04:30:00
1773117300000,640.25,640.25,640.25,640.25,0.0,2026-03-10 04:35:00
1773117600000,640.25,640.25,640.25,640.25,0.0,2026-03-10 04:40:00
1773117900000,640.25,640.25,640.25,640.25,0.0,2026-03-10 04:45:00
1773118200000,640.25,640.25,640.25,640.25,0.0,2026-03-10 04:50:00
1773118500000,640.25,640.25,640.25,640.25,0.0,2026-03-10 04:55:00
1773118800000,640.25,640.25,640.25,640.25,0.0,2026-03-10 05:00:00
1773119100000,645.3,645.3,644.86,644.86,0.023,2026-03-10 05:05:00
1773119400000,644.86,644.86,644.86,644.86,0.0,2026-03-10 05:10:00
1773119700000,645.52,645.89,645.52,645.89,0.307,2026-03-10 05:15:00
1773120000000,645.43,645.43,645.43,645.43,1.391,2026-03-10 05:20:00
1773120300000,645.43,645.43,645.43,645.43,0.0,2026-03-10 05:25:00
1773120600000,645.43,645.43,645.43,645.43,0.0,2026-03-10 05:30:00
1773120900000,645.43,645.43,645.43,645.43,0.0,2026-03-10 05:35:00
1773121200000,645.25,645.25,644.68,644.68,0.023,2026-03-10 05:40:00
1773121500000,644.68,644.68,644.68,644.68,0.0,2026-03-10 05:45:00
1773121800000,644.68,644.68,644.68,644.68,0.0,2026-03-10 05:50:00
1773122100000,644.68,644.68,644.68,644.68,0.0,2026-03-10 05:55:00
1773122400000,643.66,643.66,643.66,643.66,0.03,2026-03-10 06:00:00
1773122700000,643.66,643.66,643.66,643.66,0.0,2026-03-10 06:05:00
1773123000000,643.58,643.59,643.05,643.05,0.438,2026-03-10 06:10:00
1773123300000,643.05,643.05,643.05,643.05,0.0,2026-03-10 06:15:00
1773123600000,642.58,642.58,642.58,642.58,0.396,2026-03-10 06:20:00
1773123900000,642.58,642.58,642.58,642.58,0.0,2026-03-10 06:25:00
1773124200000,642.58,642.58,642.58,642.58,0.0,2026-03-10 06:30:00
1773124500000,644.3,644.3,644.3,644.3,4.021,2026-03-10 06:35:00
1773124800000,644.7,644.7,644.7,644.7,0.769,2026-03-10 06:40:00
1773125100000,644.7,644.7,644.7,644.7,0.0,2026-03-10 06:45:00
1773125400000,644.7,644.7,644.7,644.7,0.0,2026-03-10 06:50:00
1773125700000,644.7,644.7,644.7,644.7,0.0,2026-03-10 06:55:00
1773126000000,644.0,644.0,644.0,644.0,0.003,2026-03-10 07:00:00
1773126300000,644.0,644.0,644.0,644.0,0.0,2026-03-10 07:05:00
1773126600000,644.66,645.26,644.66,645.26,0.109,2026-03-10 07:10:00
1773126900000,645.26,645.26,645.26,645.26,0.0,2026-03-10 07:15:00
1773127200000,645.26,645.26,645.26,645.26,0.0,2026-03-10 07:20:00
1773127500000,645.26,645.26,645.26,645.26,0.0,2026-03-10 07:25:00
1773127800000,645.26,645.26,645.26,645.26,0.0,2026-03-10 07:30:00
1773128100000,645.26,645.26,645.26,645.26,0.051,2026-03-10 07:35:00
1773128400000,645.26,645.26,645.26,645.26,0.0,2026-03-10 07:40:00
1773128700000,645.26,645.26,645.26,645.26,0.0,2026-03-10 07:45:00
1773129000000,645.16,645.28,645.16,645.28,0.018,2026-03-10 07:50:00
1773129300000,645.28,645.28,645.28,645.28,0.0,2026-03-10 07:55:00
1773129600000,645.28,645.28,645.28,645.28,0.0,2026-03-10 08:00:00
1773129900000,646.24,646.36,646.24,646.36,0.477,2026-03-10 08:05:00
1773130200000,646.87,646.87,645.77,645.77,0.209,2026-03-10 08:10:00
1773130500000,646.29,646.29,646.29,646.29,0.002,2026-03-10 08:15:00
1773130800000,646.29,646.29,646.29,646.29,0.0,2026-03-10 08:20:00
1773131100000,647.36,647.36,647.36,647.36,0.001,2026-03-10 08:25:00
1773131400000,647.36,647.36,647.36,647.36,0.0,2026-03-10 08:30:00
1773131700000,648.06,648.29,648.06,648.29,106.273,2026-03-10 08:35:00
1773132000000,648.29,648.29,648.29,648.29,0.0,2026-03-10 08:40:00
1773132300000,648.29,648.29,648.29,648.29,0.0,2026-03-10 08:45:00
1773132600000,648.29,648.29,648.29,648.29,0.0,2026-03-10 08:50:00
1773132900000,646.32,646.32,645.79,645.79,0.388,2026-03-10 08:55:00
1773133200000,645.79,645.79,645.79,645.79,0.0,2026-03-10 09:00:00
1773133500000,645.79,645.79,645.79,645.79,0.0,2026-03-10 09:05:00
1773133800000,645.79,645.79,645.79,645.79,0.0,2026-03-10 09:10:00
1773134100000,645.79,645.79,645.79,645.79,0.0,2026-03-10 09:15:00
1773134400000,645.02,645.02,644.6,644.6,1.902,2026-03-10 09:20:00
1773134700000,646.78,646.78,646.78,646.78,0.008,2026-03-10 09:25:00
1773135000000,646.78,646.78,646.78,646.78,0.0,2026-03-10 09:30:00
1773135300000,646.78,646.78,646.78,646.78,0.0,2026-03-10 09:35:00
1773135600000,646.78,646.78,646.78,646.78,0.0,2026-03-10 09:40:00
1773135900000,646.78,646.78,646.78,646.78,0.0,2026-03-10 09:45:00
1773136200000,646.78,646.78,646.78,646.78,0.0,2026-03-10 09:50:00
1773136500000,646.78,646.78,646.78,646.78,0.0,2026-03-10 09:55:00
1773136800000,646.78,646.78,646.78,646.78,0.0,2026-03-10 10:00:00
1773137100000,646.78,646.78,646.78,646.78,0.0,2026-03-10 10:05:00
1773137400000,645.87,645.87,645.79,645.79,0.138,2026-03-10 10:10:00
1773137700000,645.79,645.79,645.79,645.79,0.0,2026-03-10 10:15:00
1773138000000,645.79,645.79,645.79,645.79,2.798,2026-03-10 10:20:00
1773138300000,645.79,645.79,645.79,645.79,0.0,2026-03-10 10:25:00
1773138600000,645.79,645.79,645.79,645.79,0.0,2026-03-10 10:30:00
1773138900000,645.79,645.79,645.79,645.79,0.0,2026-03-10 10:35:00
1773139200000,645.79,645.79,645.79,645.79,0.0,2026-03-10 10:40:00
1773139500000,645.79,645.79,645.79,645.79,0.0,2026-03-10 10:45:00
1773139800000,645.79,645.79,645.79,645.79,0.0,2026-03-10 10:50:00
1773140100000,645.79,645.79,645.79,645.79,0.0,2026-03-10 10:55:00
1773140400000,645.79,645.79,645.79,645.79,0.0,2026-03-10 11:00:00
1773140700000,647.33,647.33,647.33,647.33,0.031,2026-03-10 11:05:00
1773141000000,647.21,647.21,647.21,647.21,0.008,2026-03-10 11:10:00
1773141300000,647.21,647.21,647.21,647.21,0.0,2026-03-10 11:15:00
1773141600000,647.21,647.21,647.21,647.21,0.0,2026-03-10 11:20:00
1773141900000,647.21,647.21,647.21,647.21,0.0,2026-03-10 11:25:00
1773142200000,645.75,645.75,645.75,645.75,0.134,2026-03-10 11:30:00
1773142500000,645.75,645.75,645.75,645.75,0.0,2026-03-10 11:35:00
1773142800000,645.75,645.75,645.75,645.75,0.0,2026-03-10 11:40:00
1773143100000,645.75,645.75,645.75,645.75,0.0,2026-03-10 11:45:00
1773143400000,645.75,645.75,645.75,645.75,0.0,2026-03-10 11:50:00
1773143700000,645.75,645.75,645.75,645.75,0.0,2026-03-10 11:55:00
1773144000000,645.9,646.04,645.9,646.04,0.149,2026-03-10 12:00:00
1773144300000,646.04,646.04,646.04,646.04,0.0,2026-03-10 12:05:00
1773144600000,646.04,646.04,646.04,646.04,0.0,2026-03-10 12:10:00
1773144900000,646.08,646.86,646.08,646.86,0.059,2026-03-10 12:15:00
1773145200000,646.86,646.86,646.86,646.86,0.0,2026-03-10 12:20:00
1773145500000,646.86,646.86,646.86,646.86,0.0,2026-03-10 12:25:00
1773145800000,646.86,646.86,646.86,646.86,0.0,2026-03-10 12:30:00
1773146100000,646.86,646.86,646.86,646.86,0.0,2026-03-10 12:35:00
1773146400000,645.55,645.55,645.55,645.55,0.078,2026-03-10 12:40:00
1773146700000,645.55,645.55,645.55,645.55,0.0,2026-03-10 12:45:00
1773147000000,645.55,645.55,645.55,645.55,0.0,2026-03-10 12:50:00
1773147300000,646.62,646.62,646.62,646.62,0.007,2026-03-10 12:55:00
1773147600000,646.58,646.58,646.58,646.58,0.024,2026-03-10 13:00:00
1773147900000,646.55,646.55,646.55,646.55,0.015,2026-03-10 13:05:00
1773148200000,646.55,646.55,646.55,646.55,0.0,2026-03-10 13:10:00
1773148500000,646.55,646.55,646.55,646.55,0.0,2026-03-10 13:15:00
1773148800000,646.55,646.55,646.55,646.55,0.0,2026-03-10 13:20:00
1773149100000,646.55,646.55,646.55,646.55,0.0,2026-03-10 13:25:00
1773149400000,646.38,646.38,644.27,644.27,0.008,2026-03-10 13:30:00
1773149700000,643.6,643.6,642.95,642.95,0.034,2026-03-10 13:35:00
1773150000000,642.95,642.95,642.95,642.95,0.0,2026-03-10 13:40:00
1773150300000,642.9,642.9,642.9,642.9,0.006,2026-03-10 13:45:00
1773150600000,643.91,643.91,643.91,643.91,0.044,2026-03-10 13:50:00
1773150900000,643.91,643.91,643.91,643.91,0.0,2026-03-10 13:55:00
1773151200000,641.07,642.57,641.07,642.57,0.101,2026-03-10 14:00:00
1773151500000,640.41,641.7,640.41,641.7,0.039,2026-03-10 14:05:00
1773151800000,640.02,640.02,639.73,639.73,0.011,2026-03-10 14:10:00
1773152100000,639.04,640.4,639.04,640.4,0.023,2026-03-10 14:15:00
1773152400000,640.4,640.4,640.4,640.4,0.0,2026-03-10 14:20:00
1773152700000,640.4,640.4,640.4,640.4,0.0,2026-03-10 14:25:00
1773153000000,640.4,640.4,640.4,640.4,0.0,2026-03-10 14:30:00
1773153300000,640.4,640.4,640.4,640.4,0.0,2026-03-10 14:35:00
1773153600000,640.4,640.4,640.4,640.4,0.0,2026-03-10 14:40:00
1773153900000,640.4,640.4,640.4,640.4,0.0,2026-03-10 14:45:00
1773154200000,648.64,648.64,648.64,648.64,217.536,2026-03-10 14:50:00
1773154500000,648.64,652.79,648.64,652.79,34.653,2026-03-10 14:55:00
1773154800000,652.1,652.1,645.91,650.91,0.576,2026-03-10 15:00:00
1773155100000,649.03,649.03,649.03,649.03,0.001,2026-03-10 15:05:00
1773155400000,648.93,648.93,647.53,647.53,0.028,2026-03-10 15:10:00
1773155700000,645.85,645.85,645.85,645.85,0.005,2026-03-10 15:15:00
1773156000000,645.85,645.85,645.85,645.85,0.0,2026-03-10 15:20:00
1773156300000,645.85,645.85,645.85,645.85,0.0,2026-03-10 15:25:00
1773156600000,645.85,645.85,645.85,645.85,0.0,2026-03-10 15:30:00
1773156900000,645.85,645.85,645.85,645.85,0.0,2026-03-10 15:35:00
1773157200000,645.85,645.85,645.85,645.85,0.0,2026-03-10 15:40:00
1773157500000,645.85,645.85,645.85,645.85,0.0,2026-03-10 15:45:00
1773157800000,645.85,645.85,645.85,645.85,0.0,2026-03-10 15:50:00
1773158100000,645.85,645.85,645.85,645.85,0.0,2026-03-10 15:55:00
1773158400000,650.15,650.15,650.15,650.15,0.011,2026-03-10 16:00:00
1773158700000,648.97,649.05,648.97,649.05,0.018,2026-03-10 16:05:00
1773159000000,650.36,650.36,650.36,650.36,0.1,2026-03-10 16:10:00
1773159300000,649.38,650.43,649.38,650.43,0.008,2026-03-10 16:15:00
1773159600000,650.43,650.43,650.43,650.43,0.0,2026-03-10 16:20:00
1773159900000,650.43,650.43,650.43,650.43,0.0,2026-03-10 16:25:00
1773160200000,650.5,650.5,650.5,650.5,0.003,2026-03-10 16:30:00
1773160500000,650.79,650.79,650.47,650.77,0.019,2026-03-10 16:35:00
1773160800000,650.6,650.6,650.6,650.6,0.077,2026-03-10 16:40:00
1773161100000,650.21,650.21,649.56,649.71,0.106,2026-03-10 16:45:00
1773161400000,650.28,650.38,650.27,650.27,0.178,2026-03-10 16:50:00
1773161700000,649.38,649.47,649.38,649.47,1.616,2026-03-10 16:55:00
1773162000000,649.34,649.34,649.34,649.34,0.008,2026-03-10 17:00:00
1773162300000,649.52,649.52,649.52,649.52,0.003,2026-03-10 17:05:00
1773162600000,648.92,648.97,648.92,648.97,0.015,2026-03-10 17:10:00
1773162900000,648.28,648.28,647.87,647.87,0.006,2026-03-10 17:15:00
1773163200000,648.15,648.15,648.15,648.15,0.039,2026-03-10 17:20:00
1773163500000,647.94,647.94,647.94,647.94,0.003,2026-03-10 17:25:00
1773163800000,647.94,647.94,647.94,647.94,0.0,2026-03-10 17:30:00
1773164100000,646.7,647.14,645.83,645.83,0.855,2026-03-10 17:35:00
1773164400000,645.86,645.86,645.86,645.86,0.046,2026-03-10 17:40:00
1773164700000,646.67,646.67,646.67,646.67,0.003,2026-03-10 17:45:00
1773165000000,646.67,646.67,646.67,646.67,0.0,2026-03-10 17:50:00
1773165300000,647.4,647.4,646.41,646.41,0.023,2026-03-10 17:55:00
1773165600000,646.71,646.71,646.71,646.71,0.009,2026-03-10 18:00:00
1773165900000,646.47,646.5,646.47,646.5,0.015,2026-03-10 18:05:00
1773166200000,645.33,645.83,644.97,645.19,0.494,2026-03-10 18:10:00
1773166500000,645.19,645.19,645.19,645.19,0.0,2026-03-10 18:15:00
1773166800000,645.19,645.19,645.19,645.19,0.0,2026-03-10 18:20:00
1773167100000,645.19,645.19,645.19,645.19,0.0,2026-03-10 18:25:00
1773167400000,640.07,640.07,640.04,640.04,0.77,2026-03-10 18:30:00
1773167700000,642.21,642.21,642.21,642.21,0.003,2026-03-10 18:35:00
1773168000000,642.21,642.21,642.21,642.21,0.0,2026-03-10 18:40:00
1773168300000,642.21,642.21,642.21,642.21,0.0,2026-03-10 18:45:00
1773168600000,642.66,642.66,642.66,642.66,0.007,2026-03-10 18:50:00
1773168900000,642.66,642.66,642.66,642.66,0.0,2026-03-10 18:55:00
1773169200000,642.11,642.11,642.11,642.11,0.003,2026-03-10 19:00:00
1773169500000,642.11,642.11,642.11,642.11,0.0,2026-03-10 19:05:00
1773169800000,642.05,642.05,641.0,641.0,0.011,2026-03-10 19:10:00
1773170100000,641.0,641.0,641.0,641.0,0.0,2026-03-10 19:15:00
1773170400000,641.0,641.0,641.0,641.0,0.0,2026-03-10 19:20:00
1773170700000,641.0,641.0,641.0,641.0,0.0,2026-03-10 19:25:00
1773171000000,640.6,640.6,640.6,640.6,0.065,2026-03-10 19:30:00
1773171300000,640.74,641.02,640.74,641.02,0.016,2026-03-10 19:35:00
1773171600000,641.02,641.02,641.02,641.02,0.0,2026-03-10 19:40:00
1773171900000,641.56,641.56,641.56,641.56,0.002,2026-03-10 19:45:00
1773172200000,641.5,641.5,641.5,641.5,0.003,2026-03-10 19:50:00
1773172500000,641.5,641.5,641.5,641.5,0.0,2026-03-10 19:55:00
1773172800000,641.55,641.55,641.54,641.54,0.01,2026-03-10 20:00:00
1773173100000,641.54,641.54,641.54,641.54,0.0,2026-03-10 20:05:00
1773173400000,642.37,642.37,642.37,642.37,0.003,2026-03-10 20:10:00
1773173700000,641.92,641.92,641.92,641.92,0.028,2026-03-10 20:15:00
1773174000000,643.62,643.62,643.29,643.29,0.039,2026-03-10 20:20:00
1773174300000,643.48,643.48,643.48,643.48,0.003,2026-03-10 20:25:00
1773174600000,643.48,643.48,643.48,643.48,0.0,2026-03-10 20:30:00
1773174900000,643.78,643.78,643.78,643.78,0.003,2026-03-10 20:35:00
1773175200000,643.78,643.78,643.78,643.78,0.0,2026-03-10 20:40:00
1773175500000,645.37,645.37,644.21,644.21,0.103,2026-03-10 20:45:00
1773175800000,644.21,644.21,644.21,644.21,0.0,2026-03-10 20:50:00
1773176100000,644.3,644.3,644.3,644.3,0.003,2026-03-10 20:55:00
1773176400000,644.56,644.56,644.56,644.56,0.082,2026-03-10 21:00:00
1773176700000,644.56,644.56,644.56,644.56,0.0,2026-03-10 21:05:00
1773177000000,644.56,644.56,644.56,644.56,0.0,2026-03-10 21:10:00
1773177300000,643.62,643.62,643.62,643.62,0.003,2026-03-10 21:15:00
1773177600000,643.62,643.62,643.62,643.62,0.0,2026-03-10 21:20:00
1773177900000,642.95,642.95,642.95,642.95,0.008,2026-03-10 21:25:00
1773178200000,642.08,642.08,642.08,642.08,0.005,2026-03-10 21:30:00
1773178500000,642.79,642.79,641.06,641.06,0.019,2026-03-10 21:35:00
1773178800000,641.18,641.54,641.18,641.54,0.161,2026-03-10 21:40:00
1773179100000,640.94,640.94,640.0,640.0,0.041,2026-03-10 21:45:00
1773179400000,640.33,640.65,640.33,640.65,0.007,2026-03-10 21:50:00
1773179700000,641.41,641.41,641.41,641.41,0.003,2026-03-10 21:55:00
1773180000000,641.41,641.41,641.41,641.41,0.0,2026-03-10 22:00:00
1773180300000,640.64,641.31,640.64,641.31,0.214,2026-03-10 22:05:00
1773180600000,641.31,641.31,641.31,641.31,0.0,2026-03-10 22:10:00
1773180900000,641.31,641.31,641.31,641.31,0.0,2026-03-10 22:15:00
1773181200000,641.31,641.31,641.31,641.31,0.0,2026-03-10 22:20:00
1773181500000,642.07,642.07,641.52,641.52,0.026,2026-03-10 22:25:00
1773181800000,641.52,641.52,641.52,641.52,0.0,2026-03-10 22:30:00
1773182100000,641.24,642.66,640.54,642.66,0.085,2026-03-10 22:35:00
1773182400000,642.12,642.12,642.12,642.12,0.003,2026-03-10 22:40:00
1773182700000,642.12,642.12,642.12,642.12,0.0,2026-03-10 22:45:00
1773183000000,642.12,642.12,642.12,642.12,0.0,2026-03-10 22:50:00
1773183300000,641.89,641.89,641.89,641.89,0.007,2026-03-10 22:55:00
1773183600000,642.47,642.47,642.47,642.47,0.003,2026-03-10 23:00:00
1773183900000,642.47,642.47,642.47,642.47,0.0,2026-03-10 23:05:00
1773184200000,642.5,642.5,642.5,642.5,0.003,2026-03-10 23:10:00
1773184500000,642.5,642.5,642.5,642.5,0.0,2026-03-10 23:15:00
1773184800000,642.63,642.82,641.84,641.84,0.034,2026-03-10 23:20:00
1773185100000,641.84,641.84,641.84,641.84,0.0,2026-03-10 23:25:00
1773185400000,641.65,641.65,641.65,641.65,0.007,2026-03-10 23:30:00
1773185700000,641.65,641.65,641.65,641.65,0.0,2026-03-10 23:35:00
1773186000000,641.61,641.61,641.61,641.61,0.044,2026-03-10 23:40:00
1773186300000,641.61,641.61,641.61,641.61,0.0,2026-03-10 23:45:00
1773186600000,641.59,641.59,641.59,641.59,0.39,2026-03-10 23:50:00
1773186900000,641.59,641.59,641.59,641.59,0.0,2026-03-10 23:55:00
1773187200000,642.14,642.16,641.59,641.59,4.374,2026-03-11 00:00:00
1773187500000,641.59,641.59,641.59,641.59,0.0,2026-03-11 00:05:00
1773187800000,641.91,642.8,641.91,642.8,0.04,2026-03-11 00:10:00
1773188100000,642.68,642.68,641.93,642.31,0.015,2026-03-11 00:15:00
1773188400000,642.41,642.89,642.34,642.42,0.037,2026-03-11 00:20:00
1773188700000,642.8,643.0,642.8,642.84,0.043,2026-03-11 00:25:00
1773189000000,642.72,642.72,641.41,641.41,0.029,2026-03-11 00:30:00
1773189300000,641.78,642.02,641.78,642.02,0.334,2026-03-11 00:35:00
1773189600000,642.02,642.02,642.02,642.02,0.0,2026-03-11 00:40:00
1773189900000,641.9,641.9,641.9,641.9,0.002,2026-03-11 00:45:00
1773190200000,641.9,641.9,641.9,641.9,0.0,2026-03-11 00:50:00
1773190500000,643.56,649.93,643.56,649.93,0.01,2026-03-11 00:55:00
1773190800000,649.93,649.93,649.93,649.93,0.0,2026-03-11 01:00:00
1773191100000,649.93,649.93,649.93,649.93,0.0,2026-03-11 01:05:00
1773191400000,643.47,643.47,643.47,643.47,0.168,2026-03-11 01:10:00
1773191700000,643.7,643.7,643.7,643.7,0.003,2026-03-11 01:15:00
1773192000000,643.7,643.7,643.7,643.7,0.0,2026-03-11 01:20:00
1773192300000,643.7,643.7,643.7,643.7,0.0,2026-03-11 01:25:00
1773192600000,643.7,643.7,643.7,643.7,0.0,2026-03-11 01:30:00
1773192900000,642.56,643.01,642.56,643.01,0.623,2026-03-11 01:35:00
1773193200000,642.49,642.73,642.49,642.73,0.192,2026-03-11 01:40:00
1773193500000,642.73,642.73,642.73,642.73,0.0,2026-03-11 01:45:00
1773193800000,642.73,642.73,642.73,642.73,0.0,2026-03-11 01:50:00
1773194100000,644.16,644.16,644.16,644.16,0.016,2026-03-11 01:55:00
1773194400000,644.04,644.04,644.04,644.04,0.016,2026-03-11 02:00:00
1773194700000,643.77,643.77,643.77,643.77,0.171,2026-03-11 02:05:00
1773195000000,643.1,643.1,643.1,643.1,0.002,2026-03-11 02:10:00
1773195300000,642.6,642.6,642.6,642.6,0.164,2026-03-11 02:15:00
1773195600000,642.6,642.6,642.6,642.6,0.0,2026-03-11 02:20:00
1773195900000,641.85,641.85,641.85,641.85,0.01,2026-03-11 02:25:00
1773196200000,641.85,641.85,641.85,641.85,0.0,2026-03-11 02:30:00
1773196500000,639.31,639.31,639.31,639.31,0.008,2026-03-11 02:35:00
1773196800000,639.43,639.43,639.43,639.43,0.016,2026-03-11 02:40:00
1773197100000,639.43,639.43,639.43,639.43,0.0,2026-03-11 02:45:00
1773197400000,639.43,639.43,639.43,639.43,0.0,2026-03-11 02:50:00
1773197700000,639.96,639.96,639.96,639.96,0.03,2026-03-11 02:55:00
1773198000000,641.86,641.86,641.58,641.58,0.021,2026-03-11 03:00:00
1773198300000,641.18,641.18,641.18,641.18,0.008,2026-03-11 03:05:00
1773198600000,641.34,641.34,640.56,640.56,0.185,2026-03-11 03:10:00
1773198900000,641.06,641.06,641.06,641.06,0.015,2026-03-11 03:15:00
1773199200000,641.06,641.06,641.06,641.06,0.0,2026-03-11 03:20:00
1773199500000,641.06,641.06,641.06,641.06,0.0,2026-03-11 03:25:00
1773199800000,639.61,639.92,639.61,639.92,0.181,2026-03-11 03:30:00
1773200100000,640.05,640.23,640.05,640.23,0.203,2026-03-11 03:35:00
1773200400000,639.79,639.79,639.79,639.79,0.016,2026-03-11 03:40:00
1773200700000,640.45,640.45,639.79,639.79,0.787,2026-03-11 03:45:00
1773201000000,639.79,639.79,639.79,639.79,0.0,2026-03-11 03:50:00
1773201300000,639.79,639.79,639.79,639.79,0.0,2026-03-11 03:55:00
1773201600000,639.67,639.67,639.39,639.61,1.165,2026-03-11 04:00:00
1773201900000,639.47,639.59,639.47,639.59,1.069,2026-03-11 04:05:00
1773202200000,640.0,640.0,640.0,640.0,0.008,2026-03-11 04:10:00
1773202500000,640.0,640.0,640.0,640.0,0.0,2026-03-11 04:15:00
1773202800000,640.0,640.0,640.0,640.0,0.0,2026-03-11 04:20:00
1773203100000,642.89,642.89,642.89,642.89,0.736,2026-03-11 04:25:00
1773203400000,643.12,643.12,643.12,643.12,0.016,2026-03-11 04:30:00
1773203700000,643.12,643.12,643.12,643.12,0.0,2026-03-11 04:35:00
1773204000000,643.12,643.12,643.12,643.12,0.0,2026-03-11 04:40:00
1773204300000,643.14,643.14,642.95,642.95,0.026,2026-03-11 04:45:00
1773204600000,642.95,642.95,642.95,642.95,0.0,2026-03-11 04:50:00
1773204900000,642.95,642.95,642.95,642.95,0.0,2026-03-11 04:55:00
1773205200000,642.95,642.95,642.95,642.95,0.0,2026-03-11 05:00:00
1773205500000,644.23,644.23,643.37,643.37,0.013,2026-03-11 05:05:00
1773205800000,643.34,643.92,643.34,643.92,1.351,2026-03-11 05:10:00
1773206100000,643.14,643.14,643.13,643.13,0.743,2026-03-11 05:15:00
1773206400000,642.8,642.8,642.8,642.8,0.005,2026-03-11 05:20:00
1773206700000,642.8,642.8,642.8,642.8,0.0,2026-03-11 05:25:00
1773207000000,642.8,642.8,642.8,642.8,0.0,2026-03-11 05:30:00
1773207300000,642.8,642.8,642.8,642.8,0.0,2026-03-11 05:35:00
1773207600000,639.75,639.75,639.75,639.75,0.032,2026-03-11 05:40:00
1773207900000,639.75,639.75,639.75,639.75,0.0,2026-03-11 05:45:00
1773208200000,639.75,639.75,639.75,639.75,0.0,2026-03-11 05:50:00
1773208500000,639.17,639.19,638.15,638.15,2.042,2026-03-11 05:55:00
1773208800000,638.5,638.5,638.14,638.41,0.195,2026-03-11 06:00:00
1773209100000,638.41,638.41,638.41,638.41,0.0,2026-03-11 06:05:00
1773209400000,639.0,639.76,639.0,639.76,0.244,2026-03-11 06:10:00
1773209700000,639.76,639.76,639.76,639.76,0.0,2026-03-11 06:15:00
1773210000000,640.46,641.04,640.46,641.04,0.245,2026-03-11 06:20:00
1773210300000,640.88,640.88,640.88,640.88,0.018,2026-03-11 06:25:00
1773210600000,641.26,642.1,641.26,642.1,0.265,2026-03-11 06:30:00
1773210900000,642.1,642.1,642.1,642.1,0.0,2026-03-11 06:35:00
1773211200000,643.0,643.01,642.79,642.81,0.334,2026-03-11 06:40:00
1773211500000,642.81,642.81,642.81,642.81,0.0,2026-03-11 06:45:00
1773211800000,642.81,642.81,642.81,642.81,0.0,2026-03-11 06:50:00
1773212100000,642.81,642.81,642.81,642.81,0.0,2026-03-11 06:55:00
1773212400000,643.22,643.22,643.22,643.22,0.004,2026-03-11 07:00:00
1773212700000,643.22,643.22,643.22,643.22,0.0,2026-03-11 07:05:00
1773213000000,643.22,643.22,643.22,643.22,0.0,2026-03-11 07:10:00
1773213300000,643.22,643.22,643.22,643.22,0.0,2026-03-11 07:15:00
1773213600000,643.22,643.22,643.22,643.22,0.0,2026-03-11 07:20:00
1773213900000,643.22,643.22,643.22,643.22,0.0,2026-03-11 07:25:00
1773214200000,643.22,643.22,643.22,643.22,0.0,2026-03-11 07:30:00
1773214500000,641.29,641.29,641.29,641.29,0.002,2026-03-11 07:35:00
1773214800000,640.71,640.71,640.71,640.71,0.002,2026-03-11 07:40:00
1773215100000,640.71,640.71,640.71,640.71,0.0,2026-03-11 07:45:00
1773215400000,640.71,640.71,640.71,640.71,0.0,2026-03-11 07:50:00
1773215700000,640.71,640.71,640.71,640.71,0.0,2026-03-11 07:55:00
1773216000000,640.71,640.71,640.71,640.71,0.0,2026-03-11 08:00:00
1773216300000,640.71,640.71,640.71,640.71,0.0,2026-03-11 08:05:00
1773216600000,640.71,640.71,640.71,640.71,0.0,2026-03-11 08:10:00
1773216900000,640.71,640.71,640.71,640.71,0.0,2026-03-11 08:15:00
1773217200000,640.71,640.71,640.71,640.71,0.0,2026-03-11 08:20:00
1773217500000,640.71,640.71,640.71,640.71,0.0,2026-03-11 08:25:00
1773217800000,641.34,641.45,641.34,641.45,0.012,2026-03-11 08:30:00
1773218100000,641.45,641.45,641.45,641.45,0.0,2026-03-11 08:35:00
1773218400000,641.45,641.45,641.45,641.45,0.0,2026-03-11 08:40:00
1773218700000,641.45,641.45,641.45,641.45,0.0,2026-03-11 08:45:00
1773219000000,641.45,641.45,641.45,641.45,0.0,2026-03-11 08:50:00
1773219300000,641.45,641.45,641.45,641.45,0.0,2026-03-11 08:55:00
1773219600000,642.48,642.48,642.48,642.48,0.1,2026-03-11 09:00:00
1773219900000,641.6,641.6,641.6,641.6,0.039,2026-03-11 09:05:00
1773220200000,642.04,642.04,641.53,641.53,0.017,2026-03-11 09:10:00
1773220500000,641.53,641.53,641.53,641.53,0.0,2026-03-11 09:15:00
1773220800000,641.65,641.65,640.32,640.32,6.549,2026-03-11 09:20:00
1773221100000,640.32,640.32,640.32,640.32,0.0,2026-03-11 09:25:00
1773221400000,640.32,640.32,640.32,640.32,0.0,2026-03-11 09:30:00
1773221700000,641.28,641.46,641.28,641.46,0.023,2026-03-11 09:35:00
1773222000000,641.46,641.46,641.46,641.46,0.0,2026-03-11 09:40:00
1773222300000,641.46,641.46,641.46,641.46,0.0,2026-03-11 09:45:00
1773222600000,641.46,641.46,641.46,641.46,0.0,2026-03-11 09:50:00
1773222900000,641.46,641.46,641.46,641.46,0.0,2026-03-11 09:55:00
1773223200000,640.63,640.63,640.63,640.63,0.005,2026-03-11 10:00:00
1773223500000,640.63,640.63,640.63,640.63,0.0,2026-03-11 10:05:00
1773223800000,640.63,640.63,640.63,640.63,0.0,2026-03-11 10:10:00
1773224100000,640.63,640.63,640.63,640.63,0.0,2026-03-11 10:15:00
1773224400000,640.63,640.63,640.63,640.63,0.0,2026-03-11 10:20:00
1773224700000,640.63,640.63,640.63,640.63,0.0,2026-03-11 10:25:00
1773225000000,640.63,640.63,640.63,640.63,0.0,2026-03-11 10:30:00
1773225300000,640.63,640.63,640.63,640.63,0.0,2026-03-11 10:35:00
1773225600000,643.62,643.62,643.62,643.62,0.023,2026-03-11 10:40:00
1773225900000,643.62,643.62,643.62,643.62,0.0,2026-03-11 10:45:00
1773226200000,643.62,643.62,643.62,643.62,0.0,2026-03-11 10:50:00
1773226500000,643.62,643.62,643.62,643.62,0.0,2026-03-11 10:55:00
1773226800000,642.38,642.38,635.08,637.03,4.528,2026-03-11 11:00:00
1773227100000,637.03,637.03,637.03,637.03,0.0,2026-03-11 11:05:00
1773227400000,637.03,637.03,637.03,637.03,0.0,2026-03-11 11:10:00
1773227700000,637.03,637.03,637.03,637.03,0.0,2026-03-11 11:15:00
1773228000000,637.03,637.03,637.03,637.03,0.0,2026-03-11 11:20:00
1773228300000,637.48,637.48,637.48,637.48,0.058,2026-03-11 11:25:00
1773228600000,637.48,637.48,637.48,637.48,0.0,2026-03-11 11:30:00
1773228900000,637.48,637.48,637.48,637.48,0.0,2026-03-11 11:35:00
1773229200000,637.48,637.48,637.48,637.48,0.0,2026-03-11 11:40:00
1773229500000,636.97,636.97,636.77,636.77,0.081,2026-03-11 11:45:00
1773229800000,636.77,636.77,636.77,636.77,0.0,2026-03-11 11:50:00
1773230100000,636.77,636.77,636.77,636.77,0.0,2026-03-11 11:55:00
1773230400000,637.35,637.35,637.35,637.35,0.157,2026-03-11 12:00:00
1773230700000,637.35,637.35,637.35,637.35,0.0,2026-03-11 12:05:00
1773231000000,637.35,637.35,637.35,637.35,0.0,2026-03-11 12:10:00
1773231300000,638.29,638.44,638.28,638.44,0.329,2026-03-11 12:15:00
1773231600000,640.16,640.16,640.16,640.16,0.004,2026-03-11 12:20:00
1773231900000,640.16,640.16,640.16,640.16,0.0,2026-03-11 12:25:00
1773232200000,643.22,643.22,640.79,640.79,0.116,2026-03-11 12:30:00
1773232500000,640.79,640.79,640.79,640.79,0.0,2026-03-11 12:35:00
1773232800000,641.47,642.71,639.87,639.87,0.137,2026-03-11 12:40:00
1773233100000,639.87,639.87,639.87,639.87,0.0,2026-03-11 12:45:00
1773233400000,641.4,641.4,641.4,641.4,0.061,2026-03-11 12:50:00
1773233700000,641.49,641.49,641.45,641.45,0.088,2026-03-11 12:55:00
1773234000000,641.45,641.45,641.45,641.45,0.0,2026-03-11 13:00:00
1773234300000,641.77,642.65,641.77,642.65,0.039,2026-03-11 13:05:00
1773234600000,642.84,643.24,642.84,643.24,0.044,2026-03-11 13:10:00
1773234900000,645.58,645.69,645.38,645.38,0.034,2026-03-11 13:15:00
1773235200000,647.46,647.46,647.01,647.01,0.74,2026-03-11 13:20:00
1773235500000,647.01,647.01,647.01,647.01,0.0,2026-03-11 13:25:00
1773235800000,647.01,647.01,647.01,647.01,0.0,2026-03-11 13:30:00
1773236100000,649.93,652.48,649.32,651.56,0.97,2026-03-11 13:35:00
1773236400000,651.56,651.56,651.56,651.56,0.0,2026-03-11 13:40:00
1773236700000,651.56,651.56,651.56,651.56,0.0,2026-03-11 13:45:00
1773237000000,645.52,645.52,645.52,645.52,0.009,2026-03-11 13:50:00
1773237300000,646.13,646.81,645.74,646.42,0.507,2026-03-11 13:55:00
1773237600000,647.19,650.91,647.19,648.11,1.838,2026-03-11 14:00:00
1773237900000,648.27,649.31,646.64,646.64,8.969,2026-03-11 14:05:00
1773238200000,646.69,646.86,645.03,645.83,3.352,2026-03-11 14:10:00
1773238500000,646.8,648.79,646.8,648.79,0.502,2026-03-11 14:15:00
1773238800000,648.79,648.79,648.79,648.79,0.0,2026-03-11 14:20:00
1773239100000,647.55,647.55,647.47,647.47,0.179,2026-03-11 14:25:00
1773239400000,649.05,649.12,648.33,648.33,0.202,2026-03-11 14:30:00
1773239700000,648.46,648.47,648.46,648.47,0.015,2026-03-11 14:35:00
1773240000000,649.64,649.64,649.49,649.49,0.174,2026-03-11 14:40:00
1773240300000,649.49,649.49,649.49,649.49,0.0,2026-03-11 14:45:00
1773240600000,649.35,649.35,649.35,649.35,0.019,2026-03-11 14:50:00
1773240900000,649.35,649.35,649.35,649.35,0.0,2026-03-11 14:55:00
1773241200000,648.97,649.27,647.63,647.63,1.608,2026-03-11 15:00:00
1773241500000,646.08,646.25,646.04,646.25,4.175,2026-03-11 15:05:00
1773241800000,647.34,648.57,645.17,645.17,0.172,2026-03-11 15:10:00
1773242100000,645.82,649.23,645.82,649.23,0.151,2026-03-11 15:15:00
1773242400000,646.53,646.53,646.53,646.53,0.007,2026-03-11 15:20:00
1773242700000,647.76,647.8,647.76,647.8,0.044,2026-03-11 15:25:00
1773243000000,643.86,643.86,642.13,642.13,0.067,2026-03-11 15:30:00
1773243300000,645.21,645.7,645.13,645.34,4.931,2026-03-11 15:35:00
1773243600000,645.22,645.88,644.3,644.3,27.65,2026-03-11 15:40:00
1773243900000,644.26,644.94,644.26,644.33,0.079,2026-03-11 15:45:00
1773244200000,644.77,645.82,644.77,645.82,1.461,2026-03-11 15:50:00
1773244500000,646.27,647.14,645.41,645.94,34.426,2026-03-11 15:55:00
1773244800000,646.05,646.37,646.05,646.37,0.052,2026-03-11 16:00:00
1773245100000,646.37,646.37,646.37,646.37,0.0,2026-03-11 16:05:00
1773245400000,646.9,647.08,646.17,647.08,0.138,2026-03-11 16:10:00
1773245700000,648.2,648.2,648.2,648.2,0.005,2026-03-11 16:15:00
1773246000000,647.37,647.37,647.05,647.05,1.261,2026-03-11 16:20:00
1773246300000,647.3,648.73,647.2,647.66,3.452,2026-03-11 16:25:00
1773246600000,647.67,651.57,647.67,648.74,8.274,2026-03-11 16:30:00
1773246900000,649.05,651.11,648.91,648.92,15.252,2026-03-11 16:35:00
1773247200000,648.49,648.67,648.16,648.16,15.57,2026-03-11 16:40:00
1773247500000,649.42,649.57,649.42,649.57,0.015,2026-03-11 16:45:00
1773247800000,649.5,649.5,640.39,640.39,18.752,2026-03-11 16:50:00
1773248100000,648.43,648.84,648.09,648.43,0.306,2026-03-11 16:55:00
1773248400000,648.6,650.89,648.04,650.89,3.563,2026-03-11 17:00:00
1773248700000,650.37,651.17,650.11,650.28,1.518,2026-03-11 17:05:00
1773249000000,650.85,650.85,650.85,650.85,0.015,2026-03-11 17:10:00
1773249300000,650.64,650.64,650.64,650.64,0.002,2026-03-11 17:15:00
1773249600000,651.31,653.0,651.31,652.05,1.872,2026-03-11 17:20:00
1773249900000,653.29,654.58,653.29,654.25,1.021,2026-03-11 17:25:00
1773250200000,653.81,653.9,653.5,653.5,0.492,2026-03-11 17:30:00
1773250500000,653.5,653.5,653.5,653.5,0.0,2026-03-11 17:35:00
1773250800000,653.04,653.04,651.16,651.16,0.161,2026-03-11 17:40:00
1773251100000,651.54,653.2,651.54,653.19,0.075,2026-03-11 17:45:00
1773251400000,653.19,653.19,653.19,653.19,0.0,2026-03-11 17:50:00
1773251700000,653.19,653.19,653.19,653.19,0.0,2026-03-11 17:55:00
1773252000000,652.06,652.06,652.06,652.06,0.015,2026-03-11 18:00:00
1773252300000,652.6,652.6,652.6,652.6,0.008,2026-03-11 18:05:00
1773252600000,651.56,653.02,651.56,653.02,0.297,2026-03-11 18:10:00
1773252900000,652.21,653.0,652.13,652.59,0.521,2026-03-11 18:15:00
1773253200000,652.35,655.0,652.35,652.6,1.623,2026-03-11 18:20:00
1773253500000,652.6,652.6,652.6,652.6,0.0,2026-03-11 18:25:00
1773253800000,652.6,652.6,652.6,652.6,0.0,2026-03-11 18:30:00
1773254100000,652.6,652.6,652.6,652.6,0.0,2026-03-11 18:35:00
1773254400000,652.6,652.6,652.6,652.6,0.0,2026-03-11 18:40:00
1773254700000,651.05,652.16,651.05,652.16,0.177,2026-03-11 18:45:00
1773255000000,653.23,654.16,652.4,652.4,0.682,2026-03-11 18:50:00
1773255300000,652.86,652.86,652.46,652.57,1.135,2026-03-11 18:55:00
1773255600000,652.57,652.57,652.57,652.57,0.0,2026-03-11 19:00:00
1773255900000,651.71,651.71,651.46,651.46,0.994,2026-03-11 19:05:00
1773256200000,651.53,651.54,651.04,651.04,7.778,2026-03-11 19:10:00
1773256500000,651.38,651.38,650.95,650.96,6.946,2026-03-11 19:15:00
1773256800000,651.65,651.65,651.65,651.65,0.013,2026-03-11 19:20:00
1773257100000,651.18,651.18,651.18,651.18,0.004,2026-03-11 19:25:00
1773257400000,651.51,652.64,651.51,652.64,2.286,2026-03-11 19:30:00
1773257700000,653.06,653.56,653.06,653.56,0.859,2026-03-11 19:35:00
1773258000000,653.13,653.44,653.01,653.01,1.35,2026-03-11 19:40:00
1773258300000,653.2,653.2,653.2,653.2,0.008,2026-03-11 19:45:00
1773258600000,653.1,653.28,653.1,653.28,0.02,2026-03-11 19:50:00
1773258900000,652.81,652.99,652.81,652.99,0.009,2026-03-11 19:55:00
1773259200000,653.06,653.06,653.06,653.06,0.002,2026-03-11 20:00:00
1773259500000,653.06,653.06,653.06,653.06,0.0,2026-03-11 20:05:00
1773259800000,651.87,652.07,651.78,651.83,0.423,2026-03-11 20:10:00
1773260100000,652.39,652.49,652.39,652.49,0.012,2026-03-11 20:15:00
1773260400000,652.56,652.56,652.56,652.56,0.007,2026-03-11 20:20:00
1773260700000,652.13,652.14,651.83,652.14,0.138,2026-03-11 20:25:00
1773261000000,651.94,651.99,651.61,651.61,0.042,2026-03-11 20:30:00
1773261300000,651.61,651.61,651.61,651.61,0.0,2026-03-11 20:35:00
1773261600000,652.2,652.2,652.2,652.2,0.001,2026-03-11 20:40:00
1773261900000,652.2,652.2,652.2,652.2,0.0,2026-03-11 20:45:00
1773262200000,652.2,652.2,652.2,652.2,0.0,2026-03-11 20:50:00
1773262500000,652.2,652.2,652.2,652.2,0.0,2026-03-11 20:55:00
1773262800000,653.1,654.5,653.1,654.5,0.076,2026-03-11 21:00:00
1773263100000,653.33,653.33,653.33,653.33,0.038,2026-03-11 21:05:00
1773263400000,651.89,652.22,651.76,652.16,0.181,2026-03-11 21:10:00
1773263700000,651.95,652.16,651.91,652.16,0.72,2026-03-11 21:15:00
1773264000000,652.16,652.16,652.16,652.16,0.0,2026-03-11 21:20:00
1773264300000,652.16,652.16,652.16,652.16,0.0,2026-03-11 21:25:00
1773264600000,653.23,654.24,653.23,654.24,0.076,2026-03-11 21:30:00
1773264900000,654.24,654.24,654.24,654.24,0.0,2026-03-11 21:35:00
1773265200000,653.4,653.4,652.93,652.93,0.195,2026-03-11 21:40:00
1773265500000,652.93,652.93,652.93,652.93,0.0,2026-03-11 21:45:00
1773265800000,653.9,653.9,653.02,653.02,0.005,2026-03-11 21:50:00
1773266100000,653.02,653.02,653.02,653.02,0.0,2026-03-11 21:55:00
1773266400000,653.02,653.02,653.02,653.02,0.0,2026-03-11 22:00:00
1773266700000,653.02,653.02,653.02,653.02,0.0,2026-03-11 22:05:00
1773267000000,653.02,653.02,653.02,653.02,0.0,2026-03-11 22:10:00
1773267300000,655.18,655.18,654.42,654.42,0.332,2026-03-11 22:15:00
1773267600000,654.31,654.31,651.77,651.77,0.015,2026-03-11 22:20:00
1773267900000,653.07,653.07,652.95,652.99,0.326,2026-03-11 22:25:00
1773268200000,652.99,652.99,652.99,652.99,0.0,2026-03-11 22:30:00
1773268500000,651.96,651.96,651.96,651.96,0.351,2026-03-11 22:35:00
1773268800000,651.96,651.96,651.96,651.96,0.0,2026-03-11 22:40:00
1773269100000,652.69,654.51,652.69,652.93,0.063,2026-03-11 22:45:00
1773269400000,652.93,652.93,652.93,652.93,0.0,2026-03-11 22:50:00
1773269700000,652.93,652.93,652.93,652.93,0.0,2026-03-11 22:55:00
1773270000000,652.4,652.9,652.4,652.9,0.043,2026-03-11 23:00:00
1773270300000,652.9,652.9,652.9,652.9,0.0,2026-03-11 23:05:00
1773270600000,652.9,652.9,652.9,652.9,0.0,2026-03-11 23:10:00
1773270900000,652.34,652.34,652.14,652.14,0.022,2026-03-11 23:15:00
1773271200000,652.14,652.14,652.14,652.14,0.0,2026-03-11 23:20:00
1773271500000,651.69,651.75,651.69,651.75,0.185,2026-03-11 23:25:00
1773271800000,651.52,651.52,651.24,651.24,0.022,2026-03-11 23:30:00
1773272100000,651.24,651.24,651.24,651.24,0.0,2026-03-11 23:35:00
1773272400000,651.24,651.24,651.24,651.24,0.0,2026-03-11 23:40:00
1773272700000,651.32,651.32,651.32,651.32,0.006,2026-03-11 23:45:00
1773273000000,651.32,651.32,651.32,651.32,0.0,2026-03-11 23:50:00
1773273300000,650.92,650.92,650.92,650.92,0.003,2026-03-11 23:55:00
1773273600000,651.44,651.44,651.44,651.44,0.004,2026-03-12 00:00:00
1773273900000,650.91,650.91,650.91,650.91,0.002,2026-03-12 00:05:00
1773274200000,650.91,650.91,650.91,650.91,0.0,2026-03-12 00:10:00
1773274500000,650.97,651.22,650.41,650.71,0.036,2026-03-12 00:15:00
1773274800000,650.74,651.46,650.74,651.46,0.106,2026-03-12 00:20:00
1773275100000,651.47,651.47,650.75,651.01,0.051,2026-03-12 00:25:00
1773275400000,650.91,651.06,650.22,650.29,0.179,2026-03-12 00:30:00
1773275700000,650.58,650.77,650.58,650.77,0.009,2026-03-12 00:35:00
1773276000000,651.68,651.68,651.68,651.68,0.101,2026-03-12 00:40:00
1773276300000,651.56,651.56,651.56,651.56,0.002,2026-03-12 00:45:00
1773276600000,651.38,651.38,651.38,651.38,0.017,2026-03-12 00:50:00
1773276900000,652.11,652.11,652.11,652.11,0.031,2026-03-12 00:55:00
1773277200000,651.86,651.99,649.91,649.91,3.598,2026-03-12 01:00:00
1773277500000,649.84,649.84,649.84,649.84,0.015,2026-03-12 01:05:00
1773277800000,649.84,649.84,649.84,649.84,0.0,2026-03-12 01:10:00
1773278100000,649.56,649.83,649.37,649.37,0.305,2026-03-12 01:15:00
1773278400000,649.37,649.37,649.37,649.37,0.0,2026-03-12 01:20:00
1773278700000,649.43,649.43,649.43,649.43,0.003,2026-03-12 01:25:00
1773279000000,649.12,649.12,649.12,649.12,0.006,2026-03-12 01:30:00
1773279300000,649.12,649.12,649.12,649.12,0.0,2026-03-12 01:35:00
1773279600000,649.45,649.45,649.41,649.41,0.045,2026-03-12 01:40:00
1773279900000,649.0,649.02,648.41,648.41,0.031,2026-03-12 01:45:00
1773280200000,647.44,647.44,647.44,647.44,0.008,2026-03-12 01:50:00
1773280500000,647.44,647.44,647.44,647.44,0.0,2026-03-12 01:55:00
1773280800000,646.67,646.67,646.46,646.46,0.539,2026-03-12 02:00:00
1773281100000,646.92,647.83,646.92,647.83,7.204,2026-03-12 02:05:00
1773281400000,646.82,646.82,646.78,646.78,0.023,2026-03-12 02:10:00
1773281700000,646.78,646.78,646.78,646.78,0.0,2026-03-12 02:15:00
1773282000000,644.95,645.39,644.26,645.39,1.162,2026-03-12 02:20:00
1773282300000,645.89,645.89,645.31,645.31,0.161,2026-03-12 02:25:00
1773282600000,645.26,645.38,645.26,645.38,0.018,2026-03-12 02:30:00
1773282900000,646.1,646.32,643.7,643.7,0.077,2026-03-12 02:35:00
1773283200000,643.39,643.39,643.39,643.39,0.007,2026-03-12 02:40:00
1773283500000,644.13,644.25,644.13,644.25,0.131,2026-03-12 02:45:00
1773283800000,642.98,642.98,642.98,642.98,0.234,2026-03-12 02:50:00
1773284100000,642.98,642.98,642.98,642.98,0.0,2026-03-12 02:55:00
1773284400000,643.09,643.87,643.09,643.87,0.007,2026-03-12 03:00:00
1773284700000,643.87,643.87,643.87,643.87,0.0,2026-03-12 03:05:00
1773285000000,643.87,643.87,643.87,643.87,0.0,2026-03-12 03:10:00
1773285300000,643.87,643.87,643.87,643.87,0.0,2026-03-12 03:15:00
1773285600000,643.75,643.75,643.75,643.75,1.0,2026-03-12 03:20:00
1773285900000,644.63,644.73,644.63,644.73,0.031,2026-03-12 03:25:00
1773286200000,643.59,643.59,643.59,643.59,0.03,2026-03-12 03:30:00
1773286500000,643.59,643.59,643.59,643.59,0.0,2026-03-12 03:35:00
1773286800000,643.59,643.59,643.59,643.59,0.0,2026-03-12 03:40:00
1773287100000,643.59,643.59,643.59,643.59,0.0,2026-03-12 03:45:00
1773287400000,643.59,643.59,643.59,643.59,0.0,2026-03-12 03:50:00
1773287700000,643.59,643.59,643.59,643.59,0.0,2026-03-12 03:55:00
1773288000000,643.59,643.59,643.59,643.59,0.0,2026-03-12 04:00:00
1773288300000,643.59,643.59,643.59,643.59,0.0,2026-03-12 04:05:00
1773288600000,644.14,644.22,644.14,644.22,0.023,2026-03-12 04:10:00
1773288900000,643.87,643.89,643.87,643.89,0.155,2026-03-12 04:15:00
1773289200000,643.89,643.89,643.89,643.89,0.0,2026-03-12 04:20:00
1773289500000,643.89,643.89,643.89,643.89,0.0,2026-03-12 04:25:00
1773289800000,643.89,643.89,643.89,643.89,0.0,2026-03-12 04:30:00
1773290100000,642.01,642.01,642.01,642.01,1.0,2026-03-12 04:35:00
1773290400000,642.01,642.01,642.01,642.01,0.0,2026-03-12 04:40:00
1773290700000,642.9,642.9,642.9,642.9,0.004,2026-03-12 04:45:00
1773291000000,642.9,642.9,642.9,642.9,0.0,2026-03-12 04:50:00
1773291300000,642.9,642.9,642.9,642.9,0.0,2026-03-12 04:55:00
1773291600000,643.83,643.83,643.83,643.83,0.012,2026-03-12 05:00:00
1773291900000,644.04,644.04,644.04,644.04,0.008,2026-03-12 05:05:00
1773292200000,644.04,644.04,644.04,644.04,0.0,2026-03-12 05:10:00
1773292500000,644.04,644.04,644.04,644.04,0.0,2026-03-12 05:15:00
1773292800000,643.44,643.44,643.33,643.33,0.263,2026-03-12 05:20:00
1773293100000,643.38,643.41,643.35,643.41,0.047,2026-03-12 05:25:00
1773293400000,643.39,643.58,643.39,643.58,0.1,2026-03-12 05:30:00
1773293700000,643.58,643.58,643.58,643.58,0.0,2026-03-12 05:35:00
1773294000000,643.58,643.58,643.58,643.58,0.0,2026-03-12 05:40:00
1773294300000,643.58,643.58,643.58,643.58,0.0,2026-03-12 05:45:00
1773294600000,643.58,643.58,643.58,643.58,0.0,2026-03-12 05:50:00
1773294900000,643.58,643.58,643.58,643.58,0.0,2026-03-12 05:55:00
1773295200000,643.38,643.38,643.38,643.38,0.155,2026-03-12 06:00:00
1773295500000,643.38,643.38,643.38,643.38,0.0,2026-03-12 06:05:00
1773295800000,644.54,644.63,644.54,644.63,0.302,2026-03-12 06:10:00
1773296100000,644.63,644.63,644.63,644.63,0.0,2026-03-12 06:15:00
1773296400000,645.17,645.17,645.17,645.17,0.205,2026-03-12 06:20:00
1773296700000,644.93,644.98,644.93,644.98,0.171,2026-03-12 06:25:00
1773297000000,645.24,645.24,645.24,645.24,0.015,2026-03-12 06:30:00
1773297300000,645.38,645.38,644.93,644.93,1.121,2026-03-12 06:35:00
1773297600000,644.42,644.42,644.42,644.42,0.07,2026-03-12 06:40:00
1773297900000,644.42,644.42,644.42,644.42,0.0,2026-03-12 06:45:00
1773298200000,644.83,644.83,644.72,644.72,0.034,2026-03-12 06:50:00
1773298500000,644.72,644.72,644.72,644.72,0.0,2026-03-12 06:55:00
1773298800000,644.72,644.72,644.72,644.72,0.0,2026-03-12 07:00:00
1773299100000,644.72,644.72,644.72,644.72,0.0,2026-03-12 07:05:00
1773299400000,644.46,644.46,644.42,644.42,0.031,2026-03-12 07:10:00
1773299700000,645.15,645.15,645.15,645.15,0.039,2026-03-12 07:15:00
1773300000000,645.15,645.15,645.15,645.15,0.0,2026-03-12 07:20:00
1773300300000,645.15,645.15,645.15,645.15,0.0,2026-03-12 07:25:00
1773300600000,645.54,646.76,645.54,646.76,0.051,2026-03-12 07:30:00
1773300900000,646.57,646.57,645.9,645.91,0.271,2026-03-12 07:35:00
1773301200000,645.91,645.91,645.91,645.91,0.0,2026-03-12 07:40:00
1773301500000,646.37,646.37,646.37,646.37,0.008,2026-03-12 07:45:00
1773301800000,646.33,646.34,646.33,646.34,0.268,2026-03-12 07:50:00
1773302100000,646.34,646.34,646.34,646.34,0.0,2026-03-12 07:55:00
1773302400000,647.13,647.13,647.13,647.13,0.015,2026-03-12 08:00:00
1773302700000,647.13,647.13,647.13,647.13,0.0,2026-03-12 08:05:00
1773303000000,647.13,647.13,647.13,647.13,0.0,2026-03-12 08:10:00
1773303300000,647.13,647.13,647.13,647.13,0.0,2026-03-12 08:15:00
1773303600000,647.13,647.13,647.13,647.13,0.0,2026-03-12 08:20:00
1773303900000,647.13,647.13,647.13,647.13,0.0,2026-03-12 08:25:00
1773304200000,647.13,647.13,647.13,647.13,0.0,2026-03-12 08:30:00
1773304500000,647.13,647.13,647.13,647.13,0.0,2026-03-12 08:35:00
1773304800000,647.3,647.3,646.86,646.86,0.023,2026-03-12 08:40:00
1773305100000,646.86,646.86,646.86,646.86,0.0,2026-03-12 08:45:00
1773305400000,646.86,646.86,646.86,646.86,0.0,2026-03-12 08:50:00
1773305700000,646.86,646.86,646.86,646.86,0.0,2026-03-12 08:55:00
1773306000000,646.86,646.86,646.86,646.86,0.0,2026-03-12 09:00:00
1773306300000,646.86,646.86,646.86,646.86,0.0,2026-03-12 09:05:00
1773306600000,646.86,646.86,646.86,646.86,0.0,2026-03-12 09:10:00
1773306900000,646.86,646.86,646.86,646.86,0.0,2026-03-12 09:15:00
1773307200000,645.7,645.7,645.67,645.67,5.208,2026-03-12 09:20:00
1773307500000,645.67,645.67,645.67,645.67,0.0,2026-03-12 09:25:00
1773307800000,645.67,645.67,645.67,645.67,0.0,2026-03-12 09:30:00
1773308100000,646.92,646.92,646.92,646.92,0.009,2026-03-12 09:35:00
1773308400000,646.92,646.92,646.92,646.92,0.0,2026-03-12 09:40:00
1773308700000,650.14,650.75,650.04,650.75,0.184,2026-03-12 09:45:00
1773309000000,649.76,650.29,649.76,650.29,0.284,2026-03-12 09:50:00
1773309300000,650.29,650.29,650.29,650.29,0.0,2026-03-12 09:55:00
1773309600000,650.29,650.29,650.29,650.29,0.0,2026-03-12 10:00:00
1773309900000,650.29,650.29,650.29,650.29,0.0,2026-03-12 10:05:00
1773310200000,650.09,650.19,650.09,650.19,0.077,2026-03-12 10:10:00
1773310500000,650.19,650.19,650.19,650.19,0.0,2026-03-12 10:15:00
1773310800000,649.92,650.26,649.92,650.25,2.867,2026-03-12 10:20:00
1773311100000,650.25,650.25,650.25,650.25,0.0,2026-03-12 10:25:00
1773311400000,650.25,650.25,650.25,650.25,0.0,2026-03-12 10:30:00
1773311700000,650.25,650.25,650.25,650.25,0.0,2026-03-12 10:35:00
1773312000000,650.25,650.25,650.25,650.25,0.0,2026-03-12 10:40:00
1773312300000,652.27,652.27,652.27,652.27,0.229,2026-03-12 10:45:00
1773312600000,652.27,652.27,652.27,652.27,0.0,2026-03-12 10:50:00
1773312900000,652.27,652.27,652.27,652.27,0.0,2026-03-12 10:55:00
1773313200000,651.86,651.86,651.86,651.86,0.061,2026-03-12 11:00:00
1773313500000,651.86,651.86,651.86,651.86,0.0,2026-03-12 11:05:00
1773313800000,651.86,651.86,651.86,651.86,0.0,2026-03-12 11:10:00
1773314100000,651.86,651.86,651.86,651.86,0.0,2026-03-12 11:15:00
1773314400000,651.86,651.86,651.86,651.86,0.0,2026-03-12 11:20:00
1773314700000,651.74,651.74,651.74,651.74,0.2,2026-03-12 11:25:00
1773315000000,651.74,651.74,651.74,651.74,0.0,2026-03-12 11:30:00
1773315300000,651.74,651.74,651.74,651.74,0.0,2026-03-12 11:35:00
1773315600000,651.74,651.74,651.74,651.74,0.0,2026-03-12 11:40:00
1773315900000,651.74,651.74,651.74,651.74,0.0,2026-03-12 11:45:00
1773316200000,651.74,651.74,651.74,651.74,0.0,2026-03-12 11:50:00
1773316500000,651.74,651.74,651.74,651.74,0.0,2026-03-12 11:55:00
1773316800000,651.23,651.23,651.23,651.23,0.125,2026-03-12 12:00:00
1773317100000,651.6,651.77,651.6,651.77,0.016,2026-03-12 12:05:00
1773317400000,652.36,652.37,652.36,652.37,0.013,2026-03-12 12:10:00
1773317700000,652.37,652.37,652.37,652.37,0.0,2026-03-12 12:15:00
1773318000000,653.38,653.38,653.38,653.38,0.004,2026-03-12 12:20:00
1773318300000,653.76,653.94,653.76,653.94,1.525,2026-03-12 12:25:00
1773318600000,653.94,653.94,653.94,653.94,0.0,2026-03-12 12:30:00
1773318900000,653.94,653.94,653.94,653.94,0.0,2026-03-12 12:35:00
1773319200000,652.83,652.83,652.83,652.83,0.241,2026-03-12 12:40:00
1773319500000,653.39,657.2,653.39,657.2,0.092,2026-03-12 12:45:00
1773319800000,656.08,656.08,656.08,656.08,0.1,2026-03-12 12:50:00
1773320100000,656.08,656.08,656.08,656.08,0.0,2026-03-12 12:55:00
1773320400000,655.63,655.7,655.63,655.7,0.152,2026-03-12 13:00:00
1773320700000,655.7,655.7,655.7,655.7,0.0,2026-03-12 13:05:00
1773321000000,654.99,655.01,654.86,654.86,0.084,2026-03-12 13:10:00
1773321300000,654.53,654.53,654.53,654.53,0.163,2026-03-12 13:15:00
1773321600000,653.88,655.41,652.2,652.29,0.09,2026-03-12 13:20:00
1773321900000,652.29,652.29,652.29,652.29,0.0,2026-03-12 13:25:00
1773322200000,652.28,652.28,652.28,652.28,0.009,2026-03-12 13:30:00
1773322500000,654.28,654.28,654.28,654.28,0.007,2026-03-12 13:35:00
1773322800000,653.28,653.28,652.92,652.92,0.313,2026-03-12 13:40:00
1773323100000,652.92,652.92,652.92,652.92,0.0,2026-03-12 13:45:00
1773323400000,652.92,652.92,652.92,652.92,0.0,2026-03-12 13:50:00
1773323700000,652.92,652.92,652.92,652.92,0.0,2026-03-12 13:55:00
1773324000000,654.08,654.08,654.08,654.08,0.007,2026-03-12 14:00:00
1773324300000,654.08,654.08,654.08,654.08,0.0,2026-03-12 14:05:00
1773324600000,655.01,655.01,654.6,654.6,0.011,2026-03-12 14:10:00
1773324900000,654.6,654.6,654.6,654.6,0.0,2026-03-12 14:15:00
1773325200000,650.22,650.22,650.22,650.22,0.942,2026-03-12 14:20:00
1773325500000,650.63,650.63,649.83,649.83,0.56,2026-03-12 14:25:00
1773325800000,650.14,650.15,649.64,650.15,0.039,2026-03-12 14:30:00
1773326100000,649.33,650.33,647.72,647.72,0.443,2026-03-12 14:35:00
1773326400000,646.27,646.27,646.27,646.27,0.135,2026-03-12 14:40:00
1773326700000,646.27,646.27,646.27,646.27,0.0,2026-03-12 14:45:00
1773327000000,646.27,646.27,646.27,646.27,0.0,2026-03-12 14:50:00
1773327300000,646.16,646.16,646.13,646.13,0.059,2026-03-12 14:55:00
1773327600000,646.13,646.13,646.13,646.13,0.0,2026-03-12 15:00:00
1773327900000,646.13,646.13,646.13,646.13,0.0,2026-03-12 15:05:00
1773328200000,647.96,647.96,647.96,647.96,0.008,2026-03-12 15:10:00
1773328500000,647.96,647.96,647.96,647.96,0.0,2026-03-12 15:15:00
1773328800000,649.08,649.08,648.91,648.91,0.085,2026-03-12 15:20:00
1773329100000,651.58,652.37,651.58,652.25,1.438,2026-03-12 15:25:00
1773329400000,652.4,652.66,652.4,652.66,0.023,2026-03-12 15:30:00
1773329700000,652.66,652.66,652.66,652.66,0.0,2026-03-12 15:35:00
1773330000000,652.12,652.12,652.12,652.12,0.13,2026-03-12 15:40:00
1773330300000,651.67,651.67,651.67,651.67,0.081,2026-03-12 15:45:00
1773330600000,650.58,650.58,650.58,650.58,0.167,2026-03-12 15:50:00
1773330900000,650.58,650.58,650.58,650.58,0.0,2026-03-12 15:55:00
1773331200000,650.58,650.58,650.58,650.58,0.0,2026-03-12 16:00:00
1773331500000,649.14,649.14,649.0,649.0,1.221,2026-03-12 16:05:00
1773331800000,649.0,649.0,649.0,649.0,0.0,2026-03-12 16:10:00
1773332100000,649.84,649.84,649.84,649.84,0.005,2026-03-12 16:15:00
1773332400000,649.84,649.84,649.84,649.84,0.0,2026-03-12 16:20:00
1773332700000,650.11,650.11,650.11,650.11,0.01,2026-03-12 16:25:00
1773333000000,650.11,650.11,650.11,650.11,0.0,2026-03-12 16:30:00
1773333300000,649.48,649.48,649.48,649.48,0.011,2026-03-12 16:35:00
1773333600000,649.48,649.48,649.48,649.48,0.0,2026-03-12 16:40:00
1773333900000,651.85,651.85,650.4,650.4,0.072,2026-03-12 16:45:00
1773334200000,650.4,650.4,650.4,650.4,0.0,2026-03-12 16:50:00
1773334500000,651.32,651.32,651.32,651.32,0.802,2026-03-12 16:55:00
1773334800000,652.37,653.32,652.37,653.32,0.092,2026-03-12 17:00:00
1773335100000,653.32,653.32,653.32,653.32,0.0,2026-03-12 17:05:00
1773335400000,651.69,651.81,650.87,650.87,0.072,2026-03-12 17:10:00
1773335700000,650.87,650.87,650.87,650.87,0.0,2026-03-12 17:15:00
1773336000000,650.87,650.87,650.87,650.87,0.0,2026-03-12 17:20:00
1773336300000,650.87,650.87,650.87,650.87,0.0,2026-03-12 17:25:00
1773336600000,650.87,650.87,650.87,650.87,0.0,2026-03-12 17:30:00
1773336900000,650.87,650.87,650.87,650.87,0.0,2026-03-12 17:35:00
1773337200000,651.4,651.41,651.4,651.4,2.168,2026-03-12 17:40:00
1773337500000,650.87,650.87,650.87,650.87,2.431,2026-03-12 17:45:00
1773337800000,650.65,650.65,650.65,650.65,0.057,2026-03-12 17:50:00
1773338100000,650.65,650.65,650.65,650.65,0.0,2026-03-12 17:55:00
1773338400000,650.1,650.22,650.08,650.22,0.05,2026-03-12 18:00:00
1773338700000,650.22,650.22,650.22,650.22,0.0,2026-03-12 18:05:00
1773339000000,651.28,651.38,651.28,651.38,0.613,2026-03-12 18:10:00
1773339300000,651.38,651.38,651.38,651.38,0.0,2026-03-12 18:15:00
1773339600000,649.76,650.28,649.3,649.3,0.159,2026-03-12 18:20:00
1773339900000,649.3,649.3,649.3,649.3,0.0,2026-03-12 18:25:00
1773340200000,649.3,649.3,649.3,649.3,0.0,2026-03-12 18:30:00
1773340500000,649.3,649.3,649.3,649.3,0.0,2026-03-12 18:35:00
1773340800000,649.0,649.0,648.34,648.34,0.093,2026-03-12 18:40:00
1773341100000,648.78,648.78,648.78,648.78,0.007,2026-03-12 18:45:00
1773341400000,648.78,648.78,648.78,648.78,0.0,2026-03-12 18:50:00
1773341700000,648.78,648.78,648.78,648.78,0.0,2026-03-12 18:55:00
1773342000000,647.6,647.6,647.6,647.6,0.599,2026-03-12 19:00:00
1773342300000,647.73,647.73,647.47,647.47,0.736,2026-03-12 19:05:00
1773342600000,646.73,647.44,646.73,647.44,0.125,2026-03-12 19:10:00
1773342900000,648.06,648.51,648.06,648.51,0.018,2026-03-12 19:15:00
1773343200000,650.09,650.09,650.09,650.09,0.08,2026-03-12 19:20:00
1773343500000,650.09,650.09,650.09,650.09,0.0,2026-03-12 19:25:00
1773343800000,650.09,650.09,650.09,650.09,0.0,2026-03-12 19:30:00
1773344100000,650.04,650.38,650.04,650.38,0.801,2026-03-12 19:35:00
1773344400000,650.54,650.78,650.51,650.78,0.245,2026-03-12 19:40:00
1773344700000,650.78,650.78,650.78,650.78,0.0,2026-03-12 19:45:00
1773345000000,651.3,651.3,651.3,651.3,0.1,2026-03-12 19:50:00
1773345300000,651.59,651.59,651.59,651.59,0.006,2026-03-12 19:55:00
1773345600000,651.2,651.2,651.2,651.2,0.008,2026-03-12 20:00:00
1773345900000,651.44,651.44,651.44,651.44,0.008,2026-03-12 20:05:00
1773346200000,651.44,651.44,651.44,651.44,0.0,2026-03-12 20:10:00
1773346500000,651.44,651.44,651.44,651.44,0.0,2026-03-12 20:15:00
1773346800000,649.6,649.6,649.6,649.6,0.005,2026-03-12 20:20:00
1773347100000,650.45,650.58,650.45,650.58,0.138,2026-03-12 20:25:00
1773347400000,650.58,650.58,650.58,650.58,0.0,2026-03-12 20:30:00
1773347700000,650.58,650.58,650.58,650.58,0.0,2026-03-12 20:35:00
1773348000000,650.58,650.58,650.58,650.58,0.0,2026-03-12 20:40:00
1773348300000,650.58,650.58,650.58,650.58,0.0,2026-03-12 20:45:00
1773348600000,650.58,650.58,650.58,650.58,0.0,2026-03-12 20:50:00
1773348900000,649.57,651.12,649.57,651.12,0.038,2026-03-12 20:55:00
1773349200000,650.1,650.12,650.1,650.12,0.1,2026-03-12 21:00:00
1773349500000,650.76,650.84,650.76,650.84,0.092,2026-03-12 21:05:00
1773349800000,650.84,650.84,650.84,650.84,0.0,2026-03-12 21:10:00
1773350100000,650.84,650.84,650.84,650.84,0.0,2026-03-12 21:15:00
1773350400000,650.84,650.84,650.84,650.84,0.0,2026-03-12 21:20:00
1773350700000,650.73,650.73,650.46,650.46,0.158,2026-03-12 21:25:00
1773351000000,650.46,650.46,650.46,650.46,0.0,2026-03-12 21:30:00
1773351300000,650.46,650.46,650.46,650.46,0.0,2026-03-12 21:35:00
1773351600000,650.46,650.46,650.46,650.46,0.028,2026-03-12 21:40:00
1773351900000,651.02,651.02,651.02,651.02,0.002,2026-03-12 21:45:00
1773352200000,651.55,651.55,651.55,651.55,0.031,2026-03-12 21:50:00
1773352500000,651.71,651.71,651.71,651.71,0.093,2026-03-12 21:55:00
1773352800000,651.95,651.95,651.95,651.95,0.01,2026-03-12 22:00:00
1773353100000,651.29,651.91,651.29,651.91,1.28,2026-03-12 22:05:00
1773353400000,651.91,651.91,651.91,651.91,0.0,2026-03-12 22:10:00
1773353700000,651.27,651.27,651.27,651.27,0.002,2026-03-12 22:15:00
1773354000000,651.27,651.27,651.27,651.27,0.0,2026-03-12 22:20:00
1773354300000,651.27,651.27,651.27,651.27,0.0,2026-03-12 22:25:00
1773354600000,651.34,651.34,651.34,651.34,0.077,2026-03-12 22:30:00
1773354900000,650.56,650.56,650.56,650.56,0.523,2026-03-12 22:35:00
1773355200000,650.56,650.56,650.56,650.56,0.0,2026-03-12 22:40:00
1773355500000,650.56,650.56,650.56,650.56,0.0,2026-03-12 22:45:00
1773355800000,650.48,650.48,650.48,650.48,0.009,2026-03-12 22:50:00
1773356100000,650.75,650.96,650.75,650.96,1.686,2026-03-12 22:55:00
1773356400000,652.9,653.09,652.16,653.09,0.138,2026-03-12 23:00:00
1773356700000,653.09,653.09,653.09,653.09,0.0,2026-03-12 23:05:00
1773357000000,653.36,653.56,653.03,653.56,0.096,2026-03-12 23:10:00
1773357300000,654.0,654.0,654.0,654.0,0.009,2026-03-12 23:15:00
1773357600000,654.0,654.0,654.0,654.0,0.0,2026-03-12 23:20:00
1773357900000,653.8,653.81,653.8,653.81,1.588,2026-03-12 23:25:00
1773358200000,653.81,653.81,653.81,653.81,0.0,2026-03-12 23:30:00
1773358500000,653.81,653.81,653.81,653.81,0.0,2026-03-12 23:35:00
1773358800000,653.05,653.06,653.05,653.06,2.0,2026-03-12 23:40:00
1773359100000,653.06,653.06,653.06,653.06,0.0,2026-03-12 23:45:00
1773359400000,653.06,653.06,653.06,653.06,0.0,2026-03-12 23:50:00
1773359700000,651.19,651.19,651.19,651.19,0.008,2026-03-12 23:55:00
1773360000000,651.88,651.88,651.88,651.88,0.013,2026-03-13 00:00:00
1773360300000,651.41,651.41,651.41,651.41,1.003,2026-03-13 00:05:00
1773360600000,651.89,654.44,651.89,653.92,0.747,2026-03-13 00:10:00
1773360900000,655.97,659.01,655.97,657.44,1.25,2026-03-13 00:15:00
1773361200000,656.74,661.74,656.74,659.79,0.647,2026-03-13 00:20:00
1773361500000,659.79,660.28,658.12,658.33,0.101,2026-03-13 00:25:00
1773361800000,659.17,663.14,659.17,663.14,0.644,2026-03-13 00:30:00
1773362100000,662.68,662.68,662.25,662.61,0.112,2026-03-13 00:35:00
1773362400000,659.88,659.89,658.49,658.49,0.176,2026-03-13 00:40:00
1773362700000,659.08,659.08,658.76,658.76,0.065,2026-03-13 00:45:00
1773363000000,658.3,658.3,658.3,658.3,0.007,2026-03-13 00:50:00
1773363300000,657.6,657.9,657.34,657.34,0.017,2026-03-13 00:55:00
1773363600000,660.04,660.1,660.04,660.1,0.077,2026-03-13 01:00:00
1773363900000,659.26,659.51,659.26,659.51,0.017,2026-03-13 01:05:00
1773364200000,660.87,660.9,660.87,660.9,0.03,2026-03-13 01:10:00
1773364500000,660.9,660.9,660.9,660.9,0.0,2026-03-13 01:15:00
1773364800000,660.9,660.9,660.9,660.9,0.0,2026-03-13 01:20:00
1773365100000,660.02,660.02,660.02,660.02,0.038,2026-03-13 01:25:00
1773365400000,660.02,660.02,660.02,660.02,0.0,2026-03-13 01:30:00
1773365700000,660.02,660.02,660.02,660.02,0.0,2026-03-13 01:35:00
1773366000000,660.02,660.02,660.02,660.02,0.0,2026-03-13 01:40:00
1773366300000,660.02,660.02,660.02,660.02,0.0,2026-03-13 01:45:00
1773366600000,661.16,662.04,661.16,662.04,0.11,2026-03-13 01:50:00
1773366900000,661.71,661.71,661.71,661.71,0.008,2026-03-13 01:55:00
1773367200000,661.82,661.82,661.82,661.82,0.008,2026-03-13 02:00:00
1773367500000,661.82,661.82,661.82,661.82,0.0,2026-03-13 02:05:00
1773367800000,661.96,661.96,661.47,661.47,0.086,2026-03-13 02:10:00
1773368100000,661.74,661.79,661.74,661.79,0.226,2026-03-13 02:15:00
1773368400000,661.79,661.79,661.79,661.79,0.0,2026-03-13 02:20:00
1773368700000,661.79,661.79,661.79,661.79,0.0,2026-03-13 02:25:00
1773369000000,661.79,661.79,661.79,661.79,0.0,2026-03-13 02:30:00
1773369300000,659.79,659.79,659.77,659.79,1.095,2026-03-13 02:35:00
1773369600000,659.83,659.83,659.83,659.83,0.07,2026-03-13 02:40:00
1773369900000,659.83,659.83,659.83,659.83,0.0,2026-03-13 02:45:00
1773370200000,659.83,659.83,659.83,659.83,0.0,2026-03-13 02:50:00
1773370500000,659.83,659.83,659.83,659.83,0.0,2026-03-13 02:55:00
1773370800000,659.68,660.06,659.65,659.65,0.083,2026-03-13 03:00:00
1773371100000,659.65,659.65,659.65,659.65,0.0,2026-03-13 03:05:00
1773371400000,658.71,658.71,658.71,658.71,0.01,2026-03-13 03:10:00
1773371700000,659.03,659.03,658.55,658.55,0.024,2026-03-13 03:15:00
1773372000000,658.55,658.55,658.55,658.55,0.0,2026-03-13 03:20:00
1773372300000,658.55,658.55,658.55,658.55,0.0,2026-03-13 03:25:00
1773372600000,658.3,658.3,658.3,658.3,0.004,2026-03-13 03:30:00
1773372900000,658.3,658.3,658.3,658.3,0.0,2026-03-13 03:35:00
1773373200000,658.3,658.3,658.3,658.3,0.0,2026-03-13 03:40:00
1773373500000,658.3,658.3,658.3,658.3,0.0,2026-03-13 03:45:00
1773373800000,660.04,660.04,660.04,660.04,0.163,2026-03-13 03:50:00
1773374100000,661.67,661.67,661.67,661.67,0.014,2026-03-13 03:55:00
1773374400000,661.05,661.25,661.05,661.25,0.078,2026-03-13 04:00:00
1773374700000,661.44,661.63,661.44,661.63,0.106,2026-03-13 04:05:00
1773375000000,661.63,661.78,660.46,660.46,0.408,2026-03-13 04:10:00
1773375300000,660.29,660.29,660.29,660.29,0.758,2026-03-13 04:15:00
1773375600000,660.07,660.07,660.07,660.07,0.166,2026-03-13 04:20:00
1773375900000,660.07,660.07,660.07,660.07,0.0,2026-03-13 04:25:00
1773376200000,660.07,660.07,660.07,660.07,0.0,2026-03-13 04:30:00
1773376500000,660.07,660.07,660.07,660.07,0.0,2026-03-13 04:35:00
1773376800000,660.09,660.33,660.09,660.33,0.176,2026-03-13 04:40:00
1773377100000,660.33,660.33,660.33,660.33,0.0,2026-03-13 04:45:00
1773377400000,660.31,660.35,660.31,660.35,0.275,2026-03-13 04:50:00
1773377700000,660.35,660.35,660.35,660.35,0.0,2026-03-13 04:55:00
1773378000000,660.42,660.42,660.42,660.42,0.076,2026-03-13 05:00:00
1773378300000,660.71,660.71,660.71,660.71,0.008,2026-03-13 05:05:00
1773378600000,660.71,660.71,660.71,660.71,0.0,2026-03-13 05:10:00
1773378900000,659.75,659.75,659.75,659.75,0.06,2026-03-13 05:15:00
1773379200000,660.81,660.92,660.81,660.92,0.028,2026-03-13 05:20:00
1773379500000,660.92,660.92,660.92,660.92,0.0,2026-03-13 05:25:00
1773379800000,660.92,660.92,660.92,660.92,0.0,2026-03-13 05:30:00
1773380100000,660.92,660.92,660.92,660.92,0.0,2026-03-13 05:35:00
1773380400000,661.22,661.22,661.22,661.22,0.015,2026-03-13 05:40:00
1773380700000,661.22,661.22,661.22,661.22,0.0,2026-03-13 05:45:00
1773381000000,661.22,661.22,661.22,661.22,0.0,2026-03-13 05:50:00
1773381300000,661.22,661.22,661.22,661.22,0.0,2026-03-13 05:55:00
1773381600000,661.22,661.22,661.22,661.22,0.0,2026-03-13 06:00:00
1773381900000,661.22,661.22,661.22,661.22,0.0,2026-03-13 06:05:00
1773382200000,660.68,660.68,660.67,660.67,0.227,2026-03-13 06:10:00
1773382500000,660.67,660.67,660.67,660.67,0.0,2026-03-13 06:15:00
1773382800000,660.67,660.67,660.67,660.67,0.0,2026-03-13 06:20:00
1773383100000,660.67,660.67,660.67,660.67,0.0,2026-03-13 06:25:00
1773383400000,660.67,660.67,660.67,660.67,0.0,2026-03-13 06:30:00
1773383700000,660.67,660.67,660.67,660.67,0.0,2026-03-13 06:35:00
1773384000000,661.65,661.65,661.65,661.65,0.001,2026-03-13 06:40:00
1773384300000,661.29,661.35,661.29,661.35,0.016,2026-03-13 06:45:00
1773384600000,660.81,660.81,660.81,660.81,0.008,2026-03-13 06:50:00
1773384900000,660.81,660.81,660.81,660.81,0.0,2026-03-13 06:55:00
1773385200000,660.46,660.55,660.46,660.55,0.011,2026-03-13 07:00:00
1773385500000,660.55,660.55,660.55,660.55,0.0,2026-03-13 07:05:00
1773385800000,660.55,660.55,660.55,660.55,0.0,2026-03-13 07:10:00
1773386100000,662.81,663.64,662.81,663.64,0.27,2026-03-13 07:15:00
1773386400000,663.64,663.64,663.64,663.64,0.0,2026-03-13 07:20:00
1773386700000,663.77,663.77,663.76,663.76,0.154,2026-03-13 07:25:00
1773387000000,663.91,663.91,663.91,663.91,0.004,2026-03-13 07:30:00
1773387300000,663.91,663.91,663.91,663.91,0.0,2026-03-13 07:35:00
1773387600000,662.91,662.91,662.91,662.91,0.053,2026-03-13 07:40:00
1773387900000,662.94,662.94,662.94,662.94,0.008,2026-03-13 07:45:00
1773388200000,662.94,662.94,662.94,662.94,0.0,2026-03-13 07:50:00
1773388500000,662.94,662.94,662.94,662.94,0.0,2026-03-13 07:55:00
1773388800000,661.27,661.28,661.27,661.28,0.025,2026-03-13 08:00:00
1773389100000,661.28,661.28,661.28,661.28,0.0,2026-03-13 08:05:00
1773389400000,661.28,661.28,661.28,661.28,0.0,2026-03-13 08:10:00
1773389700000,661.28,661.28,661.28,661.28,0.0,2026-03-13 08:15:00
1773390000000,661.28,661.28,661.28,661.28,0.0,2026-03-13 08:20:00
1773390300000,661.28,661.28,661.28,661.28,0.0,2026-03-13 08:25:00
1773390600000,664.55,664.55,664.55,664.55,0.1,2026-03-13 08:30:00
1773390900000,665.0,667.59,665.0,665.99,2.031,2026-03-13 08:35:00
1773391200000,665.99,665.99,665.99,665.99,0.0,2026-03-13 08:40:00
1773391500000,666.92,666.92,666.33,666.33,0.017,2026-03-13 08:45:00
1773391800000,666.33,666.33,666.33,666.33,0.0,2026-03-13 08:50:00
1773392100000,666.33,666.33,666.33,666.33,0.0,2026-03-13 08:55:00
1773392400000,666.33,666.33,666.33,666.33,0.0,2026-03-13 09:00:00
1773392700000,666.5,666.61,666.5,666.61,0.022,2026-03-13 09:05:00
1773393000000,666.4,666.51,666.4,666.51,0.03,2026-03-13 09:10:00
1773393300000,664.44,664.44,663.89,663.89,0.045,2026-03-13 09:15:00
1773393600000,664.97,664.97,663.34,663.34,3.763,2026-03-13 09:20:00
1773393900000,663.34,663.34,663.34,663.34,0.0,2026-03-13 09:25:00
1773394200000,663.34,663.34,663.34,663.34,0.0,2026-03-13 09:30:00
1773394500000,663.34,663.34,663.34,663.34,0.0,2026-03-13 09:35:00
1773394800000,663.34,663.34,663.34,663.34,0.0,2026-03-13 09:40:00
1773395100000,663.34,663.34,663.34,663.34,0.0,2026-03-13 09:45:00
1773395400000,663.34,663.34,663.34,663.34,0.0,2026-03-13 09:50:00
1773395700000,663.34,663.34,663.34,663.34,0.0,2026-03-13 09:55:00
1773396000000,667.62,667.62,667.62,667.62,0.058,2026-03-13 10:00:00
1773396300000,668.0,668.0,668.0,668.0,0.105,2026-03-13 10:05:00
1773396600000,666.71,666.71,666.4,666.4,0.018,2026-03-13 10:10:00
1773396900000,667.53,667.64,666.73,667.22,0.34,2026-03-13 10:15:00
1773397200000,667.22,667.22,667.22,667.22,0.0,2026-03-13 10:20:00
1773397500000,667.22,667.22,667.22,667.22,0.0,2026-03-13 10:25:00
1773397800000,667.22,667.22,667.22,667.22,0.0,2026-03-13 10:30:00
1773398100000,667.22,667.22,667.22,667.22,0.063,2026-03-13 10:35:00
1773398400000,666.9,666.9,666.9,666.9,0.004,2026-03-13 10:40:00
1773398700000,666.9,666.9,666.9,666.9,0.0,2026-03-13 10:45:00
1773399000000,667.65,667.65,667.62,667.62,0.1,2026-03-13 10:50:00
1773399300000,667.62,667.62,667.62,667.62,0.0,2026-03-13 10:55:00
1773399600000,667.62,667.62,667.62,667.62,0.0,2026-03-13 11:00:00
1773399900000,667.29,667.29,667.29,667.29,0.007,2026-03-13 11:05:00
1773400200000,667.29,667.29,667.29,667.29,0.0,2026-03-13 11:10:00
1773400500000,666.11,666.11,666.11,666.11,0.071,2026-03-13 11:15:00
1773400800000,666.57,666.78,666.57,666.78,0.082,2026-03-13 11:20:00
1773401100000,666.78,666.78,666.78,666.78,0.0,2026-03-13 11:25:00
1773401400000,666.78,666.78,666.78,666.78,0.0,2026-03-13 11:30:00
1773401700000,666.78,666.78,666.78,666.78,0.0,2026-03-13 11:35:00
1773402000000,666.78,666.78,666.78,666.78,0.0,2026-03-13 11:40:00
1773402300000,666.72,666.72,666.72,666.72,0.007,2026-03-13 11:45:00
1773402600000,666.72,666.72,666.72,666.72,0.0,2026-03-13 11:50:00
1773402900000,666.29,666.29,666.29,666.29,0.009,2026-03-13 11:55:00
1773403200000,668.1,668.1,668.1,668.1,0.01,2026-03-13 12:00:00
1773403500000,668.09,669.84,666.87,668.11,0.29,2026-03-13 12:05:00
1773403800000,668.58,668.58,668.1,668.1,0.03,2026-03-13 12:10:00
1773404100000,668.88,668.88,668.1,668.1,0.045,2026-03-13 12:15:00
1773404400000,668.72,669.33,668.11,669.0,0.035,2026-03-13 12:20:00
1773404700000,668.2,668.2,668.2,668.2,0.007,2026-03-13 12:25:00
1773405000000,669.33,669.33,669.33,669.33,0.083,2026-03-13 12:30:00
1773405300000,668.41,669.5,668.41,668.7,0.696,2026-03-13 12:35:00
1773405600000,669.04,669.04,669.01,669.01,0.052,2026-03-13 12:40:00
1773405900000,669.85,672.67,669.85,672.67,1.047,2026-03-13 12:45:00
1773406200000,670.85,671.77,669.04,669.04,1.36,2026-03-13 12:50:00
1773406500000,671.43,671.43,671.43,671.43,0.045,2026-03-13 12:55:00
1773406800000,671.99,671.99,671.99,671.99,0.037,2026-03-13 13:00:00
1773407100000,671.99,671.99,671.99,671.99,0.0,2026-03-13 13:05:00
1773407400000,671.66,671.66,671.66,671.66,0.037,2026-03-13 13:10:00
1773407700000,672.09,677.95,670.3,677.95,0.579,2026-03-13 13:15:00
1773408000000,677.95,677.95,674.4,676.5,0.97,2026-03-13 13:20:00
1773408300000,675.89,676.3,674.34,674.59,1.11,2026-03-13 13:25:00
1773408600000,674.59,674.59,674.59,674.59,0.0,2026-03-13 13:30:00
1773408900000,672.06,674.57,672.06,674.57,0.199,2026-03-13 13:35:00
1773409200000,674.98,674.98,674.98,674.98,0.022,2026-03-13 13:40:00
1773409500000,676.72,676.72,675.63,675.83,0.169,2026-03-13 13:45:00
1773409800000,675.0,675.0,673.33,673.33,0.363,2026-03-13 13:50:00
1773410100000,674.81,675.92,673.56,673.56,0.189,2026-03-13 13:55:00
1773410400000,673.56,673.56,673.56,673.56,0.0,2026-03-13 14:00:00
1773410700000,675.43,675.43,672.65,673.31,0.278,2026-03-13 14:05:00
1773411000000,673.57,675.5,673.57,675.5,0.19,2026-03-13 14:10:00
1773411300000,675.5,675.5,675.5,675.5,0.0,2026-03-13 14:15:00
1773411600000,676.48,676.48,674.6,674.6,0.75,2026-03-13 14:20:00
1773411900000,674.6,674.6,674.6,674.6,0.0,2026-03-13 14:25:00
1773412200000,676.96,676.96,676.96,676.96,0.022,2026-03-13 14:30:00
1773412500000,674.75,674.75,673.55,673.55,0.052,2026-03-13 14:35:00
1773412800000,672.76,672.76,672.62,672.62,0.29,2026-03-13 14:40:00
1773413100000,672.16,672.16,672.16,672.16,0.157,2026-03-13 14:45:00
1773413400000,670.0,670.32,668.76,668.76,1.088,2026-03-13 14:50:00
1773413700000,668.93,670.22,667.41,667.41,1.189,2026-03-13 14:55:00
1773414000000,668.69,668.69,668.69,668.69,0.35,2026-03-13 15:00:00
1773414300000,670.24,670.28,670.24,670.28,0.018,2026-03-13 15:05:00
1773414600000,670.28,670.28,670.28,670.28,0.0,2026-03-13 15:10:00
1773414900000,670.28,670.28,670.28,670.28,0.0,2026-03-13 15:15:00
1773415200000,670.28,670.28,670.28,670.28,0.0,2026-03-13 15:20:00
1773415500000,670.28,670.28,670.28,670.28,0.0,2026-03-13 15:25:00
1773415800000,668.42,668.42,668.0,668.0,0.107,2026-03-13 15:30:00
1773416100000,666.11,666.11,665.79,665.79,6.66,2026-03-13 15:35:00
1773416400000,666.53,666.55,663.65,663.65,0.179,2026-03-13 15:40:00
1773416700000,663.18,663.18,663.18,663.18,0.106,2026-03-13 15:45:00
1773417000000,663.18,663.18,663.18,663.18,0.0,2026-03-13 15:50:00
1773417300000,661.3,661.3,661.18,661.18,0.147,2026-03-13 15:55:00
1773417600000,662.91,662.91,661.72,661.72,1.393,2026-03-13 16:00:00
1773417900000,660.94,662.07,659.77,660.67,0.961,2026-03-13 16:05:00
1773418200000,661.64,661.64,661.64,661.64,0.015,2026-03-13 16:10:00
1773418500000,661.04,661.04,659.45,659.84,0.089,2026-03-13 16:15:00
1773418800000,659.64,659.64,659.64,659.64,0.226,2026-03-13 16:20:00
1773419100000,658.89,658.89,658.5,658.5,0.098,2026-03-13 16:25:00
1773419400000,660.05,660.05,660.05,660.05,0.007,2026-03-13 16:30:00
1773419700000,660.41,660.41,660.41,660.41,0.009,2026-03-13 16:35:00
1773420000000,662.53,664.35,662.53,664.35,0.194,2026-03-13 16:40:00
1773420300000,664.35,664.35,664.35,664.35,0.0,2026-03-13 16:45:00
1773420600000,663.15,664.5,662.98,662.98,5.484,2026-03-13 16:50:00
1773420900000,662.98,662.98,662.98,662.98,0.0,2026-03-13 16:55:00
1773421200000,662.15,662.15,661.41,661.49,0.045,2026-03-13 17:00:00
1773421500000,661.49,661.49,661.49,661.49,0.0,2026-03-13 17:05:00
1773421800000,661.49,661.49,661.49,661.49,0.0,2026-03-13 17:10:00
1773422100000,661.49,661.49,661.49,661.49,0.0,2026-03-13 17:15:00
1773422400000,662.5,662.5,660.72,660.72,0.015,2026-03-13 17:20:00
1773422700000,659.75,659.75,659.51,659.72,0.044,2026-03-13 17:25:00
1773423000000,659.72,659.72,659.72,659.72,0.0,2026-03-13 17:30:00
1773423300000,659.72,659.72,659.72,659.72,0.0,2026-03-13 17:35:00
1773423600000,657.73,657.73,657.0,657.0,6.312,2026-03-13 17:40:00
1773423900000,657.0,657.0,657.0,657.0,0.0,2026-03-13 17:45:00
1773424200000,655.0,655.0,655.0,655.0,0.086,2026-03-13 17:50:00
1773424500000,653.79,653.79,653.78,653.78,1.494,2026-03-13 17:55:00
1773424800000,653.78,653.78,653.78,653.78,0.0,2026-03-13 18:00:00
1773425100000,655.98,656.77,655.98,656.77,0.169,2026-03-13 18:05:00
1773425400000,655.77,656.04,655.34,655.8,0.203,2026-03-13 18:10:00
1773425700000,655.8,655.8,655.8,655.8,0.0,2026-03-13 18:15:00
1773426000000,655.37,655.76,655.37,655.76,0.011,2026-03-13 18:20:00
1773426300000,655.76,655.76,655.76,655.76,0.0,2026-03-13 18:25:00
1773426600000,655.76,655.76,655.76,655.76,0.0,2026-03-13 18:30:00
1773426900000,655.76,655.76,655.76,655.76,0.0,2026-03-13 18:35:00
1773427200000,655.76,655.76,655.76,655.76,0.0,2026-03-13 18:40:00
1773427500000,655.76,655.76,655.76,655.76,0.0,2026-03-13 18:45:00
1773427800000,657.06,657.07,657.06,657.07,0.304,2026-03-13 18:50:00
1773428100000,657.15,657.15,657.15,657.15,0.038,2026-03-13 18:55:00
1773428400000,657.15,657.15,657.15,657.15,0.0,2026-03-13 19:00:00
1773428700000,656.12,656.12,656.12,656.12,0.003,2026-03-13 19:05:00
1773429000000,657.62,657.62,657.62,657.62,0.008,2026-03-13 19:10:00
1773429300000,657.28,657.91,657.28,657.91,0.018,2026-03-13 19:15:00
1773429600000,657.03,657.04,657.03,657.04,0.024,2026-03-13 19:20:00
1773429900000,657.04,657.04,657.04,657.04,0.0,2026-03-13 19:25:00
1773430200000,657.04,657.04,657.04,657.04,0.0,2026-03-13 19:30:00
1773430500000,657.04,657.04,657.04,657.04,0.0,2026-03-13 19:35:00
1773430800000,657.04,657.04,657.04,657.04,0.0,2026-03-13 19:40:00
1773431100000,657.04,657.04,657.04,657.04,0.0,2026-03-13 19:45:00
1773431400000,657.04,657.04,657.04,657.04,0.0,2026-03-13 19:50:00
1773431700000,657.04,657.04,657.04,657.04,0.0,2026-03-13 19:55:00
1773432000000,657.04,657.04,657.04,657.04,0.0,2026-03-13 20:00:00
1773432300000,657.04,657.04,657.04,657.04,0.0,2026-03-13 20:05:00
1773432600000,657.54,657.55,657.54,657.55,0.1,2026-03-13 20:10:00
1773432900000,657.55,657.55,657.55,657.55,0.0,2026-03-13 20:15:00
1773433200000,657.56,657.56,657.56,657.56,0.016,2026-03-13 20:20:00
1773433500000,657.51,657.51,657.51,657.51,0.003,2026-03-13 20:25:00
1773433800000,657.44,657.44,657.44,657.44,0.003,2026-03-13 20:30:00
1773434100000,656.09,656.29,656.06,656.29,0.847,2026-03-13 20:35:00
1773434400000,656.29,656.29,656.29,656.29,0.0,2026-03-13 20:40:00
1773434700000,656.27,656.27,656.27,656.27,0.005,2026-03-13 20:45:00
1773435000000,656.27,656.27,656.27,656.27,0.0,2026-03-13 20:50:00
1773435300000,656.27,656.27,656.27,656.27,0.0,2026-03-13 20:55:00
1773435600000,657.35,657.99,657.35,657.99,0.053,2026-03-13 21:00:00
1773435900000,657.92,657.92,657.92,657.92,0.003,2026-03-13 21:05:00
1773436200000,657.81,657.81,657.81,657.81,0.936,2026-03-13 21:10:00
1773436500000,657.81,657.81,657.81,657.81,0.0,2026-03-13 21:15:00
1773436800000,658.12,658.12,658.12,658.12,0.015,2026-03-13 21:20:00
1773437100000,657.42,657.42,657.42,657.42,0.006,2026-03-13 21:25:00
1773437400000,657.42,657.42,657.42,657.42,0.0,2026-03-13 21:30:00
1773437700000,657.17,657.17,656.84,656.84,1.145,2026-03-13 21:35:00
1773438000000,656.84,656.84,656.84,656.84,0.0,2026-03-13 21:40:00
1773438300000,657.15,657.15,657.15,657.15,0.156,2026-03-13 21:45:00
1773438600000,657.17,657.17,657.17,657.17,0.08,2026-03-13 21:50:00
1773438900000,657.17,657.17,657.17,657.17,0.0,2026-03-13 21:55:00
1773439200000,657.17,657.17,657.17,657.17,0.0,2026-03-13 22:00:00
1773439500000,654.93,654.93,654.93,654.93,0.008,2026-03-13 22:05:00
1773439800000,654.93,654.93,654.93,654.93,0.0,2026-03-13 22:10:00
1773440100000,655.5,655.5,655.5,655.5,0.087,2026-03-13 22:15:00
1773440400000,653.44,653.44,653.44,653.44,0.009,2026-03-13 22:20:00
1773440700000,653.44,653.44,653.44,653.44,0.0,2026-03-13 22:25:00
1773441000000,653.44,653.44,653.44,653.44,0.0,2026-03-13 22:30:00
1773441300000,652.8,652.8,652.8,652.8,0.357,2026-03-13 22:35:00
1773441600000,654.5,654.5,654.5,654.5,0.01,2026-03-13 22:40:00
1773441900000,654.5,654.5,654.5,654.5,0.0,2026-03-13 22:45:00
1773442200000,654.5,654.5,654.5,654.5,0.0,2026-03-13 22:50:00
1773442500000,656.02,656.02,655.88,655.88,0.015,2026-03-13 22:55:00
1773442800000,655.88,655.88,655.88,655.88,0.0,2026-03-13 23:00:00
1773443100000,655.88,655.88,655.88,655.88,0.0,2026-03-13 23:05:00
1773443400000,654.58,655.26,654.58,655.26,0.111,2026-03-13 23:10:00
1773443700000,655.26,655.26,655.26,655.26,0.0,2026-03-13 23:15:00
1773444000000,654.96,654.96,654.96,654.96,0.05,2026-03-13 23:20:00
1773444300000,655.64,655.64,655.64,655.64,0.006,2026-03-13 23:25:00
1773444600000,655.64,655.64,655.64,655.64,0.0,2026-03-13 23:30:00
1773444900000,655.64,655.64,655.64,655.64,0.0,2026-03-13 23:35:00
1773445200000,655.64,655.64,655.64,655.64,0.0,2026-03-13 23:40:00
1773445500000,655.64,655.64,655.64,655.64,0.0,2026-03-13 23:45:00
1773445800000,655.94,655.94,655.94,655.94,0.005,2026-03-13 23:50:00
1773446100000,655.94,655.94,655.94,655.94,0.0,2026-03-13 23:55:00
1773446400000,654.66,654.66,654.66,654.66,0.33,2026-03-14 00:00:00
1773446700000,655.1,655.1,655.1,655.1,0.072,2026-03-14 00:05:00
1773447000000,655.1,655.1,655.1,655.1,0.0,2026-03-14 00:10:00
1773447300000,655.65,656.81,654.87,655.05,0.364,2026-03-14 00:15:00
1773447600000,655.05,655.94,655.05,655.58,0.056,2026-03-14 00:20:00
1773447900000,655.14,655.14,654.28,654.86,0.12,2026-03-14 00:25:00
1773448200000,655.13,655.13,654.51,654.75,0.024,2026-03-14 00:30:00
1773448500000,654.87,654.87,654.68,654.68,0.011,2026-03-14 00:35:00
1773448800000,654.68,654.68,654.68,654.68,0.0,2026-03-14 00:40:00
1773449100000,654.68,654.68,654.68,654.68,0.0,2026-03-14 00:45:00
1773449400000,654.68,654.68,654.68,654.68,0.0,2026-03-14 00:50:00
1773449700000,654.68,654.68,654.68,654.68,0.0,2026-03-14 00:55:00
1773450000000,654.11,654.11,654.11,654.11,0.129,2026-03-14 01:00:00
1773450300000,654.12,654.13,654.12,654.13,0.038,2026-03-14 01:05:00
1773450600000,653.89,653.92,653.89,653.92,0.03,2026-03-14 01:10:00
1773450900000,653.92,653.92,653.92,653.92,0.0,2026-03-14 01:15:00
1773451200000,654.74,654.74,654.74,654.74,0.008,2026-03-14 01:20:00
1773451500000,654.74,654.74,654.74,654.74,0.0,2026-03-14 01:25:00
1773451800000,654.54,654.54,654.22,654.22,0.006,2026-03-14 01:30:00
1773452100000,654.22,654.22,654.22,654.22,0.0,2026-03-14 01:35:00
1773452400000,654.32,654.35,654.32,654.35,0.353,2026-03-14 01:40:00
1773452700000,654.35,654.35,654.35,654.35,0.0,2026-03-14 01:45:00
1773453000000,656.06,656.06,656.06,656.06,0.008,2026-03-14 01:50:00
1773453300000,656.78,656.78,656.78,656.78,0.034,2026-03-14 01:55:00
1773453600000,656.22,656.22,656.22,656.22,0.152,2026-03-14 02:00:00
1773453900000,656.2,656.2,656.2,656.2,0.061,2026-03-14 02:05:00
1773454200000,656.2,656.2,656.2,656.2,0.0,2026-03-14 02:10:00
1773454500000,656.2,656.2,656.2,656.2,0.0,2026-03-14 02:15:00
1773454800000,656.51,656.51,656.51,656.51,0.01,2026-03-14 02:20:00
1773455100000,656.2,656.2,656.2,656.2,0.152,2026-03-14 02:25:00
1773455400000,656.05,656.05,656.05,656.05,0.01,2026-03-14 02:30:00
1773455700000,656.05,656.05,656.05,656.05,0.0,2026-03-14 02:35:00
1773456000000,656.05,656.05,656.05,656.05,0.0,2026-03-14 02:40:00
1773456300000,656.05,656.05,656.05,656.05,0.0,2026-03-14 02:45:00
1773456600000,655.05,655.05,655.05,655.05,0.004,2026-03-14 02:50:00
1773456900000,655.38,655.38,655.38,655.38,0.151,2026-03-14 02:55:00
1773457200000,655.42,655.44,655.42,655.44,0.006,2026-03-14 03:00:00
1773457500000,655.44,655.54,655.44,655.54,0.157,2026-03-14 03:05:00
1773457800000,656.36,656.36,656.36,656.36,0.005,2026-03-14 03:10:00
1773458100000,656.36,656.36,656.36,656.36,0.0,2026-03-14 03:15:00
1773458400000,656.24,656.28,656.24,656.28,1.629,2026-03-14 03:20:00
1773458700000,656.72,656.72,656.72,656.72,0.057,2026-03-14 03:25:00
1773459000000,656.72,656.72,656.72,656.72,0.043,2026-03-14 03:30:00
1773459300000,657.03,657.03,657.03,657.03,1.627,2026-03-14 03:35:00
1773459600000,657.03,657.03,657.03,657.03,0.0,2026-03-14 03:40:00
1773459900000,657.03,657.03,657.03,657.03,0.0,2026-03-14 03:45:00
1773460200000,657.03,657.03,657.03,657.03,0.0,2026-03-14 03:50:00
1773460500000,656.48,656.48,656.48,656.48,0.005,2026-03-14 03:55:00
1773460800000,656.48,656.48,656.48,656.48,0.0,2026-03-14 04:00:00
1773461100000,656.89,657.17,656.89,657.17,3.948,2026-03-14 04:05:00
1773461400000,657.17,657.17,656.99,656.99,0.019,2026-03-14 04:10:00
1773461700000,656.99,656.99,656.99,656.99,0.0,2026-03-14 04:15:00
1773462000000,656.99,656.99,656.99,656.99,0.0,2026-03-14 04:20:00
1773462300000,656.99,656.99,656.99,656.99,0.0,2026-03-14 04:25:00
1773462600000,656.99,656.99,656.99,656.99,0.0,2026-03-14 04:30:00
1773462900000,657.17,657.17,657.17,657.17,1.361,2026-03-14 04:35:00
1773463200000,657.91,657.99,657.91,657.99,1.625,2026-03-14 04:40:00
1773463500000,657.99,657.99,657.99,657.99,0.0,2026-03-14 04:45:00
1773463800000,657.99,657.99,657.99,657.99,0.0,2026-03-14 04:50:00
1773464100000,656.15,656.15,656.15,656.15,0.007,2026-03-14 04:55:00
1773464400000,655.53,655.53,655.53,655.53,0.035,2026-03-14 05:00:00
1773464700000,655.17,655.89,655.17,655.34,0.27,2026-03-14 05:05:00
1773465000000,655.9,655.9,655.9,655.9,0.018,2026-03-14 05:10:00
1773465300000,655.9,655.9,655.9,655.9,0.0,2026-03-14 05:15:00
1773465600000,655.9,655.9,655.9,655.9,0.0,2026-03-14 05:20:00
1773465900000,655.9,655.9,655.9,655.9,0.0,2026-03-14 05:25:00
1773466200000,655.9,655.9,655.9,655.9,0.0,2026-03-14 05:30:00
1773466500000,655.19,655.19,655.19,655.19,0.011,2026-03-14 05:35:00
1773466800000,655.49,655.49,655.49,655.49,0.016,2026-03-14 05:40:00
1773467100000,655.56,655.56,655.56,655.56,0.003,2026-03-14 05:45:00
1773467400000,655.56,655.56,655.56,655.56,0.0,2026-03-14 05:50:00
1773467700000,655.56,655.56,655.56,655.56,0.0,2026-03-14 05:55:00
1773468000000,655.56,655.56,655.56,655.56,0.0,2026-03-14 06:00:00
1773468300000,655.56,655.56,655.56,655.56,0.0,2026-03-14 06:05:00
1773468600000,655.56,655.56,655.56,655.56,0.0,2026-03-14 06:10:00
1773468900000,655.56,655.56,655.56,655.56,0.0,2026-03-14 06:15:00
1773469200000,654.04,654.04,654.04,654.04,0.026,2026-03-14 06:20:00
1773469500000,654.04,654.04,654.04,654.04,0.0,2026-03-14 06:25:00
1773469800000,653.28,653.28,653.28,653.28,0.16,2026-03-14 06:30:00
1773470100000,652.89,653.16,652.72,652.72,0.012,2026-03-14 06:35:00
1773470400000,651.97,652.08,650.91,652.08,0.239,2026-03-14 06:40:00
1773470700000,652.08,652.08,652.08,652.08,0.0,2026-03-14 06:45:00
1773471000000,652.08,652.08,652.08,652.08,0.0,2026-03-14 06:50:00
1773471300000,652.08,652.08,652.08,652.08,0.0,2026-03-14 06:55:00
1773471600000,652.08,652.08,652.08,652.08,0.0,2026-03-14 07:00:00
1773471900000,652.08,652.08,652.08,652.08,0.0,2026-03-14 07:05:00
1773472200000,652.08,652.08,652.08,652.08,0.0,2026-03-14 07:10:00
1773472500000,652.08,652.08,652.08,652.08,0.0,2026-03-14 07:15:00
1773472800000,652.08,652.08,652.08,652.08,0.0,2026-03-14 07:20:00
1773473100000,652.08,652.08,652.08,652.08,0.0,2026-03-14 07:25:00
1773473400000,652.08,652.08,652.08,652.08,0.0,2026-03-14 07:30:00
1773473700000,652.08,652.08,652.08,652.08,0.0,2026-03-14 07:35:00
1773474000000,652.08,652.08,652.08,652.08,0.0,2026-03-14 07:40:00
1773474300000,652.51,652.51,652.51,652.51,0.031,2026-03-14 07:45:00
1773474600000,652.51,652.51,652.51,652.51,0.0,2026-03-14 07:50:00
1773474900000,652.51,652.51,652.51,652.51,0.0,2026-03-14 07:55:00
1773475200000,652.51,652.51,652.51,652.51,0.0,2026-03-14 08:00:00
1773475500000,652.51,652.51,652.51,652.51,0.0,2026-03-14 08:05:00
1773475800000,652.51,652.51,652.51,652.51,0.0,2026-03-14 08:10:00
1773476100000,652.51,652.51,652.51,652.51,0.0,2026-03-14 08:15:00
1773476400000,652.51,652.51,652.51,652.51,0.0,2026-03-14 08:20:00
1773476700000,652.51,652.51,652.51,652.51,0.0,2026-03-14 08:25:00
1773477000000,652.51,652.51,652.51,652.51,0.0,2026-03-14 08:30:00
1773477300000,652.51,652.51,652.51,652.51,0.0,2026-03-14 08:35:00
1773477600000,652.51,652.51,652.51,652.51,0.0,2026-03-14 08:40:00
1773477900000,652.51,652.51,652.51,652.51,0.0,2026-03-14 08:45:00
1773478200000,652.51,652.51,652.51,652.51,0.0,2026-03-14 08:50:00
1773478500000,652.51,652.51,652.51,652.51,0.0,2026-03-14 08:55:00
1773478800000,651.79,652.26,651.77,652.26,0.052,2026-03-14 09:00:00
1773479100000,652.75,652.75,652.75,652.75,0.916,2026-03-14 09:05:00
1773479400000,652.75,652.75,652.75,652.75,0.0,2026-03-14 09:10:00
1773479700000,652.75,652.75,652.75,652.75,0.0,2026-03-14 09:15:00
1773480000000,652.23,652.64,652.05,652.64,8.8,2026-03-14 09:20:00
1773480300000,652.8,652.8,652.34,652.34,0.158,2026-03-14 09:25:00
1773480600000,652.34,652.34,652.34,652.34,0.0,2026-03-14 09:30:00
1773480900000,652.67,652.67,652.4,652.4,0.004,2026-03-14 09:35:00
1773481200000,652.4,652.4,652.4,652.4,0.0,2026-03-14 09:40:00
1773481500000,652.4,652.4,652.4,652.4,0.0,2026-03-14 09:45:00
1773481800000,652.4,652.4,652.4,652.4,0.0,2026-03-14 09:50:00
1773482100000,652.4,652.4,652.4,652.4,0.0,2026-03-14 09:55:00
1773482400000,652.4,652.4,652.4,652.4,0.0,2026-03-14 10:00:00
1773482700000,652.4,652.4,652.4,652.4,0.0,2026-03-14 10:05:00
1773483000000,652.4,652.4,652.4,652.4,0.0,2026-03-14 10:10:00
1773483300000,651.24,651.24,651.24,651.24,0.015,2026-03-14 10:15:00
1773483600000,651.24,651.24,651.24,651.24,0.0,2026-03-14 10:20:00
1773483900000,651.24,651.24,651.24,651.24,0.0,2026-03-14 10:25:00
1773484200000,650.45,650.45,650.45,650.45,0.058,2026-03-14 10:30:00
1773484500000,650.45,650.45,650.45,650.45,0.0,2026-03-14 10:35:00
1773484800000,650.45,650.45,650.45,650.45,0.0,2026-03-14 10:40:00
1773485100000,650.45,650.45,650.45,650.45,0.0,2026-03-14 10:45:00
1773485400000,650.45,650.45,650.45,650.45,0.0,2026-03-14 10:50:00
1773485700000,651.28,651.28,651.28,651.28,0.008,2026-03-14 10:55:00
1773486000000,651.28,651.28,651.28,651.28,0.0,2026-03-14 11:00:00
1773486300000,651.28,651.28,651.28,651.28,0.0,2026-03-14 11:05:00
1773486600000,651.28,651.28,651.28,651.28,0.0,2026-03-14 11:10:00
1773486900000,652.16,652.16,652.16,652.16,0.1,2026-03-14 11:15:00
1773487200000,652.16,652.16,652.16,652.16,0.0,2026-03-14 11:20:00
1773487500000,652.16,652.16,652.16,652.16,0.0,2026-03-14 11:25:00
1773487800000,652.16,652.16,652.16,652.16,0.0,2026-03-14 11:30:00
1773488100000,652.16,652.16,652.16,652.16,0.0,2026-03-14 11:35:00
1773488400000,653.15,653.15,653.15,653.15,0.008,2026-03-14 11:40:00
1773488700000,653.43,653.43,653.43,653.43,0.009,2026-03-14 11:45:00
1773489000000,653.43,653.43,653.43,653.43,0.0,2026-03-14 11:50:00
1773489300000,653.43,653.43,653.43,653.43,0.0,2026-03-14 11:55:00
1773489600000,653.43,653.43,653.43,653.43,0.0,2026-03-14 12:00:00
1773489900000,653.43,653.43,653.43,653.43,0.0,2026-03-14 12:05:00
1773490200000,652.87,653.43,652.85,653.43,0.432,2026-03-14 12:10:00
1773490500000,653.43,653.43,653.43,653.43,0.0,2026-03-14 12:15:00
1773490800000,653.43,653.43,653.43,653.43,0.0,2026-03-14 12:20:00
1773491100000,653.43,653.43,653.43,653.43,0.0,2026-03-14 12:25:00
1773491400000,653.21,653.21,653.21,653.21,0.011,2026-03-14 12:30:00
1773491700000,653.21,653.21,653.21,653.21,0.0,2026-03-14 12:35:00
1773492000000,652.92,652.92,652.52,652.52,0.158,2026-03-14 12:40:00
1773492300000,652.52,652.52,652.52,652.52,0.0,2026-03-14 12:45:00
1773492600000,653.88,653.88,653.88,653.88,0.1,2026-03-14 12:50:00
1773492900000,653.88,653.88,653.88,653.88,0.0,2026-03-14 12:55:00
1773493200000,653.88,653.88,653.88,653.88,0.0,2026-03-14 13:00:00
1773493500000,653.88,653.88,653.88,653.88,0.0,2026-03-14 13:05:00
1773493800000,653.26,653.27,653.26,653.27,0.023,2026-03-14 13:10:00
1773494100000,653.27,653.27,653.27,653.27,0.0,2026-03-14 13:15:00
1773494400000,653.47,653.47,653.47,653.47,0.015,2026-03-14 13:20:00
1773494700000,653.47,653.47,653.47,653.47,0.0,2026-03-14 13:25:00
1773495000000,653.47,653.47,653.47,653.47,0.0,2026-03-14 13:30:00
1773495300000,653.47,653.47,653.47,653.47,0.0,2026-03-14 13:35:00
1773495600000,653.47,653.47,653.47,653.47,0.0,2026-03-14 13:40:00
1773495900000,654.33,654.36,653.71,653.71,1.0,2026-03-14 13:45:00
1773496200000,653.71,653.71,653.71,653.71,0.0,2026-03-14 13:50:00
1773496500000,653.71,653.71,653.71,653.71,0.0,2026-03-14 13:55:00
1773496800000,654.2,654.2,653.69,653.69,0.297,2026-03-14 14:00:00
1773497100000,653.69,653.69,653.69,653.69,0.0,2026-03-14 14:05:00
1773497400000,653.24,653.24,652.83,652.83,0.011,2026-03-14 14:10:00
1773497700000,652.83,652.83,652.83,652.83,0.0,2026-03-14 14:15:00
1773498000000,652.83,652.83,652.83,652.83,0.0,2026-03-14 14:20:00
1773498300000,652.83,652.83,652.83,652.83,0.0,2026-03-14 14:25:00
1773498600000,653.24,653.24,653.24,653.24,1.534,2026-03-14 14:30:00
1773498900000,653.24,653.24,653.24,653.24,0.0,2026-03-14 14:35:00
1773499200000,653.24,653.24,653.24,653.24,0.0,2026-03-14 14:40:00
1773499500000,653.24,653.24,653.24,653.24,0.0,2026-03-14 14:45:00
1773499800000,653.24,653.24,653.24,653.24,0.0,2026-03-14 14:50:00
1773500100000,653.24,653.24,653.24,653.24,0.0,2026-03-14 14:55:00
1773500400000,652.4,652.4,652.4,652.4,0.229,2026-03-14 15:00:00
1773500700000,652.6,652.6,652.6,652.6,0.001,2026-03-14 15:05:00
1773501000000,652.6,652.6,652.6,652.6,0.0,2026-03-14 15:10:00
1773501300000,652.79,652.79,652.65,652.65,0.066,2026-03-14 15:15:00
1773501600000,652.65,652.65,652.65,652.65,0.0,2026-03-14 15:20:00
1773501900000,652.65,652.65,652.65,652.65,0.0,2026-03-14 15:25:00
1773502200000,652.63,652.63,652.63,652.63,0.008,2026-03-14 15:30:00
1773502500000,652.63,652.63,652.63,652.63,0.0,2026-03-14 15:35:00
1773502800000,652.56,652.99,652.56,652.99,0.235,2026-03-14 15:40:00
1773503100000,652.99,652.99,652.99,652.99,0.0,2026-03-14 15:45:00
1773503400000,652.99,652.99,652.99,652.99,0.0,2026-03-14 15:50:00
1773503700000,653.54,653.54,653.54,653.54,0.015,2026-03-14 15:55:00
1773504000000,652.83,652.83,652.83,652.83,0.008,2026-03-14 16:00:00
1773504300000,652.97,652.97,652.97,652.97,0.011,2026-03-14 16:05:00
1773504600000,652.97,652.97,652.97,652.97,0.0,2026-03-14 16:10:00
1773504900000,652.85,652.85,652.85,652.85,0.005,2026-03-14 16:15:00
1773505200000,652.85,652.85,652.85,652.85,0.0,2026-03-14 16:20:00
1773505500000,652.85,652.85,652.85,652.85,0.0,2026-03-14 16:25:00
1773505800000,652.85,652.85,652.85,652.85,0.0,2026-03-14 16:30:00
1773506100000,654.41,654.41,654.41,654.41,0.008,2026-03-14 16:35:00
1773506400000,654.41,654.41,654.41,654.41,0.0,2026-03-14 16:40:00
1773506700000,654.41,654.41,654.41,654.41,0.0,2026-03-14 16:45:00
1773507000000,654.41,654.41,654.41,654.41,0.0,2026-03-14 16:50:00
1773507300000,654.41,654.41,654.41,654.41,0.0,2026-03-14 16:55:00
1773507600000,654.41,654.41,654.41,654.41,0.0,2026-03-14 17:00:00
1773507900000,654.41,654.41,654.41,654.41,0.0,2026-03-14 17:05:00
1773508200000,653.97,654.17,653.97,654.17,0.01,2026-03-14 17:10:00
1773508500000,654.17,654.17,654.17,654.17,0.0,2026-03-14 17:15:00
1773508800000,654.17,654.17,654.17,654.17,0.0,2026-03-14 17:20:00
1773509100000,654.17,654.17,654.17,654.17,0.0,2026-03-14 17:25:00
1773509400000,653.8,653.8,653.8,653.8,0.015,2026-03-14 17:30:00
1773509700000,653.88,653.88,653.88,653.88,0.038,2026-03-14 17:35:00
1773510000000,653.88,653.88,653.88,653.88,0.0,2026-03-14 17:40:00
1773510300000,653.88,653.88,653.88,653.88,0.0,2026-03-14 17:45:00
1773510600000,653.88,653.88,653.88,653.88,0.0,2026-03-14 17:50:00
1773510900000,653.88,653.88,653.88,653.88,0.0,2026-03-14 17:55:00
1773511200000,653.88,653.88,653.88,653.88,0.0,2026-03-14 18:00:00
1773511500000,653.88,653.88,653.88,653.88,0.0,2026-03-14 18:05:00
1773511800000,653.07,653.14,653.06,653.14,0.406,2026-03-14 18:10:00
1773512100000,653.14,653.14,653.14,653.14,0.0,2026-03-14 18:15:00
1773512400000,653.14,653.14,653.14,653.14,0.0,2026-03-14 18:20:00
1773512700000,653.14,653.14,653.14,653.14,0.0,2026-03-14 18:25:00
1773513000000,652.17,652.73,652.17,652.73,0.527,2026-03-14 18:30:00
1773513300000,652.73,652.73,652.73,652.73,0.0,2026-03-14 18:35:00
1773513600000,652.73,652.73,652.73,652.73,0.0,2026-03-14 18:40:00
1773513900000,653.25,653.25,653.25,653.25,0.008,2026-03-14 18:45:00
1773514200000,653.25,653.25,653.25,653.25,0.0,2026-03-14 18:50:00
1773514500000,653.25,653.25,653.25,653.25,0.0,2026-03-14 18:55:00
1773514800000,653.02,653.02,652.46,652.46,0.324,2026-03-14 19:00:00
1773515100000,653.27,653.27,653.27,653.27,0.183,2026-03-14 19:05:00
1773515400000,653.26,653.26,653.26,653.26,0.008,2026-03-14 19:10:00
1773515700000,653.21,653.69,653.21,653.69,0.018,2026-03-14 19:15:00
1773516000000,653.33,653.36,653.33,653.36,0.076,2026-03-14 19:20:00
1773516300000,653.36,653.36,653.36,653.36,0.0,2026-03-14 19:25:00
1773516600000,653.68,653.68,653.68,653.68,0.1,2026-03-14 19:30:00
1773516900000,653.84,653.84,653.45,653.45,3.491,2026-03-14 19:35:00
1773517200000,654.05,654.05,654.05,654.05,0.003,2026-03-14 19:40:00
1773517500000,654.05,654.05,654.05,654.05,0.0,2026-03-14 19:45:00
1773517800000,653.68,653.68,653.68,653.68,0.013,2026-03-14 19:50:00
1773518100000,653.68,653.68,653.68,653.68,0.0,2026-03-14 19:55:00
1773518400000,653.55,653.55,653.55,653.55,0.038,2026-03-14 20:00:00
1773518700000,653.55,653.55,653.55,653.55,0.0,2026-03-14 20:05:00
1773519000000,653.55,653.55,653.55,653.55,0.0,2026-03-14 20:10:00
1773519300000,653.55,653.55,653.55,653.55,0.0,2026-03-14 20:15:00
1773519600000,653.55,653.55,653.55,653.55,0.0,2026-03-14 20:20:00
1773519900000,653.55,653.55,653.55,653.55,0.0,2026-03-14 20:25:00
1773520200000,653.55,653.55,653.55,653.55,0.0,2026-03-14 20:30:00
1773520500000,653.93,653.93,653.93,653.93,0.044,2026-03-14 20:35:00
1773520800000,654.13,655.34,654.13,655.34,0.1,2026-03-14 20:40:00
1773521100000,655.34,655.34,655.34,655.34,0.0,2026-03-14 20:45:00
1773521400000,655.34,655.34,655.34,655.34,0.0,2026-03-14 20:50:00
1773521700000,655.34,655.34,655.34,655.34,0.0,2026-03-14 20:55:00
1773522000000,654.04,654.04,654.04,654.04,0.007,2026-03-14 21:00:00
1773522300000,653.51,653.65,653.51,653.65,0.227,2026-03-14 21:05:00
1773522600000,653.71,653.71,653.71,653.71,0.031,2026-03-14 21:10:00
1773522900000,653.71,653.71,653.71,653.71,0.0,2026-03-14 21:15:00
1773523200000,653.71,653.71,653.71,653.71,0.0,2026-03-14 21:20:00
1773523500000,653.71,653.71,653.71,653.71,0.0,2026-03-14 21:25:00
1773523800000,653.03,653.03,653.03,653.03,0.054,2026-03-14 21:30:00
1773524100000,653.03,653.03,653.03,653.03,0.0,2026-03-14 21:35:00
1773524400000,653.66,654.25,653.66,654.25,0.628,2026-03-14 21:40:00
1773524700000,654.25,654.25,654.25,654.25,0.0,2026-03-14 21:45:00
1773525000000,654.25,654.25,654.25,654.25,0.0,2026-03-14 21:50:00
1773525300000,654.9,654.9,654.9,654.9,0.076,2026-03-14 21:55:00
1773525600000,654.9,654.9,654.9,654.9,0.0,2026-03-14 22:00:00
1773525900000,654.9,654.9,654.9,654.9,0.0,2026-03-14 22:05:00
1773526200000,654.74,654.74,654.74,654.74,0.152,2026-03-14 22:10:00
1773526500000,654.15,654.15,654.15,654.15,0.011,2026-03-14 22:15:00
1773526800000,654.76,654.76,654.76,654.76,0.01,2026-03-14 22:20:00
1773527100000,654.76,654.76,654.76,654.76,0.0,2026-03-14 22:25:00
1773527400000,654.76,654.76,654.76,654.76,0.0,2026-03-14 22:30:00
1773527700000,654.76,654.76,654.76,654.76,0.0,2026-03-14 22:35:00
1773528000000,654.76,654.76,654.76,654.76,0.0,2026-03-14 22:40:00
1773528300000,654.76,654.76,654.76,654.76,0.0,2026-03-14 22:45:00
1773528600000,654.98,654.98,654.98,654.98,0.01,2026-03-14 22:50:00
1773528900000,654.93,654.93,654.93,654.93,0.025,2026-03-14 22:55:00
1773529200000,654.93,654.93,654.93,654.93,0.0,2026-03-14 23:00:00
1773529500000,657.21,657.21,657.21,657.21,0.015,2026-03-14 23:05:00
1773529800000,656.72,656.72,654.9,655.86,0.09,2026-03-14 23:10:00
1773530100000,656.2,656.2,655.82,655.94,0.203,2026-03-14 23:15:00
1773530400000,655.94,655.94,655.94,655.94,0.0,2026-03-14 23:20:00
1773530700000,655.8,655.8,655.8,655.8,0.049,2026-03-14 23:25:00
1773531000000,657.75,657.75,657.75,657.75,0.038,2026-03-14 23:30:00
1773531300000,657.75,657.75,657.75,657.75,0.0,2026-03-14 23:35:00
1773531600000,657.75,657.75,657.75,657.75,0.0,2026-03-14 23:40:00
1773531900000,657.75,657.75,657.75,657.75,0.0,2026-03-14 23:45:00
1773532200000,657.75,657.75,657.75,657.75,0.0,2026-03-14 23:50:00
1773532500000,657.37,657.37,657.37,657.37,0.009,2026-03-14 23:55:00
1773532800000,657.37,657.37,657.37,657.37,0.0,2026-03-15 00:00:00
1773533100000,657.37,657.37,657.37,657.37,0.0,2026-03-15 00:05:00
1773533400000,657.12,657.12,657.12,657.12,0.005,2026-03-15 00:10:00
1773533700000,656.38,656.43,656.32,656.32,0.036,2026-03-15 00:15:00
1773534000000,656.12,656.15,655.82,656.15,0.039,2026-03-15 00:20:00
1773534300000,657.0,657.13,656.46,656.51,0.038,2026-03-15 00:25:00
1773534600000,656.77,656.77,655.98,656.05,0.056,2026-03-15 00:30:00
1773534900000,655.95,656.13,655.55,655.74,0.032,2026-03-15 00:35:00
1773535200000,655.88,655.88,655.88,655.88,0.099,2026-03-15 00:40:00
1773535500000,655.51,655.9,655.51,655.9,0.037,2026-03-15 00:45:00
1773535800000,655.9,655.9,655.9,655.9,0.0,2026-03-15 00:50:00
1773536100000,655.9,655.9,655.9,655.9,0.0,2026-03-15 00:55:00
1773536400000,656.07,656.29,656.07,656.29,0.022,2026-03-15 01:00:00
1773536700000,656.05,656.05,656.05,656.05,0.061,2026-03-15 01:05:00
1773537000000,654.93,654.93,654.93,654.93,0.761,2026-03-15 01:10:00
1773537300000,655.26,655.26,655.26,655.26,0.014,2026-03-15 01:15:00
1773537600000,655.26,655.26,655.26,655.26,0.0,2026-03-15 01:20:00
1773537900000,654.55,654.55,654.55,654.55,0.002,2026-03-15 01:25:00
1773538200000,654.55,654.55,654.55,654.55,0.0,2026-03-15 01:30:00
1773538500000,654.66,654.66,654.66,654.66,0.015,2026-03-15 01:35:00
1773538800000,654.66,654.66,654.66,654.66,0.0,2026-03-15 01:40:00
1773539100000,654.66,654.66,654.66,654.66,0.0,2026-03-15 01:45:00
1773539400000,654.66,654.66,654.66,654.66,0.0,2026-03-15 01:50:00
1773539700000,654.66,654.66,654.66,654.66,0.0,2026-03-15 01:55:00
1773540000000,657.47,657.47,657.47,657.47,0.005,2026-03-15 02:00:00
1773540300000,656.53,656.53,656.53,656.53,0.153,2026-03-15 02:05:00
1773540600000,656.53,656.53,656.53,656.53,0.0,2026-03-15 02:10:00
1773540900000,657.73,657.73,657.73,657.73,0.032,2026-03-15 02:15:00
1773541200000,657.73,657.73,657.73,657.73,0.0,2026-03-15 02:20:00
1773541500000,657.73,657.73,657.73,657.73,0.0,2026-03-15 02:25:00
1773541800000,657.73,657.73,657.73,657.73,0.0,2026-03-15 02:30:00
1773542100000,657.73,657.73,657.73,657.73,0.0,2026-03-15 02:35:00
1773542400000,657.51,657.51,657.51,657.51,0.03,2026-03-15 02:40:00
1773542700000,660.0,660.0,660.0,660.0,0.086,2026-03-15 02:45:00
1773543000000,659.26,659.3,658.81,659.3,1.201,2026-03-15 02:50:00
1773543300000,659.3,659.3,659.3,659.3,0.0,2026-03-15 02:55:00
1773543600000,660.45,660.45,660.41,660.41,0.01,2026-03-15 03:00:00
1773543900000,660.41,660.41,660.41,660.41,0.0,2026-03-15 03:05:00
1773544200000,659.77,659.77,659.77,659.77,0.015,2026-03-15 03:10:00
1773544500000,659.17,659.42,659.13,659.13,0.019,2026-03-15 03:15:00
1773544800000,659.13,659.13,659.13,659.13,0.0,2026-03-15 03:20:00
1773545100000,659.13,659.13,659.13,659.13,0.0,2026-03-15 03:25:00
1773545400000,659.13,659.13,659.13,659.13,0.0,2026-03-15 03:30:00
1773545700000,659.38,659.38,658.94,658.94,0.038,2026-03-15 03:35:00
1773546000000,658.94,658.94,658.94,658.94,0.0,2026-03-15 03:40:00
1773546300000,658.94,658.94,658.94,658.94,0.0,2026-03-15 03:45:00
1773546600000,658.94,658.94,658.94,658.94,0.0,2026-03-15 03:50:00
1773546900000,658.94,658.94,658.94,658.94,0.0,2026-03-15 03:55:00
1773547200000,658.94,658.94,658.94,658.94,0.0,2026-03-15 04:00:00
1773547500000,658.94,658.94,658.94,658.94,0.0,2026-03-15 04:05:00
1773547800000,660.46,660.46,660.37,660.37,0.026,2026-03-15 04:10:00
1773548100000,660.37,660.37,660.37,660.37,0.0,2026-03-15 04:15:00
1773548400000,660.37,660.37,660.37,660.37,0.0,2026-03-15 04:20:00
1773548700000,660.37,660.37,660.37,660.37,0.0,2026-03-15 04:25:00
1773549000000,660.37,660.37,660.37,660.37,0.0,2026-03-15 04:30:00
1773549300000,660.37,660.37,660.37,660.37,0.0,2026-03-15 04:35:00
1773549600000,660.37,660.37,660.37,660.37,0.0,2026-03-15 04:40:00
1773549900000,660.37,660.37,660.37,660.37,0.0,2026-03-15 04:45:00
1773550200000,659.21,659.21,659.21,659.21,0.008,2026-03-15 04:50:00
1773550500000,659.21,659.21,659.21,659.21,0.0,2026-03-15 04:55:00
1773550800000,659.21,659.21,659.21,659.21,0.0,2026-03-15 05:00:00
1773551100000,658.98,658.98,658.98,658.98,0.008,2026-03-15 05:05:00
1773551400000,658.98,658.98,658.98,658.98,0.0,2026-03-15 05:10:00
1773551700000,658.92,659.88,658.92,659.88,0.331,2026-03-15 05:15:00
1773552000000,659.88,659.88,659.88,659.88,0.0,2026-03-15 05:20:00
1773552300000,659.88,659.88,659.88,659.88,0.0,2026-03-15 05:25:00
1773552600000,659.88,659.88,659.88,659.88,0.0,2026-03-15 05:30:00
1773552900000,659.88,659.88,659.88,659.88,0.0,2026-03-15 05:35:00
1773553200000,659.88,659.88,659.88,659.88,0.0,2026-03-15 05:40:00
1773553500000,660.09,660.09,660.09,660.09,0.005,2026-03-15 05:45:00
1773553800000,660.09,660.09,660.09,660.09,0.0,2026-03-15 05:50:00
1773554100000,660.09,660.09,660.09,660.09,0.0,2026-03-15 05:55:00
1773554400000,660.09,660.09,660.09,660.09,0.0,2026-03-15 06:00:00
1773554700000,660.09,660.09,660.09,660.09,0.0,2026-03-15 06:05:00
1773555000000,659.64,659.91,659.64,659.91,0.202,2026-03-15 06:10:00
1773555300000,659.91,659.91,659.91,659.91,0.0,2026-03-15 06:15:00
1773555600000,659.91,659.91,659.91,659.91,0.0,2026-03-15 06:20:00
1773555900000,659.91,659.91,659.91,659.91,0.0,2026-03-15 06:25:00
1773556200000,659.91,659.91,659.91,659.91,0.0,2026-03-15 06:30:00
1773556500000,658.26,658.26,658.26,658.26,0.001,2026-03-15 06:35:00
1773556800000,658.26,658.26,658.26,658.26,0.0,2026-03-15 06:40:00
1773557100000,658.26,658.26,658.26,658.26,0.0,2026-03-15 06:45:00
1773557400000,658.26,658.26,658.26,658.26,0.0,2026-03-15 06:50:00
1773557700000,658.26,658.26,658.26,658.26,0.0,2026-03-15 06:55:00
1773558000000,658.61,658.94,658.61,658.94,0.114,2026-03-15 07:00:00
1773558300000,658.94,658.94,658.94,658.94,0.0,2026-03-15 07:05:00
1773558600000,658.94,658.94,658.94,658.94,0.0,2026-03-15 07:10:00
1773558900000,658.94,658.94,658.94,658.94,0.0,2026-03-15 07:15:00
1773559200000,658.94,658.94,658.94,658.94,0.0,2026-03-15 07:20:00
1773559500000,658.94,658.94,658.94,658.94,0.0,2026-03-15 07:25:00
1773559800000,658.94,658.94,658.94,658.94,0.0,2026-03-15 07:30:00
1773560100000,658.94,658.94,658.94,658.94,0.0,2026-03-15 07:35:00
1773560400000,659.44,659.44,659.44,659.44,0.003,2026-03-15 07:40:00
1773560700000,659.44,659.44,659.44,659.44,0.0,2026-03-15 07:45:00
1773561000000,659.44,659.44,659.44,659.44,0.0,2026-03-15 07:50:00
1773561300000,659.44,659.44,659.44,659.44,0.0,2026-03-15 07:55:00
1773561600000,659.44,659.44,659.44,659.44,0.0,2026-03-15 08:00:00
1773561900000,660.16,660.16,660.16,660.16,0.038,2026-03-15 08:05:00
1773562200000,660.17,660.17,660.17,660.17,0.015,2026-03-15 08:10:00
1773562500000,660.17,660.17,660.17,660.17,0.0,2026-03-15 08:15:00
1773562800000,660.17,660.17,660.17,660.17,0.0,2026-03-15 08:20:00
1773563100000,661.64,661.64,661.64,661.64,0.008,2026-03-15 08:25:00
1773563400000,661.64,661.64,661.64,661.64,0.0,2026-03-15 08:30:00
1773563700000,661.64,661.64,661.64,661.64,0.0,2026-03-15 08:35:00
1773564000000,661.64,661.64,661.64,661.64,0.0,2026-03-15 08:40:00
1773564300000,661.64,661.64,661.64,661.64,0.0,2026-03-15 08:45:00
1773564600000,661.64,661.64,661.64,661.64,0.0,2026-03-15 08:50:00
1773564900000,661.64,661.64,661.64,661.64,0.0,2026-03-15 08:55:00
1773565200000,661.64,661.64,661.64,661.64,0.0,2026-03-15 09:00:00
1773565500000,661.64,661.64,661.64,661.64,0.0,2026-03-15 09:05:00
1773565800000,665.96,666.1,665.32,665.32,1.442,2026-03-15 09:10:00
1773566100000,665.86,665.96,665.3,665.43,1.082,2026-03-15 09:15:00
1773566400000,665.54,665.54,665.38,665.38,2.917,2026-03-15 09:20:00
1773566700000,665.0,665.0,664.98,664.98,0.092,2026-03-15 09:25:00
1773567000000,664.98,664.98,664.98,664.98,0.0,2026-03-15 09:30:00
1773567300000,663.33,663.33,663.33,663.33,0.005,2026-03-15 09:35:00
1773567600000,663.33,663.33,663.33,663.33,0.0,2026-03-15 09:40:00
1773567900000,663.33,663.33,663.33,663.33,0.0,2026-03-15 09:45:00
1773568200000,663.33,663.33,663.33,663.33,0.0,2026-03-15 09:50:00
1773568500000,663.33,663.33,663.33,663.33,0.0,2026-03-15 09:55:00
1773568800000,663.33,663.33,663.33,663.33,0.0,2026-03-15 10:00:00
1773569100000,663.33,663.33,663.33,663.33,0.0,2026-03-15 10:05:00
1773569400000,662.87,662.87,662.87,662.87,0.205,2026-03-15 10:10:00
1773569700000,662.87,662.87,662.87,662.87,0.0,2026-03-15 10:15:00
1773570000000,663.96,663.96,663.96,663.96,0.005,2026-03-15 10:20:00
1773570300000,663.96,663.96,663.96,663.96,0.0,2026-03-15 10:25:00
1773570600000,663.96,663.96,663.96,663.96,0.0,2026-03-15 10:30:00
1773570900000,663.96,663.96,663.96,663.96,0.0,2026-03-15 10:35:00
1773571200000,663.96,663.96,663.96,663.96,0.0,2026-03-15 10:40:00
1773571500000,663.96,663.96,663.96,663.96,0.0,2026-03-15 10:45:00
1773571800000,663.96,663.96,663.96,663.96,0.0,2026-03-15 10:50:00
1773572100000,663.96,663.96,663.96,663.96,0.0,2026-03-15 10:55:00
1773572400000,663.96,663.96,663.96,663.96,0.0,2026-03-15 11:00:00
1773572700000,663.96,663.96,663.96,663.96,0.0,2026-03-15 11:05:00
1773573000000,663.96,663.96,663.96,663.96,0.0,2026-03-15 11:10:00
1773573300000,662.06,662.53,662.06,662.53,0.007,2026-03-15 11:15:00
1773573600000,662.53,662.53,662.53,662.53,0.0,2026-03-15 11:20:00
1773573900000,662.18,662.18,661.64,661.64,0.295,2026-03-15 11:25:00
1773574200000,661.29,661.29,661.29,661.29,0.033,2026-03-15 11:30:00
1773574500000,661.29,661.29,661.29,661.29,0.0,2026-03-15 11:35:00
1773574800000,661.29,661.29,661.29,661.29,0.0,2026-03-15 11:40:00
1773575100000,661.0,661.0,661.0,661.0,0.014,2026-03-15 11:45:00
1773575400000,661.0,661.0,661.0,661.0,0.0,2026-03-15 11:50:00
1773575700000,661.0,661.0,661.0,661.0,0.0,2026-03-15 11:55:00
1773576000000,661.0,661.0,661.0,661.0,0.0,2026-03-15 12:00:00
1773576300000,660.33,660.49,660.33,660.49,0.075,2026-03-15 12:05:00
1773576600000,660.49,660.49,660.49,660.49,0.0,2026-03-15 12:10:00
1773576900000,660.49,660.49,660.49,660.49,0.0,2026-03-15 12:15:00
1773577200000,660.49,660.49,660.49,660.49,0.0,2026-03-15 12:20:00
1773577500000,660.49,660.49,660.49,660.49,0.0,2026-03-15 12:25:00
1773577800000,660.49,660.49,660.49,660.49,0.0,2026-03-15 12:30:00
1773578100000,660.49,660.49,660.49,660.49,0.0,2026-03-15 12:35:00
1773578400000,660.48,661.0,660.48,661.0,0.078,2026-03-15 12:40:00
1773578700000,660.99,661.0,660.99,661.0,3.451,2026-03-15 12:45:00
1773579000000,661.0,661.0,661.0,661.0,0.0,2026-03-15 12:50:00
1773579300000,661.0,661.0,661.0,661.0,0.0,2026-03-15 12:55:00
1773579600000,662.53,662.64,662.53,662.64,0.371,2026-03-15 13:00:00
1773579900000,662.35,662.35,662.35,662.35,0.038,2026-03-15 13:05:00
1773580200000,659.13,659.81,658.94,659.19,0.516,2026-03-15 13:10:00
1773580500000,659.19,659.19,659.19,659.19,0.0,2026-03-15 13:15:00
1773580800000,659.19,659.19,659.19,659.19,0.0,2026-03-15 13:20:00
1773581100000,659.19,659.19,659.19,659.19,0.0,2026-03-15 13:25:00
1773581400000,659.19,659.19,659.19,659.19,0.0,2026-03-15 13:30:00
1773581700000,657.99,657.99,657.99,657.99,0.285,2026-03-15 13:35:00
1773582000000,657.99,657.99,657.99,657.99,0.0,2026-03-15 13:40:00
1773582300000,657.99,657.99,657.99,657.99,0.0,2026-03-15 13:45:00
1773582600000,658.74,658.74,658.74,658.74,0.023,2026-03-15 13:50:00
1773582900000,658.74,658.74,658.74,658.74,0.0,2026-03-15 13:55:00
1773583200000,659.94,659.94,659.94,659.94,0.085,2026-03-15 14:00:00
1773583500000,659.71,660.29,659.45,660.29,4.863,2026-03-15 14:05:00
1773583800000,659.88,660.0,659.88,660.0,0.011,2026-03-15 14:10:00
1773584100000,660.19,660.25,660.19,660.25,0.049,2026-03-15 14:15:00
1773584400000,660.25,660.25,660.25,660.25,0.0,2026-03-15 14:20:00
1773584700000,660.25,660.25,660.25,660.25,0.0,2026-03-15 14:25:00
1773585000000,660.25,660.25,660.25,660.25,0.0,2026-03-15 14:30:00
1773585300000,658.6,658.6,657.09,657.09,0.227,2026-03-15 14:35:00
1773585600000,657.09,657.09,657.09,657.09,0.0,2026-03-15 14:40:00
1773585900000,657.09,657.09,657.09,657.09,0.0,2026-03-15 14:45:00
1773586200000,659.85,659.85,659.83,659.83,0.051,2026-03-15 14:50:00
1773586500000,660.63,660.63,660.63,660.63,0.004,2026-03-15 14:55:00
1773586800000,660.63,660.63,660.63,660.63,0.0,2026-03-15 15:00:00
1773587100000,660.63,660.63,660.63,660.63,0.0,2026-03-15 15:05:00
1773587400000,661.1,661.1,661.01,661.01,0.096,2026-03-15 15:10:00
1773587700000,661.01,661.01,661.01,661.01,0.0,2026-03-15 15:15:00
1773588000000,660.75,660.83,660.75,660.83,0.034,2026-03-15 15:20:00
1773588300000,660.83,660.83,660.83,660.83,0.0,2026-03-15 15:25:00
1773588600000,660.83,660.83,660.83,660.83,0.0,2026-03-15 15:30:00
1773588900000,660.84,660.97,660.84,660.97,0.1,2026-03-15 15:35:00
1773589200000,660.97,660.97,660.97,660.97,0.0,2026-03-15 15:40:00
1773589500000,660.27,660.27,659.76,659.76,0.115,2026-03-15 15:45:00
1773589800000,660.06,660.06,660.06,660.06,0.006,2026-03-15 15:50:00
1773590100000,660.06,660.06,660.06,660.06,0.0,2026-03-15 15:55:00
1773590400000,659.73,659.75,659.73,659.75,0.189,2026-03-15 16:00:00
1773590700000,660.89,661.05,660.89,661.05,0.289,2026-03-15 16:05:00
1773591000000,661.02,661.2,661.01,661.01,0.241,2026-03-15 16:10:00
1773591300000,660.88,660.88,660.88,660.88,0.03,2026-03-15 16:15:00
1773591600000,659.58,659.58,659.58,659.58,0.005,2026-03-15 16:20:00
1773591900000,659.34,659.34,659.34,659.34,0.017,2026-03-15 16:25:00
1773592200000,659.34,659.34,659.34,659.34,0.0,2026-03-15 16:30:00
1773592500000,659.34,659.34,659.34,659.34,0.0,2026-03-15 16:35:00
1773592800000,659.34,659.34,659.34,659.34,0.0,2026-03-15 16:40:00
1773593100000,659.34,659.34,659.34,659.34,0.0,2026-03-15 16:45:00
1773593400000,659.34,659.34,659.34,659.34,0.0,2026-03-15 16:50:00
1773593700000,659.34,659.34,659.34,659.34,0.0,2026-03-15 16:55:00
1773594000000,659.46,660.06,659.46,660.06,0.302,2026-03-15 17:00:00
1773594300000,660.06,660.06,660.06,660.06,0.0,2026-03-15 17:05:00
1773594600000,659.52,659.52,659.5,659.5,0.165,2026-03-15 17:10:00
1773594900000,659.5,659.5,659.5,659.5,0.0,2026-03-15 17:15:00
1773595200000,659.5,659.5,659.5,659.5,0.0,2026-03-15 17:20:00
1773595500000,659.5,659.5,659.5,659.5,0.0,2026-03-15 17:25:00
1773595800000,659.5,659.5,659.5,659.5,0.0,2026-03-15 17:30:00
1773596100000,659.5,659.5,659.5,659.5,0.0,2026-03-15 17:35:00
1773596400000,659.5,659.5,659.5,659.5,0.0,2026-03-15 17:40:00
1773596700000,659.5,659.5,659.5,659.5,0.0,2026-03-15 17:45:00
1773597000000,659.5,659.5,659.5,659.5,0.0,2026-03-15 17:50:00
1773597300000,662.25,662.25,662.25,662.25,0.104,2026-03-15 17:55:00
1773597600000,662.13,662.13,662.04,662.04,0.068,2026-03-15 18:00:00
1773597900000,662.09,662.09,661.59,661.59,0.065,2026-03-15 18:05:00
1773598200000,661.64,661.64,661.48,661.48,0.062,2026-03-15 18:10:00
1773598500000,661.48,661.48,661.48,661.48,0.0,2026-03-15 18:15:00
1773598800000,661.48,661.48,661.48,661.48,0.0,2026-03-15 18:20:00
1773599100000,661.48,661.48,661.48,661.48,0.0,2026-03-15 18:25:00
1773599400000,661.48,661.48,661.48,661.48,0.0,2026-03-15 18:30:00
1773599700000,661.71,661.71,661.71,661.71,0.008,2026-03-15 18:35:00
1773600000000,661.71,661.71,661.71,661.71,0.0,2026-03-15 18:40:00
1773600300000,661.71,661.71,661.71,661.71,0.0,2026-03-15 18:45:00
1773600600000,658.88,658.88,658.78,658.78,1.511,2026-03-15 18:50:00
1773600900000,658.78,658.78,658.78,658.78,0.0,2026-03-15 18:55:00
1773601200000,658.78,658.78,658.78,658.78,0.0,2026-03-15 19:00:00
1773601500000,659.04,659.04,659.02,659.02,0.069,2026-03-15 19:05:00
1773601800000,658.9,659.54,658.9,659.54,0.024,2026-03-15 19:10:00
1773602100000,659.36,659.36,659.36,659.36,0.03,2026-03-15 19:15:00
1773602400000,659.98,660.1,659.98,660.0,1.471,2026-03-15 19:20:00
1773602700000,660.0,660.0,660.0,660.0,0.0,2026-03-15 19:25:00
1773603000000,660.0,660.0,660.0,660.0,0.0,2026-03-15 19:30:00
1773603300000,660.0,660.0,660.0,660.0,0.0,2026-03-15 19:35:00
1773603600000,660.0,660.0,660.0,660.0,0.0,2026-03-15 19:40:00
1773603900000,660.0,660.0,660.0,660.0,0.0,2026-03-15 19:45:00
1773604200000,660.0,660.0,660.0,660.0,0.0,2026-03-15 19:50:00
1773604500000,659.88,660.18,659.78,660.17,5.781,2026-03-15 19:55:00
1773604800000,660.5,660.5,660.5,660.5,0.012,2026-03-15 20:00:00
1773605100000,660.5,660.5,660.5,660.5,0.0,2026-03-15 20:05:00
1773605400000,660.5,660.5,660.5,660.5,0.0,2026-03-15 20:10:00
1773605700000,660.31,660.31,660.31,660.31,0.13,2026-03-15 20:15:00
1773606000000,660.31,660.31,660.31,660.31,0.0,2026-03-15 20:20:00
1773606300000,660.31,660.31,660.31,660.31,0.0,2026-03-15 20:25:00
1773606600000,662.4,663.9,661.83,663.14,0.915,2026-03-15 20:30:00
1773606900000,663.14,663.14,663.14,663.14,0.0,2026-03-15 20:35:00
1773607200000,663.14,663.14,663.14,663.14,0.0,2026-03-15 20:40:00
1773607500000,663.14,663.14,663.14,663.14,0.0,2026-03-15 20:45:00
1773607800000,664.36,664.36,664.36,664.36,0.075,2026-03-15 20:50:00
1773608100000,664.36,664.36,664.36,664.36,0.0,2026-03-15 20:55:00
1773608400000,664.36,664.36,664.36,664.36,0.075,2026-03-15 21:00:00
1773608700000,664.21,664.21,664.21,664.21,0.033,2026-03-15 21:05:00
1773609000000,663.44,663.44,663.44,663.44,0.02,2026-03-15 21:10:00
1773609300000,663.44,663.44,663.44,663.44,0.0,2026-03-15 21:15:00
1773609600000,664.41,664.41,664.41,664.41,0.015,2026-03-15 21:20:00
1773609900000,664.41,664.41,664.41,664.41,0.0,2026-03-15 21:25:00
1773610200000,666.33,666.33,666.33,666.33,0.03,2026-03-15 21:30:00
1773610500000,667.62,668.11,667.62,667.99,0.16,2026-03-15 21:35:00
1773610800000,667.99,667.99,667.99,667.99,0.0,2026-03-15 21:40:00
1773611100000,667.99,667.99,667.99,667.99,0.0,2026-03-15 21:45:00
1773611400000,667.05,667.59,665.91,665.91,0.759,2026-03-15 21:50:00
1773611700000,665.91,665.91,665.91,665.91,0.0,2026-03-15 21:55:00
1773612000000,667.39,669.99,667.39,669.65,0.766,2026-03-15 22:00:00
1773612300000,669.48,669.48,668.86,669.04,1.815,2026-03-15 22:05:00
1773612600000,665.72,665.72,665.72,665.72,0.006,2026-03-15 22:10:00
1773612900000,666.07,666.07,666.07,666.07,0.015,2026-03-15 22:15:00
1773613200000,666.94,666.94,666.94,666.94,0.724,2026-03-15 22:20:00
1773613500000,666.94,666.94,666.94,666.94,0.0,2026-03-15 22:25:00
1773613800000,667.66,671.53,667.66,670.81,0.289,2026-03-15 22:30:00
1773614100000,669.25,672.18,669.24,671.92,1.245,2026-03-15 22:35:00
1773614400000,672.69,674.04,672.09,674.04,0.581,2026-03-15 22:40:00
1773614700000,674.74,674.74,674.74,674.74,0.051,2026-03-15 22:45:00
1773615000000,676.12,678.44,674.74,674.74,0.75,2026-03-15 22:50:00
1773615300000,675.55,675.55,675.51,675.51,0.015,2026-03-15 22:55:00
1773615600000,676.86,677.43,675.07,676.44,1.911,2026-03-15 23:00:00
1773615900000,677.72,679.8,676.01,677.01,2.245,2026-03-15 23:05:00
1773616200000,677.35,679.09,676.96,677.17,1.748,2026-03-15 23:10:00
1773616500000,676.0,676.33,674.74,674.74,0.627,2026-03-15 23:15:00
1773616800000,674.74,674.74,674.74,674.74,0.681,2026-03-15 23:20:00
1773617100000,672.59,673.52,671.51,673.52,0.226,2026-03-15 23:25:00
1773617400000,672.1,672.1,672.05,672.05,0.045,2026-03-15 23:30:00
1773617700000,672.05,672.05,672.05,672.05,0.0,2026-03-15 23:35:00
1773618000000,673.66,673.66,673.66,673.66,0.147,2026-03-15 23:40:00
1773618300000,674.41,674.51,673.3,673.3,0.167,2026-03-15 23:45:00
1773618600000,673.3,673.3,673.3,673.3,0.0,2026-03-15 23:50:00
1773618900000,673.85,673.85,673.85,673.85,0.004,2026-03-15 23:55:00
1773619200000,674.0,676.04,674.0,676.04,0.079,2026-03-16 00:00:00
1773619500000,676.5,676.5,676.5,676.5,0.092,2026-03-16 00:05:00
1773619800000,676.5,676.5,676.5,676.5,0.0,2026-03-16 00:10:00
1773620100000,674.3,675.21,673.3,673.3,0.128,2026-03-16 00:15:00
1773620400000,672.95,673.08,671.93,672.1,0.052,2026-03-16 00:20:00
1773620700000,672.1,672.1,671.46,671.46,0.048,2026-03-16 00:25:00
1773621000000,671.49,671.87,671.27,671.87,0.105,2026-03-16 00:30:00
1773621300000,672.14,672.36,672.14,672.14,0.157,2026-03-16 00:35:00
1773621600000,671.0,671.0,670.95,670.95,0.025,2026-03-16 00:40:00
1773621900000,671.82,671.82,671.82,671.82,0.002,2026-03-16 00:45:00
1773622200000,671.82,671.82,671.82,671.82,0.0,2026-03-16 00:50:00
1773622500000,672.4,672.4,672.4,672.4,0.01,2026-03-16 00:55:00
1773622800000,672.4,672.4,672.4,672.4,0.0,2026-03-16 01:00:00
1773623100000,671.87,671.87,671.87,671.87,0.009,2026-03-16 01:05:00
1773623400000,671.98,672.05,671.98,672.05,0.149,2026-03-16 01:10:00
1773623700000,672.05,672.05,672.05,672.05,0.0,2026-03-16 01:15:00
1773624000000,672.05,672.05,672.05,672.05,0.0,2026-03-16 01:20:00
1773624300000,672.05,672.05,672.05,672.05,0.0,2026-03-16 01:25:00
1773624600000,672.6,672.63,672.6,672.63,0.019,2026-03-16 01:30:00
1773624900000,673.48,673.52,672.97,672.97,0.074,2026-03-16 01:35:00
1773625200000,673.1,673.2,673.09,673.2,0.057,2026-03-16 01:40:00
1773625500000,673.2,673.2,673.2,673.2,0.0,2026-03-16 01:45:00
1773625800000,674.2,675.9,674.2,675.9,0.069,2026-03-16 01:50:00
1773626100000,675.9,675.9,675.9,675.9,0.0,2026-03-16 01:55:00
1773626400000,675.9,675.9,675.9,675.9,0.0,2026-03-16 02:00:00
1773626700000,675.9,675.9,675.9,675.9,0.0,2026-03-16 02:05:00
1773627000000,675.21,675.21,675.21,675.21,0.016,2026-03-16 02:10:00
1773627300000,675.21,675.21,675.21,675.21,0.0,2026-03-16 02:15:00
1773627600000,675.21,675.21,675.21,675.21,0.0,2026-03-16 02:20:00
1773627900000,675.21,675.21,675.21,675.21,0.0,2026-03-16 02:25:00
1773628200000,675.21,675.21,675.21,675.21,0.0,2026-03-16 02:30:00
1773628500000,671.33,671.43,671.33,671.43,0.031,2026-03-16 02:35:00
1773628800000,671.47,671.47,671.47,671.47,0.015,2026-03-16 02:40:00
1773629100000,671.47,671.47,671.47,671.47,0.0,2026-03-16 02:45:00
1773629400000,672.75,672.8,672.75,672.8,0.052,2026-03-16 02:50:00
1773629700000,672.8,672.8,672.8,672.8,0.0,2026-03-16 02:55:00
1773630000000,672.87,672.87,672.87,672.87,0.004,2026-03-16 03:00:00
1773630300000,672.87,672.87,672.87,672.87,0.0,2026-03-16 03:05:00
1773630600000,672.72,672.72,672.56,672.56,0.047,2026-03-16 03:10:00
1773630900000,672.56,672.56,672.56,672.56,0.0,2026-03-16 03:15:00
1773631200000,672.56,672.56,672.56,672.56,0.0,2026-03-16 03:20:00
1773631500000,672.56,672.56,672.56,672.56,0.0,2026-03-16 03:25:00
1773631800000,679.43,685.91,677.81,685.91,2.337,2026-03-16 03:30:00
1773632100000,684.5,684.99,681.07,681.07,1.101,2026-03-16 03:35:00
1773632400000,684.12,685.95,681.62,681.85,1.25,2026-03-16 03:40:00
1773632700000,682.32,682.32,680.53,680.53,0.516,2026-03-16 03:45:00
1773633000000,680.53,680.53,680.53,680.53,0.0,2026-03-16 03:50:00
1773633300000,680.53,680.53,680.53,680.53,0.0,2026-03-16 03:55:00
1773633600000,681.57,681.57,681.57,681.57,0.154,2026-03-16 04:00:00
1773633900000,681.54,682.47,681.52,682.47,0.043,2026-03-16 04:05:00
1773634200000,681.75,682.21,681.75,682.21,0.064,2026-03-16 04:10:00
1773634500000,683.49,683.49,683.49,683.49,0.146,2026-03-16 04:15:00
1773634800000,683.49,683.49,683.49,683.49,0.0,2026-03-16 04:20:00
1773635100000,682.06,682.06,681.28,681.28,0.045,2026-03-16 04:25:00
1773635400000,681.93,681.93,681.93,681.93,0.001,2026-03-16 04:30:00
1773635700000,681.93,681.93,681.93,681.93,0.0,2026-03-16 04:35:00
1773636000000,681.93,681.93,681.93,681.93,0.0,2026-03-16 04:40:00
1773636300000,683.01,683.54,683.01,683.54,0.014,2026-03-16 04:45:00
1773636600000,684.26,685.75,684.26,685.75,0.178,2026-03-16 04:50:00
1773636900000,685.97,685.97,685.2,685.2,0.094,2026-03-16 04:55:00
1773637200000,683.55,683.55,683.55,683.55,0.015,2026-03-16 05:00:00
1773637500000,683.12,683.21,683.12,683.21,0.022,2026-03-16 05:05:00
1773637800000,685.02,685.02,685.02,685.02,0.073,2026-03-16 05:10:00
1773638100000,683.83,683.83,683.83,683.83,0.011,2026-03-16 05:15:00
1773638400000,684.46,684.46,684.46,684.46,0.007,2026-03-16 05:20:00
1773638700000,684.83,686.02,684.83,686.02,0.291,2026-03-16 05:25:00
1773639000000,686.02,686.02,686.02,686.02,0.0,2026-03-16 05:30:00
1773639300000,686.02,686.02,686.02,686.02,0.0,2026-03-16 05:35:00
1773639600000,683.59,683.59,683.59,683.59,0.004,2026-03-16 05:40:00
1773639900000,684.17,685.29,684.17,685.29,0.033,2026-03-16 05:45:00
1773640200000,685.29,685.29,685.29,685.29,0.0,2026-03-16 05:50:00
1773640500000,685.29,685.29,685.29,685.29,0.0,2026-03-16 05:55:00
1773640800000,685.29,685.29,685.29,685.29,0.0,2026-03-16 06:00:00
1773641100000,685.29,685.29,685.29,685.29,0.0,2026-03-16 06:05:00
1773641400000,681.3,681.3,680.3,680.3,26.426,2026-03-16 06:10:00
1773641700000,680.3,680.3,680.3,680.3,0.0,2026-03-16 06:15:00
1773642000000,680.3,680.3,680.3,680.3,0.0,2026-03-16 06:20:00
1773642300000,681.52,681.57,681.52,681.57,0.015,2026-03-16 06:25:00
1773642600000,681.18,681.18,681.18,681.18,0.163,2026-03-16 06:30:00
1773642900000,681.18,681.18,681.18,681.18,0.0,2026-03-16 06:35:00
1773643200000,681.18,681.18,681.18,681.18,0.0,2026-03-16 06:40:00
1773643500000,681.18,681.18,681.18,681.18,0.0,2026-03-16 06:45:00
1773643800000,681.18,681.18,681.18,681.18,0.0,2026-03-16 06:50:00
1773644100000,680.17,680.17,680.17,680.17,0.12,2026-03-16 06:55:00
1773644400000,680.17,680.17,680.17,680.17,0.0,2026-03-16 07:00:00
1773644700000,680.17,680.17,680.17,680.17,0.0,2026-03-16 07:05:00
1773645000000,680.85,680.85,680.85,680.85,0.015,2026-03-16 07:10:00
1773645300000,680.85,680.85,680.85,680.85,0.0,2026-03-16 07:15:00
1773645600000,680.85,680.85,680.85,680.85,0.0,2026-03-16 07:20:00
1773645900000,679.13,679.13,679.13,679.13,0.025,2026-03-16 07:25:00
1773646200000,680.14,680.14,680.14,680.14,0.01,2026-03-16 07:30:00
1773646500000,679.67,679.67,679.0,679.67,0.2,2026-03-16 07:35:00
1773646800000,679.67,679.67,679.67,679.67,0.0,2026-03-16 07:40:00
1773647100000,679.67,679.67,679.67,679.67,0.0,2026-03-16 07:45:00
1773647400000,679.67,679.67,679.67,679.67,0.0,2026-03-16 07:50:00
1773647700000,679.67,679.67,679.67,679.67,0.0,2026-03-16 07:55:00
1773648000000,679.67,679.67,679.67,679.67,0.0,2026-03-16 08:00:00
1773648300000,679.67,679.67,679.67,679.67,0.0,2026-03-16 08:05:00
1773648600000,679.67,679.67,679.67,679.67,0.0,2026-03-16 08:10:00
1773648900000,679.67,679.67,679.67,679.67,0.0,2026-03-16 08:15:00
1773649200000,679.67,679.67,679.67,679.67,0.0,2026-03-16 08:20:00
1773649500000,678.19,678.19,678.19,678.19,0.015,2026-03-16 08:25:00
1773649800000,678.19,678.19,678.19,678.19,0.0,2026-03-16 08:30:00
1773650100000,678.19,678.19,678.19,678.19,0.0,2026-03-16 08:35:00
1773650400000,678.19,678.19,678.19,678.19,0.0,2026-03-16 08:40:00
1773650700000,675.55,675.55,675.03,675.03,0.04,2026-03-16 08:45:00
1773651000000,675.03,675.03,675.03,675.03,0.0,2026-03-16 08:50:00
1773651300000,675.03,675.03,675.03,675.03,0.0,2026-03-16 08:55:00
1773651600000,675.03,675.03,675.03,675.03,0.0,2026-03-16 09:00:00
1773651900000,675.03,675.03,675.03,675.03,0.0,2026-03-16 09:05:00
1773652200000,675.03,675.03,675.03,675.03,0.0,2026-03-16 09:10:00
1773652500000,675.03,675.03,675.03,675.03,0.0,2026-03-16 09:15:00
1773652800000,675.65,675.65,674.2,675.5,3.897,2026-03-16 09:20:00
1773653100000,675.5,675.5,675.5,675.5,0.0,2026-03-16 09:25:00
1773653400000,675.5,675.5,675.5,675.5,0.0,2026-03-16 09:30:00
1773653700000,675.36,675.87,675.36,675.87,0.057,2026-03-16 09:35:00
1773654000000,675.87,675.87,675.87,675.87,0.0,2026-03-16 09:40:00
1773654300000,675.35,675.35,675.35,675.35,0.008,2026-03-16 09:45:00
1773654600000,675.35,675.35,675.35,675.35,0.0,2026-03-16 09:50:00
1773654900000,676.57,676.57,676.36,676.36,0.019,2026-03-16 09:55:00
1773655200000,676.36,676.36,676.36,676.36,0.0,2026-03-16 10:00:00
1773655500000,676.36,676.36,676.36,676.36,0.0,2026-03-16 10:05:00
1773655800000,676.36,676.36,676.36,676.36,0.0,2026-03-16 10:10:00
1773656100000,676.36,676.36,676.36,676.36,0.0,2026-03-16 10:15:00
1773656400000,676.36,676.36,676.36,676.36,0.0,2026-03-16 10:20:00
1773656700000,677.76,677.76,677.76,677.76,0.001,2026-03-16 10:25:00
1773657000000,677.43,677.43,676.76,676.76,0.042,2026-03-16 10:30:00
1773657300000,676.76,676.76,676.76,676.76,0.0,2026-03-16 10:35:00
1773657600000,676.76,676.76,676.76,676.76,0.0,2026-03-16 10:40:00
1773657900000,676.76,676.76,676.76,676.76,0.0,2026-03-16 10:45:00
1773658200000,676.76,676.76,676.76,676.76,0.0,2026-03-16 10:50:00
1773658500000,676.76,676.76,676.76,676.76,0.0,2026-03-16 10:55:00
1773658800000,679.27,679.48,679.27,679.48,0.1,2026-03-16 11:00:00
1773659100000,679.48,679.48,679.48,679.48,0.0,2026-03-16 11:05:00
1773659400000,679.48,679.48,679.48,679.48,0.0,2026-03-16 11:10:00
1773659700000,679.48,679.48,679.48,679.48,0.0,2026-03-16 11:15:00
1773660000000,679.48,679.48,679.48,679.48,0.0,2026-03-16 11:20:00
1773660300000,679.48,679.48,679.48,679.48,0.0,2026-03-16 11:25:00
1773660600000,679.48,679.48,679.48,679.48,0.0,2026-03-16 11:30:00
1773660900000,679.48,679.48,679.48,679.48,0.0,2026-03-16 11:35:00
1773661200000,676.81,676.81,676.81,676.81,0.027,2026-03-16 11:40:00
1773661500000,676.81,676.81,676.81,676.81,0.0,2026-03-16 11:45:00
1773661800000,676.81,676.81,676.81,676.81,0.0,2026-03-16 11:50:00
1773662100000,676.81,676.81,676.81,676.81,0.0,2026-03-16 11:55:00
1773662400000,678.02,678.12,678.02,678.12,0.1,2026-03-16 12:00:00
1773662700000,678.89,678.99,678.89,678.99,0.019,2026-03-16 12:05:00
1773663000000,678.99,678.99,678.99,678.99,0.0,2026-03-16 12:10:00
1773663300000,678.99,678.99,678.99,678.99,0.0,2026-03-16 12:15:00
1773663600000,679.67,682.98,678.99,678.99,0.78,2026-03-16 12:20:00
1773663900000,678.99,678.99,678.99,678.99,0.0,2026-03-16 12:25:00
1773664200000,678.99,678.99,678.99,678.99,0.0,2026-03-16 12:30:00
1773664500000,679.61,679.61,679.17,679.17,0.077,2026-03-16 12:35:00
1773664800000,679.02,679.02,679.02,679.02,0.005,2026-03-16 12:40:00
1773665100000,679.04,679.04,678.93,678.93,0.036,2026-03-16 12:45:00
1773665400000,678.93,678.93,678.93,678.93,0.0,2026-03-16 12:50:00
1773665700000,678.93,678.93,678.93,678.93,0.0,2026-03-16 12:55:00
1773666000000,678.93,678.93,678.93,678.93,0.0,2026-03-16 13:00:00
1773666300000,678.99,679.19,678.99,679.19,0.073,2026-03-16 13:05:00
1773666600000,678.75,678.75,678.75,678.75,0.022,2026-03-16 13:10:00
1773666900000,678.75,678.75,678.75,678.75,0.0,2026-03-16 13:15:00
1773667200000,678.75,678.75,678.75,678.75,0.0,2026-03-16 13:20:00
1773667500000,678.75,678.75,678.75,678.75,0.0,2026-03-16 13:25:00
1773667800000,678.75,678.75,678.75,678.75,0.0,2026-03-16 13:30:00
1773668100000,681.9,682.51,681.9,682.51,0.29,2026-03-16 13:35:00
1773668400000,682.33,683.0,679.44,680.68,2.021,2026-03-16 13:40:00
1773668700000,681.08,681.08,681.08,681.08,0.008,2026-03-16 13:45:00
1773669000000,681.08,681.08,681.08,681.08,0.0,2026-03-16 13:50:00
1773669300000,679.17,679.17,678.69,678.69,1.002,2026-03-16 13:55:00
1773669600000,681.46,681.59,681.46,681.59,1.009,2026-03-16 14:00:00
1773669900000,681.45,681.45,681.45,681.45,0.105,2026-03-16 14:05:00
1773670200000,680.73,681.1,680.73,681.1,0.01,2026-03-16 14:10:00
1773670500000,680.95,680.99,680.95,680.99,0.044,2026-03-16 14:15:00
1773670800000,680.99,680.99,680.99,680.99,0.0,2026-03-16 14:20:00
1773671100000,677.53,677.53,675.91,675.91,0.304,2026-03-16 14:25:00
1773671400000,675.66,675.66,671.36,673.1,1.521,2026-03-16 14:30:00
1773671700000,672.86,673.37,672.86,673.37,0.012,2026-03-16 14:35:00
1773672000000,671.83,671.83,671.83,671.83,0.149,2026-03-16 14:40:00
1773672300000,671.83,671.83,671.83,671.83,1.188,2026-03-16 14:45:00
1773672600000,671.83,671.83,671.83,671.83,0.0,2026-03-16 14:50:00
1773672900000,671.83,671.83,671.83,671.83,0.0,2026-03-16 14:55:00
1773673200000,674.3,675.76,673.89,674.4,1.057,2026-03-16 15:00:00
1773673500000,674.23,674.23,674.21,674.21,0.021,2026-03-16 15:05:00
1773673800000,674.21,674.21,674.21,674.21,1.008,2026-03-16 15:10:00
1773674100000,674.3,674.3,674.3,674.3,0.014,2026-03-16 15:15:00
1773674400000,674.3,674.3,674.3,674.3,0.0,2026-03-16 15:20:00
1773674700000,674.3,674.3,674.3,674.3,0.0,2026-03-16 15:25:00
1773675000000,674.3,674.3,674.3,674.3,0.0,2026-03-16 15:30:00
1773675300000,674.94,674.94,674.94,674.94,0.029,2026-03-16 15:35:00
1773675600000,674.3,674.79,674.3,674.79,0.102,2026-03-16 15:40:00
1773675900000,674.28,674.28,674.27,674.27,27.503,2026-03-16 15:45:00
1773676200000,674.27,674.27,674.27,674.27,0.0,2026-03-16 15:50:00
1773676500000,674.27,674.27,674.27,674.27,0.0,2026-03-16 15:55:00
1773676800000,671.93,673.22,671.93,673.22,0.037,2026-03-16 16:00:00
1773677100000,672.78,672.78,672.78,672.78,0.026,2026-03-16 16:05:00
1773677400000,671.67,671.67,671.67,671.67,0.136,2026-03-16 16:10:00
1773677700000,672.27,672.65,672.27,672.62,0.052,2026-03-16 16:15:00
1773678000000,672.62,672.62,672.62,672.62,0.099,2026-03-16 16:20:00
1773678300000,672.62,672.62,672.62,672.62,0.0,2026-03-16 16:25:00
1773678600000,672.62,672.62,672.62,672.62,0.0,2026-03-16 16:30:00
1773678900000,673.33,673.41,673.33,673.41,0.01,2026-03-16 16:35:00
1773679200000,673.41,673.41,673.41,673.41,0.0,2026-03-16 16:40:00
1773679500000,674.82,674.87,674.82,674.87,0.409,2026-03-16 16:45:00
1773679800000,674.87,674.87,674.87,674.87,0.0,2026-03-16 16:50:00
1773680100000,674.87,674.87,674.87,674.87,0.0,2026-03-16 16:55:00
1773680400000,676.53,676.54,675.78,675.78,0.181,2026-03-16 17:00:00
1773680700000,675.78,675.78,675.78,675.78,0.0,2026-03-16 17:05:00
1773681000000,675.68,675.68,675.68,675.68,0.065,2026-03-16 17:10:00
1773681300000,675.68,675.68,675.68,675.68,0.0,2026-03-16 17:15:00
1773681600000,675.68,675.68,675.68,675.68,0.0,2026-03-16 17:20:00
1773681900000,675.68,675.68,675.68,675.68,0.0,2026-03-16 17:25:00
1773682200000,675.98,676.09,675.46,675.46,3.626,2026-03-16 17:30:00
1773682500000,675.46,675.46,675.46,675.46,0.0,2026-03-16 17:35:00
1773682800000,675.46,675.46,675.46,675.46,0.0,2026-03-16 17:40:00
1773683100000,675.46,675.46,675.46,675.46,0.0,2026-03-16 17:45:00
1773683400000,675.46,675.46,675.46,675.46,0.0,2026-03-16 17:50:00
1773683700000,678.04,678.04,678.04,678.04,0.007,2026-03-16 17:55:00
1773684000000,678.04,678.04,678.04,678.04,0.0,2026-03-16 18:00:00
1773684300000,677.75,681.32,677.75,679.88,0.391,2026-03-16 18:05:00
1773684600000,679.22,680.99,678.96,680.03,0.169,2026-03-16 18:10:00
1773684900000,679.6,679.6,679.12,679.12,0.749,2026-03-16 18:15:00
1773685200000,679.12,679.12,679.12,679.12,0.0,2026-03-16 18:20:00
1773685500000,679.12,679.12,679.12,679.12,0.0,2026-03-16 18:25:00
1773685800000,679.12,679.12,679.12,679.12,0.0,2026-03-16 18:30:00
1773686100000,679.26,679.26,679.26,679.26,0.004,2026-03-16 18:35:00
1773686400000,679.26,679.26,679.26,679.26,0.0,2026-03-16 18:40:00
1773686700000,678.06,678.17,678.06,678.17,0.029,2026-03-16 18:45:00
1773687000000,678.02,678.02,675.87,677.66,0.091,2026-03-16 18:50:00
1773687300000,676.89,677.35,676.89,677.35,0.063,2026-03-16 18:55:00
1773687600000,677.35,677.35,677.35,677.35,0.0,2026-03-16 19:00:00
1773687900000,677.35,677.35,677.35,677.35,0.0,2026-03-16 19:05:00
1773688200000,681.36,681.36,680.14,680.14,0.108,2026-03-16 19:10:00
1773688500000,679.81,679.81,679.81,679.81,0.004,2026-03-16 19:15:00
1773688800000,679.81,679.81,679.81,679.81,0.0,2026-03-16 19:20:00
1773689100000,679.81,679.81,679.81,679.81,0.0,2026-03-16 19:25:00
1773689400000,680.3,680.85,680.16,680.84,2.012,2026-03-16 19:30:00
1773689700000,680.73,680.73,680.07,680.07,0.214,2026-03-16 19:35:00
1773690000000,680.08,680.08,679.95,679.95,0.263,2026-03-16 19:40:00
1773690300000,679.5,679.5,679.5,679.5,0.072,2026-03-16 19:45:00
1773690600000,679.16,679.16,679.16,679.16,0.13,2026-03-16 19:50:00
1773690900000,679.16,679.16,679.16,679.16,0.0,2026-03-16 19:55:00
1773691200000,678.54,678.54,678.54,678.54,0.007,2026-03-16 20:00:00
1773691500000,678.54,678.54,678.54,678.54,0.0,2026-03-16 20:05:00
1773691800000,676.77,676.77,676.77,676.77,0.147,2026-03-16 20:10:00
1773692100000,676.74,676.74,675.47,675.57,0.191,2026-03-16 20:15:00
1773692400000,675.57,675.57,675.57,675.57,0.0,2026-03-16 20:20:00
1773692700000,675.17,675.17,675.17,675.17,0.001,2026-03-16 20:25:00
1773693000000,675.17,675.17,675.17,675.17,0.0,2026-03-16 20:30:00
1773693300000,675.17,675.17,675.17,675.17,0.0,2026-03-16 20:35:00
1773693600000,676.65,676.7,676.65,676.7,0.011,2026-03-16 20:40:00
1773693900000,676.7,676.7,676.7,676.7,0.0,2026-03-16 20:45:00
1773694200000,676.7,676.7,676.7,676.7,0.0,2026-03-16 20:50:00
1773694500000,676.7,676.7,676.7,676.7,0.007,2026-03-16 20:55:00
1773694800000,676.7,676.7,676.7,676.7,3.162,2026-03-16 21:00:00
1773695100000,678.72,679.14,678.72,679.14,0.08,2026-03-16 21:05:00
1773695400000,678.68,679.78,678.66,679.47,0.24,2026-03-16 21:10:00
1773695700000,679.47,679.47,679.47,679.47,0.0,2026-03-16 21:15:00
1773696000000,679.47,679.47,679.47,679.47,0.0,2026-03-16 21:20:00
1773696300000,679.47,679.47,679.47,679.47,0.0,2026-03-16 21:25:00
1773696600000,678.15,678.18,678.15,678.18,0.074,2026-03-16 21:30:00
1773696900000,681.33,681.33,681.33,681.33,0.077,2026-03-16 21:35:00
1773697200000,681.38,681.38,681.38,681.38,0.008,2026-03-16 21:40:00
1773697500000,681.38,681.38,681.38,681.38,0.0,2026-03-16 21:45:00
1773697800000,681.38,681.38,681.38,681.38,0.0,2026-03-16 21:50:00
1773698100000,681.12,681.31,680.21,680.21,0.089,2026-03-16 21:55:00
1773698400000,680.89,680.89,680.89,680.89,0.004,2026-03-16 22:00:00
1773698700000,683.62,684.79,683.62,684.79,0.751,2026-03-16 22:05:00
1773699000000,684.1,684.1,684.1,684.1,0.003,2026-03-16 22:10:00
1773699300000,683.46,683.46,683.46,683.46,0.151,2026-03-16 22:15:00
1773699600000,682.34,683.08,682.34,683.08,0.323,2026-03-16 22:20:00
1773699900000,683.08,683.08,683.08,683.08,0.0,2026-03-16 22:25:00
1773700200000,682.48,683.31,682.48,683.31,0.438,2026-03-16 22:30:00
1773700500000,682.24,682.24,682.24,682.24,0.01,2026-03-16 22:35:00
1773700800000,682.24,682.24,682.24,682.24,0.0,2026-03-16 22:40:00
1773701100000,682.24,682.24,682.24,682.24,0.0,2026-03-16 22:45:00
1773701400000,683.09,683.09,683.09,683.09,0.393,2026-03-16 22:50:00
1773701700000,681.16,681.16,681.16,681.16,0.423,2026-03-16 22:55:00
1773702000000,681.16,681.16,681.16,681.16,0.0,2026-03-16 23:00:00
1773702300000,678.46,678.5,678.46,678.5,0.015,2026-03-16 23:05:00
1773702600000,678.5,678.5,678.5,678.5,0.0,2026-03-16 23:10:00
1773702900000,678.5,678.5,678.5,678.5,0.0,2026-03-16 23:15:00
1773703200000,678.5,678.5,678.5,678.5,0.0,2026-03-16 23:20:00
1773703500000,678.08,678.08,678.08,678.08,0.008,2026-03-16 23:25:00
1773703800000,678.08,678.08,678.08,678.08,0.0,2026-03-16 23:30:00
1773704100000,678.08,678.08,678.08,678.08,0.0,2026-03-16 23:35:00
1773704400000,678.08,678.08,678.08,678.08,0.0,2026-03-16 23:40:00
1773704700000,678.08,678.08,678.08,678.08,0.0,2026-03-16 23:45:00
1773705000000,680.02,680.02,680.02,680.02,0.001,2026-03-16 23:50:00
1773705300000,680.02,680.02,680.02,680.02,0.0,2026-03-16 23:55:00
1773705600000,679.37,679.48,678.54,678.61,0.121,2026-03-17 00:00:00
1773705900000,678.61,678.61,678.61,678.61,0.0,2026-03-17 00:05:00
1773706200000,681.12,683.62,681.12,683.48,0.577,2026-03-17 00:10:00
1773706500000,683.5,683.5,680.84,681.37,0.568,2026-03-17 00:15:00
1773706800000,680.54,681.15,680.54,680.58,0.039,2026-03-17 00:20:00
1773707100000,678.92,680.38,678.91,680.38,0.01,2026-03-17 00:25:00
1773707400000,682.28,683.58,681.68,681.68,0.023,2026-03-17 00:30:00
1773707700000,682.33,682.33,681.61,681.61,0.015,2026-03-17 00:35:00
1773708000000,680.85,680.96,680.81,680.96,0.017,2026-03-17 00:40:00
1773708300000,681.83,681.83,681.21,681.21,0.012,2026-03-17 00:45:00
1773708600000,680.55,680.89,680.55,680.89,0.007,2026-03-17 00:50:00
1773708900000,680.26,680.26,680.26,680.26,0.006,2026-03-17 00:55:00
1773709200000,683.36,683.36,683.36,683.36,0.002,2026-03-17 01:00:00
1773709500000,681.93,681.93,681.93,681.93,0.005,2026-03-17 01:05:00
1773709800000,684.51,685.95,684.51,684.76,0.145,2026-03-17 01:10:00
1773710100000,685.01,685.02,683.71,684.05,0.073,2026-03-17 01:15:00
1773710400000,684.36,684.36,683.59,683.8,0.088,2026-03-17 01:20:00
1773710700000,685.59,686.62,685.59,686.62,0.128,2026-03-17 01:25:00
1773711000000,684.75,684.75,683.92,683.92,0.226,2026-03-17 01:30:00
1773711300000,683.92,683.92,683.92,683.92,0.0,2026-03-17 01:35:00
1773711600000,683.92,683.92,683.92,683.92,0.0,2026-03-17 01:40:00
1773711900000,683.92,683.92,683.92,683.92,0.0,2026-03-17 01:45:00
1773712200000,683.02,683.02,683.02,683.02,0.029,2026-03-17 01:50:00
1773712500000,683.02,683.02,683.02,683.02,0.0,2026-03-17 01:55:00
1773712800000,683.47,684.94,683.47,684.94,0.308,2026-03-17 02:00:00
1773713100000,683.05,683.59,681.69,681.69,0.038,2026-03-17 02:05:00
1773713400000,680.97,680.97,680.97,680.97,20.0,2026-03-17 02:10:00
1773713700000,681.66,681.66,681.66,681.66,0.001,2026-03-17 02:15:00
1773714000000,681.65,681.76,681.65,681.76,0.098,2026-03-17 02:20:00
1773714300000,681.29,681.29,681.29,681.29,0.008,2026-03-17 02:25:00
1773714600000,681.29,681.29,681.29,681.29,0.0,2026-03-17 02:30:00
1773714900000,681.23,681.23,681.23,681.23,0.013,2026-03-17 02:35:00
1773715200000,681.23,681.23,681.23,681.23,0.0,2026-03-17 02:40:00
1773715500000,683.91,683.92,683.91,683.92,0.047,2026-03-17 02:45:00
1773715800000,682.97,684.0,682.97,684.0,0.012,2026-03-17 02:50:00
1773716100000,683.08,683.08,683.08,683.08,0.023,2026-03-17 02:55:00
1773716400000,683.0,683.0,682.44,682.44,0.603,2026-03-17 03:00:00
1773716700000,682.44,682.44,682.44,682.44,0.0,2026-03-17 03:05:00
1773717000000,682.44,682.44,682.44,682.44,0.0,2026-03-17 03:10:00
1773717300000,681.35,681.43,680.69,680.69,0.468,2026-03-17 03:15:00
1773717600000,680.46,680.46,679.23,679.23,0.211,2026-03-17 03:20:00
1773717900000,679.56,680.21,679.56,680.21,0.015,2026-03-17 03:25:00
1773718200000,680.21,680.21,680.21,680.21,0.0,2026-03-17 03:30:00
1773718500000,677.28,677.28,676.92,676.92,0.024,2026-03-17 03:35:00
1773718800000,676.92,676.92,676.92,676.92,0.0,2026-03-17 03:40:00
1773719100000,675.32,675.55,675.24,675.55,2.044,2026-03-17 03:45:00
1773719400000,675.62,675.62,675.62,675.62,0.13,2026-03-17 03:50:00
1773719700000,675.62,675.62,675.48,675.48,0.458,2026-03-17 03:55:00
1773720000000,677.11,677.15,677.11,677.15,0.052,2026-03-17 04:00:00
1773720300000,677.15,677.15,677.15,677.15,0.0,2026-03-17 04:05:00
1773720600000,677.32,677.32,677.32,677.32,0.007,2026-03-17 04:10:00
1773720900000,677.32,677.32,677.32,677.32,0.0,2026-03-17 04:15:00
1773721200000,675.39,675.39,674.56,674.56,0.736,2026-03-17 04:20:00
1773721500000,675.1,675.1,675.1,675.1,0.021,2026-03-17 04:25:00
1773721800000,675.1,675.1,675.1,675.1,0.0,2026-03-17 04:30:00
1773722100000,673.21,673.21,673.21,673.21,0.003,2026-03-17 04:35:00
1773722400000,673.21,673.21,673.21,673.21,0.0,2026-03-17 04:40:00
1773722700000,673.21,673.21,673.21,673.21,0.0,2026-03-17 04:45:00
1773723000000,673.21,673.21,673.21,673.21,0.0,2026-03-17 04:50:00
1773723300000,674.89,676.35,674.89,676.35,0.324,2026-03-17 04:55:00
1773723600000,674.93,674.93,674.93,674.93,0.007,2026-03-17 05:00:00
1773723900000,675.34,675.59,675.34,675.59,0.013,2026-03-17 05:05:00
1773724200000,675.66,675.76,675.66,675.76,0.02,2026-03-17 05:10:00
1773724500000,676.7,676.7,676.7,676.7,0.057,2026-03-17 05:15:00
1773724800000,676.7,676.7,676.7,676.7,0.0,2026-03-17 05:20:00
1773725100000,676.71,676.71,676.57,676.61,0.23,2026-03-17 05:25:00
1773725400000,677.15,677.15,676.77,676.8,0.233,2026-03-17 05:30:00
1773725700000,676.12,676.27,676.12,676.27,0.018,2026-03-17 05:35:00
1773726000000,674.29,674.29,674.29,674.29,0.009,2026-03-17 05:40:00
1773726300000,675.02,675.03,674.07,674.31,0.124,2026-03-17 05:45:00
1773726600000,674.31,674.31,674.31,674.31,0.0,2026-03-17 05:50:00
1773726900000,675.72,675.72,675.72,675.72,0.011,2026-03-17 05:55:00
1773727200000,674.01,674.01,674.01,674.01,0.159,2026-03-17 06:00:00
1773727500000,674.07,674.07,673.38,673.9,1.076,2026-03-17 06:05:00
1773727800000,673.9,673.9,673.9,673.9,0.0,2026-03-17 06:10:00
1773728100000,675.67,675.98,675.45,675.45,0.634,2026-03-17 06:15:00
1773728400000,676.25,676.35,676.14,676.35,0.263,2026-03-17 06:20:00
1773728700000,676.35,676.35,676.35,676.35,0.0,2026-03-17 06:25:00
1773729000000,676.35,676.35,676.35,676.35,0.0,2026-03-17 06:30:00
1773729300000,675.71,675.71,675.71,675.71,0.019,2026-03-17 06:35:00
1773729600000,675.71,675.71,675.71,675.71,0.0,2026-03-17 06:40:00
1773729900000,673.89,673.89,673.89,673.89,0.007,2026-03-17 06:45:00
1773730200000,673.89,673.89,673.89,673.89,0.0,2026-03-17 06:50:00
1773730500000,673.39,673.39,673.24,673.24,0.852,2026-03-17 06:55:00
1773730800000,673.74,674.27,673.58,673.97,4.133,2026-03-17 07:00:00
1773731100000,674.09,674.43,673.57,673.67,15.221,2026-03-17 07:05:00
1773731400000,673.96,674.72,673.96,674.03,1.898,2026-03-17 07:10:00
1773731700000,674.12,675.06,674.1,674.3,1.263,2026-03-17 07:15:00
1773732000000,675.6,675.67,674.84,674.84,0.409,2026-03-17 07:20:00
1773732300000,674.84,674.84,674.84,674.84,0.0,2026-03-17 07:25:00
1773732600000,675.46,675.46,674.7,674.7,2.084,2026-03-17 07:30:00
1773732900000,674.94,676.02,674.47,675.18,2.737,2026-03-17 07:35:00
1773733200000,674.88,675.67,674.88,674.91,0.818,2026-03-17 07:40:00
1773733500000,675.13,675.13,674.59,674.59,0.318,2026-03-17 07:45:00
1773733800000,674.59,674.59,674.59,674.59,0.0,2026-03-17 07:50:00
1773734100000,674.18,674.18,674.18,674.18,0.007,2026-03-17 07:55:00
1773734400000,674.64,675.95,674.6,675.63,6.857,2026-03-17 08:00:00
1773734700000,675.63,676.13,674.64,675.46,4.58,2026-03-17 08:05:00
1773735000000,675.28,675.28,675.28,675.28,0.165,2026-03-17 08:10:00
1773735300000,674.57,675.23,674.05,675.23,0.436,2026-03-17 08:15:00
1773735600000,675.69,675.76,674.89,674.91,0.341,2026-03-17 08:20:00
1773735900000,674.91,674.91,674.91,674.91,0.0,2026-03-17 08:25:00
1773736200000,674.97,674.97,674.97,674.97,0.008,2026-03-17 08:30:00
1773736500000,674.97,674.97,674.97,674.97,0.0,2026-03-17 08:35:00
1773736800000,675.55,675.86,675.55,675.57,0.571,2026-03-17 08:40:00
1773737100000,675.72,675.75,675.72,675.75,0.148,2026-03-17 08:45:00
1773737400000,675.75,675.75,675.75,675.75,0.0,2026-03-17 08:50:00
1773737700000,675.75,675.75,675.75,675.75,0.0,2026-03-17 08:55:00
1773738000000,675.75,675.75,675.75,675.75,0.0,2026-03-17 09:00:00
1773738300000,673.25,673.25,673.25,673.25,0.029,2026-03-17 09:05:00
1773738600000,673.25,673.25,673.25,673.25,0.0,2026-03-17 09:10:00
1773738900000,673.08,673.28,673.08,673.28,0.036,2026-03-17 09:15:00
1773739200000,673.54,673.54,673.53,673.53,8.057,2026-03-17 09:20:00
1773739500000,675.1,675.66,675.1,675.66,0.012,2026-03-17 09:25:00
1773739800000,675.19,675.19,675.19,675.19,0.013,2026-03-17 09:30:00
1773740100000,675.19,675.19,675.19,675.19,0.0,2026-03-17 09:35:00
1773740400000,675.19,675.19,675.19,675.19,0.0,2026-03-17 09:40:00
1773740700000,675.19,675.19,675.19,675.19,0.0,2026-03-17 09:45:00
1773741000000,675.19,675.19,675.19,675.19,0.0,2026-03-17 09:50:00
1773741300000,675.19,675.19,675.19,675.19,0.0,2026-03-17 09:55:00
1773741600000,672.95,672.95,672.95,672.95,0.008,2026-03-17 10:00:00
1773741900000,672.12,672.12,671.1,671.11,0.181,2026-03-17 10:05:00
1773742200000,671.69,671.69,671.69,671.69,0.023,2026-03-17 10:10:00
1773742500000,671.69,671.69,671.69,671.69,0.0,2026-03-17 10:15:00
1773742800000,671.12,671.12,671.12,671.12,0.003,2026-03-17 10:20:00
1773743100000,671.12,671.12,671.12,671.12,0.0,2026-03-17 10:25:00
1773743400000,671.12,671.12,671.12,671.12,0.0,2026-03-17 10:30:00
1773743700000,671.12,671.12,671.12,671.12,0.0,2026-03-17 10:35:00
1773744000000,670.0,670.0,669.1,669.1,0.052,2026-03-17 10:40:00
1773744300000,669.1,669.1,669.1,669.1,0.0,2026-03-17 10:45:00
1773744600000,669.09,669.61,669.09,669.61,0.228,2026-03-17 10:50:00
1773744900000,669.27,669.27,668.13,668.13,0.5,2026-03-17 10:55:00
1773745200000,669.56,669.56,669.56,669.56,0.007,2026-03-17 11:00:00
1773745500000,669.56,669.56,669.56,669.56,0.0,2026-03-17 11:05:00
1773745800000,669.56,669.56,669.56,669.56,0.0,2026-03-17 11:10:00
1773746100000,669.56,669.56,669.56,669.56,0.0,2026-03-17 11:15:00
1773746400000,668.42,668.42,668.42,668.42,0.214,2026-03-17 11:20:00
1773746700000,668.12,668.42,665.37,667.26,1.624,2026-03-17 11:25:00
1773747000000,667.81,667.81,667.81,667.81,0.02,2026-03-17 11:30:00
1773747300000,669.03,669.03,669.03,669.03,0.007,2026-03-17 11:35:00
1773747600000,669.03,669.03,669.03,669.03,0.0,2026-03-17 11:40:00
1773747900000,669.03,669.03,669.03,669.03,0.0,2026-03-17 11:45:00
1773748200000,669.03,669.03,669.03,669.03,0.0,2026-03-17 11:50:00
1773748500000,668.1,668.1,668.1,668.1,0.013,2026-03-17 11:55:00
1773748800000,667.85,667.85,667.85,667.85,0.007,2026-03-17 12:00:00
1773749100000,667.85,667.85,667.85,667.85,0.0,2026-03-17 12:05:00
1773749400000,668.94,668.94,668.22,668.44,0.226,2026-03-17 12:10:00
1773749700000,669.52,669.52,668.39,668.39,0.116,2026-03-17 12:15:00
1773750000000,668.45,668.45,668.41,668.41,1.308,2026-03-17 12:20:00
1773750300000,668.41,668.41,668.41,668.41,0.0,2026-03-17 12:25:00
1773750600000,667.41,667.41,667.22,667.22,0.082,2026-03-17 12:30:00
1773750900000,666.23,666.23,665.72,665.72,0.018,2026-03-17 12:35:00
1773751200000,666.22,666.22,665.36,665.36,0.044,2026-03-17 12:40:00
1773751500000,665.7,665.98,665.7,665.98,0.15,2026-03-17 12:45:00
1773751800000,665.98,665.98,665.98,665.98,0.0,2026-03-17 12:50:00
1773752100000,665.3,665.3,665.3,665.3,0.028,2026-03-17 12:55:00
1773752400000,665.3,665.3,665.3,665.3,0.0,2026-03-17 13:00:00
1773752700000,666.18,666.71,666.18,666.71,0.022,2026-03-17 13:05:00
1773753000000,666.65,666.65,666.65,666.65,0.022,2026-03-17 13:10:00
1773753300000,666.22,666.66,666.22,666.66,0.011,2026-03-17 13:15:00
1773753600000,666.86,667.22,666.86,667.22,0.082,2026-03-17 13:20:00
1773753900000,667.22,667.22,667.22,667.22,0.0,2026-03-17 13:25:00
1773754200000,667.95,667.95,667.86,667.86,0.016,2026-03-17 13:30:00
1773754500000,666.83,668.35,666.83,668.15,0.72,2026-03-17 13:35:00
1773754800000,668.22,668.38,666.76,666.76,0.329,2026-03-17 13:40:00
1773755100000,666.28,666.75,665.96,665.96,0.164,2026-03-17 13:45:00
1773755400000,665.3,665.3,665.3,665.3,0.275,2026-03-17 13:50:00
1773755700000,665.2,665.77,664.97,664.97,0.017,2026-03-17 13:55:00
1773756000000,665.11,665.41,664.87,665.13,0.211,2026-03-17 14:00:00
1773756300000,666.18,666.75,666.18,666.75,0.04,2026-03-17 14:05:00
1773756600000,666.46,667.45,666.46,666.97,0.084,2026-03-17 14:10:00
1773756900000,666.98,666.98,666.36,666.36,15.001,2026-03-17 14:15:00
1773757200000,667.05,667.75,667.0,667.56,0.116,2026-03-17 14:20:00
1773757500000,667.23,667.44,667.23,667.44,0.016,2026-03-17 14:25:00
1773757800000,668.34,668.38,668.13,668.38,6.796,2026-03-17 14:30:00
1773758100000,668.38,668.38,668.38,668.38,8.8,2026-03-17 14:35:00
1773758400000,669.65,669.71,669.45,669.55,0.189,2026-03-17 14:40:00
1773758700000,670.32,670.32,669.81,669.81,0.174,2026-03-17 14:45:00
1773759000000,668.87,669.51,668.87,669.51,0.016,2026-03-17 14:50:00
1773759300000,669.51,669.51,669.51,669.51,0.0,2026-03-17 14:55:00
1773759600000,672.13,672.66,672.13,672.66,0.448,2026-03-17 15:00:00
1773759900000,672.47,672.47,672.34,672.35,0.04,2026-03-17 15:05:00
1773760200000,671.5,671.5,671.5,671.5,0.033,2026-03-17 15:10:00
1773760500000,671.5,671.5,671.5,671.5,0.0,2026-03-17 15:15:00
1773760800000,667.64,667.64,667.64,667.64,0.161,2026-03-17 15:20:00
1773761100000,667.99,667.99,667.99,667.99,0.015,2026-03-17 15:25:00
1773761400000,667.64,667.64,667.64,667.64,0.008,2026-03-17 15:30:00
1773761700000,667.64,667.64,667.64,667.64,0.0,2026-03-17 15:35:00
1773762000000,667.64,667.64,667.64,667.64,0.0,2026-03-17 15:40:00
1773762300000,666.89,666.99,666.89,666.99,0.009,2026-03-17 15:45:00
1773762600000,667.74,667.74,667.74,667.74,0.012,2026-03-17 15:50:00
1773762900000,667.74,667.74,667.74,667.74,0.0,2026-03-17 15:55:00
1773763200000,668.47,668.48,668.47,668.48,0.01,2026-03-17 16:00:00
1773763500000,669.08,669.09,669.08,669.09,0.015,2026-03-17 16:05:00
1773763800000,669.09,669.09,669.09,669.09,0.0,2026-03-17 16:10:00
1773764100000,669.03,669.03,669.03,669.03,0.004,2026-03-17 16:15:00
1773764400000,669.03,669.03,669.03,669.03,0.0,2026-03-17 16:20:00
1773764700000,669.03,669.03,669.03,669.03,0.0,2026-03-17 16:25:00
1773765000000,669.03,669.03,669.03,669.03,0.0,2026-03-17 16:30:00
1773765300000,669.03,669.03,669.03,669.03,0.0,2026-03-17 16:35:00
1773765600000,670.6,670.77,670.6,670.77,0.036,2026-03-17 16:40:00
1773765900000,670.28,670.28,670.28,670.28,0.006,2026-03-17 16:45:00
1773766200000,670.28,670.28,670.28,670.28,0.0,2026-03-17 16:50:00
1773766500000,671.46,671.46,671.46,671.46,0.446,2026-03-17 16:55:00
1773766800000,672.03,672.14,672.03,672.14,0.01,2026-03-17 17:00:00
1773767100000,672.14,672.14,672.14,672.14,0.0,2026-03-17 17:05:00
1773767400000,672.14,672.14,672.14,672.14,0.0,2026-03-17 17:10:00
1773767700000,672.14,672.14,672.14,672.14,0.0,2026-03-17 17:15:00
1773768000000,672.14,672.14,672.14,672.14,0.0,2026-03-17 17:20:00
1773768300000,672.14,672.14,672.14,672.14,0.0,2026-03-17 17:25:00
1773768600000,672.14,672.14,672.14,672.14,0.0,2026-03-17 17:30:00
1773768900000,672.14,672.14,672.14,672.14,0.0,2026-03-17 17:35:00
1773769200000,671.35,671.79,671.35,671.79,0.15,2026-03-17 17:40:00
1773769500000,671.79,671.79,671.79,671.79,0.0,2026-03-17 17:45:00
1773769800000,671.79,671.79,671.79,671.79,0.0,2026-03-17 17:50:00
1773770100000,671.79,671.79,671.79,671.79,0.0,2026-03-17 17:55:00
1773770400000,673.02,673.02,673.02,673.02,0.165,2026-03-17 18:00:00
1773770700000,673.02,673.02,673.02,673.02,0.0,2026-03-17 18:05:00
1773771000000,674.06,674.06,674.06,674.06,0.148,2026-03-17 18:10:00
1773771300000,673.91,673.91,673.91,673.91,0.018,2026-03-17 18:15:00
1773771600000,673.91,673.91,673.91,673.91,0.0,2026-03-17 18:20:00
1773771900000,673.2,673.2,672.88,672.88,0.205,2026-03-17 18:25:00
1773772200000,673.0,673.0,673.0,673.0,0.007,2026-03-17 18:30:00
1773772500000,674.42,674.66,674.19,674.19,9.635,2026-03-17 18:35:00
1773772800000,674.19,674.19,674.19,674.19,0.0,2026-03-17 18:40:00
1773773100000,674.19,674.19,674.19,674.19,0.0,2026-03-17 18:45:00
1773773400000,674.19,674.19,674.19,674.19,0.0,2026-03-17 18:50:00
1773773700000,673.69,673.69,673.69,673.69,1.0,2026-03-17 18:55:00
1773774000000,673.69,673.69,673.69,673.69,0.0,2026-03-17 19:00:00
1773774300000,673.69,673.69,673.69,673.69,0.0,2026-03-17 19:05:00
1773774600000,674.56,674.56,674.56,674.56,0.021,2026-03-17 19:10:00
1773774900000,674.56,674.56,674.56,674.56,0.0,2026-03-17 19:15:00
1773775200000,674.56,674.56,674.56,674.56,0.0,2026-03-17 19:20:00
1773775500000,674.56,674.56,674.56,674.56,0.0,2026-03-17 19:25:00
1773775800000,674.56,674.56,674.56,674.56,0.0,2026-03-17 19:30:00
1773776100000,673.23,673.8,673.18,673.8,0.221,2026-03-17 19:35:00
1773776400000,673.8,673.8,673.8,673.8,0.294,2026-03-17 19:40:00
1773776700000,673.8,673.8,673.8,673.8,0.0,2026-03-17 19:45:00
1773777000000,673.8,673.8,673.8,673.8,0.0,2026-03-17 19:50:00
1773777300000,673.8,673.8,673.8,673.8,0.0,2026-03-17 19:55:00
1773777600000,673.8,673.8,673.8,673.8,0.0,2026-03-17 20:00:00
1773777900000,673.8,673.8,673.8,673.8,0.0,2026-03-17 20:05:00
1773778200000,670.82,671.36,670.82,671.36,0.02,2026-03-17 20:10:00
1773778500000,670.83,671.55,670.83,671.55,0.018,2026-03-17 20:15:00
1773778800000,671.2,671.2,671.2,671.2,0.004,2026-03-17 20:20:00
1773779100000,671.2,671.2,671.2,671.2,0.0,2026-03-17 20:25:00
1773779400000,672.89,672.94,672.89,672.94,0.015,2026-03-17 20:30:00
1773779700000,672.94,672.94,672.94,672.94,0.0,2026-03-17 20:35:00
1773780000000,672.45,672.45,672.45,672.45,0.001,2026-03-17 20:40:00
1773780300000,672.45,672.45,672.45,672.45,0.0,2026-03-17 20:45:00
1773780600000,672.45,672.45,672.45,672.45,0.0,2026-03-17 20:50:00
1773780900000,672.45,672.45,672.45,672.45,0.0,2026-03-17 20:55:00
1773781200000,672.45,672.45,672.45,672.45,0.0,2026-03-17 21:00:00
1773781500000,672.46,672.46,672.46,672.46,0.007,2026-03-17 21:05:00
1773781800000,672.46,672.46,672.46,672.46,0.0,2026-03-17 21:10:00
1773782100000,672.46,672.46,672.46,672.46,0.0,2026-03-17 21:15:00
1773782400000,672.46,672.46,672.46,672.46,0.0,2026-03-17 21:20:00
1773782700000,673.82,673.82,673.05,673.05,0.023,2026-03-17 21:25:00
1773783000000,673.05,673.05,673.05,673.05,0.0,2026-03-17 21:30:00
1773783300000,673.19,673.19,673.19,673.19,0.006,2026-03-17 21:35:00
1773783600000,673.19,673.19,673.19,673.19,0.0,2026-03-17 21:40:00
1773783900000,673.19,673.19,673.19,673.19,0.0,2026-03-17 21:45:00
1773784200000,673.19,673.19,673.19,673.19,0.0,2026-03-17 21:50:00
1773784500000,673.19,673.19,673.19,673.19,0.0,2026-03-17 21:55:00
1773784800000,673.19,673.19,673.19,673.19,0.0,2026-03-17 22:00:00
1773785100000,673.78,674.34,673.78,674.06,0.114,2026-03-17 22:05:00
1773785400000,674.06,674.06,674.06,674.06,0.0,2026-03-17 22:10:00
1773785700000,673.53,673.64,673.53,673.64,3.802,2026-03-17 22:15:00
1773786000000,673.64,673.64,673.64,673.64,0.0,2026-03-17 22:20:00
1773786300000,673.64,673.64,673.64,673.64,0.0,2026-03-17 22:25:00
1773786600000,673.64,673.64,673.64,673.64,0.0,2026-03-17 22:30:00
1773786900000,670.68,670.68,670.68,670.68,0.023,2026-03-17 22:35:00
1773787200000,669.7,670.59,669.33,670.07,0.027,2026-03-17 22:40:00
1773787500000,670.07,670.07,670.07,670.07,0.0,2026-03-17 22:45:00
1773787800000,670.07,670.07,670.07,670.07,0.0,2026-03-17 22:50:00
1773788100000,671.57,671.57,671.57,671.57,0.001,2026-03-17 22:55:00
1773788400000,671.2,671.27,671.2,671.27,0.022,2026-03-17 23:00:00
1773788700000,671.48,671.48,671.48,671.48,0.007,2026-03-17 23:05:00
1773789000000,671.56,671.56,671.53,671.53,0.018,2026-03-17 23:10:00
1773789300000,671.53,671.53,671.53,671.53,0.0,2026-03-17 23:15:00
1773789600000,671.53,671.53,671.53,671.53,0.0,2026-03-17 23:20:00
1773789900000,671.53,671.53,671.53,671.53,0.0,2026-03-17 23:25:00
1773790200000,670.45,670.45,670.17,670.17,0.037,2026-03-17 23:30:00
1773790500000,670.17,670.17,670.17,670.17,0.0,2026-03-17 23:35:00
1773790800000,670.17,670.17,670.17,670.17,0.0,2026-03-17 23:40:00
1773791100000,670.17,670.17,670.17,670.17,0.0,2026-03-17 23:45:00
1773791400000,668.99,668.99,668.99,668.99,0.09,2026-03-17 23:50:00
1773791700000,668.0,668.0,667.95,667.95,0.045,2026-03-17 23:55:00
1773792000000,668.26,668.26,668.19,668.19,0.225,2026-03-18 00:00:00
1773792300000,668.19,668.19,668.19,668.19,0.0,2026-03-18 00:05:00
1773792600000,669.32,669.32,669.3,669.3,0.081,2026-03-18 00:10:00
1773792900000,668.31,668.64,668.31,668.64,0.018,2026-03-18 00:15:00
1773793200000,668.38,668.54,668.09,668.09,0.212,2026-03-18 00:20:00
1773793500000,666.95,667.72,666.95,667.4,0.089,2026-03-18 00:25:00
1773793800000,667.36,667.36,666.71,666.71,0.042,2026-03-18 00:30:00
1773794100000,666.55,666.55,666.55,666.55,0.005,2026-03-18 00:35:00
1773794400000,666.07,666.07,666.07,666.07,0.004,2026-03-18 00:40:00
1773794700000,667.19,667.84,667.19,667.84,0.017,2026-03-18 00:45:00
1773795000000,668.45,668.45,668.45,668.45,0.002,2026-03-18 00:50:00
1773795300000,668.45,668.45,668.45,668.45,0.0,2026-03-18 00:55:00
1773795600000,668.66,668.71,668.66,668.71,0.015,2026-03-18 01:00:00
1773795900000,668.71,668.71,668.71,668.71,0.0,2026-03-18 01:05:00
1773796200000,668.71,668.71,668.71,668.71,0.0,2026-03-18 01:10:00
1773796500000,668.71,668.71,668.71,668.71,0.0,2026-03-18 01:15:00
1773796800000,668.71,668.71,668.71,668.71,0.0,2026-03-18 01:20:00
1773797100000,668.71,668.71,668.71,668.71,0.0,2026-03-18 01:25:00
1773797400000,668.71,668.71,668.71,668.71,0.0,2026-03-18 01:30:00
1773797700000,668.71,668.71,668.71,668.71,0.0,2026-03-18 01:35:00
1773798000000,670.92,670.92,670.92,670.92,0.003,2026-03-18 01:40:00
1773798300000,670.6,671.43,670.6,671.43,0.1,2026-03-18 01:45:00
1773798600000,669.38,669.38,669.38,669.38,0.052,2026-03-18 01:50:00
1773798900000,669.38,669.38,669.38,669.38,0.0,2026-03-18 01:55:00
1773799200000,669.38,669.38,669.38,669.38,0.0,2026-03-18 02:00:00
1773799500000,669.38,669.38,669.38,669.38,0.0,2026-03-18 02:05:00
1773799800000,670.95,670.95,670.95,670.95,0.082,2026-03-18 02:10:00
1773800100000,670.95,670.95,670.95,670.95,0.0,2026-03-18 02:15:00
1773800400000,670.95,670.95,670.95,670.95,0.0,2026-03-18 02:20:00
1773800700000,670.95,670.95,670.95,670.95,0.0,2026-03-18 02:25:00
1773801000000,670.95,670.95,670.95,670.95,0.0,2026-03-18 02:30:00
1773801300000,670.95,670.95,670.95,670.95,0.0,2026-03-18 02:35:00
1773801600000,670.95,670.95,670.95,670.95,0.0,2026-03-18 02:40:00
1773801900000,670.95,670.95,670.95,670.95,0.0,2026-03-18 02:45:00
1773802200000,670.95,670.95,670.95,670.95,0.0,2026-03-18 02:50:00
1773802500000,670.95,670.95,670.95,670.95,0.0,2026-03-18 02:55:00
1773802800000,671.54,672.41,671.5,672.41,0.079,2026-03-18 03:00:00
1773803100000,672.27,672.27,671.37,671.37,0.016,2026-03-18 03:05:00
1773803400000,671.35,671.35,671.29,671.29,0.054,2026-03-18 03:10:00
1773803700000,671.29,671.29,671.29,671.29,0.0,2026-03-18 03:15:00
1773804000000,671.29,671.29,671.29,671.29,0.0,2026-03-18 03:20:00
1773804300000,673.76,673.76,673.76,673.76,0.9,2026-03-18 03:25:00
1773804600000,673.76,673.76,673.76,673.76,0.0,2026-03-18 03:30:00
1773804900000,675.03,675.13,675.03,675.13,0.07,2026-03-18 03:35:00
1773805200000,675.13,675.13,675.13,675.13,0.0,2026-03-18 03:40:00
1773805500000,674.18,674.18,673.21,673.21,0.089,2026-03-18 03:45:00
1773805800000,673.21,673.21,673.21,673.21,0.0,2026-03-18 03:50:00
1773806100000,673.21,673.21,673.21,673.21,0.0,2026-03-18 03:55:00
1773806400000,673.77,673.82,673.77,673.82,0.338,2026-03-18 04:00:00
1773806700000,673.82,673.82,673.36,673.36,0.042,2026-03-18 04:05:00
1773807000000,673.52,673.52,673.52,673.52,0.007,2026-03-18 04:10:00
1773807300000,673.21,673.21,672.22,672.22,1.621,2026-03-18 04:15:00
1773807600000,672.22,672.22,672.22,672.22,0.0,2026-03-18 04:20:00
1773807900000,672.49,672.49,672.49,672.49,0.013,2026-03-18 04:25:00
1773808200000,672.49,672.49,672.49,672.49,0.0,2026-03-18 04:30:00
1773808500000,671.31,671.31,671.31,671.31,0.014,2026-03-18 04:35:00
1773808800000,671.31,671.31,671.31,671.31,0.0,2026-03-18 04:40:00
1773809100000,671.31,671.31,671.31,671.31,0.0,2026-03-18 04:45:00
1773809400000,672.29,672.29,672.29,672.29,0.1,2026-03-18 04:50:00
1773809700000,672.29,672.29,672.29,672.29,0.0,2026-03-18 04:55:00
1773810000000,672.29,672.29,672.29,672.29,0.0,2026-03-18 05:00:00
1773810300000,672.03,672.44,672.03,672.44,0.011,2026-03-18 05:05:00
1773810600000,673.39,673.39,673.39,673.39,0.049,2026-03-18 05:10:00
1773810900000,673.39,673.39,673.39,673.39,0.0,2026-03-18 05:15:00
1773811200000,673.39,673.39,673.39,673.39,0.0,2026-03-18 05:20:00
1773811500000,673.39,673.39,673.39,673.39,0.0,2026-03-18 05:25:00
1773811800000,672.21,672.28,671.89,672.28,0.025,2026-03-18 05:30:00
1773812100000,672.28,672.28,672.28,672.28,0.0,2026-03-18 05:35:00
1773812400000,671.49,671.49,671.04,671.49,0.902,2026-03-18 05:40:00
1773812700000,671.49,671.49,671.49,671.49,0.0,2026-03-18 05:45:00
1773813000000,671.49,671.49,671.49,671.49,0.0,2026-03-18 05:50:00
1773813300000,671.49,671.49,671.49,671.49,0.0,2026-03-18 05:55:00
1773813600000,671.49,671.49,671.49,671.49,0.0,2026-03-18 06:00:00
1773813900000,671.49,671.49,671.49,671.49,0.0,2026-03-18 06:05:00
1773814200000,673.18,673.27,673.18,673.27,0.074,2026-03-18 06:10:00
1773814500000,673.27,673.27,673.27,673.27,0.0,2026-03-18 06:15:00
1773814800000,673.27,673.27,673.27,673.27,0.0,2026-03-18 06:20:00
1773815100000,673.27,673.27,673.27,673.27,0.0,2026-03-18 06:25:00
1773815400000,673.99,673.99,673.74,673.76,0.479,2026-03-18 06:30:00
1773815700000,673.76,673.76,673.76,673.76,0.0,2026-03-18 06:35:00
1773816000000,673.76,673.76,673.76,673.76,0.0,2026-03-18 06:40:00
1773816300000,673.76,673.76,673.76,673.76,0.0,2026-03-18 06:45:00
1773816600000,673.76,673.76,673.76,673.76,0.0,2026-03-18 06:50:00
1773816900000,673.76,673.76,673.76,673.76,0.0,2026-03-18 06:55:00
1773817200000,673.76,673.76,673.76,673.76,0.0,2026-03-18 07:00:00
1773817500000,672.97,672.97,672.97,672.97,0.004,2026-03-18 07:05:00
1773817800000,672.97,672.97,672.97,672.97,0.0,2026-03-18 07:10:00
1773818100000,672.97,672.97,672.97,672.97,0.0,2026-03-18 07:15:00
1773818400000,672.97,672.97,672.97,672.97,0.0,2026-03-18 07:20:00
1773818700000,672.97,672.97,672.97,672.97,0.0,2026-03-18 07:25:00
1773819000000,672.97,672.97,672.97,672.97,0.0,2026-03-18 07:30:00
1773819300000,672.27,672.53,671.97,672.34,0.203,2026-03-18 07:35:00
1773819600000,672.34,672.34,672.34,672.34,0.0,2026-03-18 07:40:00
1773819900000,672.57,672.57,672.57,672.57,0.006,2026-03-18 07:45:00
1773820200000,672.57,672.57,672.57,672.57,0.0,2026-03-18 07:50:00
1773820500000,672.57,672.57,672.57,672.57,0.0,2026-03-18 07:55:00
1773820800000,672.57,672.57,672.57,672.57,0.0,2026-03-18 08:00:00
1773821100000,672.57,672.57,672.57,672.57,0.0,2026-03-18 08:05:00
1773821400000,672.57,672.57,672.57,672.57,0.0,2026-03-18 08:10:00
1773821700000,672.57,672.57,672.57,672.57,0.0,2026-03-18 08:15:00
1773822000000,672.57,672.57,672.57,672.57,0.0,2026-03-18 08:20:00
1773822300000,672.57,672.57,672.57,672.57,0.0,2026-03-18 08:25:00
1773822600000,672.57,672.57,672.57,672.57,0.0,2026-03-18 08:30:00
1773822900000,672.57,672.57,672.57,672.57,0.0,2026-03-18 08:35:00
1773823200000,672.57,672.57,672.57,672.57,0.0,2026-03-18 08:40:00
1773823500000,672.57,672.57,672.57,672.57,0.0,2026-03-18 08:45:00
1773823800000,672.57,672.57,672.57,672.57,0.0,2026-03-18 08:50:00
1773824100000,672.57,672.57,672.57,672.57,0.0,2026-03-18 08:55:00
1773824400000,672.57,672.57,672.57,672.57,0.0,2026-03-18 09:00:00
1773824700000,674.84,674.84,674.84,674.84,0.037,2026-03-18 09:05:00
1773825000000,674.84,674.84,674.84,674.84,0.0,2026-03-18 09:10:00
1773825300000,674.84,674.84,674.84,674.84,0.0,2026-03-18 09:15:00
1773825600000,674.37,674.37,673.27,673.27,3.881,2026-03-18 09:20:00
1773825900000,673.27,673.27,673.27,673.27,0.0,2026-03-18 09:25:00
1773826200000,674.75,675.03,674.75,675.03,0.003,2026-03-18 09:30:00
1773826500000,675.03,675.03,675.03,675.03,0.0,2026-03-18 09:35:00
1773826800000,675.02,675.02,675.02,675.02,0.004,2026-03-18 09:40:00
1773827100000,675.02,675.02,675.02,675.02,0.0,2026-03-18 09:45:00
1773827400000,675.02,675.02,675.02,675.02,0.0,2026-03-18 09:50:00
1773827700000,675.02,675.02,675.02,675.02,0.0,2026-03-18 09:55:00
1773828000000,675.67,675.86,674.96,674.96,0.135,2026-03-18 10:00:00
1773828300000,674.96,674.96,674.96,674.96,0.0,2026-03-18 10:05:00
1773828600000,674.96,674.96,674.96,674.96,0.0,2026-03-18 10:10:00
1773828900000,674.96,674.96,674.96,674.96,0.0,2026-03-18 10:15:00
1773829200000,675.37,675.37,674.51,674.51,1.923,2026-03-18 10:20:00
1773829500000,674.51,674.51,674.51,674.51,0.0,2026-03-18 10:25:00
1773829800000,674.51,674.51,674.51,674.51,0.0,2026-03-18 10:30:00
1773830100000,674.48,674.48,674.48,674.48,0.006,2026-03-18 10:35:00
1773830400000,672.47,672.47,672.47,672.47,0.018,2026-03-18 10:40:00
1773830700000,671.74,672.47,671.66,672.47,0.016,2026-03-18 10:45:00
1773831000000,672.13,672.8,672.06,672.06,0.018,2026-03-18 10:50:00
1773831300000,672.51,672.55,672.03,672.55,0.009,2026-03-18 10:55:00
1773831600000,672.15,672.83,670.65,670.65,0.024,2026-03-18 11:00:00
1773831900000,671.18,671.21,669.88,671.21,1.064,2026-03-18 11:05:00
1773832200000,671.21,671.21,671.21,671.21,0.0,2026-03-18 11:10:00
1773832500000,671.21,671.21,671.21,671.21,0.0,2026-03-18 11:15:00
1773832800000,671.21,671.21,671.21,671.21,0.0,2026-03-18 11:20:00
1773833100000,671.21,671.21,671.21,671.21,0.0,2026-03-18 11:25:00
1773833400000,665.97,665.97,665.37,665.37,1.032,2026-03-18 11:30:00
1773833700000,664.58,664.63,662.39,662.7,5.958,2026-03-18 11:35:00
1773834000000,662.7,662.7,662.7,662.7,0.0,2026-03-18 11:40:00
1773834300000,664.1,664.1,664.1,664.1,0.016,2026-03-18 11:45:00
1773834600000,664.1,664.1,664.1,664.1,0.0,2026-03-18 11:50:00
1773834900000,664.1,664.1,664.1,664.1,0.0,2026-03-18 11:55:00
1773835200000,661.91,661.91,660.9,661.24,0.312,2026-03-18 12:00:00
1773835500000,661.08,661.08,660.73,660.73,0.153,2026-03-18 12:05:00
1773835800000,660.73,660.73,660.73,660.73,0.0,2026-03-18 12:10:00
1773836100000,660.73,660.73,660.73,660.73,0.0,2026-03-18 12:15:00
1773836400000,661.46,662.41,660.2,662.41,0.054,2026-03-18 12:20:00
1773836700000,662.41,662.41,662.41,662.41,0.0,2026-03-18 12:25:00
1773837000000,661.05,661.05,658.06,658.5,1.864,2026-03-18 12:30:00
1773837300000,658.5,658.5,658.5,658.5,0.0,2026-03-18 12:35:00
1773837600000,656.57,656.57,656.57,656.57,0.152,2026-03-18 12:40:00
1773837900000,657.31,657.31,657.31,657.31,0.252,2026-03-18 12:45:00
1773838200000,657.15,657.15,657.15,657.15,0.007,2026-03-18 12:50:00
1773838500000,657.15,657.15,657.15,657.15,0.0,2026-03-18 12:55:00
1773838800000,656.0,656.0,654.5,654.5,0.224,2026-03-18 13:00:00
1773839100000,654.5,654.5,654.5,654.5,0.0,2026-03-18 13:05:00
1773839400000,658.05,658.05,657.92,658.01,0.233,2026-03-18 13:10:00
1773839700000,658.15,658.15,657.11,657.11,0.388,2026-03-18 13:15:00
1773840000000,657.15,657.43,657.15,657.43,0.029,2026-03-18 13:20:00
1773840300000,657.43,657.43,657.43,657.43,0.0,2026-03-18 13:25:00
1773840600000,657.43,657.43,657.43,657.43,0.0,2026-03-18 13:30:00
1773840900000,657.43,657.43,657.43,657.43,0.0,2026-03-18 13:35:00
1773841200000,657.43,657.43,657.43,657.43,0.0,2026-03-18 13:40:00
1773841500000,657.43,657.43,657.43,657.43,0.624,2026-03-18 13:45:00
1773841800000,657.49,658.19,657.0,658.19,0.249,2026-03-18 13:50:00
1773842100000,657.12,657.18,656.66,656.66,0.067,2026-03-18 13:55:00
1773842400000,656.66,656.66,656.66,656.66,0.0,2026-03-18 14:00:00
1773842700000,656.66,656.66,656.66,656.66,0.0,2026-03-18 14:05:00
1773843000000,656.37,656.37,655.51,655.51,0.011,2026-03-18 14:10:00
1773843300000,655.51,655.51,655.51,655.51,0.0,2026-03-18 14:15:00
1773843600000,656.03,656.03,656.03,656.03,0.007,2026-03-18 14:20:00
1773843900000,654.49,654.49,653.0,653.0,0.189,2026-03-18 14:25:00
1773844200000,652.41,652.41,652.0,652.0,0.495,2026-03-18 14:30:00
1773844500000,652.0,652.0,652.0,652.0,0.0,2026-03-18 14:35:00
1773844800000,651.96,652.06,647.78,650.68,0.941,2026-03-18 14:40:00
1773845100000,650.68,650.68,650.68,650.68,0.0,2026-03-18 14:45:00
1773845400000,650.68,650.68,650.68,650.68,0.0,2026-03-18 14:50:00
1773845700000,649.5,649.5,649.04,649.04,1.003,2026-03-18 14:55:00
1773846000000,647.69,647.8,647.12,647.12,0.091,2026-03-18 15:00:00
1773846300000,647.12,647.12,647.12,647.12,0.0,2026-03-18 15:05:00
1773846600000,649.32,649.32,645.78,645.78,0.178,2026-03-18 15:10:00
1773846900000,645.78,645.78,645.78,645.78,0.0,2026-03-18 15:15:00
1773847200000,645.86,646.68,645.86,646.68,0.091,2026-03-18 15:20:00
1773847500000,647.36,647.36,647.36,647.36,0.005,2026-03-18 15:25:00
1773847800000,647.36,647.36,645.59,645.59,0.05,2026-03-18 15:30:00
1773848100000,648.75,648.75,648.75,648.75,0.003,2026-03-18 15:35:00
1773848400000,648.75,648.75,648.75,648.75,0.0,2026-03-18 15:40:00
1773848700000,648.75,648.75,648.75,648.75,0.0,2026-03-18 15:45:00
1773849000000,648.75,648.75,648.75,648.75,0.0,2026-03-18 15:50:00
1773849300000,648.75,648.75,648.75,648.75,0.0,2026-03-18 15:55:00
1773849600000,648.75,648.75,648.75,648.75,0.0,2026-03-18 16:00:00
1773849900000,647.57,647.57,647.57,647.57,0.012,2026-03-18 16:05:00
1773850200000,647.57,647.57,647.57,647.57,0.0,2026-03-18 16:10:00
1773850500000,646.04,646.04,646.01,646.02,2.326,2026-03-18 16:15:00
1773850800000,646.09,646.16,646.09,646.16,1.738,2026-03-18 16:20:00
1773851100000,646.16,646.16,646.16,646.16,0.0,2026-03-18 16:25:00
1773851400000,648.82,648.82,648.82,648.82,0.1,2026-03-18 16:30:00
1773851700000,648.82,648.82,648.82,648.82,0.0,2026-03-18 16:35:00
1773852000000,649.58,649.58,649.58,649.58,0.029,2026-03-18 16:40:00
1773852300000,649.58,649.58,649.58,649.58,0.0,2026-03-18 16:45:00
1773852600000,649.58,649.58,649.58,649.58,0.0,2026-03-18 16:50:00
1773852900000,648.37,648.37,648.37,648.37,0.007,2026-03-18 16:55:00
1773853200000,648.37,648.37,648.37,648.37,0.0,2026-03-18 17:00:00
1773853500000,648.37,648.37,648.37,648.37,0.0,2026-03-18 17:05:00
1773853800000,648.37,648.37,648.37,648.37,0.0,2026-03-18 17:10:00
1773854100000,648.37,648.37,648.37,648.37,0.0,2026-03-18 17:15:00
1773854400000,648.77,648.77,648.77,648.77,0.1,2026-03-18 17:20:00
1773854700000,648.77,648.77,648.77,648.77,0.0,2026-03-18 17:25:00
1773855000000,648.77,648.77,648.77,648.77,0.0,2026-03-18 17:30:00
1773855300000,649.91,649.91,649.91,649.91,0.025,2026-03-18 17:35:00
1773855600000,649.91,649.91,649.91,649.91,0.0,2026-03-18 17:40:00
1773855900000,649.91,649.91,649.91,649.91,0.0,2026-03-18 17:45:00
1773856200000,650.1,650.2,649.85,650.03,0.649,2026-03-18 17:50:00
1773856500000,650.03,650.03,650.03,650.03,0.0,2026-03-18 17:55:00
1773856800000,651.87,652.24,651.87,652.24,0.015,2026-03-18 18:00:00
1773857100000,652.34,652.34,652.23,652.23,0.068,2026-03-18 18:05:00
1773857400000,652.23,652.23,652.23,652.23,0.0,2026-03-18 18:10:00
1773857700000,649.99,649.99,649.99,649.99,0.006,2026-03-18 18:15:00
1773858000000,649.97,650.08,649.63,649.69,0.018,2026-03-18 18:20:00
1773858300000,649.69,649.69,649.69,649.69,0.0,2026-03-18 18:25:00
1773858600000,649.69,649.69,649.69,649.69,0.0,2026-03-18 18:30:00
1773858900000,649.69,649.69,649.69,649.69,0.0,2026-03-18 18:35:00
1773859200000,649.69,649.69,649.69,649.69,0.0,2026-03-18 18:40:00
1773859500000,649.69,649.69,649.69,649.69,0.0,2026-03-18 18:45:00
1773859800000,649.69,649.69,649.69,649.69,0.0,2026-03-18 18:50:00
1773860100000,649.69,649.69,649.69,649.69,0.0,2026-03-18 18:55:00
1773860400000,648.22,648.22,648.22,648.22,0.007,2026-03-18 19:00:00
1773860700000,648.22,648.22,648.22,648.22,0.0,2026-03-18 19:05:00
1773861000000,649.24,649.33,649.24,649.33,0.199,2026-03-18 19:10:00
1773861300000,649.71,649.71,649.4,649.4,0.131,2026-03-18 19:15:00
1773861600000,649.35,649.35,649.33,649.33,0.03,2026-03-18 19:20:00
1773861900000,649.58,649.58,649.58,649.58,0.149,2026-03-18 19:25:00
1773862200000,649.58,649.58,649.58,649.58,0.0,2026-03-18 19:30:00
1773862500000,649.43,649.43,649.32,649.32,0.082,2026-03-18 19:35:00
1773862800000,649.32,649.32,649.32,649.32,0.0,2026-03-18 19:40:00
1773863100000,649.32,649.32,649.32,649.32,0.0,2026-03-18 19:45:00
1773863400000,649.32,649.32,649.32,649.32,0.0,2026-03-18 19:50:00
1773863700000,648.02,648.02,648.02,648.02,0.008,2026-03-18 19:55:00
1773864000000,648.02,648.02,648.02,648.02,0.0,2026-03-18 20:00:00
1773864300000,646.89,646.9,646.89,646.9,0.078,2026-03-18 20:05:00
1773864600000,645.08,646.48,645.08,646.48,0.23,2026-03-18 20:10:00
1773864900000,646.48,646.48,646.48,646.48,0.0,2026-03-18 20:15:00
1773865200000,646.89,648.06,646.89,647.1,2.015,2026-03-18 20:20:00
1773865500000,647.1,647.1,647.1,647.1,0.0,2026-03-18 20:25:00
1773865800000,647.1,647.1,647.1,647.1,0.0,2026-03-18 20:30:00
1773866100000,649.38,649.38,649.38,649.38,0.008,2026-03-18 20:35:00
1773866400000,649.63,649.63,649.63,649.63,0.656,2026-03-18 20:40:00
1773866700000,649.59,650.15,649.59,650.15,0.214,2026-03-18 20:45:00
1773867000000,650.26,650.26,650.26,650.26,0.007,2026-03-18 20:50:00
1773867300000,650.26,650.26,650.26,650.26,0.0,2026-03-18 20:55:00
1773867600000,650.26,650.71,650.26,650.71,2.39,2026-03-18 21:00:00
1773867900000,651.27,651.28,651.27,651.28,0.038,2026-03-18 21:05:00
1773868200000,651.28,651.28,651.28,651.28,0.0,2026-03-18 21:10:00
1773868500000,651.45,651.45,651.45,651.45,0.018,2026-03-18 21:15:00
1773868800000,651.45,651.45,651.45,651.45,0.0,2026-03-18 21:20:00
1773869100000,651.45,651.45,651.45,651.45,0.0,2026-03-18 21:25:00
1773869400000,651.41,651.41,651.41,651.41,0.001,2026-03-18 21:30:00
1773869700000,651.41,651.41,651.41,651.41,0.0,2026-03-18 21:35:00
1773870000000,652.1,652.28,651.92,652.28,0.326,2026-03-18 21:40:00
1773870300000,652.2,652.2,652.2,652.2,0.009,2026-03-18 21:45:00
1773870600000,652.21,652.21,652.21,652.21,0.093,2026-03-18 21:50:00
1773870900000,652.21,652.21,652.21,652.21,0.0,2026-03-18 21:55:00
1773871200000,652.21,652.21,652.21,652.21,0.0,2026-03-18 22:00:00
1773871500000,650.85,651.17,650.85,651.17,0.122,2026-03-18 22:05:00
1773871800000,650.96,650.96,650.96,650.96,0.002,2026-03-18 22:10:00
1773872100000,651.46,651.46,651.46,651.46,0.515,2026-03-18 22:15:00
1773872400000,651.05,651.05,651.05,651.05,0.006,2026-03-18 22:20:00
1773872700000,651.05,651.05,651.05,651.05,0.0,2026-03-18 22:25:00
1773873000000,651.04,651.04,650.98,650.98,0.532,2026-03-18 22:30:00
1773873300000,651.27,651.27,651.27,651.27,0.014,2026-03-18 22:35:00
1773873600000,651.27,651.27,651.27,651.27,0.0,2026-03-18 22:40:00
1773873900000,651.27,651.27,651.27,651.27,0.0,2026-03-18 22:45:00
1773874200000,651.28,651.42,651.28,651.42,0.242,2026-03-18 22:50:00
1773874500000,651.28,651.28,651.28,651.28,0.016,2026-03-18 22:55:00
1773874800000,652.12,652.12,652.12,652.12,0.038,2026-03-18 23:00:00
1773875100000,652.12,652.12,652.12,652.12,0.0,2026-03-18 23:05:00
1773875400000,651.92,651.92,651.92,651.92,0.005,2026-03-18 23:10:00
1773875700000,651.27,651.27,651.27,651.27,0.03,2026-03-18 23:15:00
1773876000000,651.27,651.27,651.27,651.27,0.0,2026-03-18 23:20:00
1773876300000,651.68,651.68,651.68,651.68,0.009,2026-03-18 23:25:00
1773876600000,652.27,652.27,652.26,652.26,0.081,2026-03-18 23:30:00
1773876900000,652.26,652.26,652.26,652.26,0.0,2026-03-18 23:35:00
1773877200000,652.26,652.26,652.26,652.26,0.0,2026-03-18 23:40:00
1773877500000,652.6,652.6,652.44,652.44,0.31,2026-03-18 23:45:00
1773877800000,652.44,652.44,652.44,652.44,0.0,2026-03-18 23:50:00
1773878100000,651.91,652.17,651.91,652.17,0.254,2026-03-18 23:55:00
1773878400000,652.18,652.18,651.79,651.79,0.921,2026-03-19 00:00:00
1773878700000,651.79,651.79,651.79,651.79,0.0,2026-03-19 00:05:00
1773879000000,651.64,651.64,651.64,651.64,0.008,2026-03-19 00:10:00
1773879300000,651.64,651.64,651.64,651.64,0.0,2026-03-19 00:15:00
1773879600000,651.59,651.59,651.59,651.59,0.004,2026-03-19 00:20:00
1773879900000,651.53,651.64,651.53,651.64,0.007,2026-03-19 00:25:00
1773880200000,651.64,651.64,651.64,651.64,0.0,2026-03-19 00:30:00
1773880500000,651.64,651.64,651.64,651.64,0.0,2026-03-19 00:35:00
1773880800000,651.64,651.64,651.64,651.64,0.0,2026-03-19 00:40:00
1773881100000,651.64,651.64,651.64,651.64,0.0,2026-03-19 00:45:00
1773881400000,651.06,651.06,651.05,651.05,15.363,2026-03-19 00:50:00
1773881700000,651.05,651.05,651.05,651.05,0.0,2026-03-19 00:55:00
1773882000000,651.05,651.05,651.05,651.05,0.0,2026-03-19 01:00:00
1773882300000,651.74,651.74,651.74,651.74,0.031,2026-03-19 01:05:00
1773882600000,651.74,651.74,651.74,651.74,0.0,2026-03-19 01:10:00
1773882900000,651.74,651.74,651.74,651.74,0.0,2026-03-19 01:15:00
1773883200000,651.74,651.74,651.74,651.74,0.0,2026-03-19 01:20:00
1773883500000,651.74,651.74,651.74,651.74,0.0,2026-03-19 01:25:00
1773883800000,651.74,651.74,651.74,651.74,0.0,2026-03-19 01:30:00
1773884100000,651.74,651.74,651.74,651.74,0.0,2026-03-19 01:35:00
1773884400000,651.74,651.74,651.74,651.74,0.0,2026-03-19 01:40:00
1773884700000,651.74,651.74,651.74,651.74,0.0,2026-03-19 01:45:00
1773885000000,651.74,651.74,651.74,651.74,0.0,2026-03-19 01:50:00
1773885300000,651.74,651.74,651.74,651.74,0.0,2026-03-19 01:55:00
1773885600000,650.23,650.23,650.23,650.23,0.046,2026-03-19 02:00:00
1773885900000,650.23,650.23,650.23,650.23,0.0,2026-03-19 02:05:00
1773886200000,651.12,651.39,651.12,651.39,0.04,2026-03-19 02:10:00
1773886500000,651.39,651.39,651.39,651.39,0.0,2026-03-19 02:15:00
1773886800000,651.39,651.39,651.39,651.39,0.0,2026-03-19 02:20:00
1773887100000,651.39,651.39,651.39,651.39,0.0,2026-03-19 02:25:00
1773887400000,651.39,651.39,651.39,651.39,0.0,2026-03-19 02:30:00
1773887700000,651.28,651.78,651.28,651.78,0.309,2026-03-19 02:35:00
1773888000000,651.78,651.78,651.78,651.78,0.0,2026-03-19 02:40:00
1773888300000,651.78,651.78,651.78,651.78,0.0,2026-03-19 02:45:00
1773888600000,651.78,651.78,651.78,651.78,0.0,2026-03-19 02:50:00
1773888900000,651.78,651.78,651.78,651.78,0.0,2026-03-19 02:55:00
1773889200000,650.44,650.78,650.44,650.78,0.007,2026-03-19 03:00:00
1773889500000,650.55,651.11,650.55,651.0,1.238,2026-03-19 03:05:00
1773889800000,651.86,651.86,651.86,651.86,0.006,2026-03-19 03:10:00
1773890100000,652.47,652.47,652.47,652.47,0.1,2026-03-19 03:15:00
1773890400000,654.87,654.87,654.29,654.29,0.37,2026-03-19 03:20:00
1773890700000,656.33,656.4,656.33,656.34,1.006,2026-03-19 03:25:00
1773891000000,654.19,654.19,654.19,654.19,0.166,2026-03-19 03:30:00
1773891300000,653.67,653.67,653.67,653.67,0.165,2026-03-19 03:35:00
1773891600000,653.39,653.39,653.39,653.39,0.355,2026-03-19 03:40:00
1773891900000,653.39,653.39,653.39,653.39,0.0,2026-03-19 03:45:00
1773892200000,653.39,653.39,653.39,653.39,0.0,2026-03-19 03:50:00
1773892500000,652.39,652.39,652.39,652.39,0.003,2026-03-19 03:55:00
1773892800000,652.39,652.39,652.39,652.39,0.0,2026-03-19 04:00:00
1773893100000,652.36,652.36,652.36,652.36,0.003,2026-03-19 04:05:00
1773893400000,650.04,650.04,650.03,650.03,0.056,2026-03-19 04:10:00
1773893700000,649.54,649.54,649.54,649.54,15.908,2026-03-19 04:15:00
1773894000000,649.54,649.54,649.54,649.54,0.0,2026-03-19 04:20:00
1773894300000,649.54,649.54,649.54,649.54,0.0,2026-03-19 04:25:00
1773894600000,649.54,649.54,649.54,649.54,0.0,2026-03-19 04:30:00
1773894900000,649.54,649.54,649.54,649.54,0.0,2026-03-19 04:35:00
1773895200000,649.54,649.54,649.54,649.54,0.0,2026-03-19 04:40:00
1773895500000,649.54,649.54,649.54,649.54,0.0,2026-03-19 04:45:00
1773895800000,649.29,649.39,649.29,649.39,0.1,2026-03-19 04:50:00
1773896100000,649.39,649.39,649.39,649.39,0.0,2026-03-19 04:55:00
1773896400000,649.39,649.39,649.39,649.39,0.0,2026-03-19 05:00:00
1773896700000,650.1,650.1,650.1,650.1,0.008,2026-03-19 05:05:00
1773897000000,650.1,650.1,650.1,650.1,0.0,2026-03-19 05:10:00
1773897300000,650.1,650.1,650.1,650.1,0.0,2026-03-19 05:15:00
1773897600000,650.1,650.1,650.1,650.1,0.0,2026-03-19 05:20:00
1773897900000,650.1,650.1,650.1,650.1,0.0,2026-03-19 05:25:00
1773898200000,650.1,650.1,650.1,650.1,0.0,2026-03-19 05:30:00
1773898500000,650.1,650.1,650.1,650.1,0.0,2026-03-19 05:35:00
1773898800000,649.46,649.46,649.46,649.46,0.1,2026-03-19 05:40:00
1773899100000,649.34,649.34,649.34,649.34,0.231,2026-03-19 05:45:00
1773899400000,649.34,649.34,649.34,649.34,0.0,2026-03-19 05:50:00
1773899700000,649.24,649.24,649.22,649.22,0.064,2026-03-19 05:55:00
1773900000000,648.92,648.92,648.92,648.92,0.018,2026-03-19 06:00:00
1773900300000,650.58,650.58,650.58,650.58,0.008,2026-03-19 06:05:00
1773900600000,650.58,650.58,650.58,650.58,0.0,2026-03-19 06:10:00
1773900900000,650.79,650.79,650.79,650.79,0.038,2026-03-19 06:15:00
1773901200000,650.24,650.24,650.24,650.24,0.002,2026-03-19 06:20:00
1773901500000,650.24,650.24,650.24,650.24,0.0,2026-03-19 06:25:00
1773901800000,650.24,650.24,650.24,650.24,0.0,2026-03-19 06:30:00
1773902100000,650.24,650.24,650.24,650.24,0.0,2026-03-19 06:35:00
1773902400000,650.24,650.24,650.24,650.24,0.0,2026-03-19 06:40:00
1773902700000,650.24,650.24,650.24,650.24,0.0,2026-03-19 06:45:00
1773903000000,650.24,650.24,650.24,650.24,0.0,2026-03-19 06:50:00
1773903300000,650.24,650.24,650.24,650.24,0.0,2026-03-19 06:55:00
1773903600000,648.26,648.26,647.37,647.37,0.302,2026-03-19 07:00:00
1773903900000,647.99,648.4,646.68,646.68,0.348,2026-03-19 07:05:00
1773904200000,646.23,646.23,643.52,643.52,0.156,2026-03-19 07:10:00
1773904500000,643.27,643.27,642.65,642.65,0.222,2026-03-19 07:15:00
1773904800000,642.7,643.01,642.04,642.04,0.466,2026-03-19 07:20:00
1773905100000,642.11,643.32,642.11,643.32,0.016,2026-03-19 07:25:00
1773905400000,643.32,643.32,643.32,643.32,0.0,2026-03-19 07:30:00
1773905700000,643.32,643.32,643.32,643.32,0.0,2026-03-19 07:35:00
1773906000000,646.38,646.38,646.38,646.38,0.039,2026-03-19 07:40:00
1773906300000,646.38,646.38,646.38,646.38,0.0,2026-03-19 07:45:00
1773906600000,646.38,646.38,646.38,646.38,0.0,2026-03-19 07:50:00
1773906900000,646.38,646.38,646.38,646.38,0.0,2026-03-19 07:55:00
1773907200000,646.38,646.38,646.38,646.38,0.0,2026-03-19 08:00:00
1773907500000,644.64,644.92,644.56,644.73,0.033,2026-03-19 08:05:00
1773907800000,644.88,645.55,644.88,645.44,0.015,2026-03-19 08:10:00
1773908100000,645.47,645.47,645.47,645.47,0.003,2026-03-19 08:15:00
1773908400000,645.47,645.47,645.47,645.47,0.0,2026-03-19 08:20:00
1773908700000,645.47,645.47,645.47,645.47,0.0,2026-03-19 08:25:00
1773909000000,645.47,645.47,645.47,645.47,0.0,2026-03-19 08:30:00
1773909300000,645.47,645.47,645.47,645.47,0.0,2026-03-19 08:35:00
1773909600000,645.47,645.47,645.47,645.47,0.0,2026-03-19 08:40:00
1773909900000,644.44,644.44,644.44,644.44,0.005,2026-03-19 08:45:00
1773910200000,644.44,644.44,644.44,644.44,0.0,2026-03-19 08:50:00
1773910500000,644.44,644.44,644.44,644.44,0.0,2026-03-19 08:55:00
1773910800000,644.44,644.44,644.44,644.44,0.0,2026-03-19 09:00:00
1773911100000,644.44,644.44,644.44,644.44,0.0,2026-03-19 09:05:00
1773911400000,644.44,644.44,644.44,644.44,0.0,2026-03-19 09:10:00
1773911700000,644.44,644.44,644.44,644.44,0.0,2026-03-19 09:15:00
1773912000000,645.25,648.65,644.78,648.65,1.602,2026-03-19 09:20:00
1773912300000,648.65,648.65,648.65,648.65,0.0,2026-03-19 09:25:00
1773912600000,648.65,648.65,648.65,648.65,0.0,2026-03-19 09:30:00
1773912900000,648.65,648.65,648.65,648.65,0.0,2026-03-19 09:35:00
1773913200000,648.65,648.65,648.65,648.65,0.0,2026-03-19 09:40:00
1773913500000,648.65,648.65,648.65,648.65,0.0,2026-03-19 09:45:00
1773913800000,648.65,648.65,648.65,648.65,0.0,2026-03-19 09:50:00
1773914100000,648.65,648.65,648.65,648.65,0.0,2026-03-19 09:55:00
1773914400000,648.65,648.65,648.65,648.65,0.0,2026-03-19 10:00:00
1773914700000,648.16,648.16,648.16,648.16,0.015,2026-03-19 10:05:00
1773915000000,647.96,647.96,647.39,647.67,0.113,2026-03-19 10:10:00
1773915300000,647.67,647.67,647.67,647.67,0.0,2026-03-19 10:15:00
1773915600000,647.81,647.81,647.64,647.64,3.434,2026-03-19 10:20:00
1773915900000,647.64,647.64,647.64,647.64,0.0,2026-03-19 10:25:00
1773916200000,647.64,647.64,647.64,647.64,0.0,2026-03-19 10:30:00
1773916500000,647.64,647.64,647.64,647.64,0.0,2026-03-19 10:35:00
1773916800000,646.43,646.43,646.24,646.24,0.8,2026-03-19 10:40:00
1773917100000,646.24,646.24,646.24,646.24,0.0,2026-03-19 10:45:00
1773917400000,646.45,646.45,646.45,646.45,0.031,2026-03-19 10:50:00
1773917700000,646.45,646.45,646.45,646.45,0.0,2026-03-19 10:55:00
1773918000000,646.45,646.45,646.45,646.45,0.0,2026-03-19 11:00:00
1773918300000,646.45,646.45,646.45,646.45,0.0,2026-03-19 11:05:00
1773918600000,645.68,645.68,645.68,645.68,0.023,2026-03-19 11:10:00
1773918900000,645.68,645.68,645.68,645.68,0.0,2026-03-19 11:15:00
1773919200000,645.6,645.6,645.6,645.6,0.015,2026-03-19 11:20:00
1773919500000,645.6,645.6,645.6,645.6,0.0,2026-03-19 11:25:00
1773919800000,645.29,645.95,645.12,645.12,0.062,2026-03-19 11:30:00
1773920100000,645.12,645.12,645.12,645.12,0.0,2026-03-19 11:35:00
1773920400000,645.12,645.12,645.12,645.12,0.0,2026-03-19 11:40:00
1773920700000,645.12,645.12,645.12,645.12,0.0,2026-03-19 11:45:00
1773921000000,645.12,645.12,645.12,645.12,0.0,2026-03-19 11:50:00
1773921300000,645.12,645.12,645.12,645.12,0.0,2026-03-19 11:55:00
1773921600000,643.9,643.9,643.9,643.9,0.008,2026-03-19 12:00:00
1773921900000,642.35,642.58,642.35,642.58,0.016,2026-03-19 12:05:00
1773922200000,642.58,642.58,642.58,642.58,0.0,2026-03-19 12:10:00
1773922500000,642.58,642.58,642.58,642.58,0.0,2026-03-19 12:15:00
1773922800000,642.36,642.36,642.36,642.36,0.078,2026-03-19 12:20:00
1773923100000,642.36,642.36,642.36,642.36,0.0,2026-03-19 12:25:00
1773923400000,642.38,642.38,642.38,642.38,0.1,2026-03-19 12:30:00
1773923700000,642.38,642.38,642.38,642.38,0.0,2026-03-19 12:35:00
1773924000000,642.38,642.38,642.38,642.38,0.0,2026-03-19 12:40:00
1773924300000,640.85,640.85,640.75,640.85,0.091,2026-03-19 12:45:00
1773924600000,640.0,640.0,638.83,638.83,0.345,2026-03-19 12:50:00
1773924900000,639.38,639.38,639.38,639.38,0.002,2026-03-19 12:55:00
1773925200000,638.71,638.78,638.15,638.24,0.199,2026-03-19 13:00:00
1773925500000,638.24,638.24,638.24,638.24,0.0,2026-03-19 13:05:00
1773925800000,638.34,638.34,636.91,637.01,5.103,2026-03-19 13:10:00
1773926100000,636.82,637.01,636.82,637.01,0.033,2026-03-19 13:15:00
1773926400000,639.02,639.02,639.02,639.02,0.039,2026-03-19 13:20:00
1773926700000,638.5,638.5,638.5,638.5,0.078,2026-03-19 13:25:00
1773927000000,638.99,639.13,638.99,639.13,1.0,2026-03-19 13:30:00
1773927300000,639.13,639.13,639.13,639.13,0.0,2026-03-19 13:35:00
1773927600000,639.13,639.13,639.13,639.13,0.0,2026-03-19 13:40:00
1773927900000,639.13,639.13,639.13,639.13,0.0,2026-03-19 13:45:00
1773928200000,639.13,639.13,639.13,639.13,0.0,2026-03-19 13:50:00
1773928500000,639.13,639.13,639.13,639.13,0.0,2026-03-19 13:55:00
1773928800000,641.75,641.75,641.75,641.75,0.008,2026-03-19 14:00:00
1773929100000,639.7,639.7,639.7,639.7,0.009,2026-03-19 14:05:00
1773929400000,641.09,641.09,640.42,640.42,0.011,2026-03-19 14:10:00
1773929700000,639.99,639.99,639.62,639.62,0.019,2026-03-19 14:15:00
1773930000000,638.22,638.22,638.22,638.22,0.003,2026-03-19 14:20:00
1773930300000,638.76,638.76,637.85,637.85,0.09,2026-03-19 14:25:00
1773930600000,637.85,637.85,637.85,637.85,0.0,2026-03-19 14:30:00
1773930900000,636.62,636.62,635.61,635.61,0.486,2026-03-19 14:35:00
1773931200000,636.83,636.83,636.83,636.83,0.346,2026-03-19 14:40:00
1773931500000,636.83,636.83,636.83,636.83,0.0,2026-03-19 14:45:00
1773931800000,638.86,638.86,638.86,638.86,0.1,2026-03-19 14:50:00
1773932100000,638.86,638.86,638.86,638.86,0.0,2026-03-19 14:55:00
1773932400000,638.86,638.86,638.86,638.86,0.0,2026-03-19 15:00:00
1773932700000,640.01,640.01,640.01,640.01,0.028,2026-03-19 15:05:00
1773933000000,640.01,640.01,640.01,640.01,0.0,2026-03-19 15:10:00
1773933300000,638.48,638.48,638.48,638.48,0.016,2026-03-19 15:15:00
1773933600000,636.93,636.93,635.49,635.49,0.045,2026-03-19 15:20:00
1773933900000,636.19,636.19,636.19,636.19,0.456,2026-03-19 15:25:00
1773934200000,636.19,636.19,636.19,636.19,0.0,2026-03-19 15:30:00
1773934500000,636.19,636.19,636.19,636.19,0.0,2026-03-19 15:35:00
1773934800000,636.74,636.74,635.48,635.48,0.085,2026-03-19 15:40:00
1773935100000,635.48,635.48,635.48,635.48,0.0,2026-03-19 15:45:00
1773935400000,637.49,637.49,637.49,637.49,0.1,2026-03-19 15:50:00
1773935700000,638.11,638.11,638.11,638.11,0.32,2026-03-19 15:55:00
1773936000000,638.02,638.12,636.96,636.96,0.052,2026-03-19 16:00:00
1773936300000,635.87,635.9,635.12,635.12,1.643,2026-03-19 16:05:00
1773936600000,634.39,634.4,634.38,634.38,0.067,2026-03-19 16:10:00
1773936900000,635.31,635.31,634.64,634.64,0.009,2026-03-19 16:15:00
1773937200000,635.14,635.14,635.14,635.14,0.007,2026-03-19 16:20:00
1773937500000,635.14,635.14,635.14,635.14,0.0,2026-03-19 16:25:00
1773937800000,634.97,634.97,634.97,634.97,0.079,2026-03-19 16:30:00
1773938100000,636.04,637.69,636.04,637.69,3.524,2026-03-19 16:35:00
1773938400000,637.19,637.19,637.09,637.09,0.306,2026-03-19 16:40:00
1773938700000,635.72,635.72,635.63,635.67,0.437,2026-03-19 16:45:00
1773939000000,635.63,635.63,635.08,635.08,1.164,2026-03-19 16:50:00
1773939300000,635.99,636.88,635.49,635.49,17.226,2026-03-19 16:55:00
1773939600000,636.12,636.12,636.12,636.12,0.1,2026-03-19 17:00:00
1773939900000,634.29,634.29,634.29,634.29,0.003,2026-03-19 17:05:00
1773940200000,633.99,633.99,633.63,633.63,2.463,2026-03-19 17:10:00
1773940500000,633.2,633.2,633.2,633.2,0.127,2026-03-19 17:15:00
1773940800000,633.2,633.2,633.2,633.2,0.0,2026-03-19 17:20:00
1773941100000,637.02,638.16,637.02,638.16,0.11,2026-03-19 17:25:00
1773941400000,636.88,636.88,636.88,636.88,0.003,2026-03-19 17:30:00
1773941700000,636.96,636.96,636.67,636.67,0.032,2026-03-19 17:35:00
1773942000000,636.63,636.63,636.63,636.63,0.039,2026-03-19 17:40:00
1773942300000,636.63,636.63,636.63,636.63,0.0,2026-03-19 17:45:00
1773942600000,639.18,639.2,639.18,639.2,0.112,2026-03-19 17:50:00
1773942900000,639.2,639.2,639.2,639.2,0.0,2026-03-19 17:55:00
1773943200000,637.36,637.36,637.36,637.36,0.008,2026-03-19 18:00:00
1773943500000,637.7,637.74,637.14,637.14,0.507,2026-03-19 18:05:00
1773943800000,637.64,637.95,637.56,637.95,0.047,2026-03-19 18:10:00
1773944100000,637.95,637.95,637.95,637.95,0.0,2026-03-19 18:15:00
1773944400000,637.95,637.95,637.95,637.95,0.0,2026-03-19 18:20:00
1773944700000,637.2,637.44,637.2,637.44,9.39,2026-03-19 18:25:00
1773945000000,637.44,637.44,637.44,637.44,0.0,2026-03-19 18:30:00
1773945300000,637.44,637.44,637.44,637.44,0.0,2026-03-19 18:35:00
1773945600000,636.46,636.46,636.46,636.46,0.004,2026-03-19 18:40:00
1773945900000,636.65,636.65,636.65,636.65,0.833,2026-03-19 18:45:00
1773946200000,636.97,636.97,636.97,636.97,0.235,2026-03-19 18:50:00
1773946500000,637.61,637.61,637.61,637.61,0.007,2026-03-19 18:55:00
1773946800000,639.51,639.51,639.51,639.51,0.001,2026-03-19 19:00:00
1773947100000,639.51,639.51,639.51,639.51,0.0,2026-03-19 19:05:00
1773947400000,639.51,639.51,639.51,639.51,0.0,2026-03-19 19:10:00
1773947700000,639.51,639.51,639.51,639.51,0.0,2026-03-19 19:15:00
1773948000000,639.51,639.51,639.51,639.51,0.0,2026-03-19 19:20:00
1773948300000,640.32,640.43,640.32,640.43,0.171,2026-03-19 19:25:00
1773948600000,640.21,640.21,639.99,639.99,0.217,2026-03-19 19:30:00
1773948900000,640.19,640.28,640.19,640.28,0.156,2026-03-19 19:35:00
1773949200000,641.2,641.2,641.2,641.2,0.018,2026-03-19 19:40:00
1773949500000,641.32,641.32,641.22,641.3,0.071,2026-03-19 19:45:00
1773949800000,641.3,641.3,641.3,641.3,0.0,2026-03-19 19:50:00
1773950100000,641.3,641.3,641.3,641.3,0.0,2026-03-19 19:55:00
1773950400000,640.33,640.33,639.92,639.92,8.304,2026-03-19 20:00:00
1773950700000,640.31,640.31,640.21,640.22,0.03,2026-03-19 20:05:00
1773951000000,639.41,639.41,639.41,639.41,0.219,2026-03-19 20:10:00
1773951300000,641.47,641.48,641.47,641.48,4.974,2026-03-19 20:15:00
1773951600000,641.65,641.65,641.65,641.65,1.0,2026-03-19 20:20:00
1773951900000,641.65,641.65,641.65,641.65,0.0,2026-03-19 20:25:00
1773952200000,640.84,640.84,640.54,640.54,0.08,2026-03-19 20:30:00
1773952500000,641.28,641.88,641.28,641.88,0.01,2026-03-19 20:35:00
1773952800000,641.88,641.88,641.88,641.88,0.0,2026-03-19 20:40:00
1773953100000,641.88,641.88,641.88,641.88,0.0,2026-03-19 20:45:00
1773953400000,642.25,642.25,642.25,642.25,0.026,2026-03-19 20:50:00
1773953700000,642.14,642.14,642.14,642.14,0.078,2026-03-19 20:55:00
1773954000000,642.14,642.14,642.14,642.14,0.0,2026-03-19 21:00:00
1773954300000,642.14,642.14,642.14,642.14,0.0,2026-03-19 21:05:00
1773954600000,642.95,642.95,642.95,642.95,0.004,2026-03-19 21:10:00
1773954900000,642.95,642.95,642.95,642.95,0.0,2026-03-19 21:15:00
1773955200000,642.86,642.86,642.86,642.86,1.13,2026-03-19 21:20:00
1773955500000,642.86,642.86,642.86,642.86,0.0,2026-03-19 21:25:00
1773955800000,642.86,642.86,642.86,642.86,0.0,2026-03-19 21:30:00
1773956100000,642.86,642.86,642.86,642.86,0.0,2026-03-19 21:35:00
1773956400000,642.38,642.38,642.38,642.38,0.008,2026-03-19 21:40:00
1773956700000,641.48,641.48,641.48,641.48,0.099,2026-03-19 21:45:00
1773957000000,641.94,641.94,641.94,641.94,0.094,2026-03-19 21:50:00
1773957300000,641.94,641.94,641.94,641.94,0.0,2026-03-19 21:55:00
1773957600000,642.46,642.46,641.61,641.61,0.1,2026-03-19 22:00:00
1773957900000,641.62,641.62,641.62,641.62,0.031,2026-03-19 22:05:00
1773958200000,641.76,641.76,641.76,641.76,0.124,2026-03-19 22:10:00
1773958500000,641.76,641.76,641.76,641.76,0.0,2026-03-19 22:15:00
1773958800000,641.76,641.76,641.76,641.76,0.0,2026-03-19 22:20:00
1773959100000,641.76,641.76,641.76,641.76,0.0,2026-03-19 22:25:00
1773959400000,641.44,641.44,641.44,641.44,0.155,2026-03-19 22:30:00
1773959700000,640.31,640.31,640.31,640.31,0.002,2026-03-19 22:35:00
1773960000000,640.31,640.31,640.31,640.31,0.0,2026-03-19 22:40:00
1773960300000,640.31,640.31,640.31,640.31,0.0,2026-03-19 22:45:00
1773960600000,640.31,640.31,640.31,640.31,0.0,2026-03-19 22:50:00
1773960900000,640.31,640.31,640.31,640.31,0.0,2026-03-19 22:55:00
1773961200000,640.31,640.31,640.31,640.31,0.0,2026-03-19 23:00:00
1773961500000,640.31,640.31,640.31,640.31,0.0,2026-03-19 23:05:00
1773961800000,641.62,641.66,641.62,641.66,0.078,2026-03-19 23:10:00
1773962100000,641.66,641.66,641.66,641.66,0.0,2026-03-19 23:15:00
1773962400000,641.66,641.66,641.66,641.66,0.0,2026-03-19 23:20:00
1773962700000,641.66,641.66,641.66,641.66,0.0,2026-03-19 23:25:00
1773963000000,639.85,639.85,639.85,639.85,0.023,2026-03-19 23:30:00
1773963300000,639.85,639.85,639.85,639.85,0.0,2026-03-19 23:35:00
1773963600000,639.85,639.85,639.85,639.85,0.0,2026-03-19 23:40:00
1773963900000,639.85,639.85,639.85,639.85,0.0,2026-03-19 23:45:00
1773964200000,639.02,639.02,639.02,639.02,0.024,2026-03-19 23:50:00
1773964500000,639.16,639.16,639.16,639.16,0.022,2026-03-19 23:55:00
1773964800000,639.16,639.16,639.16,639.16,0.0,2026-03-20 00:00:00
1773965100000,639.16,639.16,639.16,639.16,0.0,2026-03-20 00:05:00
1773965400000,639.16,639.16,639.16,639.16,0.0,2026-03-20 00:10:00
1773965700000,640.3,640.91,640.3,640.91,0.072,2026-03-20 00:15:00
1773966000000,640.04,640.36,639.58,639.58,0.139,2026-03-20 00:20:00
1773966300000,639.97,640.11,639.67,640.05,0.054,2026-03-20 00:25:00
1773966600000,640.14,640.14,640.14,640.14,0.002,2026-03-20 00:30:00
1773966900000,640.26,640.26,640.26,640.26,0.002,2026-03-20 00:35:00
1773967200000,641.25,641.29,641.25,641.29,0.006,2026-03-20 00:40:00
1773967500000,641.3,641.3,641.3,641.3,0.003,2026-03-20 00:45:00
1773967800000,641.36,641.36,641.36,641.36,0.008,2026-03-20 00:50:00
1773968100000,640.47,640.47,640.47,640.47,0.008,2026-03-20 00:55:00
1773968400000,641.49,641.91,641.49,641.91,0.178,2026-03-20 01:00:00
1773968700000,642.24,642.24,642.24,642.24,0.008,2026-03-20 01:05:00
1773969000000,641.62,641.72,641.62,641.72,0.031,2026-03-20 01:10:00
1773969300000,641.72,641.72,641.72,641.72,0.0,2026-03-20 01:15:00
1773969600000,641.22,641.22,641.22,641.22,0.008,2026-03-20 01:20:00
1773969900000,641.22,641.22,641.22,641.22,0.0,2026-03-20 01:25:00
1773970200000,641.22,641.22,641.22,641.22,0.0,2026-03-20 01:30:00
1773970500000,641.22,641.22,641.22,641.22,0.0,2026-03-20 01:35:00
1773970800000,641.22,641.22,641.22,641.22,0.0,2026-03-20 01:40:00
1773971100000,641.22,641.22,641.22,641.22,0.0,2026-03-20 01:45:00
1773971400000,643.34,643.52,643.34,643.37,0.138,2026-03-20 01:50:00
1773971700000,642.75,642.85,642.75,642.85,0.01,2026-03-20 01:55:00
1773972000000,642.0,642.0,641.41,641.41,0.583,2026-03-20 02:00:00
1773972300000,641.45,641.45,641.45,641.45,0.78,2026-03-20 02:05:00
1773972600000,641.81,641.81,641.81,641.81,0.311,2026-03-20 02:10:00
1773972900000,640.88,640.88,640.88,640.88,0.086,2026-03-20 02:15:00
1773973200000,641.26,641.26,640.41,640.41,0.103,2026-03-20 02:20:00
1773973500000,640.41,640.41,640.41,640.41,0.0,2026-03-20 02:25:00
1773973800000,640.26,640.26,640.26,640.26,0.039,2026-03-20 02:30:00
1773974100000,640.26,640.26,640.26,640.26,0.0,2026-03-20 02:35:00
1773974400000,640.26,640.26,640.26,640.26,0.0,2026-03-20 02:40:00
1773974700000,641.69,641.69,641.69,641.69,0.1,2026-03-20 02:45:00
1773975000000,641.9,641.9,641.9,641.9,0.014,2026-03-20 02:50:00
1773975300000,641.9,641.9,641.9,641.9,0.0,2026-03-20 02:55:00
1773975600000,643.21,643.21,643.21,643.21,0.005,2026-03-20 03:00:00
1773975900000,643.21,643.21,643.21,643.21,0.0,2026-03-20 03:05:00
1773976200000,642.67,642.67,642.67,642.67,0.012,2026-03-20 03:10:00
1773976500000,642.67,642.67,642.67,642.67,0.0,2026-03-20 03:15:00
1773976800000,642.67,642.67,642.67,642.67,0.0,2026-03-20 03:20:00
1773977100000,642.67,642.67,642.67,642.67,0.0,2026-03-20 03:25:00
1773977400000,642.67,642.67,642.67,642.67,0.0,2026-03-20 03:30:00
1773977700000,642.67,642.67,642.67,642.67,0.0,2026-03-20 03:35:00
1773978000000,643.84,643.84,643.84,643.84,0.578,2026-03-20 03:40:00
1773978300000,643.84,643.84,643.84,643.84,0.0,2026-03-20 03:45:00
1773978600000,643.84,644.06,643.84,644.06,1.897,2026-03-20 03:50:00
1773978900000,644.06,644.06,644.06,644.06,0.0,2026-03-20 03:55:00
1773979200000,644.66,644.66,644.66,644.66,0.077,2026-03-20 04:00:00
1773979500000,644.66,644.66,644.66,644.66,0.0,2026-03-20 04:05:00
1773979800000,645.53,645.53,645.53,645.53,0.008,2026-03-20 04:10:00
1773980100000,645.66,645.66,645.48,645.48,0.177,2026-03-20 04:15:00
1773980400000,644.75,644.76,644.75,644.76,1.228,2026-03-20 04:20:00
1773980700000,644.76,644.76,644.76,644.76,0.0,2026-03-20 04:25:00
1773981000000,644.76,644.76,644.76,644.76,0.0,2026-03-20 04:30:00
1773981300000,644.76,644.76,644.76,644.76,0.0,2026-03-20 04:35:00
1773981600000,642.43,642.43,642.43,642.43,0.215,2026-03-20 04:40:00
1773981900000,642.43,642.43,642.43,642.43,0.0,2026-03-20 04:45:00
1773982200000,642.43,642.43,642.43,642.43,0.0,2026-03-20 04:50:00
1773982500000,642.43,642.43,642.43,642.43,0.0,2026-03-20 04:55:00
1773982800000,644.36,644.36,644.36,644.36,0.077,2026-03-20 05:00:00
1773983100000,644.05,644.05,644.0,644.0,0.098,2026-03-20 05:05:00
1773983400000,644.0,644.0,644.0,644.0,0.0,2026-03-20 05:10:00
1773983700000,644.4,644.4,644.4,644.4,0.008,2026-03-20 05:15:00
1773984000000,644.4,644.4,644.4,644.4,0.0,2026-03-20 05:20:00
1773984300000,642.89,642.89,642.89,642.89,0.002,2026-03-20 05:25:00
1773984600000,642.89,642.89,642.89,642.89,0.0,2026-03-20 05:30:00
1773984900000,642.89,642.89,642.89,642.89,0.0,2026-03-20 05:35:00
1773985200000,642.89,642.89,642.89,642.89,0.0,2026-03-20 05:40:00
1773985500000,642.89,642.89,642.89,642.89,0.0,2026-03-20 05:45:00
1773985800000,642.89,642.89,642.89,642.89,0.0,2026-03-20 05:50:00
1773986100000,642.89,642.89,642.89,642.89,0.0,2026-03-20 05:55:00
1773986400000,643.27,643.27,643.27,643.27,0.001,2026-03-20 06:00:00
1773986700000,642.75,642.75,642.75,642.75,0.003,2026-03-20 06:05:00
1773987000000,642.75,642.75,642.75,642.75,0.0,2026-03-20 06:10:00
1773987300000,642.75,642.75,642.75,642.75,0.0,2026-03-20 06:15:00
1773987600000,641.34,641.34,641.34,641.34,0.902,2026-03-20 06:20:00
1773987900000,641.34,641.34,641.34,641.34,0.0,2026-03-20 06:25:00
1773988200000,641.34,641.34,641.34,641.34,0.0,2026-03-20 06:30:00
1773988500000,641.34,641.34,641.34,641.34,0.0,2026-03-20 06:35:00
1773988800000,641.34,641.34,641.34,641.34,0.0,2026-03-20 06:40:00
1773989100000,641.34,641.34,641.34,641.34,0.0,2026-03-20 06:45:00
1773989400000,641.34,641.34,641.34,641.34,0.0,2026-03-20 06:50:00
1773989700000,641.34,641.34,641.34,641.34,0.0,2026-03-20 06:55:00
1773990000000,640.18,640.25,640.18,640.25,0.005,2026-03-20 07:00:00
1773990300000,640.73,640.73,640.73,640.73,0.005,2026-03-20 07:05:00
1773990600000,640.73,640.73,640.73,640.73,0.0,2026-03-20 07:10:00
1773990900000,640.73,640.73,640.73,640.73,0.0,2026-03-20 07:15:00
1773991200000,640.73,640.73,640.73,640.73,0.0,2026-03-20 07:20:00
1773991500000,640.73,640.73,640.73,640.73,0.0,2026-03-20 07:25:00
1773991800000,640.73,640.73,640.73,640.73,0.0,2026-03-20 07:30:00
1773992100000,640.73,640.73,640.73,640.73,0.0,2026-03-20 07:35:00
1773992400000,640.73,640.73,640.73,640.73,0.0,2026-03-20 07:40:00
1773992700000,640.73,640.73,640.73,640.73,0.0,2026-03-20 07:45:00
1773993000000,640.73,640.73,640.73,640.73,0.0,2026-03-20 07:50:00
1773993300000,640.73,640.73,640.73,640.73,0.0,2026-03-20 07:55:00
1773993600000,644.33,644.33,643.94,643.94,0.147,2026-03-20 08:00:00
1773993900000,645.53,645.53,645.53,645.53,0.1,2026-03-20 08:05:00
1773994200000,647.18,647.85,647.18,647.85,0.023,2026-03-20 08:10:00
1773994500000,646.53,646.53,646.53,646.53,0.008,2026-03-20 08:15:00
1773994800000,646.53,646.53,646.53,646.53,0.0,2026-03-20 08:20:00
1773995100000,646.87,646.87,646.87,646.87,0.081,2026-03-20 08:25:00
1773995400000,646.87,646.87,646.87,646.87,0.0,2026-03-20 08:30:00
1773995700000,646.87,646.87,646.87,646.87,0.0,2026-03-20 08:35:00
1773996000000,646.87,646.87,646.87,646.87,0.0,2026-03-20 08:40:00
1773996300000,646.87,646.87,646.87,646.87,0.0,2026-03-20 08:45:00
1773996600000,646.87,646.87,646.87,646.87,0.0,2026-03-20 08:50:00
1773996900000,646.87,646.87,646.87,646.87,0.0,2026-03-20 08:55:00
1773997200000,646.25,646.25,646.25,646.25,0.004,2026-03-20 09:00:00
1773997500000,645.72,645.72,645.72,645.72,0.2,2026-03-20 09:05:00
1773997800000,645.72,645.72,645.72,645.72,0.0,2026-03-20 09:10:00
1773998100000,645.72,645.72,645.72,645.72,0.0,2026-03-20 09:15:00
1773998400000,645.72,645.72,645.72,645.72,0.0,2026-03-20 09:20:00
1773998700000,645.72,645.72,645.72,645.72,0.0,2026-03-20 09:25:00
1773999000000,645.72,645.72,645.72,645.72,0.0,2026-03-20 09:30:00
1773999300000,643.05,643.4,643.05,643.4,0.35,2026-03-20 09:35:00
1773999600000,642.77,642.77,642.77,642.77,0.003,2026-03-20 09:40:00
1773999900000,642.77,642.77,642.77,642.77,0.0,2026-03-20 09:45:00
1774000200000,642.77,642.77,642.77,642.77,0.0,2026-03-20 09:50:00
1774000500000,642.77,642.77,642.77,642.77,0.0,2026-03-20 09:55:00
1774000800000,642.77,642.77,642.77,642.77,0.0,2026-03-20 10:00:00
1774001100000,641.54,641.54,641.54,641.54,0.016,2026-03-20 10:05:00
1774001400000,641.54,641.54,641.54,641.54,0.0,2026-03-20 10:10:00
1774001700000,641.87,641.87,641.67,641.67,0.102,2026-03-20 10:15:00
1774002000000,640.42,640.42,640.42,640.42,4.037,2026-03-20 10:20:00
1774002300000,640.42,640.42,640.42,640.42,0.0,2026-03-20 10:25:00
1774002600000,641.33,641.61,640.92,641.61,0.163,2026-03-20 10:30:00
1774002900000,641.61,641.61,641.61,641.61,0.0,2026-03-20 10:35:00
1774003200000,641.61,641.61,641.61,641.61,0.0,2026-03-20 10:40:00
1774003500000,641.61,641.61,641.61,641.61,0.0,2026-03-20 10:45:00
1774003800000,641.61,641.61,641.61,641.61,0.0,2026-03-20 10:50:00
1774004100000,641.61,641.61,641.61,641.61,0.0,2026-03-20 10:55:00
1774004400000,641.61,641.61,641.61,641.61,0.0,2026-03-20 11:00:00
1774004700000,644.36,644.36,644.36,644.36,0.008,2026-03-20 11:05:00
1774005000000,643.89,643.89,643.83,643.88,0.022,2026-03-20 11:10:00
1774005300000,643.86,643.86,643.18,643.18,0.162,2026-03-20 11:15:00
1774005600000,642.89,642.89,642.89,642.89,2.481,2026-03-20 11:20:00
1774005900000,642.89,642.89,642.89,642.89,0.0,2026-03-20 11:25:00
1774006200000,642.89,642.89,642.89,642.89,0.0,2026-03-20 11:30:00
1774006500000,642.89,642.89,642.89,642.89,0.0,2026-03-20 11:35:00
1774006800000,642.89,642.89,642.89,642.89,0.0,2026-03-20 11:40:00
1774007100000,642.89,642.89,642.89,642.89,0.0,2026-03-20 11:45:00
1774007400000,641.1,641.11,641.1,641.11,0.078,2026-03-20 11:50:00
1774007700000,641.11,641.11,641.11,641.11,0.0,2026-03-20 11:55:00
1774008000000,642.54,642.54,642.22,642.22,0.222,2026-03-20 12:00:00
1774008300000,642.22,642.22,642.22,642.22,0.0,2026-03-20 12:05:00
1774008600000,642.22,642.22,642.22,642.22,0.0,2026-03-20 12:10:00
1774008900000,642.85,642.9,642.85,642.9,0.179,2026-03-20 12:15:00
1774009200000,642.9,642.9,642.9,642.9,0.0,2026-03-20 12:20:00
1774009500000,642.9,642.9,642.9,642.9,0.1,2026-03-20 12:25:00
1774009800000,641.97,641.97,641.97,641.97,0.003,2026-03-20 12:30:00
1774010100000,641.56,641.56,641.56,641.56,1.036,2026-03-20 12:35:00
1774010400000,641.56,641.56,641.56,641.56,0.0,2026-03-20 12:40:00
1774010700000,641.56,641.56,641.56,641.56,0.0,2026-03-20 12:45:00
1774011000000,641.56,641.56,641.56,641.56,0.0,2026-03-20 12:50:00
1774011300000,641.48,641.54,641.48,641.54,0.008,2026-03-20 12:55:00
1774011600000,641.93,642.07,641.93,642.07,0.066,2026-03-20 13:00:00
1774011900000,642.07,642.07,642.07,642.07,0.0,2026-03-20 13:05:00
1774012200000,641.37,641.37,641.24,641.24,0.031,2026-03-20 13:10:00
1774012500000,641.24,641.24,641.24,641.24,0.0,2026-03-20 13:15:00
1774012800000,641.24,641.24,641.24,641.24,0.0,2026-03-20 13:20:00
1774013100000,641.24,641.24,641.24,641.24,0.0,2026-03-20 13:25:00
1774013400000,641.24,641.24,641.24,641.24,0.0,2026-03-20 13:30:00
1774013700000,639.65,639.65,639.65,639.65,0.931,2026-03-20 13:35:00
1774014000000,639.65,639.65,639.65,639.65,0.0,2026-03-20 13:40:00
1774014300000,639.65,639.65,639.65,639.65,0.0,2026-03-20 13:45:00
1774014600000,639.61,639.61,639.61,639.61,0.015,2026-03-20 13:50:00
1774014900000,637.96,637.96,637.36,637.36,0.24,2026-03-20 13:55:00
1774015200000,637.36,637.36,637.36,637.36,0.0,2026-03-20 14:00:00
1774015500000,639.79,639.79,639.79,639.79,1.0,2026-03-20 14:05:00
1774015800000,639.09,639.09,638.47,638.47,0.011,2026-03-20 14:10:00
1774016100000,638.47,638.47,638.47,638.47,0.0,2026-03-20 14:15:00
1774016400000,638.47,638.47,638.47,638.47,0.0,2026-03-20 14:20:00
1774016700000,638.61,638.61,638.61,638.61,0.371,2026-03-20 14:25:00
1774017000000,641.79,643.21,641.79,643.21,0.234,2026-03-20 14:30:00
1774017300000,642.09,642.09,642.09,642.09,0.009,2026-03-20 14:35:00
1774017600000,641.61,641.74,641.12,641.12,0.041,2026-03-20 14:40:00
1774017900000,641.06,641.06,640.95,640.95,0.787,2026-03-20 14:45:00
1774018200000,640.95,640.95,640.95,640.95,0.0,2026-03-20 14:50:00
1774018500000,640.95,640.95,640.95,640.95,0.0,2026-03-20 14:55:00
1774018800000,640.95,640.95,640.95,640.95,0.0,2026-03-20 15:00:00
1774019100000,640.95,640.95,640.95,640.95,0.0,2026-03-20 15:05:00
1774019400000,640.95,640.95,640.95,640.95,0.0,2026-03-20 15:10:00
1774019700000,640.95,640.95,640.95,640.95,0.0,2026-03-20 15:15:00
1774020000000,640.95,640.95,640.95,640.95,0.0,2026-03-20 15:20:00
1774020300000,639.25,639.25,639.25,639.25,0.009,2026-03-20 15:25:00
1774020600000,639.25,639.25,639.25,639.25,0.0,2026-03-20 15:30:00
1774020900000,639.25,639.25,639.25,639.25,0.0,2026-03-20 15:35:00
1774021200000,640.22,640.22,640.22,640.22,0.036,2026-03-20 15:40:00
1774021500000,640.26,640.96,639.89,640.64,0.287,2026-03-20 15:45:00
1774021800000,640.64,640.64,640.64,640.64,0.0,2026-03-20 15:50:00
1774022100000,640.64,640.64,640.64,640.64,0.0,2026-03-20 15:55:00
1774022400000,640.9,640.9,640.9,640.9,0.005,2026-03-20 16:00:00
1774022700000,641.12,641.12,640.82,640.82,0.089,2026-03-20 16:05:00
1774023000000,640.82,640.82,640.82,640.82,0.0,2026-03-20 16:10:00
1774023300000,640.88,640.88,640.88,640.88,0.005,2026-03-20 16:15:00
1774023600000,640.88,640.88,640.88,640.88,0.0,2026-03-20 16:20:00
1774023900000,640.88,640.88,640.88,640.88,0.0,2026-03-20 16:25:00
1774024200000,641.26,641.26,641.26,641.26,0.007,2026-03-20 16:30:00
1774024500000,640.76,640.76,640.76,640.76,0.189,2026-03-20 16:35:00
1774024800000,640.41,640.41,640.41,640.41,0.004,2026-03-20 16:40:00
1774025100000,640.41,640.41,640.41,640.41,0.0,2026-03-20 16:45:00
1774025400000,640.41,640.41,640.41,640.41,0.0,2026-03-20 16:50:00
1774025700000,640.41,640.41,640.41,640.41,0.0,2026-03-20 16:55:00
1774026000000,640.82,641.35,640.82,641.35,0.123,2026-03-20 17:00:00
1774026300000,640.69,640.69,640.69,640.69,0.016,2026-03-20 17:05:00
1774026600000,640.69,640.69,640.69,640.69,0.0,2026-03-20 17:10:00
1774026900000,640.04,640.04,640.04,640.04,0.008,2026-03-20 17:15:00
1774027200000,640.04,640.04,640.04,640.04,0.0,2026-03-20 17:20:00
1774027500000,640.04,640.04,640.04,640.04,0.0,2026-03-20 17:25:00
1774027800000,640.04,640.04,640.04,640.04,0.0,2026-03-20 17:30:00
1774028100000,640.04,640.04,640.04,640.04,0.0,2026-03-20 17:35:00
1774028400000,640.04,640.04,640.04,640.04,0.0,2026-03-20 17:40:00
1774028700000,640.04,640.04,640.04,640.04,0.0,2026-03-20 17:45:00
1774029000000,640.04,640.04,640.04,640.04,0.0,2026-03-20 17:50:00
1774029300000,640.04,640.04,640.04,640.04,0.0,2026-03-20 17:55:00
1774029600000,640.04,640.04,640.04,640.04,0.0,2026-03-20 18:00:00
1774029900000,639.64,640.83,638.02,640.83,0.025,2026-03-20 18:05:00
1774030200000,640.26,640.26,640.26,640.26,0.062,2026-03-20 18:10:00
1774030500000,640.26,640.26,640.26,640.26,0.0,2026-03-20 18:15:00
1774030800000,640.26,640.26,640.26,640.26,0.0,2026-03-20 18:20:00
1774031100000,640.26,640.26,640.26,640.26,0.0,2026-03-20 18:25:00
1774031400000,638.0,638.0,637.57,637.57,0.913,2026-03-20 18:30:00
1774031700000,636.73,636.73,636.73,636.73,0.01,2026-03-20 18:35:00
1774032000000,637.48,637.48,637.48,637.48,0.027,2026-03-20 18:40:00
1774032300000,637.48,637.48,637.48,637.48,0.0,2026-03-20 18:45:00
1774032600000,638.83,638.83,638.81,638.81,0.01,2026-03-20 18:50:00
1774032900000,638.81,638.81,638.81,638.81,0.0,2026-03-20 18:55:00
1774033200000,638.74,638.74,638.74,638.74,0.217,2026-03-20 19:00:00
1774033500000,638.24,640.42,637.89,640.42,0.188,2026-03-20 19:05:00
1774033800000,640.42,640.42,640.42,640.42,0.0,2026-03-20 19:10:00
1774034100000,640.42,640.42,640.42,640.42,0.0,2026-03-20 19:15:00
1774034400000,640.42,640.42,640.42,640.42,0.0,2026-03-20 19:20:00
1774034700000,640.42,640.42,640.42,640.42,0.0,2026-03-20 19:25:00
1774035000000,640.42,640.42,640.42,640.42,0.0,2026-03-20 19:30:00
1774035300000,640.42,640.42,640.42,640.42,0.0,2026-03-20 19:35:00
1774035600000,640.42,640.42,640.42,640.42,0.0,2026-03-20 19:40:00
1774035900000,639.34,639.34,639.34,639.34,0.001,2026-03-20 19:45:00
1774036200000,639.34,639.34,639.34,639.34,0.0,2026-03-20 19:50:00
1774036500000,639.34,639.34,639.34,639.34,0.0,2026-03-20 19:55:00
1774036800000,639.34,639.34,639.34,639.34,0.0,2026-03-20 20:00:00
1774037100000,640.59,640.59,640.59,640.59,0.078,2026-03-20 20:05:00
1774037400000,640.74,640.74,640.74,640.74,0.037,2026-03-20 20:10:00
1774037700000,640.45,640.45,640.45,640.45,0.055,2026-03-20 20:15:00
1774038000000,640.45,640.45,640.45,640.45,0.0,2026-03-20 20:20:00
1774038300000,640.45,640.45,640.45,640.45,0.0,2026-03-20 20:25:00
1774038600000,640.45,640.45,640.45,640.45,0.0,2026-03-20 20:30:00
1774038900000,640.45,640.45,640.45,640.45,0.0,2026-03-20 20:35:00
1774039200000,637.86,637.86,637.86,637.86,0.006,2026-03-20 20:40:00
1774039500000,638.27,638.27,638.26,638.26,3.44,2026-03-20 20:45:00
1774039800000,638.26,638.26,638.26,638.26,0.0,2026-03-20 20:50:00
1774040100000,639.74,639.77,639.74,639.77,0.055,2026-03-20 20:55:00
1774040400000,639.71,639.71,639.71,639.71,0.039,2026-03-20 21:00:00
1774040700000,639.71,639.71,639.71,639.71,0.0,2026-03-20 21:05:00
1774041000000,639.71,639.71,639.71,639.71,0.0,2026-03-20 21:10:00
1774041300000,639.71,639.71,639.71,639.71,0.0,2026-03-20 21:15:00
1774041600000,639.71,639.71,639.71,639.71,0.0,2026-03-20 21:20:00
1774041900000,639.71,639.71,639.71,639.71,0.0,2026-03-20 21:25:00
1774042200000,642.69,642.69,642.69,642.69,0.008,2026-03-20 21:30:00
1774042500000,642.69,642.69,642.69,642.69,0.0,2026-03-20 21:35:00
1774042800000,641.47,641.47,641.41,641.41,0.624,2026-03-20 21:40:00
1774043100000,641.41,641.41,641.41,641.41,0.0,2026-03-20 21:45:00
1774043400000,641.41,641.41,641.41,641.41,0.0,2026-03-20 21:50:00
1774043700000,641.41,641.41,641.41,641.41,0.0,2026-03-20 21:55:00
1774044000000,643.7,643.7,643.7,643.7,0.047,2026-03-20 22:00:00
1774044300000,643.7,643.7,643.7,643.7,0.0,2026-03-20 22:05:00
1774044600000,643.7,643.7,643.7,643.7,0.0,2026-03-20 22:10:00
1774044900000,643.7,643.7,643.7,643.7,0.0,2026-03-20 22:15:00
1774045200000,643.39,643.39,643.17,643.17,0.098,2026-03-20 22:20:00
1774045500000,643.17,643.17,643.17,643.17,0.0,2026-03-20 22:25:00
1774045800000,643.51,643.53,643.51,643.53,0.116,2026-03-20 22:30:00
1774046100000,643.57,643.6,643.08,643.08,0.158,2026-03-20 22:35:00
1774046400000,643.08,643.08,643.08,643.08,0.0,2026-03-20 22:40:00
1774046700000,643.11,643.16,643.11,643.16,1.164,2026-03-20 22:45:00
1774047000000,643.92,643.92,643.92,643.92,3.49,2026-03-20 22:50:00
1774047300000,643.92,643.92,643.92,643.92,0.0,2026-03-20 22:55:00
1774047600000,643.92,643.92,643.92,643.92,0.0,2026-03-20 23:00:00
1774047900000,642.74,642.75,642.56,642.56,0.047,2026-03-20 23:05:00
1774048200000,642.56,642.56,642.56,642.56,0.0,2026-03-20 23:10:00
1774048500000,642.0,642.0,642.0,642.0,0.01,2026-03-20 23:15:00
1774048800000,642.0,642.0,642.0,642.0,0.0,2026-03-20 23:20:00
1774049100000,642.0,642.0,642.0,642.0,0.0,2026-03-20 23:25:00
1774049400000,642.0,642.0,642.0,642.0,0.0,2026-03-20 23:30:00
1774049700000,642.0,642.0,642.0,642.0,0.0,2026-03-20 23:35:00
1774050000000,641.78,641.78,641.78,641.78,0.014,2026-03-20 23:40:00
1774050300000,641.78,641.78,641.78,641.78,0.05,2026-03-20 23:45:00
1774050600000,641.78,641.78,641.78,641.78,0.0,2026-03-20 23:50:00
1774050900000,641.8,641.8,641.79,641.79,0.592,2026-03-20 23:55:00
1774051200000,641.79,641.79,641.79,641.79,0.0,2026-03-21 00:00:00
1774051500000,641.79,641.79,641.79,641.79,0.0,2026-03-21 00:05:00
1774051800000,642.05,642.05,641.61,641.61,0.071,2026-03-21 00:10:00
1774052100000,642.08,642.42,642.08,642.25,0.016,2026-03-21 00:15:00
1774052400000,643.14,643.14,642.97,642.97,0.016,2026-03-21 00:20:00
1774052700000,642.8,642.98,642.8,642.94,0.048,2026-03-21 00:25:00
1774053000000,642.52,642.7,642.03,642.49,0.213,2026-03-21 00:30:00
1774053300000,642.46,642.69,642.46,642.69,0.004,2026-03-21 00:35:00
1774053600000,642.69,642.69,642.69,642.69,0.0,2026-03-21 00:40:00
1774053900000,642.69,642.69,642.69,642.69,0.0,2026-03-21 00:45:00
1774054200000,642.69,642.69,642.69,642.69,0.0,2026-03-21 00:50:00
1774054500000,641.87,641.87,641.87,641.87,0.33,2026-03-21 00:55:00
1774054800000,641.87,641.87,641.87,641.87,0.0,2026-03-21 01:00:00
1774055100000,642.03,642.59,642.03,642.59,0.07,2026-03-21 01:05:00
1774055400000,642.41,642.41,642.41,642.41,0.031,2026-03-21 01:10:00
1774055700000,642.35,642.35,642.35,642.35,0.016,2026-03-21 01:15:00
1774056000000,642.35,642.35,642.35,642.35,0.0,2026-03-21 01:20:00
1774056300000,641.56,641.56,641.56,641.56,0.009,2026-03-21 01:25:00
1774056600000,641.56,641.56,641.56,641.56,0.0,2026-03-21 01:30:00
1774056900000,641.56,641.56,641.56,641.56,0.0,2026-03-21 01:35:00
1774057200000,641.56,641.56,641.56,641.56,0.0,2026-03-21 01:40:00
1774057500000,641.56,641.56,641.56,641.56,0.0,2026-03-21 01:45:00
1774057800000,641.56,641.56,641.56,641.56,0.0,2026-03-21 01:50:00
1774058100000,641.56,641.56,641.56,641.56,0.0,2026-03-21 01:55:00
1774058400000,640.64,640.64,640.64,640.64,0.156,2026-03-21 02:00:00
1774058700000,640.64,640.64,640.64,640.64,0.0,2026-03-21 02:05:00
1774059000000,640.64,640.64,640.64,640.64,0.0,2026-03-21 02:10:00
1774059300000,640.64,640.64,640.64,640.64,0.0,2026-03-21 02:15:00
1774059600000,641.38,641.46,641.37,641.37,0.065,2026-03-21 02:20:00
1774059900000,640.98,640.98,640.98,640.98,0.006,2026-03-21 02:25:00
1774060200000,640.98,640.98,640.98,640.98,0.0,2026-03-21 02:30:00
1774060500000,641.02,641.02,641.02,641.02,0.156,2026-03-21 02:35:00
1774060800000,641.02,641.02,641.02,641.02,0.0,2026-03-21 02:40:00
1774061100000,641.02,641.02,641.02,641.02,0.0,2026-03-21 02:45:00
1774061400000,641.63,641.63,641.63,641.63,0.005,2026-03-21 02:50:00
1774061700000,641.63,641.63,641.63,641.63,0.0,2026-03-21 02:55:00
1774062000000,642.22,642.22,642.06,642.07,0.099,2026-03-21 03:00:00
1774062300000,642.06,642.07,642.06,642.07,0.155,2026-03-21 03:05:00
1774062600000,642.31,642.68,642.31,642.68,0.178,2026-03-21 03:10:00
1774062900000,641.79,641.79,641.79,641.79,0.014,2026-03-21 03:15:00
1774063200000,641.79,641.79,641.79,641.79,0.0,2026-03-21 03:20:00
1774063500000,641.79,641.79,641.79,641.79,0.0,2026-03-21 03:25:00
1774063800000,641.79,641.79,641.79,641.79,0.0,2026-03-21 03:30:00
1774064100000,641.88,641.88,641.88,641.88,0.031,2026-03-21 03:35:00
1774064400000,641.88,641.88,641.88,641.88,0.0,2026-03-21 03:40:00
1774064700000,641.88,641.88,641.88,641.88,0.0,2026-03-21 03:45:00
1774065000000,642.43,642.43,642.34,642.34,0.11,2026-03-21 03:50:00
1774065300000,642.03,642.03,642.03,642.03,0.009,2026-03-21 03:55:00
1774065600000,642.03,642.03,642.03,642.03,0.0,2026-03-21 04:00:00
1774065900000,642.91,642.91,642.91,642.91,0.002,2026-03-21 04:05:00
1774066200000,643.15,643.15,643.15,643.15,0.008,2026-03-21 04:10:00
1774066500000,643.15,643.15,643.15,643.15,0.0,2026-03-21 04:15:00
1774066800000,643.15,643.15,643.15,643.15,0.0,2026-03-21 04:20:00
1774067100000,643.15,643.15,643.15,643.15,0.0,2026-03-21 04:25:00
1774067400000,643.15,643.15,643.15,643.15,0.0,2026-03-21 04:30:00
1774067700000,643.15,643.15,643.15,643.15,0.0,2026-03-21 04:35:00
1774068000000,643.15,643.15,643.15,643.15,0.0,2026-03-21 04:40:00
1774068300000,643.15,643.15,643.15,643.15,0.0,2026-03-21 04:45:00
1774068600000,643.15,643.15,643.15,643.15,0.0,2026-03-21 04:50:00
1774068900000,643.15,643.15,643.15,643.15,0.0,2026-03-21 04:55:00
1774069200000,643.15,643.15,643.15,643.15,0.0,2026-03-21 05:00:00
1774069500000,642.34,642.34,642.34,642.34,0.008,2026-03-21 05:05:00
1774069800000,642.43,642.43,642.43,642.43,0.019,2026-03-21 05:10:00
1774070100000,642.43,642.43,642.43,642.43,0.0,2026-03-21 05:15:00
1774070400000,642.43,642.43,642.43,642.43,0.0,2026-03-21 05:20:00
1774070700000,642.43,642.43,642.43,642.43,0.0,2026-03-21 05:25:00
1774071000000,642.43,642.43,642.43,642.43,0.0,2026-03-21 05:30:00
1774071300000,642.43,642.43,642.43,642.43,0.0,2026-03-21 05:35:00
1774071600000,642.43,642.43,642.43,642.43,0.0,2026-03-21 05:40:00
1774071900000,642.43,642.43,642.43,642.43,0.0,2026-03-21 05:45:00
1774072200000,642.43,642.43,642.43,642.43,0.0,2026-03-21 05:50:00
1774072500000,642.43,642.43,642.43,642.43,0.0,2026-03-21 05:55:00
1774072800000,642.43,642.43,642.43,642.43,0.0,2026-03-21 06:00:00
1774073100000,642.43,642.43,642.43,642.43,0.0,2026-03-21 06:05:00
1774073400000,642.43,642.43,642.43,642.43,0.0,2026-03-21 06:10:00
1774073700000,642.43,642.43,642.43,642.43,0.0,2026-03-21 06:15:00
1774074000000,642.43,642.43,642.43,642.43,0.0,2026-03-21 06:20:00
1774074300000,642.43,642.43,642.43,642.43,0.0,2026-03-21 06:25:00
1774074600000,642.43,642.43,642.43,642.43,0.0,2026-03-21 06:30:00
1774074900000,642.43,642.43,642.43,642.43,0.0,2026-03-21 06:35:00
1774075200000,642.43,642.43,642.43,642.43,0.0,2026-03-21 06:40:00
1774075500000,642.43,642.43,642.43,642.43,0.0,2026-03-21 06:45:00
1774075800000,642.43,642.43,642.43,642.43,0.0,2026-03-21 06:50:00
1774076100000,643.32,643.32,643.32,643.32,0.16,2026-03-21 06:55:00
1774076400000,643.44,643.44,643.44,643.44,0.003,2026-03-21 07:00:00
1774076700000,643.29,643.29,643.29,643.29,0.004,2026-03-21 07:05:00
1774077000000,643.29,643.29,643.29,643.29,0.0,2026-03-21 07:10:00
1774077300000,643.45,643.45,643.45,643.45,0.311,2026-03-21 07:15:00
1774077600000,644.08,644.08,643.92,643.92,0.405,2026-03-21 07:20:00
1774077900000,643.92,643.92,643.92,643.92,0.0,2026-03-21 07:25:00
1774078200000,643.92,643.92,643.92,643.92,0.0,2026-03-21 07:30:00
1774078500000,643.92,643.92,643.92,643.92,0.0,2026-03-21 07:35:00
1774078800000,643.92,643.92,643.92,643.92,0.0,2026-03-21 07:40:00
1774079100000,643.92,643.92,643.92,643.92,0.0,2026-03-21 07:45:00
1774079400000,643.92,643.92,643.92,643.92,0.0,2026-03-21 07:50:00
1774079700000,643.92,643.92,643.92,643.92,0.0,2026-03-21 07:55:00
1774080000000,643.92,643.92,643.92,643.92,0.0,2026-03-21 08:00:00
1774080300000,643.92,643.92,643.92,643.92,0.0,2026-03-21 08:05:00
1774080600000,643.92,643.92,643.92,643.92,0.0,2026-03-21 08:10:00
1774080900000,643.92,643.92,643.92,643.92,0.0,2026-03-21 08:15:00
1774081200000,643.92,643.92,643.92,643.92,0.0,2026-03-21 08:20:00
1774081500000,643.92,643.92,643.92,643.92,0.0,2026-03-21 08:25:00
1774081800000,643.92,643.92,643.92,643.92,0.0,2026-03-21 08:30:00
1774082100000,643.92,643.92,643.92,643.92,0.0,2026-03-21 08:35:00
1774082400000,643.0,643.0,643.0,643.0,0.017,2026-03-21 08:40:00
1774082700000,643.0,643.0,643.0,643.0,0.0,2026-03-21 08:45:00
1774083000000,643.0,643.0,643.0,643.0,0.0,2026-03-21 08:50:00
1774083300000,643.0,643.0,643.0,643.0,0.0,2026-03-21 08:55:00
1774083600000,643.82,643.82,643.82,643.82,0.012,2026-03-21 09:00:00
1774083900000,643.97,643.97,643.97,643.97,1.1,2026-03-21 09:05:00
1774084200000,643.89,643.89,643.89,643.89,0.031,2026-03-21 09:10:00
1774084500000,643.66,643.66,643.66,643.66,0.03,2026-03-21 09:15:00
1774084800000,643.67,643.67,642.38,642.38,4.603,2026-03-21 09:20:00
1774085100000,642.38,642.38,642.38,642.38,0.0,2026-03-21 09:25:00
1774085400000,643.09,643.09,643.09,643.09,0.002,2026-03-21 09:30:00
1774085700000,643.09,643.09,643.09,643.09,0.0,2026-03-21 09:35:00
1774086000000,643.09,643.09,643.09,643.09,0.0,2026-03-21 09:40:00
1774086300000,643.09,643.09,643.09,643.09,0.0,2026-03-21 09:45:00
1774086600000,643.09,643.09,643.09,643.09,0.0,2026-03-21 09:50:00
1774086900000,643.76,643.76,643.76,643.76,0.008,2026-03-21 09:55:00
1774087200000,643.76,643.76,643.76,643.76,0.0,2026-03-21 10:00:00
1774087500000,642.56,643.0,642.55,643.0,0.606,2026-03-21 10:05:00
1774087800000,642.42,642.42,642.42,642.42,0.005,2026-03-21 10:10:00
1774088100000,642.55,642.55,642.55,642.55,0.016,2026-03-21 10:15:00
1774088400000,642.55,642.55,642.55,642.55,0.0,2026-03-21 10:20:00
1774088700000,642.55,642.55,642.55,642.55,0.0,2026-03-21 10:25:00
1774089000000,642.55,642.55,642.55,642.55,0.0,2026-03-21 10:30:00
1774089300000,642.55,642.55,642.55,642.55,0.019,2026-03-21 10:35:00
1774089600000,642.55,642.55,642.55,642.55,0.0,2026-03-21 10:40:00
1774089900000,642.6,642.6,642.6,642.6,0.025,2026-03-21 10:45:00
1774090200000,642.6,642.6,642.6,642.6,0.0,2026-03-21 10:50:00
1774090500000,642.6,642.6,642.6,642.6,0.0,2026-03-21 10:55:00
1774090800000,642.6,642.6,642.6,642.6,0.0,2026-03-21 11:00:00
1774091100000,642.6,642.6,642.6,642.6,0.0,2026-03-21 11:05:00
1774091400000,642.6,642.6,642.6,642.6,0.0,2026-03-21 11:10:00
1774091700000,642.6,642.6,642.6,642.6,0.0,2026-03-21 11:15:00
1774092000000,642.6,642.6,642.6,642.6,0.0,2026-03-21 11:20:00
1774092300000,642.6,642.6,642.6,642.6,0.0,2026-03-21 11:25:00
1774092600000,642.6,642.6,642.6,642.6,0.0,2026-03-21 11:30:00
1774092900000,642.6,642.6,642.6,642.6,0.0,2026-03-21 11:35:00
1774093200000,643.68,643.68,643.68,643.68,0.008,2026-03-21 11:40:00
1774093500000,643.34,643.84,643.34,643.84,0.131,2026-03-21 11:45:00
1774093800000,643.84,643.84,643.84,643.84,0.0,2026-03-21 11:50:00
1774094100000,643.84,643.84,643.84,643.84,0.0,2026-03-21 11:55:00
1774094400000,644.25,644.25,644.25,644.25,0.008,2026-03-21 12:00:00
1774094700000,644.25,644.25,644.25,644.25,0.0,2026-03-21 12:05:00
1774095000000,644.46,644.46,644.46,644.46,0.008,2026-03-21 12:10:00
1774095300000,644.46,644.46,644.46,644.46,0.0,2026-03-21 12:15:00
1774095600000,644.46,644.46,644.46,644.46,0.0,2026-03-21 12:20:00
1774095900000,644.46,644.72,644.46,644.72,0.316,2026-03-21 12:25:00
1774096200000,644.72,644.72,644.72,644.72,0.0,2026-03-21 12:30:00
1774096500000,643.83,643.83,642.57,642.57,3.58,2026-03-21 12:35:00
1774096800000,642.57,642.57,642.57,642.57,0.0,2026-03-21 12:40:00
1774097100000,642.57,642.57,642.57,642.57,0.0,2026-03-21 12:45:00
1774097400000,644.09,644.09,644.09,644.09,0.075,2026-03-21 12:50:00
1774097700000,644.09,644.09,644.09,644.09,0.0,2026-03-21 12:55:00
1774098000000,644.09,644.09,644.09,644.09,0.0,2026-03-21 13:00:00
1774098300000,644.09,644.09,644.09,644.09,0.0,2026-03-21 13:05:00
1774098600000,644.05,644.05,644.05,644.05,0.023,2026-03-21 13:10:00
1774098900000,644.15,644.15,644.15,644.15,0.006,2026-03-21 13:15:00
1774099200000,644.15,644.15,644.15,644.15,0.0,2026-03-21 13:20:00
1774099500000,643.17,643.17,643.17,643.17,0.209,2026-03-21 13:25:00
1774099800000,644.17,644.17,644.17,644.17,0.039,2026-03-21 13:30:00
1774100100000,644.17,644.17,644.17,644.17,0.1,2026-03-21 13:35:00
1774100400000,644.17,644.17,644.17,644.17,0.0,2026-03-21 13:40:00
1774100700000,643.51,643.51,643.51,643.51,0.188,2026-03-21 13:45:00
1774101000000,644.17,644.17,644.17,644.17,0.002,2026-03-21 13:50:00
1774101300000,644.17,644.17,644.17,644.17,0.0,2026-03-21 13:55:00
1774101600000,644.17,644.17,644.1,644.1,0.16,2026-03-21 14:00:00
1774101900000,644.17,644.17,644.17,644.17,0.172,2026-03-21 14:05:00
1774102200000,646.25,646.25,645.56,645.9,0.018,2026-03-21 14:10:00
1774102500000,646.0,646.0,646.0,646.0,0.014,2026-03-21 14:15:00
1774102800000,645.76,645.76,645.12,645.12,0.453,2026-03-21 14:20:00
1774103100000,645.48,645.48,645.38,645.38,1.13,2026-03-21 14:25:00
1774103400000,645.38,645.38,645.38,645.38,0.0,2026-03-21 14:30:00
1774103700000,645.05,645.33,645.05,645.33,0.277,2026-03-21 14:35:00
1774104000000,645.33,645.33,645.33,645.33,0.0,2026-03-21 14:40:00
1774104300000,645.33,645.33,645.33,645.33,0.0,2026-03-21 14:45:00
1774104600000,645.33,645.33,645.33,645.33,0.0,2026-03-21 14:50:00
1774104900000,645.33,645.33,645.33,645.33,0.0,2026-03-21 14:55:00
1774105200000,642.54,642.54,642.53,642.53,1.316,2026-03-21 15:00:00
1774105500000,642.53,642.53,642.53,642.53,0.085,2026-03-21 15:05:00
1774105800000,642.3,642.3,642.3,642.3,0.002,2026-03-21 15:10:00
1774106100000,642.3,642.3,642.3,642.3,0.0,2026-03-21 15:15:00
1774106400000,642.3,642.3,642.3,642.3,0.0,2026-03-21 15:20:00
1774106700000,642.3,642.3,642.3,642.3,0.0,2026-03-21 15:25:00
1774107000000,642.3,642.3,642.3,642.3,0.0,2026-03-21 15:30:00
1774107300000,642.3,642.3,642.3,642.3,0.0,2026-03-21 15:35:00
1774107600000,643.03,643.03,643.03,643.03,0.476,2026-03-21 15:40:00
1774107900000,643.03,643.03,643.03,643.03,0.0,2026-03-21 15:45:00
1774108200000,643.03,643.03,643.03,643.03,0.0,2026-03-21 15:50:00
1774108500000,643.03,643.03,643.03,643.03,0.0,2026-03-21 15:55:00
1774108800000,643.1,643.1,643.06,643.06,0.024,2026-03-21 16:00:00
1774109100000,643.16,643.16,643.16,643.16,0.011,2026-03-21 16:05:00
1774109400000,643.16,643.16,643.16,643.16,0.0,2026-03-21 16:10:00
1774109700000,642.69,642.69,642.69,642.69,0.005,2026-03-21 16:15:00
1774110000000,642.69,642.69,642.69,642.69,0.0,2026-03-21 16:20:00
1774110300000,642.69,642.69,642.69,642.69,0.0,2026-03-21 16:25:00
1774110600000,641.37,641.37,641.37,641.37,1.591,2026-03-21 16:30:00
1774110900000,641.75,641.75,641.75,641.75,0.028,2026-03-21 16:35:00
1774111200000,641.37,641.37,641.37,641.37,0.037,2026-03-21 16:40:00
1774111500000,641.5,641.99,641.5,641.53,0.012,2026-03-21 16:45:00
1774111800000,641.53,641.53,641.53,641.53,0.0,2026-03-21 16:50:00
1774112100000,641.53,641.53,641.53,641.53,0.0,2026-03-21 16:55:00
1774112400000,641.53,641.53,641.53,641.53,0.0,2026-03-21 17:00:00
1774112700000,641.53,641.53,641.53,641.53,0.0,2026-03-21 17:05:00
1774113000000,641.53,641.53,641.53,641.53,0.0,2026-03-21 17:10:00
1774113300000,641.53,641.53,641.53,641.53,0.0,2026-03-21 17:15:00
1774113600000,641.53,641.53,641.53,641.53,0.0,2026-03-21 17:20:00
1774113900000,641.53,641.53,641.53,641.53,0.0,2026-03-21 17:25:00
1774114200000,641.83,641.83,641.83,641.83,0.155,2026-03-21 17:30:00
1774114500000,641.83,641.83,641.83,641.83,0.0,2026-03-21 17:35:00
1774114800000,641.8,641.8,641.8,641.8,0.001,2026-03-21 17:40:00
1774115100000,641.8,641.8,641.8,641.8,0.0,2026-03-21 17:45:00
1774115400000,641.8,641.8,641.8,641.8,0.0,2026-03-21 17:50:00
1774115700000,641.8,641.8,641.8,641.8,0.0,2026-03-21 17:55:00
1774116000000,641.8,641.8,641.8,641.8,0.0,2026-03-21 18:00:00
1774116300000,641.8,641.8,641.8,641.8,0.0,2026-03-21 18:05:00
1774116600000,641.25,641.25,641.25,641.25,0.039,2026-03-21 18:10:00
1774116900000,641.25,641.25,641.25,641.25,0.0,2026-03-21 18:15:00
1774117200000,641.25,641.25,641.25,641.25,0.0,2026-03-21 18:20:00
1774117500000,641.25,641.25,641.25,641.25,0.0,2026-03-21 18:25:00
1774117800000,641.25,641.25,641.25,641.25,0.0,2026-03-21 18:30:00
1774118100000,642.19,642.19,642.19,642.19,0.01,2026-03-21 18:35:00
1774118400000,642.37,642.37,642.37,642.37,0.011,2026-03-21 18:40:00
1774118700000,642.35,642.35,642.35,642.35,0.1,2026-03-21 18:45:00
1774119000000,642.14,642.14,641.55,641.55,0.02,2026-03-21 18:50:00
1774119300000,641.55,641.55,641.55,641.55,0.0,2026-03-21 18:55:00
1774119600000,641.67,641.67,641.67,641.67,0.023,2026-03-21 19:00:00
1774119900000,641.77,641.77,641.77,641.77,0.015,2026-03-21 19:05:00
1774120200000,641.77,641.77,641.77,641.77,0.0,2026-03-21 19:10:00
1774120500000,641.77,641.77,641.77,641.77,0.0,2026-03-21 19:15:00
1774120800000,641.35,641.35,641.35,641.35,0.17,2026-03-21 19:20:00
1774121100000,641.94,641.95,641.94,641.95,0.2,2026-03-21 19:25:00
1774121400000,641.95,641.95,641.95,641.95,0.0,2026-03-21 19:30:00
1774121700000,641.95,641.95,641.95,641.95,0.0,2026-03-21 19:35:00
1774122000000,641.06,641.06,641.06,641.06,0.022,2026-03-21 19:40:00
1774122300000,641.06,641.06,641.06,641.06,0.0,2026-03-21 19:45:00
1774122600000,641.06,641.06,641.06,641.06,0.0,2026-03-21 19:50:00
1774122900000,641.7,641.7,641.7,641.7,0.031,2026-03-21 19:55:00
1774123200000,641.88,641.88,641.88,641.88,0.039,2026-03-21 20:00:00
1774123500000,641.41,641.41,641.41,641.41,0.221,2026-03-21 20:05:00
1774123800000,641.41,641.41,641.41,641.41,0.0,2026-03-21 20:10:00
1774124100000,641.41,641.41,641.41,641.41,0.0,2026-03-21 20:15:00
1774124400000,641.41,641.41,641.41,641.41,0.0,2026-03-21 20:20:00
1774124700000,642.05,642.05,641.83,641.83,0.153,2026-03-21 20:25:00
1774125000000,641.83,641.83,641.83,641.83,0.0,2026-03-21 20:30:00
1774125300000,641.83,641.83,641.83,641.83,0.0,2026-03-21 20:35:00
1774125600000,641.83,641.83,641.83,641.83,0.0,2026-03-21 20:40:00
1774125900000,641.83,641.83,641.83,641.83,0.0,2026-03-21 20:45:00
1774126200000,642.05,642.05,642.05,642.05,0.026,2026-03-21 20:50:00
1774126500000,642.05,642.05,642.05,642.05,0.0,2026-03-21 20:55:00
1774126800000,642.66,642.66,642.16,642.16,0.31,2026-03-21 21:00:00
1774127100000,642.37,643.03,642.37,642.93,0.701,2026-03-21 21:05:00
1774127400000,642.24,642.24,642.24,642.24,0.005,2026-03-21 21:10:00
1774127700000,642.24,642.24,642.24,642.24,0.0,2026-03-21 21:15:00
1774128000000,642.24,642.24,642.24,642.24,0.0,2026-03-21 21:20:00
1774128300000,642.24,642.24,642.24,642.24,0.0,2026-03-21 21:25:00
1774128600000,642.24,642.24,642.24,642.24,0.0,2026-03-21 21:30:00
1774128900000,642.24,642.24,641.9,641.9,0.217,2026-03-21 21:35:00
1774129200000,641.9,641.9,641.9,641.9,0.0,2026-03-21 21:40:00
1774129500000,642.27,642.27,642.27,642.27,0.001,2026-03-21 21:45:00
1774129800000,642.27,642.27,642.27,642.27,0.0,2026-03-21 21:50:00
1774130100000,642.27,642.27,642.27,642.27,0.0,2026-03-21 21:55:00
1774130400000,640.93,640.93,640.93,640.93,0.011,2026-03-21 22:00:00
1774130700000,641.05,641.05,641.05,641.05,0.039,2026-03-21 22:05:00
1774131000000,641.76,641.76,641.76,641.76,0.155,2026-03-21 22:10:00
1774131300000,641.75,641.75,641.75,641.75,0.311,2026-03-21 22:15:00
1774131600000,641.9,641.9,641.9,641.9,0.009,2026-03-21 22:20:00
1774131900000,641.9,641.9,641.9,641.9,0.0,2026-03-21 22:25:00
1774132200000,641.59,641.59,641.59,641.59,0.008,2026-03-21 22:30:00
1774132500000,641.59,641.59,641.59,641.59,0.0,2026-03-21 22:35:00
1774132800000,641.59,641.59,641.59,641.59,0.0,2026-03-21 22:40:00
1774133100000,641.59,641.59,641.59,641.59,0.0,2026-03-21 22:45:00
1774133400000,641.59,641.59,641.59,641.59,0.0,2026-03-21 22:50:00
1774133700000,641.59,641.59,641.59,641.59,0.0,2026-03-21 22:55:00
1774134000000,642.36,642.36,642.36,642.36,0.078,2026-03-21 23:00:00
1774134300000,642.18,642.18,642.18,642.18,0.016,2026-03-21 23:05:00
1774134600000,642.18,642.18,642.18,642.18,0.0,2026-03-21 23:10:00
1774134900000,641.82,641.82,641.82,641.82,0.016,2026-03-21 23:15:00
1774135200000,641.82,641.82,641.82,641.82,0.0,2026-03-21 23:20:00
1774135500000,641.68,641.68,641.68,641.68,0.155,2026-03-21 23:25:00
1774135800000,641.68,641.68,641.68,641.68,0.0,2026-03-21 23:30:00
1774136100000,641.76,641.76,641.76,641.76,0.026,2026-03-21 23:35:00
1774136400000,641.76,641.76,641.76,641.76,0.0,2026-03-21 23:40:00
1774136700000,640.0,640.0,640.0,640.0,0.157,2026-03-21 23:45:00
1774137000000,636.04,636.04,630.98,630.98,0.61,2026-03-21 23:50:00
1774137300000,630.0,631.19,629.22,631.19,0.217,2026-03-21 23:55:00
1774137600000,630.87,630.87,623.06,625.55,1.694,2026-03-22 00:00:00
1774137900000,624.57,626.92,624.57,626.92,1.241,2026-03-22 00:05:00
1774138200000,627.3,627.3,627.3,627.3,0.002,2026-03-22 00:10:00
1774138500000,629.03,630.38,629.03,629.77,0.015,2026-03-22 00:15:00
1774138800000,629.36,629.65,629.36,629.62,0.016,2026-03-22 00:20:00
1774139100000,629.46,630.36,629.2,630.36,0.12,2026-03-22 00:25:00
1774139400000,631.14,632.04,631.14,632.04,0.057,2026-03-22 00:30:00
1774139700000,632.04,632.04,632.04,632.04,0.0,2026-03-22 00:35:00
1774140000000,632.21,632.21,631.57,631.57,0.01,2026-03-22 00:40:00
1774140300000,631.68,631.68,631.43,631.43,0.268,2026-03-22 00:45:00
1774140600000,630.94,630.94,630.92,630.92,0.069,2026-03-22 00:50:00
1774140900000,630.92,630.92,630.92,630.92,0.0,2026-03-22 00:55:00
1774141200000,630.92,630.92,630.92,630.92,0.0,2026-03-22 01:00:00
1774141500000,631.67,631.67,630.87,630.87,0.071,2026-03-22 01:05:00
1774141800000,630.87,630.87,630.87,630.87,0.0,2026-03-22 01:10:00
1774142100000,630.55,631.46,630.55,631.46,0.057,2026-03-22 01:15:00
1774142400000,631.46,631.46,631.46,631.46,0.0,2026-03-22 01:20:00
1774142700000,631.46,631.46,631.46,631.46,0.0,2026-03-22 01:25:00
1774143000000,631.46,631.46,631.46,631.46,0.0,2026-03-22 01:30:00
1774143300000,629.7,629.7,629.7,629.7,0.008,2026-03-22 01:35:00
1774143600000,629.7,629.7,629.7,629.7,0.0,2026-03-22 01:40:00
1774143900000,629.7,629.7,629.7,629.7,0.0,2026-03-22 01:45:00
1774144200000,630.05,630.62,630.05,630.62,1.34,2026-03-22 01:50:00
1774144500000,630.62,630.62,630.62,630.62,0.0,2026-03-22 01:55:00
1774144800000,631.82,631.82,631.82,631.82,0.158,2026-03-22 02:00:00
1774145100000,631.66,631.66,631.65,631.65,2.242,2026-03-22 02:05:00
1774145400000,631.65,631.65,631.65,631.65,0.0,2026-03-22 02:10:00
1774145700000,631.65,631.65,631.65,631.65,0.0,2026-03-22 02:15:00
1774146000000,631.65,631.65,631.65,631.65,0.0,2026-03-22 02:20:00
1774146300000,631.65,631.65,631.65,631.65,0.0,2026-03-22 02:25:00
1774146600000,631.65,631.65,631.65,631.65,0.0,2026-03-22 02:30:00
1774146900000,633.96,634.02,633.78,633.78,0.337,2026-03-22 02:35:00
1774147200000,633.61,633.61,633.61,633.61,0.008,2026-03-22 02:40:00
1774147500000,633.61,633.61,633.61,633.61,0.0,2026-03-22 02:45:00
1774147800000,633.61,633.61,633.61,633.61,0.0,2026-03-22 02:50:00
1774148100000,633.61,633.61,633.61,633.61,0.0,2026-03-22 02:55:00
1774148400000,633.85,633.85,633.85,633.85,0.005,2026-03-22 03:00:00
1774148700000,633.85,633.85,633.85,633.85,0.0,2026-03-22 03:05:00
1774149000000,633.85,633.85,633.85,633.85,0.0,2026-03-22 03:10:00
1774149300000,633.85,633.85,633.85,633.85,0.0,2026-03-22 03:15:00
1774149600000,634.32,634.44,634.32,634.44,0.297,2026-03-22 03:20:00
1774149900000,634.44,634.44,634.44,634.44,0.0,2026-03-22 03:25:00
1774150200000,634.44,634.44,634.44,634.44,0.0,2026-03-22 03:30:00
1774150500000,635.62,635.62,635.36,635.36,1.048,2026-03-22 03:35:00
1774150800000,635.36,635.36,635.36,635.36,0.0,2026-03-22 03:40:00
1774151100000,635.36,635.36,635.36,635.36,0.0,2026-03-22 03:45:00
1774151400000,634.12,634.12,634.12,634.12,1.574,2026-03-22 03:50:00
1774151700000,634.12,634.12,634.12,634.12,0.0,2026-03-22 03:55:00
1774152000000,635.95,636.05,635.95,636.05,1.183,2026-03-22 04:00:00
1774152300000,636.12,636.12,636.12,636.12,0.008,2026-03-22 04:05:00
1774152600000,635.78,635.78,635.78,635.78,0.304,2026-03-22 04:10:00
1774152900000,635.78,635.78,635.78,635.78,0.0,2026-03-22 04:15:00
1774153200000,635.78,635.78,635.78,635.78,0.0,2026-03-22 04:20:00
1774153500000,633.74,634.46,633.4,634.46,1.531,2026-03-22 04:25:00
1774153800000,634.46,634.46,634.46,634.46,0.0,2026-03-22 04:30:00
1774154100000,634.46,634.46,634.46,634.46,0.0,2026-03-22 04:35:00
1774154400000,634.95,634.95,634.95,634.95,0.05,2026-03-22 04:40:00
1774154700000,634.95,634.95,634.95,634.95,0.0,2026-03-22 04:45:00
1774155000000,634.95,634.95,634.95,634.95,0.0,2026-03-22 04:50:00
1774155300000,634.95,634.95,634.95,634.95,0.0,2026-03-22 04:55:00
1774155600000,634.47,634.47,633.78,633.78,2.006,2026-03-22 05:00:00
1774155900000,633.99,633.99,633.99,633.99,0.008,2026-03-22 05:05:00
1774156200000,633.99,633.99,633.99,633.99,0.0,2026-03-22 05:10:00
1774156500000,633.99,633.99,633.99,633.99,0.0,2026-03-22 05:15:00
1774156800000,633.99,633.99,633.99,633.99,0.0,2026-03-22 05:20:00
1774157100000,633.88,633.88,633.54,633.54,0.291,2026-03-22 05:25:00
1774157400000,634.05,634.05,634.05,634.05,0.116,2026-03-22 05:30:00
1774157700000,634.05,634.05,634.05,634.05,0.0,2026-03-22 05:35:00
1774158000000,633.98,634.18,633.54,633.54,0.441,2026-03-22 05:40:00
1774158300000,633.54,633.54,633.54,633.54,0.0,2026-03-22 05:45:00
1774158600000,633.54,633.54,633.54,633.54,0.0,2026-03-22 05:50:00
1774158900000,633.54,633.54,633.54,633.54,0.0,2026-03-22 05:55:00
1774159200000,633.54,633.54,633.54,633.54,0.0,2026-03-22 06:00:00
1774159500000,633.54,633.54,633.54,633.54,0.0,2026-03-22 06:05:00
1774159800000,632.96,632.96,632.51,632.51,1.027,2026-03-22 06:10:00
1774160100000,632.51,632.51,632.51,632.51,0.0,2026-03-22 06:15:00
1774160400000,632.51,632.51,632.51,632.51,0.0,2026-03-22 06:20:00
1774160700000,632.51,632.51,632.51,632.51,0.0,2026-03-22 06:25:00
1774161000000,632.51,632.51,632.51,632.51,0.0,2026-03-22 06:30:00
1774161300000,632.51,632.51,632.51,632.51,0.0,2026-03-22 06:35:00
1774161600000,632.51,632.51,632.51,632.51,0.0,2026-03-22 06:40:00
1774161900000,632.51,632.51,632.51,632.51,0.0,2026-03-22 06:45:00
1774162200000,632.51,632.51,632.51,632.51,0.0,2026-03-22 06:50:00
1774162500000,632.51,632.51,632.51,632.51,0.0,2026-03-22 06:55:00
1774162800000,634.1,634.56,633.95,633.95,3.763,2026-03-22 07:00:00
1774163100000,633.95,633.95,633.95,633.95,0.0,2026-03-22 07:05:00
1774163400000,633.95,633.95,633.95,633.95,0.0,2026-03-22 07:10:00
1774163700000,633.94,633.94,633.94,633.94,0.1,2026-03-22 07:15:00
1774164000000,633.94,633.94,633.94,633.94,0.0,2026-03-22 07:20:00
1774164300000,633.94,633.94,633.94,633.94,0.0,2026-03-22 07:25:00
1774164600000,633.01,633.01,633.01,633.01,0.019,2026-03-22 07:30:00
1774164900000,633.01,633.01,633.01,633.01,0.0,2026-03-22 07:35:00
1774165200000,633.01,633.01,633.01,633.01,0.0,2026-03-22 07:40:00
1774165500000,633.01,633.01,633.01,633.01,0.0,2026-03-22 07:45:00
1774165800000,633.01,633.01,633.01,633.01,0.0,2026-03-22 07:50:00
1774166100000,633.01,633.01,633.01,633.01,0.0,2026-03-22 07:55:00
1774166400000,633.01,633.01,633.01,633.01,0.0,2026-03-22 08:00:00
1774166700000,630.89,630.89,630.89,630.89,0.004,2026-03-22 08:05:00
1774167000000,630.89,630.89,630.89,630.89,0.0,2026-03-22 08:10:00
1774167300000,630.89,630.89,630.89,630.89,0.0,2026-03-22 08:15:00
1774167600000,630.89,630.89,630.89,630.89,0.0,2026-03-22 08:20:00
1774167900000,630.89,630.89,630.89,630.89,0.0,2026-03-22 08:25:00
1774168200000,630.89,630.89,630.89,630.89,0.0,2026-03-22 08:30:00
1774168500000,630.89,630.89,630.89,630.89,0.0,2026-03-22 08:35:00
1774168800000,630.85,630.94,630.85,630.94,0.1,2026-03-22 08:40:00
1774169100000,630.94,630.94,630.94,630.94,0.0,2026-03-22 08:45:00
1774169400000,630.94,630.94,630.94,630.94,0.0,2026-03-22 08:50:00
1774169700000,630.94,630.94,630.94,630.94,0.0,2026-03-22 08:55:00
1774170000000,630.94,630.94,630.94,630.94,0.0,2026-03-22 09:00:00
1774170300000,630.94,630.94,630.94,630.94,0.0,2026-03-22 09:05:00
1774170600000,630.94,630.94,630.94,630.94,0.0,2026-03-22 09:10:00
1774170900000,631.26,631.26,631.26,631.26,0.009,2026-03-22 09:15:00
1774171200000,630.76,630.76,630.66,630.66,2.644,2026-03-22 09:20:00
1774171500000,630.19,630.19,630.19,630.19,0.081,2026-03-22 09:25:00
1774171800000,630.19,630.19,630.19,630.19,0.0,2026-03-22 09:30:00
1774172100000,630.63,630.63,630.63,630.63,0.716,2026-03-22 09:35:00
1774172400000,630.63,630.63,630.63,630.63,0.0,2026-03-22 09:40:00
1774172700000,630.63,630.63,630.63,630.63,0.0,2026-03-22 09:45:00
1774173000000,630.63,630.63,630.63,630.63,0.0,2026-03-22 09:50:00
1774173300000,630.63,630.63,630.63,630.63,0.0,2026-03-22 09:55:00
1774173600000,630.63,630.63,630.63,630.63,0.0,2026-03-22 10:00:00
1774173900000,630.6,630.6,630.6,630.6,0.016,2026-03-22 10:05:00
1774174200000,630.72,630.72,630.72,630.72,0.017,2026-03-22 10:10:00
1774174500000,630.41,630.41,630.41,630.41,0.008,2026-03-22 10:15:00
1774174800000,630.41,630.41,630.41,630.41,0.0,2026-03-22 10:20:00
1774175100000,630.41,630.41,630.41,630.41,0.0,2026-03-22 10:25:00
1774175400000,630.41,630.41,630.41,630.41,0.0,2026-03-22 10:30:00
1774175700000,630.41,630.41,630.41,630.41,0.0,2026-03-22 10:35:00
1774176000000,630.41,630.41,630.41,630.41,0.0,2026-03-22 10:40:00
1774176300000,630.41,630.41,630.41,630.41,0.0,2026-03-22 10:45:00
1774176600000,630.41,630.41,630.41,630.41,0.0,2026-03-22 10:50:00
1774176900000,630.41,630.41,630.41,630.41,0.0,2026-03-22 10:55:00
1774177200000,629.91,629.93,629.91,629.93,0.019,2026-03-22 11:00:00
1774177500000,629.65,629.65,629.65,629.65,0.004,2026-03-22 11:05:00
1774177800000,629.65,629.65,629.65,629.65,0.0,2026-03-22 11:10:00
1774178100000,629.65,629.65,629.65,629.65,0.0,2026-03-22 11:15:00
1774178400000,629.65,629.65,629.65,629.65,0.0,2026-03-22 11:20:00
1774178700000,628.59,628.59,628.59,628.59,0.158,2026-03-22 11:25:00
1774179000000,628.59,628.59,628.59,628.59,0.0,2026-03-22 11:30:00
1774179300000,628.59,628.59,628.59,628.59,0.0,2026-03-22 11:35:00
1774179600000,628.59,628.59,628.59,628.59,0.0,2026-03-22 11:40:00
1774179900000,628.7,628.7,628.7,628.7,0.007,2026-03-22 11:45:00
1774180200000,628.7,628.7,628.7,628.7,0.0,2026-03-22 11:50:00
1774180500000,628.7,628.7,628.7,628.7,0.0,2026-03-22 11:55:00
1774180800000,628.14,628.14,628.14,628.14,0.008,2026-03-22 12:00:00
1774181100000,628.14,628.14,628.14,628.14,0.0,2026-03-22 12:05:00
1774181400000,628.14,628.14,628.14,628.14,0.0,2026-03-22 12:10:00
1774181700000,629.72,629.72,629.72,629.72,0.04,2026-03-22 12:15:00
1774182000000,629.72,629.72,629.72,629.72,0.0,2026-03-22 12:20:00
1774182300000,629.72,629.72,629.72,629.72,0.0,2026-03-22 12:25:00
1774182600000,629.72,629.72,629.72,629.72,0.0,2026-03-22 12:30:00
1774182900000,629.72,629.72,629.72,629.72,0.0,2026-03-22 12:35:00
1774183200000,629.72,629.72,629.72,629.72,0.0,2026-03-22 12:40:00
1774183500000,629.72,629.72,629.72,629.72,0.0,2026-03-22 12:45:00
1774183800000,629.72,629.72,629.72,629.72,0.0,2026-03-22 12:50:00
1774184100000,629.72,629.72,629.72,629.72,0.0,2026-03-22 12:55:00
1774184400000,629.72,629.72,629.72,629.72,0.0,2026-03-22 13:00:00
1774184700000,629.72,629.72,629.72,629.72,0.0,2026-03-22 13:05:00
1774185000000,631.72,631.72,631.72,631.72,0.024,2026-03-22 13:10:00
1774185300000,631.72,631.72,631.72,631.72,0.0,2026-03-22 13:15:00
1774185600000,631.2,631.2,631.2,631.2,1.989,2026-03-22 13:20:00
1774185900000,631.2,631.2,631.2,631.2,0.0,2026-03-22 13:25:00
1774186200000,631.2,631.2,631.2,631.2,0.0,2026-03-22 13:30:00
1774186500000,631.2,631.2,631.2,631.2,0.0,2026-03-22 13:35:00
1774186800000,631.2,631.2,631.2,631.2,0.0,2026-03-22 13:40:00
1774187100000,629.29,629.29,629.29,629.29,0.012,2026-03-22 13:45:00
1774187400000,629.29,629.29,629.29,629.29,0.0,2026-03-22 13:50:00
1774187700000,629.87,629.87,629.87,629.87,0.002,2026-03-22 13:55:00
1774188000000,630.29,630.29,629.99,629.99,0.096,2026-03-22 14:00:00
1774188300000,629.99,629.99,629.99,629.99,0.0,2026-03-22 14:05:00
1774188600000,630.36,630.65,630.36,630.65,0.05,2026-03-22 14:10:00
1774188900000,630.65,630.65,630.65,630.65,0.051,2026-03-22 14:15:00
1774189200000,630.65,630.65,630.65,630.65,0.0,2026-03-22 14:20:00
1774189500000,631.06,631.06,631.06,631.06,0.006,2026-03-22 14:25:00
1774189800000,631.08,631.09,630.88,630.9,0.068,2026-03-22 14:30:00
1774190100000,630.96,630.96,630.58,630.58,0.119,2026-03-22 14:35:00
1774190400000,630.58,630.58,630.58,630.58,0.0,2026-03-22 14:40:00
1774190700000,630.77,630.86,630.77,630.86,0.237,2026-03-22 14:45:00
1774191000000,630.86,630.86,630.86,630.86,0.0,2026-03-22 14:50:00
1774191300000,630.86,630.86,630.86,630.86,0.0,2026-03-22 14:55:00
1774191600000,630.6,630.6,630.6,630.6,0.079,2026-03-22 15:00:00
1774191900000,630.6,630.6,630.6,630.6,0.0,2026-03-22 15:05:00
1774192200000,630.6,630.6,630.6,630.6,0.0,2026-03-22 15:10:00
1774192500000,630.6,630.6,630.6,630.6,0.0,2026-03-22 15:15:00
1774192800000,630.6,630.6,630.6,630.6,0.0,2026-03-22 15:20:00
1774193100000,630.98,630.98,630.28,630.28,3.15,2026-03-22 15:25:00
1774193400000,630.28,630.28,630.28,630.28,0.0,2026-03-22 15:30:00
1774193700000,630.28,630.28,630.28,630.28,0.0,2026-03-22 15:35:00
1774194000000,630.28,630.28,630.28,630.28,0.0,2026-03-22 15:40:00
1774194300000,629.78,629.78,629.78,629.78,0.04,2026-03-22 15:45:00
1774194600000,629.78,629.78,629.78,629.78,0.0,2026-03-22 15:50:00
1774194900000,629.61,629.61,629.61,629.61,0.015,2026-03-22 15:55:00
1774195200000,629.61,629.61,629.61,629.61,0.0,2026-03-22 16:00:00
1774195500000,629.61,629.61,629.61,629.61,0.0,2026-03-22 16:05:00
1774195800000,629.61,629.61,629.61,629.61,0.0,2026-03-22 16:10:00
1774196100000,629.99,629.99,629.99,629.99,0.005,2026-03-22 16:15:00
1774196400000,629.99,629.99,629.99,629.99,0.0,2026-03-22 16:20:00
1774196700000,629.99,629.99,629.99,629.99,0.0,2026-03-22 16:25:00
1774197000000,629.88,629.88,629.88,629.88,0.231,2026-03-22 16:30:00
1774197300000,629.88,629.88,629.88,629.88,0.0,2026-03-22 16:35:00
1774197600000,629.88,629.88,629.88,629.88,0.0,2026-03-22 16:40:00
1774197900000,629.88,629.88,629.88,629.88,0.0,2026-03-22 16:45:00
1774198200000,630.54,630.54,630.54,630.54,0.071,2026-03-22 16:50:00
1774198500000,630.54,630.54,630.54,630.54,0.0,2026-03-22 16:55:00
1774198800000,630.48,630.96,630.46,630.96,0.201,2026-03-22 17:00:00
1774199100000,630.96,630.96,630.96,630.96,0.0,2026-03-22 17:05:00
1774199400000,630.96,630.96,630.96,630.96,0.0,2026-03-22 17:10:00
1774199700000,631.62,631.79,631.62,631.65,0.515,2026-03-22 17:15:00
1774200000000,631.65,631.65,631.65,631.65,0.0,2026-03-22 17:20:00
1774200300000,631.65,631.65,631.65,631.65,0.0,2026-03-22 17:25:00
1774200600000,630.77,630.77,630.76,630.76,0.059,2026-03-22 17:30:00
1774200900000,630.76,630.76,630.76,630.76,0.0,2026-03-22 17:35:00
1774201200000,630.76,630.76,630.76,630.76,0.0,2026-03-22 17:40:00
1774201500000,630.76,630.76,630.76,630.76,0.0,2026-03-22 17:45:00
1774201800000,630.76,630.76,630.76,630.76,0.0,2026-03-22 17:50:00
1774202100000,630.76,630.76,630.76,630.76,0.0,2026-03-22 17:55:00
1774202400000,629.59,629.62,629.59,629.61,0.018,2026-03-22 18:00:00
1774202700000,630.25,630.25,630.25,630.25,0.047,2026-03-22 18:05:00
1774203000000,630.25,630.25,630.25,630.25,0.0,2026-03-22 18:10:00
1774203300000,630.31,630.31,630.31,630.31,0.003,2026-03-22 18:15:00
1774203600000,630.31,630.31,630.31,630.31,0.0,2026-03-22 18:20:00
1774203900000,630.31,630.31,630.31,630.31,0.0,2026-03-22 18:25:00
1774204200000,630.31,630.31,630.31,630.31,0.0,2026-03-22 18:30:00
1774204500000,629.68,629.68,628.95,629.17,0.038,2026-03-22 18:35:00
1774204800000,629.17,629.17,629.17,629.17,0.0,2026-03-22 18:40:00
1774205100000,629.17,629.17,629.17,629.17,0.0,2026-03-22 18:45:00
1774205400000,629.59,629.61,629.47,629.47,0.066,2026-03-22 18:50:00
1774205700000,629.47,629.47,629.47,629.47,0.0,2026-03-22 18:55:00
1774206000000,628.98,628.98,628.98,628.98,0.001,2026-03-22 19:00:00
1774206300000,628.37,628.37,628.3,628.3,0.048,2026-03-22 19:05:00
1774206600000,628.37,628.37,628.37,628.37,0.016,2026-03-22 19:10:00
1774206900000,628.37,628.37,628.37,628.37,0.0,2026-03-22 19:15:00
1774207200000,628.37,628.37,628.37,628.37,0.0,2026-03-22 19:20:00
1774207500000,628.37,628.37,628.37,628.37,0.0,2026-03-22 19:25:00
1774207800000,627.19,627.19,627.06,627.06,0.595,2026-03-22 19:30:00
1774208100000,627.06,627.06,627.06,627.06,0.0,2026-03-22 19:35:00
1774208400000,627.06,627.06,627.06,627.06,0.0,2026-03-22 19:40:00
1774208700000,627.06,627.06,627.06,627.06,0.0,2026-03-22 19:45:00
1774209000000,627.06,627.06,627.06,627.06,0.0,2026-03-22 19:50:00
1774209300000,627.06,627.06,627.06,627.06,0.0,2026-03-22 19:55:00
1774209600000,627.06,627.06,627.06,627.06,0.0,2026-03-22 20:00:00
1774209900000,628.32,628.32,628.32,628.32,0.003,2026-03-22 20:05:00
1774210200000,628.32,628.32,628.32,628.32,0.0,2026-03-22 20:10:00
1774210500000,629.29,629.29,629.29,629.29,0.024,2026-03-22 20:15:00
1774210800000,629.29,629.29,629.29,629.29,0.0,2026-03-22 20:20:00
1774211100000,628.86,628.86,628.86,628.86,0.177,2026-03-22 20:25:00
1774211400000,628.86,628.86,628.86,628.86,0.0,2026-03-22 20:30:00
1774211700000,628.81,628.81,628.81,628.81,0.007,2026-03-22 20:35:00
1774212000000,629.21,629.21,629.21,629.21,0.008,2026-03-22 20:40:00
1774212300000,629.14,629.14,629.14,629.14,0.016,2026-03-22 20:45:00
1774212600000,627.77,627.77,627.77,627.77,0.019,2026-03-22 20:50:00
1774212900000,628.08,628.08,628.08,628.08,0.034,2026-03-22 20:55:00
1774213200000,628.03,628.03,628.03,628.03,0.007,2026-03-22 21:00:00
1774213500000,623.76,625.72,623.76,625.72,0.199,2026-03-22 21:05:00
1774213800000,624.54,624.54,624.26,624.26,2.606,2026-03-22 21:10:00
1774214100000,622.84,622.84,622.65,622.65,0.526,2026-03-22 21:15:00
1774214400000,622.64,622.64,622.61,622.61,0.245,2026-03-22 21:20:00
1774214700000,622.61,622.61,622.61,622.61,0.0,2026-03-22 21:25:00
1774215000000,622.61,622.61,622.61,622.61,0.0,2026-03-22 21:30:00
1774215300000,622.61,622.61,622.61,622.61,0.0,2026-03-22 21:35:00
1774215600000,625.7,625.7,625.7,625.7,0.164,2026-03-22 21:40:00
1774215900000,625.14,625.14,625.14,625.14,0.399,2026-03-22 21:45:00
1774216200000,625.86,625.86,625.86,625.86,0.016,2026-03-22 21:50:00
1774216500000,625.86,625.86,625.86,625.86,0.0,2026-03-22 21:55:00
1774216800000,625.86,625.86,625.86,625.86,0.0,2026-03-22 22:00:00
1774217100000,625.86,625.86,625.86,625.86,0.0,2026-03-22 22:05:00
1774217400000,625.86,625.86,625.86,625.86,0.0,2026-03-22 22:10:00
1774217700000,626.79,626.79,626.79,626.79,0.017,2026-03-22 22:15:00
1774218000000,626.79,626.79,626.79,626.79,0.0,2026-03-22 22:20:00
1774218300000,626.79,626.79,626.79,626.79,0.0,2026-03-22 22:25:00
1774218600000,629.03,629.45,629.03,629.45,0.108,2026-03-22 22:30:00
1774218900000,629.45,629.45,629.45,629.45,0.0,2026-03-22 22:35:00
1774219200000,628.84,628.84,628.84,628.84,0.007,2026-03-22 22:40:00
1774219500000,629.26,629.28,629.26,629.28,0.015,2026-03-22 22:45:00
1774219800000,629.28,629.28,629.28,629.28,0.0,2026-03-22 22:50:00
1774220100000,630.04,630.04,630.04,630.04,0.01,2026-03-22 22:55:00
1774220400000,630.04,630.04,630.04,630.04,0.0,2026-03-22 23:00:00
1774220700000,630.04,630.04,630.04,630.04,0.0,2026-03-22 23:05:00
1774221000000,630.04,630.04,630.04,630.04,0.044,2026-03-22 23:10:00
1774221300000,630.53,630.53,630.53,630.53,0.015,2026-03-22 23:15:00
1774221600000,630.53,630.53,630.53,630.53,0.0,2026-03-22 23:20:00
1774221900000,630.53,630.53,630.53,630.53,0.0,2026-03-22 23:25:00
1774222200000,630.53,630.53,630.53,630.53,0.0,2026-03-22 23:30:00
1774222500000,630.53,630.53,630.53,630.53,0.0,2026-03-22 23:35:00
1774222800000,627.86,627.86,627.83,627.84,1.601,2026-03-22 23:40:00
1774223100000,627.89,627.89,627.89,627.89,0.008,2026-03-22 23:45:00
1774223400000,627.89,627.89,627.89,627.89,0.0,2026-03-22 23:50:00
1774223700000,627.89,627.89,627.89,627.89,0.0,2026-03-22 23:55:00
1774224000000,627.89,627.89,627.89,627.89,0.0,2026-03-23 00:00:00
1774224300000,628.33,628.33,628.33,628.33,0.006,2026-03-23 00:05:00
1774224600000,627.65,627.65,627.65,627.65,1.432,2026-03-23 00:10:00
1774224900000,626.4,626.73,626.4,626.73,0.172,2026-03-23 00:15:00
1774225200000,626.36,626.36,626.2,626.2,0.171,2026-03-23 00:20:00
1774225500000,626.93,627.3,626.93,627.17,0.111,2026-03-23 00:25:00
1774225800000,626.2,626.2,625.06,625.06,0.009,2026-03-23 00:30:00
1774226100000,624.62,624.62,622.09,622.09,0.325,2026-03-23 00:35:00
1774226400000,623.7,623.7,623.7,623.7,0.354,2026-03-23 00:40:00
1774226700000,623.7,623.7,623.7,623.7,0.0,2026-03-23 00:45:00
1774227000000,623.7,623.7,623.7,623.7,0.0,2026-03-23 00:50:00
1774227300000,623.7,623.7,623.7,623.7,0.0,2026-03-23 00:55:00
1774227600000,624.34,624.34,624.34,624.34,0.002,2026-03-23 01:00:00
1774227900000,625.83,625.87,625.52,625.84,0.095,2026-03-23 01:05:00
1774228200000,625.84,625.84,625.84,625.84,0.0,2026-03-23 01:10:00
1774228500000,626.13,626.13,626.13,626.13,0.04,2026-03-23 01:15:00
1774228800000,627.11,627.11,627.11,627.11,0.019,2026-03-23 01:20:00
1774229100000,627.11,627.11,627.11,627.11,0.0,2026-03-23 01:25:00
1774229400000,627.11,627.11,627.11,627.11,0.0,2026-03-23 01:30:00
1774229700000,627.11,627.11,627.11,627.11,0.0,2026-03-23 01:35:00
1774230000000,627.11,627.11,627.11,627.11,0.0,2026-03-23 01:40:00
1774230300000,627.34,628.13,626.66,626.66,0.265,2026-03-23 01:45:00
1774230600000,626.89,626.89,626.57,626.57,0.048,2026-03-23 01:50:00
1774230900000,626.57,626.57,626.57,626.57,0.0,2026-03-23 01:55:00
1774231200000,626.99,626.99,626.33,626.33,0.038,2026-03-23 02:00:00
1774231500000,626.33,626.33,626.33,626.33,0.0,2026-03-23 02:05:00
1774231800000,626.55,626.55,626.55,626.55,0.794,2026-03-23 02:10:00
1774232100000,626.55,626.55,626.55,626.55,0.0,2026-03-23 02:15:00
1774232400000,627.87,628.72,627.41,627.41,0.218,2026-03-23 02:20:00
1774232700000,627.41,627.41,627.41,627.41,0.0,2026-03-23 02:25:00
1774233000000,627.41,627.41,627.41,627.41,0.0,2026-03-23 02:30:00
1774233300000,627.41,627.41,627.41,627.41,0.0,2026-03-23 02:35:00
1774233600000,627.41,627.41,627.41,627.41,0.0,2026-03-23 02:40:00
1774233900000,627.41,627.41,627.41,627.41,0.0,2026-03-23 02:45:00
1774234200000,628.59,628.59,628.59,628.59,0.03,2026-03-23 02:50:00
1774234500000,627.8,627.8,627.8,627.8,0.013,2026-03-23 02:55:00
1774234800000,630.26,630.26,630.26,630.26,0.005,2026-03-23 03:00:00
1774235100000,630.26,630.26,630.26,630.26,0.0,2026-03-23 03:05:00
1774235400000,629.42,629.42,629.41,629.41,0.085,2026-03-23 03:10:00
1774235700000,629.41,629.41,629.41,629.41,0.0,2026-03-23 03:15:00
1774236000000,628.42,628.42,628.28,628.28,0.043,2026-03-23 03:20:00
1774236300000,628.28,628.28,628.28,628.28,0.0,2026-03-23 03:25:00
1774236600000,628.28,628.28,628.28,628.28,0.0,2026-03-23 03:30:00
1774236900000,628.28,628.28,628.28,628.28,0.0,2026-03-23 03:35:00
1774237200000,628.28,628.28,628.28,628.28,0.0,2026-03-23 03:40:00
1774237500000,626.85,627.68,626.85,627.24,1.054,2026-03-23 03:45:00
1774237800000,627.48,627.48,627.48,627.48,0.061,2026-03-23 03:50:00
1774238100000,627.07,627.07,627.07,627.07,0.024,2026-03-23 03:55:00
1774238400000,626.83,626.83,626.83,626.83,0.012,2026-03-23 04:00:00
1774238700000,627.33,627.33,626.85,626.85,0.056,2026-03-23 04:05:00
1774239000000,627.26,627.26,627.26,627.26,0.026,2026-03-23 04:10:00
1774239300000,627.26,627.26,627.26,627.26,0.0,2026-03-23 04:15:00
1774239600000,627.45,627.45,627.45,627.45,0.007,2026-03-23 04:20:00
1774239900000,627.45,627.45,627.45,627.45,0.0,2026-03-23 04:25:00
1774240200000,627.0,627.0,626.97,626.97,0.189,2026-03-23 04:30:00
1774240500000,628.44,628.44,628.44,628.44,0.032,2026-03-23 04:35:00
1774240800000,628.44,628.44,628.44,628.44,0.0,2026-03-23 04:40:00
1774241100000,627.83,627.86,627.83,627.86,0.219,2026-03-23 04:45:00
1774241400000,628.4,628.4,628.4,628.4,0.014,2026-03-23 04:50:00
1774241700000,629.7,629.7,629.7,629.7,0.008,2026-03-23 04:55:00
1774242000000,629.7,629.7,629.7,629.7,0.0,2026-03-23 05:00:00
1774242300000,631.18,631.18,631.18,631.18,0.008,2026-03-23 05:05:00
1774242600000,631.03,631.03,631.03,631.03,0.079,2026-03-23 05:10:00
1774242900000,631.03,631.03,631.03,631.03,0.0,2026-03-23 05:15:00
1774243200000,631.03,631.03,631.03,631.03,0.0,2026-03-23 05:20:00
1774243500000,631.03,631.03,631.03,631.03,0.0,2026-03-23 05:25:00
1774243800000,631.03,631.03,631.03,631.03,0.0,2026-03-23 05:30:00
1774244100000,631.03,631.03,631.03,631.03,0.0,2026-03-23 05:35:00
1774244400000,631.03,631.03,631.03,631.03,0.0,2026-03-23 05:40:00
1774244700000,631.03,631.03,631.03,631.03,0.0,2026-03-23 05:45:00
1774245000000,630.43,630.43,630.43,630.43,1.11,2026-03-23 05:50:00
1774245300000,630.43,630.43,630.43,630.43,0.0,2026-03-23 05:55:00
1774245600000,630.43,630.43,630.43,630.43,0.0,2026-03-23 06:00:00
1774245900000,630.43,630.43,630.43,630.43,0.0,2026-03-23 06:05:00
1774246200000,630.43,630.43,630.43,630.43,0.0,2026-03-23 06:10:00
1774246500000,629.4,629.4,628.78,628.78,0.023,2026-03-23 06:15:00
1774246800000,628.78,628.78,628.78,628.78,0.0,2026-03-23 06:20:00
1774247100000,628.78,628.78,628.78,628.78,0.0,2026-03-23 06:25:00
1774247400000,628.47,628.47,627.74,627.74,0.355,2026-03-23 06:30:00
1774247700000,627.21,627.21,626.13,626.13,0.111,2026-03-23 06:35:00
1774248000000,625.45,625.45,625.45,625.45,0.007,2026-03-23 06:40:00
1774248300000,622.05,622.48,621.72,622.48,1.089,2026-03-23 06:45:00
1774248600000,622.48,622.48,622.48,622.48,0.0,2026-03-23 06:50:00
1774248900000,622.48,622.48,622.48,622.48,0.0,2026-03-23 06:55:00
1774249200000,622.44,622.44,622.44,622.44,0.003,2026-03-23 07:00:00
1774249500000,621.54,621.54,620.88,620.88,0.29,2026-03-23 07:05:00
1774249800000,622.49,622.59,622.49,622.59,0.337,2026-03-23 07:10:00
1774250100000,622.46,622.89,622.46,622.88,0.091,2026-03-23 07:15:00
1774250400000,622.88,622.88,622.88,622.88,0.0,2026-03-23 07:20:00
1774250700000,620.79,620.79,620.79,620.79,0.04,2026-03-23 07:25:00
1774251000000,620.79,620.79,620.79,620.79,0.0,2026-03-23 07:30:00
1774251300000,620.79,620.79,620.79,620.79,0.0,2026-03-23 07:35:00
1774251600000,625.31,625.31,625.31,625.31,0.014,2026-03-23 07:40:00
1774251900000,625.31,625.31,625.31,625.31,0.0,2026-03-23 07:45:00
1774252200000,625.15,625.15,625.0,625.0,0.681,2026-03-23 07:50:00
1774252500000,625.0,625.0,625.0,625.0,0.0,2026-03-23 07:55:00
1774252800000,625.0,625.0,625.0,625.0,0.0,2026-03-23 08:00:00
1774253100000,625.0,625.0,625.0,625.0,0.027,2026-03-23 08:05:00
1774253400000,625.0,625.0,625.0,625.0,0.0,2026-03-23 08:10:00
1774253700000,625.0,625.0,625.0,625.0,0.0,2026-03-23 08:15:00
1774254000000,625.19,625.2,625.19,625.2,0.213,2026-03-23 08:20:00
1774254300000,625.2,625.2,625.2,625.2,0.0,2026-03-23 08:25:00
1774254600000,625.2,625.2,625.2,625.2,0.0,2026-03-23 08:30:00
1774254900000,625.2,625.2,625.2,625.2,0.0,2026-03-23 08:35:00
1774255200000,625.2,625.2,625.2,625.2,0.0,2026-03-23 08:40:00
1774255500000,625.2,625.2,625.2,625.2,0.0,2026-03-23 08:45:00
1774255800000,624.75,624.75,624.75,624.75,0.1,2026-03-23 08:50:00
1774256100000,624.75,624.75,624.75,624.75,0.0,2026-03-23 08:55:00
1774256400000,624.75,624.75,624.75,624.75,0.0,2026-03-23 09:00:00
1774256700000,624.75,624.75,624.75,624.75,0.0,2026-03-23 09:05:00
1774257000000,624.75,624.75,624.75,624.75,0.0,2026-03-23 09:10:00
1774257300000,624.75,624.75,624.75,624.75,0.0,2026-03-23 09:15:00
1774257600000,624.61,624.61,624.6,624.6,1.119,2026-03-23 09:20:00
1774257900000,624.6,624.6,624.6,624.6,0.0,2026-03-23 09:25:00
1774258200000,624.6,624.6,624.6,624.6,0.0,2026-03-23 09:30:00
1774258500000,624.6,624.6,624.6,624.6,0.0,2026-03-23 09:35:00
1774258800000,624.6,624.6,624.6,624.6,0.0,2026-03-23 09:40:00
1774259100000,624.6,624.6,624.6,624.6,0.0,2026-03-23 09:45:00
1774259400000,624.6,624.6,624.6,624.6,0.0,2026-03-23 09:50:00
1774259700000,625.19,625.19,625.19,625.19,0.1,2026-03-23 09:55:00
1774260000000,625.19,625.19,625.19,625.19,0.0,2026-03-23 10:00:00
1774260300000,626.72,628.01,626.72,628.01,0.016,2026-03-23 10:05:00
1774260600000,628.01,628.01,628.01,628.01,0.0,2026-03-23 10:10:00
1774260900000,628.01,628.01,628.01,628.01,0.0,2026-03-23 10:15:00
1774261200000,626.37,626.37,626.29,626.29,2.546,2026-03-23 10:20:00
1774261500000,626.29,626.29,626.29,626.29,0.0,2026-03-23 10:25:00
1774261800000,626.29,626.29,626.29,626.29,0.0,2026-03-23 10:30:00
1774262100000,626.29,626.29,626.29,626.29,0.0,2026-03-23 10:35:00
1774262400000,626.29,626.29,626.29,626.29,0.0,2026-03-23 10:40:00
1774262700000,626.29,626.29,626.29,626.29,0.0,2026-03-23 10:45:00
1774263000000,626.29,626.29,626.29,626.29,0.0,2026-03-23 10:50:00
1774263300000,626.29,626.29,626.29,626.29,0.0,2026-03-23 10:55:00
1774263600000,626.29,626.29,626.29,626.29,0.0,2026-03-23 11:00:00
1774263900000,638.23,648.04,637.26,637.29,1.791,2026-03-23 11:05:00
1774264200000,644.35,650.0,644.35,644.39,1.152,2026-03-23 11:10:00
1774264500000,649.73,649.73,647.35,647.35,0.027,2026-03-23 11:15:00
1774264800000,648.19,648.76,643.67,643.67,0.887,2026-03-23 11:20:00
1774265100000,644.93,644.93,644.7,644.7,0.078,2026-03-23 11:25:00
1774265400000,648.12,648.12,648.12,648.12,0.008,2026-03-23 11:30:00
1774265700000,643.85,643.85,643.85,643.85,0.013,2026-03-23 11:35:00
1774266000000,643.85,643.85,643.85,643.85,0.0,2026-03-23 11:40:00
1774266300000,640.0,640.0,640.0,640.0,0.038,2026-03-23 11:45:00
1774266600000,640.0,640.0,640.0,640.0,0.0,2026-03-23 11:50:00
1774266900000,638.85,638.85,638.85,638.85,0.002,2026-03-23 11:55:00
1774267200000,637.17,638.93,637.17,638.93,0.079,2026-03-23 12:00:00
1774267500000,638.93,638.93,638.93,638.93,0.0,2026-03-23 12:05:00
1774267800000,638.93,638.93,638.93,638.93,0.0,2026-03-23 12:10:00
1774268100000,640.87,641.45,640.87,641.45,0.047,2026-03-23 12:15:00
1774268400000,641.45,641.45,641.45,641.45,0.0,2026-03-23 12:20:00
1774268700000,641.58,641.58,641.58,641.58,0.008,2026-03-23 12:25:00
1774269000000,641.58,641.58,641.58,641.58,0.0,2026-03-23 12:30:00
1774269300000,641.58,641.58,641.58,641.58,0.0,2026-03-23 12:35:00
1774269600000,641.58,641.58,641.58,641.58,0.0,2026-03-23 12:40:00
1774269900000,641.58,641.58,641.58,641.58,0.0,2026-03-23 12:45:00
1774270200000,641.58,641.58,641.58,641.58,0.0,2026-03-23 12:50:00
1774270500000,644.88,644.88,644.88,644.88,0.03,2026-03-23 12:55:00
1774270800000,644.88,644.88,644.88,644.88,0.0,2026-03-23 13:00:00
1774271100000,644.88,644.88,644.88,644.88,0.0,2026-03-23 13:05:00
1774271400000,645.09,645.31,645.09,645.31,0.03,2026-03-23 13:10:00
1774271700000,645.31,645.31,645.31,645.31,0.0,2026-03-23 13:15:00
1774272000000,645.29,645.29,645.29,645.29,0.088,2026-03-23 13:20:00
1774272300000,645.29,645.29,645.29,645.29,0.0,2026-03-23 13:25:00
1774272600000,645.29,645.29,645.29,645.29,0.0,2026-03-23 13:30:00
1774272900000,644.56,644.56,644.56,644.56,0.509,2026-03-23 13:35:00
1774273200000,646.5,646.5,646.5,646.5,0.019,2026-03-23 13:40:00
1774273500000,646.42,646.52,646.42,646.52,0.154,2026-03-23 13:45:00
1774273800000,648.38,649.5,648.13,649.5,0.159,2026-03-23 13:50:00
1774274100000,647.27,647.27,647.2,647.2,0.016,2026-03-23 13:55:00
1774274400000,647.2,647.2,647.2,647.2,0.0,2026-03-23 14:00:00
1774274700000,646.95,649.44,646.95,649.44,1.54,2026-03-23 14:05:00
1774275000000,649.22,649.22,648.11,648.25,0.018,2026-03-23 14:10:00
1774275300000,648.1,648.7,648.01,648.41,0.194,2026-03-23 14:15:00
1774275600000,648.41,648.41,648.41,648.41,0.0,2026-03-23 14:20:00
1774275900000,648.41,648.41,648.41,648.41,0.0,2026-03-23 14:25:00
1774276200000,647.01,647.01,647.01,647.01,0.231,2026-03-23 14:30:00
1774276500000,647.01,647.01,647.01,647.01,0.0,2026-03-23 14:35:00
1774276800000,645.89,647.25,645.89,647.25,0.182,2026-03-23 14:40:00
1774277100000,645.25,645.25,645.25,645.25,0.031,2026-03-23 14:45:00
1774277400000,644.94,644.94,644.94,644.94,0.009,2026-03-23 14:50:00
1774277700000,644.94,644.94,644.94,644.94,0.0,2026-03-23 14:55:00
1774278000000,644.94,644.94,644.94,644.94,0.0,2026-03-23 15:00:00
1774278300000,644.94,644.94,644.94,644.94,0.0,2026-03-23 15:05:00
1774278600000,646.1,646.1,646.1,646.1,0.007,2026-03-23 15:10:00
1774278900000,644.4,644.4,644.4,644.4,0.005,2026-03-23 15:15:00
1774279200000,643.51,643.51,642.74,643.06,1.575,2026-03-23 15:20:00
1774279500000,643.65,643.86,643.65,643.86,0.168,2026-03-23 15:25:00
1774279800000,643.0,643.0,642.96,642.96,0.345,2026-03-23 15:30:00
1774280100000,641.97,641.97,640.6,640.6,0.168,2026-03-23 15:35:00
1774280400000,643.25,643.25,639.94,639.94,0.084,2026-03-23 15:40:00
1774280700000,639.14,639.14,639.14,639.14,0.016,2026-03-23 15:45:00
1774281000000,638.53,638.53,636.22,636.22,0.03,2026-03-23 15:50:00
1774281300000,637.74,638.41,637.74,638.28,0.953,2026-03-23 15:55:00
1774281600000,638.28,638.28,638.28,638.28,0.0,2026-03-23 16:00:00
1774281900000,637.77,637.77,637.77,637.77,0.034,2026-03-23 16:05:00
1774282200000,638.24,638.24,638.24,638.24,0.027,2026-03-23 16:10:00
1774282500000,639.21,639.21,639.21,639.21,0.005,2026-03-23 16:15:00
1774282800000,636.12,636.12,636.12,636.12,1.131,2026-03-23 16:20:00
1774283100000,636.12,636.12,636.12,636.12,0.0,2026-03-23 16:25:00
1774283400000,636.12,636.12,636.12,636.12,0.0,2026-03-23 16:30:00
1774283700000,636.12,636.12,636.12,636.12,0.0,2026-03-23 16:35:00
1774284000000,636.12,636.12,636.12,636.12,0.0,2026-03-23 16:40:00
1774284300000,636.8,636.8,636.8,636.8,0.066,2026-03-23 16:45:00
1774284600000,636.03,636.03,636.03,636.03,0.003,2026-03-23 16:50:00
1774284900000,635.44,635.44,635.44,635.44,0.004,2026-03-23 16:55:00
1774285200000,635.44,635.44,635.44,635.44,0.0,2026-03-23 17:00:00
1774285500000,635.44,635.44,635.44,635.44,0.0,2026-03-23 17:05:00
1774285800000,635.44,635.44,635.41,635.41,1.177,2026-03-23 17:10:00
1774286100000,635.46,635.46,635.46,635.46,0.823,2026-03-23 17:15:00
1774286400000,633.25,633.25,632.97,632.97,0.066,2026-03-23 17:20:00
1774286700000,632.99,632.99,632.96,632.96,1.726,2026-03-23 17:25:00
1774287000000,633.71,635.37,633.71,635.37,1.311,2026-03-23 17:30:00
1774287300000,635.37,635.37,635.37,635.37,0.0,2026-03-23 17:35:00
1774287600000,635.37,635.37,635.37,635.37,0.0,2026-03-23 17:40:00
1774287900000,636.69,637.74,636.69,637.74,0.784,2026-03-23 17:45:00
1774288200000,637.26,637.26,637.26,637.26,0.009,2026-03-23 17:50:00
1774288500000,637.26,637.26,637.26,637.26,0.0,2026-03-23 17:55:00
1774288800000,637.78,638.2,637.78,638.2,0.271,2026-03-23 18:00:00
1774289100000,637.68,637.68,637.68,637.68,0.02,2026-03-23 18:05:00
1774289400000,637.68,637.68,637.68,637.68,0.0,2026-03-23 18:10:00
1774289700000,637.68,637.68,637.68,637.68,0.0,2026-03-23 18:15:00
1774290000000,637.68,637.68,637.68,637.68,0.0,2026-03-23 18:20:00
1774290300000,637.68,637.68,637.68,637.68,0.0,2026-03-23 18:25:00
1774290600000,637.68,637.68,637.68,637.68,0.046,2026-03-23 18:30:00
1774290900000,639.03,639.68,638.9,639.68,5.318,2026-03-23 18:35:00
1774291200000,639.68,639.68,639.68,639.68,0.0,2026-03-23 18:40:00
1774291500000,638.48,639.14,638.48,639.14,0.023,2026-03-23 18:45:00
1774291800000,639.14,639.14,639.14,639.14,0.0,2026-03-23 18:50:00
1774292100000,639.14,639.14,639.14,639.14,0.0,2026-03-23 18:55:00
1774292400000,639.14,639.14,639.14,639.14,0.0,2026-03-23 19:00:00
1774292700000,639.14,639.14,639.14,639.14,0.0,2026-03-23 19:05:00
1774293000000,639.24,639.24,639.24,639.24,0.008,2026-03-23 19:10:00
1774293300000,639.24,639.24,639.24,639.24,0.0,2026-03-23 19:15:00
1774293600000,638.65,638.65,638.65,638.65,2.348,2026-03-23 19:20:00
1774293900000,638.75,638.75,638.75,638.75,0.009,2026-03-23 19:25:00
1774294200000,639.25,639.25,639.25,639.25,0.031,2026-03-23 19:30:00
1774294500000,639.06,639.06,639.06,639.06,0.217,2026-03-23 19:35:00
1774294800000,639.06,639.06,639.06,639.06,0.0,2026-03-23 19:40:00
1774295100000,639.06,639.06,639.06,639.06,0.0,2026-03-23 19:45:00
1774295400000,638.51,638.51,638.51,638.51,0.001,2026-03-23 19:50:00
1774295700000,638.15,638.15,637.82,637.82,0.008,2026-03-23 19:55:00
1774296000000,637.82,637.82,637.82,637.82,0.0,2026-03-23 20:00:00
1774296300000,637.82,637.82,637.82,637.82,0.0,2026-03-23 20:05:00
1774296600000,638.26,638.26,637.96,637.96,0.026,2026-03-23 20:10:00
1774296900000,637.96,637.96,637.96,637.96,0.0,2026-03-23 20:15:00
1774297200000,638.19,638.19,638.19,638.19,0.1,2026-03-23 20:20:00
1774297500000,638.19,638.19,638.19,638.19,0.0,2026-03-23 20:25:00
1774297800000,638.19,638.19,638.19,638.19,0.0,2026-03-23 20:30:00
1774298100000,638.19,638.19,638.19,638.19,0.0,2026-03-23 20:35:00
1774298400000,638.19,638.19,638.19,638.19,0.0,2026-03-23 20:40:00
1774298700000,638.19,638.19,638.19,638.19,0.0,2026-03-23 20:45:00
1774299000000,638.19,638.19,638.19,638.19,0.0,2026-03-23 20:50:00
1774299300000,638.19,638.19,638.19,638.19,0.0,2026-03-23 20:55:00
1774299600000,639.46,639.46,639.46,639.46,0.049,2026-03-23 21:00:00
1774299900000,639.89,639.98,639.86,639.86,0.171,2026-03-23 21:05:00
1774300200000,639.86,639.86,639.38,639.38,0.205,2026-03-23 21:10:00
1774300500000,639.38,639.38,639.38,639.38,0.0,2026-03-23 21:15:00
1774300800000,639.77,639.77,639.55,639.55,0.03,2026-03-23 21:20:00
1774301100000,639.91,639.91,639.46,639.46,0.059,2026-03-23 21:25:00
1774301400000,639.46,639.46,639.46,639.46,0.0,2026-03-23 21:30:00
1774301700000,640.76,640.76,640.76,640.76,0.131,2026-03-23 21:35:00
1774302000000,640.72,640.72,640.72,640.72,0.014,2026-03-23 21:40:00
1774302300000,640.72,640.72,640.72,640.72,0.0,2026-03-23 21:45:00
1774302600000,640.72,640.72,640.72,640.72,0.0,2026-03-23 21:50:00
1774302900000,640.56,641.06,640.41,640.41,2.474,2026-03-23 21:55:00
1774303200000,640.41,640.41,640.41,640.41,0.0,2026-03-23 22:00:00
1774303500000,640.41,640.41,640.41,640.41,0.0,2026-03-23 22:05:00
1774303800000,640.41,640.41,640.41,640.41,0.0,2026-03-23 22:10:00
1774304100000,640.41,640.41,640.41,640.41,0.0,2026-03-23 22:15:00
1774304400000,640.41,640.41,640.41,640.41,0.0,2026-03-23 22:20:00
1774304700000,640.41,640.41,640.41,640.41,0.0,2026-03-23 22:25:00
1774305000000,640.41,640.41,640.41,640.41,0.0,2026-03-23 22:30:00
1774305300000,637.98,638.01,637.98,638.01,0.019,2026-03-23 22:35:00
1774305600000,638.01,638.01,638.01,638.01,0.0,2026-03-23 22:40:00
1774305900000,638.01,638.01,638.01,638.01,0.0,2026-03-23 22:45:00
1774306200000,638.01,638.01,638.01,638.01,0.0,2026-03-23 22:50:00
1774306500000,638.01,638.01,638.01,638.01,0.0,2026-03-23 22:55:00
1774306800000,638.72,638.72,638.72,638.72,0.025,2026-03-23 23:00:00
1774307100000,638.72,638.72,638.72,638.72,0.0,2026-03-23 23:05:00
1774307400000,637.15,637.15,636.99,637.01,0.367,2026-03-23 23:10:00
1774307700000,637.01,637.01,637.01,637.01,0.0,2026-03-23 23:15:00
1774308000000,637.01,637.01,637.01,637.01,0.0,2026-03-23 23:20:00
1774308300000,637.01,637.01,637.01,637.01,0.0,2026-03-23 23:25:00
1774308600000,637.01,637.01,637.01,637.01,0.0,2026-03-23 23:30:00
1774308900000,637.01,637.01,637.01,637.01,0.0,2026-03-23 23:35:00
1774309200000,637.01,637.01,637.01,637.01,0.0,2026-03-23 23:40:00
1774309500000,637.01,637.01,637.01,637.01,0.0,2026-03-23 23:45:00
1774309800000,637.01,637.01,637.01,637.01,0.0,2026-03-23 23:50:00
1774310100000,639.14,639.23,639.14,639.23,0.011,2026-03-23 23:55:00
1774310400000,639.31,640.81,639.31,640.81,0.118,2026-03-24 00:00:00
1774310700000,640.81,640.81,640.81,640.81,0.0,2026-03-24 00:05:00
1774311000000,640.81,640.81,640.81,640.81,0.0,2026-03-24 00:10:00
1774311300000,637.49,637.49,637.49,637.49,0.002,2026-03-24 00:15:00
1774311600000,637.24,638.22,637.14,637.87,0.169,2026-03-24 00:20:00
1774311900000,637.91,637.91,637.19,637.19,0.008,2026-03-24 00:25:00
1774312200000,636.82,636.82,636.49,636.49,0.009,2026-03-24 00:30:00
1774312500000,636.81,637.05,636.81,637.05,0.006,2026-03-24 00:35:00
1774312800000,637.06,637.06,636.26,636.26,0.059,2026-03-24 00:40:00
1774313100000,636.26,636.26,636.26,636.26,0.0,2026-03-24 00:45:00
1774313400000,637.89,637.89,637.89,637.89,0.1,2026-03-24 00:50:00
1774313700000,637.89,637.89,637.89,637.89,0.0,2026-03-24 00:55:00
1774314000000,637.89,637.89,637.89,637.89,0.0,2026-03-24 01:00:00
1774314300000,637.89,637.89,637.89,637.89,0.0,2026-03-24 01:05:00
1774314600000,636.15,636.15,636.15,636.15,3.65,2026-03-24 01:10:00
1774314900000,636.15,636.15,636.15,636.15,0.0,2026-03-24 01:15:00
1774315200000,636.15,636.15,636.15,636.15,0.0,2026-03-24 01:20:00
1774315500000,636.31,636.31,636.31,636.31,0.078,2026-03-24 01:25:00
1774315800000,636.31,636.31,636.31,636.31,0.0,2026-03-24 01:30:00
1774316100000,636.31,636.31,636.31,636.31,0.0,2026-03-24 01:35:00
1774316400000,632.85,632.85,632.85,632.85,1.581,2026-03-24 01:40:00
1774316700000,632.85,632.85,632.85,632.85,0.0,2026-03-24 01:45:00
1774317000000,632.85,632.85,632.85,632.85,0.0,2026-03-24 01:50:00
1774317300000,632.85,632.85,632.85,632.85,0.0,2026-03-24 01:55:00
1774317600000,633.81,633.81,633.81,633.81,0.063,2026-03-24 02:00:00
1774317900000,634.32,634.32,634.32,634.32,0.031,2026-03-24 02:05:00
1774318200000,632.79,632.79,632.79,632.79,0.106,2026-03-24 02:10:00
1774318500000,632.72,632.72,632.72,632.72,0.005,2026-03-24 02:15:00
1774318800000,632.72,632.72,632.72,632.72,0.0,2026-03-24 02:20:00
1774319100000,632.61,632.65,632.61,632.65,0.024,2026-03-24 02:25:00
1774319400000,632.65,632.65,632.65,632.65,0.0,2026-03-24 02:30:00
1774319700000,632.65,632.65,632.65,632.65,0.0,2026-03-24 02:35:00
1774320000000,632.65,632.65,632.65,632.65,0.0,2026-03-24 02:40:00
1774320300000,633.79,633.79,633.79,633.79,0.008,2026-03-24 02:45:00
1774320600000,633.79,633.79,633.79,633.79,0.0,2026-03-24 02:50:00
1774320900000,632.8,632.8,632.8,632.8,0.001,2026-03-24 02:55:00
1774321200000,632.82,632.82,632.82,632.82,0.005,2026-03-24 03:00:00
1774321500000,632.82,632.82,632.82,632.82,0.0,2026-03-24 03:05:00
1774321800000,632.61,632.61,632.61,632.61,0.013,2026-03-24 03:10:00
1774322100000,633.07,633.07,633.07,633.07,0.047,2026-03-24 03:15:00
1774322400000,633.07,633.07,633.07,633.07,0.0,2026-03-24 03:20:00
1774322700000,633.07,633.07,633.07,633.07,0.0,2026-03-24 03:25:00
1774323000000,633.07,633.07,633.07,633.07,0.0,2026-03-24 03:30:00
1774323300000,633.07,633.07,633.07,633.07,0.0,2026-03-24 03:35:00
1774323600000,633.07,633.07,633.07,633.07,0.0,2026-03-24 03:40:00
1774323900000,633.07,633.07,633.07,633.07,0.0,2026-03-24 03:45:00
1774324200000,633.07,633.07,633.07,633.07,0.0,2026-03-24 03:50:00
1774324500000,633.07,633.07,633.07,633.07,0.0,2026-03-24 03:55:00
1774324800000,632.68,632.68,632.68,632.68,0.055,2026-03-24 04:00:00
1774325100000,632.68,632.68,632.68,632.68,0.0,2026-03-24 04:05:00
1774325400000,632.87,632.87,632.87,632.87,0.008,2026-03-24 04:10:00
1774325700000,632.87,632.87,632.87,632.87,0.0,2026-03-24 04:15:00
1774326000000,632.87,632.87,632.87,632.87,0.0,2026-03-24 04:20:00
1774326300000,631.4,631.4,630.71,630.71,0.746,2026-03-24 04:25:00
1774326600000,630.67,630.67,629.26,629.26,0.06,2026-03-24 04:30:00
1774326900000,629.26,629.26,629.26,629.26,0.0,2026-03-24 04:35:00
1774327200000,629.26,629.26,629.26,629.26,0.0,2026-03-24 04:40:00
1774327500000,629.26,629.26,629.26,629.26,0.0,2026-03-24 04:45:00
1774327800000,629.27,629.27,629.27,629.27,0.238,2026-03-24 04:50:00
1774328100000,629.27,629.27,629.27,629.27,0.0,2026-03-24 04:55:00
1774328400000,629.22,629.22,629.04,629.04,0.134,2026-03-24 05:00:00
1774328700000,627.92,627.92,627.92,627.92,0.008,2026-03-24 05:05:00
1774329000000,627.92,627.92,627.92,627.92,0.0,2026-03-24 05:10:00
1774329300000,629.15,629.15,629.15,629.15,0.002,2026-03-24 05:15:00
1774329600000,627.71,628.04,627.69,628.04,0.041,2026-03-24 05:20:00
1774329900000,628.37,628.37,628.37,628.37,0.005,2026-03-24 05:25:00
1774330200000,628.37,628.37,628.37,628.37,0.0,2026-03-24 05:30:00
1774330500000,628.37,628.37,628.37,628.37,0.0,2026-03-24 05:35:00
1774330800000,628.86,628.86,628.86,628.86,0.179,2026-03-24 05:40:00
1774331100000,628.86,628.86,628.86,628.86,0.0,2026-03-24 05:45:00
1774331400000,628.86,628.86,628.86,628.86,0.0,2026-03-24 05:50:00
1774331700000,628.86,628.86,628.86,628.86,0.0,2026-03-24 05:55:00
1774332000000,628.86,628.86,628.86,628.86,0.0,2026-03-24 06:00:00
1774332300000,628.86,628.86,628.86,628.86,0.0,2026-03-24 06:05:00
1774332600000,628.86,628.86,628.86,628.86,0.0,2026-03-24 06:10:00
1774332900000,628.86,628.86,628.86,628.86,0.0,2026-03-24 06:15:00
1774333200000,628.86,628.86,628.86,628.86,0.0,2026-03-24 06:20:00
1774333500000,629.7,629.81,629.7,629.81,0.059,2026-03-24 06:25:00
1774333800000,629.81,629.81,629.81,629.81,0.0,2026-03-24 06:30:00
1774334100000,629.81,629.81,629.81,629.81,0.0,2026-03-24 06:35:00
1774334400000,629.81,629.81,629.81,629.81,0.0,2026-03-24 06:40:00
1774334700000,629.81,629.81,629.81,629.81,0.0,2026-03-24 06:45:00
1774335000000,629.81,629.81,629.81,629.81,0.0,2026-03-24 06:50:00
1774335300000,629.81,629.81,629.81,629.81,0.0,2026-03-24 06:55:00
1774335600000,631.67,631.67,631.67,631.67,0.003,2026-03-24 07:00:00
1774335900000,631.67,631.67,631.67,631.67,0.0,2026-03-24 07:05:00
1774336200000,633.57,633.84,633.57,633.84,0.027,2026-03-24 07:10:00
1774336500000,633.84,633.84,633.84,633.84,0.0,2026-03-24 07:15:00
1774336800000,633.84,633.84,633.84,633.84,0.0,2026-03-24 07:20:00
1774337100000,634.57,634.57,634.54,634.54,0.949,2026-03-24 07:25:00
1774337400000,634.54,634.54,634.54,634.54,0.0,2026-03-24 07:30:00
1774337700000,634.54,634.54,634.54,634.54,0.0,2026-03-24 07:35:00
1774338000000,634.54,634.54,634.54,634.54,0.0,2026-03-24 07:40:00
1774338300000,634.54,634.54,634.54,634.54,0.0,2026-03-24 07:45:00
1774338600000,636.55,636.55,636.55,636.55,0.001,2026-03-24 07:50:00
1774338900000,636.55,636.55,636.55,636.55,0.0,2026-03-24 07:55:00
1774339200000,636.55,636.55,636.55,636.55,0.0,2026-03-24 08:00:00
1774339500000,636.55,636.55,636.55,636.55,0.0,2026-03-24 08:05:00
1774339800000,636.55,636.55,636.55,636.55,0.0,2026-03-24 08:10:00
1774340100000,636.55,636.55,636.55,636.55,0.0,2026-03-24 08:15:00
1774340400000,636.55,636.55,636.55,636.55,0.0,2026-03-24 08:20:00
1774340700000,636.55,636.55,636.55,636.55,0.0,2026-03-24 08:25:00
1774341000000,636.55,636.55,636.55,636.55,0.0,2026-03-24 08:30:00
1774341300000,636.55,636.55,636.55,636.55,0.0,2026-03-24 08:35:00
1774341600000,636.55,636.55,636.55,636.55,0.0,2026-03-24 08:40:00
1774341900000,636.55,636.55,636.55,636.55,0.0,2026-03-24 08:45:00
1774342200000,635.3,635.3,635.3,635.3,0.039,2026-03-24 08:50:00
1774342500000,634.72,634.72,634.72,634.72,0.013,2026-03-24 08:55:00
1774342800000,634.72,634.72,634.72,634.72,0.0,2026-03-24 09:00:00
1774343100000,634.72,634.72,634.72,634.72,0.0,2026-03-24 09:05:00
1774343400000,634.51,634.51,634.51,634.51,0.1,2026-03-24 09:10:00
1774343700000,634.51,634.51,634.51,634.51,0.0,2026-03-24 09:15:00
1774344000000,634.8,634.8,633.43,633.43,5.613,2026-03-24 09:20:00
1774344300000,633.43,633.43,633.43,633.43,0.0,2026-03-24 09:25:00
1774344600000,635.72,635.72,635.72,635.72,0.055,2026-03-24 09:30:00
1774344900000,635.72,635.72,635.72,635.72,0.0,2026-03-24 09:35:00
1774345200000,635.72,635.72,635.72,635.72,0.0,2026-03-24 09:40:00
1774345500000,635.72,635.72,635.72,635.72,0.0,2026-03-24 09:45:00
1774345800000,637.96,637.96,637.96,637.96,0.08,2026-03-24 09:50:00
1774346100000,637.96,637.96,637.96,637.96,0.0,2026-03-24 09:55:00
1774346400000,637.96,637.96,637.96,637.96,0.0,2026-03-24 10:00:00
1774346700000,638.14,638.14,638.14,638.14,0.016,2026-03-24 10:05:00
1774347000000,638.14,638.14,638.14,638.14,0.0,2026-03-24 10:10:00
1774347300000,638.14,638.14,638.14,638.14,0.0,2026-03-24 10:15:00
1774347600000,638.14,638.14,638.14,638.14,0.0,2026-03-24 10:20:00
1774347900000,638.14,638.14,638.14,638.14,0.0,2026-03-24 10:25:00
1774348200000,638.14,638.14,638.14,638.14,0.0,2026-03-24 10:30:00
1774348500000,638.14,638.14,638.14,638.14,0.0,2026-03-24 10:35:00
1774348800000,638.14,638.14,638.14,638.14,0.0,2026-03-24 10:40:00
1774349100000,638.14,638.14,638.14,638.14,0.0,2026-03-24 10:45:00
1774349400000,638.14,638.14,638.14,638.14,0.0,2026-03-24 10:50:00
1774349700000,638.14,638.14,638.14,638.14,0.0,2026-03-24 10:55:00
1774350000000,637.19,637.19,637.19,637.19,0.008,2026-03-24 11:00:00
1774350300000,637.19,637.19,637.19,637.19,0.0,2026-03-24 11:05:00
1774350600000,637.19,637.19,637.19,637.19,0.0,2026-03-24 11:10:00
1774350900000,637.19,637.19,637.19,637.19,0.0,2026-03-24 11:15:00
1774351200000,637.19,637.19,637.19,637.19,0.0,2026-03-24 11:20:00
1774351500000,637.19,637.19,637.19,637.19,0.0,2026-03-24 11:25:00
1774351800000,637.19,637.19,637.19,637.19,0.0,2026-03-24 11:30:00
1774352100000,637.19,637.19,637.19,637.19,0.0,2026-03-24 11:35:00
1774352400000,637.19,637.19,637.19,637.19,0.0,2026-03-24 11:40:00
1774352700000,639.17,639.17,639.17,639.17,0.015,2026-03-24 11:45:00
1774353000000,639.17,639.17,639.17,639.17,0.0,2026-03-24 11:50:00
1774353300000,639.17,639.17,639.17,639.17,0.0,2026-03-24 11:55:00
1774353600000,638.61,638.61,638.61,638.61,0.008,2026-03-24 12:00:00
1774353900000,638.28,638.28,638.28,638.28,0.078,2026-03-24 12:05:00
1774354200000,638.28,638.28,638.28,638.28,0.0,2026-03-24 12:10:00
1774354500000,638.28,638.28,638.28,638.28,0.0,2026-03-24 12:15:00
1774354800000,638.44,638.44,638.44,638.44,0.047,2026-03-24 12:20:00
1774355100000,638.44,638.44,638.44,638.44,0.0,2026-03-24 12:25:00
1774355400000,638.44,638.44,638.44,638.44,0.0,2026-03-24 12:30:00
1774355700000,638.44,638.44,638.44,638.44,0.0,2026-03-24 12:35:00
1774356000000,638.44,638.44,638.44,638.44,0.0,2026-03-24 12:40:00
1774356300000,638.44,638.44,638.44,638.44,0.0,2026-03-24 12:45:00
1774356600000,638.44,638.44,638.44,638.44,0.0,2026-03-24 12:50:00
1774356900000,637.93,637.93,637.78,637.81,0.371,2026-03-24 12:55:00
1774357200000,637.81,637.81,637.81,637.81,0.0,2026-03-24 13:00:00
1774357500000,637.66,637.72,637.66,637.72,0.087,2026-03-24 13:05:00
1774357800000,637.38,637.38,637.38,637.38,0.023,2026-03-24 13:10:00
1774358100000,637.38,637.38,637.38,637.38,0.0,2026-03-24 13:15:00
1774358400000,636.28,636.32,636.28,636.32,0.023,2026-03-24 13:20:00
1774358700000,636.42,636.67,636.42,636.67,0.028,2026-03-24 13:25:00
1774359000000,636.67,636.67,636.67,636.67,0.0,2026-03-24 13:30:00
1774359300000,636.67,636.67,636.67,636.67,0.0,2026-03-24 13:35:00
1774359600000,636.67,636.67,636.67,636.67,0.0,2026-03-24 13:40:00
1774359900000,632.86,633.34,632.86,633.34,0.028,2026-03-24 13:45:00
1774360200000,633.34,633.34,633.34,633.34,0.0,2026-03-24 13:50:00
1774360500000,633.34,633.34,633.34,633.34,0.0,2026-03-24 13:55:00
1774360800000,633.38,633.38,633.02,633.02,0.103,2026-03-24 14:00:00
1774361100000,633.62,633.62,633.47,633.47,0.042,2026-03-24 14:05:00
1774361400000,630.65,630.65,630.21,630.21,0.011,2026-03-24 14:10:00
1774361700000,630.41,630.41,630.41,630.41,0.002,2026-03-24 14:15:00
1774362000000,630.49,630.62,630.48,630.62,0.372,2026-03-24 14:20:00
1774362300000,630.62,630.62,630.62,630.62,0.0,2026-03-24 14:25:00
1774362600000,630.62,630.62,630.62,630.62,0.0,2026-03-24 14:30:00
1774362900000,630.12,630.12,630.12,630.12,0.08,2026-03-24 14:35:00
1774363200000,630.12,630.12,630.12,630.12,0.0,2026-03-24 14:40:00
1774363500000,628.41,628.41,628.41,628.41,0.46,2026-03-24 14:45:00
1774363800000,627.67,629.79,627.15,629.79,0.048,2026-03-24 14:50:00
1774364100000,630.38,630.38,630.38,630.38,0.01,2026-03-24 14:55:00
1774364400000,630.38,630.38,630.38,630.38,0.0,2026-03-24 15:00:00
1774364700000,630.38,630.38,630.38,630.38,0.0,2026-03-24 15:05:00
1774365000000,630.38,630.38,630.38,630.38,0.0,2026-03-24 15:10:00
1774365300000,630.83,630.83,630.83,630.83,0.099,2026-03-24 15:15:00
1774365600000,630.83,630.83,630.83,630.83,0.0,2026-03-24 15:20:00
1774365900000,632.0,632.0,632.0,632.0,0.066,2026-03-24 15:25:00
1774366200000,632.0,632.0,632.0,632.0,0.0,2026-03-24 15:30:00
1774366500000,632.52,632.52,632.52,632.52,0.005,2026-03-24 15:35:00
1774366800000,632.54,632.54,632.54,632.54,0.009,2026-03-24 15:40:00
1774367100000,632.04,632.04,632.04,632.04,0.135,2026-03-24 15:45:00
1774367400000,632.37,632.37,632.37,632.37,0.008,2026-03-24 15:50:00
1774367700000,631.94,631.94,631.94,631.94,0.871,2026-03-24 15:55:00
1774368000000,631.05,631.05,631.05,631.05,0.011,2026-03-24 16:00:00
1774368300000,630.95,630.95,630.95,630.95,0.016,2026-03-24 16:05:00
1774368600000,630.95,630.95,630.95,630.95,0.0,2026-03-24 16:10:00
1774368900000,631.75,631.75,631.29,631.29,0.009,2026-03-24 16:15:00
1774369200000,631.29,631.29,631.29,631.29,0.0,2026-03-24 16:20:00
1774369500000,631.29,631.29,631.29,631.29,0.0,2026-03-24 16:25:00
1774369800000,631.29,631.29,631.29,631.29,0.0,2026-03-24 16:30:00
1774370100000,630.03,630.03,630.03,630.03,0.008,2026-03-24 16:35:00
1774370400000,628.71,628.71,628.71,628.71,0.24,2026-03-24 16:40:00
1774370700000,628.71,628.71,628.71,628.71,0.0,2026-03-24 16:45:00
1774371000000,628.71,628.71,628.71,628.71,0.0,2026-03-24 16:50:00
1774371300000,629.04,629.04,629.04,629.04,0.011,2026-03-24 16:55:00
1774371600000,629.7,629.7,627.56,628.05,0.623,2026-03-24 17:00:00
1774371900000,628.05,628.05,628.05,628.05,0.013,2026-03-24 17:05:00
1774372200000,628.05,628.05,628.05,628.05,0.0,2026-03-24 17:10:00
1774372500000,628.05,628.05,628.05,628.05,0.0,2026-03-24 17:15:00
1774372800000,628.05,628.05,628.05,628.05,0.0,2026-03-24 17:20:00
1774373100000,628.05,628.05,628.05,628.05,0.0,2026-03-24 17:25:00
1774373400000,628.9,628.9,628.9,628.9,0.048,2026-03-24 17:30:00
1774373700000,628.9,628.9,628.9,628.9,0.0,2026-03-24 17:35:00
1774374000000,628.9,628.9,628.9,628.9,0.0,2026-03-24 17:40:00
1774374300000,628.9,628.9,628.9,628.9,0.0,2026-03-24 17:45:00
1774374600000,628.9,628.9,628.9,628.9,0.0,2026-03-24 17:50:00
1774374900000,628.95,628.95,628.95,628.95,0.032,2026-03-24 17:55:00
1774375200000,628.95,628.95,628.95,628.95,0.0,2026-03-24 18:00:00
1774375500000,628.95,628.95,628.95,628.95,0.0,2026-03-24 18:05:00
1774375800000,629.39,629.39,629.39,629.39,0.159,2026-03-24 18:10:00
1774376100000,629.39,629.39,629.39,629.39,0.0,2026-03-24 18:15:00
1774376400000,629.39,629.39,629.39,629.39,0.0,2026-03-24 18:20:00
1774376700000,629.39,629.39,629.39,629.39,0.0,2026-03-24 18:25:00
1774377000000,630.28,630.28,630.27,630.27,0.131,2026-03-24 18:30:00
1774377300000,630.27,630.27,630.27,630.27,0.0,2026-03-24 18:35:00
1774377600000,630.27,630.27,630.27,630.27,0.0,2026-03-24 18:40:00
1774377900000,630.27,630.27,630.27,630.27,0.0,2026-03-24 18:45:00
1774378200000,630.73,630.73,630.73,630.73,3.87,2026-03-24 18:50:00
1774378500000,630.73,630.73,630.73,630.73,0.0,2026-03-24 18:55:00
1774378800000,630.73,630.73,630.73,630.73,0.0,2026-03-24 19:00:00
1774379100000,630.73,630.73,630.73,630.73,0.0,2026-03-24 19:05:00
1774379400000,630.73,630.73,630.73,630.73,0.0,2026-03-24 19:10:00
1774379700000,630.73,630.73,630.73,630.73,0.0,2026-03-24 19:15:00
1774380000000,630.73,630.73,630.73,630.73,0.0,2026-03-24 19:20:00
1774380300000,630.73,630.73,630.73,630.73,0.0,2026-03-24 19:25:00
1774380600000,630.82,631.16,630.16,630.16,0.204,2026-03-24 19:30:00
1774380900000,630.16,630.16,630.16,630.16,0.0,2026-03-24 19:35:00
1774381200000,630.16,630.16,630.16,630.16,0.0,2026-03-24 19:40:00
1774381500000,629.96,629.96,629.91,629.91,0.582,2026-03-24 19:45:00
1774381800000,630.1,630.1,630.1,630.1,0.014,2026-03-24 19:50:00
1774382100000,630.1,630.1,630.1,630.1,0.0,2026-03-24 19:55:00
1774382400000,630.1,630.1,630.1,630.1,0.0,2026-03-24 20:00:00
1774382700000,630.27,630.27,629.96,629.96,0.06,2026-03-24 20:05:00
1774383000000,630.29,630.6,630.06,630.6,0.104,2026-03-24 20:10:00
1774383300000,630.87,630.88,630.73,630.86,0.165,2026-03-24 20:15:00
1774383600000,632.03,634.87,632.03,633.36,0.134,2026-03-24 20:20:00
1774383900000,634.93,635.07,634.87,634.87,0.108,2026-03-24 20:25:00
1774384200000,635.06,635.67,635.05,635.67,2.19,2026-03-24 20:30:00
1774384500000,635.57,636.72,635.44,636.72,2.672,2026-03-24 20:35:00
1774384800000,636.72,636.72,636.72,636.72,0.0,2026-03-24 20:40:00
1774385100000,636.72,636.72,636.72,636.72,0.0,2026-03-24 20:45:00
1774385400000,636.54,636.54,636.54,636.54,0.015,2026-03-24 20:50:00
1774385700000,636.92,636.92,636.92,636.92,0.008,2026-03-24 20:55:00
1774386000000,637.15,637.15,636.7,637.14,0.05,2026-03-24 21:00:00
1774386300000,637.14,637.14,637.14,637.14,0.0,2026-03-24 21:05:00
1774386600000,635.42,635.42,635.42,635.42,0.029,2026-03-24 21:10:00
1774386900000,635.42,635.42,635.42,635.42,0.0,2026-03-24 21:15:00
1774387200000,635.01,635.01,635.01,635.01,0.016,2026-03-24 21:20:00
1774387500000,635.01,635.01,635.01,635.01,0.0,2026-03-24 21:25:00
1774387800000,635.76,635.76,635.76,635.76,0.649,2026-03-24 21:30:00
1774388100000,635.76,635.76,635.76,635.76,0.0,2026-03-24 21:35:00
1774388400000,635.76,635.76,635.76,635.76,0.0,2026-03-24 21:40:00
1774388700000,636.8,636.8,636.8,636.8,0.007,2026-03-24 21:45:00
1774389000000,636.8,636.8,636.8,636.8,0.0,2026-03-24 21:50:00
1774389300000,636.8,636.8,636.8,636.8,0.0,2026-03-24 21:55:00
1774389600000,636.8,636.8,636.8,636.8,0.0,2026-03-24 22:00:00
1774389900000,636.8,636.8,636.8,636.8,0.0,2026-03-24 22:05:00
1774390200000,638.52,638.52,638.52,638.52,0.031,2026-03-24 22:10:00
1774390500000,638.52,638.52,638.52,638.52,0.0,2026-03-24 22:15:00
1774390800000,637.7,637.7,637.7,637.7,0.151,2026-03-24 22:20:00
1774391100000,636.52,636.52,636.52,636.52,0.024,2026-03-24 22:25:00
1774391400000,636.79,636.79,636.65,636.65,0.281,2026-03-24 22:30:00
1774391700000,636.44,636.44,636.44,636.44,0.047,2026-03-24 22:35:00
1774392000000,636.44,636.44,636.44,636.44,0.0,2026-03-24 22:40:00
1774392300000,636.44,636.44,636.44,636.44,0.0,2026-03-24 22:45:00
1774392600000,636.44,636.44,636.44,636.44,0.0,2026-03-24 22:50:00
1774392900000,637.07,637.07,637.07,637.07,0.084,2026-03-24 22:55:00
1774393200000,637.07,637.07,637.07,637.07,0.0,2026-03-24 23:00:00
1774393500000,637.07,637.07,637.07,637.07,0.85,2026-03-24 23:05:00
1774393800000,637.07,637.07,637.07,637.07,0.0,2026-03-24 23:10:00
1774394100000,637.07,637.07,637.07,637.07,0.0,2026-03-24 23:15:00
1774394400000,637.07,637.07,637.07,637.07,0.0,2026-03-24 23:20:00
1774394700000,638.73,638.73,638.73,638.73,0.007,2026-03-24 23:25:00
1774395000000,639.05,639.05,639.05,639.05,0.03,2026-03-24 23:30:00
1774395300000,639.05,639.05,639.05,639.05,0.0,2026-03-24 23:35:00
1774395600000,639.05,639.05,639.05,639.05,0.0,2026-03-24 23:40:00
1774395900000,639.05,639.05,639.05,639.05,0.0,2026-03-24 23:45:00
1774396200000,638.61,639.87,638.56,638.67,0.85,2026-03-24 23:50:00
1774396500000,638.83,638.83,638.48,638.58,0.918,2026-03-24 23:55:00
1774396800000,638.76,639.03,638.23,638.53,0.586,2026-03-25 00:00:00
1774397100000,638.7,640.0,638.7,639.99,0.577,2026-03-25 00:05:00
1774397400000,640.13,640.7,639.67,639.69,0.187,2026-03-25 00:10:00
1774397700000,639.79,639.79,639.36,639.36,0.014,2026-03-25 00:15:00
1774398000000,639.31,639.65,639.05,639.65,0.322,2026-03-25 00:20:00
1774398300000,639.16,639.35,639.16,639.25,0.01,2026-03-25 00:25:00
1774398600000,639.0,639.0,639.0,639.0,0.002,2026-03-25 00:30:00
1774398900000,640.26,640.53,640.26,640.53,0.01,2026-03-25 00:35:00
1774399200000,640.53,640.53,640.53,640.53,0.113,2026-03-25 00:40:00
1774399500000,640.53,640.53,640.53,640.53,0.0,2026-03-25 00:45:00
1774399800000,640.53,640.53,640.53,640.53,0.0,2026-03-25 00:50:00
1774400100000,640.53,640.53,640.53,640.53,0.0,2026-03-25 00:55:00
1774400400000,640.53,640.53,640.53,640.53,0.0,2026-03-25 01:00:00
1774400700000,640.37,640.37,640.37,640.37,0.43,2026-03-25 01:05:00
1774401000000,640.43,640.43,640.43,640.43,0.006,2026-03-25 01:10:00
1774401300000,640.43,640.43,640.43,640.43,0.0,2026-03-25 01:15:00
1774401600000,640.11,640.12,640.11,640.12,0.154,2026-03-25 01:20:00
1774401900000,640.12,640.12,640.12,640.12,0.0,2026-03-25 01:25:00
1774402200000,638.66,639.08,638.66,639.08,0.185,2026-03-25 01:30:00
1774402500000,639.08,639.08,639.08,639.08,0.0,2026-03-25 01:35:00
1774402800000,639.08,639.08,639.08,639.08,0.0,2026-03-25 01:40:00
1774403100000,639.08,639.08,639.08,639.08,0.0,2026-03-25 01:45:00
1774403400000,639.08,639.08,639.08,639.08,0.0,2026-03-25 01:50:00
1774403700000,639.08,639.08,639.08,639.08,0.0,2026-03-25 01:55:00
1774404000000,639.08,639.08,639.08,639.08,0.0,2026-03-25 02:00:00
1774404300000,639.19,639.19,639.19,639.19,0.109,2026-03-25 02:05:00
1774404600000,639.19,639.19,639.19,639.19,0.0,2026-03-25 02:10:00
1774404900000,639.19,639.19,639.19,639.19,0.0,2026-03-25 02:15:00
1774405200000,639.19,639.19,639.19,639.19,0.0,2026-03-25 02:20:00
1774405500000,639.29,639.29,639.29,639.29,0.003,2026-03-25 02:25:00
1774405800000,639.29,639.29,639.29,639.29,0.0,2026-03-25 02:30:00
1774406100000,639.46,639.46,639.39,639.39,0.344,2026-03-25 02:35:00
1774406400000,640.06,640.06,640.06,640.06,0.013,2026-03-25 02:40:00
1774406700000,640.06,640.06,640.06,640.06,0.0,2026-03-25 02:45:00
1774407000000,639.9,639.9,639.9,639.9,0.723,2026-03-25 02:50:00
1774407300000,638.97,639.56,638.96,639.56,0.076,2026-03-25 02:55:00
1774407600000,640.06,640.06,639.54,639.54,2.883,2026-03-25 03:00:00
1774407900000,640.45,640.45,640.45,640.45,0.008,2026-03-25 03:05:00
1774408200000,639.54,639.54,639.54,639.54,1.953,2026-03-25 03:10:00
1774408500000,639.54,639.54,639.54,639.54,0.0,2026-03-25 03:15:00
1774408800000,639.54,639.54,639.54,639.54,0.0,2026-03-25 03:20:00
1774409100000,639.54,639.54,639.54,639.54,0.0,2026-03-25 03:25:00
1774409400000,641.72,641.76,641.72,641.76,0.308,2026-03-25 03:30:00
1774409700000,642.41,642.41,642.16,642.16,0.029,2026-03-25 03:35:00
1774410000000,642.16,642.16,642.16,642.16,0.0,2026-03-25 03:40:00
1774410300000,643.03,643.03,642.58,642.58,0.024,2026-03-25 03:45:00
1774410600000,642.58,642.58,642.58,642.58,0.0,2026-03-25 03:50:00
1774410900000,642.58,642.58,642.58,642.58,0.0,2026-03-25 03:55:00
1774411200000,642.58,642.58,642.58,642.58,0.0,2026-03-25 04:00:00
1774411500000,642.3,642.3,642.29,642.29,0.01,2026-03-25 04:05:00
1774411800000,643.03,643.03,643.03,643.03,0.008,2026-03-25 04:10:00
1774412100000,643.03,643.03,643.03,643.03,0.0,2026-03-25 04:15:00
1774412400000,643.03,643.03,643.03,643.03,0.0,2026-03-25 04:20:00
1774412700000,641.74,641.74,641.74,641.74,0.017,2026-03-25 04:25:00
1774413000000,641.74,641.74,641.74,641.74,0.0,2026-03-25 04:30:00
1774413300000,642.24,642.24,642.24,642.24,0.003,2026-03-25 04:35:00
1774413600000,641.58,641.58,641.58,641.58,0.008,2026-03-25 04:40:00
1774413900000,641.58,641.58,641.58,641.58,0.0,2026-03-25 04:45:00
1774414200000,641.58,641.58,641.58,641.58,0.0,2026-03-25 04:50:00
1774414500000,642.08,642.99,642.08,642.99,0.218,2026-03-25 04:55:00
1774414800000,642.6,642.6,642.6,642.6,0.003,2026-03-25 05:00:00
1774415100000,643.69,645.39,643.69,645.39,0.062,2026-03-25 05:05:00
1774415400000,645.47,646.16,644.92,644.92,0.193,2026-03-25 05:10:00
1774415700000,644.34,644.34,644.34,644.34,0.054,2026-03-25 05:15:00
1774416000000,644.4,644.57,644.1,644.57,0.082,2026-03-25 05:20:00
1774416300000,644.57,644.57,644.57,644.57,0.0,2026-03-25 05:25:00
1774416600000,644.37,644.37,644.32,644.32,0.158,2026-03-25 05:30:00
1774416900000,643.87,643.87,643.87,643.87,0.022,2026-03-25 05:35:00
1774417200000,643.87,643.87,643.87,643.87,0.0,2026-03-25 05:40:00
1774417500000,643.87,643.87,643.87,643.87,0.0,2026-03-25 05:45:00
1774417800000,643.87,643.87,643.87,643.87,0.0,2026-03-25 05:50:00
1774418100000,643.87,643.87,643.87,643.87,0.0,2026-03-25 05:55:00
1774418400000,643.87,643.87,643.87,643.87,0.0,2026-03-25 06:00:00
1774418700000,643.87,643.87,643.87,643.87,0.0,2026-03-25 06:05:00
1774419000000,644.36,644.45,644.36,644.45,0.081,2026-03-25 06:10:00
1774419300000,644.35,645.27,644.17,645.27,2.457,2026-03-25 06:15:00
1774419600000,645.28,645.28,645.28,645.28,0.003,2026-03-25 06:20:00
1774419900000,646.28,646.28,646.28,646.28,0.1,2026-03-25 06:25:00
1774420200000,646.28,646.28,646.28,646.28,0.0,2026-03-25 06:30:00
1774420500000,646.36,646.45,646.36,646.45,0.039,2026-03-25 06:35:00
1774420800000,646.45,646.45,646.45,646.45,0.0,2026-03-25 06:40:00
1774421100000,646.45,646.45,646.45,646.45,0.0,2026-03-25 06:45:00
1774421400000,646.45,646.45,646.45,646.45,0.0,2026-03-25 06:50:00
1774421700000,646.08,646.08,644.91,644.91,0.218,2026-03-25 06:55:00
1774422000000,645.29,645.29,645.29,645.29,0.003,2026-03-25 07:00:00
1774422300000,645.29,645.29,645.29,645.29,0.0,2026-03-25 07:05:00
1774422600000,645.9,645.9,645.9,645.9,0.002,2026-03-25 07:10:00
1774422900000,646.24,646.34,646.24,646.34,1.561,2026-03-25 07:15:00
1774423200000,646.34,646.34,646.34,646.34,0.0,2026-03-25 07:20:00
1774423500000,646.34,646.34,646.34,646.34,0.0,2026-03-25 07:25:00
1774423800000,646.34,646.34,646.34,646.34,0.0,2026-03-25 07:30:00
1774424100000,646.34,646.34,646.34,646.34,0.0,2026-03-25 07:35:00
1774424400000,645.16,645.71,643.3,643.3,0.09,2026-03-25 07:40:00
1774424700000,643.3,643.3,643.3,643.3,0.0,2026-03-25 07:45:00
1774425000000,643.7,643.7,643.7,643.7,0.123,2026-03-25 07:50:00
1774425300000,643.7,643.7,643.7,643.7,0.0,2026-03-25 07:55:00
1774425600000,643.7,643.7,643.7,643.7,0.0,2026-03-25 08:00:00
1774425900000,644.53,644.53,644.53,644.53,0.005,2026-03-25 08:05:00
1774426200000,644.23,644.23,644.23,644.23,0.003,2026-03-25 08:10:00
1774426500000,645.14,645.14,645.14,645.14,0.009,2026-03-25 08:15:00
1774426800000,645.14,645.14,645.14,645.14,0.0,2026-03-25 08:20:00
1774427100000,647.13,647.13,647.13,647.13,0.002,2026-03-25 08:25:00
1774427400000,647.78,648.54,647.78,648.08,0.241,2026-03-25 08:30:00
1774427700000,647.28,647.29,647.28,647.29,0.025,2026-03-25 08:35:00
1774428000000,647.67,647.67,647.67,647.67,0.003,2026-03-25 08:40:00
1774428300000,647.78,647.78,647.78,647.78,0.003,2026-03-25 08:45:00
1774428600000,647.78,647.78,647.78,647.78,0.0,2026-03-25 08:50:00
1774428900000,647.78,647.78,647.78,647.78,0.0,2026-03-25 08:55:00
1774429200000,647.78,647.78,647.78,647.78,0.0,2026-03-25 09:00:00
1774429500000,647.97,647.97,647.97,647.97,0.039,2026-03-25 09:05:00
1774429800000,647.97,647.97,647.97,647.97,0.0,2026-03-25 09:10:00
1774430100000,647.97,647.97,647.97,647.97,0.0,2026-03-25 09:15:00
1774430400000,648.89,649.04,647.04,647.04,5.13,2026-03-25 09:20:00
1774430700000,648.98,648.98,648.98,648.98,0.007,2026-03-25 09:25:00
1774431000000,649.2,649.2,648.86,648.86,0.032,2026-03-25 09:30:00
1774431300000,648.86,648.86,648.86,648.86,0.0,2026-03-25 09:35:00
1774431600000,648.86,648.86,648.86,648.86,0.0,2026-03-25 09:40:00
1774431900000,649.12,649.12,649.12,649.12,0.003,2026-03-25 09:45:00
1774432200000,649.12,649.12,649.12,649.12,0.0,2026-03-25 09:50:00
1774432500000,649.12,649.12,649.12,649.12,0.0,2026-03-25 09:55:00
1774432800000,649.12,649.12,649.12,649.12,0.0,2026-03-25 10:00:00
1774433100000,648.86,648.92,648.86,648.92,0.015,2026-03-25 10:05:00
1774433400000,648.71,648.71,648.32,648.32,0.009,2026-03-25 10:10:00
1774433700000,648.12,648.12,648.12,648.12,0.002,2026-03-25 10:15:00
1774434000000,648.07,648.07,648.07,648.07,0.002,2026-03-25 10:20:00
1774434300000,647.18,647.18,647.18,647.18,0.007,2026-03-25 10:25:00
1774434600000,647.18,647.18,647.18,647.18,0.0,2026-03-25 10:30:00
1774434900000,647.18,647.18,647.18,647.18,0.0,2026-03-25 10:35:00
1774435200000,647.18,647.18,647.18,647.18,0.0,2026-03-25 10:40:00
1774435500000,646.55,647.77,646.55,647.77,1.161,2026-03-25 10:45:00
1774435800000,647.77,647.77,647.77,647.77,0.0,2026-03-25 10:50:00
1774436100000,647.77,647.77,647.77,647.77,0.0,2026-03-25 10:55:00
1774436400000,647.77,647.77,647.77,647.77,0.0,2026-03-25 11:00:00
1774436700000,647.77,647.77,647.77,647.77,0.0,2026-03-25 11:05:00
1774437000000,647.77,647.77,647.77,647.77,0.0,2026-03-25 11:10:00
1774437300000,646.98,646.98,646.98,646.98,0.075,2026-03-25 11:15:00
1774437600000,646.98,646.98,646.98,646.98,0.0,2026-03-25 11:20:00
1774437900000,648.08,648.17,648.08,648.17,0.368,2026-03-25 11:25:00
1774438200000,648.55,650.0,648.55,650.0,0.071,2026-03-25 11:30:00
1774438500000,650.0,650.0,649.63,649.63,0.031,2026-03-25 11:35:00
1774438800000,649.63,649.63,649.63,649.63,0.0,2026-03-25 11:40:00
1774439100000,648.93,648.93,648.92,648.92,1.541,2026-03-25 11:45:00
1774439400000,648.92,648.92,648.92,648.92,0.0,2026-03-25 11:50:00
1774439700000,648.92,648.92,648.92,648.92,0.0,2026-03-25 11:55:00
1774440000000,649.14,651.51,649.14,651.51,0.162,2026-03-25 12:00:00
1774440300000,651.51,651.51,651.51,651.51,0.0,2026-03-25 12:05:00
1774440600000,649.88,649.88,649.88,649.88,0.083,2026-03-25 12:10:00
1774440900000,648.26,648.26,647.42,647.42,0.018,2026-03-25 12:15:00
1774441200000,647.42,647.42,647.42,647.42,0.0,2026-03-25 12:20:00
1774441500000,647.42,647.42,647.42,647.42,0.0,2026-03-25 12:25:00
1774441800000,646.08,646.08,646.08,646.08,0.003,2026-03-25 12:30:00
1774442100000,647.02,647.02,647.02,647.02,0.023,2026-03-25 12:35:00
1774442400000,647.07,647.07,646.55,646.55,0.261,2026-03-25 12:40:00
1774442700000,646.55,646.55,646.55,646.55,0.0,2026-03-25 12:45:00
1774443000000,646.55,646.55,646.55,646.55,0.0,2026-03-25 12:50:00
1774443300000,648.57,649.56,648.57,649.55,0.04,2026-03-25 12:55:00
1774443600000,649.55,649.55,649.55,649.55,0.0,2026-03-25 13:00:00
1774443900000,649.55,649.55,649.55,649.55,0.0,2026-03-25 13:05:00
1774444200000,649.29,649.61,649.29,649.61,0.025,2026-03-25 13:10:00
1774444500000,649.61,649.61,649.61,649.61,0.0,2026-03-25 13:15:00
1774444800000,649.61,649.61,649.61,649.61,0.0,2026-03-25 13:20:00
1774445100000,649.61,649.61,649.61,649.61,0.0,2026-03-25 13:25:00
1774445400000,650.98,650.98,650.98,650.98,0.015,2026-03-25 13:30:00
1774445700000,651.36,652.35,651.36,652.35,0.208,2026-03-25 13:35:00
1774446000000,651.67,653.28,650.08,651.6,13.108,2026-03-25 13:40:00
1774446300000,651.6,651.6,651.6,651.6,0.0,2026-03-25 13:45:00
1774446600000,650.57,650.57,650.57,650.57,0.002,2026-03-25 13:50:00
1774446900000,650.48,650.48,649.23,649.23,0.014,2026-03-25 13:55:00
1774447200000,648.78,649.47,648.78,649.47,0.031,2026-03-25 14:00:00
1774447500000,649.1,649.1,649.1,649.1,0.007,2026-03-25 14:05:00
1774447800000,648.5,648.5,648.49,648.49,0.011,2026-03-25 14:10:00
1774448100000,648.49,648.49,648.49,648.49,0.0,2026-03-25 14:15:00
1774448400000,648.85,648.85,648.85,648.85,0.015,2026-03-25 14:20:00
1774448700000,648.08,648.08,648.08,648.08,0.046,2026-03-25 14:25:00
1774449000000,648.08,648.08,648.08,648.08,0.0,2026-03-25 14:30:00
1774449300000,648.08,648.08,648.08,648.08,0.0,2026-03-25 14:35:00
1774449600000,648.08,648.08,648.08,648.08,0.0,2026-03-25 14:40:00
1774449900000,648.28,648.28,648.28,648.28,0.003,2026-03-25 14:45:00
1774450200000,648.16,648.16,648.16,648.16,0.077,2026-03-25 14:50:00
1774450500000,647.57,647.57,647.57,647.57,0.023,2026-03-25 14:55:00
1774450800000,647.57,647.57,647.57,647.57,0.0,2026-03-25 15:00:00
1774451100000,646.95,646.95,645.22,645.22,0.128,2026-03-25 15:05:00
1774451400000,645.63,645.63,644.8,644.8,0.015,2026-03-25 15:10:00
1774451700000,644.19,644.19,642.85,642.85,0.113,2026-03-25 15:15:00
1774452000000,643.93,643.93,643.9,643.9,0.061,2026-03-25 15:20:00
1774452300000,643.9,643.9,643.9,643.9,0.0,2026-03-25 15:25:00
1774452600000,645.81,645.81,645.81,645.81,0.03,2026-03-25 15:30:00
1774452900000,644.96,644.96,644.96,644.96,0.026,2026-03-25 15:35:00
1774453200000,644.49,644.49,644.49,644.49,0.002,2026-03-25 15:40:00
1774453500000,644.49,644.49,644.49,644.49,0.0,2026-03-25 15:45:00
1774453800000,645.66,645.66,645.3,645.3,0.024,2026-03-25 15:50:00
1774454100000,645.42,645.42,645.42,645.42,0.075,2026-03-25 15:55:00
1774454400000,645.42,645.42,645.42,645.42,0.0,2026-03-25 16:00:00
1774454700000,646.83,646.83,646.27,646.27,0.036,2026-03-25 16:05:00
1774455000000,646.27,646.27,646.27,646.27,0.0,2026-03-25 16:10:00
1774455300000,646.95,646.95,646.95,646.95,0.005,2026-03-25 16:15:00
1774455600000,646.95,646.95,646.95,646.95,0.0,2026-03-25 16:20:00
1774455900000,649.36,650.3,649.36,650.3,0.021,2026-03-25 16:25:00
1774456200000,649.13,649.13,649.13,649.13,0.015,2026-03-25 16:30:00
1774456500000,649.13,649.13,649.13,649.13,0.0,2026-03-25 16:35:00
1774456800000,649.52,649.62,649.52,649.62,0.2,2026-03-25 16:40:00
1774457100000,647.92,647.92,647.82,647.82,0.124,2026-03-25 16:45:00
1774457400000,647.49,647.49,647.49,647.49,0.006,2026-03-25 16:50:00
1774457700000,648.28,648.28,647.11,647.11,0.079,2026-03-25 16:55:00
1774458000000,647.11,647.11,647.11,647.11,0.0,2026-03-25 17:00:00
1774458300000,647.11,647.11,647.11,647.11,0.0,2026-03-25 17:05:00
1774458600000,646.16,646.68,646.16,646.68,0.035,2026-03-25 17:10:00
1774458900000,646.34,646.34,646.34,646.34,0.003,2026-03-25 17:15:00
1774459200000,646.05,646.59,646.05,646.59,0.186,2026-03-25 17:20:00
1774459500000,646.89,648.64,646.89,646.93,0.665,2026-03-25 17:25:00
1774459800000,646.4,646.4,646.4,646.4,0.054,2026-03-25 17:30:00
1774460100000,645.94,645.94,645.94,645.94,0.155,2026-03-25 17:35:00
1774460400000,645.94,645.94,645.94,645.94,0.0,2026-03-25 17:40:00
1774460700000,645.94,645.94,645.94,645.94,0.0,2026-03-25 17:45:00
1774461000000,645.94,645.94,645.94,645.94,0.0,2026-03-25 17:50:00
1774461300000,645.23,645.23,645.23,645.23,0.027,2026-03-25 17:55:00
1774461600000,645.66,645.66,645.21,645.57,0.042,2026-03-25 18:00:00
1774461900000,645.6,645.6,645.6,645.6,0.003,2026-03-25 18:05:00
1774462200000,645.35,645.4,645.27,645.27,0.226,2026-03-25 18:10:00
1774462500000,645.32,645.68,645.32,645.68,0.108,2026-03-25 18:15:00
1774462800000,645.68,645.68,645.68,645.68,0.0,2026-03-25 18:20:00
1774463100000,646.22,646.22,646.09,646.09,0.317,2026-03-25 18:25:00
1774463400000,645.96,645.96,645.52,645.57,0.038,2026-03-25 18:30:00
1774463700000,645.57,645.57,645.57,645.57,0.0,2026-03-25 18:35:00
1774464000000,644.56,644.85,644.56,644.85,0.047,2026-03-25 18:40:00
1774464300000,644.85,644.85,644.85,644.85,0.0,2026-03-25 18:45:00
1774464600000,645.01,645.01,645.01,645.01,0.002,2026-03-25 18:50:00
1774464900000,644.64,644.64,644.5,644.5,0.023,2026-03-25 18:55:00
1774465200000,645.4,645.87,645.03,645.87,0.012,2026-03-25 19:00:00
1774465500000,646.74,647.13,646.74,647.13,0.012,2026-03-25 19:05:00
1774465800000,647.13,647.13,647.13,647.13,0.0,2026-03-25 19:10:00
1774466100000,647.13,647.13,647.13,647.13,0.0,2026-03-25 19:15:00
1774466400000,646.97,646.97,646.69,646.69,0.02,2026-03-25 19:20:00
1774466700000,646.95,646.95,646.95,646.95,0.015,2026-03-25 19:25:00
1774467000000,646.45,646.45,646.45,646.45,0.083,2026-03-25 19:30:00
1774467300000,646.05,646.05,646.05,646.05,0.075,2026-03-25 19:35:00
1774467600000,646.54,646.7,646.54,646.7,0.078,2026-03-25 19:40:00
1774467900000,646.7,646.7,646.7,646.7,0.0,2026-03-25 19:45:00
1774468200000,646.7,646.7,646.7,646.7,0.0,2026-03-25 19:50:00
1774468500000,646.7,646.7,646.7,646.7,0.0,2026-03-25 19:55:00
1774468800000,645.53,645.53,645.3,645.3,0.24,2026-03-25 20:00:00
1774469100000,644.93,645.33,644.93,645.33,0.153,2026-03-25 20:05:00
1774469400000,644.51,644.74,644.51,644.65,0.752,2026-03-25 20:10:00
1774469700000,644.53,644.53,644.42,644.42,11.368,2026-03-25 20:15:00
1774470000000,644.79,644.79,644.79,644.79,0.592,2026-03-25 20:20:00
1774470300000,644.5,644.5,644.5,644.5,0.024,2026-03-25 20:25:00
1774470600000,644.45,644.63,644.32,644.32,0.021,2026-03-25 20:30:00
1774470900000,644.32,644.32,644.32,644.32,0.0,2026-03-25 20:35:00
1774471200000,644.32,644.32,644.32,644.32,0.0,2026-03-25 20:40:00
1774471500000,646.06,646.06,646.06,646.06,0.01,2026-03-25 20:45:00
1774471800000,646.06,646.06,646.06,646.06,0.0,2026-03-25 20:50:00
1774472100000,646.06,646.06,646.06,646.06,0.0,2026-03-25 20:55:00
1774472400000,647.13,647.13,647.13,647.13,0.077,2026-03-25 21:00:00
1774472700000,647.13,647.35,647.13,647.35,0.271,2026-03-25 21:05:00
1774473000000,648.15,648.15,648.15,648.15,0.085,2026-03-25 21:10:00
1774473300000,647.94,648.18,647.51,647.88,0.722,2026-03-25 21:15:00
1774473600000,647.57,647.66,646.98,647.66,1.707,2026-03-25 21:20:00
1774473900000,646.77,646.96,646.77,646.96,0.417,2026-03-25 21:25:00
1774474200000,646.65,647.42,646.52,647.22,0.924,2026-03-25 21:30:00
1774474500000,647.0,647.15,647.0,647.15,0.226,2026-03-25 21:35:00
1774474800000,647.5,647.5,647.5,647.5,0.044,2026-03-25 21:40:00
1774475100000,647.5,647.5,647.5,647.5,0.0,2026-03-25 21:45:00
1774475400000,646.42,647.01,646.42,647.01,0.049,2026-03-25 21:50:00
1774475700000,647.31,647.31,647.31,647.31,0.002,2026-03-25 21:55:00
1774476000000,647.88,647.88,647.88,647.88,0.064,2026-03-25 22:00:00
1774476300000,647.44,647.81,646.67,646.67,2.863,2026-03-25 22:05:00
1774476600000,646.36,646.36,646.36,646.36,0.061,2026-03-25 22:10:00
1774476900000,645.85,645.9,645.85,645.9,0.159,2026-03-25 22:15:00
1774477200000,646.14,646.69,646.14,646.69,0.429,2026-03-25 22:20:00
1774477500000,646.02,646.02,646.02,646.02,0.003,2026-03-25 22:25:00
1774477800000,646.21,647.79,646.21,647.79,0.02,2026-03-25 22:30:00
1774478100000,647.84,647.84,647.84,647.84,0.58,2026-03-25 22:35:00
1774478400000,648.52,648.52,648.52,648.52,0.164,2026-03-25 22:40:00
1774478700000,648.52,648.52,648.52,648.52,0.0,2026-03-25 22:45:00
1774479000000,648.52,648.52,648.52,648.52,0.0,2026-03-25 22:50:00
1774479300000,648.48,648.48,648.48,648.48,0.03,2026-03-25 22:55:00
1774479600000,648.81,648.81,648.81,648.81,0.038,2026-03-25 23:00:00
1774479900000,648.81,648.81,648.81,648.81,0.0,2026-03-25 23:05:00
1774480200000,648.81,648.81,648.81,648.81,0.0,2026-03-25 23:10:00
1774480500000,648.31,648.31,648.31,648.31,0.003,2026-03-25 23:15:00
1774480800000,647.93,648.07,647.93,648.07,0.062,2026-03-25 23:20:00
1774481100000,647.84,647.84,647.84,647.84,0.007,2026-03-25 23:25:00
1774481400000,647.82,647.82,647.54,647.54,0.018,2026-03-25 23:30:00
1774481700000,647.76,647.76,647.76,647.76,0.005,2026-03-25 23:35:00
1774482000000,647.76,647.76,647.76,647.76,0.0,2026-03-25 23:40:00
1774482300000,646.83,646.83,646.18,646.18,0.329,2026-03-25 23:45:00
1774482600000,646.46,647.52,646.46,647.52,0.094,2026-03-25 23:50:00
1774482900000,647.86,647.86,647.86,647.86,0.003,2026-03-25 23:55:00
1774483200000,647.67,647.95,647.67,647.95,0.314,2026-03-26 00:00:00
1774483500000,647.95,647.95,647.95,647.95,0.0,2026-03-26 00:05:00
1774483800000,647.95,647.95,647.95,647.95,0.0,2026-03-26 00:10:00
1774484100000,647.41,647.41,647.0,647.0,0.073,2026-03-26 00:15:00
1774484400000,647.0,647.0,647.0,647.0,0.0,2026-03-26 00:20:00
1774484700000,647.25,647.25,647.05,647.05,0.165,2026-03-26 00:25:00
1774485000000,647.17,647.44,647.17,647.44,0.053,2026-03-26 00:30:00
1774485300000,647.37,647.65,647.37,647.65,0.007,2026-03-26 00:35:00
1774485600000,647.63,647.63,647.05,647.36,0.012,2026-03-26 00:40:00
1774485900000,647.36,647.36,647.36,647.36,0.0,2026-03-26 00:45:00
1774486200000,648.15,648.15,646.37,646.37,0.259,2026-03-26 00:50:00
1774486500000,646.37,646.37,646.37,646.37,0.0,2026-03-26 00:55:00
1774486800000,646.81,646.81,646.81,646.81,0.005,2026-03-26 01:00:00
1774487100000,646.67,646.7,646.58,646.58,0.257,2026-03-26 01:05:00
1774487400000,646.58,646.58,646.58,646.58,0.0,2026-03-26 01:10:00
1774487700000,645.55,645.55,645.55,645.55,0.003,2026-03-26 01:15:00
1774488000000,645.55,645.55,645.55,645.55,0.0,2026-03-26 01:20:00
1774488300000,646.93,646.93,646.93,646.93,0.159,2026-03-26 01:25:00
1774488600000,647.18,647.18,647.18,647.18,0.022,2026-03-26 01:30:00
1774488900000,646.96,646.96,646.96,646.96,0.02,2026-03-26 01:35:00
1774489200000,646.96,646.96,646.96,646.96,0.0,2026-03-26 01:40:00
1774489500000,646.96,646.96,646.96,646.96,0.0,2026-03-26 01:45:00
1774489800000,646.41,646.41,646.41,646.41,0.003,2026-03-26 01:50:00
1774490100000,646.22,646.55,646.22,646.39,0.196,2026-03-26 01:55:00
1774490400000,646.56,646.56,646.56,646.56,0.046,2026-03-26 02:00:00
1774490700000,646.56,646.56,646.56,646.56,0.0,2026-03-26 02:05:00
1774491000000,645.16,645.48,645.16,645.48,0.018,2026-03-26 02:10:00
1774491300000,644.84,644.84,644.84,644.84,0.072,2026-03-26 02:15:00
1774491600000,644.84,644.84,644.84,644.84,0.0,2026-03-26 02:20:00
1774491900000,644.84,644.84,644.84,644.84,0.0,2026-03-26 02:25:00
1774492200000,643.53,643.53,642.84,642.84,0.315,2026-03-26 02:30:00
1774492500000,642.84,642.84,642.84,642.84,0.0,2026-03-26 02:35:00
1774492800000,642.84,642.84,642.84,642.84,0.0,2026-03-26 02:40:00
1774493100000,643.49,643.77,643.49,643.77,0.053,2026-03-26 02:45:00
1774493400000,643.29,643.29,643.29,643.29,0.382,2026-03-26 02:50:00
1774493700000,643.44,643.44,643.3,643.3,0.289,2026-03-26 02:55:00
1774494000000,643.51,643.51,642.88,643.11,0.21,2026-03-26 03:00:00
1774494300000,643.11,643.11,643.11,643.11,0.0,2026-03-26 03:05:00
1774494600000,642.76,642.77,642.76,642.77,0.013,2026-03-26 03:10:00
1774494900000,643.03,643.03,643.03,643.03,0.2,2026-03-26 03:15:00
1774495200000,642.64,642.64,642.22,642.22,0.022,2026-03-26 03:20:00
1774495500000,642.22,642.22,642.22,642.22,0.0,2026-03-26 03:25:00
1774495800000,642.22,642.22,642.22,642.22,0.0,2026-03-26 03:30:00
1774496100000,642.55,642.84,642.55,642.84,0.051,2026-03-26 03:35:00
1774496400000,642.31,642.88,642.31,642.88,0.094,2026-03-26 03:40:00
1774496700000,642.88,642.88,642.88,642.88,0.0,2026-03-26 03:45:00
1774497000000,642.88,642.88,642.88,642.88,0.0,2026-03-26 03:50:00
1774497300000,642.82,642.82,642.82,642.82,0.005,2026-03-26 03:55:00
1774497600000,642.65,642.65,642.02,642.02,0.019,2026-03-26 04:00:00
1774497900000,642.02,642.02,642.02,642.02,0.0,2026-03-26 04:05:00
1774498200000,642.18,642.18,641.79,641.79,0.028,2026-03-26 04:10:00
1774498500000,641.79,641.79,641.79,641.79,0.0,2026-03-26 04:15:00
1774498800000,641.5,641.5,641.5,641.5,0.003,2026-03-26 04:20:00
1774499100000,641.5,641.5,641.5,641.5,0.0,2026-03-26 04:25:00
1774499400000,641.5,641.5,641.5,641.5,0.0,2026-03-26 04:30:00
1774499700000,643.08,643.31,643.08,643.17,0.338,2026-03-26 04:35:00
1774500000000,642.87,642.87,642.87,642.87,0.024,2026-03-26 04:40:00
1774500300000,642.87,642.87,642.87,642.87,0.0,2026-03-26 04:45:00
1774500600000,643.17,643.17,643.17,643.17,0.012,2026-03-26 04:50:00
1774500900000,642.14,642.14,642.14,642.14,0.003,2026-03-26 04:55:00
1774501200000,642.14,642.14,642.14,642.14,0.0,2026-03-26 05:00:00
1774501500000,640.95,640.95,640.95,640.95,0.008,2026-03-26 05:05:00
1774501800000,640.56,640.56,638.62,639.77,0.435,2026-03-26 05:10:00
1774502100000,639.77,639.77,639.77,639.77,0.0,2026-03-26 05:15:00
1774502400000,639.77,639.77,639.77,639.77,0.0,2026-03-26 05:20:00
1774502700000,639.45,639.45,639.45,639.45,0.086,2026-03-26 05:25:00
1774503000000,639.45,639.45,639.45,639.45,0.0,2026-03-26 05:30:00
1774503300000,639.35,639.76,639.35,639.76,0.081,2026-03-26 05:35:00
1774503600000,638.04,638.04,638.04,638.04,0.007,2026-03-26 05:40:00
1774503900000,636.69,636.88,636.06,636.06,0.026,2026-03-26 05:45:00
1774504200000,635.67,635.67,635.67,635.67,0.016,2026-03-26 05:50:00
1774504500000,635.63,636.7,634.59,634.59,0.111,2026-03-26 05:55:00
1774504800000,634.59,634.59,634.59,634.59,0.0,2026-03-26 06:00:00
1774505100000,635.3,635.3,635.3,635.3,0.01,2026-03-26 06:05:00
1774505400000,635.3,635.3,635.3,635.3,0.0,2026-03-26 06:10:00
1774505700000,635.48,635.48,635.33,635.33,0.039,2026-03-26 06:15:00
1774506000000,635.33,635.33,635.33,635.33,0.0,2026-03-26 06:20:00
1774506300000,633.29,633.29,633.29,633.29,0.007,2026-03-26 06:25:00
1774506600000,634.87,634.87,634.73,634.73,0.171,2026-03-26 06:30:00
1774506900000,634.73,634.73,634.73,634.73,0.0,2026-03-26 06:35:00
1774507200000,634.73,634.73,634.73,634.73,0.0,2026-03-26 06:40:00
1774507500000,634.73,634.73,634.73,634.73,0.0,2026-03-26 06:45:00
1774507800000,634.79,634.79,634.79,634.79,0.003,2026-03-26 06:50:00
1774508100000,634.79,634.79,634.79,634.79,0.0,2026-03-26 06:55:00
1774508400000,635.29,635.29,635.07,635.07,0.103,2026-03-26 07:00:00
1774508700000,634.77,634.77,634.77,634.77,0.004,2026-03-26 07:05:00
1774509000000,634.77,634.77,634.77,634.77,0.0,2026-03-26 07:10:00
1774509300000,634.77,634.77,634.77,634.77,0.0,2026-03-26 07:15:00
1774509600000,634.77,634.77,634.77,634.77,0.0,2026-03-26 07:20:00
1774509900000,634.77,634.77,634.77,634.77,0.0,2026-03-26 07:25:00
1774510200000,634.77,634.77,634.77,634.77,0.0,2026-03-26 07:30:00
1774510500000,634.77,634.77,634.77,634.77,0.0,2026-03-26 07:35:00
1774510800000,635.65,635.65,635.65,635.65,0.031,2026-03-26 07:40:00
1774511100000,635.65,635.65,635.65,635.65,0.0,2026-03-26 07:45:00
1774511400000,635.1,635.1,635.1,635.1,0.005,2026-03-26 07:50:00
1774511700000,635.1,635.1,635.1,635.1,0.0,2026-03-26 07:55:00
1774512000000,635.1,635.1,635.1,635.1,0.0,2026-03-26 08:00:00
1774512300000,635.1,635.1,635.1,635.1,0.0,2026-03-26 08:05:00
1774512600000,635.1,635.1,635.1,635.1,0.0,2026-03-26 08:10:00
1774512900000,635.1,635.1,635.1,635.1,0.0,2026-03-26 08:15:00
1774513200000,635.1,635.1,635.1,635.1,0.0,2026-03-26 08:20:00
1774513500000,633.21,633.21,633.21,633.21,0.039,2026-03-26 08:25:00
1774513800000,632.75,632.75,632.75,632.75,0.003,2026-03-26 08:30:00
1774514100000,632.75,632.75,632.75,632.75,0.0,2026-03-26 08:35:00
1774514400000,632.75,632.75,632.75,632.75,0.0,2026-03-26 08:40:00
1774514700000,632.9,632.9,632.9,632.9,0.036,2026-03-26 08:45:00
1774515000000,633.66,633.66,633.66,633.66,0.1,2026-03-26 08:50:00
1774515300000,633.66,633.66,633.66,633.66,0.0,2026-03-26 08:55:00
1774515600000,633.39,633.39,633.39,633.39,0.1,2026-03-26 09:00:00
1774515900000,633.75,633.75,633.75,633.75,0.003,2026-03-26 09:05:00
1774516200000,633.75,633.75,633.75,633.75,0.0,2026-03-26 09:10:00
1774516500000,633.55,633.55,633.55,633.55,0.021,2026-03-26 09:15:00
1774516800000,632.9,633.15,632.86,633.15,4.281,2026-03-26 09:20:00
1774517100000,633.15,633.15,633.15,633.15,0.0,2026-03-26 09:25:00
1774517400000,631.4,631.4,629.12,629.83,0.659,2026-03-26 09:30:00
1774517700000,629.35,629.35,629.35,629.35,0.02,2026-03-26 09:35:00
1774518000000,629.35,629.35,629.35,629.35,0.0,2026-03-26 09:40:00
1774518300000,629.35,629.35,629.35,629.35,0.0,2026-03-26 09:45:00
1774518600000,630.28,630.28,630.28,630.28,0.017,2026-03-26 09:50:00
1774518900000,630.42,630.42,630.42,630.42,0.003,2026-03-26 09:55:00
1774519200000,630.18,630.18,629.49,629.49,0.053,2026-03-26 10:00:00
1774519500000,629.27,629.45,629.27,629.45,0.019,2026-03-26 10:05:00
1774519800000,629.82,629.82,629.82,629.82,0.079,2026-03-26 10:10:00
1774520100000,630.57,630.57,630.57,630.57,0.008,2026-03-26 10:15:00
1774520400000,631.0,631.0,631.0,631.0,0.003,2026-03-26 10:20:00
1774520700000,630.3,630.3,630.3,630.3,0.04,2026-03-26 10:25:00
1774521000000,631.45,631.69,631.45,631.69,0.237,2026-03-26 10:30:00
1774521300000,631.69,631.69,631.69,631.69,0.0,2026-03-26 10:35:00
1774521600000,630.52,630.52,630.52,630.52,3.67,2026-03-26 10:40:00
1774521900000,631.02,631.02,631.02,631.02,0.014,2026-03-26 10:45:00
1774522200000,631.02,631.02,631.02,631.02,0.0,2026-03-26 10:50:00
1774522500000,630.38,630.38,630.38,630.38,0.008,2026-03-26 10:55:00
1774522800000,630.38,630.38,630.38,630.38,0.0,2026-03-26 11:00:00
1774523100000,629.79,629.79,629.79,629.79,0.003,2026-03-26 11:05:00
1774523400000,629.96,629.96,629.96,629.96,0.158,2026-03-26 11:10:00
1774523700000,629.96,629.96,629.96,629.96,0.0,2026-03-26 11:15:00
1774524000000,629.0,629.36,629.0,629.36,0.198,2026-03-26 11:20:00
1774524300000,628.6,628.6,628.1,628.1,0.035,2026-03-26 11:25:00
1774524600000,628.86,628.86,628.86,628.86,0.014,2026-03-26 11:30:00
1774524900000,628.86,628.86,628.86,628.86,0.0,2026-03-26 11:35:00
1774525200000,629.61,629.61,629.61,629.61,0.003,2026-03-26 11:40:00
1774525500000,629.61,629.61,629.61,629.61,0.0,2026-03-26 11:45:00
1774525800000,629.61,629.61,629.61,629.61,0.0,2026-03-26 11:50:00
1774526100000,629.41,629.41,629.41,629.41,0.308,2026-03-26 11:55:00
1774526400000,628.9,628.9,628.9,628.9,0.008,2026-03-26 12:00:00
1774526700000,628.73,629.15,628.68,628.68,0.098,2026-03-26 12:05:00
1774527000000,629.2,629.2,629.2,629.2,0.003,2026-03-26 12:10:00
1774527300000,629.2,629.2,629.2,629.2,0.0,2026-03-26 12:15:00
1774527600000,629.1,629.1,628.97,628.97,0.162,2026-03-26 12:20:00
1774527900000,628.97,628.97,628.97,628.97,0.0,2026-03-26 12:25:00
1774528200000,628.97,628.97,628.97,628.97,0.0,2026-03-26 12:30:00
1774528500000,628.97,628.97,628.97,628.97,0.0,2026-03-26 12:35:00
1774528800000,629.42,630.35,629.42,630.35,0.27,2026-03-26 12:40:00
1774529100000,629.6,629.6,629.57,629.57,0.04,2026-03-26 12:45:00
1774529400000,629.29,629.29,629.29,629.29,0.003,2026-03-26 12:50:00
1774529700000,629.29,629.29,629.29,629.29,0.0,2026-03-26 12:55:00
1774530000000,629.91,629.91,629.91,629.91,0.158,2026-03-26 13:00:00
1774530300000,630.14,630.27,630.14,630.27,0.018,2026-03-26 13:05:00
1774530600000,630.27,630.27,630.27,630.27,0.0,2026-03-26 13:10:00
1774530900000,630.51,631.7,630.51,630.74,2.079,2026-03-26 13:15:00
1774531200000,630.74,630.74,630.74,630.74,0.0,2026-03-26 13:20:00
1774531500000,630.49,630.6,630.29,630.6,0.703,2026-03-26 13:25:00
1774531800000,629.82,629.82,629.82,629.82,0.002,2026-03-26 13:30:00
1774532100000,629.82,629.82,629.82,629.82,0.0,2026-03-26 13:35:00
1774532400000,629.42,629.98,629.42,629.98,0.015,2026-03-26 13:40:00
1774532700000,631.31,631.31,631.31,631.31,0.055,2026-03-26 13:45:00
1774533000000,631.31,631.31,631.31,631.31,0.0,2026-03-26 13:50:00
1774533300000,631.31,631.31,631.31,631.31,0.0,2026-03-26 13:55:00
1774533600000,631.31,631.31,631.31,631.31,0.0,2026-03-26 14:00:00
1774533900000,631.31,631.31,631.31,631.31,0.0,2026-03-26 14:05:00
1774534200000,631.39,631.39,631.22,631.3,0.014,2026-03-26 14:10:00
1774534500000,631.54,631.59,631.54,631.59,0.03,2026-03-26 14:15:00
1774534800000,630.01,630.01,629.9,629.9,0.013,2026-03-26 14:20:00
1774535100000,629.9,629.9,629.9,629.9,0.0,2026-03-26 14:25:00
1774535400000,629.9,629.9,629.9,629.9,0.0,2026-03-26 14:30:00
1774535700000,629.9,629.9,629.9,629.9,0.0,2026-03-26 14:35:00
1774536000000,629.72,629.72,629.63,629.63,0.51,2026-03-26 14:40:00
1774536300000,629.17,629.17,629.17,629.17,0.003,2026-03-26 14:45:00
1774536600000,629.45,629.45,629.45,629.45,0.159,2026-03-26 14:50:00
1774536900000,629.45,629.45,629.45,629.45,0.0,2026-03-26 14:55:00
1774537200000,629.45,629.45,629.45,629.45,0.0,2026-03-26 15:00:00
1774537500000,628.15,628.15,628.15,628.15,0.023,2026-03-26 15:05:00
1774537800000,628.0,628.0,626.7,626.7,0.665,2026-03-26 15:10:00
1774538100000,626.94,626.94,626.94,626.94,0.051,2026-03-26 15:15:00
1774538400000,627.43,628.26,627.43,628.26,0.025,2026-03-26 15:20:00
1774538700000,628.26,628.26,628.26,628.26,0.0,2026-03-26 15:25:00
1774539000000,628.26,628.26,628.26,628.26,0.0,2026-03-26 15:30:00
1774539300000,628.26,628.26,628.26,628.26,0.0,2026-03-26 15:35:00
1774539600000,627.63,628.34,627.63,628.34,0.331,2026-03-26 15:40:00
1774539900000,627.83,627.83,627.82,627.82,0.022,2026-03-26 15:45:00
1774540200000,627.55,627.55,627.55,627.55,0.003,2026-03-26 15:50:00
1774540500000,627.55,627.55,627.55,627.55,0.0,2026-03-26 15:55:00
1774540800000,627.55,627.55,627.55,627.55,0.0,2026-03-26 16:00:00
1774541100000,627.71,627.71,627.71,627.71,0.008,2026-03-26 16:05:00
1774541400000,627.71,627.71,627.71,627.71,0.0,2026-03-26 16:10:00
1774541700000,627.06,627.34,627.06,627.34,0.037,2026-03-26 16:15:00
1774542000000,627.34,627.34,627.34,627.34,0.0,2026-03-26 16:20:00
1774542300000,627.34,627.34,627.34,627.34,0.0,2026-03-26 16:25:00
1774542600000,627.34,627.34,627.34,627.34,0.0,2026-03-26 16:30:00
1774542900000,627.34,627.34,627.34,627.34,0.0,2026-03-26 16:35:00
1774543200000,626.99,626.99,626.99,626.99,0.003,2026-03-26 16:40:00
1774543500000,626.99,626.99,626.99,626.99,0.0,2026-03-26 16:45:00
1774543800000,626.99,626.99,626.99,626.99,0.0,2026-03-26 16:50:00
1774544100000,626.99,626.99,626.99,626.99,0.0,2026-03-26 16:55:00
1774544400000,627.18,627.18,627.18,627.18,0.015,2026-03-26 17:00:00
1774544700000,627.18,627.18,627.18,627.18,0.0,2026-03-26 17:05:00
1774545000000,628.17,628.17,628.17,628.17,0.113,2026-03-26 17:10:00
1774545300000,628.42,628.42,627.91,627.91,1.036,2026-03-26 17:15:00
1774545600000,627.91,627.91,627.91,627.91,0.0,2026-03-26 17:20:00
1774545900000,627.91,627.91,627.91,627.91,0.0,2026-03-26 17:25:00
1774546200000,629.04,629.04,629.04,629.04,0.033,2026-03-26 17:30:00
1774546500000,629.04,629.04,629.04,629.04,0.0,2026-03-26 17:35:00
1774546800000,628.11,628.11,627.87,627.87,0.006,2026-03-26 17:40:00
1774547100000,627.87,627.87,627.87,627.87,0.0,2026-03-26 17:45:00
1774547400000,626.98,626.98,626.72,626.72,0.048,2026-03-26 17:50:00
1774547700000,625.23,625.5,625.0,625.33,0.104,2026-03-26 17:55:00
1774548000000,625.71,625.71,625.71,625.71,0.002,2026-03-26 18:00:00
1774548300000,625.0,625.0,625.0,625.0,0.006,2026-03-26 18:05:00
1774548600000,625.0,625.0,625.0,625.0,0.0,2026-03-26 18:10:00
1774548900000,625.27,625.27,623.25,624.91,0.605,2026-03-26 18:15:00
1774549200000,624.54,624.54,624.54,624.54,0.005,2026-03-26 18:20:00
1774549500000,624.34,624.34,623.42,623.42,1.033,2026-03-26 18:25:00
1774549800000,623.48,623.48,623.48,623.48,0.016,2026-03-26 18:30:00
1774550100000,624.31,624.31,624.05,624.05,0.685,2026-03-26 18:35:00
1774550400000,624.8,624.8,624.49,624.49,0.011,2026-03-26 18:40:00
1774550700000,625.02,625.02,625.02,625.02,0.031,2026-03-26 18:45:00
1774551000000,625.02,625.02,625.02,625.02,0.0,2026-03-26 18:50:00
1774551300000,625.02,625.02,625.02,625.02,0.0,2026-03-26 18:55:00
1774551600000,625.02,625.02,625.02,625.02,0.0,2026-03-26 19:00:00
1774551900000,625.02,625.02,625.02,625.02,0.0,2026-03-26 19:05:00
1774552200000,625.84,625.84,625.84,625.84,0.095,2026-03-26 19:10:00
1774552500000,625.84,625.84,625.84,625.84,0.0,2026-03-26 19:15:00
1774552800000,625.84,625.84,625.84,625.84,0.0,2026-03-26 19:20:00
1774553100000,625.96,625.96,625.21,625.21,0.103,2026-03-26 19:25:00
1774553400000,624.87,624.87,624.87,624.87,0.003,2026-03-26 19:30:00
1774553700000,625.95,626.32,625.95,626.32,0.543,2026-03-26 19:35:00
1774554000000,626.32,626.32,626.32,626.32,0.0,2026-03-26 19:40:00
1774554300000,626.92,626.92,626.71,626.71,0.112,2026-03-26 19:45:00
1774554600000,626.3,626.3,626.3,626.3,0.032,2026-03-26 19:50:00
1774554900000,626.44,626.44,626.44,626.44,0.003,2026-03-26 19:55:00
1774555200000,625.7,625.7,625.7,625.7,0.008,2026-03-26 20:00:00
1774555500000,625.49,625.49,625.49,625.49,0.002,2026-03-26 20:05:00
1774555800000,631.35,631.35,631.02,631.02,0.088,2026-03-26 20:10:00
1774556100000,630.32,630.32,630.32,630.32,0.015,2026-03-26 20:15:00
1774556400000,630.6,630.65,630.6,630.65,0.031,2026-03-26 20:20:00
1774556700000,630.78,630.78,630.78,630.78,0.317,2026-03-26 20:25:00
1774557000000,630.78,630.78,630.78,630.78,0.0,2026-03-26 20:30:00
1774557300000,630.78,630.78,630.78,630.78,0.0,2026-03-26 20:35:00
1774557600000,630.72,630.72,630.72,630.72,0.003,2026-03-26 20:40:00
1774557900000,631.17,631.17,631.17,631.17,0.008,2026-03-26 20:45:00
1774558200000,631.17,631.17,631.17,631.17,0.0,2026-03-26 20:50:00
1774558500000,630.06,630.06,629.95,629.95,0.013,2026-03-26 20:55:00
1774558800000,629.26,629.26,629.26,629.26,0.003,2026-03-26 21:00:00
1774559100000,629.18,629.18,629.18,629.18,0.027,2026-03-26 21:05:00
1774559400000,629.18,629.18,629.18,629.18,0.0,2026-03-26 21:10:00
1774559700000,629.18,629.18,629.18,629.18,0.0,2026-03-26 21:15:00
1774560000000,629.18,629.18,629.18,629.18,0.0,2026-03-26 21:20:00
1774560300000,629.18,629.18,629.18,629.18,0.0,2026-03-26 21:25:00
1774560600000,629.18,629.18,629.18,629.18,0.0,2026-03-26 21:30:00
1774560900000,629.18,629.18,629.18,629.18,0.0,2026-03-26 21:35:00
1774561200000,631.29,631.29,631.29,631.29,0.003,2026-03-26 21:40:00
1774561500000,631.29,631.29,631.29,631.29,0.0,2026-03-26 21:45:00
1774561800000,631.29,631.29,631.29,631.29,0.0,2026-03-26 21:50:00
1774562100000,630.89,630.89,630.89,630.89,0.079,2026-03-26 21:55:00
1774562400000,630.34,630.73,630.3,630.73,0.107,2026-03-26 22:00:00
1774562700000,630.91,630.91,630.91,630.91,0.032,2026-03-26 22:05:00
1774563000000,630.37,630.37,630.34,630.34,17.268,2026-03-26 22:10:00
1774563300000,630.34,630.34,630.34,630.34,0.0,2026-03-26 22:15:00
1774563600000,629.18,629.18,629.18,629.18,12.0,2026-03-26 22:20:00
1774563900000,629.53,629.69,628.93,628.93,0.013,2026-03-26 22:25:00
1774564200000,628.93,628.93,628.93,628.93,0.0,2026-03-26 22:30:00
1774564500000,628.93,628.93,628.93,628.93,0.0,2026-03-26 22:35:00
1774564800000,629.26,629.26,629.26,629.26,0.014,2026-03-26 22:40:00
1774565100000,629.01,629.01,629.01,629.01,0.99,2026-03-26 22:45:00
1774565400000,629.53,629.53,629.53,629.53,0.087,2026-03-26 22:50:00
1774565700000,629.3,629.3,629.3,629.3,0.041,2026-03-26 22:55:00
1774566000000,630.38,630.38,630.38,630.38,0.003,2026-03-26 23:00:00
1774566300000,630.45,630.45,630.26,630.28,3.688,2026-03-26 23:05:00
1774566600000,629.34,629.34,629.34,629.34,0.079,2026-03-26 23:10:00
1774566900000,628.76,628.76,628.76,628.76,0.003,2026-03-26 23:15:00
1774567200000,628.76,628.76,628.76,628.76,0.0,2026-03-26 23:20:00
1774567500000,628.76,628.76,628.76,628.76,0.0,2026-03-26 23:25:00
1774567800000,628.45,628.45,627.79,627.79,0.136,2026-03-26 23:30:00
1774568100000,629.18,629.18,629.18,629.18,0.003,2026-03-26 23:35:00
1774568400000,629.18,629.18,629.18,629.18,0.0,2026-03-26 23:40:00
1774568700000,628.68,628.68,628.68,628.68,0.003,2026-03-26 23:45:00
1774569000000,629.1,629.1,629.1,629.1,0.005,2026-03-26 23:50:00
1774569300000,629.02,629.02,629.02,629.02,0.003,2026-03-26 23:55:00
1774569600000,629.02,629.02,629.02,629.02,0.0,2026-03-27 00:00:00
1774569900000,628.67,628.67,628.67,628.67,0.002,2026-03-27 00:05:00
1774570200000,628.91,628.91,628.91,628.91,0.026,2026-03-27 00:10:00
1774570500000,629.5,629.5,629.37,629.37,0.19,2026-03-27 00:15:00
1774570800000,629.04,629.04,628.05,628.05,0.255,2026-03-27 00:20:00
1774571100000,628.28,628.93,628.28,628.93,0.011,2026-03-27 00:25:00
1774571400000,628.87,628.87,628.87,628.87,0.005,2026-03-27 00:30:00
1774571700000,628.87,628.87,628.87,628.87,0.0,2026-03-27 00:35:00
1774572000000,628.28,628.28,628.24,628.24,0.369,2026-03-27 00:40:00
1774572300000,628.62,628.62,628.01,628.1,0.027,2026-03-27 00:45:00
1774572600000,628.1,628.1,628.1,628.1,0.0,2026-03-27 00:50:00
1774572900000,629.15,629.36,629.15,629.36,1.02,2026-03-27 00:55:00
1774573200000,629.58,629.58,629.58,629.58,0.003,2026-03-27 01:00:00
1774573500000,628.59,628.97,628.38,628.73,0.785,2026-03-27 01:05:00
1774573800000,629.51,629.84,629.51,629.59,0.038,2026-03-27 01:10:00
1774574100000,630.17,630.53,629.61,629.77,0.306,2026-03-27 01:15:00
1774574400000,629.77,629.77,629.77,629.77,0.0,2026-03-27 01:20:00
1774574700000,629.77,629.77,629.77,629.77,0.0,2026-03-27 01:25:00
1774575000000,630.67,630.96,630.33,630.96,0.122,2026-03-27 01:30:00
1774575300000,630.96,630.96,630.96,630.96,0.0,2026-03-27 01:35:00
1774575600000,630.35,630.35,630.35,630.35,0.003,2026-03-27 01:40:00
1774575900000,630.35,630.35,630.35,630.35,0.0,2026-03-27 01:45:00
1774576200000,630.35,630.35,630.35,630.35,0.0,2026-03-27 01:50:00
1774576500000,630.35,630.35,630.35,630.35,0.0,2026-03-27 01:55:00
1774576800000,631.49,631.49,631.49,631.49,0.005,2026-03-27 02:00:00
1774577100000,631.49,631.49,631.49,631.49,0.0,2026-03-27 02:05:00
1774577400000,631.65,631.82,631.65,631.82,0.079,2026-03-27 02:10:00
1774577700000,630.71,630.73,630.42,630.42,0.287,2026-03-27 02:15:00
1774578000000,630.42,630.42,630.42,630.42,0.0,2026-03-27 02:20:00
1774578300000,630.42,630.42,630.42,630.42,0.0,2026-03-27 02:25:00
1774578600000,630.42,630.42,630.42,630.42,0.0,2026-03-27 02:30:00
1774578900000,630.42,630.42,630.42,630.42,0.0,2026-03-27 02:35:00
1774579200000,630.34,630.34,630.34,630.34,0.003,2026-03-27 02:40:00
1774579500000,630.34,630.34,630.34,630.34,0.0,2026-03-27 02:45:00
1774579800000,630.66,630.66,630.66,630.66,0.015,2026-03-27 02:50:00
1774580100000,630.66,630.66,630.66,630.66,0.0,2026-03-27 02:55:00
1774580400000,630.66,630.66,630.66,630.66,0.0,2026-03-27 03:00:00
1774580700000,630.66,630.66,630.66,630.66,0.0,2026-03-27 03:05:00
1774581000000,630.66,630.66,630.66,630.66,0.0,2026-03-27 03:10:00
1774581300000,630.66,630.66,630.66,630.66,0.0,2026-03-27 03:15:00
1774581600000,630.66,630.66,630.66,630.66,0.0,2026-03-27 03:20:00
1774581900000,628.17,628.17,628.17,628.17,0.003,2026-03-27 03:25:00
1774582200000,628.17,628.17,628.17,628.17,0.0,2026-03-27 03:30:00
1774582500000,628.77,628.77,628.77,628.77,0.155,2026-03-27 03:35:00
1774582800000,629.05,629.05,629.05,629.05,0.1,2026-03-27 03:40:00
1774583100000,628.2,628.2,628.2,628.2,0.006,2026-03-27 03:45:00
1774583400000,628.72,628.72,628.72,628.72,0.003,2026-03-27 03:50:00
1774583700000,628.17,628.17,628.17,628.17,0.014,2026-03-27 03:55:00
1774584000000,626.32,626.32,626.32,626.32,0.08,2026-03-27 04:00:00
1774584300000,626.32,626.32,626.32,626.32,0.0,2026-03-27 04:05:00
1774584600000,625.59,625.59,625.59,625.59,0.008,2026-03-27 04:10:00
1774584900000,625.59,625.59,625.59,625.59,0.0,2026-03-27 04:15:00
1774585200000,627.53,627.53,627.49,627.51,0.288,2026-03-27 04:20:00
1774585500000,627.51,627.51,627.51,627.51,0.0,2026-03-27 04:25:00
1774585800000,627.66,627.66,627.04,627.04,0.241,2026-03-27 04:30:00
1774586100000,627.04,627.04,627.04,627.04,0.0,2026-03-27 04:35:00
1774586400000,627.04,627.04,627.04,627.04,0.0,2026-03-27 04:40:00
1774586700000,627.04,627.04,627.04,627.04,0.0,2026-03-27 04:45:00
1774587000000,627.04,627.04,627.04,627.04,0.0,2026-03-27 04:50:00
1774587300000,627.52,627.52,627.37,627.37,0.048,2026-03-27 04:55:00
1774587600000,627.41,627.41,627.41,627.41,0.08,2026-03-27 05:00:00
1774587900000,628.2,628.65,628.2,628.65,0.011,2026-03-27 05:05:00
1774588200000,628.65,628.65,628.65,628.65,0.0,2026-03-27 05:10:00
1774588500000,628.65,628.65,628.65,628.65,0.0,2026-03-27 05:15:00
1774588800000,628.65,628.65,628.65,628.65,0.0,2026-03-27 05:20:00
1774589100000,628.12,628.12,628.12,628.12,0.016,2026-03-27 05:25:00
1774589400000,628.12,628.12,628.12,628.12,0.0,2026-03-27 05:30:00
1774589700000,628.06,628.06,628.06,628.06,0.04,2026-03-27 05:35:00
1774590000000,627.55,627.55,627.55,627.55,1.082,2026-03-27 05:40:00
1774590300000,627.55,627.55,627.55,627.55,0.0,2026-03-27 05:45:00
1774590600000,627.54,627.54,627.54,627.54,0.207,2026-03-27 05:50:00
1774590900000,627.67,627.67,627.67,627.67,0.003,2026-03-27 05:55:00
1774591200000,627.67,627.67,627.67,627.67,0.0,2026-03-27 06:00:00
1774591500000,627.67,627.67,627.67,627.67,0.0,2026-03-27 06:05:00
1774591800000,628.33,628.48,628.33,628.48,0.223,2026-03-27 06:10:00
1774592100000,628.48,628.48,628.48,628.48,0.0,2026-03-27 06:15:00
1774592400000,628.56,628.56,628.56,628.56,0.008,2026-03-27 06:20:00
1774592700000,628.56,628.56,628.56,628.56,0.0,2026-03-27 06:25:00
1774593000000,628.77,629.96,628.6,628.6,0.216,2026-03-27 06:30:00
1774593300000,628.37,628.37,628.37,628.37,0.011,2026-03-27 06:35:00
1774593600000,628.37,628.37,628.37,628.37,0.0,2026-03-27 06:40:00
1774593900000,628.22,628.26,628.22,628.26,0.091,2026-03-27 06:45:00
1774594200000,628.26,628.26,628.26,628.26,0.0,2026-03-27 06:50:00
1774594500000,628.18,628.33,627.97,628.33,6.347,2026-03-27 06:55:00
1774594800000,628.19,628.19,628.19,628.19,0.003,2026-03-27 07:00:00
1774595100000,628.19,628.19,628.19,628.19,0.0,2026-03-27 07:05:00
1774595400000,627.68,627.68,627.68,627.68,0.003,2026-03-27 07:10:00
1774595700000,629.64,629.64,629.64,629.64,0.045,2026-03-27 07:15:00
1774596000000,629.69,629.77,629.69,629.77,0.051,2026-03-27 07:20:00
1774596300000,629.77,629.77,629.77,629.77,0.0,2026-03-27 07:25:00
1774596600000,629.87,629.87,629.87,629.87,0.015,2026-03-27 07:30:00
1774596900000,629.25,629.25,629.25,629.25,0.003,2026-03-27 07:35:00
1774597200000,629.25,629.25,629.25,629.25,0.0,2026-03-27 07:40:00
1774597500000,628.68,628.68,628.26,628.32,0.045,2026-03-27 07:45:00
1774597800000,628.32,628.32,628.32,628.32,0.0,2026-03-27 07:50:00
1774598100000,629.01,629.01,629.01,629.01,0.003,2026-03-27 07:55:00
1774598400000,629.01,629.01,629.01,629.01,0.0,2026-03-27 08:00:00
1774598700000,629.01,629.01,629.01,629.01,0.0,2026-03-27 08:05:00
1774599000000,629.01,629.01,629.01,629.01,0.0,2026-03-27 08:10:00
1774599300000,629.01,629.01,629.01,629.01,0.0,2026-03-27 08:15:00
1774599600000,627.68,627.68,625.49,626.21,2.522,2026-03-27 08:20:00
1774599900000,625.63,625.63,625.02,625.4,0.452,2026-03-27 08:25:00
1774600200000,625.4,625.4,625.4,625.4,0.0,2026-03-27 08:30:00
1774600500000,624.09,624.09,618.85,618.85,2.659,2026-03-27 08:35:00
1774600800000,618.84,618.84,618.49,618.49,0.146,2026-03-27 08:40:00
1774601100000,618.49,618.49,618.49,618.49,0.0,2026-03-27 08:45:00
1774601400000,620.9,621.39,620.9,621.06,0.189,2026-03-27 08:50:00
1774601700000,621.06,621.06,621.06,621.06,0.0,2026-03-27 08:55:00
1774602000000,620.55,620.55,620.49,620.49,0.014,2026-03-27 09:00:00
1774602300000,620.49,620.49,620.49,620.49,0.0,2026-03-27 09:05:00
1774602600000,618.64,618.64,618.64,618.64,0.161,2026-03-27 09:10:00
1774602900000,618.64,618.64,618.64,618.64,0.0,2026-03-27 09:15:00
1774603200000,620.15,620.15,620.14,620.14,3.382,2026-03-27 09:20:00
1774603500000,620.14,620.14,620.14,620.14,0.0,2026-03-27 09:25:00
1774603800000,620.73,621.2,620.73,621.2,0.911,2026-03-27 09:30:00
1774604100000,621.2,621.2,621.2,621.2,0.0,2026-03-27 09:35:00
1774604400000,621.2,621.2,621.2,621.2,0.0,2026-03-27 09:40:00
1774604700000,620.17,620.17,620.17,620.17,0.004,2026-03-27 09:45:00
1774605000000,620.17,620.17,620.17,620.17,0.0,2026-03-27 09:50:00
1774605300000,620.17,620.17,620.17,620.17,0.0,2026-03-27 09:55:00
1774605600000,620.17,620.17,620.17,620.17,0.0,2026-03-27 10:00:00
1774605900000,620.15,620.15,620.15,620.15,0.016,2026-03-27 10:05:00
1774606200000,620.15,620.15,620.15,620.15,0.0,2026-03-27 10:10:00
1774606500000,619.82,619.82,619.29,619.29,0.153,2026-03-27 10:15:00
1774606800000,619.08,619.08,618.91,618.91,2.81,2026-03-27 10:20:00
1774607100000,619.16,619.16,619.15,619.15,7.13,2026-03-27 10:25:00
1774607400000,619.15,619.15,619.15,619.15,0.0,2026-03-27 10:30:00
1774607700000,618.35,618.35,610.75,610.75,4.273,2026-03-27 10:35:00
1774608000000,611.92,613.28,611.16,611.16,0.053,2026-03-27 10:40:00
1774608300000,610.77,610.77,610.77,610.77,0.163,2026-03-27 10:45:00
1774608600000,610.18,610.18,608.75,609.4,0.825,2026-03-27 10:50:00
1774608900000,608.75,608.75,607.7,607.7,0.355,2026-03-27 10:55:00
1774609200000,608.9,608.9,607.7,607.7,0.367,2026-03-27 11:00:00
1774609500000,609.77,609.77,609.77,609.77,0.01,2026-03-27 11:05:00
1774609800000,610.84,610.84,610.57,610.6,0.826,2026-03-27 11:10:00
1774610100000,611.66,611.66,610.76,610.76,0.078,2026-03-27 11:15:00
1774610400000,610.76,610.76,610.76,610.76,0.0,2026-03-27 11:20:00
1774610700000,610.92,610.92,610.67,610.67,0.072,2026-03-27 11:25:00
1774611000000,610.67,610.67,610.67,610.67,0.0,2026-03-27 11:30:00
1774611300000,610.67,610.67,610.67,610.67,0.0,2026-03-27 11:35:00
1774611600000,610.67,610.67,610.67,610.67,0.0,2026-03-27 11:40:00
1774611900000,611.95,611.95,611.72,611.72,0.164,2026-03-27 11:45:00
1774612200000,611.72,611.72,611.72,611.72,0.0,2026-03-27 11:50:00
1774612500000,611.72,611.72,611.72,611.72,0.0,2026-03-27 11:55:00
1774612800000,611.1,611.11,610.83,610.83,0.824,2026-03-27 12:00:00
1774613100000,610.86,610.86,610.86,610.86,0.041,2026-03-27 12:05:00
1774613400000,610.95,611.6,610.95,611.6,0.032,2026-03-27 12:10:00
1774613700000,611.55,611.55,611.2,611.2,0.248,2026-03-27 12:15:00
1774614000000,611.43,611.43,611.43,611.43,0.016,2026-03-27 12:20:00
1774614300000,611.29,611.29,611.29,611.29,0.007,2026-03-27 12:25:00
1774614600000,610.8,610.8,610.4,610.4,0.076,2026-03-27 12:30:00
1774614900000,610.4,610.4,609.86,609.86,5.619,2026-03-27 12:35:00
1774615200000,609.86,609.86,609.86,609.86,0.0,2026-03-27 12:40:00
1774615500000,609.86,609.86,609.86,609.86,0.0,2026-03-27 12:45:00
1774615800000,610.79,610.93,610.79,610.93,0.084,2026-03-27 12:50:00
1774616100000,610.93,610.93,610.93,610.93,0.0,2026-03-27 12:55:00
1774616400000,611.51,611.51,611.46,611.46,1.039,2026-03-27 13:00:00
1774616700000,611.46,611.46,611.46,611.46,0.0,2026-03-27 13:05:00
1774617000000,610.94,610.94,610.94,610.94,0.004,2026-03-27 13:10:00
1774617300000,611.44,611.44,611.44,611.44,0.163,2026-03-27 13:15:00
1774617600000,611.94,612.34,611.65,612.34,8.642,2026-03-27 13:20:00
1774617900000,612.34,612.34,612.34,612.34,0.0,2026-03-27 13:25:00
1774618200000,610.22,610.23,610.22,610.23,1.897,2026-03-27 13:30:00
1774618500000,609.51,610.54,608.84,610.54,0.063,2026-03-27 13:35:00
1774618800000,610.54,610.54,610.54,610.54,0.0,2026-03-27 13:40:00
1774619100000,610.54,610.54,610.54,610.54,0.0,2026-03-27 13:45:00
1774619400000,610.54,610.54,610.54,610.54,0.0,2026-03-27 13:50:00
1774619700000,607.82,607.82,607.76,607.76,0.328,2026-03-27 13:55:00
1774620000000,607.76,607.76,607.76,607.76,0.0,2026-03-27 14:00:00
1774620300000,607.76,607.76,607.76,607.76,0.0,2026-03-27 14:05:00
1774620600000,610.24,610.24,609.45,609.45,0.011,2026-03-27 14:10:00
1774620900000,609.45,609.45,609.45,609.45,0.0,2026-03-27 14:15:00
1774621200000,607.47,607.47,607.47,607.47,0.164,2026-03-27 14:20:00
1774621500000,606.34,606.34,606.34,606.34,0.003,2026-03-27 14:25:00
1774621800000,606.34,606.34,606.34,606.34,0.0,2026-03-27 14:30:00
1774622100000,607.77,607.77,607.77,607.77,0.005,2026-03-27 14:35:00
1774622400000,607.2,607.2,607.06,607.06,0.108,2026-03-27 14:40:00
1774622700000,607.06,607.06,607.06,607.06,0.0,2026-03-27 14:45:00
1774623000000,608.23,608.39,608.23,608.39,0.013,2026-03-27 14:50:00
1774623300000,609.37,609.63,609.37,609.53,0.026,2026-03-27 14:55:00
1774623600000,610.58,610.58,610.58,610.58,0.2,2026-03-27 15:00:00
1774623900000,610.89,610.89,610.89,610.89,0.008,2026-03-27 15:05:00
1774624200000,610.35,610.35,610.35,610.35,0.018,2026-03-27 15:10:00
1774624500000,610.72,610.73,610.29,610.29,0.051,2026-03-27 15:15:00
1774624800000,610.29,610.29,610.29,610.29,0.0,2026-03-27 15:20:00
1774625100000,612.17,612.17,612.17,612.17,0.008,2026-03-27 15:25:00
1774625400000,612.17,612.17,612.17,612.17,0.0,2026-03-27 15:30:00
1774625700000,613.6,613.64,613.12,613.12,0.05,2026-03-27 15:35:00
1774626000000,612.83,612.92,612.83,612.92,0.149,2026-03-27 15:40:00
1774626300000,612.92,612.92,612.92,612.92,0.0,2026-03-27 15:45:00
1774626600000,612.92,612.92,612.92,612.92,0.0,2026-03-27 15:50:00
1774626900000,612.92,612.92,612.92,612.92,0.0,2026-03-27 15:55:00
1774627200000,612.92,612.92,612.92,612.92,0.0,2026-03-27 16:00:00
1774627500000,609.53,609.53,608.61,608.61,0.135,2026-03-27 16:05:00
1774627800000,608.61,608.61,608.61,608.61,0.0,2026-03-27 16:10:00
1774628100000,608.99,608.99,608.61,608.61,0.086,2026-03-27 16:15:00
1774628400000,608.61,608.61,608.61,608.61,0.0,2026-03-27 16:20:00
1774628700000,608.61,608.61,608.61,608.61,0.0,2026-03-27 16:25:00
1774629000000,608.99,609.47,608.99,609.47,0.956,2026-03-27 16:30:00
1774629300000,609.49,609.49,608.63,608.63,0.103,2026-03-27 16:35:00
1774629600000,610.09,610.19,610.09,610.19,0.033,2026-03-27 16:40:00
1774629900000,610.09,610.09,610.09,610.09,0.005,2026-03-27 16:45:00
1774630200000,610.44,610.48,609.19,609.19,0.036,2026-03-27 16:50:00
1774630500000,609.66,609.66,609.66,609.66,0.164,2026-03-27 16:55:00
1774630800000,609.46,609.47,609.46,609.47,0.019,2026-03-27 17:00:00
1774631100000,609.47,609.47,609.47,609.47,0.0,2026-03-27 17:05:00
1774631400000,611.24,611.52,611.24,611.52,0.033,2026-03-27 17:10:00
1774631700000,611.42,611.42,610.42,610.42,0.155,2026-03-27 17:15:00
1774632000000,610.42,610.42,610.42,610.42,0.0,2026-03-27 17:20:00
1774632300000,609.28,609.28,609.28,609.28,0.008,2026-03-27 17:25:00
1774632600000,609.28,609.28,609.28,609.28,0.0,2026-03-27 17:30:00
1774632900000,608.79,609.29,608.79,609.29,0.014,2026-03-27 17:35:00
1774633200000,609.3,609.3,605.64,605.88,0.558,2026-03-27 17:40:00
1774633500000,605.88,605.88,605.88,605.88,0.0,2026-03-27 17:45:00
1774633800000,605.88,605.88,605.88,605.88,0.0,2026-03-27 17:50:00
1774634100000,607.1,607.1,607.1,607.1,0.004,2026-03-27 17:55:00
1774634400000,607.1,607.1,607.1,607.1,0.0,2026-03-27 18:00:00
1774634700000,607.1,607.1,607.1,607.1,0.0,2026-03-27 18:05:00
1774635000000,608.01,608.36,607.23,607.23,0.093,2026-03-27 18:10:00
1774635300000,607.23,607.23,607.23,607.23,0.0,2026-03-27 18:15:00
1774635600000,608.3,608.3,608.3,608.3,1.15,2026-03-27 18:20:00
1774635900000,607.78,607.78,607.78,607.78,0.003,2026-03-27 18:25:00
1774636200000,608.49,608.49,608.49,608.49,0.082,2026-03-27 18:30:00
1774636500000,608.59,608.64,608.59,608.59,17.026,2026-03-27 18:35:00
1774636800000,608.5,608.5,608.39,608.39,4.728,2026-03-27 18:40:00
1774637100000,608.39,608.39,608.39,608.39,0.0,2026-03-27 18:45:00
1774637400000,608.94,608.94,608.93,608.93,0.052,2026-03-27 18:50:00
1774637700000,608.93,608.93,608.93,608.93,0.0,2026-03-27 18:55:00
1774638000000,608.93,608.93,608.93,608.93,0.0,2026-03-27 19:00:00
1774638300000,608.93,608.93,608.93,608.93,0.0,2026-03-27 19:05:00
1774638600000,608.93,608.93,608.93,608.93,0.0,2026-03-27 19:10:00
1774638900000,608.42,608.42,608.42,608.42,0.004,2026-03-27 19:15:00
1774639200000,608.42,608.42,608.42,608.42,0.0,2026-03-27 19:20:00
1774639500000,609.76,609.76,609.25,609.25,0.126,2026-03-27 19:25:00
1774639800000,610.26,610.69,609.96,610.69,0.238,2026-03-27 19:30:00
1774640100000,610.69,610.69,610.69,610.69,0.0,2026-03-27 19:35:00
1774640400000,609.7,610.16,609.7,610.16,0.029,2026-03-27 19:40:00
1774640700000,610.16,610.16,610.16,610.16,0.0,2026-03-27 19:45:00
1774641000000,610.16,610.16,610.16,610.16,0.0,2026-03-27 19:50:00
1774641300000,610.88,610.88,610.88,610.88,0.001,2026-03-27 19:55:00
1774641600000,610.44,610.44,610.44,610.44,0.003,2026-03-27 20:00:00
1774641900000,610.87,610.87,610.87,610.87,0.082,2026-03-27 20:05:00
1774642200000,610.87,610.87,610.87,610.87,0.0,2026-03-27 20:10:00
1774642500000,610.77,611.06,610.35,610.35,0.071,2026-03-27 20:15:00
1774642800000,610.35,610.35,610.35,610.35,0.0,2026-03-27 20:20:00
1774643100000,610.35,610.35,610.35,610.35,0.0,2026-03-27 20:25:00
1774643400000,609.58,609.59,609.05,609.05,0.02,2026-03-27 20:30:00
1774643700000,609.78,609.81,609.78,609.81,0.821,2026-03-27 20:35:00
1774644000000,609.81,609.81,609.81,609.81,0.0,2026-03-27 20:40:00
1774644300000,609.81,609.81,609.81,609.81,0.0,2026-03-27 20:45:00
1774644600000,609.81,609.81,609.81,609.81,0.0,2026-03-27 20:50:00
1774644900000,609.81,609.81,609.81,609.81,0.0,2026-03-27 20:55:00
1774645200000,611.13,611.85,611.13,611.85,0.043,2026-03-27 21:00:00
1774645500000,611.85,611.85,611.85,611.85,0.0,2026-03-27 21:05:00
1774645800000,611.85,611.85,611.85,611.85,0.0,2026-03-27 21:10:00
1774646100000,612.15,612.15,612.15,612.15,0.003,2026-03-27 21:15:00
1774646400000,612.15,612.15,612.15,612.15,0.0,2026-03-27 21:20:00
1774646700000,611.43,611.43,611.43,611.43,0.857,2026-03-27 21:25:00
1774647000000,611.43,611.43,611.43,611.43,0.0,2026-03-27 21:30:00
1774647300000,611.43,611.43,611.43,611.43,0.0,2026-03-27 21:35:00
1774647600000,611.37,611.37,611.37,611.37,0.004,2026-03-27 21:40:00
1774647900000,611.37,611.37,611.37,611.37,0.0,2026-03-27 21:45:00
1774648200000,611.37,611.37,611.37,611.37,0.0,2026-03-27 21:50:00
1774648500000,611.37,611.37,611.37,611.37,0.0,2026-03-27 21:55:00
1774648800000,611.08,611.08,611.08,611.08,0.003,2026-03-27 22:00:00
1774649100000,611.08,611.08,611.08,611.08,0.0,2026-03-27 22:05:00
1774649400000,610.22,610.22,610.22,610.22,0.009,2026-03-27 22:10:00
1774649700000,610.22,610.22,610.22,610.22,0.0,2026-03-27 22:15:00
1774650000000,610.22,610.22,610.22,610.22,0.0,2026-03-27 22:20:00
1774650300000,610.32,610.32,610.32,610.32,0.056,2026-03-27 22:25:00
1774650600000,610.22,610.22,610.22,610.22,0.003,2026-03-27 22:30:00
1774650900000,609.77,609.77,609.77,609.77,0.003,2026-03-27 22:35:00
1774651200000,609.9,609.9,609.9,609.9,0.004,2026-03-27 22:40:00
1774651500000,610.77,610.77,610.77,610.77,0.018,2026-03-27 22:45:00
1774651800000,610.51,610.51,610.51,610.51,0.014,2026-03-27 22:50:00
1774652100000,610.51,610.51,610.51,610.51,0.0,2026-03-27 22:55:00
1774652400000,610.67,610.67,610.67,610.67,0.101,2026-03-27 23:00:00
1774652700000,610.08,610.08,610.08,610.08,0.069,2026-03-27 23:05:00
1774653000000,610.08,610.08,610.08,610.08,0.0,2026-03-27 23:10:00
1774653300000,610.08,610.08,610.08,610.08,0.0,2026-03-27 23:15:00
1774653600000,610.08,610.08,610.08,610.08,0.0,2026-03-27 23:20:00
1774653900000,610.08,610.08,610.08,610.08,0.0,2026-03-27 23:25:00
1774654200000,612.03,612.03,612.03,612.03,0.003,2026-03-27 23:30:00
1774654500000,612.15,612.15,612.15,612.15,0.016,2026-03-27 23:35:00
1774654800000,612.15,612.15,612.15,612.15,0.0,2026-03-27 23:40:00
1774655100000,612.15,612.15,612.15,612.15,0.0,2026-03-27 23:45:00
1774655400000,612.15,612.15,612.15,612.15,0.0,2026-03-27 23:50:00
1774655700000,612.15,612.15,612.15,612.15,0.0,2026-03-27 23:55:00
1774656000000,613.36,613.36,613.36,613.36,0.004,2026-03-28 00:00:00
1774656300000,613.08,613.08,612.91,612.91,0.082,2026-03-28 00:05:00
1774656600000,613.26,613.26,613.26,613.26,0.003,2026-03-28 00:10:00
1774656900000,612.86,612.86,612.86,612.86,0.002,2026-03-28 00:15:00
1774657200000,612.93,613.1,612.68,613.1,0.006,2026-03-28 00:20:00
1774657500000,613.11,613.11,613.11,613.11,0.002,2026-03-28 00:25:00
1774657800000,613.3,613.77,613.27,613.77,0.016,2026-03-28 00:30:00
1774658100000,613.69,613.73,613.3,613.3,0.18,2026-03-28 00:35:00
1774658400000,613.3,613.3,613.3,613.3,0.0,2026-03-28 00:40:00
1774658700000,613.3,613.3,613.3,613.3,0.0,2026-03-28 00:45:00
1774659000000,613.3,613.3,613.3,613.3,0.0,2026-03-28 00:50:00
1774659300000,613.3,613.3,613.3,613.3,0.0,2026-03-28 00:55:00
1774659600000,613.3,613.3,613.3,613.3,0.0,2026-03-28 01:00:00
1774659900000,612.68,612.68,612.14,612.14,0.077,2026-03-28 01:05:00
1774660200000,611.23,611.23,610.16,610.16,0.065,2026-03-28 01:10:00
1774660500000,611.31,611.31,610.15,610.15,32.919,2026-03-28 01:15:00
1774660800000,610.15,610.15,610.15,610.15,0.0,2026-03-28 01:20:00
1774661100000,610.15,610.15,610.15,610.15,0.0,2026-03-28 01:25:00
1774661400000,610.15,610.15,610.15,610.15,0.0,2026-03-28 01:30:00
1774661700000,610.15,610.15,610.15,610.15,0.0,2026-03-28 01:35:00
1774662000000,610.15,610.15,610.15,610.15,0.0,2026-03-28 01:40:00
1774662300000,610.6,610.6,610.6,610.6,0.004,2026-03-28 01:45:00
1774662600000,610.6,610.6,610.6,610.6,0.0,2026-03-28 01:50:00
1774662900000,610.6,610.6,610.6,610.6,0.0,2026-03-28 01:55:00
1774663200000,611.31,612.71,611.31,612.71,5.777,2026-03-28 02:00:00
1774663500000,612.83,612.83,612.83,612.83,0.814,2026-03-28 02:05:00
1774663800000,612.84,612.84,612.84,612.84,0.003,2026-03-28 02:10:00
1774664100000,611.41,611.41,611.41,611.41,0.087,2026-03-28 02:15:00
1774664400000,611.41,611.41,611.41,611.41,0.0,2026-03-28 02:20:00
1774664700000,611.41,611.41,611.41,611.41,0.0,2026-03-28 02:25:00
1774665000000,610.9,610.9,610.9,610.9,1.044,2026-03-28 02:30:00
1774665300000,610.9,610.9,610.9,610.9,0.0,2026-03-28 02:35:00
1774665600000,611.37,611.37,611.36,611.36,0.074,2026-03-28 02:40:00
1774665900000,611.36,611.36,611.36,611.36,0.0,2026-03-28 02:45:00
1774666200000,610.82,611.08,610.82,611.08,0.007,2026-03-28 02:50:00
1774666500000,610.64,611.04,610.52,611.04,1.501,2026-03-28 02:55:00
1774666800000,611.04,611.04,611.04,611.04,0.0,2026-03-28 03:00:00
1774667100000,611.39,611.39,611.39,611.39,0.163,2026-03-28 03:05:00
1774667400000,610.87,610.87,610.87,610.87,0.011,2026-03-28 03:10:00
1774667700000,610.87,610.87,610.87,610.87,0.0,2026-03-28 03:15:00
1774668000000,610.87,610.87,610.87,610.87,0.0,2026-03-28 03:20:00
1774668300000,611.1,611.1,611.1,611.1,0.028,2026-03-28 03:25:00
1774668600000,611.1,611.1,611.1,611.1,0.0,2026-03-28 03:30:00
1774668900000,611.1,611.1,611.1,611.1,0.0,2026-03-28 03:35:00
1774669200000,611.1,611.1,611.1,611.1,0.0,2026-03-28 03:40:00
1774669500000,611.61,611.61,611.61,611.61,0.009,2026-03-28 03:45:00
1774669800000,611.61,611.61,611.61,611.61,0.0,2026-03-28 03:50:00
1774670100000,611.1,611.1,611.1,611.1,0.004,2026-03-28 03:55:00
1774670400000,611.1,611.1,611.1,611.1,0.453,2026-03-28 04:00:00
1774670700000,611.1,611.1,611.1,611.1,0.0,2026-03-28 04:05:00
1774671000000,610.97,610.97,610.97,610.97,0.008,2026-03-28 04:10:00
1774671300000,610.97,610.97,610.97,610.97,0.0,2026-03-28 04:15:00
1774671600000,610.97,610.97,610.97,610.97,0.0,2026-03-28 04:20:00
1774671900000,610.97,610.97,610.97,610.97,0.0,2026-03-28 04:25:00
1774672200000,611.62,611.62,611.61,611.61,0.019,2026-03-28 04:30:00
1774672500000,611.61,611.61,611.61,611.61,0.0,2026-03-28 04:35:00
1774672800000,611.61,611.61,611.61,611.61,0.0,2026-03-28 04:40:00
1774673100000,611.61,611.61,611.61,611.61,0.0,2026-03-28 04:45:00
1774673400000,611.61,611.61,611.61,611.61,0.0,2026-03-28 04:50:00
1774673700000,611.61,611.61,611.61,611.61,0.0,2026-03-28 04:55:00
1774674000000,611.61,611.61,611.61,611.61,0.0,2026-03-28 05:00:00
1774674300000,611.01,611.13,611.01,611.13,0.011,2026-03-28 05:05:00
1774674600000,611.09,611.09,611.09,611.09,0.02,2026-03-28 05:10:00
1774674900000,611.09,611.09,611.09,611.09,0.0,2026-03-28 05:15:00
1774675200000,611.09,611.09,611.09,611.09,0.0,2026-03-28 05:20:00
1774675500000,611.09,611.09,611.09,611.09,0.0,2026-03-28 05:25:00
1774675800000,612.18,612.18,612.18,612.18,0.2,2026-03-28 05:30:00
1774676100000,612.18,612.18,612.18,612.18,0.0,2026-03-28 05:35:00
1774676400000,611.89,611.89,611.35,611.35,0.042,2026-03-28 05:40:00
1774676700000,612.2,612.2,612.2,612.2,0.016,2026-03-28 05:45:00
1774677000000,612.36,612.36,612.36,612.36,0.007,2026-03-28 05:50:00
1774677300000,612.36,612.36,612.36,612.36,0.0,2026-03-28 05:55:00
1774677600000,612.36,612.36,612.36,612.36,0.0,2026-03-28 06:00:00
1774677900000,612.36,612.36,612.36,612.36,0.0,2026-03-28 06:05:00
1774678200000,612.36,612.36,612.36,612.36,0.0,2026-03-28 06:10:00
1774678500000,612.36,612.36,612.36,612.36,0.0,2026-03-28 06:15:00
1774678800000,612.36,612.36,612.36,612.36,0.0,2026-03-28 06:20:00
1774679100000,613.7,613.7,613.7,613.7,0.003,2026-03-28 06:25:00
1774679400000,613.7,613.7,613.7,613.7,0.0,2026-03-28 06:30:00
1774679700000,613.7,613.7,613.7,613.7,0.0,2026-03-28 06:35:00
1774680000000,613.63,613.63,613.63,613.63,0.488,2026-03-28 06:40:00
1774680300000,613.63,613.63,613.63,613.63,0.0,2026-03-28 06:45:00
1774680600000,613.63,613.63,613.63,613.63,0.0,2026-03-28 06:50:00
1774680900000,613.85,613.85,613.66,613.66,0.036,2026-03-28 06:55:00
1774681200000,613.95,613.95,613.95,613.95,0.003,2026-03-28 07:00:00
1774681500000,613.95,613.95,613.95,613.95,0.0,2026-03-28 07:05:00
1774681800000,613.95,613.95,613.95,613.95,0.0,2026-03-28 07:10:00
1774682100000,613.55,613.55,613.54,613.54,0.344,2026-03-28 07:15:00
1774682400000,613.54,613.54,613.54,613.54,0.0,2026-03-28 07:20:00
1774682700000,613.54,613.54,613.54,613.54,0.0,2026-03-28 07:25:00
1774683000000,613.55,613.55,613.27,613.46,9.359,2026-03-28 07:30:00
1774683300000,613.46,613.46,613.46,613.46,0.0,2026-03-28 07:35:00
1774683600000,613.46,613.46,613.46,613.46,0.0,2026-03-28 07:40:00
1774683900000,613.61,613.61,613.61,613.61,0.051,2026-03-28 07:45:00
1774684200000,613.61,613.61,613.61,613.61,0.0,2026-03-28 07:50:00
1774684500000,614.11,614.11,614.11,614.11,0.017,2026-03-28 07:55:00
1774684800000,614.11,614.11,614.11,614.11,0.0,2026-03-28 08:00:00
1774685100000,614.11,614.11,614.11,614.11,0.0,2026-03-28 08:05:00
1774685400000,614.11,614.11,614.11,614.11,0.0,2026-03-28 08:10:00
1774685700000,613.62,613.62,613.17,613.17,0.045,2026-03-28 08:15:00
1774686000000,613.17,613.17,613.17,613.17,0.0,2026-03-28 08:20:00
1774686300000,613.17,613.17,613.17,613.17,0.0,2026-03-28 08:25:00
1774686600000,613.17,613.17,613.17,613.17,0.0,2026-03-28 08:30:00
1774686900000,613.17,613.17,613.17,613.17,0.0,2026-03-28 08:35:00
1774687200000,613.17,613.17,613.17,613.17,0.0,2026-03-28 08:40:00
1774687500000,613.39,613.39,613.12,613.27,0.099,2026-03-28 08:45:00
1774687800000,613.16,613.21,613.16,613.21,0.185,2026-03-28 08:50:00
1774688100000,613.21,613.21,613.21,613.21,0.0,2026-03-28 08:55:00
1774688400000,612.56,612.56,612.56,612.56,0.013,2026-03-28 09:00:00
1774688700000,612.56,612.56,612.56,612.56,0.0,2026-03-28 09:05:00
1774689000000,612.56,612.56,612.56,612.56,0.0,2026-03-28 09:10:00
1774689300000,612.56,612.56,612.56,612.56,0.0,2026-03-28 09:15:00
1774689600000,611.51,611.51,611.5,611.5,3.5,2026-03-28 09:20:00
1774689900000,611.5,611.5,611.5,611.5,0.0,2026-03-28 09:25:00
1774690200000,611.5,611.5,611.5,611.5,0.0,2026-03-28 09:30:00
1774690500000,611.71,611.71,611.71,611.71,0.003,2026-03-28 09:35:00
1774690800000,611.71,611.71,611.71,611.71,0.0,2026-03-28 09:40:00
1774691100000,611.66,611.66,611.66,611.66,0.065,2026-03-28 09:45:00
1774691400000,611.66,611.66,611.66,611.66,0.0,2026-03-28 09:50:00
1774691700000,611.66,611.66,611.66,611.66,0.0,2026-03-28 09:55:00
1774692000000,611.66,611.66,611.66,611.66,0.0,2026-03-28 10:00:00
1774692300000,612.87,613.26,612.87,613.26,0.036,2026-03-28 10:05:00
1774692600000,613.26,613.26,613.26,613.26,0.0,2026-03-28 10:10:00
1774692900000,613.1,613.1,613.1,613.1,0.016,2026-03-28 10:15:00
1774693200000,611.66,611.66,611.66,611.66,1.694,2026-03-28 10:20:00
1774693500000,611.7,611.7,611.7,611.7,0.816,2026-03-28 10:25:00
1774693800000,610.95,610.95,610.95,610.95,0.241,2026-03-28 10:30:00
1774694100000,610.95,610.95,610.95,610.95,0.0,2026-03-28 10:35:00
1774694400000,610.95,610.95,610.95,610.95,0.0,2026-03-28 10:40:00
1774694700000,610.95,610.95,610.95,610.95,0.0,2026-03-28 10:45:00
1774695000000,610.95,610.95,610.95,610.95,0.0,2026-03-28 10:50:00
1774695300000,610.94,610.94,610.94,610.94,0.003,2026-03-28 10:55:00
1774695600000,610.94,610.94,610.94,610.94,0.0,2026-03-28 11:00:00
1774695900000,610.94,610.94,610.94,610.94,0.0,2026-03-28 11:05:00
1774696200000,610.94,610.94,610.94,610.94,0.0,2026-03-28 11:10:00
1774696500000,610.94,610.94,610.94,610.94,0.0,2026-03-28 11:15:00
1774696800000,610.94,610.94,610.94,610.94,0.0,2026-03-28 11:20:00
1774697100000,611.92,612.35,611.92,612.35,0.027,2026-03-28 11:25:00
1774697400000,612.35,612.35,612.35,612.35,0.0,2026-03-28 11:30:00
1774697700000,612.35,612.35,612.35,612.35,0.0,2026-03-28 11:35:00
1774698000000,612.35,612.35,612.35,612.35,0.0,2026-03-28 11:40:00
1774698300000,612.35,612.35,612.35,612.35,0.0,2026-03-28 11:45:00
1774698600000,613.16,613.19,613.16,613.19,0.1,2026-03-28 11:50:00
1774698900000,613.04,613.04,613.04,613.04,0.003,2026-03-28 11:55:00
1774699200000,613.18,613.18,613.18,613.18,0.024,2026-03-28 12:00:00
1774699500000,612.2,612.2,612.2,612.2,0.004,2026-03-28 12:05:00
1774699800000,613.13,613.13,613.13,613.13,0.008,2026-03-28 12:10:00
1774700100000,613.13,613.13,613.13,613.13,0.0,2026-03-28 12:15:00
1774700400000,613.13,613.13,613.13,613.13,0.0,2026-03-28 12:20:00
1774700700000,613.13,613.13,613.13,613.13,0.0,2026-03-28 12:25:00
1774701000000,613.13,613.13,613.13,613.13,0.0,2026-03-28 12:30:00
1774701300000,613.13,613.13,613.13,613.13,0.0,2026-03-28 12:35:00
1774701600000,613.13,613.13,613.13,613.13,0.0,2026-03-28 12:40:00
1774701900000,612.51,612.51,612.51,612.51,0.01,2026-03-28 12:45:00
1774702200000,612.51,612.51,612.51,612.51,0.0,2026-03-28 12:50:00
1774702500000,612.39,612.39,612.38,612.38,0.03,2026-03-28 12:55:00
1774702800000,612.73,612.73,612.73,612.73,0.003,2026-03-28 13:00:00
1774703100000,612.66,612.66,612.66,612.66,0.049,2026-03-28 13:05:00
1774703400000,612.43,612.43,612.43,612.43,0.003,2026-03-28 13:10:00
1774703700000,612.43,612.43,612.43,612.43,0.0,2026-03-28 13:15:00
1774704000000,612.43,612.43,612.43,612.43,0.0,2026-03-28 13:20:00
1774704300000,613.15,613.15,613.15,613.15,0.003,2026-03-28 13:25:00
1774704600000,613.15,613.15,613.15,613.15,0.0,2026-03-28 13:30:00
1774704900000,613.15,613.15,613.15,613.15,0.0,2026-03-28 13:35:00
1774705200000,614.95,616.67,614.95,616.67,0.026,2026-03-28 13:40:00
1774705500000,616.75,616.75,616.75,616.75,0.008,2026-03-28 13:45:00
1774705800000,616.75,616.75,616.75,616.75,0.0,2026-03-28 13:50:00
1774706100000,616.75,616.75,616.75,616.75,0.0,2026-03-28 13:55:00
1774706400000,616.13,616.13,615.69,615.69,0.166,2026-03-28 14:00:00
1774706700000,615.69,615.69,615.69,615.69,0.0,2026-03-28 14:05:00
1774707000000,615.76,615.76,615.47,615.47,0.011,2026-03-28 14:10:00
1774707300000,615.47,615.47,615.47,615.47,0.0,2026-03-28 14:15:00
1774707600000,616.3,616.3,616.3,616.3,0.016,2026-03-28 14:20:00
1774707900000,616.3,616.3,616.3,616.3,0.0,2026-03-28 14:25:00
1774708200000,616.3,616.3,616.3,616.3,0.0,2026-03-28 14:30:00
1774708500000,615.79,615.79,615.79,615.79,0.345,2026-03-28 14:35:00
1774708800000,617.57,617.57,616.96,616.96,0.205,2026-03-28 14:40:00
1774709100000,616.96,616.96,616.96,616.96,0.0,2026-03-28 14:45:00
1774709400000,615.37,615.37,614.6,614.6,0.049,2026-03-28 14:50:00
1774709700000,614.85,614.85,614.85,614.85,0.004,2026-03-28 14:55:00
1774710000000,614.85,614.85,614.85,614.85,0.0,2026-03-28 15:00:00
1774710300000,614.85,614.85,614.85,614.85,0.0,2026-03-28 15:05:00
1774710600000,615.18,615.18,615.18,615.18,0.01,2026-03-28 15:10:00
1774710900000,616.0,616.06,616.0,616.06,0.065,2026-03-28 15:15:00
1774711200000,616.06,616.06,616.06,616.06,0.0,2026-03-28 15:20:00
1774711500000,617.6,617.6,617.6,617.6,0.003,2026-03-28 15:25:00
1774711800000,617.6,617.6,617.6,617.6,0.0,2026-03-28 15:30:00
1774712100000,617.34,617.34,617.33,617.33,0.047,2026-03-28 15:35:00
1774712400000,617.33,617.33,617.33,617.33,0.0,2026-03-28 15:40:00
1774712700000,617.6,617.6,617.35,617.35,0.403,2026-03-28 15:45:00
1774713000000,616.79,616.87,616.79,616.87,0.016,2026-03-28 15:50:00
1774713300000,616.87,616.87,616.87,616.87,0.0,2026-03-28 15:55:00
1774713600000,617.09,617.09,617.09,617.09,0.008,2026-03-28 16:00:00
1774713900000,617.39,617.39,617.39,617.39,0.008,2026-03-28 16:05:00
1774714200000,617.03,617.21,617.03,617.21,0.52,2026-03-28 16:10:00
1774714500000,617.01,617.01,617.01,617.01,0.005,2026-03-28 16:15:00
1774714800000,617.34,617.34,617.34,617.34,0.003,2026-03-28 16:20:00
1774715100000,617.34,617.34,617.34,617.34,0.04,2026-03-28 16:25:00
1774715400000,617.4,617.4,617.4,617.4,0.005,2026-03-28 16:30:00
1774715700000,616.91,616.91,616.91,616.91,0.05,2026-03-28 16:35:00
1774716000000,616.91,616.91,616.91,616.91,0.0,2026-03-28 16:40:00
1774716300000,617.0,617.0,617.0,617.0,0.162,2026-03-28 16:45:00
1774716600000,616.72,616.72,616.72,616.72,0.032,2026-03-28 16:50:00
1774716900000,616.72,616.72,616.72,616.72,0.0,2026-03-28 16:55:00
1774717200000,616.72,616.72,616.72,616.72,0.0,2026-03-28 17:00:00
1774717500000,616.97,617.41,616.97,617.41,0.426,2026-03-28 17:05:00
1774717800000,617.41,617.41,617.41,617.41,0.0,2026-03-28 17:10:00
1774718100000,617.41,617.41,617.41,617.41,0.0,2026-03-28 17:15:00
1774718400000,617.41,617.41,617.41,617.41,0.0,2026-03-28 17:20:00
1774718700000,616.0,616.0,616.0,616.0,0.729,2026-03-28 17:25:00
1774719000000,616.0,616.0,616.0,616.0,1.0,2026-03-28 17:30:00
1774719300000,616.33,616.33,616.33,616.33,0.007,2026-03-28 17:35:00
1774719600000,616.33,616.33,616.33,616.33,0.0,2026-03-28 17:40:00
1774719900000,616.33,616.33,616.33,616.33,0.0,2026-03-28 17:45:00
1774720200000,616.33,616.33,616.33,616.33,0.0,2026-03-28 17:50:00
1774720500000,615.67,616.44,615.67,616.44,0.007,2026-03-28 17:55:00
1774720800000,616.44,616.44,616.44,616.44,0.0,2026-03-28 18:00:00
1774721100000,617.03,617.03,617.03,617.03,0.081,2026-03-28 18:05:00
1774721400000,617.18,617.18,617.18,617.18,0.04,2026-03-28 18:10:00
1774721700000,617.05,617.08,617.05,617.08,0.016,2026-03-28 18:15:00
1774722000000,617.08,617.08,617.08,617.08,0.0,2026-03-28 18:20:00
1774722300000,616.37,616.37,616.35,616.35,0.201,2026-03-28 18:25:00
1774722600000,616.44,616.44,616.44,616.44,0.007,2026-03-28 18:30:00
1774722900000,616.44,616.44,616.44,616.44,0.0,2026-03-28 18:35:00
1774723200000,616.8,617.14,616.8,617.14,0.125,2026-03-28 18:40:00
1774723500000,617.14,617.14,617.14,617.14,0.0,2026-03-28 18:45:00
1774723800000,617.28,617.28,617.28,617.28,0.081,2026-03-28 18:50:00
1774724100000,617.28,617.28,617.28,617.28,0.0,2026-03-28 18:55:00
1774724400000,616.8,616.83,616.8,616.83,0.024,2026-03-28 19:00:00
1774724700000,616.42,616.42,616.42,616.42,0.014,2026-03-28 19:05:00
1774725000000,616.41,616.41,615.79,615.79,0.01,2026-03-28 19:10:00
1774725300000,615.79,615.79,615.79,615.79,0.0,2026-03-28 19:15:00
1774725600000,615.79,615.79,615.79,615.79,0.0,2026-03-28 19:20:00
1774725900000,616.32,616.32,616.32,616.32,0.016,2026-03-28 19:25:00
1774726200000,616.32,616.32,616.32,616.32,0.0,2026-03-28 19:30:00
1774726500000,616.32,616.32,616.32,616.32,0.0,2026-03-28 19:35:00
1774726800000,616.32,616.32,616.32,616.32,0.0,2026-03-28 19:40:00
1774727100000,616.32,616.32,616.32,616.32,0.0,2026-03-28 19:45:00
1774727400000,616.32,616.32,616.32,616.32,0.0,2026-03-28 19:50:00
1774727700000,616.32,616.32,616.32,616.32,0.0,2026-03-28 19:55:00
1774728000000,617.56,617.65,617.56,617.65,0.04,2026-03-28 20:00:00
1774728300000,617.49,617.49,617.49,617.49,0.601,2026-03-28 20:05:00
1774728600000,617.81,617.81,617.79,617.79,11.668,2026-03-28 20:10:00
1774728900000,617.66,617.66,617.66,617.66,0.004,2026-03-28 20:15:00
1774729200000,617.66,617.66,617.66,617.66,0.0,2026-03-28 20:20:00
1774729500000,617.72,617.72,617.72,617.72,0.09,2026-03-28 20:25:00
1774729800000,617.78,618.1,617.78,618.1,0.103,2026-03-28 20:30:00
1774730100000,618.0,618.0,618.0,618.0,0.161,2026-03-28 20:35:00
1774730400000,618.0,618.0,618.0,618.0,0.0,2026-03-28 20:40:00
1774730700000,617.83,617.83,617.83,617.83,0.081,2026-03-28 20:45:00
1774731000000,617.83,617.83,617.83,617.83,0.0,2026-03-28 20:50:00
1774731300000,617.76,617.76,617.76,617.76,0.004,2026-03-28 20:55:00
1774731600000,617.76,617.76,617.76,617.76,0.0,2026-03-28 21:00:00
1774731900000,617.98,617.98,617.79,617.79,0.165,2026-03-28 21:05:00
1774732200000,617.79,617.79,617.79,617.79,0.0,2026-03-28 21:10:00
1774732500000,617.25,617.25,617.25,617.25,0.004,2026-03-28 21:15:00
1774732800000,617.25,617.25,617.25,617.25,0.0,2026-03-28 21:20:00
1774733100000,617.11,617.11,617.11,617.11,0.023,2026-03-28 21:25:00
1774733400000,616.83,616.83,616.83,616.83,0.003,2026-03-28 21:30:00
1774733700000,616.83,616.83,616.83,616.83,0.0,2026-03-28 21:35:00
1774734000000,616.83,616.83,616.83,616.83,0.0,2026-03-28 21:40:00
1774734300000,616.61,616.64,616.19,616.19,0.037,2026-03-28 21:45:00
1774734600000,616.16,616.16,615.66,615.66,0.118,2026-03-28 21:50:00
1774734900000,615.3,615.53,615.3,615.53,0.182,2026-03-28 21:55:00
1774735200000,615.53,615.53,615.53,615.53,0.0,2026-03-28 22:00:00
1774735500000,615.53,615.53,615.53,615.53,0.0,2026-03-28 22:05:00
1774735800000,615.64,615.64,615.64,615.64,0.162,2026-03-28 22:10:00
1774736100000,615.64,615.64,615.64,615.64,0.0,2026-03-28 22:15:00
1774736400000,615.64,615.64,615.64,615.64,0.0,2026-03-28 22:20:00
1774736700000,616.05,616.05,616.05,616.05,0.725,2026-03-28 22:25:00
1774737000000,616.05,616.05,616.05,616.05,0.0,2026-03-28 22:30:00
1774737300000,616.05,616.05,616.05,616.05,0.0,2026-03-28 22:35:00
1774737600000,615.29,615.8,615.29,615.8,1.027,2026-03-28 22:40:00
1774737900000,615.62,615.62,615.62,615.62,0.006,2026-03-28 22:45:00
1774738200000,615.62,615.62,615.62,615.62,0.0,2026-03-28 22:50:00
1774738500000,615.84,615.84,615.84,615.84,0.005,2026-03-28 22:55:00
1774738800000,615.84,615.84,615.84,615.84,0.0,2026-03-28 23:00:00
1774739100000,615.09,615.09,614.51,614.51,0.019,2026-03-28 23:05:00
1774739400000,613.13,613.13,610.91,610.91,0.247,2026-03-28 23:10:00
1774739700000,611.85,611.85,611.85,611.85,0.245,2026-03-28 23:15:00
1774740000000,612.55,612.56,612.55,612.56,0.017,2026-03-28 23:20:00
1774740300000,612.44,612.44,612.18,612.18,0.118,2026-03-28 23:25:00
1774740600000,612.18,612.18,612.18,612.18,0.0,2026-03-28 23:30:00
1774740900000,612.18,612.18,612.18,612.18,0.0,2026-03-28 23:35:00
1774741200000,611.73,611.85,611.71,611.85,0.588,2026-03-28 23:40:00
1774741500000,611.85,611.85,611.85,611.85,0.0,2026-03-28 23:45:00
1774741800000,611.27,611.27,611.27,611.27,0.008,2026-03-28 23:50:00
1774742100000,610.77,610.77,610.77,610.77,0.004,2026-03-28 23:55:00
1774742400000,610.71,611.57,610.71,611.57,0.146,2026-03-29 00:00:00
1774742700000,610.85,610.85,610.85,610.85,0.009,2026-03-29 00:05:00
1774743000000,611.28,611.28,610.8,610.8,0.005,2026-03-29 00:10:00
1774743300000,610.79,611.23,610.75,611.23,0.284,2026-03-29 00:15:00
1774743600000,611.52,611.52,611.52,611.52,0.003,2026-03-29 00:20:00
1774743900000,611.52,611.52,611.52,611.52,0.0,2026-03-29 00:25:00
1774744200000,611.05,611.05,611.05,611.05,0.002,2026-03-29 00:30:00
1774744500000,611.6,611.6,611.03,611.03,0.143,2026-03-29 00:35:00
1774744800000,611.28,611.28,611.28,611.28,0.002,2026-03-29 00:40:00
1774745100000,611.15,611.15,611.15,611.15,0.005,2026-03-29 00:45:00
1774745400000,611.62,611.64,611.62,611.64,0.653,2026-03-29 00:50:00
1774745700000,611.04,611.04,611.04,611.04,0.004,2026-03-29 00:55:00
1774746000000,611.04,611.04,611.04,611.04,0.0,2026-03-29 01:00:00
1774746300000,613.24,613.88,613.24,613.88,0.065,2026-03-29 01:05:00
1774746600000,613.88,613.88,613.88,613.88,0.0,2026-03-29 01:10:00
1774746900000,613.88,613.88,613.88,613.88,0.0,2026-03-29 01:15:00
1774747200000,613.88,613.88,613.88,613.88,0.0,2026-03-29 01:20:00
1774747500000,613.0,613.0,613.0,613.0,0.003,2026-03-29 01:25:00
1774747800000,612.51,612.51,612.51,612.51,0.644,2026-03-29 01:30:00
1774748100000,612.17,612.17,612.17,612.17,0.004,2026-03-29 01:35:00
1774748400000,612.17,612.17,612.17,612.17,0.0,2026-03-29 01:40:00
1774748700000,612.17,612.17,612.17,612.17,0.0,2026-03-29 01:45:00
1774749000000,612.17,612.17,612.17,612.17,0.0,2026-03-29 01:50:00
1774749300000,612.17,612.17,612.17,612.17,0.0,2026-03-29 01:55:00
1774749600000,612.92,612.92,612.92,612.92,0.1,2026-03-29 02:00:00
1774749900000,613.19,613.19,613.19,613.19,0.003,2026-03-29 02:05:00
1774750200000,613.19,613.19,613.19,613.19,0.0,2026-03-29 02:10:00
1774750500000,613.19,613.19,613.19,613.19,0.0,2026-03-29 02:15:00
1774750800000,613.19,613.19,613.19,613.19,0.0,2026-03-29 02:20:00
1774751100000,612.95,612.95,612.95,612.95,0.01,2026-03-29 02:25:00
1774751400000,612.95,612.95,612.95,612.95,0.0,2026-03-29 02:30:00
1774751700000,612.95,612.95,612.95,612.95,0.0,2026-03-29 02:35:00
1774752000000,613.66,613.66,613.66,613.66,0.158,2026-03-29 02:40:00
1774752300000,613.66,613.66,613.66,613.66,0.0,2026-03-29 02:45:00
1774752600000,613.66,613.66,613.66,613.66,0.0,2026-03-29 02:50:00
1774752900000,613.66,613.66,613.66,613.66,0.0,2026-03-29 02:55:00
1774753200000,613.72,613.72,613.72,613.72,0.003,2026-03-29 03:00:00
1774753500000,613.72,613.72,613.72,613.72,0.0,2026-03-29 03:05:00
1774753800000,613.07,613.07,613.07,613.07,0.017,2026-03-29 03:10:00
1774754100000,613.07,613.07,613.07,613.07,0.0,2026-03-29 03:15:00
1774754400000,615.15,615.15,614.37,614.37,0.046,2026-03-29 03:20:00
1774754700000,614.37,614.37,614.37,614.37,0.0,2026-03-29 03:25:00
1774755000000,614.37,614.37,614.37,614.37,0.0,2026-03-29 03:30:00
1774755300000,614.37,614.37,614.37,614.37,0.0,2026-03-29 03:35:00
1774755600000,614.08,614.08,614.08,614.08,0.053,2026-03-29 03:40:00
1774755900000,614.08,614.08,614.08,614.08,0.016,2026-03-29 03:45:00
1774756200000,614.08,614.08,614.08,614.08,0.0,2026-03-29 03:50:00
1774756500000,614.08,614.08,614.08,614.08,0.0,2026-03-29 03:55:00
1774756800000,614.18,614.18,614.07,614.07,0.011,2026-03-29 04:00:00
1774757100000,614.07,614.07,614.07,614.07,0.0,2026-03-29 04:05:00
1774757400000,614.38,614.38,613.88,613.88,0.012,2026-03-29 04:10:00
1774757700000,614.16,614.16,614.16,614.16,0.12,2026-03-29 04:15:00
1774758000000,614.16,614.16,614.16,614.16,0.0,2026-03-29 04:20:00
1774758300000,614.16,614.16,614.16,614.16,0.0,2026-03-29 04:25:00
1774758600000,613.24,613.54,613.24,613.54,0.526,2026-03-29 04:30:00
1774758900000,613.41,613.41,613.38,613.38,0.625,2026-03-29 04:35:00
1774759200000,613.72,613.79,613.55,613.55,0.036,2026-03-29 04:40:00
1774759500000,613.55,613.55,613.55,613.55,0.0,2026-03-29 04:45:00
1774759800000,613.55,613.55,613.55,613.55,0.0,2026-03-29 04:50:00
1774760100000,613.55,613.55,613.55,613.55,0.0,2026-03-29 04:55:00
1774760400000,613.55,613.55,613.55,613.55,0.0,2026-03-29 05:00:00
1774760700000,612.81,612.81,612.23,612.23,0.033,2026-03-29 05:05:00
1774761000000,612.06,612.06,612.05,612.05,0.016,2026-03-29 05:10:00
1774761300000,612.36,612.36,612.36,612.36,0.004,2026-03-29 05:15:00
1774761600000,612.73,612.73,612.73,612.73,0.01,2026-03-29 05:20:00
1774761900000,612.73,612.73,612.73,612.73,0.0,2026-03-29 05:25:00
1774762200000,612.73,612.73,612.73,612.73,0.0,2026-03-29 05:30:00
1774762500000,612.73,612.73,612.73,612.73,0.0,2026-03-29 05:35:00
1774762800000,612.73,612.73,612.73,612.73,0.0,2026-03-29 05:40:00
1774763100000,613.52,613.52,613.52,613.52,0.003,2026-03-29 05:45:00
1774763400000,613.52,613.52,613.52,613.52,0.0,2026-03-29 05:50:00
1774763700000,613.52,613.52,613.52,613.52,0.0,2026-03-29 05:55:00
1774764000000,614.05,614.05,614.05,614.05,0.04,2026-03-29 06:00:00
1774764300000,614.77,614.77,614.77,614.77,0.081,2026-03-29 06:05:00
1774764600000,614.77,614.77,614.77,614.77,0.041,2026-03-29 06:10:00
1774764900000,614.77,614.77,614.77,614.77,0.0,2026-03-29 06:15:00
1774765200000,614.77,614.77,614.77,614.77,0.0,2026-03-29 06:20:00
1774765500000,614.77,614.77,614.77,614.77,0.0,2026-03-29 06:25:00
1774765800000,613.91,613.91,613.91,613.91,0.081,2026-03-29 06:30:00
1774766100000,614.03,614.03,614.03,614.03,0.081,2026-03-29 06:35:00
1774766400000,614.03,614.03,614.03,614.03,0.0,2026-03-29 06:40:00
1774766700000,614.03,614.03,614.03,614.03,0.0,2026-03-29 06:45:00
1774767000000,614.03,614.03,614.03,614.03,0.0,2026-03-29 06:50:00
1774767300000,614.36,614.36,614.36,614.36,0.003,2026-03-29 06:55:00
1774767600000,613.61,613.61,613.61,613.61,0.003,2026-03-29 07:00:00
1774767900000,613.61,613.61,613.61,613.61,0.0,2026-03-29 07:05:00
1774768200000,613.0,613.0,613.0,613.0,0.024,2026-03-29 07:10:00
1774768500000,613.0,613.0,613.0,613.0,0.0,2026-03-29 07:15:00
1774768800000,613.0,613.0,613.0,613.0,0.0,2026-03-29 07:20:00
1774769100000,613.0,613.0,613.0,613.0,0.0,2026-03-29 07:25:00
1774769400000,613.0,613.0,613.0,613.0,0.0,2026-03-29 07:30:00
1774769700000,613.39,613.39,613.39,613.39,0.004,2026-03-29 07:35:00
1774770000000,613.39,613.39,613.39,613.39,0.0,2026-03-29 07:40:00
1774770300000,613.39,613.39,613.39,613.39,0.0,2026-03-29 07:45:00
1774770600000,613.39,613.39,613.39,613.39,0.0,2026-03-29 07:50:00
1774770900000,613.39,613.39,613.39,613.39,0.0,2026-03-29 07:55:00
1774771200000,613.98,613.98,613.98,613.98,0.019,2026-03-29 08:00:00
1774771500000,613.98,613.98,613.98,613.98,0.0,2026-03-29 08:05:00
1774771800000,613.98,613.98,613.98,613.98,0.0,2026-03-29 08:10:00
1774772100000,613.98,613.98,613.98,613.98,0.0,2026-03-29 08:15:00
1774772400000,613.49,613.49,613.49,613.49,0.004,2026-03-29 08:20:00
1774772700000,613.49,613.49,613.49,613.49,0.0,2026-03-29 08:25:00
1774773000000,613.91,613.91,613.91,613.91,0.016,2026-03-29 08:30:00
1774773300000,613.91,613.91,613.91,613.91,0.0,2026-03-29 08:35:00
1774773600000,613.91,613.91,613.91,613.91,0.0,2026-03-29 08:40:00
1774773900000,613.91,613.91,613.91,613.91,0.0,2026-03-29 08:45:00
1774774200000,613.79,613.79,613.79,613.79,0.006,2026-03-29 08:50:00
1774774500000,613.79,613.79,613.79,613.79,0.0,2026-03-29 08:55:00
1774774800000,614.03,614.03,614.03,614.03,0.003,2026-03-29 09:00:00
1774775100000,614.03,614.03,614.03,614.03,0.0,2026-03-29 09:05:00
1774775400000,614.03,614.03,614.03,614.03,0.0,2026-03-29 09:10:00
1774775700000,614.03,614.03,614.03,614.03,0.0,2026-03-29 09:15:00
1774776000000,613.59,613.59,613.58,613.58,4.005,2026-03-29 09:20:00
1774776300000,613.58,613.58,613.58,613.58,0.004,2026-03-29 09:25:00
1774776600000,613.58,613.58,613.58,613.58,0.0,2026-03-29 09:30:00
1774776900000,613.03,613.03,612.67,612.67,0.009,2026-03-29 09:35:00
1774777200000,612.67,612.67,612.67,612.67,0.0,2026-03-29 09:40:00
1774777500000,612.67,612.67,612.67,612.67,0.0,2026-03-29 09:45:00
1774777800000,612.67,612.67,612.67,612.67,0.0,2026-03-29 09:50:00
1774778100000,612.67,612.67,612.67,612.67,0.0,2026-03-29 09:55:00
1774778400000,613.36,613.36,613.36,613.36,0.003,2026-03-29 10:00:00
1774778700000,613.03,613.03,613.03,613.03,0.016,2026-03-29 10:05:00
1774779000000,612.81,612.81,612.31,612.31,0.034,2026-03-29 10:10:00
1774779300000,612.31,612.31,612.31,612.31,0.0,2026-03-29 10:15:00
1774779600000,612.31,612.31,612.31,612.31,0.0,2026-03-29 10:20:00
1774779900000,612.31,612.31,612.31,612.31,0.0,2026-03-29 10:25:00
1774780200000,612.31,612.31,612.31,612.31,0.0,2026-03-29 10:30:00
1774780500000,611.27,611.27,611.27,611.27,0.013,2026-03-29 10:35:00
1774780800000,611.57,611.57,611.5,611.5,0.142,2026-03-29 10:40:00
1774781100000,611.5,611.5,611.5,611.5,0.0,2026-03-29 10:45:00
1774781400000,611.5,611.5,611.5,611.5,0.0,2026-03-29 10:50:00
1774781700000,611.5,611.5,611.5,611.5,0.0,2026-03-29 10:55:00
1774782000000,611.9,611.9,611.9,611.9,0.129,2026-03-29 11:00:00
1774782300000,611.9,611.9,611.9,611.9,0.0,2026-03-29 11:05:00
1774782600000,612.84,612.84,612.84,612.84,0.017,2026-03-29 11:10:00
1774782900000,612.89,612.89,612.85,612.85,0.571,2026-03-29 11:15:00
1774783200000,613.82,613.82,613.16,613.16,0.03,2026-03-29 11:20:00
1774783500000,613.16,613.16,613.16,613.16,0.0,2026-03-29 11:25:00
1774783800000,613.81,613.81,613.81,613.81,0.1,2026-03-29 11:30:00
1774784100000,613.75,613.75,613.75,613.75,0.008,2026-03-29 11:35:00
1774784400000,613.75,613.75,613.75,613.75,0.0,2026-03-29 11:40:00
1774784700000,614.16,614.16,613.5,613.5,0.123,2026-03-29 11:45:00
1774785000000,613.47,613.47,613.47,613.47,0.041,2026-03-29 11:50:00
1774785300000,613.43,613.43,613.42,613.42,0.041,2026-03-29 11:55:00
1774785600000,613.87,613.87,613.87,613.87,0.024,2026-03-29 12:00:00
1774785900000,613.87,613.87,613.87,613.87,0.0,2026-03-29 12:05:00
1774786200000,613.87,613.87,613.87,613.87,0.0,2026-03-29 12:10:00
1774786500000,612.54,612.55,612.37,612.55,1.01,2026-03-29 12:15:00
1774786800000,612.95,612.95,612.95,612.95,0.003,2026-03-29 12:20:00
1774787100000,612.95,612.95,612.95,612.95,0.0,2026-03-29 12:25:00
1774787400000,612.95,612.95,612.95,612.95,0.0,2026-03-29 12:30:00
1774787700000,612.95,612.95,612.95,612.95,0.0,2026-03-29 12:35:00
1774788000000,612.95,612.95,612.95,612.95,0.0,2026-03-29 12:40:00
1774788300000,611.7,611.98,611.7,611.98,0.083,2026-03-29 12:45:00
1774788600000,611.98,611.98,611.98,611.98,0.0,2026-03-29 12:50:00
1774788900000,611.98,611.98,611.98,611.98,0.0,2026-03-29 12:55:00
1774789200000,611.98,611.98,611.98,611.98,0.0,2026-03-29 13:00:00
1774789500000,610.44,610.44,610.44,610.44,0.002,2026-03-29 13:05:00
1774789800000,610.42,610.42,610.42,610.42,0.004,2026-03-29 13:10:00
1774790100000,610.42,610.42,610.42,610.42,0.0,2026-03-29 13:15:00
1774790400000,611.46,611.46,611.46,611.46,0.017,2026-03-29 13:20:00
1774790700000,611.46,611.46,611.46,611.46,0.0,2026-03-29 13:25:00
1774791000000,611.46,611.46,611.46,611.46,0.0,2026-03-29 13:30:00
1774791300000,611.06,611.06,611.06,611.06,0.164,2026-03-29 13:35:00
1774791600000,611.06,611.06,611.06,611.06,0.0,2026-03-29 13:40:00
1774791900000,610.55,610.55,610.55,610.55,0.327,2026-03-29 13:45:00
1774792200000,610.55,610.55,610.55,610.55,0.0,2026-03-29 13:50:00
1774792500000,610.35,610.35,610.35,610.35,0.003,2026-03-29 13:55:00
1774792800000,610.54,610.54,610.23,610.23,0.106,2026-03-29 14:00:00
1774793100000,609.76,609.76,609.73,609.73,0.393,2026-03-29 14:05:00
1774793400000,611.51,611.58,611.51,611.58,0.011,2026-03-29 14:10:00
1774793700000,611.44,611.44,611.44,611.44,0.053,2026-03-29 14:15:00
1774794000000,611.44,611.44,611.44,611.44,0.0,2026-03-29 14:20:00
1774794300000,611.44,611.44,611.44,611.44,0.0,2026-03-29 14:25:00
1774794600000,611.44,611.44,611.44,611.44,0.0,2026-03-29 14:30:00
1774794900000,611.44,611.44,611.44,611.44,0.0,2026-03-29 14:35:00
1774795200000,610.73,610.73,610.73,610.73,0.003,2026-03-29 14:40:00
1774795500000,610.73,610.73,610.73,610.73,0.0,2026-03-29 14:45:00
1774795800000,610.73,610.73,610.73,610.73,0.0,2026-03-29 14:50:00
1774796100000,610.73,610.73,610.73,610.73,0.0,2026-03-29 14:55:00
1774796400000,609.24,609.6,608.75,608.75,0.221,2026-03-29 15:00:00
1774796700000,608.75,608.75,608.75,608.75,0.0,2026-03-29 15:05:00
1774797000000,608.88,610.37,608.88,610.37,0.081,2026-03-29 15:10:00
1774797300000,608.13,608.13,608.13,608.13,0.017,2026-03-29 15:15:00
1774797600000,608.13,608.13,608.13,608.13,0.0,2026-03-29 15:20:00
1774797900000,608.77,608.78,608.33,608.33,1.641,2026-03-29 15:25:00
1774798200000,608.33,608.33,608.33,608.33,0.0,2026-03-29 15:30:00
1774798500000,608.38,608.38,608.19,608.19,0.035,2026-03-29 15:35:00
1774798800000,608.19,608.19,608.19,608.19,0.0,2026-03-29 15:40:00
1774799100000,608.66,608.66,608.66,608.66,0.004,2026-03-29 15:45:00
1774799400000,608.66,608.66,608.66,608.66,0.0,2026-03-29 15:50:00
1774799700000,608.66,608.66,608.66,608.66,0.0,2026-03-29 15:55:00
1774800000000,608.66,608.66,608.66,608.66,0.0,2026-03-29 16:00:00
1774800300000,609.78,609.78,609.78,609.78,0.008,2026-03-29 16:05:00
1774800600000,609.91,609.91,609.33,609.33,0.007,2026-03-29 16:10:00
1774800900000,609.56,609.56,609.56,609.56,0.005,2026-03-29 16:15:00
1774801200000,609.56,609.56,609.56,609.56,0.0,2026-03-29 16:20:00
1774801500000,609.56,609.56,609.56,609.56,0.0,2026-03-29 16:25:00
1774801800000,609.56,609.56,609.56,609.56,0.0,2026-03-29 16:30:00
1774802100000,609.56,609.56,609.56,609.56,0.0,2026-03-29 16:35:00
1774802400000,609.56,609.56,609.56,609.56,0.0,2026-03-29 16:40:00
1774802700000,609.56,609.56,609.56,609.56,0.0,2026-03-29 16:45:00
1774803000000,609.81,609.81,609.81,609.81,0.003,2026-03-29 16:50:00
1774803300000,609.7,609.7,609.7,609.7,0.818,2026-03-29 16:55:00
1774803600000,609.81,609.81,609.81,609.81,0.164,2026-03-29 17:00:00
1774803900000,609.81,609.81,609.81,609.81,0.0,2026-03-29 17:05:00
1774804200000,609.81,609.81,609.81,609.81,0.0,2026-03-29 17:10:00
1774804500000,609.81,609.81,609.81,609.81,0.0,2026-03-29 17:15:00
1774804800000,608.29,608.29,608.29,608.29,0.164,2026-03-29 17:20:00
1774805100000,608.47,608.47,608.47,608.47,0.003,2026-03-29 17:25:00
1774805400000,608.57,608.57,608.57,608.57,0.23,2026-03-29 17:30:00
1774805700000,608.57,608.57,608.57,608.57,0.0,2026-03-29 17:35:00
1774806000000,608.57,608.57,608.57,608.57,0.0,2026-03-29 17:40:00
1774806300000,609.29,609.29,609.22,609.22,0.032,2026-03-29 17:45:00
1774806600000,609.17,609.17,609.17,609.17,0.004,2026-03-29 17:50:00
1774806900000,609.17,609.17,609.17,609.17,0.0,2026-03-29 17:55:00
1774807200000,609.17,609.17,609.17,609.17,0.0,2026-03-29 18:00:00
1774807500000,608.86,608.86,608.86,608.86,0.131,2026-03-29 18:05:00
1774807800000,608.86,608.86,608.86,608.86,0.0,2026-03-29 18:10:00
1774808100000,608.7,608.7,608.7,608.7,0.829,2026-03-29 18:15:00
1774808400000,608.7,608.7,608.7,608.7,0.0,2026-03-29 18:20:00
1774808700000,608.7,608.7,608.7,608.7,0.0,2026-03-29 18:25:00
1774809000000,608.7,608.7,608.7,608.7,0.0,2026-03-29 18:30:00
1774809300000,609.27,609.27,609.27,609.27,0.003,2026-03-29 18:35:00
1774809600000,609.27,609.27,609.27,609.27,0.0,2026-03-29 18:40:00
1774809900000,609.83,609.83,609.83,609.83,0.016,2026-03-29 18:45:00
1774810200000,609.44,609.83,609.43,609.83,0.989,2026-03-29 18:50:00
1774810500000,609.83,609.83,609.83,609.83,0.0,2026-03-29 18:55:00
1774810800000,609.83,609.83,609.83,609.83,0.0,2026-03-29 19:00:00
1774811100000,608.85,609.44,608.85,609.42,0.359,2026-03-29 19:05:00
1774811400000,609.42,609.42,609.42,609.42,0.0,2026-03-29 19:10:00
1774811700000,608.93,608.93,608.92,608.92,1.024,2026-03-29 19:15:00
1774812000000,608.92,608.92,608.92,608.92,0.0,2026-03-29 19:20:00
1774812300000,609.1,609.22,609.1,609.22,0.06,2026-03-29 19:25:00
1774812600000,609.22,609.22,609.22,609.22,0.0,2026-03-29 19:30:00
1774812900000,609.4,609.4,609.4,609.4,0.003,2026-03-29 19:35:00
1774813200000,609.4,609.4,609.4,609.4,0.0,2026-03-29 19:40:00
1774813500000,609.4,609.4,609.4,609.4,0.0,2026-03-29 19:45:00
1774813800000,609.4,609.4,609.4,609.4,0.0,2026-03-29 19:50:00
1774814100000,608.84,608.84,608.84,608.84,0.004,2026-03-29 19:55:00
1774814400000,609.45,609.45,609.45,609.45,0.238,2026-03-29 20:00:00
1774814700000,609.45,609.45,609.45,609.45,0.0,2026-03-29 20:05:00
1774815000000,610.02,610.02,610.02,610.02,0.073,2026-03-29 20:10:00
1774815300000,610.02,610.02,610.02,610.02,0.0,2026-03-29 20:15:00
1774815600000,611.61,611.61,611.34,611.34,0.019,2026-03-29 20:20:00
1774815900000,611.34,611.34,611.34,611.34,0.0,2026-03-29 20:25:00
1774816200000,611.34,611.34,611.34,611.34,0.0,2026-03-29 20:30:00
1774816500000,611.34,611.34,611.34,611.34,3.57,2026-03-29 20:35:00
1774816800000,611.24,611.24,611.24,611.24,0.018,2026-03-29 20:40:00
1774817100000,611.24,611.24,611.24,611.24,0.0,2026-03-29 20:45:00
1774817400000,611.24,611.24,611.24,611.24,0.0,2026-03-29 20:50:00
1774817700000,611.24,611.24,611.24,611.24,0.0,2026-03-29 20:55:00
1774818000000,611.24,611.24,611.24,611.24,0.0,2026-03-29 21:00:00
1774818300000,609.2,609.2,609.02,609.02,3.816,2026-03-29 21:05:00
1774818600000,609.0,609.0,609.0,609.0,0.05,2026-03-29 21:10:00
1774818900000,609.52,609.52,609.52,609.52,0.03,2026-03-29 21:15:00
1774819200000,609.52,609.52,609.52,609.52,0.0,2026-03-29 21:20:00
1774819500000,609.91,611.11,609.91,611.11,0.016,2026-03-29 21:25:00
1774819800000,609.98,609.98,609.98,609.98,0.003,2026-03-29 21:30:00
1774820100000,609.98,609.98,609.98,609.98,0.0,2026-03-29 21:35:00
1774820400000,609.98,609.98,609.98,609.98,0.0,2026-03-29 21:40:00
1774820700000,609.98,609.98,609.98,609.98,0.0,2026-03-29 21:45:00
1774821000000,610.58,610.58,610.58,610.58,0.005,2026-03-29 21:50:00
1774821300000,610.58,610.58,610.58,610.58,0.0,2026-03-29 21:55:00
1774821600000,610.58,610.58,610.58,610.58,0.0,2026-03-29 22:00:00
1774821900000,610.58,610.58,610.58,610.58,0.0,2026-03-29 22:05:00
1774822200000,610.58,610.58,610.58,610.58,0.0,2026-03-29 22:10:00
1774822500000,607.79,607.79,607.79,607.79,0.004,2026-03-29 22:15:00
1774822800000,607.79,607.79,607.79,607.79,0.0,2026-03-29 22:20:00
1774823100000,607.79,607.79,607.79,607.79,0.0,2026-03-29 22:25:00
1774823400000,608.76,608.76,608.76,608.76,0.003,2026-03-29 22:30:00
1774823700000,608.76,608.76,608.76,608.76,0.0,2026-03-29 22:35:00
1774824000000,606.65,606.65,601.22,601.22,1.474,2026-03-29 22:40:00
1774824300000,601.2,601.2,599.0,599.31,2.117,2026-03-29 22:45:00
1774824600000,597.7,597.7,597.7,597.7,0.052,2026-03-29 22:50:00
1774824900000,601.8,603.45,601.8,603.45,0.022,2026-03-29 22:55:00
1774825200000,603.45,603.45,603.45,603.45,0.0,2026-03-29 23:00:00
1774825500000,603.45,603.45,603.45,603.45,0.0,2026-03-29 23:05:00
1774825800000,603.45,603.45,603.45,603.45,0.0,2026-03-29 23:10:00
1774826100000,605.96,605.96,605.96,605.96,0.018,2026-03-29 23:15:00
1774826400000,606.77,606.77,606.77,606.77,0.003,2026-03-29 23:20:00
1774826700000,605.58,605.58,605.58,605.58,0.148,2026-03-29 23:25:00
1774827000000,605.58,605.58,605.58,605.58,0.0,2026-03-29 23:30:00
1774827300000,605.12,605.12,605.12,605.12,0.004,2026-03-29 23:35:00
1774827600000,605.12,605.12,605.12,605.12,0.0,2026-03-29 23:40:00
1774827900000,605.12,605.12,605.12,605.12,0.0,2026-03-29 23:45:00
1774828200000,605.68,605.68,605.64,605.64,4.357,2026-03-29 23:50:00
1774828500000,605.64,605.64,605.64,605.64,0.0,2026-03-29 23:55:00
1774828800000,605.67,605.67,605.67,605.67,0.007,2026-03-30 00:00:00
1774829100000,605.67,605.67,605.04,605.67,0.223,2026-03-30 00:05:00
1774829400000,606.29,606.29,606.29,606.29,0.002,2026-03-30 00:10:00
1774829700000,606.05,610.0,606.05,610.0,8.377,2026-03-30 00:15:00
1774830000000,613.25,613.25,611.46,611.46,0.012,2026-03-30 00:20:00
1774830300000,611.49,613.01,611.32,611.39,0.019,2026-03-30 00:25:00
1774830600000,611.93,611.93,611.13,611.13,0.015,2026-03-30 00:30:00
1774830900000,611.13,611.13,611.13,611.13,0.0,2026-03-30 00:35:00
1774831200000,609.53,609.76,609.53,609.71,0.014,2026-03-30 00:40:00
1774831500000,609.62,609.78,609.62,609.78,0.006,2026-03-30 00:45:00
1774831800000,608.79,609.42,608.79,609.42,0.176,2026-03-30 00:50:00
1774832100000,609.42,609.42,609.42,609.42,0.0,2026-03-30 00:55:00
1774832400000,610.65,610.65,610.65,610.65,0.016,2026-03-30 01:00:00
1774832700000,612.71,612.71,612.71,612.71,0.003,2026-03-30 01:05:00
1774833000000,612.71,612.71,612.71,612.71,0.0,2026-03-30 01:10:00
1774833300000,612.71,612.71,612.71,612.71,0.0,2026-03-30 01:15:00
1774833600000,612.16,612.16,612.16,612.16,0.817,2026-03-30 01:20:00
1774833900000,612.16,612.16,612.16,612.16,0.0,2026-03-30 01:25:00
1774834200000,612.39,612.39,612.39,612.39,0.004,2026-03-30 01:30:00
1774834500000,612.39,612.39,612.39,612.39,0.0,2026-03-30 01:35:00
1774834800000,612.39,612.39,612.39,612.39,0.0,2026-03-30 01:40:00
1774835100000,612.39,612.39,612.39,612.39,0.0,2026-03-30 01:45:00
1774835400000,612.39,612.39,612.39,612.39,0.0,2026-03-30 01:50:00
1774835700000,612.39,612.39,612.39,612.39,0.0,2026-03-30 01:55:00
1774836000000,612.39,612.39,612.39,612.39,0.0,2026-03-30 02:00:00
1774836300000,614.7,615.66,614.27,614.27,0.128,2026-03-30 02:05:00
1774836600000,614.35,614.35,614.35,614.35,0.161,2026-03-30 02:10:00
1774836900000,614.53,614.53,614.53,614.53,0.003,2026-03-30 02:15:00
1774837200000,614.53,614.53,614.53,614.53,0.0,2026-03-30 02:20:00
1774837500000,614.53,614.53,614.53,614.53,0.0,2026-03-30 02:25:00
1774837800000,614.53,614.53,614.53,614.53,0.0,2026-03-30 02:30:00
1774838100000,613.21,613.21,613.21,613.21,0.012,2026-03-30 02:35:00
1774838400000,613.23,613.23,613.23,613.23,0.004,2026-03-30 02:40:00
1774838700000,615.91,618.55,615.91,618.55,0.14,2026-03-30 02:45:00
1774839000000,618.55,618.55,618.55,618.55,0.0,2026-03-30 02:50:00
1774839300000,618.55,618.55,618.55,618.55,0.0,2026-03-30 02:55:00
1774839600000,615.82,615.9,615.82,615.9,0.127,2026-03-30 03:00:00
1774839900000,615.9,615.9,615.9,615.9,0.0,2026-03-30 03:05:00
1774840200000,615.9,615.9,615.9,615.9,0.0,2026-03-30 03:10:00
1774840500000,615.64,615.64,615.64,615.64,0.003,2026-03-30 03:15:00
1774840800000,615.64,615.64,615.64,615.64,0.0,2026-03-30 03:20:00
1774841100000,615.64,615.64,615.64,615.64,0.0,2026-03-30 03:25:00
1774841400000,615.64,615.64,615.64,615.64,0.0,2026-03-30 03:30:00
1774841700000,615.64,615.64,615.64,615.64,0.0,2026-03-30 03:35:00
1774842000000,615.64,615.64,615.64,615.64,0.0,2026-03-30 03:40:00
1774842300000,615.64,615.64,615.64,615.64,0.0,2026-03-30 03:45:00
1774842600000,615.64,615.64,615.64,615.64,0.0,2026-03-30 03:50:00
1774842900000,615.3,616.13,615.3,616.13,0.02,2026-03-30 03:55:00
1774843200000,616.18,616.55,616.18,616.55,0.026,2026-03-30 04:00:00
1774843500000,616.55,616.55,616.55,616.55,0.0,2026-03-30 04:05:00
1774843800000,617.64,617.64,617.64,617.64,0.005,2026-03-30 04:10:00
1774844100000,617.64,617.64,617.64,617.64,0.0,2026-03-30 04:15:00
1774844400000,617.64,617.64,617.64,617.64,0.0,2026-03-30 04:20:00
1774844700000,617.06,617.64,616.56,616.56,0.049,2026-03-30 04:25:00
1774845000000,616.56,616.56,616.56,616.56,0.0,2026-03-30 04:30:00
1774845300000,616.56,616.56,616.56,616.56,0.0,2026-03-30 04:35:00
1774845600000,616.39,616.39,615.76,615.76,0.007,2026-03-30 04:40:00
1774845900000,615.76,615.76,615.76,615.76,0.0,2026-03-30 04:45:00
1774846200000,615.76,615.76,615.76,615.76,0.0,2026-03-30 04:50:00
1774846500000,617.47,617.47,617.47,617.47,0.006,2026-03-30 04:55:00
1774846800000,617.47,617.47,617.47,617.47,0.0,2026-03-30 05:00:00
1774847100000,617.46,617.46,617.46,617.46,0.008,2026-03-30 05:05:00
1774847400000,617.42,618.29,617.42,618.29,7.836,2026-03-30 05:10:00
1774847700000,618.29,618.29,618.29,618.29,0.0,2026-03-30 05:15:00
1774848000000,618.29,618.29,618.29,618.29,0.0,2026-03-30 05:20:00
1774848300000,618.29,618.29,618.29,618.29,0.0,2026-03-30 05:25:00
1774848600000,618.29,618.29,618.29,618.29,0.0,2026-03-30 05:30:00
1774848900000,617.89,617.89,617.89,617.89,0.003,2026-03-30 05:35:00
1774849200000,617.89,617.89,617.89,617.89,0.0,2026-03-30 05:40:00
1774849500000,616.16,616.16,616.16,616.16,0.042,2026-03-30 05:45:00
1774849800000,616.16,616.16,616.16,616.16,0.0,2026-03-30 05:50:00
1774850100000,616.88,616.88,616.88,616.88,0.015,2026-03-30 05:55:00
1774850400000,617.29,617.29,616.86,616.86,0.013,2026-03-30 06:00:00
1774850700000,616.86,616.86,616.86,616.86,0.0,2026-03-30 06:05:00
1774851000000,616.98,616.98,616.98,616.98,0.016,2026-03-30 06:10:00
1774851300000,616.0,616.0,616.0,616.0,0.004,2026-03-30 06:15:00
1774851600000,616.0,616.0,616.0,616.0,0.0,2026-03-30 06:20:00
1774851900000,616.0,616.0,616.0,616.0,0.0,2026-03-30 06:25:00
1774852200000,616.0,616.0,616.0,616.0,0.0,2026-03-30 06:30:00
1774852500000,616.0,616.0,616.0,616.0,0.0,2026-03-30 06:35:00
1774852800000,616.12,616.12,616.12,616.12,0.003,2026-03-30 06:40:00
1774853100000,616.12,616.12,616.12,616.12,0.0,2026-03-30 06:45:00
1774853400000,616.12,616.12,616.12,616.12,0.0,2026-03-30 06:50:00
1774853700000,616.12,616.12,616.12,616.12,0.0,2026-03-30 06:55:00
1774854000000,616.1,616.1,616.1,616.1,0.003,2026-03-30 07:00:00
1774854300000,616.1,616.1,616.1,616.1,0.0,2026-03-30 07:05:00
1774854600000,617.8,617.84,617.29,617.29,0.037,2026-03-30 07:10:00
1774854900000,617.29,617.29,617.29,617.29,0.0,2026-03-30 07:15:00
1774855200000,616.63,616.63,616.63,616.63,0.004,2026-03-30 07:20:00
1774855500000,616.63,616.63,616.63,616.63,0.0,2026-03-30 07:25:00
1774855800000,616.63,616.63,616.63,616.63,0.0,2026-03-30 07:30:00
1774856100000,616.63,616.63,616.63,616.63,0.0,2026-03-30 07:35:00
1774856400000,616.63,616.63,616.63,616.63,0.0,2026-03-30 07:40:00
1774856700000,616.63,616.63,616.63,616.63,0.0,2026-03-30 07:45:00
1774857000000,616.63,616.63,616.63,616.63,0.0,2026-03-30 07:50:00
1774857300000,618.45,618.45,618.45,618.45,0.003,2026-03-30 07:55:00
1774857600000,618.31,618.31,618.31,618.31,0.06,2026-03-30 08:00:00
1774857900000,618.33,619.79,618.33,619.79,0.032,2026-03-30 08:05:00
1774858200000,619.82,620.41,617.55,620.41,0.357,2026-03-30 08:10:00
1774858500000,619.33,619.33,619.33,619.33,0.002,2026-03-30 08:15:00
1774858800000,619.33,619.33,619.33,619.33,0.0,2026-03-30 08:20:00
1774859100000,619.33,619.33,619.33,619.33,0.0,2026-03-30 08:25:00
1774859400000,619.33,619.33,619.33,619.33,0.0,2026-03-30 08:30:00
1774859700000,620.54,620.54,620.54,620.54,0.064,2026-03-30 08:35:00
1774860000000,620.54,620.54,620.54,620.54,0.0,2026-03-30 08:40:00
1774860300000,620.54,620.54,620.54,620.54,0.0,2026-03-30 08:45:00
1774860600000,620.54,620.54,620.54,620.54,0.0,2026-03-30 08:50:00
1774860900000,620.54,620.54,620.54,620.54,0.0,2026-03-30 08:55:00
1774861200000,620.1,620.1,620.1,620.1,0.003,2026-03-30 09:00:00
1774861500000,620.1,620.1,620.1,620.1,0.0,2026-03-30 09:05:00
1774861800000,620.1,620.1,620.1,620.1,0.0,2026-03-30 09:10:00
1774862100000,620.1,620.1,620.1,620.1,0.0,2026-03-30 09:15:00
1774862400000,618.04,618.04,618.01,618.01,3.175,2026-03-30 09:20:00
1774862700000,618.19,618.19,618.19,618.19,0.024,2026-03-30 09:25:00
1774863000000,618.19,618.19,618.19,618.19,0.051,2026-03-30 09:30:00
1774863300000,618.19,618.19,618.19,618.19,0.0,2026-03-30 09:35:00
1774863600000,618.19,618.19,618.19,618.19,0.0,2026-03-30 09:40:00
1774863900000,617.81,617.81,617.81,617.81,0.004,2026-03-30 09:45:00
1774864200000,617.81,617.81,617.81,617.81,0.0,2026-03-30 09:50:00
1774864500000,617.63,618.11,617.62,618.11,0.053,2026-03-30 09:55:00
1774864800000,618.11,618.11,618.11,618.11,0.0,2026-03-30 10:00:00
1774865100000,618.13,618.13,618.13,618.13,0.016,2026-03-30 10:05:00
1774865400000,618.13,618.13,618.13,618.13,0.0,2026-03-30 10:10:00
1774865700000,618.13,618.13,618.13,618.13,0.0,2026-03-30 10:15:00
1774866000000,618.13,618.13,618.13,618.13,0.0,2026-03-30 10:20:00
1774866300000,617.03,617.03,617.03,617.03,0.004,2026-03-30 10:25:00
1774866600000,617.37,617.37,617.37,617.37,0.003,2026-03-30 10:30:00
1774866900000,617.37,617.37,617.37,617.37,0.0,2026-03-30 10:35:00
1774867200000,617.37,617.37,617.37,617.37,0.0,2026-03-30 10:40:00
1774867500000,617.06,617.06,617.06,617.06,0.004,2026-03-30 10:45:00
1774867800000,617.95,618.84,617.77,617.77,0.095,2026-03-30 10:50:00
1774868100000,617.77,617.77,617.77,617.77,0.0,2026-03-30 10:55:00
1774868400000,617.77,617.77,617.77,617.77,0.0,2026-03-30 11:00:00
1774868700000,618.78,618.78,618.78,618.78,0.723,2026-03-30 11:05:00
1774869000000,618.78,618.78,618.78,618.78,0.0,2026-03-30 11:10:00
1774869300000,618.78,618.78,618.78,618.78,0.0,2026-03-30 11:15:00
1774869600000,618.78,618.78,618.78,618.78,0.0,2026-03-30 11:20:00
1774869900000,618.78,618.78,618.78,618.78,0.0,2026-03-30 11:25:00
1774870200000,618.78,618.78,618.78,618.78,0.0,2026-03-30 11:30:00
1774870500000,618.78,618.78,618.78,618.78,0.0,2026-03-30 11:35:00
1774870800000,618.7,618.7,618.7,618.7,0.003,2026-03-30 11:40:00
1774871100000,618.7,618.7,618.7,618.7,0.0,2026-03-30 11:45:00
1774871400000,618.7,618.7,618.7,618.7,0.0,2026-03-30 11:50:00
1774871700000,618.7,618.7,618.7,618.7,0.0,2026-03-30 11:55:00
1774872000000,617.67,617.67,617.67,617.67,0.005,2026-03-30 12:00:00
1774872300000,617.67,617.67,617.67,617.67,0.0,2026-03-30 12:05:00
1774872600000,617.67,617.67,617.67,617.67,0.0,2026-03-30 12:10:00
1774872900000,618.87,618.87,618.86,618.86,1.187,2026-03-30 12:15:00
1774873200000,619.2,619.2,619.2,619.2,0.005,2026-03-30 12:20:00
1774873500000,619.2,619.2,619.2,619.2,0.0,2026-03-30 12:25:00
1774873800000,619.2,619.2,619.2,619.2,0.0,2026-03-30 12:30:00
1774874100000,619.2,619.2,619.2,619.2,0.0,2026-03-30 12:35:00
1774874400000,618.36,618.93,618.36,618.93,0.016,2026-03-30 12:40:00
1774874700000,618.93,618.93,618.93,618.93,0.0,2026-03-30 12:45:00
1774875000000,618.93,618.93,618.93,618.93,0.0,2026-03-30 12:50:00
1774875300000,618.93,618.93,618.93,618.93,0.0,2026-03-30 12:55:00
1774875600000,618.93,618.93,618.93,618.93,0.0,2026-03-30 13:00:00
1774875900000,618.93,618.93,618.93,618.93,0.0,2026-03-30 13:05:00
1774876200000,620.46,620.46,619.76,619.76,0.488,2026-03-30 13:10:00
1774876500000,619.76,619.76,619.76,619.76,0.0,2026-03-30 13:15:00
1774876800000,619.76,619.76,619.76,619.76,0.0,2026-03-30 13:20:00
1774877100000,619.64,619.64,619.64,619.64,0.016,2026-03-30 13:25:00
1774877400000,618.69,619.76,618.69,619.76,1.714,2026-03-30 13:30:00
1774877700000,618.72,618.72,618.72,618.72,0.008,2026-03-30 13:35:00
1774878000000,618.17,618.17,618.05,618.05,0.008,2026-03-30 13:40:00
1774878300000,618.05,618.05,618.05,618.05,0.0,2026-03-30 13:45:00
1774878600000,618.05,618.05,618.05,618.05,0.0,2026-03-30 13:50:00
1774878900000,618.05,618.05,618.05,618.05,0.0,2026-03-30 13:55:00
1774879200000,617.63,617.63,617.63,617.63,0.002,2026-03-30 14:00:00
1774879500000,617.63,617.63,617.03,617.03,0.059,2026-03-30 14:05:00
1774879800000,617.96,618.53,617.96,618.51,0.945,2026-03-30 14:10:00
1774880100000,617.3,617.84,617.3,617.84,0.022,2026-03-30 14:15:00
1774880400000,616.83,616.83,616.83,616.83,0.007,2026-03-30 14:20:00
1774880700000,616.83,616.83,616.83,616.83,0.0,2026-03-30 14:25:00
1774881000000,615.8,615.8,615.8,615.8,0.024,2026-03-30 14:30:00
1774881300000,615.81,615.81,615.28,615.28,0.028,2026-03-30 14:35:00
1774881600000,614.83,614.83,614.83,614.83,0.032,2026-03-30 14:40:00
1774881900000,614.83,614.83,614.83,614.83,0.0,2026-03-30 14:45:00
1774882200000,614.05,616.98,614.05,616.98,2.162,2026-03-30 14:50:00
1774882500000,617.15,617.24,617.15,617.24,0.229,2026-03-30 14:55:00
1774882800000,617.76,617.76,617.27,617.27,0.155,2026-03-30 15:00:00
1774883100000,618.45,618.45,618.45,618.45,0.014,2026-03-30 15:05:00
1774883400000,616.51,616.51,616.51,616.51,0.06,2026-03-30 15:10:00
1774883700000,616.3,616.3,616.28,616.29,3.167,2026-03-30 15:15:00
1774884000000,616.28,616.28,616.21,616.22,1.044,2026-03-30 15:20:00
1774884300000,616.57,616.57,616.57,616.57,0.081,2026-03-30 15:25:00
1774884600000,616.73,617.22,616.73,617.22,0.139,2026-03-30 15:30:00
1774884900000,618.84,618.84,618.84,618.84,0.219,2026-03-30 15:35:00
1774885200000,618.71,619.08,618.71,619.08,0.005,2026-03-30 15:40:00
1774885500000,619.14,619.14,619.13,619.13,0.139,2026-03-30 15:45:00
1774885800000,618.79,618.79,618.79,618.79,0.092,2026-03-30 15:50:00
1774886100000,618.79,618.79,618.79,618.79,0.0,2026-03-30 15:55:00
1774886400000,618.66,618.66,618.66,618.66,0.016,2026-03-30 16:00:00
1774886700000,617.05,617.06,616.99,617.0,0.34,2026-03-30 16:05:00
1774887000000,616.72,616.72,616.72,616.72,0.004,2026-03-30 16:10:00
1774887300000,616.94,616.94,616.94,616.94,0.005,2026-03-30 16:15:00
1774887600000,615.89,615.9,615.89,615.9,0.032,2026-03-30 16:20:00
1774887900000,616.4,617.21,616.09,616.09,0.677,2026-03-30 16:25:00
1774888200000,616.09,616.09,616.09,616.09,0.0,2026-03-30 16:30:00
1774888500000,616.53,616.64,616.53,616.64,0.14,2026-03-30 16:35:00
1774888800000,616.64,616.64,616.64,616.64,0.0,2026-03-30 16:40:00
1774889100000,616.54,616.54,616.37,616.37,0.108,2026-03-30 16:45:00
1774889400000,615.77,615.77,615.77,615.77,0.161,2026-03-30 16:50:00
1774889700000,615.77,615.77,615.77,615.77,0.0,2026-03-30 16:55:00
1774890000000,617.0,617.0,617.0,617.0,0.016,2026-03-30 17:00:00
1774890300000,617.0,617.0,617.0,617.0,0.0,2026-03-30 17:05:00
1774890600000,617.0,617.0,617.0,617.0,0.0,2026-03-30 17:10:00
1774890900000,617.0,617.0,617.0,617.0,0.0,2026-03-30 17:15:00
1774891200000,614.15,614.15,614.15,614.15,0.159,2026-03-30 17:20:00
1774891500000,613.39,613.39,612.9,612.9,0.294,2026-03-30 17:25:00
1774891800000,612.9,612.9,612.9,612.9,0.0,2026-03-30 17:30:00
1774892100000,613.63,613.88,613.24,613.88,0.023,2026-03-30 17:35:00
1774892400000,613.88,613.88,613.88,613.88,0.0,2026-03-30 17:40:00
1774892700000,614.03,614.03,613.66,613.66,3.509,2026-03-30 17:45:00
1774893000000,613.95,614.05,613.95,614.05,0.271,2026-03-30 17:50:00
1774893300000,614.05,614.05,614.05,614.05,0.0,2026-03-30 17:55:00
1774893600000,613.44,613.44,613.44,613.44,0.1,2026-03-30 18:00:00
1774893900000,613.44,613.44,613.44,613.44,0.0,2026-03-30 18:05:00
1774894200000,613.44,613.44,613.44,613.44,0.0,2026-03-30 18:10:00
1774894500000,612.5,612.52,612.5,612.52,0.01,2026-03-30 18:15:00
1774894800000,612.04,612.04,612.0,612.0,32.4,2026-03-30 18:20:00
1774895100000,610.38,610.38,610.38,610.38,0.003,2026-03-30 18:25:00
1774895400000,610.04,610.04,610.04,610.04,0.097,2026-03-30 18:30:00
1774895700000,610.04,610.04,610.04,610.04,0.0,2026-03-30 18:35:00
1774896000000,610.04,610.04,610.04,610.04,0.0,2026-03-30 18:40:00
1774896300000,611.49,611.69,611.49,611.69,0.301,2026-03-30 18:45:00
1774896600000,611.69,611.69,611.69,611.69,0.0,2026-03-30 18:50:00
1774896900000,611.69,611.69,611.69,611.69,0.0,2026-03-30 18:55:00
1774897200000,611.69,611.69,611.69,611.69,0.0,2026-03-30 19:00:00
1774897500000,610.0,610.0,610.0,610.0,0.038,2026-03-30 19:05:00
1774897800000,609.46,609.46,609.28,609.28,0.124,2026-03-30 19:10:00
1774898100000,609.8,610.08,609.8,610.08,1.149,2026-03-30 19:15:00
1774898400000,610.08,610.08,610.08,610.08,0.0,2026-03-30 19:20:00
1774898700000,609.19,609.19,608.45,608.45,0.089,2026-03-30 19:25:00
1774899000000,608.45,608.45,608.45,608.45,0.0,2026-03-30 19:30:00
1774899300000,609.13,609.13,609.13,609.13,0.003,2026-03-30 19:35:00
1774899600000,609.13,609.13,609.13,609.13,0.0,2026-03-30 19:40:00
1774899900000,609.13,609.13,609.13,609.13,0.0,2026-03-30 19:45:00
1774900200000,609.13,609.13,609.13,609.13,0.0,2026-03-30 19:50:00
1774900500000,609.13,609.13,609.13,609.13,0.0,2026-03-30 19:55:00
1774900800000,610.11,610.11,610.11,610.11,4.95,2026-03-30 20:00:00
1774901100000,610.82,610.82,609.44,609.44,3.146,2026-03-30 20:05:00
1774901400000,609.96,609.96,609.96,609.96,3.118,2026-03-30 20:10:00
1774901700000,609.91,609.91,609.91,609.91,0.003,2026-03-30 20:15:00
1774902000000,609.91,609.91,609.91,609.91,0.0,2026-03-30 20:20:00
1774902300000,609.91,609.91,609.91,609.91,0.0,2026-03-30 20:25:00
1774902600000,609.91,609.91,609.91,609.91,0.0,2026-03-30 20:30:00
1774902900000,609.91,609.91,609.91,609.91,0.0,2026-03-30 20:35:00
1774903200000,609.91,609.91,609.91,609.91,0.0,2026-03-30 20:40:00
1774903500000,609.91,609.91,609.91,609.91,0.0,2026-03-30 20:45:00
1774903800000,609.81,609.81,609.81,609.81,0.017,2026-03-30 20:50:00
1774904100000,609.81,609.81,609.81,609.81,0.0,2026-03-30 20:55:00
1774904400000,609.36,609.97,609.36,609.97,3.132,2026-03-30 21:00:00
1774904700000,609.46,609.74,609.46,609.74,0.086,2026-03-30 21:05:00
1774905000000,610.79,610.79,610.79,610.79,0.173,2026-03-30 21:10:00
1774905300000,610.79,610.79,610.79,610.79,0.0,2026-03-30 21:15:00
1774905600000,612.87,612.87,612.87,612.87,0.013,2026-03-30 21:20:00
1774905900000,612.87,612.87,612.87,612.87,0.0,2026-03-30 21:25:00
1774906200000,612.24,612.24,612.24,612.24,0.009,2026-03-30 21:30:00
1774906500000,612.27,612.3,611.77,612.17,0.185,2026-03-30 21:35:00
1774906800000,612.83,612.83,612.83,612.83,0.012,2026-03-30 21:40:00
1774907100000,612.83,612.83,612.83,612.83,0.0,2026-03-30 21:45:00
1774907400000,612.62,612.62,612.62,612.62,0.003,2026-03-30 21:50:00
1774907700000,612.62,612.62,612.62,612.62,0.0,2026-03-30 21:55:00
1774908000000,612.62,612.62,612.62,612.62,0.0,2026-03-30 22:00:00
1774908300000,612.62,612.62,612.62,612.62,0.0,2026-03-30 22:05:00
1774908600000,612.62,612.62,612.62,612.62,0.0,2026-03-30 22:10:00
1774908900000,611.44,611.44,611.44,611.44,0.004,2026-03-30 22:15:00
1774909200000,611.81,611.81,611.81,611.81,0.013,2026-03-30 22:20:00
1774909500000,611.81,611.81,611.81,611.81,0.0,2026-03-30 22:25:00
1774909800000,611.81,611.81,611.81,611.81,0.0,2026-03-30 22:30:00
1774910100000,611.81,611.81,611.81,611.81,0.0,2026-03-30 22:35:00
1774910400000,611.81,611.81,611.81,611.81,0.0,2026-03-30 22:40:00
1774910700000,611.72,611.72,610.7,611.04,0.692,2026-03-30 22:45:00
1774911000000,611.04,611.04,611.04,611.04,0.0,2026-03-30 22:50:00
1774911300000,610.67,611.16,610.67,611.16,0.102,2026-03-30 22:55:00
1774911600000,611.16,611.16,611.16,611.16,0.0,2026-03-30 23:00:00
1774911900000,607.94,607.94,607.94,607.94,0.022,2026-03-30 23:05:00
1774912200000,607.61,607.61,607.61,607.61,0.004,2026-03-30 23:10:00
1774912500000,607.59,608.48,607.59,608.48,0.031,2026-03-30 23:15:00
1774912800000,608.48,608.48,608.48,608.48,0.0,2026-03-30 23:20:00
1774913100000,608.51,608.51,608.51,608.51,0.338,2026-03-30 23:25:00
1774913400000,608.51,608.51,608.51,608.51,0.0,2026-03-30 23:30:00
1774913700000,608.51,608.51,608.51,608.51,0.0,2026-03-30 23:35:00
1774914000000,608.51,608.51,608.51,608.51,0.0,2026-03-30 23:40:00
1774914300000,608.51,608.51,608.51,608.51,0.0,2026-03-30 23:45:00
1774914600000,608.51,608.51,608.51,608.51,0.0,2026-03-30 23:50:00
1774914900000,608.51,608.51,608.51,608.51,0.0,2026-03-30 23:55:00
1774915200000,609.71,609.71,609.52,609.52,0.108,2026-03-31 00:00:00
1774915500000,609.23,609.28,609.23,609.28,0.008,2026-03-31 00:05:00
1774915800000,609.28,609.28,609.28,609.28,0.0,2026-03-31 00:10:00
1774916100000,609.09,609.09,609.09,609.09,0.002,2026-03-31 00:15:00
1774916400000,609.47,609.97,609.47,609.97,0.016,2026-03-31 00:20:00
1774916700000,609.97,609.97,609.97,609.97,0.0,2026-03-31 00:25:00
1774917000000,609.97,609.97,609.97,609.97,0.0,2026-03-31 00:30:00
1774917300000,610.15,610.15,609.97,609.97,0.004,2026-03-31 00:35:00
1774917600000,609.97,609.97,609.97,609.97,0.0,2026-03-31 00:40:00
1774917900000,611.86,611.86,611.86,611.86,0.041,2026-03-31 00:45:00
1774918200000,610.23,610.23,610.16,610.16,0.019,2026-03-31 00:50:00
1774918500000,611.1,611.1,611.08,611.08,0.044,2026-03-31 00:55:00
1774918800000,611.08,611.08,611.08,611.08,0.0,2026-03-31 01:00:00
1774919100000,610.89,610.89,610.62,610.62,0.007,2026-03-31 01:05:00
1774919400000,610.62,610.62,610.62,610.62,0.0,2026-03-31 01:10:00
1774919700000,610.62,610.62,610.62,610.62,0.0,2026-03-31 01:15:00
1774920000000,613.78,613.78,613.78,613.78,0.063,2026-03-31 01:20:00
1774920300000,613.78,613.78,613.78,613.78,0.0,2026-03-31 01:25:00
1774920600000,615.82,619.25,615.67,619.25,0.954,2026-03-31 01:30:00
1774920900000,619.25,619.25,619.25,619.25,0.0,2026-03-31 01:35:00
1774921200000,619.25,619.25,619.25,619.25,0.0,2026-03-31 01:40:00
1774921500000,615.1,615.1,615.1,615.1,0.004,2026-03-31 01:45:00
1774921800000,615.1,615.1,615.1,615.1,0.0,2026-03-31 01:50:00
1774922100000,616.77,616.77,616.77,616.77,0.007,2026-03-31 01:55:00
1774922400000,616.28,616.28,616.28,616.28,2.95,2026-03-31 02:00:00
1774922700000,616.08,616.16,616.08,616.16,0.04,2026-03-31 02:05:00
1774923000000,616.02,616.04,616.02,616.04,0.109,2026-03-31 02:10:00
1774923300000,616.76,616.76,616.76,616.76,0.003,2026-03-31 02:15:00
1774923600000,617.58,617.58,617.58,617.58,0.002,2026-03-31 02:20:00
1774923900000,617.58,617.58,617.58,617.58,0.0,2026-03-31 02:25:00
1774924200000,616.86,616.86,616.37,616.37,0.03,2026-03-31 02:30:00
1774924500000,616.05,616.88,616.05,616.88,0.004,2026-03-31 02:35:00
1774924800000,616.88,616.88,616.88,616.88,0.0,2026-03-31 02:40:00
1774925100000,616.88,616.88,616.88,616.88,0.0,2026-03-31 02:45:00
1774925400000,615.23,615.57,615.23,615.57,0.768,2026-03-31 02:50:00
1774925700000,615.38,615.38,615.38,615.38,0.003,2026-03-31 02:55:00
1774926000000,614.87,614.87,614.87,614.87,81.318,2026-03-31 03:00:00
1774926300000,614.4,614.46,614.4,614.46,0.018,2026-03-31 03:05:00
1774926600000,615.05,615.05,614.41,614.41,0.073,2026-03-31 03:10:00
1774926900000,614.41,614.41,614.41,614.41,0.0,2026-03-31 03:15:00
1774927200000,614.41,614.41,614.41,614.41,0.0,2026-03-31 03:20:00
1774927500000,614.41,614.41,614.41,614.41,0.0,2026-03-31 03:25:00
1774927800000,614.41,614.41,614.41,614.41,0.0,2026-03-31 03:30:00
1774928100000,614.41,614.41,614.41,614.41,0.0,2026-03-31 03:35:00
1774928400000,614.41,614.41,614.41,614.41,0.0,2026-03-31 03:40:00
1774928700000,614.41,614.41,614.41,614.41,0.0,2026-03-31 03:45:00
1774929000000,614.41,614.41,614.41,614.41,0.0,2026-03-31 03:50:00
1774929300000,614.41,614.41,614.41,614.41,0.0,2026-03-31 03:55:00
1774929600000,614.05,614.05,614.05,614.05,0.057,2026-03-31 04:00:00
1774929900000,614.05,614.05,614.05,614.05,0.0,2026-03-31 04:05:00
1774930200000,614.05,614.05,614.05,614.05,0.0,2026-03-31 04:10:00
1774930500000,613.99,613.99,613.99,613.99,0.008,2026-03-31 04:15:00
1774930800000,614.03,614.25,614.03,614.25,0.986,2026-03-31 04:20:00
1774931100000,614.25,614.25,614.25,614.25,0.0,2026-03-31 04:25:00
1774931400000,611.67,611.67,611.67,611.67,0.004,2026-03-31 04:30:00
1774931700000,611.67,611.67,611.67,611.67,0.0,2026-03-31 04:35:00
1774932000000,611.67,611.67,611.67,611.67,0.0,2026-03-31 04:40:00
1774932300000,611.67,611.67,611.67,611.67,0.0,2026-03-31 04:45:00
1774932600000,613.24,613.24,613.24,613.24,0.003,2026-03-31 04:50:00
1774932900000,612.2,612.6,612.14,612.14,7.67,2026-03-31 04:55:00
1774933200000,612.14,612.14,612.14,612.14,0.0,2026-03-31 05:00:00
1774933500000,612.06,612.06,612.06,612.06,0.008,2026-03-31 05:05:00
1774933800000,611.93,611.93,611.0,611.0,0.012,2026-03-31 05:10:00
1774934100000,611.0,611.0,611.0,611.0,0.0,2026-03-31 05:15:00
1774934400000,611.0,611.0,611.0,611.0,0.0,2026-03-31 05:20:00
1774934700000,611.0,611.0,611.0,611.0,0.0,2026-03-31 05:25:00
1774935000000,612.97,612.97,612.97,612.97,0.003,2026-03-31 05:30:00
1774935300000,613.38,613.38,613.38,613.38,0.015,2026-03-31 05:35:00
1774935600000,613.38,613.38,613.38,613.38,0.0,2026-03-31 05:40:00
1774935900000,613.38,613.38,613.38,613.38,0.0,2026-03-31 05:45:00
1774936200000,613.38,613.38,613.38,613.38,0.0,2026-03-31 05:50:00
1774936500000,613.22,613.22,613.22,613.22,0.004,2026-03-31 05:55:00
1774936800000,613.22,613.22,613.22,613.22,0.0,2026-03-31 06:00:00
1774937100000,612.61,612.68,612.61,612.68,0.004,2026-03-31 06:05:00
1774937400000,612.68,612.68,612.68,612.68,0.0,2026-03-31 06:10:00
1774937700000,612.68,612.68,612.68,612.68,0.0,2026-03-31 06:15:00
1774938000000,612.68,612.68,612.68,612.68,0.0,2026-03-31 06:20:00
1774938300000,612.68,612.68,612.68,612.68,0.0,2026-03-31 06:25:00
1774938600000,611.28,611.28,611.27,611.27,0.051,2026-03-31 06:30:00
1774938900000,611.27,611.27,611.27,611.27,0.0,2026-03-31 06:35:00
1774939200000,611.27,611.27,611.27,611.27,0.0,2026-03-31 06:40:00
1774939500000,611.27,611.27,611.27,611.27,0.0,2026-03-31 06:45:00
1774939800000,611.27,611.27,611.27,611.27,0.0,2026-03-31 06:50:00
1774940100000,611.27,611.27,611.27,611.27,0.0,2026-03-31 06:55:00
1774940400000,612.29,612.29,612.29,612.29,0.003,2026-03-31 07:00:00
1774940700000,612.05,612.05,612.05,612.05,0.003,2026-03-31 07:05:00
1774941000000,612.05,612.05,612.05,612.05,0.0,2026-03-31 07:10:00
1774941300000,609.51,609.51,609.51,609.51,0.016,2026-03-31 07:15:00
1774941600000,609.51,609.51,609.51,609.51,0.0,2026-03-31 07:20:00
1774941900000,609.51,609.51,609.51,609.51,0.0,2026-03-31 07:25:00
1774942200000,609.51,609.51,609.51,609.51,0.0,2026-03-31 07:30:00
1774942500000,609.51,609.51,609.51,609.51,0.0,2026-03-31 07:35:00
1774942800000,610.7,610.7,610.7,610.7,0.004,2026-03-31 07:40:00
1774943100000,610.7,610.7,610.7,610.7,0.0,2026-03-31 07:45:00
1774943400000,610.7,610.7,610.7,610.7,0.0,2026-03-31 07:50:00
1774943700000,610.7,610.7,610.7,610.7,0.0,2026-03-31 07:55:00
1774944000000,610.7,610.7,610.7,610.7,0.0,2026-03-31 08:00:00
1774944300000,610.7,610.7,610.7,610.7,0.0,2026-03-31 08:05:00
1774944600000,610.7,610.7,610.7,610.7,0.0,2026-03-31 08:10:00
1774944900000,610.7,610.7,610.7,610.7,0.0,2026-03-31 08:15:00
1774945200000,610.7,610.7,610.7,610.7,0.0,2026-03-31 08:20:00
1774945500000,609.96,609.96,609.96,609.96,0.031,2026-03-31 08:25:00
1774945800000,609.82,609.82,608.69,608.69,0.023,2026-03-31 08:30:00
1774946100000,608.42,608.42,608.32,608.32,0.984,2026-03-31 08:35:00
1774946400000,607.86,608.28,605.52,607.71,1.295,2026-03-31 08:40:00
1774946700000,606.31,607.23,606.3,607.14,0.038,2026-03-31 08:45:00
1774947000000,607.14,607.14,607.14,607.14,0.0,2026-03-31 08:50:00
1774947300000,607.14,607.14,607.14,607.14,0.0,2026-03-31 08:55:00
1774947600000,607.14,607.14,607.14,607.14,0.0,2026-03-31 09:00:00
1774947900000,607.14,607.14,607.14,607.14,0.0,2026-03-31 09:05:00
1774948200000,607.14,607.14,607.14,607.14,0.0,2026-03-31 09:10:00
1774948500000,606.29,606.29,606.29,606.29,0.008,2026-03-31 09:15:00
1774948800000,605.93,605.93,605.23,605.23,3.906,2026-03-31 09:20:00
1774949100000,605.11,605.11,605.11,605.11,0.045,2026-03-31 09:25:00
1774949400000,605.11,605.11,605.11,605.11,0.0,2026-03-31 09:30:00
1774949700000,605.11,605.11,605.11,605.11,0.0,2026-03-31 09:35:00
1774950000000,605.72,606.1,605.72,606.1,0.029,2026-03-31 09:40:00
1774950300000,606.1,606.1,606.1,606.1,0.0,2026-03-31 09:45:00
1774950600000,606.1,606.1,606.1,606.1,0.0,2026-03-31 09:50:00
1774950900000,603.88,603.88,598.88,598.88,1.318,2026-03-31 09:55:00
1774951200000,600.1,600.1,600.1,600.1,0.009,2026-03-31 10:00:00
1774951500000,601.89,601.89,601.89,601.89,0.017,2026-03-31 10:05:00
1774951800000,601.89,601.89,601.89,601.89,0.0,2026-03-31 10:10:00
1774952100000,602.61,602.61,602.61,602.61,0.003,2026-03-31 10:15:00
1774952400000,601.73,601.73,601.72,601.72,1.16,2026-03-31 10:20:00
1774952700000,601.72,601.72,601.72,601.72,0.0,2026-03-31 10:25:00
1774953000000,601.72,601.72,601.72,601.72,0.0,2026-03-31 10:30:00
1774953300000,602.35,602.35,601.64,601.64,0.331,2026-03-31 10:35:00
1774953600000,601.96,601.96,601.65,601.65,0.245,2026-03-31 10:40:00
1774953900000,601.65,601.65,601.65,601.65,0.0,2026-03-31 10:45:00
1774954200000,602.91,602.91,602.91,602.91,1.3,2026-03-31 10:50:00
1774954500000,602.91,602.91,602.91,602.91,0.0,2026-03-31 10:55:00
1774954800000,602.91,602.91,602.91,602.91,0.0,2026-03-31 11:00:00
1774955100000,602.91,602.91,602.91,602.91,0.0,2026-03-31 11:05:00
1774955400000,603.23,604.37,603.23,604.37,0.196,2026-03-31 11:10:00
1774955700000,605.33,605.33,605.33,605.33,0.174,2026-03-31 11:15:00
1774956000000,605.33,605.33,605.33,605.33,0.0,2026-03-31 11:20:00
1774956300000,605.33,605.33,605.33,605.33,0.0,2026-03-31 11:25:00
1774956600000,605.38,605.42,605.38,605.42,0.2,2026-03-31 11:30:00
1774956900000,605.67,605.67,605.67,605.67,0.003,2026-03-31 11:35:00
1774957200000,606.05,606.05,606.05,606.05,0.004,2026-03-31 11:40:00
1774957500000,605.25,605.25,605.25,605.25,0.013,2026-03-31 11:45:00
1774957800000,605.08,605.08,605.08,605.08,0.082,2026-03-31 11:50:00
1774958100000,605.08,605.08,605.08,605.08,0.0,2026-03-31 11:55:00
1774958400000,605.08,605.08,605.08,605.08,0.0,2026-03-31 12:00:00
1774958700000,605.08,605.08,605.08,605.08,0.0,2026-03-31 12:05:00
1774959000000,605.08,605.08,605.08,605.08,0.0,2026-03-31 12:10:00
1774959300000,605.08,605.08,605.08,605.08,0.0,2026-03-31 12:15:00
1774959600000,606.09,606.09,605.34,605.34,0.108,2026-03-31 12:20:00
1774959900000,605.34,605.34,605.34,605.34,0.0,2026-03-31 12:25:00
1774960200000,605.34,605.34,605.34,605.34,0.0,2026-03-31 12:30:00
1774960500000,606.79,606.79,606.79,606.79,0.038,2026-03-31 12:35:00
1774960800000,606.79,606.79,606.79,606.79,0.0,2026-03-31 12:40:00
1774961100000,606.21,606.21,606.21,606.21,0.004,2026-03-31 12:45:00
1774961400000,606.21,606.21,606.21,606.21,0.0,2026-03-31 12:50:00
1774961700000,606.21,606.21,606.21,606.21,0.0,2026-03-31 12:55:00
1774962000000,606.21,606.21,606.21,606.21,0.0,2026-03-31 13:00:00
1774962300000,606.75,606.75,606.75,606.75,0.025,2026-03-31 13:05:00
1774962600000,607.78,607.78,607.78,607.78,0.003,2026-03-31 13:10:00
1774962900000,607.78,607.78,607.78,607.78,0.0,2026-03-31 13:15:00
1774963200000,607.78,607.78,607.78,607.78,0.0,2026-03-31 13:20:00
1774963500000,606.96,606.96,606.96,606.96,0.004,2026-03-31 13:25:00
1774963800000,606.96,606.96,606.96,606.96,0.0,2026-03-31 13:30:00
1774964100000,608.57,608.66,607.84,607.84,0.029,2026-03-31 13:35:00
1774964400000,609.56,609.56,609.56,609.56,0.025,2026-03-31 13:40:00
1774964700000,608.95,610.27,608.95,610.27,0.055,2026-03-31 13:45:00
1774965000000,611.75,611.88,610.89,610.89,1.255,2026-03-31 13:50:00
1774965300000,612.34,612.34,612.34,612.34,0.003,2026-03-31 13:55:00
1774965600000,612.62,614.64,612.62,613.48,0.148,2026-03-31 14:00:00
1774965900000,611.72,611.72,611.72,611.72,0.041,2026-03-31 14:05:00
1774966200000,611.68,613.44,611.68,613.05,0.674,2026-03-31 14:10:00
1774966500000,614.0,614.7,614.0,614.7,0.132,2026-03-31 14:15:00
1774966800000,614.7,614.7,614.7,614.7,0.0,2026-03-31 14:20:00
1774967100000,614.7,614.7,614.7,614.7,0.0,2026-03-31 14:25:00
1774967400000,615.24,615.24,615.24,615.24,0.017,2026-03-31 14:30:00
1774967700000,613.13,613.13,612.45,612.45,0.012,2026-03-31 14:35:00
1774968000000,612.44,612.44,610.72,610.72,0.806,2026-03-31 14:40:00
1774968300000,611.8,611.8,611.8,611.8,0.019,2026-03-31 14:45:00
1774968600000,609.81,609.81,609.81,609.81,0.002,2026-03-31 14:50:00
1774968900000,608.45,608.45,606.92,606.92,0.02,2026-03-31 14:55:00
