timestamp,open,high,low,close,volume,date
1772377200000,66843.79,66972.86,66843.79,66970.7,0.08251,2026-03-01 15:00:00
1772377500000,66951.67,67006.97,66869.67,66974.92,0.30109,2026-03-01 15:05:00
1772377800000,67013.83,67115.1,66967.26,67115.1,0.10411,2026-03-01 15:10:00
1772378100000,67130.0,67212.3,67130.0,67180.03,0.26879,2026-03-01 15:15:00
1772378400000,67123.64,67154.27,67035.8,67035.8,0.07807,2026-03-01 15:20:00
1772378700000,67147.75,67186.12,67105.39,67105.39,0.35359,2026-03-01 15:25:00
1772379000000,67090.71,67154.12,67090.71,67154.12,0.19146,2026-03-01 15:30:00
1772379300000,67205.72,67205.72,67116.87,67186.65,0.1045,2026-03-01 15:35:00
1772379600000,67144.81,67218.34,67144.81,67174.1,0.09555,2026-03-01 15:40:00
1772379900000,67188.31,67221.84,67188.31,67221.84,0.0003,2026-03-01 15:45:00
1772380200000,67226.83,67226.83,67109.98,67109.98,0.06315,2026-03-01 15:50:00
1772380500000,67136.09,67144.91,66809.92,66870.52,0.47673,2026-03-01 15:55:00
1772380800000,66899.0,67020.84,66679.02,66975.62,0.53442,2026-03-01 16:00:00
1772381100000,66963.45,66963.45,66882.56,66947.8,0.34114,2026-03-01 16:05:00
1772381400000,67005.98,67008.34,66966.16,66966.16,0.36294,2026-03-01 16:10:00
1772381700000,66969.49,67020.92,66934.26,66963.1,0.31762,2026-03-01 16:15:00
1772382000000,66945.99,66945.99,66830.61,66941.02,0.14772,2026-03-01 16:20:00
1772382300000,67013.26,67108.45,67002.64,67036.16,0.05154,2026-03-01 16:25:00
1772382600000,67021.8,67029.95,66971.66,67029.95,0.23092,2026-03-01 16:30:00
1772382900000,67071.42,67071.42,67000.83,67012.54,0.04555,2026-03-01 16:35:00
1772383200000,66987.77,66987.77,66911.72,66911.72,0.06715,2026-03-01 16:40:00
1772383500000,66818.07,66818.07,65934.3,66078.98,1.5508,2026-03-01 16:45:00
1772383800000,66116.0,66182.02,65838.64,66100.66,2.61897,2026-03-01 16:50:00
1772384100000,66165.41,66199.61,66089.8,66165.09,0.60003,2026-03-01 16:55:00
1772384400000,66131.51,66209.8,66022.65,66136.5,1.07463,2026-03-01 17:00:00
1772384700000,66130.7,66214.31,66105.99,66174.88,0.20888,2026-03-01 17:05:00
1772385000000,66202.07,66221.81,66031.4,66111.71,1.19447,2026-03-01 17:10:00
1772385300000,66130.33,66130.33,65718.24,65800.72,0.30713,2026-03-01 17:15:00
1772385600000,65845.55,66043.24,65791.16,66043.24,0.44418,2026-03-01 17:20:00
1772385900000,66023.07,66050.43,65970.73,65997.32,0.07314,2026-03-01 17:25:00
1772386200000,66053.85,66069.13,65972.88,66053.73,0.21716,2026-03-01 17:30:00
1772386500000,66050.92,66120.75,66050.92,66060.27,0.30443,2026-03-01 17:35:00
1772386800000,66065.84,66081.88,66012.24,66012.24,0.06807,2026-03-01 17:40:00
1772387100000,65947.72,66091.99,65947.72,66023.5,0.36117,2026-03-01 17:45:00
1772387400000,66034.25,66114.05,66034.25,66075.21,0.20101,2026-03-01 17:50:00
1772387700000,66002.48,66058.15,66002.48,66039.03,0.16985,2026-03-01 17:55:00
1772388000000,66046.19,66498.72,66005.48,66440.64,0.51984,2026-03-01 18:00:00
1772388300000,66440.65,66600.6,66424.41,66503.65,0.14371,2026-03-01 18:05:00
1772388600000,66464.3,66476.33,66392.5,66392.5,0.02674,2026-03-01 18:10:00
1772388900000,66412.99,66637.7,66412.99,66444.52,0.11529,2026-03-01 18:15:00
1772389200000,66389.89,66407.21,66380.2,66380.2,0.32733,2026-03-01 18:20:00
1772389500000,66375.92,66422.34,66375.92,66422.34,0.08578,2026-03-01 18:25:00
1772389800000,66414.61,66433.66,66249.25,66410.89,0.47874,2026-03-01 18:30:00
1772390100000,66442.56,66442.56,66383.75,66397.27,0.08895,2026-03-01 18:35:00
1772390400000,66395.09,66404.83,66395.09,66404.83,0.18038,2026-03-01 18:40:00
1772390700000,66393.96,66393.96,66379.61,66381.28,0.21264,2026-03-01 18:45:00
1772391000000,66347.08,66347.08,66299.39,66299.39,0.13507,2026-03-01 18:50:00
1772391300000,66283.13,66290.61,66283.13,66290.61,0.04829,2026-03-01 18:55:00
1772391600000,66323.64,66361.66,66249.2,66249.2,0.301,2026-03-01 19:00:00
1772391900000,66280.7,66317.61,66150.93,66298.46,0.14216,2026-03-01 19:05:00
1772392200000,66317.83,66317.83,66084.91,66095.95,0.20025,2026-03-01 19:10:00
1772392500000,66098.0,66098.0,65971.19,66066.34,0.11856,2026-03-01 19:15:00
1772392800000,66059.65,66077.77,66010.66,66010.66,0.05174,2026-03-01 19:20:00
1772393100000,65991.91,66051.46,65991.91,66011.87,0.03071,2026-03-01 19:25:00
1772393400000,66000.94,66078.85,65957.82,66027.47,0.53589,2026-03-01 19:30:00
1772393700000,66056.62,66056.62,65999.46,65999.46,0.14499,2026-03-01 19:35:00
1772394000000,66012.18,66027.81,65756.42,65826.33,0.03806,2026-03-01 19:40:00
1772394300000,65847.6,65878.59,65836.03,65836.03,0.04245,2026-03-01 19:45:00
1772394600000,65836.03,65889.02,65836.03,65882.95,0.013,2026-03-01 19:50:00
1772394900000,65954.5,65971.19,65954.5,65964.39,0.05693,2026-03-01 19:55:00
1772395200000,65959.16,65959.16,65836.03,65922.93,0.05139,2026-03-01 20:00:00
1772395500000,65964.39,65965.95,65587.4,65606.5,0.2047,2026-03-01 20:05:00
1772395800000,65575.53,65591.6,65392.03,65442.41,0.25458,2026-03-01 20:10:00
1772396100000,65489.3,65578.25,65394.15,65505.24,0.82362,2026-03-01 20:15:00
1772396400000,65505.24,65533.46,65396.89,65407.34,0.12823,2026-03-01 20:20:00
1772396700000,65462.6,65462.6,65315.64,65324.0,0.05949,2026-03-01 20:25:00
1772397000000,65297.59,65340.04,65105.83,65191.85,0.96299,2026-03-01 20:30:00
1772397300000,65218.02,65280.25,65080.41,65242.41,0.39592,2026-03-01 20:35:00
1772397600000,65181.31,65261.0,65116.02,65261.0,0.25982,2026-03-01 20:40:00
1772397900000,65285.9,65308.27,65191.23,65195.01,0.19959,2026-03-01 20:45:00
1772398200000,65241.36,65378.4,65241.36,65362.23,0.19909,2026-03-01 20:50:00
1772398500000,65346.34,65375.02,65304.39,65375.02,0.24043,2026-03-01 20:55:00
1772398800000,65317.67,65405.72,65278.11,65298.68,0.26415,2026-03-01 21:00:00
1772399100000,65292.2,65355.34,65292.2,65355.34,0.12592,2026-03-01 21:05:00
1772399400000,65355.77,65535.11,65355.77,65513.67,0.05458,2026-03-01 21:10:00
1772399700000,65528.93,65555.0,65493.34,65555.0,0.04785,2026-03-01 21:15:00
1772400000000,65563.92,65664.9,65563.92,65630.87,0.06455,2026-03-01 21:20:00
1772400300000,65504.74,65603.0,65504.74,65603.0,0.12429,2026-03-01 21:25:00
1772400600000,65549.52,65626.25,65549.52,65550.93,0.07576,2026-03-01 21:30:00
1772400900000,65642.03,65642.03,65642.03,65642.03,0.00076,2026-03-01 21:35:00
1772401200000,65676.4,65680.73,65546.7,65629.0,0.25633,2026-03-01 21:40:00
1772401500000,65660.58,65660.58,65595.3,65658.01,0.2166,2026-03-01 21:45:00
1772401800000,65693.03,65693.03,65693.03,65693.03,2e-05,2026-03-01 21:50:00
1772402100000,65723.9,65748.93,65666.56,65666.56,0.33681,2026-03-01 21:55:00
1772402400000,65669.64,65771.78,65636.95,65771.78,0.26415,2026-03-01 22:00:00
1772402700000,65723.22,65725.58,65579.2,65579.2,0.15043,2026-03-01 22:05:00
1772403000000,65548.08,66467.17,65530.38,66013.89,1.53105,2026-03-01 22:10:00
1772403300000,66038.39,66168.56,66036.96,66147.72,0.23196,2026-03-01 22:15:00
1772403600000,66061.86,66078.23,66026.42,66076.24,0.206,2026-03-01 22:20:00
1772403900000,66076.0,66081.87,65765.6,65903.33,0.3578,2026-03-01 22:25:00
1772404200000,65917.74,65917.74,65315.64,65315.64,0.24393,2026-03-01 22:30:00
1772404500000,65361.29,65433.08,65138.33,65296.16,0.69158,2026-03-01 22:35:00
1772404800000,65282.37,65540.0,65282.37,65379.14,0.45358,2026-03-01 22:40:00
1772405100000,65389.62,65389.62,65050.37,65142.75,0.54699,2026-03-01 22:45:00
1772405400000,65194.17,65315.64,65194.17,65315.64,0.11252,2026-03-01 22:50:00
1772405700000,65371.45,65385.8,65201.99,65201.99,0.02691,2026-03-01 22:55:00
1772406000000,65254.44,65678.91,65127.15,65678.91,0.50326,2026-03-01 23:00:00
1772406300000,65687.22,66000.48,65687.22,66000.48,0.43175,2026-03-01 23:05:00
1772406600000,66019.74,66032.78,65806.69,65806.69,0.1446,2026-03-01 23:10:00
1772406900000,65824.87,65862.03,65773.85,65824.02,0.25633,2026-03-01 23:15:00
1772407200000,65843.72,65843.72,65704.48,65768.22,0.15881,2026-03-01 23:20:00
1772407500000,65752.71,65752.71,65642.59,65659.2,0.05349,2026-03-01 23:25:00
1772407800000,65604.41,65678.39,65604.41,65618.6,0.07729,2026-03-01 23:30:00
1772408100000,65617.64,65852.59,65617.64,65852.59,0.23148,2026-03-01 23:35:00
1772408400000,65851.85,65851.85,65692.97,65782.15,0.15938,2026-03-01 23:40:00
1772408700000,65702.7,65861.31,65702.7,65861.31,0.0483,2026-03-01 23:45:00
1772409000000,65742.36,65742.36,65720.98,65720.98,0.00837,2026-03-01 23:50:00
1772409300000,65707.7,65721.17,65707.7,65721.17,0.05612,2026-03-01 23:55:00
1772409600000,65792.28,65908.75,65792.28,65908.75,0.10813,2026-03-02 00:00:00
1772409900000,65851.93,66000.0,65839.11,65984.14,0.10705,2026-03-02 00:05:00
1772410200000,66050.78,66196.49,66047.56,66083.62,0.08953,2026-03-02 00:10:00
1772410500000,65971.19,65971.19,65861.5,65861.5,0.05998,2026-03-02 00:15:00
1772410800000,65953.82,65953.82,65906.0,65906.0,0.10597,2026-03-02 00:20:00
1772411100000,66030.51,66030.51,65865.0,65865.0,0.13649,2026-03-02 00:25:00
1772411400000,66052.77,66052.77,65987.68,65987.69,0.10561,2026-03-02 00:30:00
1772411700000,65982.42,66140.91,65982.42,66140.91,0.13469,2026-03-02 00:35:00
1772412000000,66118.38,66593.67,66097.17,66593.67,0.24138,2026-03-02 00:40:00
1772412300000,66596.9,66774.3,66467.17,66521.47,0.28379,2026-03-02 00:45:00
1772412600000,66472.08,66711.89,66429.94,66541.71,0.64887,2026-03-02 00:50:00
1772412900000,66592.51,66592.51,66495.0,66511.74,0.14622,2026-03-02 00:55:00
1772413200000,66538.53,66640.36,66458.9,66572.09,0.08291,2026-03-02 01:00:00
1772413500000,66566.68,66779.97,66389.58,66744.76,0.29481,2026-03-02 01:05:00
1772413800000,66789.12,67061.8,66789.1,66913.53,0.36172,2026-03-02 01:10:00
1772414100000,66917.8,66958.52,66794.06,66794.06,0.14477,2026-03-02 01:15:00
1772414400000,66722.3,66730.4,66633.32,66633.32,0.0172,2026-03-02 01:20:00
1772414700000,66635.45,66635.45,66498.43,66498.43,0.05096,2026-03-02 01:25:00
1772415000000,66631.31,66631.31,66607.11,66607.11,0.00882,2026-03-02 01:30:00
1772415300000,66613.84,66613.84,66610.3,66610.31,0.11072,2026-03-02 01:35:00
1772415600000,66629.79,66642.08,66612.45,66642.08,0.04904,2026-03-02 01:40:00
1772415900000,66586.2,66586.2,66467.17,66467.17,0.09,2026-03-02 01:45:00
1772416200000,66493.2,66656.5,66493.2,66656.5,0.14726,2026-03-02 01:50:00
1772416500000,66620.84,66620.84,66537.01,66537.01,0.00153,2026-03-02 01:55:00
1772416800000,66533.94,66561.53,66517.89,66517.89,0.09807,2026-03-02 02:00:00
1772417100000,66565.15,66592.77,66159.2,66190.25,0.10141,2026-03-02 02:05:00
1772417400000,66152.17,66152.17,65925.47,66113.97,0.30401,2026-03-02 02:10:00
1772417700000,66143.72,66191.81,66077.48,66077.48,0.32656,2026-03-02 02:15:00
1772418000000,66077.0,66240.91,66070.97,66224.7,0.44624,2026-03-02 02:20:00
1772418300000,66266.61,66266.61,66200.78,66200.78,0.0983,2026-03-02 02:25:00
1772418600000,66178.51,66377.82,66178.51,66377.82,0.11708,2026-03-02 02:30:00
1772418900000,66325.83,66427.93,66318.98,66427.93,0.08143,2026-03-02 02:35:00
1772419200000,66293.56,66323.22,66293.56,66323.22,0.13627,2026-03-02 02:40:00
1772419500000,66345.61,66345.61,66345.61,66345.61,0.048,2026-03-02 02:45:00
1772419800000,66266.22,66295.25,66247.73,66247.73,0.08121,2026-03-02 02:50:00
1772420100000,66345.61,66369.68,66276.39,66276.39,0.04816,2026-03-02 02:55:00
1772420400000,66297.64,66297.64,66165.27,66171.63,0.09679,2026-03-02 03:00:00
1772420700000,66238.89,66390.43,66238.89,66390.43,0.08802,2026-03-02 03:05:00
1772421000000,66369.18,66593.67,66369.18,66510.93,0.11973,2026-03-02 03:10:00
1772421300000,66497.61,66619.01,66497.61,66619.01,0.08168,2026-03-02 03:15:00
1772421600000,66665.12,66813.8,66621.67,66813.8,0.18429,2026-03-02 03:20:00
1772421900000,66708.83,66861.12,66701.65,66861.12,0.12172,2026-03-02 03:25:00
1772422200000,66772.84,66818.08,66759.2,66804.28,0.13961,2026-03-02 03:30:00
1772422500000,66796.36,67044.11,66796.36,66883.4,0.26802,2026-03-02 03:35:00
1772422800000,66925.64,66925.64,66880.51,66880.51,0.04109,2026-03-02 03:40:00
1772423100000,66913.8,66913.8,66913.8,66913.8,0.048,2026-03-02 03:45:00
1772423400000,66915.93,66994.94,66889.25,66935.21,0.39103,2026-03-02 03:50:00
1772423700000,66852.9,66885.03,66818.83,66818.83,0.28009,2026-03-02 03:55:00
1772424000000,66830.27,66834.27,66772.05,66772.05,0.16829,2026-03-02 04:00:00
1772424300000,66750.39,66785.28,66733.35,66733.35,0.00123,2026-03-02 04:05:00
1772424600000,66723.75,66758.29,66712.64,66758.29,0.00829,2026-03-02 04:10:00
1772424900000,66731.71,66792.05,66711.77,66741.1,0.33602,2026-03-02 04:15:00
1772425200000,66771.09,66771.09,66730.85,66730.85,0.00818,2026-03-02 04:20:00
1772425500000,66730.85,66730.85,66730.85,66730.85,0.0,2026-03-02 04:25:00
1772425800000,66967.74,66967.74,66889.82,66924.8,0.13991,2026-03-02 04:30:00
1772426100000,66913.14,66913.14,66781.41,66781.41,0.06569,2026-03-02 04:35:00
1772426400000,66781.41,66781.41,66781.41,66781.41,0.0,2026-03-02 04:40:00
1772426700000,66752.9,66761.94,66665.85,66665.86,0.02593,2026-03-02 04:45:00
1772427000000,66660.66,66760.67,66660.66,66760.67,0.00136,2026-03-02 04:50:00
1772427300000,66748.73,66819.42,66748.73,66819.42,0.51808,2026-03-02 04:55:00
1772427600000,66878.79,66878.79,66682.57,66690.89,0.24942,2026-03-02 05:00:00
1772427900000,66624.6,66627.45,66624.6,66627.45,0.00836,2026-03-02 05:05:00
1772428200000,66703.14,66731.68,66693.52,66731.68,0.00242,2026-03-02 05:10:00
1772428500000,66815.4,66815.4,66713.42,66713.42,0.06428,2026-03-02 05:15:00
1772428800000,66775.99,66775.99,66745.55,66751.45,0.00841,2026-03-02 05:20:00
1772429100000,66690.69,66714.61,66690.69,66714.61,0.00019,2026-03-02 05:25:00
1772429400000,66746.32,66746.33,66746.32,66746.33,0.08,2026-03-02 05:30:00
1772429700000,66763.31,66763.72,66753.15,66763.72,0.04262,2026-03-02 05:35:00
1772430000000,66750.36,66999.99,66750.36,66999.99,0.72973,2026-03-02 05:40:00
1772430300000,66953.48,66953.48,66851.45,66888.73,0.97232,2026-03-02 05:45:00
1772430600000,66858.41,66858.41,66858.41,66858.41,0.30512,2026-03-02 05:50:00
1772430900000,66772.87,66804.99,66706.19,66706.19,0.37849,2026-03-02 05:55:00
1772431200000,66562.01,66562.01,66562.01,66562.01,0.15881,2026-03-02 06:00:00
1772431500000,66584.37,66628.42,66538.35,66572.52,0.92322,2026-03-02 06:05:00
1772431800000,66609.9,66613.53,66587.57,66596.74,0.00112,2026-03-02 06:10:00
1772432100000,66624.0,66643.72,66266.16,66266.16,0.46931,2026-03-02 06:15:00
1772432400000,66263.33,66264.74,66140.02,66148.89,0.05811,2026-03-02 06:20:00
1772432700000,66177.97,66238.5,66177.97,66238.5,0.20322,2026-03-02 06:25:00
1772433000000,66222.75,66222.75,66202.7,66202.7,0.00127,2026-03-02 06:30:00
1772433300000,66248.33,66277.61,66234.71,66253.56,0.03472,2026-03-02 06:35:00
1772433600000,66240.3,66240.3,66217.81,66217.81,0.00166,2026-03-02 06:40:00
1772433900000,66244.94,66255.0,66132.0,66132.0,0.21033,2026-03-02 06:45:00
1772434200000,66178.2,66194.16,66114.95,66194.16,0.049,2026-03-02 06:50:00
1772434500000,66202.12,66226.16,66202.12,66226.16,0.08957,2026-03-02 06:55:00
1772434800000,66183.18,66183.18,65973.79,65973.79,0.23369,2026-03-02 07:00:00
1772435100000,65981.39,65981.39,65688.0,65688.0,0.40141,2026-03-02 07:05:00
1772435400000,65692.14,65762.21,65652.19,65714.48,0.15967,2026-03-02 07:10:00
1772435700000,65658.2,65658.2,65594.8,65597.72,0.06101,2026-03-02 07:15:00
1772436000000,65579.72,65671.94,65579.72,65671.94,0.04864,2026-03-02 07:20:00
1772436300000,65772.78,65819.25,65771.08,65819.25,0.21678,2026-03-02 07:25:00
1772436600000,65778.72,65835.08,65778.72,65802.03,0.00205,2026-03-02 07:30:00
1772436900000,65868.15,65967.53,65868.15,65967.53,0.38171,2026-03-02 07:35:00
1772437200000,65966.53,65966.53,65891.52,65938.77,0.02512,2026-03-02 07:40:00
1772437500000,65939.09,65986.92,65938.77,65986.92,0.0963,2026-03-02 07:45:00
1772437800000,65946.53,65977.09,65946.53,65977.09,0.096,2026-03-02 07:50:00
1772438100000,65963.38,65982.5,65963.38,65982.5,0.04843,2026-03-02 07:55:00
1772438400000,65980.53,65980.53,65804.21,65866.61,0.32596,2026-03-02 08:00:00
1772438700000,65825.65,65931.67,65825.65,65894.25,0.04031,2026-03-02 08:05:00
1772439000000,65829.97,66047.33,65675.02,66047.33,0.21318,2026-03-02 08:10:00
1772439300000,66069.28,66069.28,65880.36,65971.15,0.05612,2026-03-02 08:15:00
1772439600000,65961.94,65978.0,65731.88,65781.38,2.97739,2026-03-02 08:20:00
1772439900000,65793.16,65880.97,65702.11,65747.05,1.77528,2026-03-02 08:25:00
1772440200000,65755.47,65861.55,65739.37,65861.55,0.58564,2026-03-02 08:30:00
1772440500000,65821.1,65939.1,65811.96,65939.1,0.07726,2026-03-02 08:35:00
1772440800000,65937.95,66013.75,65937.95,66013.75,0.09603,2026-03-02 08:40:00
1772441100000,65972.05,66011.43,65972.05,66000.1,0.04854,2026-03-02 08:45:00
1772441400000,66182.41,66273.58,66182.41,66224.01,0.06103,2026-03-02 08:50:00
1772441700000,66255.68,66277.61,66255.68,66277.61,0.08808,2026-03-02 08:55:00
1772442000000,66224.41,66312.48,66224.41,66255.02,0.10839,2026-03-02 09:00:00
1772442300000,66248.9,66318.52,66248.9,66318.52,0.00037,2026-03-02 09:05:00
1772442600000,66357.53,66485.59,66357.53,66465.89,0.00624,2026-03-02 09:10:00
1772442900000,66544.95,66602.03,66544.95,66574.96,0.01791,2026-03-02 09:15:00
1772443200000,66511.63,66694.42,66455.75,66531.36,0.12284,2026-03-02 09:20:00
1772443500000,66444.76,66444.76,66399.5,66405.64,0.00833,2026-03-02 09:25:00
1772443800000,66430.32,66510.95,66430.32,66495.66,0.136,2026-03-02 09:30:00
1772444100000,66446.11,66541.07,66397.0,66397.0,0.1021,2026-03-02 09:35:00
1772444400000,66352.28,66409.81,66339.94,66409.81,0.0591,2026-03-02 09:40:00
1772444700000,66362.83,66362.83,66351.01,66360.04,0.02834,2026-03-02 09:45:00
1772445000000,66366.01,66370.83,66257.47,66257.47,0.07077,2026-03-02 09:50:00
1772445300000,66299.4,66299.4,66182.35,66182.35,0.057,2026-03-02 09:55:00
1772445600000,66158.7,66325.61,66158.7,66325.61,0.00887,2026-03-02 10:00:00
1772445900000,66310.11,66364.02,66293.3,66364.02,0.1602,2026-03-02 10:05:00
1772446200000,66204.97,66204.97,66116.64,66116.64,0.00931,2026-03-02 10:10:00
1772446500000,66207.83,66207.83,66207.83,66207.83,0.04,2026-03-02 10:15:00
1772446800000,66178.11,66240.8,66178.11,66240.8,0.21704,2026-03-02 10:20:00
1772447100000,66240.8,66240.8,66240.8,66240.8,0.0,2026-03-02 10:25:00
1772447400000,66246.29,66271.78,66246.28,66271.78,0.14417,2026-03-02 10:30:00
1772447700000,66194.12,66366.38,66194.12,66366.38,0.04944,2026-03-02 10:35:00
1772448000000,66270.03,66270.03,66270.03,66270.03,0.00802,2026-03-02 10:40:00
1772448300000,66270.03,66270.03,66270.03,66270.03,0.0,2026-03-02 10:45:00
1772448600000,66223.64,66223.64,66223.64,66223.64,0.0003,2026-03-02 10:50:00
1772448900000,66284.51,66293.79,66284.51,66293.79,0.10557,2026-03-02 10:55:00
1772449200000,66311.72,66311.72,66213.96,66221.95,0.15711,2026-03-02 11:00:00
1772449500000,66250.44,66250.44,66084.43,66145.43,0.11112,2026-03-02 11:05:00
1772449800000,66098.06,66186.66,66098.06,66112.93,0.29766,2026-03-02 11:10:00
1772450100000,66132.55,66139.66,66051.77,66121.73,0.12996,2026-03-02 11:15:00
1772450400000,66176.7,66183.83,66051.88,66183.83,0.42625,2026-03-02 11:20:00
1772450700000,66072.82,66072.82,66049.59,66049.59,0.02347,2026-03-02 11:25:00
1772451000000,66045.03,66094.72,66013.8,66094.72,0.01751,2026-03-02 11:30:00
1772451300000,66144.13,66238.8,66144.13,66224.64,0.06284,2026-03-02 11:35:00
1772451600000,66203.55,66341.94,66203.55,66301.75,0.06446,2026-03-02 11:40:00
1772451900000,66308.41,66450.82,66308.41,66361.28,0.00887,2026-03-02 11:45:00
1772452200000,66352.41,66360.48,66347.14,66347.14,0.06427,2026-03-02 11:50:00
1772452500000,66356.72,66356.72,66356.72,66356.72,0.04,2026-03-02 11:55:00
1772452800000,66349.09,66398.2,66312.89,66368.73,0.14472,2026-03-02 12:00:00
1772453100000,66378.9,66380.65,66345.46,66345.46,0.05988,2026-03-02 12:05:00
1772453400000,66365.94,66365.97,66345.02,66345.02,0.00024,2026-03-02 12:10:00
1772453700000,66225.14,66225.14,66225.14,66225.14,0.00023,2026-03-02 12:15:00
1772454000000,66222.56,66244.37,66148.03,66148.04,0.22652,2026-03-02 12:20:00
1772454300000,66148.04,66148.04,66148.04,66148.04,0.0,2026-03-02 12:25:00
1772454600000,66148.04,66148.04,66148.04,66148.04,0.0,2026-03-02 12:30:00
1772454900000,66032.65,66032.65,66024.3,66024.3,0.01447,2026-03-02 12:35:00
1772455200000,65991.22,65992.75,65985.99,65985.99,0.02578,2026-03-02 12:40:00
1772455500000,65955.16,66002.3,65920.03,65998.56,0.14076,2026-03-02 12:45:00
1772455800000,66004.5,66039.95,65994.66,65994.66,0.0393,2026-03-02 12:50:00
1772456100000,65954.7,65986.85,65954.7,65968.71,0.14293,2026-03-02 12:55:00
1772456400000,65968.71,65984.44,65885.0,65885.0,0.29213,2026-03-02 13:00:00
1772456700000,65850.01,65942.0,65796.5,65796.5,0.09298,2026-03-02 13:05:00
1772457000000,65858.4,65890.5,65858.4,65863.77,0.05206,2026-03-02 13:10:00
1772457300000,65844.48,65990.79,65844.48,65955.91,0.14499,2026-03-02 13:15:00
1772457600000,66034.25,66034.25,66034.25,66034.25,0.00782,2026-03-02 13:20:00
1772457900000,66086.5,66119.0,65780.0,65830.03,0.0774,2026-03-02 13:25:00
1772458200000,65812.99,65905.46,65743.98,65898.46,0.20292,2026-03-02 13:30:00
1772458500000,65832.59,65919.31,65832.59,65858.07,0.139,2026-03-02 13:35:00
1772458800000,65727.57,65727.57,65538.3,65558.85,0.28469,2026-03-02 13:40:00
1772459100000,65586.7,65593.47,65500.0,65533.51,0.03693,2026-03-02 13:45:00
1772459400000,65486.89,65486.89,65367.67,65388.09,0.1337,2026-03-02 13:50:00
1772459700000,65403.2,65464.12,65403.02,65454.5,0.0334,2026-03-02 13:55:00
1772460000000,65408.26,65438.75,65280.48,65429.86,0.31938,2026-03-02 14:00:00
1772460300000,65523.22,65563.17,65523.22,65563.17,0.00129,2026-03-02 14:05:00
1772460600000,65513.06,65600.41,65513.06,65571.68,0.10323,2026-03-02 14:10:00
1772460900000,65551.98,65603.75,65551.98,65603.75,0.00154,2026-03-02 14:15:00
1772461200000,65517.94,65542.58,65450.0,65450.56,0.12188,2026-03-02 14:20:00
1772461500000,65527.48,65663.59,65434.64,65590.99,0.07288,2026-03-02 14:25:00
1772461800000,65635.92,66351.98,65620.79,66320.6,0.35269,2026-03-02 14:30:00
1772462100000,66249.03,66437.71,66092.16,66363.11,0.2975,2026-03-02 14:35:00
1772462400000,66389.53,66685.13,66309.88,66591.35,3.43787,2026-03-02 14:40:00
1772462700000,66604.7,67025.08,66527.3,67025.08,0.54762,2026-03-02 14:45:00
1772463000000,66974.38,67201.2,66965.36,67027.19,0.18195,2026-03-02 14:50:00
1772463300000,67004.31,67044.17,66925.7,66990.0,0.09215,2026-03-02 14:55:00
1772463600000,67228.61,67432.05,67012.42,67197.64,0.08568,2026-03-02 15:00:00
1772463900000,67344.44,67821.72,67267.6,67818.9,0.15276,2026-03-02 15:05:00
1772464200000,67809.94,68467.71,67809.94,68466.66,1.04187,2026-03-02 15:10:00
1772464500000,68468.02,68615.6,68302.46,68427.2,0.07644,2026-03-02 15:15:00
1772464800000,68404.58,68746.93,68404.58,68704.19,0.09181,2026-03-02 15:20:00
1772465100000,68764.68,68772.57,68476.0,68476.0,0.09095,2026-03-02 15:25:00
1772465400000,68654.91,68920.08,68492.36,68920.08,0.14759,2026-03-02 15:30:00
1772465700000,68906.61,69441.45,68906.61,69441.45,0.51806,2026-03-02 15:35:00
1772466000000,69371.0,69519.9,69229.03,69457.97,1.89931,2026-03-02 15:40:00
1772466300000,69419.36,69609.25,69309.8,69336.44,5.25296,2026-03-02 15:45:00
1772466600000,69365.81,69460.0,68808.65,68925.6,0.12013,2026-03-02 15:50:00
1772466900000,69005.43,69145.22,68911.28,69121.3,0.33174,2026-03-02 15:55:00
1772467200000,69114.39,69256.73,68986.71,69251.3,0.16286,2026-03-02 16:00:00
1772467500000,69253.91,69765.48,69238.83,69762.18,0.11748,2026-03-02 16:05:00
1772467800000,69765.9,69768.95,69599.07,69626.43,0.13823,2026-03-02 16:10:00
1772468100000,69656.55,69656.55,69521.69,69535.0,0.07642,2026-03-02 16:15:00
1772468400000,69547.69,69723.83,69510.06,69632.0,0.12234,2026-03-02 16:20:00
1772468700000,69483.92,69496.07,69285.78,69321.73,0.28198,2026-03-02 16:25:00
1772469000000,69453.86,69463.82,69226.17,69342.58,0.11994,2026-03-02 16:30:00
1772469300000,69334.8,69334.8,69087.0,69128.11,0.46293,2026-03-02 16:35:00
1772469600000,69228.91,69885.71,69228.91,69885.71,0.56805,2026-03-02 16:40:00
1772469900000,69879.7,70100.0,69813.6,69832.8,1.10792,2026-03-02 16:45:00
1772470200000,69756.91,69804.35,69704.25,69757.17,0.09717,2026-03-02 16:50:00
1772470500000,69614.69,69614.69,69403.7,69457.72,0.3477,2026-03-02 16:55:00
1772470800000,69447.9,69547.16,69412.42,69547.16,0.05045,2026-03-02 17:00:00
1772471100000,69564.67,69564.67,69318.59,69337.71,0.04921,2026-03-02 17:05:00
1772471400000,69341.46,69476.64,69283.72,69476.64,0.06138,2026-03-02 17:10:00
1772471700000,69438.97,69483.18,69191.36,69262.82,0.0263,2026-03-02 17:15:00
1772472000000,69404.35,69409.54,69404.0,69404.0,0.09033,2026-03-02 17:20:00
1772472300000,69422.54,69435.98,69250.92,69435.98,0.44447,2026-03-02 17:25:00
1772472600000,69430.12,69430.12,69430.12,69430.12,0.048,2026-03-02 17:30:00
1772472900000,69383.81,69416.31,69114.73,69119.25,0.47612,2026-03-02 17:35:00
1772473200000,69094.08,69120.16,68837.86,68837.86,0.13549,2026-03-02 17:40:00
1772473500000,68805.79,69010.69,68805.79,69000.68,0.30111,2026-03-02 17:45:00
1772473800000,68998.61,69183.95,68998.61,69183.95,0.18232,2026-03-02 17:50:00
1772474100000,69176.75,69191.04,69053.97,69191.04,0.12139,2026-03-02 17:55:00
1772474400000,69177.67,69177.67,68761.92,68779.58,0.12208,2026-03-02 18:00:00
1772474700000,69035.19,69035.82,68981.33,69027.75,0.00461,2026-03-02 18:05:00
1772475000000,69056.86,69196.15,69000.26,69196.15,0.23319,2026-03-02 18:10:00
1772475300000,69179.49,69179.49,68993.51,68993.51,0.14479,2026-03-02 18:15:00
1772475600000,69036.64,69074.43,69004.62,69074.43,0.01223,2026-03-02 18:20:00
1772475900000,69006.2,69196.5,69006.2,69072.47,0.28978,2026-03-02 18:25:00
1772476200000,69110.91,69256.1,69110.91,69206.6,0.29747,2026-03-02 18:30:00
1772476500000,69155.64,69161.71,69024.86,69024.86,0.05717,2026-03-02 18:35:00
1772476800000,68989.72,69111.1,68943.3,69111.1,0.11442,2026-03-02 18:40:00
1772477100000,69111.65,69111.65,68998.06,69090.17,0.05557,2026-03-02 18:45:00
1772477400000,69147.94,69147.94,68965.7,69036.48,0.23968,2026-03-02 18:50:00
1772477700000,69017.8,69017.8,68850.87,68875.7,0.66626,2026-03-02 18:55:00
1772478000000,68852.7,68885.73,68761.5,68885.73,0.84625,2026-03-02 19:00:00
1772478300000,68860.03,68860.03,68615.6,68744.06,0.3623,2026-03-02 19:05:00
1772478600000,68725.37,68730.85,68573.13,68718.9,0.02677,2026-03-02 19:10:00
1772478900000,68749.56,68903.45,68749.56,68846.83,0.02466,2026-03-02 19:15:00
1772479200000,68861.24,68952.69,68828.12,68921.07,0.58511,2026-03-02 19:20:00
1772479500000,68853.09,68853.09,68819.11,68849.27,0.06218,2026-03-02 19:25:00
1772479800000,68834.7,68955.0,68738.31,68941.2,0.20611,2026-03-02 19:30:00
1772480100000,68911.86,69033.04,68911.86,68954.38,0.24624,2026-03-02 19:35:00
1772480400000,68878.28,68878.28,68826.95,68836.57,0.06472,2026-03-02 19:40:00
1772480700000,68793.97,68832.67,68793.97,68832.67,0.04787,2026-03-02 19:45:00
1772481000000,68888.37,68972.11,68888.37,68938.27,0.15898,2026-03-02 19:50:00
1772481300000,68936.42,68970.48,68931.17,68952.33,0.3566,2026-03-02 19:55:00
1772481600000,68938.11,69214.1,68938.11,69136.63,0.14036,2026-03-02 20:00:00
1772481900000,69141.31,69141.31,68841.25,68870.62,0.10146,2026-03-02 20:05:00
1772482200000,68772.85,68822.98,68588.18,68712.23,0.0313,2026-03-02 20:10:00
1772482500000,68841.25,68962.68,68841.25,68933.87,0.13725,2026-03-02 20:15:00
1772482800000,68902.02,68902.02,68887.9,68887.9,0.15068,2026-03-02 20:20:00
1772483100000,69027.29,69033.04,68938.7,69018.21,0.06328,2026-03-02 20:25:00
1772483400000,68981.36,69125.5,68972.25,69125.5,0.05311,2026-03-02 20:30:00
1772483700000,69101.47,69126.09,69085.84,69085.84,0.11016,2026-03-02 20:35:00
1772484000000,69155.69,69208.98,69155.69,69208.98,0.20613,2026-03-02 20:40:00
1772484300000,69225.35,69420.03,69225.35,69331.33,0.63902,2026-03-02 20:45:00
1772484600000,69411.64,69500.0,69348.75,69348.75,0.06689,2026-03-02 20:50:00
1772484900000,69331.33,69331.33,69204.18,69215.32,0.03154,2026-03-02 20:55:00
1772485200000,69148.5,69148.5,69013.92,69082.16,0.12573,2026-03-02 21:00:00
1772485500000,69142.67,69249.28,69142.67,69200.4,0.12796,2026-03-02 21:05:00
1772485800000,69190.7,69280.61,69090.18,69280.61,0.1209,2026-03-02 21:10:00
1772486100000,69298.43,69298.43,69280.78,69280.78,0.00049,2026-03-02 21:15:00
1772486400000,69216.04,69386.6,69216.04,69380.29,0.07819,2026-03-02 21:20:00
1772486700000,69347.48,69418.21,69329.61,69418.21,0.02437,2026-03-02 21:25:00
1772487000000,69418.21,69418.21,69418.21,69418.21,0.0,2026-03-02 21:30:00
1772487300000,69405.09,69441.45,69392.78,69439.79,0.05879,2026-03-02 21:35:00
1772487600000,69428.09,69437.89,69405.25,69434.53,0.1386,2026-03-02 21:40:00
1772487900000,69485.31,69537.86,69439.56,69439.56,0.07826,2026-03-02 21:45:00
1772488200000,69456.59,69507.99,69417.11,69462.61,0.02467,2026-03-02 21:50:00
1772488500000,69397.9,69433.11,69388.39,69433.11,0.07911,2026-03-02 21:55:00
1772488800000,69417.42,69468.23,69331.08,69355.25,0.14952,2026-03-02 22:00:00
1772489100000,69383.09,69458.18,69383.09,69449.25,0.10412,2026-03-02 22:05:00
1772489400000,69467.84,69467.84,69225.35,69230.72,0.07189,2026-03-02 22:10:00
1772489700000,69258.32,69276.64,69175.7,69221.22,0.025,2026-03-02 22:15:00
1772490000000,69201.28,69299.14,69201.28,69295.9,0.15391,2026-03-02 22:20:00
1772490300000,69250.4,69382.64,69250.4,69382.64,0.03326,2026-03-02 22:25:00
1772490600000,69374.14,69418.21,69303.48,69303.48,0.2199,2026-03-02 22:30:00
1772490900000,69305.11,69374.51,69305.11,69343.14,0.06775,2026-03-02 22:35:00
1772491200000,69360.5,69377.09,69330.62,69377.09,0.17344,2026-03-02 22:40:00
1772491500000,69432.76,69432.76,69311.56,69318.72,0.1836,2026-03-02 22:45:00
1772491800000,69306.36,69315.23,69256.31,69315.23,0.06361,2026-03-02 22:50:00
1772492100000,69306.34,69437.84,69306.34,69437.84,0.19885,2026-03-02 22:55:00
1772492400000,69430.31,69471.69,69289.54,69341.42,0.32207,2026-03-02 23:00:00
1772492700000,69342.27,69351.16,69302.25,69338.13,0.28277,2026-03-02 23:05:00
1772493000000,69296.64,69378.13,69225.35,69225.35,0.06773,2026-03-02 23:10:00
1772493300000,69222.11,69253.62,69206.15,69208.1,0.14101,2026-03-02 23:15:00
1772493600000,69203.15,69203.15,69015.87,69075.73,0.44718,2026-03-02 23:20:00
1772493900000,69076.47,69076.47,69024.93,69046.71,0.02281,2026-03-02 23:25:00
1772494200000,68999.3,68999.3,68841.1,68847.86,0.27751,2026-03-02 23:30:00
1772494500000,68793.41,68895.93,68793.41,68850.78,0.04094,2026-03-02 23:35:00
1772494800000,68811.36,68858.43,68782.5,68791.4,0.10929,2026-03-02 23:40:00
1772495100000,68793.76,68952.14,68793.76,68923.51,0.19415,2026-03-02 23:45:00
1772495400000,68894.0,68904.98,68798.4,68798.4,0.11455,2026-03-02 23:50:00
1772495700000,68836.81,68836.81,68811.43,68811.43,0.01581,2026-03-02 23:55:00
1772496000000,68881.13,68974.64,68881.13,68974.64,0.279,2026-03-03 00:00:00
1772496300000,68955.99,68980.47,68901.82,68958.06,0.05897,2026-03-03 00:05:00
1772496600000,68938.23,68939.4,68789.03,68789.03,0.02478,2026-03-03 00:10:00
1772496900000,68806.65,68845.99,68727.59,68762.35,0.03829,2026-03-03 00:15:00
1772497200000,68746.18,68746.18,68650.0,68660.45,0.18029,2026-03-03 00:20:00
1772497500000,68748.64,68817.31,68741.78,68817.31,0.01702,2026-03-03 00:25:00
1772497800000,68787.25,68981.48,68707.1,68981.48,0.22937,2026-03-03 00:30:00
1772498100000,68970.48,69097.16,68970.48,69080.2,0.14672,2026-03-03 00:35:00
1772498400000,69092.09,69150.59,69092.09,69132.11,0.08839,2026-03-03 00:40:00
1772498700000,69105.01,69157.5,68942.61,68955.47,0.05962,2026-03-03 00:45:00
1772499000000,68992.03,68995.16,68920.39,68995.16,0.01684,2026-03-03 00:50:00
1772499300000,68933.87,69098.61,68920.06,69098.61,0.10112,2026-03-03 00:55:00
1772499600000,69073.0,69073.0,69002.56,69035.67,0.00938,2026-03-03 01:00:00
1772499900000,69052.56,69156.61,69037.58,69072.52,0.3169,2026-03-03 01:05:00
1772500200000,69064.11,69247.84,69064.11,69164.14,0.18473,2026-03-03 01:10:00
1772500500000,69147.61,69147.61,68911.98,68931.11,0.10352,2026-03-03 01:15:00
1772500800000,68928.11,69002.18,68928.11,69002.18,0.58805,2026-03-03 01:20:00
1772501100000,69008.29,69028.64,68948.99,68948.99,0.06667,2026-03-03 01:25:00
1772501400000,68898.39,69033.04,68841.25,69018.22,0.08069,2026-03-03 01:30:00
1772501700000,68962.48,68982.11,68935.89,68982.11,0.11133,2026-03-03 01:35:00
1772502000000,68957.42,69054.56,68918.3,69054.56,0.31683,2026-03-03 01:40:00
1772502300000,68986.84,69021.02,68946.4,69021.02,0.07044,2026-03-03 01:45:00
1772502600000,69021.02,69021.02,69021.02,69021.02,0.0,2026-03-03 01:50:00
1772502900000,68841.25,68841.25,68797.06,68797.06,0.16966,2026-03-03 01:55:00
1772503200000,68703.63,68703.63,68427.33,68476.48,12.06989,2026-03-03 02:00:00
1772503500000,68578.46,68694.1,68533.77,68649.58,0.00338,2026-03-03 02:05:00
1772503800000,68672.56,68688.21,68621.25,68647.4,0.00134,2026-03-03 02:10:00
1772504100000,68633.21,68640.64,68462.17,68462.17,0.10028,2026-03-03 02:15:00
1772504400000,68384.36,68385.03,68263.01,68385.03,0.56748,2026-03-03 02:20:00
1772504700000,68453.31,68464.0,68389.51,68464.0,0.12085,2026-03-03 02:25:00
1772505000000,68465.5,68497.28,68454.18,68479.16,0.17596,2026-03-03 02:30:00
1772505300000,68479.0,68479.0,68406.39,68412.82,0.09269,2026-03-03 02:35:00
1772505600000,68380.03,68385.0,68380.03,68385.0,0.00071,2026-03-03 02:40:00
1772505900000,68535.08,68608.55,68535.08,68598.26,0.18569,2026-03-03 02:45:00
1772506200000,68532.83,68532.83,68519.12,68519.12,0.04003,2026-03-03 02:50:00
1772506500000,68527.08,68547.43,68521.45,68547.43,0.09617,2026-03-03 02:55:00
1772506800000,68549.51,68549.51,68409.78,68409.78,0.00859,2026-03-03 03:00:00
1772507100000,68358.07,68377.06,68319.45,68377.06,0.0104,2026-03-03 03:05:00
1772507400000,68374.55,68387.6,68374.55,68387.6,0.04528,2026-03-03 03:10:00
1772507700000,68476.65,68476.65,68331.9,68352.7,0.16406,2026-03-03 03:15:00
1772508000000,68254.89,68298.69,68232.19,68296.7,0.01649,2026-03-03 03:20:00
1772508300000,68354.1,68421.2,68354.1,68421.2,0.04831,2026-03-03 03:25:00
1772508600000,68379.4,68502.26,68379.4,68502.26,0.01571,2026-03-03 03:30:00
1772508900000,68481.94,68526.63,68471.62,68480.14,0.06969,2026-03-03 03:35:00
1772509200000,68400.55,68400.55,68398.69,68400.43,0.022,2026-03-03 03:40:00
1772509500000,68405.53,68416.98,68349.1,68349.1,0.05961,2026-03-03 03:45:00
1772509800000,68347.85,68365.6,68347.85,68365.6,0.01471,2026-03-03 03:50:00
1772510100000,68343.81,68346.04,68312.51,68337.73,0.01896,2026-03-03 03:55:00
1772510400000,68390.58,68455.17,68390.58,68444.71,0.0999,2026-03-03 04:00:00
1772510700000,68430.67,68458.13,68338.03,68338.03,0.09002,2026-03-03 04:05:00
1772511000000,68354.47,68434.73,68354.47,68382.53,0.01294,2026-03-03 04:10:00
1772511300000,68398.85,68398.85,68314.33,68314.33,0.00677,2026-03-03 04:15:00
1772511600000,68405.07,68405.07,68370.37,68370.37,0.01052,2026-03-03 04:20:00
1772511900000,68370.37,68370.37,68370.37,68370.37,0.0,2026-03-03 04:25:00
1772512200000,68356.69,68356.69,68356.69,68356.69,0.00146,2026-03-03 04:30:00
1772512500000,68387.65,68387.65,68236.29,68236.29,0.03307,2026-03-03 04:35:00
1772512800000,68268.44,68268.44,68179.93,68193.04,0.06469,2026-03-03 04:40:00
1772513100000,68150.0,68150.0,68067.98,68067.98,0.00084,2026-03-03 04:45:00
1772513400000,68119.3,68128.26,68076.05,68116.8,0.03827,2026-03-03 04:50:00
1772513700000,68105.69,68124.73,68105.69,68124.73,0.00179,2026-03-03 04:55:00
1772514000000,68186.37,68186.37,68087.91,68173.57,0.00197,2026-03-03 05:00:00
1772514300000,68067.22,68327.93,68067.22,68327.93,0.13227,2026-03-03 05:05:00
1772514600000,68284.4,68365.12,68284.4,68365.12,0.04438,2026-03-03 05:10:00
1772514900000,68420.3,68530.01,68420.3,68516.57,0.58363,2026-03-03 05:15:00
1772515200000,68467.1,68467.1,68350.56,68388.48,0.07012,2026-03-03 05:20:00
1772515500000,68454.81,68454.81,68443.13,68443.13,0.0002,2026-03-03 05:25:00
1772515800000,68377.28,68377.28,68178.37,68178.37,0.3922,2026-03-03 05:30:00
1772516100000,68200.15,68200.15,68091.92,68097.91,0.10005,2026-03-03 05:35:00
1772516400000,68143.78,68162.87,68103.86,68103.86,0.09049,2026-03-03 05:40:00
1772516700000,68107.76,68107.76,67912.5,67912.5,0.0487,2026-03-03 05:45:00
1772517000000,67895.98,67989.5,67895.98,67952.19,0.03678,2026-03-03 05:50:00
1772517300000,67853.27,67967.58,67853.27,67967.58,0.04101,2026-03-03 05:55:00
1772517600000,67964.93,67964.93,67956.53,67956.53,0.00061,2026-03-03 06:00:00
1772517900000,67885.97,67965.3,67866.77,67965.3,0.04114,2026-03-03 06:05:00
1772518200000,67890.81,67910.11,67845.72,67910.11,0.00127,2026-03-03 06:10:00
1772518500000,67935.89,67977.54,67919.83,67977.54,0.12986,2026-03-03 06:15:00
1772518800000,67955.87,67955.87,67933.78,67933.78,0.11377,2026-03-03 06:20:00
1772519100000,67930.87,67959.83,67930.87,67943.99,0.11087,2026-03-03 06:25:00
1772519400000,67943.99,67943.99,67943.99,67943.99,0.0,2026-03-03 06:30:00
1772519700000,67890.73,67958.93,67870.7,67958.93,0.26696,2026-03-03 06:35:00
1772520000000,67955.33,67967.64,67955.33,67967.64,0.056,2026-03-03 06:40:00
1772520300000,67946.1,67946.1,67824.59,67824.59,0.06261,2026-03-03 06:45:00
1772520600000,67890.18,68021.58,67890.18,68013.53,0.21088,2026-03-03 06:50:00
1772520900000,68044.63,68208.5,68044.63,68134.5,0.30273,2026-03-03 06:55:00
1772521200000,68112.65,68112.65,67977.79,68088.9,0.05966,2026-03-03 07:00:00
1772521500000,68024.27,68049.2,68024.27,68049.2,0.00212,2026-03-03 07:05:00
1772521800000,68056.88,68056.88,68012.56,68050.38,0.051,2026-03-03 07:10:00
1772522100000,68279.42,68279.42,68083.95,68218.54,0.13957,2026-03-03 07:15:00
1772522400000,68201.76,68206.1,68186.58,68206.1,0.05993,2026-03-03 07:20:00
1772522700000,68177.69,68226.68,68168.28,68220.02,0.15001,2026-03-03 07:25:00
1772523000000,68181.9,68181.9,68181.9,68181.9,0.01459,2026-03-03 07:30:00
1772523300000,68119.26,68119.26,68119.26,68119.26,0.048,2026-03-03 07:35:00
1772523600000,68150.0,68186.9,68100.61,68186.9,0.06911,2026-03-03 07:40:00
1772523900000,68186.9,68186.9,68186.9,68186.9,0.0,2026-03-03 07:45:00
1772524200000,68159.42,68195.33,68159.42,68195.33,0.04836,2026-03-03 07:50:00
1772524500000,68195.33,68195.33,68195.33,68195.33,0.0,2026-03-03 07:55:00
1772524800000,68173.5,68173.5,68173.5,68173.5,0.00748,2026-03-03 08:00:00
1772525100000,68188.83,68188.83,68105.34,68105.34,0.04866,2026-03-03 08:05:00
1772525400000,68184.54,68301.89,67980.92,67980.92,0.04329,2026-03-03 08:10:00
1772525700000,68002.43,68057.84,67953.46,67953.46,0.11592,2026-03-03 08:15:00
1772526000000,67990.05,68007.12,67848.43,67968.07,0.11531,2026-03-03 08:20:00
1772526300000,67947.67,67947.67,67735.35,67786.53,0.23667,2026-03-03 08:25:00
1772526600000,67766.73,67766.73,67600.42,67638.56,0.21478,2026-03-03 08:30:00
1772526900000,67625.73,67709.9,67506.5,67524.37,0.36834,2026-03-03 08:35:00
1772527200000,67500.0,67500.0,67336.84,67348.5,0.52675,2026-03-03 08:40:00
1772527500000,67300.0,67300.0,67154.79,67154.79,0.50825,2026-03-03 08:45:00
1772527800000,67104.48,67123.26,67097.08,67097.08,0.38182,2026-03-03 08:50:00
1772528100000,67090.0,67090.0,66958.03,66964.94,0.03845,2026-03-03 08:55:00
1772528400000,67028.38,67028.38,66971.33,66971.33,0.04782,2026-03-03 09:00:00
1772528700000,66904.75,67200.3,66904.75,67200.3,0.09498,2026-03-03 09:05:00
1772529000000,67079.27,67101.92,67074.31,67101.92,0.01929,2026-03-03 09:10:00
1772529300000,67098.82,67130.59,67057.14,67118.8,0.11381,2026-03-03 09:15:00
1772529600000,67078.82,67078.82,66939.33,66950.84,0.55131,2026-03-03 09:20:00
1772529900000,67013.5,67030.34,66581.67,66618.98,1.6551,2026-03-03 09:25:00
1772530200000,66627.37,66691.19,66361.33,66612.79,13.72334,2026-03-03 09:30:00
1772530500000,66606.57,66694.0,66486.13,66644.59,0.67198,2026-03-03 09:35:00
1772530800000,66571.0,66571.01,66540.88,66540.88,0.12822,2026-03-03 09:40:00
1772531100000,66473.75,66473.75,66434.53,66438.9,0.52581,2026-03-03 09:45:00
1772531400000,66475.44,66576.19,66475.44,66513.0,0.46191,2026-03-03 09:50:00
1772531700000,66617.43,66617.43,66617.43,66617.43,0.00848,2026-03-03 09:55:00
1772532000000,66648.2,66648.2,66499.19,66499.19,0.21952,2026-03-03 10:00:00
1772532300000,66595.5,66595.5,66503.86,66503.86,0.01928,2026-03-03 10:05:00
1772532600000,66485.86,66537.48,66485.86,66537.48,0.00026,2026-03-03 10:10:00
1772532900000,66523.1,66549.93,66482.25,66549.93,0.06247,2026-03-03 10:15:00
1772533200000,66577.74,66681.02,66577.74,66681.02,0.19175,2026-03-03 10:20:00
1772533500000,66627.78,66627.78,66508.62,66508.62,0.02527,2026-03-03 10:25:00
1772533800000,66502.05,66502.05,66481.66,66501.48,0.16565,2026-03-03 10:30:00
1772534100000,66507.16,66548.87,66507.16,66521.16,0.05615,2026-03-03 10:35:00
1772534400000,66676.11,66676.11,66641.14,66641.14,0.00806,2026-03-03 10:40:00
1772534700000,66739.49,66986.09,66721.01,66986.09,0.31142,2026-03-03 10:45:00
1772535000000,66899.92,66899.92,66772.67,66772.67,0.29128,2026-03-03 10:50:00
1772535300000,66746.42,66848.42,66744.03,66848.42,0.671,2026-03-03 10:55:00
1772535600000,66859.69,66980.7,66859.69,66946.23,0.06587,2026-03-03 11:00:00
1772535900000,66878.58,66909.03,66829.31,66909.03,0.16818,2026-03-03 11:05:00
1772536200000,66984.5,67020.81,66955.61,66955.61,0.42814,2026-03-03 11:10:00
1772536500000,66958.16,66958.16,66787.75,66787.75,1.86374,2026-03-03 11:15:00
1772536800000,66843.25,66972.15,66843.25,66972.15,0.04276,2026-03-03 11:20:00
1772537100000,66883.84,66883.84,66883.84,66883.84,0.00782,2026-03-03 11:25:00
1772537400000,66829.06,66831.81,66829.06,66831.81,0.04349,2026-03-03 11:30:00
1772537700000,67012.33,67049.67,66989.96,67048.46,0.53757,2026-03-03 11:35:00
1772538000000,67056.86,67060.75,67030.58,67030.58,0.04652,2026-03-03 11:40:00
1772538300000,67097.08,67131.19,67095.57,67096.0,0.01164,2026-03-03 11:45:00
1772538600000,67036.05,67053.05,67015.0,67015.0,1.68938,2026-03-03 11:50:00
1772538900000,67015.0,67106.87,67015.0,67034.2,0.58619,2026-03-03 11:55:00
1772539200000,67073.65,67226.48,67060.01,67226.48,0.09046,2026-03-03 12:00:00
1772539500000,67300.0,67526.32,67300.0,67508.08,0.26649,2026-03-03 12:05:00
1772539800000,67497.09,67948.07,67470.89,67761.43,0.77149,2026-03-03 12:10:00
1772540100000,67741.91,67741.91,67538.79,67594.7,0.6494,2026-03-03 12:15:00
1772540400000,67403.55,67533.39,67371.92,67533.39,0.05776,2026-03-03 12:20:00
1772540700000,67521.59,67584.53,67507.11,67507.11,0.5963,2026-03-03 12:25:00
1772541000000,67418.67,67449.21,67418.67,67428.87,0.483,2026-03-03 12:30:00
1772541300000,67437.03,67439.24,67325.98,67439.24,0.40429,2026-03-03 12:35:00
1772541600000,67425.16,67425.16,67293.84,67324.82,0.95473,2026-03-03 12:40:00
1772541900000,67355.17,67364.14,67315.59,67364.14,0.46956,2026-03-03 12:45:00
1772542200000,67267.5,67322.01,67260.61,67297.48,0.39666,2026-03-03 12:50:00
1772542500000,67405.22,67405.22,67388.62,67388.62,0.18291,2026-03-03 12:55:00
1772542800000,67425.37,67425.37,67167.46,67167.46,0.65526,2026-03-03 13:00:00
1772543100000,67151.04,67243.11,67086.32,67185.46,0.43366,2026-03-03 13:05:00
1772543400000,67209.69,67247.91,67002.34,67002.34,0.38645,2026-03-03 13:10:00
1772543700000,67016.56,67149.71,67013.11,67128.42,0.63552,2026-03-03 13:15:00
1772544000000,67100.54,67152.87,67080.53,67080.53,0.4613,2026-03-03 13:20:00
1772544300000,67041.16,67137.28,67041.16,67137.28,0.10509,2026-03-03 13:25:00
1772544600000,66994.5,67064.61,66877.9,67016.07,0.02457,2026-03-03 13:30:00
1772544900000,67045.36,67045.36,66959.5,66959.5,0.04329,2026-03-03 13:35:00
1772545200000,66977.36,67000.0,66873.17,66873.17,0.06246,2026-03-03 13:40:00
1772545500000,66842.11,66842.14,66673.03,66766.87,0.0611,2026-03-03 13:45:00
1772545800000,66877.37,66910.72,66845.8,66903.0,0.24282,2026-03-03 13:50:00
1772546100000,66891.72,66904.24,66806.03,66812.53,0.11099,2026-03-03 13:55:00
1772546400000,66937.14,67196.2,66853.39,67196.2,0.33416,2026-03-03 14:00:00
1772546700000,67172.04,67241.9,67123.25,67204.25,0.34073,2026-03-03 14:05:00
1772547000000,67192.14,67193.15,67082.81,67193.15,0.22297,2026-03-03 14:10:00
1772547300000,67124.0,67124.0,67124.0,67124.0,0.0408,2026-03-03 14:15:00
1772547600000,67109.36,67315.6,67109.36,67183.99,0.23084,2026-03-03 14:20:00
1772547900000,67176.6,67201.83,67106.5,67113.65,0.09446,2026-03-03 14:25:00
1772548200000,67095.08,67573.09,66831.4,66831.4,0.57098,2026-03-03 14:30:00
1772548500000,66872.9,67239.48,66806.93,66997.6,0.99725,2026-03-03 14:35:00
1772548800000,66949.4,67046.77,66385.1,66403.05,0.74772,2026-03-03 14:40:00
1772549100000,66456.6,66670.6,66171.2,66344.7,0.16141,2026-03-03 14:45:00
1772549400000,66315.75,66778.12,66315.75,66778.12,0.48225,2026-03-03 14:50:00
1772549700000,66798.13,66798.19,66575.81,66575.81,0.34105,2026-03-03 14:55:00
1772550000000,66630.72,66761.15,66538.3,66538.3,0.13359,2026-03-03 15:00:00
1772550300000,66644.06,66871.94,66615.81,66800.99,0.21028,2026-03-03 15:05:00
1772550600000,66665.47,66859.92,66620.91,66859.92,0.24323,2026-03-03 15:10:00
1772550900000,66923.42,66997.9,66567.17,66567.17,0.26817,2026-03-03 15:15:00
1772551200000,66531.01,66733.29,66529.32,66733.29,0.19493,2026-03-03 15:20:00
1772551500000,66724.38,66833.09,66724.38,66833.09,0.10167,2026-03-03 15:25:00
1772551800000,66870.35,67300.0,66870.35,67252.58,0.15892,2026-03-03 15:30:00
1772552100000,67262.4,67581.64,67255.54,67554.78,0.09388,2026-03-03 15:35:00
1772552400000,67555.96,67799.56,67441.03,67441.03,0.57679,2026-03-03 15:40:00
1772552700000,67594.95,67772.84,67594.95,67703.27,0.1741,2026-03-03 15:45:00
1772553000000,67755.05,67755.05,67500.0,67511.23,0.22192,2026-03-03 15:50:00
1772553300000,67557.87,67673.3,67557.87,67673.3,0.01765,2026-03-03 15:55:00
1772553600000,67688.36,67948.07,67688.36,67942.1,0.18994,2026-03-03 16:00:00
1772553900000,67959.14,68559.6,67959.14,68542.39,0.57125,2026-03-03 16:05:00
1772554200000,68579.79,68617.89,68249.38,68455.66,0.21336,2026-03-03 16:10:00
1772554500000,68571.42,68589.93,68319.39,68319.39,0.07087,2026-03-03 16:15:00
1772554800000,68399.41,68894.74,68362.1,68894.74,0.21393,2026-03-03 16:20:00
1772555100000,68910.64,68991.95,68805.0,68859.75,0.21569,2026-03-03 16:25:00
1772555400000,68792.28,68818.2,68309.3,68397.65,0.16872,2026-03-03 16:30:00
1772555700000,68411.7,68411.7,67834.22,67861.6,0.18774,2026-03-03 16:35:00
1772556000000,67799.56,67799.56,67520.0,67737.53,0.0483,2026-03-03 16:40:00
1772556300000,67757.67,68210.53,67730.9,68064.06,0.48623,2026-03-03 16:45:00
1772556600000,68098.1,68286.75,68069.6,68280.68,0.22431,2026-03-03 16:50:00
1772556900000,68241.75,68461.01,68192.38,68192.38,0.22146,2026-03-03 16:55:00
1772557200000,68162.39,68201.65,67862.31,67962.63,0.57442,2026-03-03 17:00:00
1772557500000,68004.58,68114.6,67907.53,67908.44,0.48129,2026-03-03 17:05:00
1772557800000,67892.92,67927.04,67698.13,67926.63,0.75063,2026-03-03 17:10:00
1772558100000,67919.83,68121.42,67919.83,68121.42,0.07022,2026-03-03 17:15:00
1772558400000,67924.14,68206.36,67924.14,68198.2,0.45108,2026-03-03 17:20:00
1772558700000,68231.04,68263.72,68167.79,68263.72,0.24013,2026-03-03 17:25:00
1772559000000,68103.67,68151.7,67799.56,67803.62,0.18061,2026-03-03 17:30:00
1772559300000,67911.67,68000.0,67911.67,68000.0,0.08616,2026-03-03 17:35:00
1772559600000,68017.78,68072.1,68017.78,68072.1,0.07062,2026-03-03 17:40:00
1772559900000,68108.91,68362.36,68009.58,68288.7,0.51018,2026-03-03 17:45:00
1772560200000,68272.52,68412.38,68241.4,68255.67,0.29027,2026-03-03 17:50:00
1772560500000,68165.67,68310.37,68165.67,68310.37,0.36946,2026-03-03 17:55:00
1772560800000,68317.95,68444.15,68263.19,68263.19,0.04211,2026-03-03 18:00:00
1772561100000,68310.17,68377.1,68239.5,68271.3,0.32795,2026-03-03 18:05:00
1772561400000,68241.27,68273.11,68006.59,68009.12,0.07746,2026-03-03 18:10:00
1772561700000,68157.31,68396.7,68157.31,68388.81,0.16737,2026-03-03 18:15:00
1772562000000,68305.72,68527.19,68305.72,68474.4,0.39463,2026-03-03 18:20:00
1772562300000,68467.69,68588.08,68467.69,68479.0,0.27592,2026-03-03 18:25:00
1772562600000,68465.83,68839.2,68465.83,68716.89,0.40383,2026-03-03 18:30:00
1772562900000,68686.58,68910.64,68600.71,68771.57,0.19285,2026-03-03 18:35:00
1772563200000,68758.68,68769.86,68621.99,68621.99,0.05457,2026-03-03 18:40:00
1772563500000,68622.61,68689.62,68593.51,68689.62,0.13383,2026-03-03 18:45:00
1772563800000,68691.47,68723.85,68691.47,68707.81,0.09471,2026-03-03 18:50:00
1772564100000,68681.41,68681.41,68622.26,68622.26,0.0713,2026-03-03 18:55:00
1772564400000,68623.8,68637.01,68550.81,68628.54,0.01164,2026-03-03 19:00:00
1772564700000,68668.99,68673.33,68375.3,68408.6,0.4101,2026-03-03 19:05:00
1772565000000,68447.71,68588.08,68330.43,68586.6,0.04091,2026-03-03 19:10:00
1772565300000,68573.85,68621.4,68573.85,68621.4,0.05319,2026-03-03 19:15:00
1772565600000,68683.92,68875.26,68683.92,68875.26,0.21108,2026-03-03 19:20:00
1772565900000,68796.78,68875.0,68796.78,68831.3,0.45957,2026-03-03 19:25:00
1772566200000,68670.88,68670.88,68500.0,68500.0,0.72365,2026-03-03 19:30:00
1772566500000,68428.19,68752.45,68409.53,68752.45,0.35308,2026-03-03 19:35:00
1772566800000,68710.65,68732.9,68606.25,68712.54,0.33219,2026-03-03 19:40:00
1772567100000,68704.75,68722.7,68704.75,68722.66,0.05371,2026-03-03 19:45:00
1772567400000,68598.62,68690.9,68477.92,68484.92,0.17765,2026-03-03 19:50:00
1772567700000,68475.97,68475.97,68452.59,68452.59,0.05593,2026-03-03 19:55:00
1772568000000,68454.55,68494.97,68454.55,68467.31,0.0572,2026-03-03 20:00:00
1772568300000,68330.43,68459.83,68318.34,68361.66,0.16998,2026-03-03 20:05:00
1772568600000,68356.24,68356.24,68277.37,68277.37,0.04748,2026-03-03 20:10:00
1772568900000,68214.76,68316.87,68161.98,68268.19,0.31867,2026-03-03 20:15:00
1772569200000,68335.81,68335.81,68317.86,68329.35,0.10893,2026-03-03 20:20:00
1772569500000,68301.34,68413.86,68301.34,68413.86,0.15925,2026-03-03 20:25:00
1772569800000,68395.25,68499.0,68377.93,68391.17,0.44265,2026-03-03 20:30:00
1772570100000,68499.0,68527.92,68360.99,68360.99,0.48519,2026-03-03 20:35:00
1772570400000,68413.06,68452.28,68406.42,68452.28,0.18534,2026-03-03 20:40:00
1772570700000,68452.28,68452.28,68452.28,68452.28,0.00011,2026-03-03 20:45:00
1772571000000,68323.9,68323.9,68116.03,68116.03,0.37656,2026-03-03 20:50:00
1772571300000,68216.75,68216.75,68200.0,68200.0,0.16786,2026-03-03 20:55:00
1772571600000,68247.05,68247.05,68000.0,68066.7,0.3471,2026-03-03 21:00:00
1772571900000,67976.62,68049.29,67842.13,68032.42,0.16235,2026-03-03 21:05:00
1772572200000,68052.44,68061.09,68036.84,68043.11,0.05688,2026-03-03 21:10:00
1772572500000,68049.9,68049.9,67942.47,67945.52,0.04452,2026-03-03 21:15:00
1772572800000,68042.92,68042.93,68042.92,68042.93,0.54805,2026-03-03 21:20:00
1772573100000,68074.32,68074.32,67972.31,67972.31,0.088,2026-03-03 21:25:00
1772573400000,67936.34,67936.34,67903.48,67903.48,0.09375,2026-03-03 21:30:00
1772573700000,67963.78,68024.81,67955.02,67955.02,0.02293,2026-03-03 21:35:00
1772574000000,67911.57,67939.25,67911.57,67939.25,0.02256,2026-03-03 21:40:00
1772574300000,68014.65,68014.65,68012.5,68012.5,0.14754,2026-03-03 21:45:00
1772574600000,68069.67,68069.67,68037.44,68037.44,0.00119,2026-03-03 21:50:00
1772574900000,68037.44,68037.44,68037.44,68037.44,0.0,2026-03-03 21:55:00
1772575200000,68054.99,68520.84,68054.99,68438.82,0.08687,2026-03-03 22:00:00
1772575500000,68290.85,68472.92,68251.45,68455.91,0.22234,2026-03-03 22:05:00
1772575800000,68398.78,68398.78,68341.36,68341.36,0.1083,2026-03-03 22:10:00
1772576100000,68311.0,68311.0,68286.02,68288.73,0.11851,2026-03-03 22:15:00
1772576400000,68308.5,68400.55,68308.5,68333.47,0.4294,2026-03-03 22:20:00
1772576700000,68283.34,68283.34,68283.34,68283.34,5e-05,2026-03-03 22:25:00
1772577000000,68226.84,68312.36,68226.84,68284.0,0.13565,2026-03-03 22:30:00
1772577300000,68368.83,68368.83,68342.75,68342.75,0.18923,2026-03-03 22:35:00
1772577600000,68318.83,68337.86,68318.83,68337.86,0.03481,2026-03-03 22:40:00
1772577900000,68400.0,68400.0,68266.21,68296.26,0.05489,2026-03-03 22:45:00
1772578200000,68328.21,68352.87,68328.21,68345.53,0.00162,2026-03-03 22:50:00
1772578500000,68252.85,68279.86,68252.85,68279.86,0.04748,2026-03-03 22:55:00
1772578800000,68270.44,68320.09,68270.44,68307.85,0.05573,2026-03-03 23:00:00
1772579100000,68386.5,68386.5,68357.25,68371.38,0.00314,2026-03-03 23:05:00
1772579400000,68546.1,68755.31,68546.1,68732.29,0.01037,2026-03-03 23:10:00
1772579700000,68725.89,68725.89,68503.0,68503.0,0.09535,2026-03-03 23:15:00
1772580000000,68565.69,68589.36,68517.35,68517.35,0.01241,2026-03-03 23:20:00
1772580300000,68466.94,68501.05,68466.94,68501.05,0.00909,2026-03-03 23:25:00
1772580600000,68494.39,68576.14,68460.08,68460.08,0.00806,2026-03-03 23:30:00
1772580900000,68444.66,68510.69,68430.74,68430.74,0.00843,2026-03-03 23:35:00
1772581200000,68436.11,68528.89,68436.11,68489.29,0.09764,2026-03-03 23:40:00
1772581500000,68479.07,68499.22,68394.69,68470.63,0.12019,2026-03-03 23:45:00
1772581800000,68330.43,68330.43,68330.43,68330.43,3e-05,2026-03-03 23:50:00
1772582100000,68269.0,68274.75,68255.28,68263.23,0.13525,2026-03-03 23:55:00
1772582400000,68244.81,68272.96,68206.36,68209.04,0.01946,2026-03-04 00:00:00
1772582700000,68248.93,68267.78,68129.97,68183.83,0.01916,2026-03-04 00:05:00
1772583000000,68190.66,68190.66,68130.0,68130.0,0.01099,2026-03-04 00:10:00
1772583300000,68128.69,68319.66,68128.69,68311.2,0.02467,2026-03-04 00:15:00
1772583600000,68364.8,68400.0,68364.8,68400.0,0.00085,2026-03-04 00:20:00
1772583900000,68294.13,68331.66,68294.13,68331.66,0.00361,2026-03-04 00:25:00
1772584200000,68213.41,68213.41,68033.47,68033.47,0.0026,2026-03-04 00:30:00
1772584500000,68047.36,68047.36,67925.42,68045.75,0.0484,2026-03-04 00:35:00
1772584800000,67970.5,67970.5,67947.66,67963.52,0.00028,2026-03-04 00:40:00
1772585100000,67984.48,68211.61,67984.48,68211.61,0.03658,2026-03-04 00:45:00
1772585400000,68228.34,68228.34,68108.07,68125.73,0.01173,2026-03-04 00:50:00
1772585700000,68124.62,68174.99,68091.35,68174.99,0.01053,2026-03-04 00:55:00
1772586000000,68104.8,68250.0,68079.54,68230.27,0.00309,2026-03-04 01:00:00
1772586300000,68202.17,68202.17,68043.89,68199.89,0.01646,2026-03-04 01:05:00
1772586600000,68209.75,68254.95,68152.88,68152.88,0.79726,2026-03-04 01:10:00
1772586900000,68190.35,68190.35,68053.36,68053.36,0.24213,2026-03-04 01:15:00
1772587200000,67987.17,67987.17,67987.17,67987.17,0.03229,2026-03-04 01:20:00
1772587500000,67992.81,68330.43,67992.81,68330.43,0.06197,2026-03-04 01:25:00
1772587800000,68217.9,68586.99,68211.75,68570.91,1.14586,2026-03-04 01:30:00
1772588100000,68530.34,68680.34,68530.34,68680.34,0.1317,2026-03-04 01:35:00
1772588400000,68647.9,68898.0,68647.9,68757.33,0.38503,2026-03-04 01:40:00
1772588700000,68600.42,68600.42,68410.71,68422.32,0.38398,2026-03-04 01:45:00
1772589000000,68464.89,68480.89,68396.6,68429.91,0.45303,2026-03-04 01:50:00
1772589300000,68443.65,68443.65,68380.92,68404.7,0.14647,2026-03-04 01:55:00
1772589600000,68430.29,68456.86,68276.03,68351.48,0.20195,2026-03-04 02:00:00
1772589900000,68277.59,68299.28,68189.23,68299.28,0.04588,2026-03-04 02:05:00
1772590200000,68268.08,68385.3,68256.81,68256.81,0.00118,2026-03-04 02:10:00
1772590500000,68230.63,68230.63,68131.03,68131.03,0.00798,2026-03-04 02:15:00
1772590800000,68231.03,68231.03,68231.03,68231.03,7e-05,2026-03-04 02:20:00
1772591100000,68058.86,68058.86,68058.86,68058.86,0.00029,2026-03-04 02:25:00
1772591400000,68033.47,68033.47,68020.0,68020.0,0.00222,2026-03-04 02:30:00
1772591700000,67978.69,68107.72,67978.69,68106.04,0.09609,2026-03-04 02:35:00
1772592000000,68112.38,68123.05,68112.38,68123.05,0.08693,2026-03-04 02:40:00
1772592300000,68106.98,68298.1,68106.98,68298.1,0.13864,2026-03-04 02:45:00
1772592600000,68345.67,68396.2,68345.67,68396.2,0.00897,2026-03-04 02:50:00
1772592900000,68321.58,68325.17,68288.37,68325.17,0.14402,2026-03-04 02:55:00
1772593200000,68283.65,68301.21,68129.4,68129.4,0.28735,2026-03-04 03:00:00
1772593500000,68148.82,68282.04,68148.82,68266.51,0.25554,2026-03-04 03:05:00
1772593800000,68275.14,68325.97,68173.31,68315.7,0.35959,2026-03-04 03:10:00
1772594100000,68325.48,68349.96,68213.0,68315.35,1.76311,2026-03-04 03:15:00
1772594400000,68301.84,68312.23,68196.64,68196.64,0.00591,2026-03-04 03:20:00
1772594700000,68166.95,68166.95,68060.02,68060.81,0.20866,2026-03-04 03:25:00
1772595000000,67982.86,67984.3,67522.82,67530.22,0.20325,2026-03-04 03:30:00
1772595300000,67500.0,67633.47,67416.72,67629.17,0.10551,2026-03-04 03:35:00
1772595600000,67623.69,67623.69,67519.51,67519.51,0.016,2026-03-04 03:40:00
1772595900000,67472.48,67640.81,67472.48,67629.54,0.15421,2026-03-04 03:45:00
1772596200000,67592.16,67662.54,67592.16,67595.6,0.04014,2026-03-04 03:50:00
1772596500000,67616.16,67640.89,67616.16,67640.89,0.04008,2026-03-04 03:55:00
1772596800000,67797.86,67797.86,67571.75,67709.61,0.17533,2026-03-04 04:00:00
1772597100000,67758.66,67761.42,67758.66,67761.42,0.00081,2026-03-04 04:05:00
1772597400000,67791.26,67963.21,67791.26,67826.71,0.24267,2026-03-04 04:10:00
1772597700000,67852.47,67852.47,67564.35,67594.01,0.21946,2026-03-04 04:15:00
1772598000000,67588.65,67623.3,67522.82,67623.3,0.2751,2026-03-04 04:20:00
1772598300000,67670.63,67685.8,67618.12,67623.11,0.11506,2026-03-04 04:25:00
1772598600000,67560.94,67630.51,67560.94,67629.49,0.08333,2026-03-04 04:30:00
1772598900000,67614.63,67677.07,67508.64,67576.4,0.17509,2026-03-04 04:35:00
1772599200000,67538.6,67658.08,67538.6,67658.08,0.14148,2026-03-04 04:40:00
1772599500000,67661.7,67661.7,67612.42,67635.14,0.14744,2026-03-04 04:45:00
1772599800000,67657.37,67774.85,67657.37,67774.85,0.0539,2026-03-04 04:50:00
1772600100000,67793.41,67800.26,67793.41,67800.26,0.03554,2026-03-04 04:55:00
1772600400000,67812.66,67812.66,67690.79,67798.79,0.0854,2026-03-04 05:00:00
1772600700000,67825.2,67901.02,67825.2,67901.02,0.0877,2026-03-04 05:05:00
1772601000000,67891.37,67891.37,67844.19,67844.19,0.00197,2026-03-04 05:10:00
1772601300000,67893.97,67950.62,67889.21,67950.62,0.13238,2026-03-04 05:15:00
1772601600000,67911.94,67911.94,67840.16,67840.16,0.08492,2026-03-04 05:20:00
1772601900000,67848.59,67848.59,67736.14,67744.93,0.1621,2026-03-04 05:25:00
1772602200000,67832.14,67832.14,67774.84,67774.84,0.00072,2026-03-04 05:30:00
1772602500000,67934.69,68002.36,67934.69,68002.36,0.11053,2026-03-04 05:35:00
1772602800000,68033.47,68292.45,68033.47,68268.86,0.05772,2026-03-04 05:40:00
1772603100000,68150.0,68295.9,68150.0,68154.54,0.22576,2026-03-04 05:45:00
1772603400000,68223.61,68375.0,68223.61,68375.0,0.07426,2026-03-04 05:50:00
1772603700000,68256.83,68256.83,68213.05,68213.05,0.0615,2026-03-04 05:55:00
1772604000000,68117.18,68182.3,68117.18,68182.3,0.14888,2026-03-04 06:00:00
1772604300000,68183.1,68219.77,68122.38,68188.7,0.09187,2026-03-04 06:05:00
1772604600000,68175.47,68224.0,68130.0,68219.53,0.13049,2026-03-04 06:10:00
1772604900000,68213.31,68213.31,68073.9,68073.9,0.10054,2026-03-04 06:15:00
1772605200000,68139.83,68139.83,68082.17,68082.17,0.0961,2026-03-04 06:20:00
1772605500000,68152.9,68152.9,68098.29,68098.29,0.0941,2026-03-04 06:25:00
1772605800000,68249.33,68487.81,68173.57,68487.81,0.27989,2026-03-04 06:30:00
1772606100000,68539.74,68539.74,68469.06,68495.58,0.0033,2026-03-04 06:35:00
1772606400000,68524.17,68644.19,68524.17,68644.19,0.12996,2026-03-04 06:40:00
1772606700000,68680.34,68680.34,68589.42,68656.39,0.21606,2026-03-04 06:45:00
1772607000000,68639.65,68643.07,68512.77,68512.77,0.07646,2026-03-04 06:50:00
1772607300000,68466.17,68521.85,68450.0,68521.85,0.05421,2026-03-04 06:55:00
1772607600000,68570.39,68617.52,68539.66,68573.36,0.05668,2026-03-04 07:00:00
1772607900000,68449.68,68528.8,68418.64,68528.8,0.15316,2026-03-04 07:05:00
1772608200000,68473.47,68473.47,68417.73,68417.73,0.00302,2026-03-04 07:10:00
1772608500000,68382.16,68413.0,68382.16,68408.66,0.03042,2026-03-04 07:15:00
1772608800000,68495.38,68495.38,68495.38,68495.38,0.00012,2026-03-04 07:20:00
1772609100000,68537.8,68764.68,68537.79,68764.68,0.2857,2026-03-04 07:25:00
1772609400000,68771.43,68777.8,68658.1,68755.6,0.38722,2026-03-04 07:30:00
1772609700000,68705.3,68773.3,68703.05,68773.3,0.59321,2026-03-04 07:35:00
1772610000000,68789.12,68967.55,68789.12,68967.55,0.35551,2026-03-04 07:40:00
1772610300000,68991.95,69519.9,68989.8,69446.35,1.18608,2026-03-04 07:45:00
1772610600000,69412.08,69412.08,69305.33,69380.47,0.0519,2026-03-04 07:50:00
1772610900000,69325.39,69626.62,69325.39,69508.72,0.67331,2026-03-04 07:55:00
1772611200000,69543.7,69678.89,69389.17,69389.17,0.07985,2026-03-04 08:00:00
1772611500000,69396.83,69720.0,69396.83,69618.78,0.80346,2026-03-04 08:05:00
1772611800000,69654.53,69654.53,69380.6,69390.67,0.45427,2026-03-04 08:10:00
1772612100000,69384.52,69384.52,69266.91,69291.23,0.29846,2026-03-04 08:15:00
1772612400000,69233.63,69256.28,69139.24,69256.28,0.17874,2026-03-04 08:20:00
1772612700000,69256.28,69338.76,69239.67,69338.76,0.08178,2026-03-04 08:25:00
1772613000000,69427.48,69521.45,69396.72,69521.45,0.11812,2026-03-04 08:30:00
1772613300000,69507.54,69530.54,69502.0,69527.96,0.09274,2026-03-04 08:35:00
1772613600000,69555.42,69900.67,69555.0,69889.41,0.36692,2026-03-04 08:40:00
1772613900000,69908.43,70647.6,69904.5,70605.11,1.72084,2026-03-04 08:45:00
1772614200000,70619.64,70754.6,70510.41,70668.42,0.21384,2026-03-04 08:50:00
1772614500000,70731.58,71153.37,70731.58,70988.1,1.31139,2026-03-04 08:55:00
1772614800000,71015.05,71053.27,70748.33,70748.33,0.17559,2026-03-04 09:00:00
1772615100000,70912.04,71253.0,70912.04,71050.83,1.14876,2026-03-04 09:05:00
1772615400000,71031.27,71076.52,70943.71,71076.52,0.32066,2026-03-04 09:10:00
1772615700000,71095.47,71504.66,71095.47,71197.69,0.77591,2026-03-04 09:15:00
1772616000000,71222.55,71349.04,71197.89,71252.7,0.08299,2026-03-04 09:20:00
1772616300000,71243.81,71308.58,71239.39,71285.17,0.17683,2026-03-04 09:25:00
1772616600000,71393.45,71524.37,71260.2,71524.37,0.27383,2026-03-04 09:30:00
1772616900000,71470.96,71810.98,71454.71,71731.07,0.63876,2026-03-04 09:35:00
1772617200000,71823.91,71853.76,71823.91,71827.34,0.0456,2026-03-04 09:40:00
1772617500000,71777.59,71811.34,71683.57,71783.84,0.03335,2026-03-04 09:45:00
1772617800000,71868.11,71868.11,71446.7,71446.7,0.18956,2026-03-04 09:50:00
1772618100000,71480.15,71484.25,71368.55,71438.32,0.07574,2026-03-04 09:55:00
1772618400000,71548.67,71638.9,71506.89,71611.86,0.14335,2026-03-04 10:00:00
1772618700000,71594.46,71863.3,71433.4,71843.84,0.34733,2026-03-04 10:05:00
1772619000000,71768.0,71817.3,71768.0,71817.3,0.00054,2026-03-04 10:10:00
1772619300000,71627.53,71682.2,71478.66,71478.66,8.82105,2026-03-04 10:15:00
1772619600000,71493.39,71545.93,71373.4,71380.34,0.14133,2026-03-04 10:20:00
1772619900000,71424.4,71533.64,71424.4,71533.64,0.10902,2026-03-04 10:25:00
1772620200000,71528.89,71545.93,71315.19,71382.6,1.02452,2026-03-04 10:30:00
1772620500000,71353.1,71406.4,71296.89,71328.9,0.01726,2026-03-04 10:35:00
1772620800000,71356.39,71446.0,71311.04,71348.86,1.50032,2026-03-04 10:40:00
1772621100000,71241.08,71289.52,71221.53,71289.52,0.35304,2026-03-04 10:45:00
1772621400000,71399.99,71453.5,71250.0,71369.23,9.39756,2026-03-04 10:50:00
1772621700000,71292.7,71322.0,71292.7,71322.0,0.44192,2026-03-04 10:55:00
1772622000000,71369.6,71420.39,71369.6,71410.13,0.00246,2026-03-04 11:00:00
1772622300000,71303.87,71320.91,71258.05,71258.05,0.0087,2026-03-04 11:05:00
1772622600000,71322.8,71456.18,71322.8,71418.78,0.00169,2026-03-04 11:10:00
1772622900000,71444.0,71483.0,71412.89,71439.77,0.00492,2026-03-04 11:15:00
1772623200000,71490.56,71490.56,71322.8,71322.8,0.00282,2026-03-04 11:20:00
1772623500000,71250.0,71250.0,71230.5,71230.5,0.00841,2026-03-04 11:25:00
1772623800000,71230.5,71262.17,71135.88,71135.88,0.10283,2026-03-04 11:30:00
1772624100000,71123.11,71123.11,70903.56,70944.12,0.01292,2026-03-04 11:35:00
1772624400000,71074.44,71145.96,71074.44,71145.96,0.00771,2026-03-04 11:40:00
1772624700000,71080.0,71103.29,71062.22,71100.8,0.06646,2026-03-04 11:45:00
1772625000000,71002.14,71188.36,71002.14,71188.36,0.0357,2026-03-04 11:50:00
1772625300000,71207.07,71207.07,71119.46,71119.46,0.11459,2026-03-04 11:55:00
1772625600000,71112.35,71132.73,70956.71,70956.71,0.07682,2026-03-04 12:00:00
1772625900000,71038.7,71038.7,70849.05,70912.37,0.45852,2026-03-04 12:05:00
1772626200000,70918.96,70971.37,70896.51,70896.51,0.04265,2026-03-04 12:10:00
1772626500000,70892.18,70904.27,70707.49,70785.5,0.49373,2026-03-04 12:15:00
1772626800000,70787.5,70787.5,70698.91,70708.66,0.22486,2026-03-04 12:20:00
1772627100000,70644.77,70644.77,70637.71,70637.71,0.00112,2026-03-04 12:25:00
1772627400000,70627.63,70722.08,70585.01,70722.08,0.32378,2026-03-04 12:30:00
1772627700000,70810.58,70826.7,70664.7,70826.7,0.28504,2026-03-04 12:35:00
1772628000000,70911.92,71028.76,70898.13,70991.85,0.29747,2026-03-04 12:40:00
1772628300000,70972.81,71123.69,70893.2,71123.69,0.20819,2026-03-04 12:45:00
1772628600000,71135.88,71181.18,71088.61,71126.0,0.23603,2026-03-04 12:50:00
1772628900000,71198.43,71344.17,71196.02,71344.17,0.06537,2026-03-04 12:55:00
1772629200000,71307.62,71388.25,71307.62,71388.25,0.09721,2026-03-04 13:00:00
1772629500000,71329.79,71616.17,71329.79,71556.0,0.61012,2026-03-04 13:05:00
1772629800000,71543.39,71543.39,71317.14,71317.14,0.13909,2026-03-04 13:10:00
1772630100000,71299.35,71361.68,71271.15,71271.15,0.16036,2026-03-04 13:15:00
1772630400000,71322.55,71373.33,71266.35,71274.58,0.10487,2026-03-04 13:20:00
1772630700000,71288.8,71374.77,71288.8,71374.77,1.34615,2026-03-04 13:25:00
1772631000000,71301.26,71379.29,71301.26,71379.29,0.06302,2026-03-04 13:30:00
1772631300000,71359.2,71403.95,71345.17,71403.95,0.00761,2026-03-04 13:35:00
1772631600000,71428.12,71531.22,71428.12,71461.6,0.24347,2026-03-04 13:40:00
1772631900000,71452.38,71458.3,71433.15,71450.0,0.14905,2026-03-04 13:45:00
1772632200000,71356.04,71428.0,71347.15,71428.0,0.05258,2026-03-04 13:50:00
1772632500000,71435.57,71527.94,71435.57,71505.95,0.09077,2026-03-04 13:55:00
1772632800000,71486.67,71509.1,71419.18,71450.19,0.05833,2026-03-04 14:00:00
1772633100000,71430.54,71690.9,71430.54,71558.75,0.13683,2026-03-04 14:05:00
1772633400000,71555.09,71823.47,71555.09,71796.81,0.29445,2026-03-04 14:10:00
1772633700000,71899.61,72000.82,71650.92,71737.19,0.20363,2026-03-04 14:15:00
1772634000000,71637.35,71676.2,71612.75,71676.2,0.22833,2026-03-04 14:20:00
1772634300000,71600.67,71731.57,71593.6,71728.6,0.19395,2026-03-04 14:25:00
1772634600000,71708.23,72613.19,71695.8,72451.0,6.17949,2026-03-04 14:30:00
1772634900000,72410.36,72454.9,71744.19,71934.3,0.71036,2026-03-04 14:35:00
1772635200000,71883.08,72104.39,71442.78,71445.4,1.34953,2026-03-04 14:40:00
1772635500000,71409.09,71660.4,71303.71,71626.7,0.6717,2026-03-04 14:45:00
1772635800000,71642.11,71772.0,71598.0,71706.3,0.62051,2026-03-04 14:50:00
1772636100000,71668.6,71756.4,71558.3,71594.1,0.27314,2026-03-04 14:55:00
1772636400000,71636.7,72070.77,71636.7,71673.39,0.87451,2026-03-04 15:00:00
1772636700000,71687.48,72145.19,71687.48,72028.13,0.86693,2026-03-04 15:05:00
1772637000000,72055.79,72218.5,72019.0,72048.53,0.27239,2026-03-04 15:10:00
1772637300000,72089.1,72348.1,72089.1,72348.1,0.19245,2026-03-04 15:15:00
1772637600000,72393.8,72500.0,72196.11,72270.53,1.52005,2026-03-04 15:20:00
1772637900000,72312.71,73000.0,72273.01,72982.11,0.73312,2026-03-04 15:25:00
1772638200000,73000.2,73100.31,72760.25,72838.93,0.58795,2026-03-04 15:30:00
1772638500000,72823.52,72851.62,72683.45,72695.59,0.27307,2026-03-04 15:35:00
1772638800000,72756.39,72830.0,72609.2,72746.7,0.04109,2026-03-04 15:40:00
1772639100000,72717.05,72930.0,72717.05,72860.0,0.21671,2026-03-04 15:45:00
1772639400000,73019.0,73193.95,72984.68,73154.39,0.16651,2026-03-04 15:50:00
1772639700000,73070.2,73475.87,73044.84,73377.1,0.88315,2026-03-04 15:55:00
1772640000000,73382.72,73513.09,73175.34,73338.94,0.47459,2026-03-04 16:00:00
1772640300000,73289.41,73331.89,72894.66,72894.66,0.50569,2026-03-04 16:05:00
1772640600000,72939.03,73025.26,72775.06,72881.66,0.08289,2026-03-04 16:10:00
1772640900000,72868.14,73020.97,72830.45,72830.45,0.23839,2026-03-04 16:15:00
1772641200000,72815.2,72870.46,72558.36,72675.64,0.17886,2026-03-04 16:20:00
1772641500000,72775.09,73002.46,72775.09,73002.46,0.23568,2026-03-04 16:25:00
1772641800000,72929.27,73100.31,72929.27,73004.88,0.18835,2026-03-04 16:30:00
1772642100000,73144.62,73164.74,73088.5,73088.5,0.05559,2026-03-04 16:35:00
1772642400000,73248.28,73283.49,73187.07,73187.07,0.22505,2026-03-04 16:40:00
1772642700000,73100.0,73273.43,73100.0,73273.43,0.23293,2026-03-04 16:45:00
1772643000000,73249.01,73357.19,73203.27,73317.52,0.15565,2026-03-04 16:50:00
1772643300000,73286.8,73469.09,73200.0,73315.82,0.28453,2026-03-04 16:55:00
1772643600000,73278.37,73494.91,73278.37,73422.74,0.27723,2026-03-04 17:00:00
1772643900000,73386.72,73443.04,73326.93,73443.04,0.30309,2026-03-04 17:05:00
1772644200000,73442.24,73686.22,73442.24,73559.21,0.55539,2026-03-04 17:10:00
1772644500000,73605.64,73750.0,73305.17,73305.17,0.65429,2026-03-04 17:15:00
1772644800000,73282.55,73282.55,72999.4,72999.4,0.40363,2026-03-04 17:20:00
1772645100000,73083.48,73083.48,72998.29,73030.91,0.36526,2026-03-04 17:25:00
1772645400000,73076.6,73265.42,73076.6,73150.39,0.72284,2026-03-04 17:30:00
1772645700000,73230.19,73261.39,73150.39,73150.39,0.67709,2026-03-04 17:35:00
1772646000000,73150.39,73168.28,73069.7,73151.97,0.56371,2026-03-04 17:40:00
1772646300000,73139.18,73296.53,73124.6,73296.53,0.36879,2026-03-04 17:45:00
1772646600000,73300.91,73377.86,73250.18,73333.39,0.48779,2026-03-04 17:50:00
1772646900000,73306.69,73306.69,73210.75,73232.44,0.22148,2026-03-04 17:55:00
1772647200000,73216.77,73347.38,73207.29,73347.38,0.17653,2026-03-04 18:00:00
1772647500000,73392.7,73403.79,73298.5,73310.34,0.31701,2026-03-04 18:05:00
1772647800000,73286.3,73286.3,72935.87,73054.11,0.55777,2026-03-04 18:10:00
1772648100000,73061.56,73368.33,73061.56,73368.33,0.67095,2026-03-04 18:15:00
1772648400000,73382.71,73397.1,73333.24,73386.38,0.11959,2026-03-04 18:20:00
1772648700000,73353.07,73397.63,73353.07,73392.39,0.02773,2026-03-04 18:25:00
1772649000000,73449.05,73449.05,73228.66,73228.66,0.09578,2026-03-04 18:30:00
1772649300000,73189.41,73239.55,73159.07,73198.28,0.15807,2026-03-04 18:35:00
1772649600000,73261.43,73569.16,73261.43,73527.54,0.33352,2026-03-04 18:40:00
1772649900000,73511.9,73649.93,73428.2,73505.14,0.31181,2026-03-04 18:45:00
1772650200000,73541.16,73703.25,73509.01,73615.71,0.12475,2026-03-04 18:50:00
1772650500000,73578.66,73684.38,73505.17,73684.38,0.19439,2026-03-04 18:55:00
1772650800000,73684.38,73771.38,73625.0,73771.38,0.89044,2026-03-04 19:00:00
1772651100000,73699.94,73828.0,73659.07,73659.07,0.48744,2026-03-04 19:05:00
1772651400000,73659.07,74000.47,73656.0,73826.88,2.43398,2026-03-04 19:10:00
1772651700000,73872.48,73921.72,73740.52,73921.72,0.47387,2026-03-04 19:15:00
1772652000000,73932.68,74038.22,73635.59,73749.62,0.43594,2026-03-04 19:20:00
1772652300000,73719.75,73719.75,73539.01,73596.35,0.10278,2026-03-04 19:25:00
1772652600000,73577.97,73663.51,73550.86,73550.86,0.04145,2026-03-04 19:30:00
1772652900000,73597.05,73856.14,73597.05,73841.44,0.02021,2026-03-04 19:35:00
1772653200000,73801.09,73879.47,73701.34,73701.34,0.11329,2026-03-04 19:40:00
1772653500000,73722.67,73722.67,73647.4,73659.12,0.11128,2026-03-04 19:45:00
1772653800000,73621.75,73709.2,73603.75,73709.2,0.22985,2026-03-04 19:50:00
1772654100000,73709.2,73721.45,73709.2,73710.05,0.00308,2026-03-04 19:55:00
1772654400000,73675.62,73715.01,73626.53,73715.01,0.10005,2026-03-04 20:00:00
1772654700000,73586.59,73599.62,73315.4,73315.4,0.27103,2026-03-04 20:05:00
1772655000000,73350.09,73461.08,73350.09,73461.08,0.11944,2026-03-04 20:10:00
1772655300000,73510.33,73608.03,73510.33,73557.33,0.07904,2026-03-04 20:15:00
1772655600000,73411.61,73411.61,73282.55,73378.36,0.00112,2026-03-04 20:20:00
1772655900000,73424.86,73548.51,73404.25,73460.97,0.15983,2026-03-04 20:25:00
1772656200000,73445.35,73445.35,73377.91,73385.73,0.01732,2026-03-04 20:30:00
1772656500000,73477.67,73543.36,73385.73,73411.52,0.16046,2026-03-04 20:35:00
1772656800000,73441.29,73523.58,73415.25,73523.58,0.13063,2026-03-04 20:40:00
1772657100000,73493.84,73505.83,73454.53,73480.39,0.0053,2026-03-04 20:45:00
1772657400000,73360.39,73360.39,73236.78,73242.71,0.3183,2026-03-04 20:50:00
1772657700000,73266.95,73266.95,73047.49,73047.49,0.19268,2026-03-04 20:55:00
1772658000000,73014.09,73104.75,72890.0,73103.9,0.32544,2026-03-04 21:00:00
1772658300000,73067.66,73067.66,73010.58,73010.58,0.00268,2026-03-04 21:05:00
1772658600000,73061.4,73061.4,72983.36,73041.56,0.19127,2026-03-04 21:10:00
1772658900000,73040.39,73052.4,72997.45,72997.45,0.10434,2026-03-04 21:15:00
1772659200000,73066.83,73200.06,73061.98,73176.75,0.17323,2026-03-04 21:20:00
1772659500000,73182.35,73218.3,73126.26,73126.26,0.21215,2026-03-04 21:25:00
1772659800000,73115.15,73157.54,73115.15,73157.54,0.00084,2026-03-04 21:30:00
1772660100000,73107.84,73281.52,73107.84,73281.52,0.00212,2026-03-04 21:35:00
1772660400000,73304.25,73304.25,73224.98,73224.98,0.00992,2026-03-04 21:40:00
1772660700000,73271.48,73292.72,73256.77,73256.77,0.17958,2026-03-04 21:45:00
1772661000000,73228.85,73316.42,73228.85,73307.08,0.05717,2026-03-04 21:50:00
1772661300000,73226.34,73350.25,73226.34,73350.25,0.13744,2026-03-04 21:55:00
1772661600000,73355.24,73542.03,73355.24,73446.46,0.10393,2026-03-04 22:00:00
1772661900000,73446.46,73466.42,73372.39,73466.42,0.20407,2026-03-04 22:05:00
1772662200000,73396.43,73396.43,73386.35,73386.35,0.00049,2026-03-04 22:10:00
1772662500000,73256.87,73270.42,73256.87,73270.42,0.00212,2026-03-04 22:15:00
1772662800000,73203.59,73305.38,73203.59,73305.38,0.10162,2026-03-04 22:20:00
1772663100000,73333.02,73333.02,73252.74,73252.74,0.0893,2026-03-04 22:25:00
1772663400000,73233.76,73245.72,73188.64,73188.64,0.04206,2026-03-04 22:30:00
1772663700000,73156.14,73156.14,73059.67,73059.67,0.26635,2026-03-04 22:35:00
1772664000000,73081.48,73090.09,72900.0,72911.95,0.77926,2026-03-04 22:40:00
1772664300000,72845.48,72845.48,72727.56,72819.64,0.19443,2026-03-04 22:45:00
1772664600000,72815.73,72833.97,72688.45,72688.45,0.21279,2026-03-04 22:50:00
1772664900000,72636.05,72761.88,72636.05,72691.66,0.05791,2026-03-04 22:55:00
1772665200000,72726.03,72827.84,72663.66,72762.08,0.6535,2026-03-04 23:00:00
1772665500000,72697.65,72788.19,72660.79,72690.72,0.20214,2026-03-04 23:05:00
1772665800000,72704.78,72727.52,72686.8,72722.55,0.00152,2026-03-04 23:10:00
1772666100000,72722.82,72877.0,72722.82,72795.32,1.91693,2026-03-04 23:15:00
1772666400000,72721.15,72721.15,72515.68,72529.5,0.65691,2026-03-04 23:20:00
1772666700000,72599.36,72599.36,72595.7,72595.7,0.14531,2026-03-04 23:25:00
1772667000000,72533.28,72533.28,72339.57,72360.7,0.2125,2026-03-04 23:30:00
1772667300000,72395.34,72698.11,72395.34,72698.11,0.60714,2026-03-04 23:35:00
1772667600000,72679.92,72713.77,72665.17,72674.42,0.158,2026-03-04 23:40:00
1772667900000,72800.0,72814.95,72731.1,72731.1,0.01127,2026-03-04 23:45:00
1772668200000,72708.73,72708.73,72630.18,72638.2,0.1273,2026-03-04 23:50:00
1772668500000,72687.9,72753.24,72657.98,72747.38,0.02409,2026-03-04 23:55:00
1772668800000,72701.61,72845.48,72701.61,72845.48,0.00747,2026-03-05 00:00:00
1772669100000,72748.07,72754.16,72672.26,72754.16,0.03973,2026-03-05 00:05:00
1772669400000,72565.61,72689.66,72565.61,72689.66,0.04186,2026-03-05 00:10:00
1772669700000,72700.92,72892.47,72700.92,72892.47,0.09713,2026-03-05 00:15:00
1772670000000,72948.06,72948.06,72895.9,72931.59,0.10866,2026-03-05 00:20:00
1772670300000,72958.86,72958.86,72786.39,72846.94,0.04635,2026-03-05 00:25:00
1772670600000,72794.37,72835.14,72794.3,72794.3,0.12362,2026-03-05 00:30:00
1772670900000,72779.63,72860.9,72779.63,72823.0,0.20438,2026-03-05 00:35:00
1772671200000,72791.89,72998.04,72791.89,72882.92,0.14742,2026-03-05 00:40:00
1772671500000,72911.7,73000.0,72861.31,72890.73,0.09799,2026-03-05 00:45:00
1772671800000,72913.56,72913.56,72714.74,72773.06,0.05037,2026-03-05 00:50:00
1772672100000,72758.34,72852.18,72724.33,72784.98,0.0775,2026-03-05 00:55:00
1772672400000,72750.47,72804.03,72711.2,72721.46,0.2878,2026-03-05 01:00:00
1772672700000,72721.61,73050.0,72714.87,73045.08,0.18099,2026-03-05 01:05:00
1772673000000,73076.45,73282.55,72928.73,73171.62,0.64556,2026-03-05 01:10:00
1772673300000,73171.54,73174.44,73040.81,73040.81,0.20092,2026-03-05 01:15:00
1772673600000,72878.0,72910.49,72845.48,72850.93,0.04464,2026-03-05 01:20:00
1772673900000,72967.43,72982.22,72915.96,72973.0,0.14248,2026-03-05 01:25:00
1772674200000,72931.84,72931.84,72764.5,72764.5,0.09324,2026-03-05 01:30:00
1772674500000,72865.53,72865.53,72805.8,72812.19,0.09113,2026-03-05 01:35:00
1772674800000,72716.8,72716.8,72609.2,72609.2,0.00094,2026-03-05 01:40:00
1772675100000,72629.17,72651.14,72607.41,72607.41,0.12237,2026-03-05 01:45:00
1772675400000,72534.39,72537.34,72479.3,72537.34,0.18681,2026-03-05 01:50:00
1772675700000,72461.86,72461.86,72411.02,72457.03,0.11707,2026-03-05 01:55:00
1772676000000,72591.43,72697.91,72589.17,72650.18,0.15453,2026-03-05 02:00:00
1772676300000,72672.61,72845.48,72635.81,72761.02,0.21844,2026-03-05 02:05:00
1772676600000,72759.78,72874.58,72729.3,72791.1,0.13022,2026-03-05 02:10:00
1772676900000,72862.78,72874.8,72862.78,72869.3,0.03014,2026-03-05 02:15:00
1772677200000,72809.4,72835.68,72795.35,72795.52,0.00134,2026-03-05 02:20:00
1772677500000,72744.93,72744.93,72692.2,72692.2,0.00372,2026-03-05 02:25:00
1772677800000,72663.06,72663.06,72450.92,72450.92,0.28172,2026-03-05 02:30:00
1772678100000,72464.47,72491.08,72371.64,72371.64,0.34297,2026-03-05 02:35:00
1772678400000,72427.43,72427.43,72348.07,72376.17,0.08097,2026-03-05 02:40:00
1772678700000,72411.18,72508.1,72401.85,72480.69,0.07801,2026-03-05 02:45:00
1772679000000,72542.69,72582.5,72496.09,72496.09,0.30203,2026-03-05 02:50:00
1772679300000,72403.08,72518.7,72402.48,72518.7,0.08714,2026-03-05 02:55:00
1772679600000,72521.11,72655.6,72520.39,72654.71,0.16919,2026-03-05 03:00:00
1772679900000,72695.44,72729.79,72662.9,72662.9,0.06242,2026-03-05 03:05:00
1772680200000,72652.75,72652.75,72570.04,72624.83,0.10972,2026-03-05 03:10:00
1772680500000,72632.81,72652.9,72589.14,72589.14,0.22626,2026-03-05 03:15:00
1772680800000,72573.7,72648.38,72560.0,72560.0,0.12765,2026-03-05 03:20:00
1772681100000,72573.33,72578.1,72523.16,72536.67,0.10096,2026-03-05 03:25:00
1772681400000,72483.29,72496.97,72422.59,72422.59,0.24763,2026-03-05 03:30:00
1772681700000,72416.59,72438.87,72369.41,72369.41,0.17634,2026-03-05 03:35:00
1772682000000,72449.9,72451.34,72390.7,72390.7,0.07764,2026-03-05 03:40:00
1772682300000,72424.29,72424.29,72385.04,72415.86,0.04697,2026-03-05 03:45:00
1772682600000,72418.59,72454.93,72399.5,72412.07,0.3765,2026-03-05 03:50:00
1772682900000,72521.0,72545.7,72493.5,72493.5,0.05135,2026-03-05 03:55:00
1772683200000,72532.0,72532.0,72452.54,72485.16,0.05157,2026-03-05 04:00:00
1772683500000,72591.61,72648.5,72537.69,72584.01,0.00873,2026-03-05 04:05:00
1772683800000,72615.87,72685.77,72615.87,72658.3,0.00826,2026-03-05 04:10:00
1772684100000,72692.86,72692.86,72621.59,72621.59,0.00258,2026-03-05 04:15:00
1772684400000,72732.69,72760.46,72732.69,72760.46,0.00239,2026-03-05 04:20:00
1772684700000,72762.94,72826.08,72762.94,72790.82,0.13012,2026-03-05 04:25:00
1772685000000,72777.6,72777.6,72608.2,72660.92,0.63733,2026-03-05 04:30:00
1772685300000,72559.02,72801.87,72559.02,72783.44,0.96204,2026-03-05 04:35:00
1772685600000,72759.59,72948.06,72759.59,72948.06,0.25643,2026-03-05 04:40:00
1772685900000,72939.84,73057.54,72877.15,72877.15,0.30179,2026-03-05 04:45:00
1772686200000,72814.91,72814.91,72713.5,72713.5,0.01658,2026-03-05 04:50:00
1772686500000,72752.73,72891.7,72752.73,72807.77,0.35303,2026-03-05 04:55:00
1772686800000,72826.36,72868.77,72805.73,72805.73,0.08608,2026-03-05 05:00:00
1772687100000,72798.91,72798.91,72776.02,72776.02,0.04221,2026-03-05 05:05:00
1772687400000,72771.6,72823.3,72771.6,72823.3,0.44583,2026-03-05 05:10:00
1772687700000,72790.91,72790.91,72759.84,72761.46,0.04007,2026-03-05 05:15:00
1772688000000,72681.3,72681.3,72488.22,72488.22,0.1559,2026-03-05 05:20:00
1772688300000,72493.3,72517.95,72472.66,72517.95,0.17637,2026-03-05 05:25:00
1772688600000,72457.26,72526.97,72457.26,72498.87,0.2453,2026-03-05 05:30:00
1772688900000,72490.44,72540.8,72382.39,72479.04,0.46589,2026-03-05 05:35:00
1772689200000,72393.07,72394.79,72374.7,72394.79,0.08624,2026-03-05 05:40:00
1772689500000,72438.69,72438.69,72424.92,72424.92,0.04003,2026-03-05 05:45:00
1772689800000,72383.65,72453.0,72383.65,72429.56,0.07233,2026-03-05 05:50:00
1772690100000,72406.7,72437.71,72263.36,72388.33,0.17427,2026-03-05 05:55:00
1772690400000,72367.1,72401.23,72179.42,72351.58,0.7166,2026-03-05 06:00:00
1772690700000,72265.28,72265.28,72086.72,72117.68,0.04286,2026-03-05 06:05:00
1772691000000,72126.15,72190.25,72052.78,72165.79,0.05281,2026-03-05 06:10:00
1772691300000,72108.37,72315.0,72108.37,72315.0,0.05256,2026-03-05 06:15:00
1772691600000,72314.84,72533.9,72314.84,72458.85,0.19416,2026-03-05 06:20:00
1772691900000,72429.95,72456.61,72382.47,72382.47,0.18311,2026-03-05 06:25:00
1772692200000,72354.5,72417.7,72153.79,72417.7,0.62317,2026-03-05 06:30:00
1772692500000,72367.4,72509.5,72319.46,72509.5,0.15457,2026-03-05 06:35:00
1772692800000,72462.29,72462.29,72432.5,72449.22,0.04165,2026-03-05 06:40:00
1772693100000,72519.24,72570.19,72484.31,72507.9,0.31153,2026-03-05 06:45:00
1772693400000,72599.76,72639.49,72542.19,72595.48,0.15966,2026-03-05 06:50:00
1772693700000,72579.95,72579.95,72549.19,72549.19,0.04213,2026-03-05 06:55:00
1772694000000,72567.26,72642.4,72505.69,72505.69,0.04811,2026-03-05 07:00:00
1772694300000,72473.4,72509.55,72473.4,72496.76,0.0025,2026-03-05 07:05:00
1772694600000,72566.11,72651.52,72566.11,72651.52,0.0534,2026-03-05 07:10:00
1772694900000,72663.57,72663.57,72609.71,72632.22,0.1057,2026-03-05 07:15:00
1772695200000,72618.43,72618.43,72618.43,72618.43,0.04028,2026-03-05 07:20:00
1772695500000,72627.3,72628.83,72627.3,72628.83,0.00137,2026-03-05 07:25:00
1772695800000,72461.33,72461.33,72379.67,72379.67,0.21957,2026-03-05 07:30:00
1772696100000,72291.59,72291.59,72221.39,72221.39,0.12962,2026-03-05 07:35:00
1772696400000,72238.31,72238.31,72238.31,72238.31,0.00709,2026-03-05 07:40:00
1772696700000,72200.42,72209.75,72150.39,72150.39,0.11065,2026-03-05 07:45:00
1772697000000,72118.09,72118.09,71812.23,71865.1,0.52536,2026-03-05 07:50:00
1772697300000,71957.16,72056.07,71955.79,72056.07,0.04602,2026-03-05 07:55:00
1772697600000,72067.61,72083.85,71918.64,71918.64,0.12513,2026-03-05 08:00:00
1772697900000,71893.08,71971.53,71880.96,71904.05,0.19262,2026-03-05 08:05:00
1772698200000,71856.8,71858.28,71832.27,71832.27,0.13235,2026-03-05 08:10:00
1772698500000,71895.61,71986.52,71895.61,71986.52,0.21152,2026-03-05 08:15:00
1772698800000,71907.98,72027.08,71907.98,72027.08,0.11307,2026-03-05 08:20:00
1772699100000,71797.1,71797.1,71765.53,71765.53,0.00097,2026-03-05 08:25:00
1772699400000,71837.29,72148.84,71837.29,72148.84,0.12924,2026-03-05 08:30:00
1772699700000,72105.6,72105.6,72105.6,72105.6,0.00138,2026-03-05 08:35:00
1772700000000,72051.85,72204.18,72048.44,72204.18,0.00431,2026-03-05 08:40:00
1772700300000,72193.9,72243.29,72193.9,72243.29,0.20445,2026-03-05 08:45:00
1772700600000,72274.38,72342.47,72274.38,72342.47,0.04535,2026-03-05 08:50:00
1772700900000,72310.35,72340.04,72310.35,72340.04,0.0418,2026-03-05 08:55:00
1772701200000,72388.1,72411.02,72388.1,72411.02,0.00284,2026-03-05 09:00:00
1772701500000,72500.0,72601.34,72398.53,72601.34,0.28492,2026-03-05 09:05:00
1772701800000,72609.2,72666.67,72609.2,72630.05,0.03234,2026-03-05 09:10:00
1772702100000,72620.4,72667.7,72582.58,72582.58,0.00031,2026-03-05 09:15:00
1772702400000,72575.47,72741.47,72572.66,72572.66,0.49234,2026-03-05 09:20:00
1772702700000,72588.63,72667.6,72588.63,72667.6,0.09015,2026-03-05 09:25:00
1772703000000,72686.14,72686.14,72686.14,72686.14,0.00016,2026-03-05 09:30:00
1772703300000,72686.14,72856.11,72599.76,72599.76,0.01298,2026-03-05 09:35:00
1772703600000,72576.95,72576.95,72498.03,72498.03,0.04262,2026-03-05 09:40:00
1772703900000,72591.39,72591.39,72569.16,72569.16,0.00014,2026-03-05 09:45:00
1772704200000,72535.29,72535.29,72532.56,72532.56,0.00245,2026-03-05 09:50:00
1772704500000,72596.99,72596.99,72596.99,72596.99,8e-05,2026-03-05 09:55:00
1772704800000,72625.43,72628.21,72565.72,72565.72,0.00922,2026-03-05 10:00:00
1772705100000,72582.91,72747.92,72582.91,72747.92,0.16439,2026-03-05 10:05:00
1772705400000,72718.54,72753.8,72690.1,72737.72,0.17738,2026-03-05 10:10:00
1772705700000,72688.88,72800.9,72688.88,72790.32,0.06732,2026-03-05 10:15:00
1772706000000,72784.07,73000.0,72784.07,72948.1,0.36483,2026-03-05 10:20:00
1772706300000,73022.19,73384.36,73022.19,73165.9,0.6109,2026-03-05 10:25:00
1772706600000,73174.16,73519.24,73174.16,73506.9,0.3875,2026-03-05 10:30:00
1772706900000,73458.02,73468.44,73323.92,73323.92,0.04883,2026-03-05 10:35:00
1772707200000,73253.91,73334.3,73253.91,73334.3,1.32124,2026-03-05 10:40:00
1772707500000,73279.2,73354.48,73277.7,73354.48,1.36621,2026-03-05 10:45:00
1772707800000,73411.37,73493.12,73411.37,73451.11,0.28779,2026-03-05 10:50:00
1772708100000,73445.97,73565.0,73415.73,73415.73,0.20806,2026-03-05 10:55:00
1772708400000,73402.09,73440.97,73217.56,73217.56,0.17501,2026-03-05 11:00:00
1772708700000,73206.84,73206.84,73073.59,73136.97,0.26853,2026-03-05 11:05:00
1772709000000,73151.15,73214.37,73114.17,73197.58,0.04774,2026-03-05 11:10:00
1772709300000,73160.49,73160.52,73086.5,73086.5,0.10845,2026-03-05 11:15:00
1772709600000,73083.6,73132.1,72948.06,72948.06,0.01908,2026-03-05 11:20:00
1772709900000,73008.86,73008.86,73008.86,73008.86,0.00246,2026-03-05 11:25:00
1772710200000,73046.11,73078.09,72999.27,72999.27,0.00417,2026-03-05 11:30:00
1772710500000,73054.36,73054.36,72809.61,72809.61,0.01158,2026-03-05 11:35:00
1772710800000,72870.46,72870.46,72824.98,72824.98,0.0481,2026-03-05 11:40:00
1772711100000,72849.39,72857.81,72837.26,72857.81,0.16377,2026-03-05 11:45:00
1772711400000,72892.25,72892.25,72855.9,72855.9,0.05168,2026-03-05 11:50:00
1772711700000,72829.22,72861.78,72829.22,72861.78,0.06244,2026-03-05 11:55:00
1772712000000,72932.2,72935.59,72736.03,72779.95,0.13591,2026-03-05 12:00:00
1772712300000,72785.61,72932.24,72776.33,72919.48,0.08771,2026-03-05 12:05:00
1772712600000,72917.73,73029.52,72911.58,72986.22,0.21411,2026-03-05 12:10:00
1772712900000,72918.36,72918.36,72722.09,72722.09,0.05265,2026-03-05 12:15:00
1772713200000,72876.15,72893.96,72868.2,72893.96,0.0619,2026-03-05 12:20:00
1772713500000,72905.42,72905.42,72739.3,72754.46,0.06377,2026-03-05 12:25:00
1772713800000,72811.31,72821.61,72769.44,72769.44,0.09265,2026-03-05 12:30:00
1772714100000,72820.93,72820.93,72728.18,72728.18,0.00949,2026-03-05 12:35:00
1772714400000,72785.34,72938.35,72785.34,72938.35,0.01367,2026-03-05 12:40:00
1772714700000,72950.22,73043.35,72950.22,73037.1,0.16748,2026-03-05 12:45:00
1772715000000,72933.92,72933.92,72933.92,72933.92,0.04076,2026-03-05 12:50:00
1772715300000,72933.92,72933.92,72904.16,72904.16,0.04871,2026-03-05 12:55:00
1772715600000,72916.17,72933.96,72817.99,72817.99,0.0628,2026-03-05 13:00:00
1772715900000,72688.24,72743.85,72688.24,72693.97,0.00541,2026-03-05 13:05:00
1772716200000,72716.9,72716.9,72609.2,72705.94,0.15789,2026-03-05 13:10:00
1772716500000,72669.64,72669.78,72659.38,72669.78,0.26361,2026-03-05 13:15:00
1772716800000,72702.72,72702.72,72500.0,72500.0,0.16425,2026-03-05 13:20:00
1772717100000,72470.11,72512.91,72388.1,72512.91,0.14242,2026-03-05 13:25:00
1772717400000,72529.16,72529.16,72207.86,72371.0,0.22185,2026-03-05 13:30:00
1772717700000,72340.56,72362.76,72340.56,72362.76,0.07541,2026-03-05 13:35:00
1772718000000,72436.23,72526.92,72436.23,72514.5,0.14391,2026-03-05 13:40:00
1772718300000,72490.1,72674.92,72485.97,72674.92,1.12106,2026-03-05 13:45:00
1772718600000,72650.0,72703.55,72631.86,72631.86,0.08371,2026-03-05 13:50:00
1772718900000,72569.7,72569.7,72461.46,72461.47,0.25081,2026-03-05 13:55:00
1772719200000,72490.46,72550.66,72479.02,72550.66,0.06866,2026-03-05 14:00:00
1772719500000,72557.36,72592.17,72419.1,72533.82,0.22227,2026-03-05 14:05:00
1772719800000,72559.25,72625.06,72550.88,72625.06,0.00483,2026-03-05 14:10:00
1772720100000,72467.88,72474.03,72467.88,72474.03,0.07303,2026-03-05 14:15:00
1772720400000,72423.29,72549.6,72423.29,72549.6,0.1483,2026-03-05 14:20:00
1772720700000,72519.28,72544.7,72519.28,72544.7,0.04746,2026-03-05 14:25:00
1772721000000,72626.08,72827.72,72378.3,72744.4,0.35414,2026-03-05 14:30:00
1772721300000,72650.96,72738.8,72153.34,72202.8,0.23331,2026-03-05 14:35:00
1772721600000,72207.3,72349.72,71975.06,71983.09,0.25739,2026-03-05 14:40:00
1772721900000,72018.5,72310.04,72018.5,72204.17,0.27152,2026-03-05 14:45:00
1772722200000,72177.73,72549.51,72177.73,72520.95,0.22106,2026-03-05 14:50:00
1772722500000,72494.2,72731.07,72449.16,72640.77,0.21456,2026-03-05 14:55:00
1772722800000,72701.32,72701.32,72250.0,72250.0,0.10385,2026-03-05 15:00:00
1772723100000,72226.47,72308.05,71779.72,71885.49,0.38,2026-03-05 15:05:00
1772723400000,71893.48,71913.09,71626.99,71822.98,0.49965,2026-03-05 15:10:00
1772723700000,71791.53,71832.03,71531.6,71649.0,0.74807,2026-03-05 15:15:00
1772724000000,71715.64,71808.95,71510.64,71527.67,0.2362,2026-03-05 15:20:00
1772724300000,71505.86,71505.86,71248.94,71279.53,0.59836,2026-03-05 15:25:00
1772724600000,71276.35,71452.7,71192.9,71300.6,0.29074,2026-03-05 15:30:00
1772724900000,71293.5,71450.01,71293.5,71413.36,0.04945,2026-03-05 15:35:00
1772725200000,71652.57,71657.1,71419.82,71438.95,0.22024,2026-03-05 15:40:00
1772725500000,71473.98,71473.98,71285.84,71377.18,0.18223,2026-03-05 15:45:00
1772725800000,71380.09,71717.8,71380.09,71694.89,0.18833,2026-03-05 15:50:00
1772726100000,71685.36,71685.36,71449.3,71510.56,0.14577,2026-03-05 15:55:00
1772726400000,71574.74,71574.74,71326.98,71326.98,0.53,2026-03-05 16:00:00
1772726700000,71312.05,71321.41,70840.49,70879.04,0.29911,2026-03-05 16:05:00
1772727000000,70821.39,71089.01,70800.0,71000.7,0.80465,2026-03-05 16:10:00
1772727300000,71026.82,71066.22,70848.03,70870.71,0.28437,2026-03-05 16:15:00
1772727600000,70888.05,71061.2,70888.05,71015.39,0.13885,2026-03-05 16:20:00
1772727900000,71090.3,71090.3,71014.37,71014.37,0.20293,2026-03-05 16:25:00
1772728200000,71014.79,71199.74,70985.42,71199.74,0.4269,2026-03-05 16:30:00
1772728500000,71137.0,71417.68,71137.0,71417.68,0.44658,2026-03-05 16:35:00
1772728800000,71451.67,71622.21,71320.21,71405.2,0.11106,2026-03-05 16:40:00
1772729100000,71361.14,71391.67,71288.89,71296.72,0.06026,2026-03-05 16:45:00
1772729400000,71335.55,71370.28,71235.96,71255.58,0.17822,2026-03-05 16:50:00
1772729700000,71322.31,71325.56,71277.46,71277.46,0.07457,2026-03-05 16:55:00
1772730000000,71337.0,71567.86,71293.54,71552.86,0.29186,2026-03-05 17:00:00
1772730300000,71549.39,71558.26,71123.11,71123.11,0.38092,2026-03-05 17:05:00
1772730600000,71062.95,71215.29,71021.71,71129.1,0.12811,2026-03-05 17:10:00
1772730900000,71165.62,71165.62,71000.0,71038.33,0.28989,2026-03-05 17:15:00
1772731200000,70995.32,71069.78,70899.76,70985.87,0.21676,2026-03-05 17:20:00
1772731500000,71095.64,71095.64,71095.64,71095.64,0.04,2026-03-05 17:25:00
1772731800000,70811.67,70816.34,70728.22,70780.97,0.21065,2026-03-05 17:30:00
1772732100000,70756.04,70917.04,70756.04,70882.31,0.12959,2026-03-05 17:35:00
1772732400000,70822.09,70890.29,70822.09,70890.29,0.05209,2026-03-05 17:40:00
1772732700000,70890.29,70890.29,70684.94,70695.98,0.06832,2026-03-05 17:45:00
1772733000000,70666.67,70936.52,70644.77,70869.68,0.15439,2026-03-05 17:50:00
1772733300000,70714.12,70753.11,70697.55,70697.55,0.0878,2026-03-05 17:55:00
1772733600000,70678.34,70852.25,70678.34,70814.48,0.15265,2026-03-05 18:00:00
1772733900000,70777.78,71006.2,70777.78,70945.29,0.22649,2026-03-05 18:05:00
1772734200000,70990.82,71046.98,70942.98,71019.11,0.1082,2026-03-05 18:10:00
1772734500000,71013.27,71048.1,71001.92,71001.92,0.32991,2026-03-05 18:15:00
1772734800000,70938.43,71010.2,70797.73,70864.45,0.2523,2026-03-05 18:20:00
1772735100000,70842.96,70851.86,70825.24,70844.02,0.21904,2026-03-05 18:25:00
1772735400000,70841.78,70982.56,70841.78,70982.56,0.05127,2026-03-05 18:30:00
1772735700000,70973.52,71060.39,70920.09,70920.09,0.23339,2026-03-05 18:35:00
1772736000000,70891.8,71123.07,70891.8,70932.66,0.38527,2026-03-05 18:40:00
1772736300000,70904.73,70997.13,70901.27,70901.27,0.17343,2026-03-05 18:45:00
1772736600000,70931.75,70931.75,70796.29,70907.34,0.3819,2026-03-05 18:50:00
1772736900000,70939.71,71002.33,70939.71,71002.33,0.18548,2026-03-05 18:55:00
1772737200000,71012.12,71209.4,71012.12,71144.27,0.17099,2026-03-05 19:00:00
1772737500000,71151.85,71274.88,71134.76,71268.0,0.31691,2026-03-05 19:05:00
1772737800000,71236.95,71401.6,71218.67,71401.6,0.19968,2026-03-05 19:10:00
1772738100000,71354.3,71362.71,71267.36,71284.12,0.42247,2026-03-05 19:15:00
1772738400000,71297.85,71320.56,71259.53,71259.53,0.23791,2026-03-05 19:20:00
1772738700000,71234.22,71234.22,71058.33,71126.65,0.23887,2026-03-05 19:25:00
1772739000000,71034.47,71050.28,70956.54,71050.0,0.35784,2026-03-05 19:30:00
1772739300000,71045.35,71056.5,70958.57,70982.2,0.09122,2026-03-05 19:35:00
1772739600000,71075.0,71143.63,70996.32,70996.32,0.11198,2026-03-05 19:40:00
1772739900000,71041.74,71089.13,71041.74,71073.97,0.08404,2026-03-05 19:45:00
1772740200000,70998.61,70998.61,70980.02,70980.02,0.08654,2026-03-05 19:50:00
1772740500000,70871.42,70966.98,70871.42,70962.59,0.05282,2026-03-05 19:55:00
1772740800000,70961.42,71036.11,70857.15,71036.11,0.32502,2026-03-05 20:00:00
1772741100000,71043.28,71043.28,70907.79,70934.99,0.01456,2026-03-05 20:05:00
1772741400000,71088.08,71109.85,71045.0,71069.19,0.08556,2026-03-05 20:10:00
1772741700000,71122.41,71192.11,71069.19,71192.11,0.05888,2026-03-05 20:15:00
1772742000000,71192.11,71233.29,71192.11,71233.29,0.00223,2026-03-05 20:20:00
1772742300000,71126.98,71160.19,71126.98,71160.19,0.0756,2026-03-05 20:25:00
1772742600000,71233.41,71333.03,71233.41,71333.03,0.0866,2026-03-05 20:30:00
1772742900000,71345.09,71373.4,71345.09,71373.4,0.08748,2026-03-05 20:35:00
1772743200000,71222.27,71222.27,71152.25,71152.25,0.15958,2026-03-05 20:40:00
1772743500000,71137.74,71137.74,71137.74,71137.74,0.0693,2026-03-05 20:45:00
1772743800000,71185.98,71185.98,71109.07,71109.07,0.06769,2026-03-05 20:50:00
1772744100000,71250.89,71250.89,71249.8,71249.8,0.04583,2026-03-05 20:55:00
1772744400000,71272.25,71350.07,71268.52,71341.93,0.00871,2026-03-05 21:00:00
1772744700000,71329.6,71343.44,71296.77,71296.77,0.01456,2026-03-05 21:05:00
1772745000000,71309.06,71319.46,71284.28,71319.46,0.04216,2026-03-05 21:10:00
1772745300000,71311.7,71500.0,71311.7,71497.67,0.17331,2026-03-05 21:15:00
1772745600000,71482.28,71502.47,71421.8,71421.8,0.22615,2026-03-05 21:20:00
1772745900000,71506.48,71507.02,71447.74,71447.74,0.1045,2026-03-05 21:25:00
1772746200000,71549.85,71549.85,71507.49,71507.49,0.08222,2026-03-05 21:30:00
1772746500000,71393.75,71393.75,71101.14,71101.14,0.26399,2026-03-05 21:35:00
1772746800000,71101.14,71101.14,71101.14,71101.14,0.0,2026-03-05 21:40:00
1772747100000,71237.58,71237.58,71237.58,71237.58,0.0007,2026-03-05 21:45:00
1772747400000,71319.2,71319.2,71032.14,71062.54,0.15794,2026-03-05 21:50:00
1772747700000,71062.21,71167.24,71062.21,71136.0,0.09128,2026-03-05 21:55:00
1772748000000,71166.34,71192.39,71157.43,71192.39,0.04216,2026-03-05 22:00:00
1772748300000,71120.13,71251.46,71120.13,71184.87,0.04181,2026-03-05 22:05:00
1772748600000,71112.84,71161.5,71108.22,71161.5,0.0965,2026-03-05 22:10:00
1772748900000,71177.56,71179.33,71155.34,71172.4,0.09622,2026-03-05 22:15:00
1772749200000,71238.01,71270.6,71236.77,71270.6,0.02106,2026-03-05 22:20:00
1772749500000,71285.51,71285.51,71076.28,71103.42,0.01562,2026-03-05 22:25:00
1772749800000,71175.4,71202.9,71175.4,71202.9,0.00467,2026-03-05 22:30:00
1772750100000,71201.57,71201.57,71181.04,71181.04,0.06105,2026-03-05 22:35:00
1772750400000,71188.09,71340.16,71188.09,71264.92,0.07747,2026-03-05 22:40:00
1772750700000,71277.77,71287.8,71248.18,71248.18,0.06039,2026-03-05 22:45:00
1772751000000,71242.31,71254.91,71242.31,71254.91,0.00022,2026-03-05 22:50:00
1772751300000,71284.27,71320.91,71204.3,71236.5,0.10852,2026-03-05 22:55:00
1772751600000,71216.38,71277.96,71189.58,71234.26,0.09582,2026-03-05 23:00:00
1772751900000,71237.31,71248.34,71202.12,71241.43,0.0036,2026-03-05 23:05:00
1772752200000,71237.28,71237.28,71191.76,71201.06,0.01168,2026-03-05 23:10:00
1772752500000,71216.98,71216.98,71167.65,71172.22,0.0017,2026-03-05 23:15:00
1772752800000,71225.25,71228.17,71185.89,71213.89,0.0482,2026-03-05 23:20:00
1772753100000,71202.26,71309.18,71202.26,71282.89,0.04291,2026-03-05 23:25:00
1772753400000,71192.55,71192.55,70914.73,70914.73,0.06634,2026-03-05 23:30:00
1772753700000,70937.69,70988.56,70937.63,70988.56,0.04554,2026-03-05 23:35:00
1772754000000,70903.01,70923.19,70885.05,70885.05,0.22171,2026-03-05 23:40:00
1772754300000,70925.45,70943.39,70854.5,70854.5,0.12338,2026-03-05 23:45:00
1772754600000,70852.13,70864.73,70847.65,70854.64,0.23337,2026-03-05 23:50:00
1772754900000,70833.84,70863.06,70778.4,70858.6,0.25874,2026-03-05 23:55:00
1772755200000,70894.73,70899.5,70847.87,70887.25,0.06179,2026-03-06 00:00:00
1772755500000,70908.23,70995.33,70842.94,70923.47,0.14162,2026-03-06 00:05:00
1772755800000,70870.51,71048.98,70870.51,71048.98,0.14245,2026-03-06 00:10:00
1772756100000,71026.88,71026.88,70915.99,71008.42,0.11332,2026-03-06 00:15:00
1772756400000,71016.6,71016.6,70942.18,70965.19,0.05455,2026-03-06 00:20:00
1772756700000,70903.02,70930.66,70900.17,70906.97,0.00455,2026-03-06 00:25:00
1772757000000,70922.39,70970.59,70917.48,70940.92,0.04873,2026-03-06 00:30:00
1772757300000,70950.45,70950.45,70883.88,70946.42,0.13778,2026-03-06 00:35:00
1772757600000,70929.78,70976.63,70912.53,70914.72,0.20977,2026-03-06 00:40:00
1772757900000,70923.42,70985.53,70882.37,70948.09,0.04951,2026-03-06 00:45:00
1772758200000,70932.3,70936.84,70851.87,70933.65,0.08273,2026-03-06 00:50:00
1772758500000,70923.7,70966.46,70905.48,70966.46,0.00191,2026-03-06 00:55:00
1772758800000,70959.23,70967.53,70905.44,70967.53,0.0038,2026-03-06 01:00:00
1772759100000,70934.51,70983.01,70888.51,70902.8,0.1799,2026-03-06 01:05:00
1772759400000,70900.53,70906.27,70780.2,70805.6,0.09661,2026-03-06 01:10:00
1772759700000,70760.4,70899.89,70760.4,70898.65,0.00115,2026-03-06 01:15:00
1772760000000,70873.53,70879.89,70873.53,70879.89,0.04485,2026-03-06 01:20:00
1772760300000,70786.47,70786.47,70408.42,70472.1,1.68936,2026-03-06 01:25:00
1772760600000,70465.69,70820.1,70465.69,70820.1,0.16771,2026-03-06 01:30:00
1772760900000,71000.0,71010.11,70932.36,70937.87,0.05046,2026-03-06 01:35:00
1772761200000,71089.32,71153.37,71089.32,71142.89,0.15576,2026-03-06 01:40:00
1772761500000,71193.04,71233.88,71108.7,71172.08,0.00405,2026-03-06 01:45:00
1772761800000,71239.53,71255.3,71181.69,71181.69,0.10279,2026-03-06 01:50:00
1772762100000,71267.0,71276.03,71267.0,71276.03,0.00561,2026-03-06 01:55:00
1772762400000,71256.2,71274.6,71188.15,71188.15,0.00119,2026-03-06 02:00:00
1772762700000,71232.0,71310.28,71212.93,71279.91,0.00207,2026-03-06 02:05:00
1772763000000,71255.89,71390.0,71224.17,71328.65,0.00141,2026-03-06 02:10:00
1772763300000,71333.48,71336.16,71168.98,71168.98,0.16434,2026-03-06 02:15:00
1772763600000,71102.42,71191.6,71040.17,71191.6,0.16767,2026-03-06 02:20:00
1772763900000,71243.99,71397.25,71230.91,71336.74,0.68733,2026-03-06 02:25:00
1772764200000,71321.26,71321.26,71225.45,71229.43,0.04437,2026-03-06 02:30:00
1772764500000,71186.67,71244.05,71163.5,71244.05,0.04238,2026-03-06 02:35:00
1772764800000,71256.0,71326.52,71238.23,71326.52,0.10835,2026-03-06 02:40:00
1772765100000,71320.26,71320.26,71285.29,71285.29,0.04485,2026-03-06 02:45:00
1772765400000,71262.06,71262.6,71249.89,71262.6,0.00326,2026-03-06 02:50:00
1772765700000,71219.69,71234.89,71219.69,71234.89,0.08351,2026-03-06 02:55:00
1772766000000,71255.58,71255.58,71203.75,71203.75,0.0119,2026-03-06 03:00:00
1772766300000,71233.34,71265.7,71233.34,71250.26,0.00248,2026-03-06 03:05:00
1772766600000,71257.89,71257.89,71046.73,71076.15,0.34149,2026-03-06 03:10:00
1772766900000,71038.28,71074.29,71000.0,71036.8,0.02641,2026-03-06 03:15:00
1772767200000,71069.6,71106.38,71069.6,71086.51,0.14835,2026-03-06 03:20:00
1772767500000,71180.58,71184.81,71159.2,71173.25,0.08874,2026-03-06 03:25:00
1772767800000,71141.82,71141.82,71125.14,71125.14,0.00801,2026-03-06 03:30:00
1772768100000,71118.39,71118.39,71118.39,71118.39,0.00727,2026-03-06 03:35:00
1772768400000,71118.39,71118.39,71118.39,71118.39,0.0,2026-03-06 03:40:00
1772768700000,71097.98,71114.22,71097.98,71114.22,0.0001,2026-03-06 03:45:00
1772769000000,71128.0,71128.0,71071.52,71071.52,0.00208,2026-03-06 03:50:00
1772769300000,71080.99,71089.96,71023.44,71089.96,0.0006,2026-03-06 03:55:00
1772769600000,71060.73,71060.73,71044.67,71051.29,0.0036,2026-03-06 04:00:00
1772769900000,71102.02,71102.02,71019.59,71019.59,0.00114,2026-03-06 04:05:00
1772770200000,70939.89,70939.89,70900.0,70937.1,0.00215,2026-03-06 04:10:00
1772770500000,70912.03,70912.03,70900.0,70900.0,0.00237,2026-03-06 04:15:00
1772770800000,70917.03,70995.77,70901.74,70995.77,0.001,2026-03-06 04:20:00
1772771100000,70958.93,70958.93,70876.88,70919.4,0.04504,2026-03-06 04:25:00
1772771400000,70830.1,70877.94,70800.0,70800.87,0.0521,2026-03-06 04:30:00
1772771700000,70859.82,70859.82,70727.14,70727.14,0.18245,2026-03-06 04:35:00
1772772000000,70715.93,70715.93,70286.61,70443.28,0.17532,2026-03-06 04:40:00
1772772300000,70528.59,70566.35,70528.59,70549.94,0.04981,2026-03-06 04:45:00
1772772600000,70544.9,70544.9,70544.9,70544.9,0.00764,2026-03-06 04:50:00
1772772900000,70529.4,70615.09,70499.39,70615.09,0.0999,2026-03-06 04:55:00
1772773200000,70587.92,70675.91,70576.25,70651.61,0.09128,2026-03-06 05:00:00
1772773500000,70600.03,70631.44,70600.03,70631.44,0.00092,2026-03-06 05:05:00
1772773800000,70472.19,70472.19,70469.78,70469.78,0.18617,2026-03-06 05:10:00
1772774100000,70625.54,70625.54,70625.54,70625.54,0.00791,2026-03-06 05:15:00
1772774400000,70613.65,70613.65,70613.65,70613.65,6e-05,2026-03-06 05:20:00
1772774700000,70336.17,70376.36,70336.17,70376.36,0.04635,2026-03-06 05:25:00
1772775000000,70474.42,70474.42,70336.12,70336.12,0.17053,2026-03-06 05:30:00
1772775300000,70311.9,70317.52,70247.65,70291.99,0.06669,2026-03-06 05:35:00
1772775600000,70295.03,70308.67,70167.37,70236.26,0.07727,2026-03-06 05:40:00
1772775900000,70164.87,70242.18,70122.07,70175.56,0.02991,2026-03-06 05:45:00
1772776200000,70188.66,70300.47,70188.66,70300.47,0.10957,2026-03-06 05:50:00
1772776500000,70368.47,70444.3,70368.47,70440.2,0.03122,2026-03-06 05:55:00
1772776800000,70444.27,70444.27,70444.27,70444.27,4e-05,2026-03-06 06:00:00
1772777100000,70406.42,70406.42,70328.3,70328.3,0.00996,2026-03-06 06:05:00
1772777400000,70306.98,70329.24,70281.19,70316.01,0.01274,2026-03-06 06:10:00
1772777700000,70334.76,70334.76,70334.76,70334.76,0.00051,2026-03-06 06:15:00
1772778000000,70387.74,70465.04,70387.74,70465.04,0.0425,2026-03-06 06:20:00
1772778300000,70477.42,70477.42,70477.42,70477.42,0.0015,2026-03-06 06:25:00
1772778600000,70477.42,70477.42,70477.42,70477.42,0.0,2026-03-06 06:30:00
1772778900000,70417.25,70545.69,70417.25,70545.69,0.1364,2026-03-06 06:35:00
1772779200000,70644.77,70644.77,70644.77,70644.77,0.00077,2026-03-06 06:40:00
1772779500000,70698.91,70811.67,70698.91,70764.48,0.04488,2026-03-06 06:45:00
1772779800000,70592.3,70592.3,70592.3,70592.3,6e-05,2026-03-06 06:50:00
1772780100000,70637.44,70637.44,70608.46,70608.46,0.05221,2026-03-06 06:55:00
1772780400000,70656.82,70791.88,70656.82,70769.88,0.0228,2026-03-06 07:00:00
1772780700000,70781.64,70781.64,70670.73,70677.7,0.09566,2026-03-06 07:05:00
1772781000000,70584.2,70584.2,70495.58,70495.58,0.04431,2026-03-06 07:10:00
1772781300000,70495.58,70495.58,70495.58,70495.58,0.0,2026-03-06 07:15:00
1772781600000,70750.99,70750.99,70737.91,70737.92,0.12,2026-03-06 07:20:00
1772781900000,70867.27,70867.27,70867.27,70867.27,0.00012,2026-03-06 07:25:00
1772782200000,70947.37,71000.0,70910.93,70951.77,0.00353,2026-03-06 07:30:00
1772782500000,70969.48,70971.75,70960.7,70971.75,0.08988,2026-03-06 07:35:00
1772782800000,71042.27,71073.3,71038.9,71038.9,0.0821,2026-03-06 07:40:00
1772783100000,71092.7,71153.37,71071.88,71090.28,0.08699,2026-03-06 07:45:00
1772783400000,71132.21,71132.21,71109.69,71109.69,0.11002,2026-03-06 07:50:00
1772783700000,71109.69,71109.69,71109.69,71109.69,0.0,2026-03-06 07:55:00
1772784000000,70984.63,70984.63,70959.55,70959.55,0.00363,2026-03-06 08:00:00
1772784300000,70976.9,70976.9,70940.06,70947.77,0.00028,2026-03-06 08:05:00
1772784600000,70920.52,70976.83,70920.52,70958.26,0.0572,2026-03-06 08:10:00
1772784900000,70962.83,70962.83,70919.5,70919.5,0.00801,2026-03-06 08:15:00
1772785200000,70977.89,70977.89,70901.71,70914.09,0.09761,2026-03-06 08:20:00
1772785500000,70914.09,70914.09,70914.09,70914.09,0.0,2026-03-06 08:25:00
1772785800000,70966.12,70966.12,70966.12,70966.12,0.00014,2026-03-06 08:30:00
1772786100000,70966.12,70966.12,70966.12,70966.12,0.0,2026-03-06 08:35:00
1772786400000,70993.33,70993.33,70993.33,70993.33,0.00255,2026-03-06 08:40:00
1772786700000,70909.62,70909.62,70909.62,70909.62,0.00011,2026-03-06 08:45:00
1772787000000,70879.08,70879.08,70821.92,70821.94,0.09555,2026-03-06 08:50:00
1772787300000,70780.89,70780.89,70774.39,70774.39,0.15337,2026-03-06 08:55:00
1772787600000,70799.92,70799.92,70787.63,70787.63,0.10223,2026-03-06 09:00:00
1772787900000,70799.81,70799.81,70644.77,70644.77,0.01088,2026-03-06 09:05:00
1772788200000,70647.53,70647.53,70572.28,70572.28,0.07606,2026-03-06 09:10:00
1772788500000,70548.85,70578.94,70500.0,70578.94,0.08975,2026-03-06 09:15:00
1772788800000,70578.94,70578.94,70578.94,70578.94,0.0,2026-03-06 09:20:00
1772789100000,70391.96,70436.5,70391.96,70430.63,0.04066,2026-03-06 09:25:00
1772789400000,70408.97,70408.97,70349.51,70349.51,0.05759,2026-03-06 09:30:00
1772789700000,70380.78,70421.98,70370.8,70370.8,0.08498,2026-03-06 09:35:00
1772790000000,70349.0,70379.56,70349.0,70379.56,0.52962,2026-03-06 09:40:00
1772790300000,70534.67,70595.88,70475.65,70475.65,0.14454,2026-03-06 09:45:00
1772790600000,70498.36,70498.36,70498.36,70498.36,0.01153,2026-03-06 09:50:00
1772790900000,70498.36,70498.36,70498.36,70498.36,0.0,2026-03-06 09:55:00
1772791200000,70568.86,70664.57,70568.86,70664.57,0.03822,2026-03-06 10:00:00
1772791500000,70715.05,70715.05,70715.05,70715.05,0.01414,2026-03-06 10:05:00
1772791800000,70663.14,70672.12,70663.14,70672.12,0.02196,2026-03-06 10:10:00
1772792100000,70682.62,70682.62,70682.62,70682.62,0.00027,2026-03-06 10:15:00
1772792400000,70682.62,70682.62,70682.62,70682.62,0.0,2026-03-06 10:20:00
1772792700000,70744.3,70744.3,70715.81,70731.2,0.05361,2026-03-06 10:25:00
1772793000000,70763.13,70763.13,70675.64,70681.1,0.24729,2026-03-06 10:30:00
1772793300000,70542.09,70542.09,70542.05,70542.05,0.01349,2026-03-06 10:35:00
1772793600000,70550.53,70557.79,70550.53,70557.79,0.04752,2026-03-06 10:40:00
1772793900000,70541.46,70598.88,70541.46,70598.88,0.04218,2026-03-06 10:45:00
1772794200000,70599.47,70599.47,70599.47,70599.47,0.00014,2026-03-06 10:50:00
1772794500000,70526.04,70583.71,70526.04,70583.71,0.02358,2026-03-06 10:55:00
1772794800000,70583.71,70583.71,70583.71,70583.71,0.0,2026-03-06 11:00:00
1772795100000,70471.49,70502.85,70438.33,70461.4,0.13027,2026-03-06 11:05:00
1772795400000,70443.28,70575.55,70443.28,70572.84,0.0648,2026-03-06 11:10:00
1772795700000,70537.43,70583.73,70533.24,70568.39,0.23295,2026-03-06 11:15:00
1772796000000,70538.4,70538.4,70538.4,70538.4,0.00754,2026-03-06 11:20:00
1772796300000,70538.4,70538.4,70538.4,70538.4,0.0,2026-03-06 11:25:00
1772796600000,70533.98,70536.34,70516.7,70536.34,0.04783,2026-03-06 11:30:00
1772796900000,70480.0,70625.98,70480.0,70620.47,0.09277,2026-03-06 11:35:00
1772797200000,70582.45,70582.45,70418.86,70418.86,0.04247,2026-03-06 11:40:00
1772797500000,70307.4,70354.0,70300.0,70325.11,0.03543,2026-03-06 11:45:00
1772797800000,70277.25,70277.25,70247.65,70267.24,0.05166,2026-03-06 11:50:00
1772798100000,70227.13,70240.79,70200.0,70227.8,0.28428,2026-03-06 11:55:00
1772798400000,70207.68,70241.51,70122.0,70193.17,0.12621,2026-03-06 12:00:00
1772798700000,70170.4,70170.4,69800.67,69800.67,0.31157,2026-03-06 12:05:00
1772799000000,69853.7,69976.99,69801.11,69935.12,0.08256,2026-03-06 12:10:00
1772799300000,70057.45,70138.11,69999.02,70138.11,0.03048,2026-03-06 12:15:00
1772799600000,70111.01,70111.01,70111.01,70111.01,0.00711,2026-03-06 12:20:00
1772799900000,70127.79,70127.79,70019.55,70019.55,0.08652,2026-03-06 12:25:00
1772800200000,70019.83,70019.83,70019.83,70019.83,0.00039,2026-03-06 12:30:00
1772800500000,69829.23,69829.23,69699.69,69815.65,0.07435,2026-03-06 12:35:00
1772800800000,69763.92,69858.89,69757.61,69759.17,0.14195,2026-03-06 12:40:00
1772801100000,69711.03,69711.03,69677.71,69677.71,0.00563,2026-03-06 12:45:00
1772801400000,69844.67,69902.98,69844.67,69902.98,0.09682,2026-03-06 12:50:00
1772801700000,69956.5,70063.7,69925.8,69925.8,0.09897,2026-03-06 12:55:00
1772802000000,70024.8,70033.52,69968.43,69968.43,0.20172,2026-03-06 13:00:00
1772802300000,69987.81,70025.57,69973.3,69973.3,0.00334,2026-03-06 13:05:00
1772802600000,69993.36,70047.27,69989.87,70047.27,0.01083,2026-03-06 13:10:00
1772802900000,69997.33,69997.33,69997.33,69997.33,0.00071,2026-03-06 13:15:00
1772803200000,70009.4,70009.4,70009.4,70009.4,0.00071,2026-03-06 13:20:00
1772803500000,70106.99,70161.2,70101.61,70161.2,0.02713,2026-03-06 13:25:00
1772803800000,70004.77,70075.4,69839.57,70075.4,0.21879,2026-03-06 13:30:00
1772804100000,70182.5,70277.25,70141.9,70141.9,0.01988,2026-03-06 13:35:00
1772804400000,70003.5,70003.5,70003.5,70003.5,0.00017,2026-03-06 13:40:00
1772804700000,69914.9,69946.9,69858.1,69858.1,0.00068,2026-03-06 13:45:00
1772805000000,69896.24,69954.5,69838.81,69954.5,0.0262,2026-03-06 13:50:00
1772805300000,69889.1,69889.1,69247.89,69247.89,0.50896,2026-03-06 13:55:00
1772805600000,69219.44,69235.4,68910.64,69181.98,0.84447,2026-03-06 14:00:00
1772805900000,69204.31,69204.31,68680.34,68680.34,0.28271,2026-03-06 14:05:00
1772806200000,68692.4,68867.53,68691.3,68867.53,0.03957,2026-03-06 14:10:00
1772806500000,68806.41,68991.7,68761.24,68991.7,0.05219,2026-03-06 14:15:00
1772806800000,68921.2,69000.0,68921.2,69000.0,1.00475,2026-03-06 14:20:00
1772807100000,69003.6,69082.2,68926.6,69076.75,0.02351,2026-03-06 14:25:00
1772807400000,68942.11,69038.3,68802.9,68802.9,0.05793,2026-03-06 14:30:00
1772807700000,68623.28,68678.63,68427.97,68665.3,1.78298,2026-03-06 14:35:00
1772808000000,68750.7,68800.0,68640.4,68750.09,1.01017,2026-03-06 14:40:00
1772808300000,68760.51,68763.87,68432.3,68437.58,0.03473,2026-03-06 14:45:00
1772808600000,68462.0,68517.1,68330.43,68376.46,0.10982,2026-03-06 14:50:00
1772808900000,68316.6,68426.4,68189.23,68189.23,0.12047,2026-03-06 14:55:00
1772809200000,68416.08,68615.6,68412.96,68590.32,0.03363,2026-03-06 15:00:00
1772809500000,68608.72,68616.7,68421.8,68421.8,0.01005,2026-03-06 15:05:00
1772809800000,68429.81,68629.48,68375.4,68629.48,0.02804,2026-03-06 15:10:00
1772810100000,68680.34,68766.36,68680.34,68761.5,0.03094,2026-03-06 15:15:00
1772810400000,68779.55,68986.8,68764.03,68986.8,0.04003,2026-03-06 15:20:00
1772810700000,68931.78,68931.78,68907.0,68907.0,0.00929,2026-03-06 15:25:00
1772811000000,69000.0,69000.0,68974.36,68974.36,0.00112,2026-03-06 15:30:00
1772811300000,68951.64,69056.2,68913.25,68915.89,0.26897,2026-03-06 15:35:00
1772811600000,68903.9,68903.9,68903.9,68903.9,0.04607,2026-03-06 15:40:00
1772811900000,68615.6,68637.0,68576.44,68576.44,0.05749,2026-03-06 15:45:00
1772812200000,68470.65,68470.72,68310.21,68310.21,0.14406,2026-03-06 15:50:00
1772812500000,68443.94,68586.72,68441.5,68506.2,0.03253,2026-03-06 15:55:00
1772812800000,68517.11,68779.8,68501.37,68779.8,0.03357,2026-03-06 16:00:00
1772813100000,68747.55,68751.11,68450.0,68458.44,0.0455,2026-03-06 16:05:00
1772813400000,68330.43,68396.38,68263.07,68331.0,0.0094,2026-03-06 16:10:00
1772813700000,68333.5,68400.2,68260.14,68400.2,0.26206,2026-03-06 16:15:00
1772814000000,68300.0,68451.38,68300.0,68451.38,0.04963,2026-03-06 16:20:00
1772814300000,68461.24,68542.08,68461.24,68542.08,0.00975,2026-03-06 16:25:00
1772814600000,68510.5,68560.0,68471.48,68490.68,0.02037,2026-03-06 16:30:00
1772814900000,68482.49,68670.16,68482.49,68670.16,0.04063,2026-03-06 16:35:00
1772815200000,68549.17,68582.47,68549.17,68582.47,0.00828,2026-03-06 16:40:00
1772815500000,68617.72,68685.22,68584.45,68584.45,0.06051,2026-03-06 16:45:00
1772815800000,68547.67,68590.14,68547.67,68580.3,0.05108,2026-03-06 16:50:00
1772816100000,68437.92,68439.02,68437.92,68439.02,0.00049,2026-03-06 16:55:00
1772816400000,68519.45,68667.93,68456.17,68667.93,0.15364,2026-03-06 17:00:00
1772816700000,68607.43,68632.26,68474.38,68513.94,0.09093,2026-03-06 17:05:00
1772817000000,68558.82,68558.82,68426.5,68426.5,0.05201,2026-03-06 17:10:00
1772817300000,68417.68,68424.38,68300.0,68300.0,0.08875,2026-03-06 17:15:00
1772817600000,68505.09,68532.79,68399.84,68399.84,0.19673,2026-03-06 17:20:00
1772817900000,68372.1,68372.1,68206.36,68262.37,12.49374,2026-03-06 17:25:00
1772818200000,68300.53,68300.53,68085.73,68096.66,0.11846,2026-03-06 17:30:00
1772818500000,68101.48,68111.1,67800.0,67859.34,0.64718,2026-03-06 17:35:00
1772818800000,67823.62,67823.62,67763.0,67810.56,1.12815,2026-03-06 17:40:00
1772819100000,67841.94,68027.82,67841.94,67972.14,0.56808,2026-03-06 17:45:00
1772819400000,68038.85,68038.85,67939.49,67975.5,0.3714,2026-03-06 17:50:00
1772819700000,67994.93,68060.28,67937.5,68060.28,0.58849,2026-03-06 17:55:00
1772820000000,67945.02,68204.1,67945.02,68096.31,0.59354,2026-03-06 18:00:00
1772820300000,68097.1,68230.25,68097.1,68230.25,0.14008,2026-03-06 18:05:00
1772820600000,68165.3,68364.66,68165.3,68364.66,0.04287,2026-03-06 18:10:00
1772820900000,68354.48,68358.06,68282.77,68349.03,0.36569,2026-03-06 18:15:00
1772821200000,68372.49,68372.49,68312.32,68362.61,0.3898,2026-03-06 18:20:00
1772821500000,68392.4,68392.4,68284.43,68284.43,0.08269,2026-03-06 18:25:00
1772821800000,68308.27,68470.65,68308.27,68470.65,0.13261,2026-03-06 18:30:00
1772822100000,68405.17,68405.17,68356.29,68356.29,0.15365,2026-03-06 18:35:00
1772822400000,68401.69,68401.69,68401.69,68401.69,0.00798,2026-03-06 18:40:00
1772822700000,68451.36,68451.36,68395.68,68395.68,0.0256,2026-03-06 18:45:00
1772823000000,68408.96,68408.96,68240.74,68301.66,0.10743,2026-03-06 18:50:00
1772823300000,68230.1,68251.5,68177.69,68177.69,0.77608,2026-03-06 18:55:00
1772823600000,68270.82,68308.35,68247.93,68247.93,0.41561,2026-03-06 19:00:00
1772823900000,68310.66,68320.34,68271.72,68286.69,0.15612,2026-03-06 19:05:00
1772824200000,68295.58,68433.9,68280.58,68433.9,0.61154,2026-03-06 19:10:00
1772824500000,68427.83,68427.83,68323.11,68323.11,0.42458,2026-03-06 19:15:00
1772824800000,68396.31,68399.57,68268.06,68297.6,1.13118,2026-03-06 19:20:00
1772825100000,68186.27,68252.52,68152.3,68206.56,0.61326,2026-03-06 19:25:00
1772825400000,68214.93,68260.99,68190.98,68190.98,0.47827,2026-03-06 19:30:00
1772825700000,68254.69,68263.77,68162.18,68180.3,0.70657,2026-03-06 19:35:00
1772826000000,68303.27,68303.27,68162.11,68162.11,0.41554,2026-03-06 19:40:00
1772826300000,68089.58,68112.68,68077.4,68112.68,0.24773,2026-03-06 19:45:00
1772826600000,68082.61,68083.43,68008.7,68021.44,1.23277,2026-03-06 19:50:00
1772826900000,68072.7,68117.97,68072.7,68117.97,0.20664,2026-03-06 19:55:00
1772827200000,68173.84,68265.37,68173.84,68191.9,0.81625,2026-03-06 20:00:00
1772827500000,68187.74,68233.13,68153.08,68186.42,0.69101,2026-03-06 20:05:00
1772827800000,68204.01,68204.01,67999.0,68009.5,1.70925,2026-03-06 20:10:00
1772828100000,68023.42,68123.5,68023.42,68072.45,1.37621,2026-03-06 20:15:00
1772828400000,68052.5,68086.91,68011.06,68073.39,1.35924,2026-03-06 20:20:00
1772828700000,68011.7,68011.7,67799.56,67799.56,0.57002,2026-03-06 20:25:00
1772829000000,67875.12,67895.99,67815.67,67815.67,1.46503,2026-03-06 20:30:00
1772829300000,67835.02,67835.02,67821.2,67821.2,0.36057,2026-03-06 20:35:00
1772829600000,67856.89,68006.09,67856.89,68006.09,0.3892,2026-03-06 20:40:00
1772829900000,67981.67,68060.1,67981.67,68060.1,0.08551,2026-03-06 20:45:00
1772830200000,68118.09,68128.7,68104.98,68104.98,0.18814,2026-03-06 20:50:00
1772830500000,68112.7,68112.7,68112.7,68112.7,0.04,2026-03-06 20:55:00
1772830800000,68116.4,68170.74,68102.62,68159.63,0.13244,2026-03-06 21:00:00
1772831100000,68144.2,68189.78,68144.2,68189.78,0.10917,2026-03-06 21:05:00
1772831400000,68126.67,68164.79,68126.67,68142.5,0.01249,2026-03-06 21:10:00
1772831700000,68174.58,68174.58,68111.0,68111.0,0.05857,2026-03-06 21:15:00
1772832000000,68113.78,68125.5,68025.25,68025.25,0.07343,2026-03-06 21:20:00
1772832300000,67940.14,67967.37,67936.91,67936.91,0.08515,2026-03-06 21:25:00
1772832600000,68000.95,68049.97,67995.08,68049.97,0.04904,2026-03-06 21:30:00
1772832900000,68080.0,68105.01,68078.1,68105.01,0.00046,2026-03-06 21:35:00
1772833200000,68160.0,68230.0,68152.14,68230.0,0.11315,2026-03-06 21:40:00
1772833500000,68260.0,68260.0,68248.28,68248.28,0.0252,2026-03-06 21:45:00
1772833800000,68301.33,68327.98,68267.73,68267.73,0.08147,2026-03-06 21:50:00
1772834100000,68216.69,68321.11,68189.48,68321.11,0.11554,2026-03-06 21:55:00
1772834400000,68283.93,68361.77,68283.93,68361.77,0.05477,2026-03-06 22:00:00
1772834700000,68353.03,68353.03,68334.1,68347.25,0.00028,2026-03-06 22:05:00
1772835000000,68308.27,68308.27,68284.42,68300.0,0.001,2026-03-06 22:10:00
1772835300000,68282.76,68337.93,68282.76,68337.93,0.04647,2026-03-06 22:15:00
1772835600000,68333.73,68367.75,68333.73,68345.31,0.20282,2026-03-06 22:20:00
1772835900000,68313.75,68313.75,68313.75,68313.75,3e-05,2026-03-06 22:25:00
1772836200000,68285.94,68292.13,68285.94,68292.13,0.00901,2026-03-06 22:30:00
1772836500000,68264.87,68264.87,68248.14,68248.14,0.05039,2026-03-06 22:35:00
1772836800000,68319.71,68410.0,68313.95,68370.0,0.20395,2026-03-06 22:40:00
1772837100000,68369.14,68412.12,68363.7,68363.7,0.11956,2026-03-06 22:45:00
1772837400000,68395.15,68403.02,68395.15,68403.02,0.04411,2026-03-06 22:50:00
1772837700000,68433.75,68433.75,68355.6,68355.6,0.01989,2026-03-06 22:55:00
1772838000000,68287.97,68308.07,68271.14,68271.14,0.02384,2026-03-06 23:00:00
1772838300000,68326.68,68328.39,68293.11,68328.39,0.02651,2026-03-06 23:05:00
1772838600000,68287.04,68347.03,68264.15,68347.03,0.10054,2026-03-06 23:10:00
1772838900000,68316.43,68355.11,68316.42,68355.11,0.00594,2026-03-06 23:15:00
1772839200000,68355.11,68355.11,68355.11,68355.11,0.0,2026-03-06 23:20:00
1772839500000,68342.43,68342.43,68342.43,68342.43,0.04135,2026-03-06 23:25:00
1772839800000,68316.98,68333.1,68316.98,68333.1,0.02018,2026-03-06 23:30:00
1772840100000,68373.72,68373.72,68373.72,68373.72,0.00015,2026-03-06 23:35:00
1772840400000,68200.0,68247.2,68178.3,68247.2,0.00976,2026-03-06 23:40:00
1772840700000,68234.62,68234.62,68206.72,68206.72,0.00413,2026-03-06 23:45:00
1772841000000,68206.72,68206.72,68206.72,68206.72,0.0,2026-03-06 23:50:00
1772841300000,68118.25,68118.25,68118.25,68118.25,0.04,2026-03-06 23:55:00
1772841600000,68127.77,68197.74,68121.41,68121.41,0.03908,2026-03-07 00:00:00
1772841900000,68171.62,68238.38,68160.52,68238.13,0.04336,2026-03-07 00:05:00
1772842200000,68209.29,68273.3,68209.29,68236.11,0.00216,2026-03-07 00:10:00
1772842500000,68215.89,68241.68,68215.89,68241.68,0.07452,2026-03-07 00:15:00
1772842800000,68200.01,68230.5,68153.89,68226.2,0.91685,2026-03-07 00:20:00
1772843100000,68219.23,68231.62,68219.23,68219.23,0.0546,2026-03-07 00:25:00
1772843400000,68209.64,68322.53,68209.64,68302.46,0.04346,2026-03-07 00:30:00
1772843700000,68277.82,68277.82,68239.49,68239.49,0.00011,2026-03-07 00:35:00
1772844000000,68295.63,68336.65,68278.5,68278.5,0.00146,2026-03-07 00:40:00
1772844300000,68276.58,68349.09,68276.58,68291.6,0.00108,2026-03-07 00:45:00
1772844600000,68304.31,68341.88,68303.85,68341.88,0.02153,2026-03-07 00:50:00
1772844900000,68327.66,68339.36,68303.45,68307.18,0.0459,2026-03-07 00:55:00
1772845200000,68252.63,68365.46,68252.63,68365.46,0.00101,2026-03-07 01:00:00
1772845500000,68288.64,68332.59,68288.64,68296.73,0.00019,2026-03-07 01:05:00
1772845800000,68343.3,68343.3,68209.58,68245.99,0.00984,2026-03-07 01:10:00
1772846100000,68253.13,68253.13,68222.57,68242.9,0.13459,2026-03-07 01:15:00
1772846400000,68224.22,68224.22,68218.52,68218.52,0.04232,2026-03-07 01:20:00
1772846700000,68195.45,68195.45,68183.41,68183.41,0.0002,2026-03-07 01:25:00
1772847000000,68200.13,68200.17,68196.87,68200.17,0.00771,2026-03-07 01:30:00
1772847300000,68233.4,68261.79,68233.4,68248.69,0.09014,2026-03-07 01:35:00
1772847600000,68220.13,68271.8,68213.61,68271.8,0.15281,2026-03-07 01:40:00
1772847900000,68286.0,68286.0,68246.63,68269.06,0.37362,2026-03-07 01:45:00
1772848200000,68294.25,68323.02,68294.25,68323.02,0.12781,2026-03-07 01:50:00
1772848500000,68275.27,68277.3,68211.93,68277.3,0.22474,2026-03-07 01:55:00
1772848800000,68227.48,68248.27,68227.48,68234.03,0.00036,2026-03-07 02:00:00
1772849100000,68249.07,68277.46,68237.78,68277.46,0.04147,2026-03-07 02:05:00
1772849400000,68269.87,68315.69,68269.87,68296.63,0.04611,2026-03-07 02:10:00
1772849700000,68253.76,68279.61,68253.76,68260.82,0.0593,2026-03-07 02:15:00
1772850000000,68248.58,68248.58,68200.33,68200.33,0.08285,2026-03-07 02:20:00
1772850300000,68142.03,68142.03,68099.7,68113.38,0.08963,2026-03-07 02:25:00
1772850600000,68111.52,68123.46,68104.71,68105.61,0.58176,2026-03-07 02:30:00
1772850900000,68111.96,68111.96,68067.71,68067.71,0.35143,2026-03-07 02:35:00
1772851200000,68168.53,68173.69,68153.4,68160.54,0.1068,2026-03-07 02:40:00
1772851500000,68179.79,68179.79,68179.79,68179.79,0.00044,2026-03-07 02:45:00
1772851800000,68254.55,68255.35,68254.55,68255.35,0.04146,2026-03-07 02:50:00
1772852100000,68226.38,68345.07,68226.38,68345.07,0.18407,2026-03-07 02:55:00
1772852400000,68370.4,68404.73,68342.93,68357.9,0.19873,2026-03-07 03:00:00
1772852700000,68357.48,68402.11,68357.48,68374.56,0.04496,2026-03-07 03:05:00
1772853000000,68375.7,68550.69,68369.22,68490.3,0.33731,2026-03-07 03:10:00
1772853300000,68474.31,68474.31,68323.17,68323.17,0.27295,2026-03-07 03:15:00
1772853600000,68311.23,68311.23,68284.19,68285.29,0.08199,2026-03-07 03:20:00
1772853900000,68282.91,68282.91,68266.67,68268.41,0.0616,2026-03-07 03:25:00
1772854200000,68231.29,68247.05,68222.13,68235.8,0.14824,2026-03-07 03:30:00
1772854500000,68244.92,68270.21,68244.92,68270.21,0.00464,2026-03-07 03:35:00
1772854800000,68220.1,68228.19,68176.97,68176.97,0.23135,2026-03-07 03:40:00
1772855100000,68195.55,68212.62,68195.55,68212.62,0.0522,2026-03-07 03:45:00
1772855400000,68147.75,68147.75,68126.44,68126.44,0.00818,2026-03-07 03:50:00
1772855700000,68144.77,68144.77,68144.77,68144.77,0.00014,2026-03-07 03:55:00
1772856000000,68111.81,68111.81,67854.0,67883.5,0.20284,2026-03-07 04:00:00
1772856300000,67928.59,67981.56,67911.26,67961.98,0.0421,2026-03-07 04:05:00
1772856600000,67903.6,67975.97,67903.6,67945.54,0.0439,2026-03-07 04:10:00
1772856900000,67950.81,68026.18,67950.81,68026.18,0.00125,2026-03-07 04:15:00
1772857200000,68015.39,68042.24,67988.94,68042.24,0.35338,2026-03-07 04:20:00
1772857500000,68047.78,68047.78,68037.03,68037.03,0.02427,2026-03-07 04:25:00
1772857800000,68021.47,68061.99,68021.47,68052.74,0.05285,2026-03-07 04:30:00
1772858100000,68052.74,68052.74,68052.74,68052.74,0.0,2026-03-07 04:35:00
1772858400000,68141.57,68141.57,68141.57,68141.57,0.0042,2026-03-07 04:40:00
1772858700000,68118.94,68118.94,68097.86,68097.86,0.00081,2026-03-07 04:45:00
1772859000000,68082.3,68082.3,68082.3,68082.3,0.0042,2026-03-07 04:50:00
1772859300000,68082.3,68082.3,68082.3,68082.3,0.0,2026-03-07 04:55:00
1772859600000,68065.28,68126.84,68065.28,68126.84,0.00225,2026-03-07 05:00:00
1772859900000,68139.27,68139.27,68104.19,68104.19,0.0438,2026-03-07 05:05:00
1772860200000,68102.17,68118.29,68098.81,68098.81,0.10114,2026-03-07 05:10:00
1772860500000,68035.4,68035.4,67931.56,67943.8,0.07057,2026-03-07 05:15:00
1772860800000,67947.48,67975.37,67945.43,67975.37,0.14941,2026-03-07 05:20:00
1772861100000,67992.32,67992.74,67992.32,67992.74,0.00017,2026-03-07 05:25:00
1772861400000,68033.48,68033.48,67974.4,67974.4,0.05803,2026-03-07 05:30:00
1772861700000,67944.79,68022.39,67944.78,68022.39,0.05236,2026-03-07 05:35:00
1772862000000,68092.95,68100.43,68090.46,68090.46,0.04739,2026-03-07 05:40:00
1772862300000,68074.91,68074.91,68059.31,68059.31,0.00249,2026-03-07 05:45:00
1772862600000,68060.27,68060.27,68060.27,68060.27,5e-05,2026-03-07 05:50:00
1772862900000,68002.8,68002.8,68002.8,68002.8,0.0403,2026-03-07 05:55:00
1772863200000,68008.0,68008.0,67980.14,67980.14,0.04814,2026-03-07 06:00:00
1772863500000,68011.92,68034.15,67969.25,67969.25,0.05045,2026-03-07 06:05:00
1772863800000,67960.05,67966.26,67951.66,67964.39,0.00069,2026-03-07 06:10:00
1772864100000,67964.39,67964.39,67964.39,67964.39,0.0,2026-03-07 06:15:00
1772864400000,67964.39,67964.39,67964.39,67964.39,0.0,2026-03-07 06:20:00
1772864700000,67889.55,67889.55,67875.68,67875.68,0.1409,2026-03-07 06:25:00
1772865000000,67910.69,67910.69,67910.69,67910.69,0.00044,2026-03-07 06:30:00
1772865300000,67843.01,67889.04,67799.56,67831.61,0.02771,2026-03-07 06:35:00
1772865600000,67852.12,67852.12,67852.12,67852.12,0.00063,2026-03-07 06:40:00
1772865900000,67943.46,67943.46,67943.46,67943.46,0.00164,2026-03-07 06:45:00
1772866200000,67874.99,67874.99,67640.86,67739.6,0.01676,2026-03-07 06:50:00
1772866500000,67724.15,67742.02,67710.56,67710.56,0.17014,2026-03-07 06:55:00
1772866800000,67695.7,67710.09,67577.9,67604.57,0.14416,2026-03-07 07:00:00
1772867100000,67549.78,67645.68,67486.82,67486.82,0.27186,2026-03-07 07:05:00
1772867400000,67488.76,67651.03,67481.8,67651.03,0.09368,2026-03-07 07:10:00
1772867700000,67617.97,67617.97,67596.12,67596.12,0.07771,2026-03-07 07:15:00
1772868000000,67682.26,67757.05,67682.26,67757.05,0.05252,2026-03-07 07:20:00
1772868300000,67757.05,67757.05,67757.05,67757.05,0.0,2026-03-07 07:25:00
1772868600000,67736.19,67736.19,67736.19,67736.19,0.00017,2026-03-07 07:30:00
1772868900000,67768.0,67768.0,67717.31,67717.31,0.05072,2026-03-07 07:35:00
1772869200000,67754.5,67766.6,67754.5,67763.21,0.0444,2026-03-07 07:40:00
1772869500000,67763.21,67763.21,67763.21,67763.21,0.0,2026-03-07 07:45:00
1772869800000,67806.02,67806.02,67806.02,67806.02,0.00789,2026-03-07 07:50:00
1772870100000,67839.12,67839.12,67839.12,67839.12,0.00407,2026-03-07 07:55:00
1772870400000,67850.1,67850.1,67850.1,67850.1,0.00373,2026-03-07 08:00:00
1772870700000,67791.04,67807.87,67791.04,67799.39,0.00435,2026-03-07 08:05:00
1772871000000,67882.47,67882.48,67882.47,67882.48,0.00353,2026-03-07 08:10:00
1772871300000,67925.42,67925.42,67925.42,67925.42,3e-05,2026-03-07 08:15:00
1772871600000,67975.4,68036.6,67975.4,67979.13,0.2291,2026-03-07 08:20:00
1772871900000,67938.39,67938.39,67938.39,67938.39,0.0042,2026-03-07 08:25:00
1772872200000,67938.39,67938.39,67938.39,67938.39,0.0,2026-03-07 08:30:00
1772872500000,67938.39,67938.39,67938.39,67938.39,0.0,2026-03-07 08:35:00
1772872800000,67922.79,67922.79,67899.35,67899.35,0.00066,2026-03-07 08:40:00
1772873100000,67932.9,67932.9,67902.75,67908.89,0.01069,2026-03-07 08:45:00
1772873400000,67920.8,67933.8,67903.35,67903.35,0.0012,2026-03-07 08:50:00
1772873700000,67880.0,67880.0,67790.6,67790.6,0.00834,2026-03-07 08:55:00
1772874000000,67790.6,67790.6,67790.6,67790.6,0.0,2026-03-07 09:00:00
1772874300000,67817.04,67846.64,67817.04,67846.64,0.00753,2026-03-07 09:05:00
1772874600000,67877.5,67978.89,67876.4,67978.89,0.01562,2026-03-07 09:10:00
1772874900000,67984.53,68049.3,67984.53,68049.3,0.04454,2026-03-07 09:15:00
1772875200000,68049.3,68049.3,68049.3,68049.3,0.0,2026-03-07 09:20:00
1772875500000,67964.77,67964.77,67964.77,67964.77,0.00035,2026-03-07 09:25:00
1772875800000,67964.77,67964.77,67964.77,67964.77,0.0,2026-03-07 09:30:00
1772876100000,67964.77,67964.77,67964.77,67964.77,0.0,2026-03-07 09:35:00
1772876400000,68001.76,68001.76,68001.76,68001.76,0.00029,2026-03-07 09:40:00
1772876700000,68029.45,68029.45,68029.45,68029.45,0.00266,2026-03-07 09:45:00
1772877000000,68026.37,68026.37,68026.37,68026.37,0.00108,2026-03-07 09:50:00
1772877300000,68026.37,68026.37,68026.37,68026.37,0.0,2026-03-07 09:55:00
1772877600000,68010.86,68010.86,68008.08,68008.08,0.04419,2026-03-07 10:00:00
1772877900000,68008.08,68008.08,68008.08,68008.08,0.0,2026-03-07 10:05:00
1772878200000,68090.37,68098.69,68090.37,68098.69,0.04015,2026-03-07 10:10:00
1772878500000,68026.42,68026.42,68026.42,68026.42,0.00757,2026-03-07 10:15:00
1772878800000,67988.69,67988.69,67988.69,67988.69,0.00076,2026-03-07 10:20:00
1772879100000,67988.69,67988.69,67988.69,67988.69,0.0,2026-03-07 10:25:00
1772879400000,67988.69,67988.69,67988.69,67988.69,0.0,2026-03-07 10:30:00
1772879700000,67988.69,67988.69,67988.69,67988.69,0.0,2026-03-07 10:35:00
1772880000000,68007.21,68007.21,67955.47,67955.47,0.04229,2026-03-07 10:40:00
1772880300000,67955.47,67955.47,67955.47,67955.47,0.0,2026-03-07 10:45:00
1772880600000,67955.47,67955.47,67955.47,67955.47,0.0,2026-03-07 10:50:00
1772880900000,67914.63,67914.63,67914.63,67914.63,0.048,2026-03-07 10:55:00
1772881200000,67914.63,67914.63,67914.63,67914.63,0.0,2026-03-07 11:00:00
1772881500000,67909.28,67911.89,67889.26,67889.27,0.00073,2026-03-07 11:05:00
1772881800000,67907.26,68193.7,67907.26,68193.7,0.23921,2026-03-07 11:10:00
1772882100000,68190.8,68210.53,68168.09,68168.09,0.09532,2026-03-07 11:15:00
1772882400000,68216.7,68218.2,68187.59,68187.59,0.09548,2026-03-07 11:20:00
1772882700000,68187.59,68187.59,68187.59,68187.59,0.0,2026-03-07 11:25:00
1772883000000,68187.59,68187.59,68187.59,68187.59,0.0,2026-03-07 11:30:00
1772883300000,68187.59,68187.59,68187.59,68187.59,0.0,2026-03-07 11:35:00
1772883600000,68187.59,68187.59,68187.59,68187.59,0.0,2026-03-07 11:40:00
1772883900000,68091.37,68100.93,68091.37,68100.93,0.05858,2026-03-07 11:45:00
1772884200000,68100.93,68100.93,68100.93,68100.93,0.0,2026-03-07 11:50:00
1772884500000,68026.46,68026.46,68026.46,68026.46,0.0042,2026-03-07 11:55:00
1772884800000,68015.63,68087.84,67999.56,68087.84,0.00635,2026-03-07 12:00:00
1772885100000,68000.76,68000.76,68000.76,68000.76,0.00013,2026-03-07 12:05:00
1772885400000,67995.66,67996.2,67995.66,67996.2,0.00021,2026-03-07 12:10:00
1772885700000,68038.58,68038.58,68038.58,68038.58,0.04,2026-03-07 12:15:00
1772886000000,68060.95,68060.95,68060.95,68060.95,0.00073,2026-03-07 12:20:00
1772886300000,68060.95,68060.95,68060.95,68060.95,0.0,2026-03-07 12:25:00
1772886600000,68041.72,68041.72,68041.72,68041.72,0.00036,2026-03-07 12:30:00
1772886900000,68041.72,68041.72,68041.72,68041.72,0.0,2026-03-07 12:35:00
1772887200000,67992.24,67992.24,67992.24,67992.24,0.00061,2026-03-07 12:40:00
1772887500000,67914.43,67928.52,67914.43,67928.52,0.08,2026-03-07 12:45:00
1772887800000,67965.03,67993.89,67965.03,67993.89,0.0015,2026-03-07 12:50:00
1772888100000,67985.36,68014.34,67985.36,67985.59,0.00278,2026-03-07 12:55:00
1772888400000,68005.55,68039.34,68005.55,68018.6,0.0045,2026-03-07 13:00:00
1772888700000,68026.91,68026.91,67958.39,68011.03,0.0068,2026-03-07 13:05:00
1772889000000,68020.94,68044.4,68020.94,68032.08,0.00402,2026-03-07 13:10:00
1772889300000,68066.5,68066.5,68041.3,68041.3,0.0122,2026-03-07 13:15:00
1772889600000,68006.37,68006.37,67989.35,67989.35,0.01677,2026-03-07 13:20:00
1772889900000,68010.65,68028.73,67981.43,67981.43,0.06569,2026-03-07 13:25:00
1772890200000,68062.68,68062.68,67968.52,67968.52,0.06068,2026-03-07 13:30:00
1772890500000,67968.52,67968.52,67968.52,67968.52,0.0,2026-03-07 13:35:00
1772890800000,67921.11,67931.75,67921.11,67922.1,0.01637,2026-03-07 13:40:00
1772891100000,67917.61,67943.59,67917.61,67943.59,0.00036,2026-03-07 13:45:00
1772891400000,67943.59,67943.59,67943.59,67943.59,0.0,2026-03-07 13:50:00
1772891700000,67914.73,67914.73,67914.73,67914.73,7e-05,2026-03-07 13:55:00
1772892000000,67906.89,67906.89,67760.0,67841.89,0.01956,2026-03-07 14:00:00
1772892300000,67864.51,67864.51,67710.0,67710.0,0.04144,2026-03-07 14:05:00
1772892600000,67708.34,67774.0,67611.52,67763.53,0.05248,2026-03-07 14:10:00
1772892900000,67752.14,67760.01,67736.51,67760.01,0.05315,2026-03-07 14:15:00
1772893200000,67820.33,67820.33,67820.33,67820.33,0.00033,2026-03-07 14:20:00
1772893500000,67805.22,67827.21,67793.46,67815.92,0.00944,2026-03-07 14:25:00
1772893800000,67838.74,67838.74,67796.4,67828.87,0.00378,2026-03-07 14:30:00
1772894100000,67925.28,68005.4,67925.28,68005.4,0.01517,2026-03-07 14:35:00
1772894400000,68050.33,68063.7,68050.33,68063.7,0.088,2026-03-07 14:40:00
1772894700000,68028.32,68028.32,68028.32,68028.32,0.04,2026-03-07 14:45:00
1772895000000,68029.32,68065.69,68029.32,68056.73,0.00393,2026-03-07 14:50:00
1772895300000,68046.06,68046.06,68046.06,68046.06,0.00046,2026-03-07 14:55:00
1772895600000,68005.05,68020.46,67990.79,68008.7,0.05871,2026-03-07 15:00:00
1772895900000,67989.56,68030.02,67989.56,68006.36,0.01752,2026-03-07 15:05:00
1772896200000,67989.88,67993.12,67946.06,67954.77,0.00294,2026-03-07 15:10:00
1772896500000,67989.98,67994.88,67950.0,67953.9,0.02169,2026-03-07 15:15:00
1772896800000,67865.29,67953.77,67862.66,67942.09,0.04879,2026-03-07 15:20:00
1772897100000,67938.29,67938.51,67938.29,67938.51,0.00116,2026-03-07 15:25:00
1772897400000,67938.76,68011.56,67938.76,68011.56,0.0444,2026-03-07 15:30:00
1772897700000,67983.89,67983.89,67892.96,67892.96,0.00183,2026-03-07 15:35:00
1772898000000,67804.07,67804.07,67804.06,67804.06,0.05215,2026-03-07 15:40:00
1772898300000,67865.28,67865.28,67841.61,67841.61,0.00026,2026-03-07 15:45:00
1772898600000,67867.82,67892.96,67832.16,67892.96,0.01059,2026-03-07 15:50:00
1772898900000,67924.59,67924.59,67882.48,67882.48,0.02581,2026-03-07 15:55:00
1772899200000,67868.65,67879.41,67851.98,67879.41,0.01376,2026-03-07 16:00:00
1772899500000,67841.13,67880.0,67841.13,67873.79,0.01079,2026-03-07 16:05:00
1772899800000,67885.66,67894.9,67885.66,67893.89,0.04284,2026-03-07 16:10:00
1772900100000,67896.38,67896.38,67765.61,67765.61,0.01318,2026-03-07 16:15:00
1772900400000,67780.96,67814.31,67780.96,67814.31,0.00039,2026-03-07 16:20:00
1772900700000,67808.72,67808.72,67808.72,67808.72,0.00022,2026-03-07 16:25:00
1772901000000,67778.03,67778.03,67778.03,67778.03,0.00025,2026-03-07 16:30:00
1772901300000,67811.33,67811.33,67811.33,67811.33,0.00098,2026-03-07 16:35:00
1772901600000,67764.44,67764.44,67760.22,67760.22,0.00079,2026-03-07 16:40:00
1772901900000,67809.96,67809.96,67778.7,67778.7,0.01064,2026-03-07 16:45:00
1772902200000,67793.25,67821.74,67783.76,67821.74,0.00948,2026-03-07 16:50:00
1772902500000,67831.55,67847.63,67812.19,67847.63,0.01644,2026-03-07 16:55:00
1772902800000,67816.51,67867.56,67816.51,67861.94,0.01183,2026-03-07 17:00:00
1772903100000,67848.5,67850.25,67804.86,67804.86,0.00184,2026-03-07 17:05:00
1772903400000,67845.62,67853.97,67821.71,67821.71,0.00139,2026-03-07 17:10:00
1772903700000,67821.71,67821.71,67821.71,67821.71,0.0,2026-03-07 17:15:00
1772904000000,67891.11,67931.51,67879.07,67919.49,0.05589,2026-03-07 17:20:00
1772904300000,67919.49,67919.49,67919.49,67919.49,0.0,2026-03-07 17:25:00
1772904600000,67872.05,67872.05,67870.01,67870.01,0.0126,2026-03-07 17:30:00
1772904900000,67887.79,67887.8,67873.67,67873.67,0.00779,2026-03-07 17:35:00
1772905200000,67887.54,67894.85,67887.54,67894.85,0.03672,2026-03-07 17:40:00
1772905500000,67885.16,67902.36,67880.57,67902.36,0.00037,2026-03-07 17:45:00
1772905800000,67886.93,67886.93,67858.57,67858.57,0.00568,2026-03-07 17:50:00
1772906100000,67769.94,67769.94,67766.92,67766.92,0.02739,2026-03-07 17:55:00
1772906400000,67755.44,67755.44,67500.0,67510.07,0.17279,2026-03-07 18:00:00
1772906700000,67572.47,67630.55,67572.47,67630.55,0.20653,2026-03-07 18:05:00
1772907000000,67652.08,67652.08,67616.26,67628.69,0.00179,2026-03-07 18:10:00
1772907300000,67656.75,67660.82,67656.75,67660.82,0.00205,2026-03-07 18:15:00
1772907600000,67623.2,67653.86,67623.2,67653.86,0.14999,2026-03-07 18:20:00
1772907900000,67640.1,67640.1,67628.4,67628.4,0.00431,2026-03-07 18:25:00
1772908200000,67645.88,67645.88,67544.52,67545.86,0.0085,2026-03-07 18:30:00
1772908500000,67545.86,67545.86,67545.86,67545.86,0.0,2026-03-07 18:35:00
1772908800000,67593.62,67602.92,67593.62,67597.12,0.12401,2026-03-07 18:40:00
1772909100000,67671.9,67671.9,67671.9,67671.9,0.0014,2026-03-07 18:45:00
1772909400000,67584.06,67592.68,67584.06,67592.68,0.0007,2026-03-07 18:50:00
1772909700000,67607.51,67607.51,67589.39,67590.3,0.02833,2026-03-07 18:55:00
1772910000000,67550.24,67550.52,67520.12,67520.12,0.37867,2026-03-07 19:00:00
1772910300000,67553.79,67561.6,67520.09,67561.6,0.00581,2026-03-07 19:05:00
1772910600000,67543.92,67543.92,67543.92,67543.92,0.0003,2026-03-07 19:10:00
1772910900000,67449.26,67455.26,67299.78,67332.69,0.12304,2026-03-07 19:15:00
1772911200000,67417.42,67417.42,67417.42,67417.42,0.15006,2026-03-07 19:20:00
1772911500000,67281.38,67281.38,67177.82,67218.87,0.09216,2026-03-07 19:25:00
1772911800000,67243.26,67298.98,67229.01,67229.01,0.06497,2026-03-07 19:30:00
1772912100000,67250.18,67296.36,67250.16,67296.36,0.13412,2026-03-07 19:35:00
1772912400000,67315.78,67315.78,67270.18,67287.03,0.11741,2026-03-07 19:40:00
1772912700000,67259.89,67259.89,67190.39,67190.39,0.04729,2026-03-07 19:45:00
1772913000000,67167.46,67167.46,66982.16,67059.16,0.55086,2026-03-07 19:50:00
1772913300000,67033.06,67117.84,66933.55,67111.02,0.37999,2026-03-07 19:55:00
1772913600000,67110.99,67157.95,67110.99,67157.95,0.1533,2026-03-07 20:00:00
1772913900000,67234.63,67261.77,67234.63,67261.77,0.00037,2026-03-07 20:05:00
1772914200000,67215.34,67274.57,67215.34,67252.32,0.00486,2026-03-07 20:10:00
1772914500000,67264.67,67264.67,67264.67,67264.67,0.00093,2026-03-07 20:15:00
1772914800000,67258.81,67258.81,67258.81,67258.81,6e-05,2026-03-07 20:20:00
1772915100000,67292.11,67301.89,67292.11,67301.89,0.04079,2026-03-07 20:25:00
1772915400000,67279.58,67279.58,67279.58,67279.58,0.00058,2026-03-07 20:30:00
1772915700000,67291.31,67400.9,67286.5,67400.9,0.01087,2026-03-07 20:35:00
1772916000000,67400.9,67415.94,67394.58,67415.94,0.00309,2026-03-07 20:40:00
1772916300000,67420.0,67420.0,67393.72,67393.72,0.00821,2026-03-07 20:45:00
1772916600000,67392.22,67392.22,67392.22,67392.22,0.00032,2026-03-07 20:50:00
1772916900000,67420.0,67430.0,67369.85,67405.02,0.03259,2026-03-07 20:55:00
1772917200000,67422.4,67428.74,67363.9,67410.55,0.08704,2026-03-07 21:00:00
1772917500000,67432.54,67460.84,67432.54,67460.84,0.00057,2026-03-07 21:05:00
1772917800000,67453.01,67474.63,67416.23,67418.01,0.05402,2026-03-07 21:10:00
1772918100000,67438.99,67482.06,67438.99,67457.43,0.00118,2026-03-07 21:15:00
1772918400000,67439.99,67439.99,67439.99,67439.99,0.00086,2026-03-07 21:20:00
1772918700000,67450.0,67472.78,67450.0,67472.78,0.0044,2026-03-07 21:25:00
1772919000000,67407.05,67407.05,67387.52,67387.52,0.01264,2026-03-07 21:30:00
1772919300000,67277.82,67277.82,67275.03,67275.03,0.01179,2026-03-07 21:35:00
1772919600000,67275.03,67275.03,67275.03,67275.03,0.0,2026-03-07 21:40:00
1772919900000,67310.96,67310.96,67310.96,67310.96,0.0037,2026-03-07 21:45:00
1772920200000,67388.81,67388.81,67388.81,67388.81,5e-05,2026-03-07 21:50:00
1772920500000,67452.94,67452.94,67452.94,67452.94,0.00118,2026-03-07 21:55:00
1772920800000,67450.91,67462.38,67437.08,67462.38,0.00181,2026-03-07 22:00:00
1772921100000,67447.94,67461.24,67447.94,67461.24,0.00462,2026-03-07 22:05:00
1772921400000,67396.83,67396.83,67318.4,67318.4,0.03482,2026-03-07 22:10:00
1772921700000,67342.6,67365.03,67340.79,67365.03,0.00253,2026-03-07 22:15:00
1772922000000,67365.03,67365.03,67365.03,67365.03,0.0,2026-03-07 22:20:00
1772922300000,67317.38,67319.05,67275.03,67275.03,0.00605,2026-03-07 22:25:00
1772922600000,67251.04,67251.04,67200.6,67200.6,0.01273,2026-03-07 22:30:00
1772922900000,67131.2,67247.86,67128.05,67235.79,0.01627,2026-03-07 22:35:00
1772923200000,67252.15,67300.0,67252.15,67300.0,0.09734,2026-03-07 22:40:00
1772923500000,67345.67,67345.67,67298.02,67298.02,0.09823,2026-03-07 22:45:00
1772923800000,67293.45,67299.05,67293.45,67299.05,0.00114,2026-03-07 22:50:00
1772924100000,67250.05,67252.12,67222.02,67252.12,0.01235,2026-03-07 22:55:00
1772924400000,67306.2,67330.0,67189.49,67330.0,0.05583,2026-03-07 23:00:00
1772924700000,67369.0,67378.05,67315.0,67315.0,0.08369,2026-03-07 23:05:00
1772925000000,67324.32,67366.69,67322.53,67366.69,0.01398,2026-03-07 23:10:00
1772925300000,67350.73,67350.73,67341.66,67341.66,0.04031,2026-03-07 23:15:00
1772925600000,67342.64,67379.72,67342.64,67379.72,0.00301,2026-03-07 23:20:00
1772925900000,67394.0,67397.0,67333.36,67361.36,0.04122,2026-03-07 23:25:00
1772926200000,67365.3,67372.63,67358.15,67358.15,0.04233,2026-03-07 23:30:00
1772926500000,67360.03,67360.03,67337.7,67337.7,0.09959,2026-03-07 23:35:00
1772926800000,67331.49,67340.03,67331.48,67340.03,0.00965,2026-03-07 23:40:00
1772927100000,67323.12,67323.12,67269.46,67269.46,0.48261,2026-03-07 23:45:00
1772927400000,67249.87,67265.17,67249.87,67265.17,0.00193,2026-03-07 23:50:00
1772927700000,67265.75,67265.75,67264.19,67264.19,0.01763,2026-03-07 23:55:00
1772928000000,67289.13,67377.49,67289.13,67377.49,0.00115,2026-03-08 00:00:00
1772928300000,67387.37,67419.0,67387.37,67410.88,0.00201,2026-03-08 00:05:00
1772928600000,67443.0,67456.75,67408.7,67408.7,0.0158,2026-03-08 00:10:00
1772928900000,67430.26,67430.26,67429.98,67429.98,0.05211,2026-03-08 00:15:00
1772929200000,67456.74,67473.4,67395.51,67406.48,0.01574,2026-03-08 00:20:00
1772929500000,67358.57,67358.57,67358.57,67358.57,0.0001,2026-03-08 00:25:00
1772929800000,67356.28,67368.16,67316.81,67340.34,0.00245,2026-03-08 00:30:00
1772930100000,67293.17,67293.17,67253.51,67278.45,0.00023,2026-03-08 00:35:00
1772930400000,67346.36,67346.36,67276.56,67311.53,0.0487,2026-03-08 00:40:00
1772930700000,67261.32,67292.58,67185.48,67190.93,0.05074,2026-03-08 00:45:00
1772931000000,67220.54,67220.54,67173.87,67176.59,0.05787,2026-03-08 00:50:00
1772931300000,67170.75,67215.2,67170.75,67180.4,0.07348,2026-03-08 00:55:00
1772931600000,67195.51,67218.58,67160.8,67189.78,0.00363,2026-03-08 01:00:00
1772931900000,67178.89,67289.91,67148.88,67269.41,0.0467,2026-03-08 01:05:00
1772932200000,67235.81,67292.04,67235.81,67292.04,0.00915,2026-03-08 01:10:00
1772932500000,67285.57,67326.25,67259.62,67259.62,0.14086,2026-03-08 01:15:00
1772932800000,67289.43,67289.43,67289.43,67289.43,0.048,2026-03-08 01:20:00
1772933100000,67294.4,67294.4,67273.12,67273.5,0.10528,2026-03-08 01:25:00
1772933400000,67208.85,67208.85,67131.2,67139.98,0.00528,2026-03-08 01:30:00
1772933700000,67107.11,67242.65,67107.11,67238.81,0.32385,2026-03-08 01:35:00
1772934000000,67227.31,67312.73,67227.31,67312.73,0.20914,2026-03-08 01:40:00
1772934300000,67310.63,67333.8,67310.63,67333.8,0.16109,2026-03-08 01:45:00
1772934600000,67345.67,67373.21,67345.67,67373.21,0.00021,2026-03-08 01:50:00
1772934900000,67324.79,67350.71,67324.79,67350.71,0.00014,2026-03-08 01:55:00
1772935200000,67271.91,67287.79,67270.0,67285.65,0.00241,2026-03-08 02:00:00
1772935500000,67283.42,67304.31,67250.87,67250.87,0.00109,2026-03-08 02:05:00
1772935800000,67237.51,67296.1,67237.51,67296.1,0.08375,2026-03-08 02:10:00
1772936100000,67332.67,67341.77,67239.16,67239.16,0.0529,2026-03-08 02:15:00
1772936400000,67297.0,67297.0,67297.0,67297.0,0.00081,2026-03-08 02:20:00
1772936700000,67290.17,67290.17,67229.5,67229.5,0.00672,2026-03-08 02:25:00
1772937000000,67207.0,67207.0,67126.26,67179.93,0.00106,2026-03-08 02:30:00
1772937300000,67179.93,67179.93,67179.93,67179.93,0.0,2026-03-08 02:35:00
1772937600000,67243.47,67395.06,67243.47,67395.06,0.42002,2026-03-08 02:40:00
1772937900000,67331.21,67331.21,67095.2,67095.2,0.06737,2026-03-08 02:45:00
1772938200000,66939.9,67040.0,66863.64,67040.0,0.18955,2026-03-08 02:50:00
1772938500000,67035.31,67035.31,66943.17,66943.17,0.11577,2026-03-08 02:55:00
1772938800000,66918.59,66995.24,66918.59,66995.24,0.00085,2026-03-08 03:00:00
1772939100000,66973.23,67021.77,66926.19,66926.19,0.08885,2026-03-08 03:05:00
1772939400000,66978.72,66994.48,66978.72,66985.33,0.05545,2026-03-08 03:10:00
1772939700000,66985.33,66985.33,66985.33,66985.33,0.0,2026-03-08 03:15:00
1772940000000,67033.64,67033.64,67033.64,67033.64,0.00029,2026-03-08 03:20:00
1772940300000,66998.89,66998.89,66998.89,66998.89,0.04297,2026-03-08 03:25:00
1772940600000,67025.28,67025.28,66998.35,66998.35,0.05915,2026-03-08 03:30:00
1772940900000,66998.35,66998.35,66998.35,66998.35,0.0,2026-03-08 03:35:00
1772941200000,67016.52,67016.52,67016.52,67016.52,0.00786,2026-03-08 03:40:00
1772941500000,67029.86,67058.53,67013.43,67013.43,0.0341,2026-03-08 03:45:00
1772941800000,67048.38,67051.92,67047.59,67047.59,0.03421,2026-03-08 03:50:00
1772942100000,67024.78,67073.69,67005.8,67005.8,0.22196,2026-03-08 03:55:00
1772942400000,67017.59,67017.59,66947.0,67003.8,0.01139,2026-03-08 04:00:00
1772942700000,67020.92,67080.0,67020.92,67032.7,0.44412,2026-03-08 04:05:00
1772943000000,67038.47,67038.47,66934.98,66961.0,0.11205,2026-03-08 04:10:00
1772943300000,67019.16,67054.18,66988.52,67054.18,0.05681,2026-03-08 04:15:00
1772943600000,67069.15,67069.15,67054.18,67054.18,0.00118,2026-03-08 04:20:00
1772943900000,67040.51,67040.51,67012.15,67029.89,0.05836,2026-03-08 04:25:00
1772944200000,66997.86,67029.48,66996.99,67029.47,0.00559,2026-03-08 04:30:00
1772944500000,66990.14,66990.14,66943.91,66986.8,0.01808,2026-03-08 04:35:00
1772944800000,66930.02,66966.13,66930.02,66966.13,0.0037,2026-03-08 04:40:00
1772945100000,66950.31,66950.31,66817.86,66879.58,0.16912,2026-03-08 04:45:00
1772945400000,66806.98,66871.98,66632.36,66632.36,0.26713,2026-03-08 04:50:00
1772945700000,66600.0,66653.21,66581.67,66623.96,0.06853,2026-03-08 04:55:00
1772946000000,66653.21,66759.31,66653.21,66759.31,0.11856,2026-03-08 05:00:00
1772946300000,66822.88,66944.42,66822.88,66932.09,0.08817,2026-03-08 05:05:00
1772946600000,66933.51,66966.99,66921.5,66966.99,0.1482,2026-03-08 05:10:00
1772946900000,66967.18,67044.15,66964.24,67005.58,0.11781,2026-03-08 05:15:00
1772947200000,67084.03,67164.68,67084.03,67101.55,0.04276,2026-03-08 05:20:00
1772947500000,67167.46,67167.46,67167.46,67167.46,0.00206,2026-03-08 05:25:00
1772947800000,67167.46,67167.46,67167.46,67167.46,0.0,2026-03-08 05:30:00
1772948100000,67162.46,67181.79,67162.46,67181.79,0.00223,2026-03-08 05:35:00
1772948400000,67189.73,67189.73,67184.3,67184.3,0.0046,2026-03-08 05:40:00
1772948700000,67184.3,67184.3,67184.3,67184.3,0.0,2026-03-08 05:45:00
1772949000000,67179.49,67189.2,67179.49,67189.2,0.00452,2026-03-08 05:50:00
1772949300000,67233.38,67233.38,67160.46,67160.46,0.00259,2026-03-08 05:55:00
1772949600000,67160.46,67160.46,67160.46,67160.46,0.0,2026-03-08 06:00:00
1772949900000,67191.88,67191.89,67191.88,67191.89,0.00102,2026-03-08 06:05:00
1772950200000,67173.98,67173.98,67109.13,67126.07,0.00037,2026-03-08 06:10:00
1772950500000,67144.59,67144.59,67144.59,67144.59,0.00034,2026-03-08 06:15:00
1772950800000,67110.29,67158.36,67110.29,67144.48,0.00382,2026-03-08 06:20:00
1772951100000,67122.51,67122.51,67122.51,67122.51,6e-05,2026-03-08 06:25:00
1772951400000,67085.77,67085.77,67055.53,67055.53,0.04531,2026-03-08 06:30:00
1772951700000,67054.57,67096.68,67054.57,67096.68,0.00772,2026-03-08 06:35:00
1772952000000,67158.35,67158.35,67158.35,67158.35,6e-05,2026-03-08 06:40:00
1772952300000,67150.79,67158.36,67150.79,67158.36,0.00237,2026-03-08 06:45:00
1772952600000,67158.36,67158.36,67158.36,67158.36,0.0,2026-03-08 06:50:00
1772952900000,67153.1,67200.0,67153.1,67182.96,0.05257,2026-03-08 06:55:00
1772953200000,67175.37,67234.56,67165.65,67234.56,0.05025,2026-03-08 07:00:00
1772953500000,67345.67,67416.19,67341.61,67384.13,0.01771,2026-03-08 07:05:00
1772953800000,67383.97,67421.03,67372.45,67421.03,0.00345,2026-03-08 07:10:00
1772954100000,67421.03,67421.03,67421.03,67421.03,0.0,2026-03-08 07:15:00
1772954400000,67407.17,67407.17,67320.24,67320.24,0.00192,2026-03-08 07:20:00
1772954700000,67308.15,67363.76,67308.15,67363.76,0.09647,2026-03-08 07:25:00
1772955000000,67366.97,67373.2,67345.63,67345.63,0.09595,2026-03-08 07:30:00
1772955300000,67353.97,67353.97,67308.6,67308.6,0.00208,2026-03-08 07:35:00
1772955600000,67314.77,67314.77,67314.77,67314.77,0.04406,2026-03-08 07:40:00
1772955900000,67293.68,67293.68,67293.68,67293.68,0.00071,2026-03-08 07:45:00
1772956200000,67293.68,67293.68,67293.68,67293.68,0.0,2026-03-08 07:50:00
1772956500000,67288.14,67321.41,67288.14,67321.41,0.04006,2026-03-08 07:55:00
1772956800000,67276.85,67276.85,67276.85,67276.85,0.00155,2026-03-08 08:00:00
1772957100000,67303.16,67342.99,67302.63,67304.26,0.06019,2026-03-08 08:05:00
1772957400000,67354.86,67357.25,67244.9,67244.9,0.19545,2026-03-08 08:10:00
1772957700000,67183.48,67254.8,67183.48,67254.8,0.01236,2026-03-08 08:15:00
1772958000000,67270.18,67270.18,67270.18,67270.18,0.00036,2026-03-08 08:20:00
1772958300000,67270.18,67270.18,67270.18,67270.18,0.0,2026-03-08 08:25:00
1772958600000,67270.18,67270.18,67270.18,67270.18,0.00014,2026-03-08 08:30:00
1772958900000,67321.29,67321.29,67317.32,67317.32,0.00265,2026-03-08 08:35:00
1772959200000,67346.35,67526.32,67346.35,67514.86,0.88876,2026-03-08 08:40:00
1772959500000,67510.7,67528.52,67510.7,67528.52,0.00056,2026-03-08 08:45:00
1772959800000,67482.34,67534.1,67482.34,67534.1,0.00279,2026-03-08 08:50:00
1772960100000,67567.89,67568.48,67543.81,67543.81,0.0402,2026-03-08 08:55:00
1772960400000,67526.88,67531.16,67526.88,67531.16,0.04003,2026-03-08 09:00:00
1772960700000,67523.15,67533.17,67513.53,67513.54,0.04803,2026-03-08 09:05:00
1772961000000,67599.08,67842.63,67590.21,67781.96,0.26537,2026-03-08 09:10:00
1772961300000,67750.05,67855.8,67750.05,67764.58,0.10015,2026-03-08 09:15:00
1772961600000,67776.42,67776.42,67738.64,67738.64,0.04532,2026-03-08 09:20:00
1772961900000,67773.58,67773.58,67769.67,67769.67,0.04168,2026-03-08 09:25:00
1772962200000,67796.01,67796.01,67780.32,67780.32,0.08788,2026-03-08 09:30:00
1772962500000,67780.32,67780.32,67780.32,67780.32,0.0,2026-03-08 09:35:00
1772962800000,67749.27,67749.27,67739.69,67747.92,0.0872,2026-03-08 09:40:00
1772963100000,67728.81,67728.81,67728.81,67728.81,0.10217,2026-03-08 09:45:00
1772963400000,67732.44,67732.44,67723.28,67723.28,0.00103,2026-03-08 09:50:00
1772963700000,67711.54,67711.54,67691.02,67691.02,0.01733,2026-03-08 09:55:00
1772964000000,67751.65,67751.65,67751.65,67751.65,0.00015,2026-03-08 10:00:00
1772964300000,67818.92,67859.52,67818.92,67839.82,0.06038,2026-03-08 10:05:00
1772964600000,67861.39,67861.39,67861.39,67861.39,7e-05,2026-03-08 10:10:00
1772964900000,67881.36,67959.44,67881.36,67959.44,0.13222,2026-03-08 10:15:00
1772965200000,67982.08,68111.0,67982.08,68109.87,0.32145,2026-03-08 10:20:00
1772965500000,68113.42,68189.23,68110.11,68169.92,0.50172,2026-03-08 10:25:00
1772965800000,68030.0,68044.23,68030.0,68040.66,0.05629,2026-03-08 10:30:00
1772966100000,68055.55,68055.55,68009.58,68009.58,0.02591,2026-03-08 10:35:00
1772966400000,67957.44,67966.23,67946.62,67962.69,0.07249,2026-03-08 10:40:00
1772966700000,67962.69,67962.69,67962.69,67962.69,0.0,2026-03-08 10:45:00
1772967000000,67881.98,67881.98,67881.98,67881.98,0.04,2026-03-08 10:50:00
1772967300000,67881.98,67881.98,67881.98,67881.98,0.0,2026-03-08 10:55:00
1772967600000,67881.98,67881.98,67881.98,67881.98,0.0,2026-03-08 11:00:00
1772967900000,67698.13,67698.13,67473.4,67549.76,0.00572,2026-03-08 11:05:00
1772968200000,67595.88,67618.1,67582.66,67582.66,0.0174,2026-03-08 11:10:00
1772968500000,67589.49,67633.0,67589.49,67633.0,0.0004,2026-03-08 11:15:00
1772968800000,67601.21,67712.19,67601.21,67677.22,0.00945,2026-03-08 11:20:00
1772969100000,67732.26,67732.26,67687.53,67687.53,0.00101,2026-03-08 11:25:00
1772969400000,67779.67,67779.67,67591.03,67591.03,0.06703,2026-03-08 11:30:00
1772969700000,67569.87,67570.73,67529.17,67529.17,0.02833,2026-03-08 11:35:00
1772970000000,67436.49,67509.44,67435.9,67506.6,0.16796,2026-03-08 11:40:00
1772970300000,67519.93,67519.93,67519.92,67519.92,0.01839,2026-03-08 11:45:00
1772970600000,67505.42,67524.35,67491.31,67524.35,0.11767,2026-03-08 11:50:00
1772970900000,67537.48,67550.98,67506.41,67506.41,0.00299,2026-03-08 11:55:00
1772971200000,67498.53,67631.5,67498.53,67619.29,0.05531,2026-03-08 12:00:00
1772971500000,67495.69,67495.69,67268.4,67295.8,0.15095,2026-03-08 12:05:00
1772971800000,67369.68,67377.28,66992.67,67074.7,0.61121,2026-03-08 12:10:00
1772972100000,67075.8,67077.23,66904.75,67077.23,0.08302,2026-03-08 12:15:00
1772972400000,67284.44,67295.81,67284.44,67295.81,0.04109,2026-03-08 12:20:00
1772972700000,67295.81,67295.81,67295.81,67295.81,0.0,2026-03-08 12:25:00
1772973000000,67390.14,67390.14,67322.9,67327.6,0.0014,2026-03-08 12:30:00
1772973300000,67328.5,67348.5,67312.5,67312.5,0.00051,2026-03-08 12:35:00
1772973600000,67473.4,67473.4,67473.4,67473.4,0.0007,2026-03-08 12:40:00
1772973900000,67473.4,67473.4,67473.4,67473.4,0.0,2026-03-08 12:45:00
1772974200000,67364.25,67364.25,67364.25,67364.25,0.048,2026-03-08 12:50:00
1772974500000,67306.78,67306.78,67306.78,67306.78,0.00053,2026-03-08 12:55:00
1772974800000,67357.77,67361.2,67298.43,67302.26,0.00958,2026-03-08 13:00:00
1772975100000,67229.0,67291.11,67229.0,67284.57,0.00388,2026-03-08 13:05:00
1772975400000,67271.92,67308.46,67001.9,67001.9,0.40089,2026-03-08 13:10:00
1772975700000,66947.4,67103.45,66947.4,67103.45,0.06366,2026-03-08 13:15:00
1772976000000,67098.7,67121.02,66992.6,66998.9,0.00154,2026-03-08 13:20:00
1772976300000,66921.2,67163.3,66821.04,67163.3,0.18485,2026-03-08 13:25:00
1772976600000,67156.86,67156.86,67091.0,67091.0,0.0006,2026-03-08 13:30:00
1772976900000,67076.6,67098.63,67076.6,67078.22,0.00867,2026-03-08 13:35:00
1772977200000,67045.25,67045.26,66845.0,67043.93,0.37843,2026-03-08 13:40:00
1772977500000,67124.36,67124.36,67124.36,67124.36,0.00015,2026-03-08 13:45:00
1772977800000,67165.21,67210.0,67165.21,67210.0,0.04373,2026-03-08 13:50:00
1772978100000,67235.63,67280.25,67235.63,67243.67,0.19128,2026-03-08 13:55:00
1772978400000,67256.84,67300.0,67214.16,67300.0,0.09554,2026-03-08 14:00:00
1772978700000,67325.31,67360.0,67243.2,67269.44,0.05835,2026-03-08 14:05:00
1772979000000,67308.94,67328.17,67293.2,67325.32,0.00138,2026-03-08 14:10:00
1772979300000,67345.67,67416.69,67339.73,67339.73,0.16886,2026-03-08 14:15:00
1772979600000,67375.43,67375.43,67344.22,67344.22,0.09592,2026-03-08 14:20:00
1772979900000,67298.82,67298.82,67298.82,67298.82,0.00015,2026-03-08 14:25:00
1772980200000,67266.55,67340.28,67266.55,67340.28,0.08787,2026-03-08 14:30:00
1772980500000,67314.02,67314.02,67254.0,67254.0,0.00021,2026-03-08 14:35:00
1772980800000,67226.91,67226.91,67100.0,67121.58,0.15263,2026-03-08 14:40:00
1772981100000,67158.1,67158.1,67158.1,67158.1,0.00015,2026-03-08 14:45:00
1772981400000,67140.75,67234.56,67140.75,67234.56,0.04135,2026-03-08 14:50:00
1772981700000,67275.78,67367.82,67275.78,67367.82,0.00062,2026-03-08 14:55:00
1772982000000,67345.96,67348.07,67261.2,67301.87,0.0668,2026-03-08 15:00:00
1772982300000,67278.65,67359.92,67235.35,67359.92,0.00734,2026-03-08 15:05:00
1772982600000,67366.07,67367.49,67313.58,67339.73,0.09681,2026-03-08 15:10:00
1772982900000,67371.2,67371.2,67309.6,67309.6,0.00148,2026-03-08 15:15:00
1772983200000,67334.35,67336.41,67189.58,67209.99,0.11504,2026-03-08 15:20:00
1772983500000,67236.77,67236.77,67091.36,67108.0,0.00086,2026-03-08 15:25:00
1772983800000,67136.51,67149.66,67129.22,67129.22,0.00461,2026-03-08 15:30:00
1772984100000,67181.81,67181.81,67181.81,67181.81,0.0005,2026-03-08 15:35:00
1772984400000,67164.11,67164.11,67164.11,67164.11,0.00803,2026-03-08 15:40:00
1772984700000,67164.11,67164.11,67164.11,67164.11,0.0,2026-03-08 15:45:00
1772985000000,67111.21,67111.21,67111.21,67111.21,0.0042,2026-03-08 15:50:00
1772985300000,67170.61,67194.42,67170.61,67194.42,0.06021,2026-03-08 15:55:00
1772985600000,67173.3,67256.61,67168.36,67256.61,0.08496,2026-03-08 16:00:00
1772985900000,67258.14,67258.14,67202.47,67202.47,0.04787,2026-03-08 16:05:00
1772986200000,67210.22,67221.72,67119.97,67119.97,0.00284,2026-03-08 16:10:00
1772986500000,67117.64,67117.64,67101.07,67108.68,0.08807,2026-03-08 16:15:00
1772986800000,67125.25,67125.25,67086.6,67086.6,0.09257,2026-03-08 16:20:00
1772987100000,67086.6,67086.6,67086.6,67086.6,0.0,2026-03-08 16:25:00
1772987400000,67125.09,67125.09,67023.09,67023.09,0.1191,2026-03-08 16:30:00
1772987700000,67023.09,67023.09,67023.09,67023.09,0.0,2026-03-08 16:35:00
1772988000000,66974.78,67011.24,66960.71,67011.24,0.02181,2026-03-08 16:40:00
1772988300000,66986.33,66986.33,66892.63,66946.64,0.06645,2026-03-08 16:45:00
1772988600000,66890.12,66890.12,66890.12,66890.12,0.00075,2026-03-08 16:50:00
1772988900000,66900.87,66900.87,66800.0,66875.23,0.00347,2026-03-08 16:55:00
1772989200000,66876.56,67128.9,66819.24,67128.9,0.14868,2026-03-08 17:00:00
1772989500000,67159.97,67174.16,67109.58,67174.16,0.20873,2026-03-08 17:05:00
1772989800000,67117.03,67117.03,67058.24,67095.35,0.00257,2026-03-08 17:10:00
1772990100000,67109.75,67147.28,67083.55,67147.28,0.00033,2026-03-08 17:15:00
1772990400000,67125.29,67125.29,67117.77,67122.1,0.12835,2026-03-08 17:20:00
1772990700000,67123.49,67123.49,67054.78,67057.72,0.08906,2026-03-08 17:25:00
1772991000000,67020.11,67020.11,67018.2,67018.2,0.04225,2026-03-08 17:30:00
1772991300000,67042.35,67042.35,67042.35,67042.35,0.01304,2026-03-08 17:35:00
1772991600000,67042.35,67042.35,67042.35,67042.35,0.0,2026-03-08 17:40:00
1772991900000,67100.0,67100.0,67100.0,67100.0,5e-05,2026-03-08 17:45:00
1772992200000,67076.31,67076.31,67076.31,67076.31,0.04523,2026-03-08 17:50:00
1772992500000,67008.95,67008.95,66985.23,66985.23,0.08874,2026-03-08 17:55:00
1772992800000,67050.1,67050.1,66989.0,66991.79,0.04405,2026-03-08 18:00:00
1772993100000,67004.66,67004.66,66967.45,66967.45,0.00073,2026-03-08 18:05:00
1772993400000,66976.81,66993.85,66948.17,66960.48,0.02191,2026-03-08 18:10:00
1772993700000,66898.33,66898.33,66763.61,66763.61,0.13587,2026-03-08 18:15:00
1772994000000,66801.59,66930.23,66801.59,66905.86,0.17199,2026-03-08 18:20:00
1772994300000,66965.28,66967.11,66927.3,66927.3,0.00565,2026-03-08 18:25:00
1772994600000,66996.14,66996.14,66996.14,66996.14,0.0009,2026-03-08 18:30:00
1772994900000,66901.18,66901.18,66868.49,66868.49,0.00611,2026-03-08 18:35:00
1772995200000,66813.62,66819.1,66810.3,66819.1,0.0089,2026-03-08 18:40:00
1772995500000,66773.95,66794.61,66768.12,66794.61,0.05756,2026-03-08 18:45:00
1772995800000,66794.61,66794.61,66794.61,66794.61,0.0,2026-03-08 18:50:00
1772996100000,66867.61,66867.61,66867.61,66867.61,5e-05,2026-03-08 18:55:00
1772996400000,66789.14,66789.14,66789.14,66789.14,0.00828,2026-03-08 19:00:00
1772996700000,66889.17,66960.77,66889.17,66948.08,0.00194,2026-03-08 19:05:00
1772997000000,66972.8,67070.0,66953.44,67070.0,0.06433,2026-03-08 19:10:00
1772997300000,67047.08,67191.49,67047.08,67191.49,0.14303,2026-03-08 19:15:00
1772997600000,67159.06,67234.56,67159.06,67234.56,0.08449,2026-03-08 19:20:00
1772997900000,67230.11,67230.11,67230.11,67230.11,0.04133,2026-03-08 19:25:00
1772998200000,67230.11,67311.88,67230.11,67310.1,0.1436,2026-03-08 19:30:00
1772998500000,67336.91,67336.91,67320.84,67320.84,0.00887,2026-03-08 19:35:00
1772998800000,67296.37,67345.67,67296.37,67345.67,0.04773,2026-03-08 19:40:00
1772999100000,67392.9,67459.79,67391.56,67446.83,0.10619,2026-03-08 19:45:00
1772999400000,67419.19,67419.19,67309.07,67309.07,0.00129,2026-03-08 19:50:00
1772999700000,67324.35,67324.35,67324.35,67324.35,0.00015,2026-03-08 19:55:00
1773000000000,67279.17,67279.17,67279.17,67279.17,7e-05,2026-03-08 20:00:00
1773000300000,67207.29,67247.35,67207.29,67247.35,0.00041,2026-03-08 20:05:00
1773000600000,67149.95,67149.95,67100.0,67100.0,0.00336,2026-03-08 20:10:00
1773000900000,67111.96,67203.39,67073.92,67203.39,0.05827,2026-03-08 20:15:00
1773001200000,67169.25,67169.25,67078.24,67078.24,0.09559,2026-03-08 20:20:00
1773001500000,67078.24,67078.24,67078.24,67078.24,0.0,2026-03-08 20:25:00
1773001800000,67086.52,67311.18,67086.52,67298.18,0.35361,2026-03-08 20:30:00
1773002100000,67322.9,67508.89,67322.89,67443.86,0.16758,2026-03-08 20:35:00
1773002400000,67409.52,67409.52,67383.64,67383.64,0.00139,2026-03-08 20:40:00
1773002700000,67346.29,67371.68,67341.98,67344.02,0.09365,2026-03-08 20:45:00
1773003000000,67336.45,67342.15,67246.96,67246.96,0.32039,2026-03-08 20:50:00
1773003300000,67252.23,67252.23,67235.7,67235.7,0.02312,2026-03-08 20:55:00
1773003600000,67239.19,67252.75,67219.48,67225.42,0.08792,2026-03-08 21:00:00
1773003900000,67143.19,67154.39,66971.98,66993.25,0.16353,2026-03-08 21:05:00
1773004200000,66970.47,66970.47,66738.6,66853.74,0.26934,2026-03-08 21:10:00
1773004500000,66802.92,66850.61,66802.92,66850.55,0.05291,2026-03-08 21:15:00
1773004800000,66881.34,66935.62,66881.34,66935.62,0.00087,2026-03-08 21:20:00
1773005100000,66958.91,66982.69,66958.91,66979.78,0.05284,2026-03-08 21:25:00
1773005400000,67025.08,67025.08,67025.08,67025.08,0.00104,2026-03-08 21:30:00
1773005700000,66996.68,67010.87,66961.69,66979.58,0.15207,2026-03-08 21:35:00
1773006000000,67013.65,67013.65,66997.57,67008.75,0.0013,2026-03-08 21:40:00
1773006300000,67017.97,67036.43,67015.49,67015.49,0.0031,2026-03-08 21:45:00
1773006600000,66972.97,66972.97,66928.56,66942.43,0.00939,2026-03-08 21:50:00
1773006900000,66961.41,67010.35,66961.41,66998.97,0.0154,2026-03-08 21:55:00
1773007200000,66988.91,66991.12,65772.73,65772.73,1.63278,2026-03-08 22:00:00
1773007500000,65813.2,66173.7,65737.41,66035.84,0.18968,2026-03-08 22:05:00
1773007800000,66082.39,66082.39,65680.7,66013.37,0.09637,2026-03-08 22:10:00
1773008100000,66066.08,66161.27,65788.42,65788.42,0.21025,2026-03-08 22:15:00
1773008400000,65768.56,65768.56,65627.02,65644.34,0.13188,2026-03-08 22:20:00
1773008700000,65677.32,66006.25,65677.32,65932.98,0.26911,2026-03-08 22:25:00
1773009000000,65937.69,65945.65,65804.98,65945.65,0.04831,2026-03-08 22:30:00
1773009300000,66055.26,66287.65,66031.42,66031.42,0.31384,2026-03-08 22:35:00
1773009600000,66030.0,66055.77,66023.12,66041.99,0.02532,2026-03-08 22:40:00
1773009900000,66109.87,66312.48,66083.7,66259.03,0.06473,2026-03-08 22:45:00
1773010200000,66138.4,66138.4,66074.52,66074.52,0.01239,2026-03-08 22:50:00
1773010500000,66219.45,66219.45,66195.66,66195.66,0.01269,2026-03-08 22:55:00
1773010800000,66248.58,66398.28,66226.9,66379.82,0.05757,2026-03-08 23:00:00
1773011100000,66396.9,66437.71,66206.14,66206.14,0.05831,2026-03-08 23:05:00
1773011400000,66183.28,66325.91,66142.19,66325.91,0.00093,2026-03-08 23:10:00
1773011700000,66344.65,66344.65,66310.02,66310.02,0.05099,2026-03-08 23:15:00
1773012000000,66437.71,66547.76,66437.71,66547.76,0.04379,2026-03-08 23:20:00
1773012300000,66540.31,66540.31,66441.12,66441.12,0.20371,2026-03-08 23:25:00
1773012600000,66444.82,66452.92,66414.43,66414.43,0.0954,2026-03-08 23:30:00
1773012900000,66400.41,66400.41,66309.0,66309.0,0.0495,2026-03-08 23:35:00
1773013200000,66200.0,66247.37,66200.0,66224.19,0.00304,2026-03-08 23:40:00
1773013500000,66046.58,66046.58,66046.58,66046.58,0.00151,2026-03-08 23:45:00
1773013800000,66188.17,66192.81,66037.27,66037.27,0.02872,2026-03-08 23:50:00
1773014100000,66062.16,66081.38,65936.13,66007.38,0.0595,2026-03-08 23:55:00
1773014400000,65992.98,66128.02,65976.66,66128.02,0.16287,2026-03-09 00:00:00
1773014700000,66158.31,66314.5,66158.31,66286.77,0.19813,2026-03-09 00:05:00
1773015000000,66312.0,66409.27,66305.62,66305.62,0.05667,2026-03-09 00:10:00
1773015300000,66250.83,66339.95,66250.82,66339.95,0.02008,2026-03-09 00:15:00
1773015600000,66201.22,66201.22,65989.64,65989.64,0.01813,2026-03-09 00:20:00
1773015900000,65996.9,66073.72,65889.08,66073.72,0.0982,2026-03-09 00:25:00
1773016200000,66206.19,66506.58,66206.19,66399.84,0.71147,2026-03-09 00:30:00
1773016500000,66571.16,66738.6,66532.21,66537.06,0.02265,2026-03-09 00:35:00
1773016800000,66527.3,66527.3,66394.4,66400.96,0.00331,2026-03-09 00:40:00
1773017100000,66475.39,66559.09,66381.25,66417.88,0.04963,2026-03-09 00:45:00
1773017400000,66407.81,66485.34,66312.48,66312.48,0.1371,2026-03-09 00:50:00
1773017700000,66323.54,66421.71,66276.61,66363.72,0.01015,2026-03-09 00:55:00
1773018000000,66358.39,66393.97,66240.41,66240.41,0.04166,2026-03-09 01:00:00
1773018300000,66200.0,66295.4,66196.49,66196.79,0.04247,2026-03-09 01:05:00
1773018600000,66265.15,66408.4,66265.15,66377.72,0.05277,2026-03-09 01:10:00
1773018900000,66347.83,66424.3,66298.71,66355.7,0.28729,2026-03-09 01:15:00
1773019200000,66335.35,66538.62,66295.38,66538.62,0.02145,2026-03-09 01:20:00
1773019500000,66579.24,66603.83,66467.57,66467.57,0.1639,2026-03-09 01:25:00
1773019800000,66406.19,66666.44,66406.19,66666.44,0.11703,2026-03-09 01:30:00
1773020100000,66612.37,66640.15,66612.37,66640.15,0.06307,2026-03-09 01:35:00
1773020400000,66576.14,66620.1,66569.03,66620.1,0.0143,2026-03-09 01:40:00
1773020700000,66623.86,66623.86,66401.9,66507.05,0.22997,2026-03-09 01:45:00
1773021000000,66494.4,66494.4,66449.61,66465.8,0.04448,2026-03-09 01:50:00
1773021300000,66444.3,66444.3,66196.49,66246.62,0.10159,2026-03-09 01:55:00
1773021600000,66153.73,66240.31,66153.73,66209.99,0.08036,2026-03-09 02:00:00
1773021900000,66103.6,66242.07,66094.65,66242.07,0.00157,2026-03-09 02:05:00
1773022200000,66214.54,66296.24,66166.96,66166.96,0.01424,2026-03-09 02:10:00
1773022500000,66163.95,66163.95,65987.36,65998.06,0.08842,2026-03-09 02:15:00
1773022800000,65993.57,66144.26,65971.12,66144.26,0.15966,2026-03-09 02:20:00
1773023100000,66094.16,66094.16,66094.16,66094.16,0.00017,2026-03-09 02:25:00
1773023400000,66154.92,66154.92,66154.92,66154.92,0.00779,2026-03-09 02:30:00
1773023700000,66322.94,66500.0,66322.94,66469.61,0.03256,2026-03-09 02:35:00
1773024000000,66457.22,66509.51,66457.22,66507.05,0.04373,2026-03-09 02:40:00
1773024300000,66585.91,66609.4,66552.87,66590.2,0.12806,2026-03-09 02:45:00
1773024600000,66648.45,66648.52,66620.65,66627.34,0.42717,2026-03-09 02:50:00
1773024900000,66647.71,66647.71,66567.69,66618.13,0.28627,2026-03-09 02:55:00
1773025200000,66608.88,66934.83,66608.88,66934.83,0.1787,2026-03-09 03:00:00
1773025500000,66897.2,67214.27,66897.2,67150.2,0.15375,2026-03-09 03:05:00
1773025800000,67225.3,67443.27,67225.3,67364.97,0.70002,2026-03-09 03:10:00
1773026100000,67485.35,67660.0,67417.86,67660.0,0.23101,2026-03-09 03:15:00
1773026400000,67468.1,67468.1,67108.44,67109.2,0.12457,2026-03-09 03:20:00
1773026700000,67143.73,67217.64,67143.73,67217.64,0.05464,2026-03-09 03:25:00
1773027000000,67249.94,67323.74,67220.39,67323.74,0.00537,2026-03-09 03:30:00
1773027300000,67216.6,67272.49,67129.17,67129.98,0.09679,2026-03-09 03:35:00
1773027600000,67100.0,67100.0,67100.0,67100.0,0.00075,2026-03-09 03:40:00
1773027900000,67135.3,67135.3,67135.06,67135.06,0.08722,2026-03-09 03:45:00
1773028200000,67145.33,67219.6,67081.46,67081.46,0.13243,2026-03-09 03:50:00
1773028500000,67155.58,67166.04,67155.58,67166.04,0.00261,2026-03-09 03:55:00
1773028800000,67209.45,67277.47,67209.45,67245.74,0.04485,2026-03-09 04:00:00
1773029100000,67237.9,67292.72,67198.21,67198.21,0.04459,2026-03-09 04:05:00
1773029400000,67275.95,67275.95,67182.15,67182.15,0.05414,2026-03-09 04:10:00
1773029700000,67217.78,67249.6,67217.78,67236.87,0.00904,2026-03-09 04:15:00
1773030000000,67308.39,67362.75,67308.39,67333.98,0.0546,2026-03-09 04:20:00
1773030300000,67400.0,67599.08,67400.0,67558.3,0.09547,2026-03-09 04:25:00
1773030600000,67566.4,67576.0,67492.7,67527.94,0.10307,2026-03-09 04:30:00
1773030900000,67527.94,67527.94,67527.94,67527.94,0.0,2026-03-09 04:35:00
1773031200000,67504.35,67522.83,67418.64,67522.83,0.12875,2026-03-09 04:40:00
1773031500000,67522.83,67522.83,67522.83,67522.83,0.0,2026-03-09 04:45:00
1773031800000,67408.7,67408.7,67384.15,67384.15,0.0045,2026-03-09 04:50:00
1773032100000,67346.65,67346.65,67117.0,67117.0,0.16142,2026-03-09 04:55:00
1773032400000,67144.37,67237.01,67141.6,67213.25,0.05017,2026-03-09 05:00:00
1773032700000,67269.62,67269.62,67206.57,67206.57,0.04867,2026-03-09 05:05:00
1773033000000,67191.76,67191.76,67151.11,67177.52,0.00193,2026-03-09 05:10:00
1773033300000,67172.0,67190.5,67145.24,67145.24,0.00601,2026-03-09 05:15:00
1773033600000,67145.24,67145.24,67145.24,67145.24,0.0,2026-03-09 05:20:00
1773033900000,67378.37,67378.37,67378.37,67378.37,0.00095,2026-03-09 05:25:00
1773034200000,67368.09,67599.08,67368.09,67596.77,0.04653,2026-03-09 05:30:00
1773034500000,67594.48,67594.48,67499.22,67567.77,0.0477,2026-03-09 05:35:00
1773034800000,67595.71,67954.55,67595.71,67832.84,0.46226,2026-03-09 05:40:00
1773035100000,67902.6,68029.79,67845.41,68029.79,0.15811,2026-03-09 05:45:00
1773035400000,68033.47,68116.02,67861.18,67868.61,0.26803,2026-03-09 05:50:00
1773035700000,67833.67,67833.68,67833.67,67833.68,0.0121,2026-03-09 05:55:00
1773036000000,67912.15,67912.15,67839.6,67839.6,0.01098,2026-03-09 06:00:00
1773036300000,67735.88,67735.88,67623.27,67639.3,0.09414,2026-03-09 06:05:00
1773036600000,67636.07,67688.33,67599.08,67632.49,0.1516,2026-03-09 06:10:00
1773036900000,67675.18,67675.18,67675.18,67675.18,0.01348,2026-03-09 06:15:00
1773037200000,67569.02,67569.02,67522.82,67522.82,0.00438,2026-03-09 06:20:00
1773037500000,67544.21,67544.21,67495.26,67522.82,0.55401,2026-03-09 06:25:00
1773037800000,67544.44,67544.44,67522.82,67522.82,0.04521,2026-03-09 06:30:00
1773038100000,67395.19,67395.19,67362.48,67387.03,0.00446,2026-03-09 06:35:00
1773038400000,67349.14,67376.29,67349.14,67376.29,0.0011,2026-03-09 06:40:00
1773038700000,67313.25,67339.01,67290.73,67333.76,0.07081,2026-03-09 06:45:00
1773039000000,67333.38,67333.38,67276.7,67276.7,0.00104,2026-03-09 06:50:00
1773039300000,67314.03,67314.03,67270.3,67270.3,0.12664,2026-03-09 06:55:00
1773039600000,67237.47,67298.8,67167.46,67179.87,0.00442,2026-03-09 07:00:00
1773039900000,67171.07,67250.78,67171.07,67250.78,0.04644,2026-03-09 07:05:00
1773040200000,67257.21,67320.22,67253.85,67268.69,0.0457,2026-03-09 07:10:00
1773040500000,67122.6,67122.6,66904.75,66974.88,0.2366,2026-03-09 07:15:00
1773040800000,67049.97,67049.97,67049.97,67049.97,0.04,2026-03-09 07:20:00
1773041100000,67209.83,67272.53,67209.83,67232.61,0.08367,2026-03-09 07:25:00
1773041400000,67254.54,67332.29,67254.54,67281.0,0.10279,2026-03-09 07:30:00
1773041700000,67384.4,67453.02,67332.29,67450.58,0.10869,2026-03-09 07:35:00
1773042000000,67468.9,67468.9,67468.9,67468.9,0.00127,2026-03-09 07:40:00
1773042300000,67422.53,67422.53,67422.53,67422.53,0.0081,2026-03-09 07:45:00
1773042600000,67420.9,67437.32,67420.9,67437.32,0.04083,2026-03-09 07:50:00
1773042900000,67522.82,67562.98,67522.82,67562.98,0.00827,2026-03-09 07:55:00
1773043200000,67562.97,67601.54,67495.14,67512.1,0.1907,2026-03-09 08:00:00
1773043500000,67510.77,67563.78,67503.83,67563.78,0.00029,2026-03-09 08:05:00
1773043800000,67563.78,67563.78,67563.78,67563.78,0.0,2026-03-09 08:10:00
1773044100000,67468.58,67534.33,67463.28,67534.33,0.01601,2026-03-09 08:15:00
1773044400000,67698.13,67763.0,67698.13,67732.81,0.01095,2026-03-09 08:20:00
1773044700000,67726.77,67816.28,67726.77,67805.0,0.12833,2026-03-09 08:25:00
1773045000000,67776.09,67776.09,67776.09,67776.09,2e-05,2026-03-09 08:30:00
1773045300000,67882.63,67882.63,67718.39,67718.39,0.05469,2026-03-09 08:35:00
1773045600000,67716.84,67806.2,67716.84,67806.2,0.44845,2026-03-09 08:40:00
1773045900000,67834.75,67834.75,67756.14,67756.14,0.05531,2026-03-09 08:45:00
1773046200000,67891.23,67891.23,67891.23,67891.23,0.14379,2026-03-09 08:50:00
1773046500000,67856.48,67881.6,67800.91,67800.91,0.01307,2026-03-09 08:55:00
1773046800000,67790.25,67790.25,67785.51,67785.51,0.04088,2026-03-09 09:00:00
1773047100000,67662.1,67662.1,67605.64,67657.81,0.02771,2026-03-09 09:05:00
1773047400000,67661.6,67792.8,67661.6,67785.68,0.03023,2026-03-09 09:10:00
1773047700000,67863.55,67948.07,67861.37,67948.07,0.06851,2026-03-09 09:15:00
1773048000000,67834.08,67975.35,67834.08,67975.35,0.01851,2026-03-09 09:20:00
1773048300000,68000.0,68033.47,68000.0,68012.18,0.03399,2026-03-09 09:25:00
1773048600000,67955.32,68262.47,67955.32,68151.72,0.09247,2026-03-09 09:30:00
1773048900000,68269.68,68362.97,68245.36,68252.32,0.00614,2026-03-09 09:35:00
1773049200000,68288.63,68453.34,68288.63,68453.34,0.19962,2026-03-09 09:40:00
1773049500000,68338.54,68338.54,68226.89,68242.03,0.09654,2026-03-09 09:45:00
1773049800000,68213.25,68213.25,68096.32,68096.32,0.02123,2026-03-09 09:50:00
1773050100000,68102.22,68107.1,67996.91,67996.91,0.23774,2026-03-09 09:55:00
1773050400000,68020.04,68040.2,67925.42,67925.42,0.00134,2026-03-09 10:00:00
1773050700000,68043.05,68043.05,68029.43,68029.43,0.08801,2026-03-09 10:05:00
1773051000000,67983.65,67983.65,67970.95,67979.47,0.04056,2026-03-09 10:10:00
1773051300000,67861.43,67887.6,67799.56,67856.07,0.15985,2026-03-09 10:15:00
1773051600000,67867.2,67890.76,67867.2,67890.76,0.00476,2026-03-09 10:20:00
1773051900000,67806.55,67809.44,67806.55,67809.44,0.0438,2026-03-09 10:25:00
1773052200000,67784.38,67831.86,67763.0,67831.86,0.00416,2026-03-09 10:30:00
1773052500000,67817.29,67817.29,67698.13,67731.48,0.04888,2026-03-09 10:35:00
1773052800000,67703.38,67710.43,67599.08,67689.22,0.00747,2026-03-09 10:40:00
1773053100000,67666.62,67687.27,67666.62,67687.27,0.04604,2026-03-09 10:45:00
1773053400000,67676.97,67679.19,67636.13,67679.19,0.05582,2026-03-09 10:50:00
1773053700000,67651.3,67651.3,67563.78,67615.85,0.06378,2026-03-09 10:55:00
1773054000000,67615.85,67615.85,67615.85,67615.85,0.0,2026-03-09 11:00:00
1773054300000,67677.8,67742.01,67611.78,67741.42,0.12238,2026-03-09 11:05:00
1773054600000,67732.95,67743.42,67717.65,67717.65,0.0437,2026-03-09 11:10:00
1773054900000,67526.32,67526.32,67435.08,67435.08,0.17982,2026-03-09 11:15:00
1773055200000,67395.19,67532.05,67350.81,67532.05,0.32091,2026-03-09 11:20:00
1773055500000,67514.35,67514.35,67457.43,67483.61,0.1213,2026-03-09 11:25:00
1773055800000,67536.45,67536.45,67501.62,67501.62,0.10274,2026-03-09 11:30:00
1773056100000,67653.42,67653.42,67593.38,67593.38,0.00151,2026-03-09 11:35:00
1773056400000,67658.48,67658.48,67614.08,67635.02,0.08403,2026-03-09 11:40:00
1773056700000,67650.66,67714.58,67632.25,67632.25,0.00496,2026-03-09 11:45:00
1773057000000,67596.64,67806.51,67579.44,67777.4,0.00892,2026-03-09 11:50:00
1773057300000,67853.9,67862.01,67762.25,67762.25,0.06302,2026-03-09 11:55:00
1773057600000,67779.73,67890.81,67754.5,67890.81,0.04528,2026-03-09 12:00:00
1773057900000,67866.66,67881.38,67852.9,67873.59,0.15373,2026-03-09 12:05:00
1773058200000,67853.07,67855.01,67801.84,67818.56,0.39462,2026-03-09 12:10:00
1773058500000,67925.42,67939.63,67925.42,67937.71,0.00217,2026-03-09 12:15:00
1773058800000,67984.02,68064.92,67979.2,68064.92,0.07261,2026-03-09 12:20:00
1773059100000,68028.62,68049.66,68028.62,68049.66,0.08883,2026-03-09 12:25:00
1773059400000,68160.27,68160.27,68002.18,68002.18,0.15819,2026-03-09 12:30:00
1773059700000,68014.77,68330.43,68014.77,68285.22,0.37616,2026-03-09 12:35:00
1773060000000,68244.19,68334.52,68130.5,68130.5,0.15786,2026-03-09 12:40:00
1773060300000,68131.69,68154.76,68105.67,68105.67,0.00974,2026-03-09 12:45:00
1773060600000,68084.92,68099.18,68084.92,68099.18,0.00048,2026-03-09 12:50:00
1773060900000,68181.02,68203.58,68126.14,68203.58,0.0589,2026-03-09 12:55:00
1773061200000,68183.51,68232.33,68165.66,68232.33,0.08492,2026-03-09 13:00:00
1773061500000,68314.11,68314.11,68253.41,68266.67,0.01132,2026-03-09 13:05:00
1773061800000,68323.07,68561.99,68323.07,68477.47,0.23451,2026-03-09 13:10:00
1773062100000,68384.4,68384.4,68384.4,68384.4,5e-05,2026-03-09 13:15:00
1773062400000,68231.25,68231.29,68193.77,68219.99,0.06325,2026-03-09 13:20:00
1773062700000,68220.0,68779.2,68220.0,68700.88,0.61838,2026-03-09 13:25:00
1773063000000,68735.8,69001.24,68678.67,69001.24,0.51227,2026-03-09 13:30:00
1773063300000,69000.0,69000.0,68783.06,68783.06,0.1394,2026-03-09 13:35:00
1773063600000,68852.41,69267.17,68852.41,69267.17,0.03694,2026-03-09 13:40:00
1773063900000,69197.29,69278.83,68947.37,68947.37,0.3266,2026-03-09 13:45:00
1773064200000,68853.65,69055.35,68853.65,68925.6,0.03617,2026-03-09 13:50:00
1773064500000,69022.94,69026.52,69022.94,69026.52,0.00045,2026-03-09 13:55:00
1773064800000,68997.74,69237.25,68997.74,69029.25,0.0242,2026-03-09 14:00:00
1773065100000,69102.19,69102.19,68753.87,68776.96,0.08704,2026-03-09 14:05:00
1773065400000,68737.84,68856.2,68724.94,68856.2,0.08723,2026-03-09 14:10:00
1773065700000,69085.08,69218.36,69051.36,69072.91,0.15584,2026-03-09 14:15:00
1773066000000,69066.95,69201.67,69010.93,69107.34,0.03222,2026-03-09 14:20:00
1773066300000,69248.73,69248.73,69049.75,69136.91,0.08828,2026-03-09 14:25:00
1773066600000,69283.94,69320.7,69126.12,69128.36,0.06052,2026-03-09 14:30:00
1773066900000,69216.95,69420.0,69216.95,69348.62,0.04929,2026-03-09 14:35:00
1773067200000,69392.18,69471.92,69331.33,69341.76,0.27319,2026-03-09 14:40:00
1773067500000,69399.54,69399.54,69207.86,69207.86,0.24213,2026-03-09 14:45:00
1773067800000,69235.3,69235.3,69235.3,69235.3,0.00105,2026-03-09 14:50:00
1773068100000,69211.61,69211.61,69131.78,69147.49,0.06778,2026-03-09 14:55:00
1773068400000,69218.44,69230.59,69153.31,69153.31,0.00428,2026-03-09 15:00:00
1773068700000,69235.39,69274.33,69027.29,69027.29,0.31706,2026-03-09 15:05:00
1773069000000,69051.71,69158.26,69017.64,69135.44,0.06191,2026-03-09 15:10:00
1773069300000,69223.07,69223.07,69000.0,69000.0,0.05207,2026-03-09 15:15:00
1773069600000,69065.28,69138.11,69049.44,69108.27,0.04166,2026-03-09 15:20:00
1773069900000,69117.95,69155.79,69050.96,69050.96,0.03218,2026-03-09 15:25:00
1773070200000,69055.84,69055.84,68900.0,68993.9,0.09166,2026-03-09 15:30:00
1773070500000,68810.0,68883.99,68750.0,68784.16,0.26077,2026-03-09 15:35:00
1773070800000,68807.91,68814.06,68747.97,68753.61,0.05977,2026-03-09 15:40:00
1773071100000,68882.72,68882.72,68855.82,68873.89,0.01788,2026-03-09 15:45:00
1773071400000,68850.47,68893.73,68794.64,68893.73,0.48507,2026-03-09 15:50:00
1773071700000,68913.53,69055.35,68913.53,69024.16,0.03198,2026-03-09 15:55:00
1773072000000,68851.03,68998.39,68817.54,68941.41,0.06734,2026-03-09 16:00:00
1773072300000,68978.08,69025.38,68869.84,68869.84,0.06195,2026-03-09 16:05:00
1773072600000,68843.13,68843.13,68750.29,68820.64,0.01666,2026-03-09 16:10:00
1773072900000,68804.18,68812.14,68800.0,68812.14,0.86198,2026-03-09 16:15:00
1773073200000,68850.8,68915.49,68850.8,68915.49,0.01918,2026-03-09 16:20:00
1773073500000,68867.35,69005.78,68867.35,69005.78,0.05089,2026-03-09 16:25:00
1773073800000,68993.57,68993.57,68680.34,68738.1,0.02624,2026-03-09 16:30:00
1773074100000,68807.99,68807.99,68807.99,68807.99,0.00768,2026-03-09 16:35:00
1773074400000,69024.91,69125.0,69024.91,69113.29,0.1007,2026-03-09 16:40:00
1773074700000,69014.46,69042.33,68982.4,68989.8,0.00477,2026-03-09 16:45:00
1773075000000,69141.46,69189.68,69141.46,69189.68,0.18399,2026-03-09 16:50:00
1773075300000,68967.11,68967.11,68964.9,68964.9,0.04216,2026-03-09 16:55:00
1773075600000,68993.9,68993.9,68913.01,68949.14,0.00896,2026-03-09 17:00:00
1773075900000,68979.1,69049.09,68979.1,69023.83,0.00291,2026-03-09 17:05:00
1773076200000,69061.83,69073.55,68982.55,68982.55,0.01337,2026-03-09 17:10:00
1773076500000,68982.55,68982.55,68982.55,68982.55,0.0,2026-03-09 17:15:00
1773076800000,68890.2,68890.2,68737.84,68737.84,0.0488,2026-03-09 17:20:00
1773077100000,68744.67,68744.68,68616.99,68616.99,0.0632,2026-03-09 17:25:00
1773077400000,68615.6,68738.31,68589.74,68673.05,0.09888,2026-03-09 17:30:00
1773077700000,68720.04,68720.04,68431.0,68431.0,0.13199,2026-03-09 17:35:00
1773078000000,68375.07,68424.72,68258.5,68414.71,0.04523,2026-03-09 17:40:00
1773078300000,68446.45,68506.27,68421.54,68467.96,0.06537,2026-03-09 17:45:00
1773078600000,68521.01,68627.14,68521.01,68627.14,0.0094,2026-03-09 17:50:00
1773078900000,68624.92,68655.14,68592.01,68653.67,0.05133,2026-03-09 17:55:00
1773079200000,68579.8,68598.91,68487.79,68491.64,0.01733,2026-03-09 18:00:00
1773079500000,68413.64,68458.56,68240.84,68358.7,0.14431,2026-03-09 18:05:00
1773079800000,68409.21,68485.3,68409.21,68463.93,0.01443,2026-03-09 18:10:00
1773080100000,68451.98,68632.36,68451.98,68632.36,0.05943,2026-03-09 18:15:00
1773080400000,68603.69,68603.69,68580.22,68580.23,0.01023,2026-03-09 18:20:00
1773080700000,68577.79,68577.79,68555.64,68555.64,0.06437,2026-03-09 18:25:00
1773081000000,68622.93,68680.5,68572.7,68680.5,0.32203,2026-03-09 18:30:00
1773081300000,68631.75,68631.75,68510.41,68510.41,0.01613,2026-03-09 18:35:00
1773081600000,68510.41,68510.41,68510.41,68510.41,0.0,2026-03-09 18:40:00
1773081900000,68478.04,68478.04,68478.04,68478.04,0.0001,2026-03-09 18:45:00
1773082200000,68423.07,68423.07,68423.07,68423.07,0.00103,2026-03-09 18:50:00
1773082500000,68400.13,68400.13,68343.08,68343.08,0.01531,2026-03-09 18:55:00
1773082800000,68461.89,68487.53,68461.89,68487.53,0.00175,2026-03-09 19:00:00
1773083100000,68455.82,68510.71,68455.82,68484.24,0.0031,2026-03-09 19:05:00
1773083400000,68500.19,68500.19,68433.3,68433.3,0.01013,2026-03-09 19:10:00
1773083700000,68425.48,68787.78,68425.48,68787.78,0.09593,2026-03-09 19:15:00
1773084000000,68803.76,69043.48,68729.51,68951.85,0.06815,2026-03-09 19:20:00
1773084300000,69114.73,69360.0,69114.73,69190.89,0.114,2026-03-09 19:25:00
1773084600000,69381.93,69519.89,69260.33,69303.01,0.23476,2026-03-09 19:30:00
1773084900000,69242.41,69250.34,69005.73,69058.52,0.0662,2026-03-09 19:35:00
1773085200000,68964.17,68964.17,68869.22,68900.87,0.039,2026-03-09 19:40:00
1773085500000,68900.87,68900.87,68900.87,68900.87,0.0,2026-03-09 19:45:00
1773085800000,68900.87,68900.87,68900.87,68900.87,0.0,2026-03-09 19:50:00
1773086100000,68935.98,69007.67,68935.98,69007.67,0.0486,2026-03-09 19:55:00
1773086400000,69006.03,69155.86,68973.33,69006.89,0.05537,2026-03-09 20:00:00
1773086700000,69043.95,69082.17,68962.34,69082.17,0.01208,2026-03-09 20:05:00
1773087000000,68931.31,69032.73,68931.31,69006.39,0.09264,2026-03-09 20:10:00
1773087300000,69004.64,69052.53,68993.55,69052.53,0.05729,2026-03-09 20:15:00
1773087600000,68968.3,68976.48,68968.3,68976.48,0.00011,2026-03-09 20:20:00
1773087900000,68956.93,68956.93,68956.93,68956.93,0.00058,2026-03-09 20:25:00
1773088200000,68905.82,68933.66,68814.49,68814.49,0.02179,2026-03-09 20:30:00
1773088500000,68864.72,68895.91,68864.72,68895.91,0.05252,2026-03-09 20:35:00
1773088800000,68895.22,68925.6,68895.22,68925.6,0.07361,2026-03-09 20:40:00
1773089100000,68853.18,68853.18,68821.14,68821.14,0.01714,2026-03-09 20:45:00
1773089400000,68768.4,68780.26,68768.4,68780.26,0.00125,2026-03-09 20:50:00
1773089700000,69011.98,69011.98,69011.98,69011.98,0.00035,2026-03-09 20:55:00
1773090000000,69084.75,69115.41,69072.05,69079.83,0.05106,2026-03-09 21:00:00
1773090300000,69079.96,69090.6,69050.39,69050.39,0.04954,2026-03-09 21:05:00
1773090600000,69022.28,69097.17,69008.86,69043.97,0.04153,2026-03-09 21:10:00
1773090900000,69063.8,69085.42,69020.52,69020.52,0.00054,2026-03-09 21:15:00
1773091200000,68949.36,68949.36,68852.07,68852.07,0.11311,2026-03-09 21:20:00
1773091500000,68899.46,68900.82,68899.46,68900.82,0.08,2026-03-09 21:25:00
1773091800000,68828.48,68892.24,68828.48,68890.73,0.02219,2026-03-09 21:30:00
1773092100000,68925.53,68925.53,68925.53,68925.53,0.00019,2026-03-09 21:35:00
1773092400000,68753.22,69005.7,68680.34,68958.61,0.15462,2026-03-09 21:40:00
1773092700000,68959.3,68959.3,68905.7,68929.88,0.07697,2026-03-09 21:45:00
1773093000000,68968.34,68995.0,68968.34,68995.0,0.00159,2026-03-09 21:50:00
1773093300000,68975.61,68990.92,68975.61,68983.64,0.05559,2026-03-09 21:55:00
1773093600000,68959.94,69071.91,68935.35,68938.28,0.03012,2026-03-09 22:00:00
1773093900000,68804.85,68854.57,68804.85,68820.27,0.00194,2026-03-09 22:05:00
1773094200000,68744.1,68744.1,68711.43,68711.43,0.00155,2026-03-09 22:10:00
1773094500000,68798.08,68798.08,68798.08,68798.08,0.00014,2026-03-09 22:15:00
1773094800000,68770.24,68770.24,68770.24,68770.24,0.00209,2026-03-09 22:20:00
1773095100000,68849.91,68849.91,68849.91,68849.91,0.00066,2026-03-09 22:25:00
1773095400000,68867.39,68874.79,68817.39,68817.39,0.00172,2026-03-09 22:30:00
1773095700000,68826.71,68826.71,68615.6,68623.69,0.1864,2026-03-09 22:35:00
1773096000000,68674.95,68739.22,68656.19,68739.22,0.14087,2026-03-09 22:40:00
1773096300000,68717.17,68717.17,68681.4,68681.4,0.09652,2026-03-09 22:45:00
1773096600000,68719.9,68719.9,68603.66,68634.0,0.02923,2026-03-09 22:50:00
1773096900000,68634.0,68634.0,68634.0,68634.0,0.0,2026-03-09 22:55:00
1773097200000,68638.98,68644.1,68584.35,68624.92,0.05864,2026-03-09 23:00:00
1773097500000,68593.41,68691.48,68586.08,68691.48,0.00085,2026-03-09 23:05:00
1773097800000,68691.0,68716.59,68674.13,68680.8,0.00285,2026-03-09 23:10:00
1773098100000,68657.24,68657.24,68565.23,68565.23,0.00156,2026-03-09 23:15:00
1773098400000,68559.31,68615.95,68527.83,68615.95,0.04982,2026-03-09 23:20:00
1773098700000,68608.56,68608.56,68608.56,68608.56,0.04,2026-03-09 23:25:00
1773099000000,68575.73,68594.14,68575.73,68589.0,0.0702,2026-03-09 23:30:00
1773099300000,68589.0,68589.0,68589.0,68589.0,0.0,2026-03-09 23:35:00
1773099600000,68566.57,68580.5,68539.71,68539.71,0.12333,2026-03-09 23:40:00
1773099900000,68500.0,68500.0,68488.4,68489.41,0.1414,2026-03-09 23:45:00
1773100200000,68470.68,68470.68,68439.65,68453.15,0.00758,2026-03-09 23:50:00
1773100500000,68435.52,68435.52,68374.92,68374.92,0.01092,2026-03-09 23:55:00
1773100800000,68404.53,68492.14,68404.53,68469.92,0.09889,2026-03-10 00:00:00
1773101100000,68448.15,68482.52,68432.27,68482.52,0.10589,2026-03-10 00:05:00
1773101400000,68437.89,68473.55,68421.66,68421.66,0.05443,2026-03-10 00:10:00
1773101700000,68407.75,68654.64,68407.75,68654.64,0.12818,2026-03-10 00:15:00
1773102000000,68654.64,68654.64,68654.64,68654.64,0.0,2026-03-10 00:20:00
1773102300000,68744.95,69020.24,68744.95,69020.24,0.15615,2026-03-10 00:25:00
1773102600000,68927.58,69038.06,68901.91,69038.06,0.15689,2026-03-10 00:30:00
1773102900000,69066.04,69207.55,68966.12,69163.14,0.51718,2026-03-10 00:35:00
1773103200000,69197.71,69197.71,69151.78,69157.19,0.08855,2026-03-10 00:40:00
1773103500000,69157.19,69303.15,69139.45,69217.44,0.32591,2026-03-10 00:45:00
1773103800000,69185.77,69185.77,69140.92,69140.92,0.00018,2026-03-10 00:50:00
1773104100000,69090.64,69093.68,69045.25,69093.68,0.04034,2026-03-10 00:55:00
1773104400000,69107.3,69242.99,69100.42,69100.42,0.0023,2026-03-10 01:00:00
1773104700000,69107.38,69186.65,69107.38,69160.09,0.00397,2026-03-10 01:05:00
1773105000000,69177.66,69177.66,69117.77,69117.77,0.02233,2026-03-10 01:10:00
1773105300000,69100.03,69100.03,68915.13,68918.82,0.0028,2026-03-10 01:15:00
1773105600000,68897.35,68916.0,68897.35,68916.0,0.00728,2026-03-10 01:20:00
1773105900000,69010.74,69017.42,69010.74,69017.42,0.00874,2026-03-10 01:25:00
1773106200000,68986.28,69004.52,68980.34,68986.2,0.14816,2026-03-10 01:30:00
1773106500000,68797.69,68822.1,68797.69,68822.1,0.05037,2026-03-10 01:35:00
1773106800000,68886.07,68983.23,68886.07,68982.72,0.02208,2026-03-10 01:40:00
1773107100000,68974.54,69008.64,68974.54,69008.63,0.14347,2026-03-10 01:45:00
1773107400000,69283.4,69299.36,69283.4,69299.36,0.00152,2026-03-10 01:50:00
1773107700000,69253.31,69353.46,69253.31,69327.16,0.41706,2026-03-10 01:55:00
1773108000000,69279.25,69356.89,69180.21,69180.21,0.18948,2026-03-10 02:00:00
1773108300000,69157.82,69188.67,69132.34,69145.2,0.00829,2026-03-10 02:05:00
1773108600000,69182.59,69245.68,69168.37,69245.68,0.02484,2026-03-10 02:10:00
1773108900000,69251.29,69251.29,69181.29,69181.29,0.04451,2026-03-10 02:15:00
1773109200000,69310.73,69310.73,69310.73,69310.73,0.01947,2026-03-10 02:20:00
1773109500000,69190.94,69275.53,69190.94,69275.53,0.06418,2026-03-10 02:25:00
1773109800000,69415.49,70022.6,69415.49,70004.24,0.44407,2026-03-10 02:30:00
1773110100000,70017.32,70185.2,69951.29,69951.29,1.08519,2026-03-10 02:35:00
1773110400000,70043.08,70448.95,70043.08,70322.64,0.18519,2026-03-10 02:40:00
1773110700000,70333.41,70569.36,70290.59,70569.36,2.43162,2026-03-10 02:45:00
1773111000000,70527.9,70527.9,70362.55,70362.55,0.28113,2026-03-10 02:50:00
1773111300000,70362.61,70368.55,70255.99,70261.29,0.05941,2026-03-10 02:55:00
1773111600000,70249.66,70308.4,70066.72,70066.72,0.02408,2026-03-10 03:00:00
1773111900000,70072.85,70172.5,70072.85,70171.55,0.03288,2026-03-10 03:05:00
1773112200000,70212.71,70232.98,70200.09,70200.09,0.00409,2026-03-10 03:10:00
1773112500000,70175.2,70231.34,70172.72,70231.34,0.09166,2026-03-10 03:15:00
1773112800000,70174.9,70194.03,70174.9,70194.03,0.00037,2026-03-10 03:20:00
1773113100000,70171.16,70174.66,70132.92,70174.66,0.02046,2026-03-10 03:25:00
1773113400000,70108.61,70122.56,70078.21,70122.56,0.0163,2026-03-10 03:30:00
1773113700000,70069.71,70069.71,70035.42,70061.64,0.40648,2026-03-10 03:35:00
1773114000000,70025.21,70025.21,69858.1,69858.1,0.00274,2026-03-10 03:40:00
1773114300000,69800.67,69800.67,69441.45,69555.9,0.16598,2026-03-10 03:45:00
1773114600000,69408.43,69457.41,69408.43,69457.41,0.00275,2026-03-10 03:50:00
1773114900000,69528.62,69594.36,69457.41,69539.25,0.22121,2026-03-10 03:55:00
1773115200000,69453.26,69618.1,69453.26,69611.42,0.00326,2026-03-10 04:00:00
1773115500000,69615.66,69656.82,69544.75,69582.9,0.03266,2026-03-10 04:05:00
1773115800000,69662.6,69759.49,69662.6,69745.47,0.00567,2026-03-10 04:10:00
1773116100000,69710.57,69710.57,69596.4,69618.5,0.10072,2026-03-10 04:15:00
1773116400000,69640.74,69785.72,69640.74,69728.6,0.04212,2026-03-10 04:20:00
1773116700000,69782.83,69782.83,69782.83,69782.83,0.00768,2026-03-10 04:25:00
1773117000000,69836.03,69858.1,69836.03,69858.1,0.00042,2026-03-10 04:30:00
1773117300000,69932.22,69981.31,69932.22,69968.57,0.04089,2026-03-10 04:35:00
1773117600000,69958.75,69993.46,69958.75,69968.7,0.05205,2026-03-10 04:40:00
1773117900000,69953.26,69953.26,69871.34,69912.6,0.01943,2026-03-10 04:45:00
1773118200000,69934.85,69934.85,69858.26,69911.58,0.01488,2026-03-10 04:50:00
1773118500000,69990.0,70144.4,69990.0,70028.47,0.00746,2026-03-10 04:55:00
1773118800000,70057.47,70241.08,70027.16,70241.08,0.00778,2026-03-10 05:00:00
1773119100000,70177.41,70238.35,70177.41,70194.6,0.00758,2026-03-10 05:05:00
1773119400000,70243.14,70337.2,70177.3,70224.17,0.02561,2026-03-10 05:10:00
1773119700000,70133.21,70309.6,70133.21,70309.6,0.01903,2026-03-10 05:15:00
1773120000000,70158.16,70165.44,70158.16,70165.44,0.00287,2026-03-10 05:20:00
1773120300000,70100.63,70100.63,70029.03,70029.03,0.01826,2026-03-10 05:25:00
1773120600000,70069.9,70134.33,70069.9,70112.69,0.04032,2026-03-10 05:30:00
1773120900000,70112.49,70112.49,69979.06,69979.06,0.00238,2026-03-10 05:35:00
1773121200000,69974.56,69974.56,69930.73,69930.73,0.00026,2026-03-10 05:40:00
1773121500000,69930.73,69930.73,69930.73,69930.73,0.0,2026-03-10 05:45:00
1773121800000,69924.48,69960.2,69924.48,69960.2,0.00078,2026-03-10 05:50:00
1773122100000,69959.23,69959.23,69959.23,69959.23,0.00071,2026-03-10 05:55:00
1773122400000,69941.06,69941.06,69941.06,69941.06,0.00057,2026-03-10 06:00:00
1773122700000,69900.82,69900.82,69878.16,69890.53,0.00527,2026-03-10 06:05:00
1773123000000,69928.49,69928.49,69858.1,69859.77,0.0143,2026-03-10 06:10:00
1773123300000,69841.71,69841.71,69799.13,69804.31,0.0021,2026-03-10 06:15:00
1773123600000,69813.95,69813.95,69759.49,69772.28,0.00979,2026-03-10 06:20:00
1773123900000,70020.74,70112.32,70020.74,70104.09,0.04463,2026-03-10 06:25:00
1773124200000,70120.8,70138.3,70041.95,70041.95,0.04048,2026-03-10 06:30:00
1773124500000,70041.95,70041.95,70041.95,70041.95,0.0,2026-03-10 06:35:00
1773124800000,70041.95,70041.95,70041.95,70041.95,0.0,2026-03-10 06:40:00
1773125100000,69960.81,69972.69,69932.19,69962.3,0.06328,2026-03-10 06:45:00
1773125400000,70035.52,70035.52,69956.07,69956.07,0.01559,2026-03-10 06:50:00
1773125700000,69881.55,69983.4,69881.55,69983.4,0.04749,2026-03-10 06:55:00
1773126000000,69938.89,69938.89,69839.76,69850.9,0.07777,2026-03-10 07:00:00
1773126300000,69875.93,70277.25,69875.93,70150.62,0.53207,2026-03-10 07:05:00
1773126600000,70154.05,70439.26,70154.05,70273.47,0.10145,2026-03-10 07:10:00
1773126900000,70323.64,70394.08,70322.37,70394.08,0.03147,2026-03-10 07:15:00
1773127200000,70380.2,70523.9,70331.28,70523.9,0.09968,2026-03-10 07:20:00
1773127500000,70343.03,70365.77,70340.04,70340.04,0.0071,2026-03-10 07:25:00
1773127800000,70340.04,70340.04,70323.02,70323.02,0.00927,2026-03-10 07:30:00
1773128100000,70312.42,70312.42,70312.42,70312.42,0.0042,2026-03-10 07:35:00
1773128400000,70364.25,70389.69,70335.13,70335.13,0.03343,2026-03-10 07:40:00
1773128700000,70348.6,70402.3,70348.6,70402.3,0.00755,2026-03-10 07:45:00
1773129000000,70490.4,70490.4,70408.0,70408.0,0.00032,2026-03-10 07:50:00
1773129300000,70373.22,70373.22,70341.76,70341.76,0.00855,2026-03-10 07:55:00
1773129600000,70495.0,70508.64,70476.02,70482.89,0.00764,2026-03-10 08:00:00
1773129900000,70545.47,70889.81,70414.2,70846.94,1.18968,2026-03-10 08:05:00
1773130200000,70862.89,70915.9,70793.76,70915.9,0.06403,2026-03-10 08:10:00
1773130500000,70906.97,70958.25,70742.45,70802.19,0.02539,2026-03-10 08:15:00
1773130800000,70955.9,70984.63,70875.0,70875.0,0.01502,2026-03-10 08:20:00
1773131100000,70822.26,70850.95,70822.26,70850.94,0.01481,2026-03-10 08:25:00
1773131400000,70936.04,71007.9,70902.84,71007.9,0.10018,2026-03-10 08:30:00
1773131700000,70962.3,71080.57,70945.3,70951.7,0.13579,2026-03-10 08:35:00
1773132000000,71031.3,71129.08,70987.8,70987.8,0.03505,2026-03-10 08:40:00
1773132300000,70888.24,70888.24,70781.37,70781.37,0.06035,2026-03-10 08:45:00
1773132600000,70765.69,70765.69,70698.91,70698.91,0.01876,2026-03-10 08:50:00
1773132900000,70691.26,70691.26,70661.41,70662.28,0.08556,2026-03-10 08:55:00
1773133200000,70676.65,70676.65,70676.65,70676.65,0.0099,2026-03-10 09:00:00
1773133500000,70753.33,70814.99,70753.33,70753.33,0.00541,2026-03-10 09:05:00
1773133800000,70694.0,70867.5,70694.0,70824.36,0.04099,2026-03-10 09:10:00
1773134100000,70762.08,70881.96,70762.08,70881.96,0.05041,2026-03-10 09:15:00
1773134400000,70875.0,71222.0,70875.0,71179.94,0.29916,2026-03-10 09:20:00
1773134700000,71210.2,71293.39,71069.58,71248.2,0.43234,2026-03-10 09:25:00
1773135000000,71199.3,71294.05,71138.5,71138.5,0.02711,2026-03-10 09:30:00
1773135300000,71199.0,71204.93,71140.12,71140.12,0.02137,2026-03-10 09:35:00
1773135600000,71159.71,71159.71,71063.8,71092.66,0.01723,2026-03-10 09:40:00
1773135900000,70965.15,70977.2,70937.86,70977.2,0.05369,2026-03-10 09:45:00
1773136200000,70977.2,70977.2,70977.2,70977.2,0.0,2026-03-10 09:50:00
1773136500000,71031.4,71074.18,71031.4,71074.18,0.00758,2026-03-10 09:55:00
1773136800000,71029.05,71029.05,71029.05,71029.05,0.00014,2026-03-10 10:00:00
1773137100000,71007.3,71007.3,70942.4,70942.4,0.00048,2026-03-10 10:05:00
1773137400000,70928.95,70933.49,70915.77,70915.77,0.01494,2026-03-10 10:10:00
1773137700000,70857.14,70857.14,70720.79,70818.79,0.29317,2026-03-10 10:15:00
1773138000000,70821.79,70821.79,70763.0,70763.0,0.05291,2026-03-10 10:20:00
1773138300000,70759.91,70776.0,70754.5,70754.5,0.05581,2026-03-10 10:25:00
1773138600000,70801.0,70929.8,70794.89,70902.18,0.04544,2026-03-10 10:30:00
1773138900000,70864.92,70864.92,70698.91,70698.91,0.01424,2026-03-10 10:35:00
1773139200000,70736.1,70736.1,70736.1,70736.1,0.00017,2026-03-10 10:40:00
1773139500000,70735.9,70735.9,70735.9,70735.9,0.00017,2026-03-10 10:45:00
1773139800000,70735.9,70875.96,70656.0,70865.39,1.69201,2026-03-10 10:50:00
1773140100000,70775.33,70775.33,70755.1,70755.7,0.00824,2026-03-10 10:55:00
1773140400000,70722.7,70839.2,70644.77,70839.2,0.01186,2026-03-10 11:00:00
1773140700000,70793.6,70892.1,70714.02,70775.21,0.10271,2026-03-10 11:05:00
1773141000000,70719.36,70719.36,70652.83,70652.83,0.00038,2026-03-10 11:10:00
1773141300000,70628.22,70674.0,70624.96,70674.0,0.00037,2026-03-10 11:15:00
1773141600000,70609.36,70769.84,70600.2,70723.3,0.06308,2026-03-10 11:20:00
1773141900000,70742.14,70742.14,70632.0,70637.9,0.01641,2026-03-10 11:25:00
1773142200000,70599.19,70646.2,70599.19,70644.8,0.00899,2026-03-10 11:30:00
1773142500000,70640.0,70640.0,70630.0,70630.0,0.004,2026-03-10 11:35:00
1773142800000,70572.09,70574.77,70572.09,70573.2,0.00703,2026-03-10 11:40:00
1773143100000,70573.7,70665.53,70573.7,70621.0,0.00632,2026-03-10 11:45:00
1773143400000,70645.9,70665.4,70645.9,70646.41,0.00854,2026-03-10 11:50:00
1773143700000,70647.02,70647.02,70600.52,70600.52,0.06289,2026-03-10 11:55:00
1773144000000,70614.29,70614.29,70493.42,70527.62,0.15755,2026-03-10 12:00:00
1773144300000,70493.24,70520.3,70436.03,70436.03,0.49722,2026-03-10 12:05:00
1773144600000,70411.19,70442.02,70391.96,70442.02,0.47756,2026-03-10 12:10:00
1773144900000,70444.9,70450.72,70444.9,70450.72,0.00054,2026-03-10 12:15:00
1773145200000,70495.35,70543.9,70487.8,70543.9,0.45104,2026-03-10 12:20:00
1773145500000,70492.59,70493.2,70418.5,70418.5,0.20121,2026-03-10 12:25:00
1773145800000,70390.86,70401.49,70332.6,70401.49,0.22126,2026-03-10 12:30:00
1773146100000,70463.54,70463.54,70437.88,70437.88,0.22558,2026-03-10 12:35:00
1773146400000,70406.58,70406.58,70406.58,70406.58,0.0003,2026-03-10 12:40:00
1773146700000,70496.9,70517.26,70496.9,70517.26,0.003,2026-03-10 12:45:00
1773147000000,70522.32,70592.03,70522.32,70592.03,0.71045,2026-03-10 12:50:00
1773147300000,70530.7,70530.7,70489.36,70491.6,0.00434,2026-03-10 12:55:00
1773147600000,70525.6,70626.59,70525.6,70615.9,0.5468,2026-03-10 13:00:00
1773147900000,70607.7,70738.99,70607.7,70738.99,0.51558,2026-03-10 13:05:00
1773148200000,70741.12,70741.12,70715.32,70715.32,0.05761,2026-03-10 13:10:00
1773148500000,70811.67,70827.93,70756.73,70785.52,0.12569,2026-03-10 13:15:00
1773148800000,70722.72,70850.3,70700.0,70842.68,0.0732,2026-03-10 13:20:00
1773149100000,70882.54,70882.54,70835.23,70835.23,0.36928,2026-03-10 13:25:00
1773149400000,70911.7,70916.5,70247.65,70247.65,0.22231,2026-03-10 13:30:00
1773149700000,70229.57,70229.57,69759.49,69780.4,0.49386,2026-03-10 13:35:00
1773150000000,69781.95,70022.78,69762.86,69930.4,1.36016,2026-03-10 13:40:00
1773150300000,69905.7,70149.4,69845.0,70133.2,0.68177,2026-03-10 13:45:00
1773150600000,70135.66,70271.5,70131.59,70224.0,0.45717,2026-03-10 13:50:00
1773150900000,70104.22,70170.47,69927.86,69927.86,1.10393,2026-03-10 13:55:00
1773151200000,69943.43,69947.41,69617.78,69827.0,0.20534,2026-03-10 14:00:00
1773151500000,70034.6,70153.66,69500.0,69621.5,0.14349,2026-03-10 14:05:00
1773151800000,69634.1,69658.3,69427.26,69536.42,0.79653,2026-03-10 14:10:00
1773152100000,69502.3,69606.92,69292.31,69606.92,0.6073,2026-03-10 14:15:00
1773152400000,69660.38,69799.13,69660.38,69765.03,0.29353,2026-03-10 14:20:00
1773152700000,69858.1,69905.94,69792.48,69827.39,0.26726,2026-03-10 14:25:00
1773153000000,69945.66,70023.63,69816.95,69984.02,0.15423,2026-03-10 14:30:00
1773153300000,69947.33,70153.66,69940.52,70153.66,0.28365,2026-03-10 14:35:00
1773153600000,70180.5,70469.63,70180.5,70467.82,0.64937,2026-03-10 14:40:00
1773153900000,70476.7,70650.3,70402.1,70614.08,0.90623,2026-03-10 14:45:00
1773154200000,70698.91,71153.37,70615.2,71022.68,0.75935,2026-03-10 14:50:00
1773154500000,71161.7,71520.0,71161.7,71412.2,1.56811,2026-03-10 14:55:00
1773154800000,71474.22,71774.18,71352.14,71774.18,1.93681,2026-03-10 15:00:00
1773155100000,71705.03,71705.03,71153.37,71277.1,0.37017,2026-03-10 15:05:00
1773155400000,71135.88,71310.16,71123.11,71168.49,0.14319,2026-03-10 15:10:00
1773155700000,71041.67,71223.78,71000.0,71192.4,0.26595,2026-03-10 15:15:00
1773156000000,71207.64,71250.18,71134.65,71250.18,0.11388,2026-03-10 15:20:00
1773156300000,71280.02,71437.22,71226.1,71325.12,0.20711,2026-03-10 15:25:00
1773156600000,71463.34,71610.6,71255.7,71255.7,0.19172,2026-03-10 15:30:00
1773156900000,71302.19,71368.94,71123.11,71123.11,0.1179,2026-03-10 15:35:00
1773157200000,71041.68,71168.31,70978.41,71168.31,0.15995,2026-03-10 15:40:00
1773157500000,71114.09,71127.4,71062.99,71074.92,0.03712,2026-03-10 15:45:00
1773157800000,71107.08,71161.9,70923.51,70937.25,0.02961,2026-03-10 15:50:00
1773158100000,70991.4,71366.62,70991.4,71366.62,0.36245,2026-03-10 15:55:00
1773158400000,71333.3,71422.22,71194.74,71305.96,0.05345,2026-03-10 16:00:00
1773158700000,71208.11,71218.61,70968.8,71146.62,1.01661,2026-03-10 16:05:00
1773159000000,71152.37,71235.88,71047.31,71123.35,0.16246,2026-03-10 16:10:00
1773159300000,71141.0,71398.11,71141.0,71398.11,0.25749,2026-03-10 16:15:00
1773159600000,71400.0,71549.85,71394.06,71549.85,0.04768,2026-03-10 16:20:00
1773159900000,71528.9,71658.61,71357.42,71376.07,0.48246,2026-03-10 16:25:00
1773160200000,71361.67,71402.2,71323.68,71337.02,0.05003,2026-03-10 16:30:00
1773160500000,71427.85,71427.85,71307.83,71307.83,0.08115,2026-03-10 16:35:00
1773160800000,71250.08,71293.9,71233.88,71240.09,0.00423,2026-03-10 16:40:00
1773161100000,71314.51,71323.95,71156.1,71284.55,0.04141,2026-03-10 16:45:00
1773161400000,71233.14,71233.14,71216.06,71217.74,0.00048,2026-03-10 16:50:00
1773161700000,71283.47,71283.47,71211.52,71211.52,0.10109,2026-03-10 16:55:00
1773162000000,71266.33,71270.27,71249.95,71249.95,0.07145,2026-03-10 17:00:00
1773162300000,71276.23,71400.24,71272.44,71349.42,0.02218,2026-03-10 17:05:00
1773162600000,71323.25,71356.61,71220.89,71220.89,0.02856,2026-03-10 17:10:00
1773162900000,71295.3,71295.3,71220.89,71220.89,0.02763,2026-03-10 17:15:00
1773163200000,71240.56,71324.66,71211.44,71281.3,0.16188,2026-03-10 17:20:00
1773163500000,71252.72,71252.72,71025.76,71048.33,0.10838,2026-03-10 17:25:00
1773163800000,71055.92,71177.72,71055.92,71132.9,0.35007,2026-03-10 17:30:00
1773164100000,70900.0,70900.0,70624.4,70642.3,0.10882,2026-03-10 17:35:00
1773164400000,70688.5,70730.49,70559.67,70730.49,0.061,2026-03-10 17:40:00
1773164700000,70666.44,70828.3,70666.44,70827.81,0.32653,2026-03-10 17:45:00
1773165000000,70812.99,70921.71,70812.99,70921.71,0.50297,2026-03-10 17:50:00
1773165300000,70806.55,70890.66,70806.55,70890.66,0.02816,2026-03-10 17:55:00
1773165600000,70854.03,70892.45,70826.87,70890.73,0.02393,2026-03-10 18:00:00
1773165900000,70856.6,70856.6,70714.74,70718.52,0.0495,2026-03-10 18:05:00
1773166200000,70719.8,70816.83,70391.96,70391.96,0.29919,2026-03-10 18:10:00
1773166500000,70488.28,70568.75,70198.84,70254.28,0.11524,2026-03-10 18:15:00
1773166800000,70316.7,70316.7,70153.66,70153.66,0.01255,2026-03-10 18:20:00
1773167100000,70398.14,70416.77,70383.64,70416.77,0.43839,2026-03-10 18:25:00
1773167400000,70330.7,70408.38,70257.92,70322.16,0.13901,2026-03-10 18:30:00
1773167700000,70332.3,70332.3,70112.32,70112.32,0.00463,2026-03-10 18:35:00
1773168000000,70027.87,70096.85,70000.0,70051.2,0.1098,2026-03-10 18:40:00
1773168300000,69974.73,70141.33,69974.73,70125.86,0.01458,2026-03-10 18:45:00
1773168600000,70179.61,70197.85,70014.08,70067.94,0.01891,2026-03-10 18:50:00
1773168900000,70072.47,70072.47,69945.35,69945.35,0.0491,2026-03-10 18:55:00
1773169200000,70055.24,70090.25,70048.82,70081.49,0.0099,2026-03-10 19:00:00
1773169500000,69976.33,70135.48,69938.15,70135.48,0.02598,2026-03-10 19:05:00
1773169800000,70072.81,70091.5,69935.12,69935.12,0.1415,2026-03-10 19:10:00
1773170100000,70088.37,70266.0,70088.37,70266.0,0.22342,2026-03-10 19:15:00
1773170400000,70140.47,70140.47,70008.62,70008.62,0.02646,2026-03-10 19:20:00
1773170700000,70069.47,70069.47,69979.77,69979.77,0.08575,2026-03-10 19:25:00
1773171000000,69953.49,69953.5,69858.1,69858.1,0.09012,2026-03-10 19:30:00
1773171300000,69800.67,69895.15,69759.49,69895.15,0.14991,2026-03-10 19:35:00
1773171600000,69952.79,70087.96,69952.79,70029.24,0.02052,2026-03-10 19:40:00
1773171900000,70019.03,70019.03,70019.03,70019.03,0.00214,2026-03-10 19:45:00
1773172200000,70006.36,70051.14,70006.36,70051.14,0.04764,2026-03-10 19:50:00
1773172500000,69972.84,70061.03,69972.84,70061.03,0.00903,2026-03-10 19:55:00
1773172800000,70024.36,70153.82,70024.36,70153.82,0.04855,2026-03-10 20:00:00
1773173100000,70183.42,70247.65,70109.75,70109.75,0.02748,2026-03-10 20:05:00
1773173400000,70096.23,70105.5,70034.13,70105.5,0.20635,2026-03-10 20:10:00
1773173700000,70038.9,70090.0,70015.37,70090.0,0.05078,2026-03-10 20:15:00
1773174000000,70167.96,70270.06,70167.96,70200.12,0.12068,2026-03-10 20:20:00
1773174300000,70227.74,70227.74,70214.88,70216.65,0.00639,2026-03-10 20:25:00
1773174600000,70266.95,70292.29,70225.5,70245.62,0.09531,2026-03-10 20:30:00
1773174900000,70256.89,70305.77,70256.89,70305.77,0.02933,2026-03-10 20:35:00
1773175200000,70305.04,70317.41,70225.92,70293.38,0.22451,2026-03-10 20:40:00
1773175500000,70269.21,70316.15,70269.21,70274.14,0.01219,2026-03-10 20:45:00
1773175800000,70289.01,70308.59,70258.02,70294.3,0.07449,2026-03-10 20:50:00
1773176100000,70277.12,70277.12,70277.12,70277.12,0.00071,2026-03-10 20:55:00
1773176400000,70236.36,70328.5,70236.36,70328.5,0.01091,2026-03-10 21:00:00
1773176700000,70381.49,70416.67,70307.53,70307.53,0.39865,2026-03-10 21:05:00
1773177000000,70251.73,70251.73,70090.31,70127.76,0.04541,2026-03-10 21:10:00
1773177300000,70140.86,70170.97,70034.47,70045.89,0.09832,2026-03-10 21:15:00
1773177600000,70041.47,70053.84,69980.33,70053.84,0.29233,2026-03-10 21:20:00
1773177900000,70034.75,70051.26,69950.2,69950.2,0.01712,2026-03-10 21:25:00
1773178200000,69993.18,70047.26,69977.67,70011.86,0.01706,2026-03-10 21:30:00
1773178500000,70026.03,70026.03,69759.5,69801.98,0.21178,2026-03-10 21:35:00
1773178800000,69781.14,69781.14,69617.78,69748.09,0.72225,2026-03-10 21:40:00
1773179100000,69673.8,69683.68,69559.98,69683.68,0.17586,2026-03-10 21:45:00
1773179400000,69605.75,69759.25,69605.75,69759.25,0.26713,2026-03-10 21:50:00
1773179700000,69751.64,69810.36,69750.0,69791.69,0.07132,2026-03-10 21:55:00
1773180000000,69828.28,69878.08,69791.1,69791.1,0.04754,2026-03-10 22:00:00
1773180300000,69765.85,69765.85,69617.48,69652.83,0.05698,2026-03-10 22:05:00
1773180600000,69575.95,69648.23,69479.49,69596.94,0.23307,2026-03-10 22:10:00
1773180900000,69597.79,69597.79,69471.79,69505.14,0.24983,2026-03-10 22:15:00
1773181200000,69487.03,69659.59,69484.61,69659.59,0.03137,2026-03-10 22:20:00
1773181500000,69695.0,69730.53,69642.12,69642.12,0.03999,2026-03-10 22:25:00
1773181800000,69608.42,69661.89,69555.53,69563.37,0.04078,2026-03-10 22:30:00
1773182100000,69548.62,69599.54,69492.42,69599.54,0.3902,2026-03-10 22:35:00
1773182400000,69658.9,69687.67,69658.9,69666.06,0.01292,2026-03-10 22:40:00
1773182700000,69623.73,69728.09,69599.28,69728.09,0.0239,2026-03-10 22:45:00
1773183000000,69770.42,69770.42,69706.58,69706.58,0.00952,2026-03-10 22:50:00
1773183300000,69698.76,69698.76,69698.76,69698.76,3e-05,2026-03-10 22:55:00
1773183600000,69778.52,69824.45,69728.11,69728.11,0.02817,2026-03-10 23:00:00
1773183900000,69786.78,69786.78,69737.09,69737.09,0.00492,2026-03-10 23:05:00
1773184200000,69795.86,69836.62,69791.78,69828.84,0.00487,2026-03-10 23:10:00
1773184500000,69811.89,69843.37,69811.89,69836.09,0.00137,2026-03-10 23:15:00
1773184800000,69744.78,69797.11,69744.78,69797.11,0.00845,2026-03-10 23:20:00
1773185100000,69796.02,69802.18,69763.65,69802.18,0.00555,2026-03-10 23:25:00
1773185400000,69799.68,69910.06,69790.45,69869.28,0.20326,2026-03-10 23:30:00
1773185700000,69882.42,69951.85,69880.72,69914.64,0.01411,2026-03-10 23:35:00
1773186000000,69903.82,69925.09,69891.67,69925.09,0.00974,2026-03-10 23:40:00
1773186300000,69906.07,69961.14,69889.64,69926.08,0.01686,2026-03-10 23:45:00
1773186600000,69926.08,69926.08,69856.36,69856.36,0.00351,2026-03-10 23:50:00
1773186900000,69892.25,69937.15,69892.25,69937.15,0.02746,2026-03-10 23:55:00
1773187200000,69900.7,69900.7,69821.65,69845.14,0.06057,2026-03-11 00:00:00
1773187500000,69802.14,70000.0,69779.66,70000.0,0.05762,2026-03-11 00:05:00
1773187800000,69923.72,70064.4,69903.17,70064.09,0.03509,2026-03-11 00:10:00
1773188100000,70055.14,70055.14,69918.71,70009.86,0.0247,2026-03-11 00:15:00
1773188400000,70017.03,70078.29,70015.52,70078.29,0.0626,2026-03-11 00:20:00
1773188700000,70037.69,70153.66,70037.69,70069.9,0.04372,2026-03-11 00:25:00
1773189000000,69983.81,69983.81,69884.62,69884.62,0.00791,2026-03-11 00:30:00
1773189300000,69980.64,69980.64,69893.23,69919.49,0.00042,2026-03-11 00:35:00
1773189600000,69884.45,69884.45,69809.55,69809.55,0.06162,2026-03-11 00:40:00
1773189900000,69867.35,70005.8,69867.35,69997.58,0.06743,2026-03-11 00:45:00
1773190200000,70086.89,70108.06,70057.69,70096.93,0.00145,2026-03-11 00:50:00
1773190500000,70105.93,70105.93,70025.82,70025.82,0.00774,2026-03-11 00:55:00
1773190800000,70071.95,70116.07,69977.2,70004.41,0.00141,2026-03-11 01:00:00
1773191100000,70046.34,70100.89,70035.9,70061.03,0.01293,2026-03-11 01:05:00
1773191400000,70109.9,70142.48,69997.0,70125.75,0.06372,2026-03-11 01:10:00
1773191700000,70009.22,70108.26,70009.22,70108.26,0.05544,2026-03-11 01:15:00
1773192000000,70058.11,70058.11,70017.22,70054.5,0.01705,2026-03-11 01:20:00
1773192300000,70005.27,70053.34,69984.37,70033.09,0.04136,2026-03-11 01:25:00
1773192600000,70033.09,70033.09,70033.09,70033.09,0.0,2026-03-11 01:30:00
1773192900000,69978.0,69978.0,69893.23,69904.17,0.00936,2026-03-11 01:35:00
1773193200000,69904.45,69943.29,69899.9,69921.81,0.00401,2026-03-11 01:40:00
1773193500000,69923.44,69923.44,69923.44,69923.44,0.00407,2026-03-11 01:45:00
1773193800000,69923.44,69923.44,69923.44,69923.44,0.0,2026-03-11 01:50:00
1773194100000,70089.56,70136.78,70080.55,70082.03,0.01791,2026-03-11 01:55:00
1773194400000,70059.06,70059.06,70059.06,70059.06,0.00017,2026-03-11 02:00:00
1773194700000,70062.93,70100.0,70049.5,70049.5,0.10657,2026-03-11 02:05:00
1773195000000,70059.17,70059.17,70003.78,70003.78,0.00903,2026-03-11 02:10:00
1773195300000,70055.43,70055.43,70055.43,70055.43,0.00014,2026-03-11 02:15:00
1773195600000,69954.58,69988.86,69936.23,69988.86,0.02987,2026-03-11 02:20:00
1773195900000,69987.44,69987.44,69970.27,69979.25,0.01595,2026-03-11 02:25:00
1773196200000,69959.04,69972.18,69807.09,69807.09,0.02626,2026-03-11 02:30:00
1773196500000,69821.92,69821.92,69662.56,69738.69,0.15788,2026-03-11 02:35:00
1773196800000,69735.72,69772.46,69681.71,69681.71,0.11673,2026-03-11 02:40:00
1773197100000,69694.07,69710.62,69694.07,69710.62,0.00723,2026-03-11 02:45:00
1773197400000,69701.24,69757.4,69681.71,69757.4,0.00014,2026-03-11 02:50:00
1773197700000,69768.03,69816.2,69768.03,69803.8,0.13947,2026-03-11 02:55:00
1773198000000,69864.58,69921.09,69764.25,69764.25,0.04266,2026-03-11 03:00:00
1773198300000,69712.89,69730.39,69709.36,69709.36,0.14259,2026-03-11 03:05:00
1773198600000,69697.89,69707.2,69676.44,69695.33,0.00645,2026-03-11 03:10:00
1773198900000,69681.86,69709.69,69668.14,69709.69,0.05743,2026-03-11 03:15:00
1773199200000,69587.46,69587.46,69552.7,69552.7,0.0081,2026-03-11 03:20:00
1773199500000,69530.25,69547.31,69530.25,69547.31,0.16028,2026-03-11 03:25:00
1773199800000,69605.09,69605.09,69605.09,69605.09,0.00717,2026-03-11 03:30:00
1773200100000,69599.78,69599.78,69599.78,69599.78,3e-05,2026-03-11 03:35:00
1773200400000,69607.59,69613.17,69543.83,69555.19,0.11639,2026-03-11 03:40:00
1773200700000,69598.69,69598.69,69500.42,69563.37,0.10689,2026-03-11 03:45:00
1773201000000,69614.89,69632.92,69595.42,69595.42,0.05345,2026-03-11 03:50:00
1773201300000,69565.66,69565.66,69553.72,69553.72,0.01046,2026-03-11 03:55:00
1773201600000,69568.9,69598.36,69535.99,69562.57,0.00907,2026-03-11 04:00:00
1773201900000,69541.81,69555.14,69535.97,69539.34,0.01523,2026-03-11 04:05:00
1773202200000,69555.14,69618.43,69555.14,69618.43,0.00084,2026-03-11 04:10:00
1773202500000,69681.87,69681.87,69675.75,69675.75,0.00315,2026-03-11 04:15:00
1773202800000,69675.75,69675.75,69675.75,69675.75,0.0,2026-03-11 04:20:00
1773203100000,69800.0,69994.57,69800.0,69994.57,0.08868,2026-03-11 04:25:00
1773203400000,69980.22,69980.22,69938.55,69938.55,0.00856,2026-03-11 04:30:00
1773203700000,70009.0,70009.0,69946.96,69974.49,0.08012,2026-03-11 04:35:00
1773204000000,69974.16,70039.22,69974.16,69995.75,0.00041,2026-03-11 04:40:00
1773204300000,69996.87,70050.0,69996.87,70050.0,0.00064,2026-03-11 04:45:00
1773204600000,70078.29,70247.65,70078.29,70213.99,0.00593,2026-03-11 04:50:00
1773204900000,70163.07,70163.07,70145.39,70150.45,0.00264,2026-03-11 04:55:00
1773205200000,70164.4,70196.59,70116.29,70116.29,0.04977,2026-03-11 05:00:00
1773205500000,70032.05,70032.05,70016.21,70016.21,0.09506,2026-03-11 05:05:00
1773205800000,70013.52,70013.52,70013.52,70013.52,4e-05,2026-03-11 05:10:00
1773206100000,69994.25,69994.25,69994.25,69994.25,6e-05,2026-03-11 05:15:00
1773206400000,69968.97,69968.97,69968.97,69968.97,0.00063,2026-03-11 05:20:00
1773206700000,69968.97,69968.97,69968.97,69968.97,0.0,2026-03-11 05:25:00
1773207000000,69935.87,69935.87,69897.95,69897.95,0.00048,2026-03-11 05:30:00
1773207300000,69975.2,69975.2,69799.13,69800.96,0.01453,2026-03-11 05:35:00
1773207600000,69781.3,69781.3,69441.45,69441.45,0.01966,2026-03-11 05:40:00
1773207900000,69527.17,69555.21,69525.77,69555.21,0.22978,2026-03-11 05:45:00
1773208200000,69579.94,69579.94,69579.94,69579.94,0.00031,2026-03-11 05:50:00
1773208500000,69574.28,69574.28,69574.28,69574.28,7e-05,2026-03-11 05:55:00
1773208800000,69512.71,69675.89,69512.71,69675.89,0.72655,2026-03-11 06:00:00
1773209100000,69583.72,69684.67,69583.72,69684.67,0.00106,2026-03-11 06:05:00
1773209400000,69650.2,69728.31,69625.0,69728.31,0.00606,2026-03-11 06:10:00
1773209700000,69705.29,69782.15,69686.58,69742.08,0.03847,2026-03-11 06:15:00
1773210000000,69822.67,69828.96,69777.48,69777.48,0.07229,2026-03-11 06:20:00
1773210300000,69777.48,69777.48,69777.48,69777.48,0.0,2026-03-11 06:25:00
1773210600000,69858.1,69927.81,69858.1,69927.81,0.00096,2026-03-11 06:30:00
1773210900000,69927.81,69927.81,69927.81,69927.81,0.0,2026-03-11 06:35:00
1773211200000,69913.58,69913.58,69839.4,69839.4,0.00048,2026-03-11 06:40:00
1773211500000,69839.4,69839.4,69839.4,69839.4,0.0,2026-03-11 06:45:00
1773211800000,69794.7,69974.73,69794.7,69969.28,0.24865,2026-03-11 06:50:00
1773212100000,69969.28,69969.28,69969.28,69969.28,0.0,2026-03-11 06:55:00
1773212400000,69975.12,70044.89,69925.48,69944.52,0.00076,2026-03-11 07:00:00
1773212700000,69895.46,69943.25,69895.46,69928.87,0.00365,2026-03-11 07:05:00
1773213000000,69936.61,69936.61,69886.14,69886.14,0.00339,2026-03-11 07:10:00
1773213300000,69855.11,69855.11,69855.11,69855.11,8e-05,2026-03-11 07:15:00
1773213600000,69841.0,69841.0,69795.38,69795.38,0.01932,2026-03-11 07:20:00
1773213900000,69795.38,69795.38,69795.38,69795.38,0.0,2026-03-11 07:25:00
1773214200000,69772.01,69772.01,69662.7,69662.7,0.00051,2026-03-11 07:30:00
1773214500000,69630.56,69630.56,69559.98,69559.98,0.02344,2026-03-11 07:35:00
1773214800000,69580.17,69592.21,69550.39,69550.55,0.08987,2026-03-11 07:40:00
1773215100000,69601.34,69601.34,69601.34,69601.34,0.00733,2026-03-11 07:45:00
1773215400000,69715.2,69715.2,69715.2,69715.2,0.00072,2026-03-11 07:50:00
1773215700000,69676.92,69676.92,69676.92,69676.92,0.00215,2026-03-11 07:55:00
1773216000000,69737.08,69754.02,69707.76,69754.02,0.0021,2026-03-11 08:00:00
1773216300000,69716.28,69716.28,69668.26,69668.26,0.00035,2026-03-11 08:05:00
1773216600000,69623.2,69623.2,69623.2,69623.2,0.048,2026-03-11 08:10:00
1773216900000,69616.03,69622.63,69616.03,69622.63,0.00646,2026-03-11 08:15:00
1773217200000,69622.63,69622.63,69622.63,69622.63,0.0,2026-03-11 08:20:00
1773217500000,69622.63,69622.63,69622.63,69622.63,0.0,2026-03-11 08:25:00
1773217800000,69517.6,69545.19,69517.6,69545.19,0.00493,2026-03-11 08:30:00
1773218100000,69530.66,69705.28,69530.66,69705.28,0.04007,2026-03-11 08:35:00
1773218400000,69705.28,69705.28,69705.28,69705.28,0.0,2026-03-11 08:40:00
1773218700000,69693.78,69693.78,69693.78,69693.78,0.00215,2026-03-11 08:45:00
1773219000000,69590.94,69590.94,69590.94,69590.94,6e-05,2026-03-11 08:50:00
1773219300000,69641.26,69641.26,69641.26,69641.26,0.04,2026-03-11 08:55:00
1773219600000,69607.85,69607.86,69607.85,69607.86,0.00144,2026-03-11 09:00:00
1773219900000,69615.51,69644.56,69607.86,69644.56,0.00292,2026-03-11 09:05:00
1773220200000,69579.02,69579.02,69579.02,69579.02,0.00215,2026-03-11 09:10:00
1773220500000,69581.94,69599.01,69581.94,69599.01,0.01517,2026-03-11 09:15:00
1773220800000,69609.72,69609.72,69599.0,69599.0,0.11657,2026-03-11 09:20:00
1773221100000,69603.95,69639.09,69574.85,69574.85,0.17224,2026-03-11 09:25:00
1773221400000,69518.81,69518.81,69518.81,69518.81,0.00779,2026-03-11 09:30:00
1773221700000,69527.38,69532.12,69408.43,69408.43,0.1209,2026-03-11 09:35:00
1773222000000,69571.53,69598.36,69571.53,69598.36,0.01264,2026-03-11 09:40:00
1773222300000,69615.38,69648.0,69615.38,69648.0,0.08755,2026-03-11 09:45:00
1773222600000,69655.51,69655.51,69654.74,69655.12,0.05435,2026-03-11 09:50:00
1773222900000,69655.12,69655.12,69655.12,69655.12,0.0,2026-03-11 09:55:00
1773223200000,69452.67,69498.4,69437.09,69498.4,0.00041,2026-03-11 10:00:00
1773223500000,69474.98,69474.98,69421.0,69421.0,0.04275,2026-03-11 10:05:00
1773223800000,69435.57,69484.93,69435.57,69484.93,0.01222,2026-03-11 10:10:00
1773224100000,69484.93,69484.93,69484.93,69484.93,0.0,2026-03-11 10:15:00
1773224400000,69484.93,69484.93,69484.93,69484.93,0.0,2026-03-11 10:20:00
1773224700000,69464.59,69464.59,69464.59,69464.59,7e-05,2026-03-11 10:25:00
1773225000000,69478.31,69478.31,69478.31,69478.31,0.00042,2026-03-11 10:30:00
1773225300000,69520.34,69520.34,69520.34,69520.34,0.00144,2026-03-11 10:35:00
1773225600000,69649.9,69655.76,69641.07,69655.76,0.07109,2026-03-11 10:40:00
1773225900000,69630.04,69630.04,69618.58,69618.58,0.00507,2026-03-11 10:45:00
1773226200000,69630.91,69630.91,69630.91,69630.91,0.00017,2026-03-11 10:50:00
1773226500000,69624.31,69624.31,69624.31,69624.31,0.00717,2026-03-11 10:55:00
1773226800000,69563.03,69600.69,69563.03,69600.69,0.02149,2026-03-11 11:00:00
1773227100000,69623.39,69654.57,69590.48,69642.2,0.00192,2026-03-11 11:05:00
1773227400000,69694.54,69694.54,69590.69,69618.49,0.00168,2026-03-11 11:10:00
1773227700000,69618.49,69618.49,69618.49,69618.49,0.0,2026-03-11 11:15:00
1773228000000,69618.49,69618.49,69618.49,69618.49,0.0,2026-03-11 11:20:00
1773228300000,69500.0,69500.0,69500.0,69500.0,0.18216,2026-03-11 11:25:00
1773228600000,69548.9,69548.9,69548.9,69548.9,9e-05,2026-03-11 11:30:00
1773228900000,69525.7,69562.88,69525.7,69562.88,0.00037,2026-03-11 11:35:00
1773229200000,69470.44,69470.44,69470.44,69470.44,2e-05,2026-03-11 11:40:00
1773229500000,69470.44,69470.44,69470.44,69470.44,0.0,2026-03-11 11:45:00
1773229800000,69376.64,69419.87,69353.46,69361.98,0.00985,2026-03-11 11:50:00
1773230100000,69272.46,69272.46,69171.45,69171.45,0.06011,2026-03-11 11:55:00
1773230400000,69185.7,69227.35,69114.73,69143.42,0.02493,2026-03-11 12:00:00
1773230700000,69083.22,69117.72,68976.27,68976.27,0.02017,2026-03-11 12:05:00
1773231000000,69055.82,69243.7,69055.82,69170.0,0.01178,2026-03-11 12:10:00
1773231300000,69201.0,69222.71,69201.0,69222.71,0.00031,2026-03-11 12:15:00
1773231600000,69328.64,69391.48,69328.64,69391.48,0.00144,2026-03-11 12:20:00
1773231900000,69408.43,69454.1,69373.89,69439.59,0.00332,2026-03-11 12:25:00
1773232200000,69485.94,69750.82,69318.86,69318.86,0.03013,2026-03-11 12:30:00
1773232500000,69267.17,69295.97,69267.17,69290.43,0.02302,2026-03-11 12:35:00
1773232800000,69350.34,69355.8,69293.77,69350.27,0.00409,2026-03-11 12:40:00
1773233100000,69171.45,69171.45,69171.45,69171.45,0.00077,2026-03-11 12:45:00
1773233400000,69291.1,69310.64,69286.97,69286.97,0.00411,2026-03-11 12:50:00
1773233700000,69368.15,69368.15,69343.47,69362.95,0.00162,2026-03-11 12:55:00
1773234000000,69364.28,69384.41,69294.89,69370.31,0.00473,2026-03-11 13:00:00
1773234300000,69420.7,69527.96,69420.7,69439.36,0.01091,2026-03-11 13:05:00
1773234600000,69478.42,69935.5,69478.42,69930.06,0.01304,2026-03-11 13:10:00
1773234900000,69903.78,70051.89,69846.07,69954.98,0.04483,2026-03-11 13:15:00
1773235200000,70112.32,70379.02,70112.32,70267.13,0.41141,2026-03-11 13:20:00
1773235500000,70267.13,70267.13,70267.13,70267.13,0.0,2026-03-11 13:25:00
1773235800000,70269.9,70746.72,70269.9,70746.72,0.42297,2026-03-11 13:30:00
1773236100000,70759.19,71048.28,70567.46,70999.83,0.65147,2026-03-11 13:35:00
1773236400000,71010.8,71094.72,70466.94,70466.94,0.07089,2026-03-11 13:40:00
1773236700000,70488.29,70508.36,70153.66,70153.66,0.02142,2026-03-11 13:45:00
1773237000000,70291.58,70291.58,69974.73,70069.03,0.23441,2026-03-11 13:50:00
1773237300000,70038.2,70195.82,69799.13,70171.45,0.05216,2026-03-11 13:55:00
1773237600000,70229.86,70759.19,70229.86,70401.56,0.66554,2026-03-11 14:00:00
1773237900000,70424.16,70459.8,70208.98,70263.65,0.15028,2026-03-11 14:05:00
1773238200000,70253.19,70265.48,69995.85,70251.09,0.15214,2026-03-11 14:10:00
1773238500000,70218.5,70475.15,70214.51,70457.95,0.05295,2026-03-11 14:15:00
1773238800000,70512.67,70558.19,70413.47,70417.58,0.16693,2026-03-11 14:20:00
1773239100000,70417.58,70644.77,70347.25,70644.77,0.14228,2026-03-11 14:25:00
1773239400000,70698.91,70727.49,70529.18,70534.54,0.01641,2026-03-11 14:30:00
1773239700000,70620.9,70998.79,70612.29,70954.8,0.11,2026-03-11 14:35:00
1773240000000,70833.0,70846.68,70576.19,70576.19,0.01105,2026-03-11 14:40:00
1773240300000,70823.3,70823.3,70703.88,70796.17,0.01596,2026-03-11 14:45:00
1773240600000,70788.72,70803.11,70656.6,70705.47,0.00598,2026-03-11 14:50:00
1773240900000,70748.7,70764.98,70688.4,70764.98,0.01158,2026-03-11 14:55:00
1773241200000,70617.78,70771.9,70372.8,70384.33,0.07347,2026-03-11 15:00:00
1773241500000,70494.48,70494.48,70182.02,70241.45,0.56089,2026-03-11 15:05:00
1773241800000,70401.02,70409.4,70112.32,70170.66,0.01586,2026-03-11 15:10:00
1773242100000,70083.04,70131.3,70083.04,70130.4,0.03343,2026-03-11 15:15:00
1773242400000,70251.13,70369.1,70251.13,70290.52,0.00737,2026-03-11 15:20:00
1773242700000,70450.87,70483.05,70450.87,70483.05,0.01442,2026-03-11 15:25:00
1773243000000,70221.11,70239.19,69716.43,69898.39,0.35283,2026-03-11 15:30:00
1773243300000,70036.33,70200.55,69953.59,70151.6,0.09165,2026-03-11 15:35:00
1773243600000,70247.65,70259.4,70017.24,70057.29,0.23849,2026-03-11 15:40:00
1773243900000,70063.45,70099.66,69932.53,69932.53,0.37538,2026-03-11 15:45:00
1773244200000,70094.98,70257.27,70094.98,70252.5,0.01555,2026-03-11 15:50:00
1773244500000,70203.6,70334.69,70167.99,70270.7,0.33986,2026-03-11 15:55:00
1773244800000,70325.57,70325.57,70249.95,70249.95,0.15556,2026-03-11 16:00:00
1773245100000,70313.83,70404.0,70313.83,70353.75,0.02651,2026-03-11 16:05:00
1773245400000,70427.65,70485.19,70363.36,70462.83,0.0106,2026-03-11 16:10:00
1773245700000,70420.64,70421.23,70300.0,70421.23,0.00354,2026-03-11 16:15:00
1773246000000,70330.28,70614.45,70330.28,70399.51,0.08588,2026-03-11 16:20:00
1773246300000,70468.16,70481.5,70409.18,70477.47,0.00855,2026-03-11 16:25:00
1773246600000,70494.15,70733.99,70494.15,70733.99,0.1929,2026-03-11 16:30:00
1773246900000,70736.47,70775.27,70694.25,70694.25,0.01936,2026-03-11 16:35:00
1773247200000,70568.25,70780.82,70568.25,70780.82,0.00113,2026-03-11 16:40:00
1773247500000,70780.84,70825.7,70666.64,70666.64,0.03005,2026-03-11 16:45:00
1773247800000,70743.74,70750.27,70509.42,70560.0,0.59958,2026-03-11 16:50:00
1773248100000,70658.9,70686.26,70577.72,70577.72,0.00821,2026-03-11 16:55:00
1773248400000,70637.09,70946.79,70594.06,70899.48,0.22467,2026-03-11 17:00:00
1773248700000,70890.6,70955.47,70859.34,70875.89,0.11923,2026-03-11 17:05:00
1773249000000,70914.2,70996.47,70866.11,70866.11,0.10966,2026-03-11 17:10:00
1773249300000,70898.7,71006.19,70898.7,71006.19,0.72036,2026-03-11 17:15:00
1773249600000,71004.74,71181.57,70948.85,71131.72,0.03745,2026-03-11 17:20:00
1773249900000,71181.57,71294.05,71181.01,71281.61,0.01531,2026-03-11 17:25:00
1773250200000,71284.4,71284.4,71012.4,71012.4,0.0055,2026-03-11 17:30:00
1773250500000,71053.9,71053.9,70499.98,70665.39,0.02187,2026-03-11 17:35:00
1773250800000,70665.39,70665.39,70665.39,70665.39,0.0,2026-03-11 17:40:00
1773251100000,70844.49,70910.19,70771.44,70839.92,0.00479,2026-03-11 17:45:00
1773251400000,70899.39,70899.39,70788.03,70788.03,0.0002,2026-03-11 17:50:00
1773251700000,70773.5,70773.5,70773.5,70773.5,8e-05,2026-03-11 17:55:00
1773252000000,70877.28,70898.4,70809.02,70898.4,0.00275,2026-03-11 18:00:00
1773252300000,70865.37,70865.37,70695.28,70723.76,0.00458,2026-03-11 18:05:00
1773252600000,70736.76,70827.7,70630.25,70786.66,0.05152,2026-03-11 18:10:00
1773252900000,70681.77,70786.66,70616.1,70713.14,0.15585,2026-03-11 18:15:00
1773253200000,70786.66,70899.0,70741.69,70741.69,0.34548,2026-03-11 18:20:00
1773253500000,70850.31,70866.98,70641.5,70641.5,0.00972,2026-03-11 18:25:00
1773253800000,70706.94,70721.34,70706.94,70707.56,0.00426,2026-03-11 18:30:00
1773254100000,70669.04,70698.62,70466.94,70466.94,0.01807,2026-03-11 18:35:00
1773254400000,70440.21,70559.43,70439.81,70439.81,0.04138,2026-03-11 18:40:00
1773254700000,70507.28,70596.76,70452.55,70596.76,0.03423,2026-03-11 18:45:00
1773255000000,70753.85,70753.85,70691.15,70691.15,0.01473,2026-03-11 18:50:00
1773255300000,70745.8,70745.8,70632.94,70638.01,0.0314,2026-03-11 18:55:00
1773255600000,70500.0,70580.29,70497.81,70497.81,0.05107,2026-03-11 19:00:00
1773255900000,70515.18,70582.94,70507.14,70507.14,0.01334,2026-03-11 19:05:00
1773256200000,70497.29,70524.85,70391.97,70478.95,0.29685,2026-03-11 19:10:00
1773256500000,70440.87,70441.36,70373.78,70441.36,0.03684,2026-03-11 19:15:00
1773256800000,70517.02,70572.82,70517.02,70561.01,0.01576,2026-03-11 19:20:00
1773257100000,70551.27,70584.12,70551.27,70554.99,0.00579,2026-03-11 19:25:00
1773257400000,70543.95,70574.83,70504.33,70574.83,0.00069,2026-03-11 19:30:00
1773257700000,70673.78,70735.78,70646.7,70735.78,0.21624,2026-03-11 19:35:00
1773258000000,70689.76,70689.76,70631.51,70634.7,0.0179,2026-03-11 19:40:00
1773258300000,70657.47,70678.13,70622.7,70622.7,0.11157,2026-03-11 19:45:00
1773258600000,70685.42,70720.01,70635.9,70680.59,0.1432,2026-03-11 19:50:00
1773258900000,70664.5,70664.5,70527.02,70574.89,0.08522,2026-03-11 19:55:00
1773259200000,70610.21,70652.12,70512.37,70537.4,0.06689,2026-03-11 20:00:00
1773259500000,70522.67,70535.45,70511.09,70535.45,0.00298,2026-03-11 20:05:00
1773259800000,70485.61,70491.65,70445.78,70458.39,0.07052,2026-03-11 20:10:00
1773260100000,70426.57,70512.75,70426.57,70512.75,0.0284,2026-03-11 20:15:00
1773260400000,70512.84,70512.84,70512.84,70512.84,0.00014,2026-03-11 20:20:00
1773260700000,70435.1,70456.15,70435.1,70456.15,0.00219,2026-03-11 20:25:00
1773261000000,70457.64,70511.79,70457.64,70505.11,0.01531,2026-03-11 20:30:00
1773261300000,70505.11,70533.75,70478.46,70478.46,0.00119,2026-03-11 20:35:00
1773261600000,70530.61,70530.61,70503.8,70503.8,0.00059,2026-03-11 20:40:00
1773261900000,70561.21,70579.5,70561.21,70579.5,0.00042,2026-03-11 20:45:00
1773262200000,70575.67,70575.67,70501.13,70501.13,0.01937,2026-03-11 20:50:00
1773262500000,70548.52,70665.34,70548.52,70641.48,0.00136,2026-03-11 20:55:00
1773262800000,70712.75,70715.0,70639.04,70661.76,0.00813,2026-03-11 21:00:00
1773263100000,70711.97,70712.09,70704.72,70712.09,0.00282,2026-03-11 21:05:00
1773263400000,70670.7,70681.06,70531.14,70549.58,0.00318,2026-03-11 21:10:00
1773263700000,70528.45,70528.45,70521.36,70521.36,0.00797,2026-03-11 21:15:00
1773264000000,70550.81,70586.19,70550.81,70586.19,0.00785,2026-03-11 21:20:00
1773264300000,70558.6,70558.6,70558.6,70558.6,0.00012,2026-03-11 21:25:00
1773264600000,70605.98,70626.17,70605.98,70626.17,0.00098,2026-03-11 21:30:00
1773264900000,70642.48,70691.14,70642.48,70661.29,0.00387,2026-03-11 21:35:00
1773265200000,70611.63,70615.27,70611.63,70615.27,0.00031,2026-03-11 21:40:00
1773265500000,70586.79,70635.42,70586.79,70635.42,0.01069,2026-03-11 21:45:00
1773265800000,70741.0,70750.39,70741.0,70750.39,0.07358,2026-03-11 21:50:00
1773266100000,70748.95,70770.18,70732.43,70732.43,0.02866,2026-03-11 21:55:00
1773266400000,70708.25,70796.89,70708.25,70748.17,0.00988,2026-03-11 22:00:00
1773266700000,70730.84,70730.84,70670.06,70676.63,0.02447,2026-03-11 22:05:00
1773267000000,70687.15,70912.34,70687.15,70912.34,0.11334,2026-03-11 22:10:00
1773267300000,70788.08,70788.08,70683.34,70739.42,0.00171,2026-03-11 22:15:00
1773267600000,70714.04,70714.04,70577.79,70577.79,0.00115,2026-03-11 22:20:00
1773267900000,70577.79,70577.79,70500.0,70500.0,0.10999,2026-03-11 22:25:00
1773268200000,70491.42,70491.42,70400.9,70400.9,0.00997,2026-03-11 22:30:00
1773268500000,70391.96,70391.96,70292.0,70310.57,0.00064,2026-03-11 22:35:00
1773268800000,70369.67,70369.67,70342.28,70342.28,0.00038,2026-03-11 22:40:00
1773269100000,70398.03,70451.38,70398.03,70412.94,0.10866,2026-03-11 22:45:00
1773269400000,70433.12,70449.97,70372.61,70372.61,0.01676,2026-03-11 22:50:00
1773269700000,70280.0,70342.42,70247.65,70342.42,0.00095,2026-03-11 22:55:00
1773270000000,70424.41,70496.58,70420.5,70423.57,0.00457,2026-03-11 23:00:00
1773270300000,70443.02,70481.58,70438.38,70438.38,0.00354,2026-03-11 23:05:00
1773270600000,70465.97,70484.63,70452.47,70476.75,0.00275,2026-03-11 23:10:00
1773270900000,70432.23,70432.23,70368.0,70386.66,0.00123,2026-03-11 23:15:00
1773271200000,70357.97,70357.97,70357.97,70357.97,0.002,2026-03-11 23:20:00
1773271500000,70372.14,70394.15,70372.14,70394.15,0.05954,2026-03-11 23:25:00
1773271800000,70344.1,70344.1,70336.4,70336.4,0.0005,2026-03-11 23:30:00
1773272100000,70345.67,70387.33,70335.68,70335.68,0.00846,2026-03-11 23:35:00
1773272400000,70247.65,70247.65,70247.65,70247.65,0.0019,2026-03-11 23:40:00
1773272700000,70274.81,70274.81,70153.66,70153.66,0.00259,2026-03-11 23:45:00
1773273000000,70234.56,70317.99,70181.6,70181.6,0.00067,2026-03-11 23:50:00
1773273300000,70192.65,70192.65,70192.65,70192.65,0.00711,2026-03-11 23:55:00
1773273600000,70207.97,70224.29,70178.37,70178.37,0.00235,2026-03-12 00:00:00
1773273900000,70187.31,70234.56,70171.18,70234.56,0.0088,2026-03-12 00:05:00
1773274200000,70268.36,70308.2,70268.36,70308.2,0.00622,2026-03-12 00:10:00
1773274500000,70264.03,70308.2,70192.92,70215.2,0.18563,2026-03-12 00:15:00
1773274800000,70221.2,70238.3,70173.95,70238.3,0.02135,2026-03-12 00:20:00
1773275100000,70321.27,70321.27,70252.29,70252.29,0.02086,2026-03-12 00:25:00
1773275400000,70206.95,70206.95,70201.5,70201.5,0.00081,2026-03-12 00:30:00
1773275700000,70228.94,70228.94,70170.23,70170.23,0.00039,2026-03-12 00:35:00
1773276000000,70170.23,70170.23,70170.23,70170.23,0.0,2026-03-12 00:40:00
1773276300000,70234.07,70244.45,70196.71,70244.45,0.00012,2026-03-12 00:45:00
1773276600000,70228.97,70238.07,70192.62,70216.72,0.00805,2026-03-12 00:50:00
1773276900000,70213.58,70213.58,70213.58,70213.58,2e-05,2026-03-12 00:55:00
1773277200000,70214.96,70221.42,69967.71,69977.96,0.0193,2026-03-12 01:00:00
1773277500000,69981.14,69981.14,69893.51,69936.2,0.02059,2026-03-12 01:05:00
1773277800000,70015.46,70015.46,69885.64,69905.28,0.03553,2026-03-12 01:10:00
1773278100000,69885.64,69971.5,69885.64,69971.5,0.00281,2026-03-12 01:15:00
1773278400000,69971.5,69972.35,69920.15,69972.35,0.03352,2026-03-12 01:20:00
1773278700000,69936.98,70001.04,69908.86,69908.86,0.03595,2026-03-12 01:25:00
1773279000000,69930.83,69967.36,69800.68,69861.69,0.03152,2026-03-12 01:30:00
1773279300000,69818.06,69848.97,69818.06,69818.15,0.00066,2026-03-12 01:35:00
1773279600000,69907.42,69994.84,69907.42,69994.84,0.04854,2026-03-12 01:40:00
1773279900000,69954.96,69954.96,69852.71,69852.71,0.00735,2026-03-12 01:45:00
1773280200000,69800.67,69800.67,69771.01,69771.01,0.07351,2026-03-12 01:50:00
1773280500000,69800.46,69833.68,69800.46,69833.68,0.00024,2026-03-12 01:55:00
1773280800000,69833.76,69851.78,69833.76,69835.98,0.00027,2026-03-12 02:00:00
1773281100000,69835.75,69885.51,69796.4,69856.38,0.00286,2026-03-12 02:05:00
1773281400000,69854.77,69854.77,69814.98,69814.98,0.00256,2026-03-12 02:10:00
1773281700000,69798.34,69817.13,69617.1,69617.1,0.04962,2026-03-12 02:15:00
1773282000000,69620.87,69620.87,69522.91,69588.31,0.05347,2026-03-12 02:20:00
1773282300000,69656.13,69656.13,69648.47,69648.47,0.00226,2026-03-12 02:25:00
1773282600000,69538.0,69538.0,69535.34,69535.34,0.00018,2026-03-12 02:30:00
1773282900000,69584.61,69584.61,69417.74,69439.13,0.01861,2026-03-12 02:35:00
1773283200000,69439.13,69439.13,69376.64,69426.97,0.00687,2026-03-12 02:40:00
1773283500000,69480.75,69480.75,69425.92,69440.47,0.00327,2026-03-12 02:45:00
1773283800000,69416.26,69416.26,69247.24,69247.24,0.01044,2026-03-12 02:50:00
1773284100000,69344.56,69344.56,69344.56,69344.56,0.00094,2026-03-12 02:55:00
1773284400000,69284.17,69329.7,69258.06,69325.36,0.0465,2026-03-12 03:00:00
1773284700000,69382.15,69408.74,69382.15,69386.83,0.01404,2026-03-12 03:05:00
1773285000000,69374.44,69385.93,69333.19,69333.2,0.02106,2026-03-12 03:10:00
1773285300000,69382.83,69389.39,69382.83,69389.39,0.00102,2026-03-12 03:15:00
1773285600000,69464.01,69488.13,69452.85,69452.85,0.34953,2026-03-12 03:20:00
1773285900000,69418.86,69436.05,69401.34,69436.05,0.00203,2026-03-12 03:25:00
1773286200000,69418.38,69539.96,69418.38,69539.96,0.00216,2026-03-12 03:30:00
1773286500000,69539.13,69539.13,69531.09,69538.59,0.00097,2026-03-12 03:35:00
1773286800000,69574.19,69581.42,69541.99,69541.99,0.00018,2026-03-12 03:40:00
1773287100000,69564.5,69564.5,69303.32,69303.32,0.00968,2026-03-12 03:45:00
1773287400000,69372.62,69409.02,69372.62,69409.02,0.00342,2026-03-12 03:50:00
1773287700000,69409.02,69409.02,69409.02,69409.02,0.0,2026-03-12 03:55:00
1773288000000,69458.7,69555.93,69458.7,69555.93,0.00085,2026-03-12 04:00:00
1773288300000,69557.76,69661.89,69557.76,69640.84,0.00115,2026-03-12 04:05:00
1773288600000,69638.31,69638.31,69618.74,69623.79,0.00124,2026-03-12 04:10:00
1773288900000,69598.14,69612.39,69580.82,69586.37,0.00358,2026-03-12 04:15:00
1773289200000,69513.71,69513.71,69513.71,69513.71,0.01774,2026-03-12 04:20:00
1773289500000,69503.85,69503.85,69470.67,69470.67,0.00724,2026-03-12 04:25:00
1773289800000,69414.61,69414.61,69414.61,69414.61,0.0002,2026-03-12 04:30:00
1773290100000,69360.12,69407.85,69303.09,69407.85,0.04421,2026-03-12 04:35:00
1773290400000,69422.28,69422.28,69422.28,69422.28,0.00021,2026-03-12 04:40:00
1773290700000,69376.83,69378.58,69341.42,69341.42,0.01336,2026-03-12 04:45:00
1773291000000,69350.38,69362.34,69350.38,69362.34,0.00018,2026-03-12 04:50:00
1773291300000,69362.34,69362.34,69362.34,69362.34,0.0,2026-03-12 04:55:00
1773291600000,69347.33,69396.0,69338.28,69396.0,0.00184,2026-03-12 05:00:00
1773291900000,69384.83,69444.18,69384.83,69444.18,0.00123,2026-03-12 05:05:00
1773292200000,69442.28,69456.42,69442.28,69456.42,0.00033,2026-03-12 05:10:00
1773292500000,69392.29,69392.29,69392.29,69392.29,0.00101,2026-03-12 05:15:00
1773292800000,69351.98,69351.98,69222.5,69222.5,0.04156,2026-03-12 05:20:00
1773293100000,69282.79,69282.79,69282.79,69282.79,0.0042,2026-03-12 05:25:00
1773293400000,69282.79,69282.79,69282.79,69282.79,0.0,2026-03-12 05:30:00
1773293700000,69349.88,69349.88,69349.88,69349.88,0.00054,2026-03-12 05:35:00
1773294000000,69349.88,69349.88,69349.88,69349.88,0.0,2026-03-12 05:40:00
1773294300000,69456.72,69461.27,69438.42,69438.42,0.00367,2026-03-12 05:45:00
1773294600000,69404.6,69434.38,69404.6,69434.38,0.00036,2026-03-12 05:50:00
1773294900000,69442.97,69442.97,69442.97,69442.97,0.01437,2026-03-12 05:55:00
1773295200000,69437.92,69437.92,69437.92,69437.92,0.04686,2026-03-12 06:00:00
1773295500000,69400.74,69448.95,69400.74,69448.95,0.00819,2026-03-12 06:05:00
1773295800000,69414.37,69465.63,69414.37,69454.61,0.00146,2026-03-12 06:10:00
1773296100000,69448.5,69468.14,69448.5,69468.14,0.06197,2026-03-12 06:15:00
1773296400000,69499.12,69530.89,69476.98,69476.98,0.06073,2026-03-12 06:20:00
1773296700000,69469.58,69504.69,69469.58,69493.98,0.03263,2026-03-12 06:25:00
1773297000000,69493.98,69493.98,69493.98,69493.98,0.0,2026-03-12 06:30:00
1773297300000,69496.24,69496.24,69460.64,69460.64,0.00025,2026-03-12 06:35:00
1773297600000,69460.64,69460.64,69460.64,69460.64,0.0,2026-03-12 06:40:00
1773297900000,69482.14,69482.14,69450.72,69450.72,0.01269,2026-03-12 06:45:00
1773298200000,69450.72,69450.72,69450.72,69450.72,0.0,2026-03-12 06:50:00
1773298500000,69510.22,69510.22,69510.22,69510.22,9e-05,2026-03-12 06:55:00
1773298800000,69503.98,69513.65,69489.09,69513.65,0.00196,2026-03-12 07:00:00
1773299100000,69476.96,69476.96,69453.76,69453.76,0.00222,2026-03-12 07:05:00
1773299400000,69452.55,69495.09,69451.97,69451.97,0.00297,2026-03-12 07:10:00
1773299700000,69567.54,69567.54,69547.15,69547.15,0.00934,2026-03-12 07:15:00
1773300000000,69569.84,69620.56,69569.84,69587.72,0.00936,2026-03-12 07:20:00
1773300300000,69633.24,69633.24,69603.71,69603.71,9e-05,2026-03-12 07:25:00
1773300600000,69667.79,69667.79,69667.79,69667.79,0.04562,2026-03-12 07:30:00
1773300900000,69690.09,69740.38,69653.5,69694.95,0.04471,2026-03-12 07:35:00
1773301200000,69712.7,69714.58,69712.7,69714.58,0.14307,2026-03-12 07:40:00
1773301500000,69719.63,69799.13,69719.63,69795.06,0.01414,2026-03-12 07:45:00
1773301800000,69795.06,69795.06,69795.06,69795.06,0.0,2026-03-12 07:50:00
1773302100000,69795.06,69795.06,69795.06,69795.06,0.0,2026-03-12 07:55:00
1773302400000,69858.1,69858.1,69858.1,69858.1,0.00017,2026-03-12 08:00:00
1773302700000,69845.07,69845.07,69773.78,69773.78,0.00073,2026-03-12 08:05:00
1773303000000,69773.78,69773.78,69773.78,69773.78,0.0,2026-03-12 08:10:00
1773303300000,69920.0,70084.77,69920.0,70029.65,0.00405,2026-03-12 08:15:00
1773303600000,69947.44,69947.44,69947.44,69947.44,0.00014,2026-03-12 08:20:00
1773303900000,69842.42,69842.42,69795.42,69795.42,0.00749,2026-03-12 08:25:00
1773304200000,69844.59,69844.59,69844.59,69844.59,0.00021,2026-03-12 08:30:00
1773304500000,69844.59,69844.59,69844.59,69844.59,0.0,2026-03-12 08:35:00
1773304800000,69803.13,69804.33,69803.13,69804.33,0.05122,2026-03-12 08:40:00
1773305100000,69813.77,69813.77,69813.77,69813.77,0.01314,2026-03-12 08:45:00
1773305400000,69853.21,69853.21,69853.21,69853.21,0.00782,2026-03-12 08:50:00
1773305700000,69853.21,69853.21,69853.21,69853.21,0.0,2026-03-12 08:55:00
1773306000000,69853.21,69853.21,69853.21,69853.21,0.0,2026-03-12 09:00:00
1773306300000,69830.46,69830.46,69830.46,69830.46,0.00018,2026-03-12 09:05:00
1773306600000,69820.34,69820.34,69812.38,69812.38,0.01029,2026-03-12 09:10:00
1773306900000,69765.18,69765.18,69665.73,69692.37,0.06663,2026-03-12 09:15:00
1773307200000,69606.68,69606.68,69606.68,69606.68,0.0093,2026-03-12 09:20:00
1773307500000,69711.85,69711.85,69711.85,69711.85,0.00762,2026-03-12 09:25:00
1773307800000,69711.85,69711.85,69711.85,69711.85,0.0,2026-03-12 09:30:00
1773308100000,69851.43,69851.43,69851.43,69851.43,0.00097,2026-03-12 09:35:00
1773308400000,69939.04,70277.5,69939.04,70277.5,0.01394,2026-03-12 09:40:00
1773308700000,70317.37,70372.33,69942.0,69942.0,0.01002,2026-03-12 09:45:00
1773309000000,69942.0,69942.0,69942.0,69942.0,0.0,2026-03-12 09:50:00
1773309300000,69968.53,69968.53,69968.53,69968.53,0.00037,2026-03-12 09:55:00
1773309600000,70051.5,70051.5,70032.53,70032.53,0.00031,2026-03-12 10:00:00
1773309900000,70032.53,70032.53,70032.53,70032.53,0.0,2026-03-12 10:05:00
1773310200000,69917.28,69974.86,69917.28,69974.86,0.0007,2026-03-12 10:10:00
1773310500000,69974.86,69974.86,69974.86,69974.86,0.0,2026-03-12 10:15:00
1773310800000,70082.49,70082.49,70082.49,70082.49,0.01533,2026-03-12 10:20:00
1773311100000,70137.15,70137.15,70109.77,70109.77,0.004,2026-03-12 10:25:00
1773311400000,70229.7,70229.7,70173.67,70173.67,0.00543,2026-03-12 10:30:00
1773311700000,70277.5,70339.12,70277.5,70285.83,0.00925,2026-03-12 10:35:00
1773312000000,70391.96,70436.99,70376.43,70376.43,0.12839,2026-03-12 10:40:00
1773312300000,70420.0,70493.42,70396.01,70396.01,0.04166,2026-03-12 10:45:00
1773312600000,70382.1,70431.54,70382.1,70431.54,0.08348,2026-03-12 10:50:00
1773312900000,70439.4,70441.05,70439.4,70441.05,0.01905,2026-03-12 10:55:00
1773313200000,70441.05,70441.05,70441.05,70441.05,0.0,2026-03-12 11:00:00
1773313500000,70491.23,70492.0,70379.29,70379.29,0.07245,2026-03-12 11:05:00
1773313800000,70491.53,70498.23,70328.53,70421.81,0.08518,2026-03-12 11:10:00
1773314100000,70421.81,70421.81,70421.81,70421.81,0.0,2026-03-12 11:15:00
1773314400000,70536.84,70592.33,70536.84,70592.33,0.00247,2026-03-12 11:20:00
1773314700000,70520.05,70520.05,70414.17,70414.17,0.00336,2026-03-12 11:25:00
1773315000000,70486.21,70486.21,70486.21,70486.21,0.00013,2026-03-12 11:30:00
1773315300000,70644.77,70678.15,70644.77,70658.4,0.00336,2026-03-12 11:35:00
1773315600000,70669.09,70720.15,70661.19,70680.8,0.08236,2026-03-12 11:40:00
1773315900000,70753.88,70773.27,70607.61,70607.61,0.01517,2026-03-12 11:45:00
1773316200000,70537.05,70537.05,70466.51,70474.31,0.00344,2026-03-12 11:50:00
1773316500000,70468.68,70468.68,70434.02,70434.02,0.0005,2026-03-12 11:55:00
1773316800000,70421.68,70428.33,70356.05,70356.05,0.00337,2026-03-12 12:00:00
1773317100000,70350.25,70353.12,70311.52,70311.52,0.0015,2026-03-12 12:05:00
1773317400000,70338.92,70397.29,70314.67,70364.66,0.00158,2026-03-12 12:10:00
1773317700000,70318.37,70430.63,70318.37,70430.63,0.00038,2026-03-12 12:15:00
1773318000000,70402.6,70479.3,70361.02,70461.67,0.00223,2026-03-12 12:20:00
1773318300000,70428.06,70428.06,70422.86,70422.86,0.00797,2026-03-12 12:25:00
1773318600000,70420.66,70420.66,70326.0,70326.0,0.03207,2026-03-12 12:30:00
1773318900000,70326.0,70326.0,70326.0,70326.0,0.0,2026-03-12 12:35:00
1773319200000,70364.9,70364.9,70364.9,70364.9,0.00035,2026-03-12 12:40:00
1773319500000,70444.83,70475.3,70444.83,70475.3,0.02096,2026-03-12 12:45:00
1773319800000,70462.2,70474.77,70400.0,70400.0,0.8671,2026-03-12 12:50:00
1773320100000,70400.0,70400.0,70400.0,70400.0,0.0,2026-03-12 12:55:00
1773320400000,70384.76,70425.23,70374.69,70425.23,0.00055,2026-03-12 13:00:00
1773320700000,70495.87,70535.23,70440.34,70440.34,0.00601,2026-03-12 13:05:00
1773321000000,70439.17,70440.12,70415.44,70417.7,0.00538,2026-03-12 13:10:00
1773321300000,70277.5,70280.34,70223.39,70248.55,0.00547,2026-03-12 13:15:00
1773321600000,70245.83,70245.83,69974.73,70091.62,0.05671,2026-03-12 13:20:00
1773321900000,70140.17,70140.17,70082.06,70082.06,0.00173,2026-03-12 13:25:00
1773322200000,70062.8,70330.66,69962.67,70330.66,0.04998,2026-03-12 13:30:00
1773322500000,70376.3,70449.66,70270.54,70270.54,0.06435,2026-03-12 13:35:00
1773322800000,70367.38,70367.38,70197.85,70197.85,0.00164,2026-03-12 13:40:00
1773323100000,70024.11,70024.11,69717.06,69717.06,0.03932,2026-03-12 13:45:00
1773323400000,70055.81,70134.09,69939.58,69939.58,0.01784,2026-03-12 13:50:00
1773323700000,69759.49,69907.56,69735.83,69861.85,0.04063,2026-03-12 13:55:00
1773324000000,69988.79,70339.12,69988.79,70237.37,0.03297,2026-03-12 14:00:00
1773324300000,70238.23,70242.39,70228.78,70228.78,0.00108,2026-03-12 14:05:00
1773324600000,70343.85,70421.22,70336.5,70377.56,0.00496,2026-03-12 14:10:00
1773324900000,70434.02,70638.54,70163.07,70163.07,0.04331,2026-03-12 14:15:00
1773325200000,70112.32,70112.32,70000.0,70000.0,0.00345,2026-03-12 14:20:00
1773325500000,70187.35,70187.35,69962.67,69962.67,0.02024,2026-03-12 14:25:00
1773325800000,69928.59,69928.59,69748.75,69748.75,0.00984,2026-03-12 14:30:00
1773326100000,69796.42,69796.42,69596.35,69613.42,0.00285,2026-03-12 14:35:00
1773326400000,69559.98,69559.98,69404.59,69459.51,0.04818,2026-03-12 14:40:00
1773326700000,69570.5,69759.49,69408.43,69408.43,0.02163,2026-03-12 14:45:00
1773327000000,69408.43,69408.43,69408.43,69408.43,0.0,2026-03-12 14:50:00
1773327300000,69452.15,69452.15,69414.45,69414.45,0.00095,2026-03-12 14:55:00
1773327600000,69588.97,69759.48,69548.09,69759.48,0.02897,2026-03-12 15:00:00
1773327900000,69733.22,69759.49,69695.95,69695.97,0.00259,2026-03-12 15:05:00
1773328200000,69618.27,69717.28,69607.94,69717.28,0.00277,2026-03-12 15:10:00
1773328500000,69759.49,69870.31,69759.49,69870.31,0.04589,2026-03-12 15:15:00
1773328800000,69822.3,69989.4,69822.3,69989.4,0.04541,2026-03-12 15:20:00
1773329100000,70013.93,70391.96,70013.93,70391.96,0.00665,2026-03-12 15:25:00
1773329400000,70296.03,70296.03,70296.03,70296.03,0.00743,2026-03-12 15:30:00
1773329700000,70283.65,70498.23,70214.99,70498.23,0.17893,2026-03-12 15:35:00
1773330000000,70535.58,70535.58,70357.6,70406.8,0.03989,2026-03-12 15:40:00
1773330300000,70402.35,70437.25,70402.35,70437.25,0.01166,2026-03-12 15:45:00
1773330600000,70422.5,70422.5,70299.02,70343.47,0.03083,2026-03-12 15:50:00
1773330900000,70343.47,70343.47,70343.47,70343.47,0.0,2026-03-12 15:55:00
1773331200000,70322.55,70415.1,70322.55,70415.1,0.00269,2026-03-12 16:00:00
1773331500000,70426.4,70458.44,69962.67,69963.47,0.00738,2026-03-12 16:05:00
1773331800000,70030.47,70143.86,70030.47,70143.86,0.01408,2026-03-12 16:10:00
1773332100000,70157.1,70309.93,70157.1,70287.69,0.00079,2026-03-12 16:15:00
1773332400000,70285.37,70528.36,70285.37,70515.15,0.21572,2026-03-12 16:20:00
1773332700000,70275.0,70275.0,70112.32,70112.32,0.00613,2026-03-12 16:25:00
1773333000000,70093.9,70305.44,70093.9,70280.73,0.02034,2026-03-12 16:30:00
1773333300000,70222.7,70352.25,70222.7,70352.25,0.03723,2026-03-12 16:35:00
1773333600000,70461.19,70461.84,70368.53,70385.53,0.00336,2026-03-12 16:40:00
1773333900000,70466.94,70506.15,70464.62,70506.15,0.01692,2026-03-12 16:45:00
1773334200000,70512.45,70512.45,70419.22,70419.22,0.02851,2026-03-12 16:50:00
1773334500000,70419.22,70434.99,70394.69,70394.69,0.00765,2026-03-12 16:55:00
1773334800000,70366.82,70458.23,70366.82,70458.23,0.00329,2026-03-12 17:00:00
1773335100000,70491.05,70506.28,70445.96,70445.96,0.03049,2026-03-12 17:05:00
1773335400000,70454.18,70492.59,70442.6,70492.59,0.00407,2026-03-12 17:10:00
1773335700000,70317.84,70317.84,70317.84,70317.84,0.00018,2026-03-12 17:15:00
1773336000000,70437.46,70460.0,70429.41,70429.41,0.02408,2026-03-12 17:20:00
1773336300000,70441.35,70441.35,70324.61,70324.61,0.01531,2026-03-12 17:25:00
1773336600000,70392.07,70423.47,70342.27,70370.91,0.0031,2026-03-12 17:30:00
1773336900000,70368.41,70392.46,70360.35,70360.35,0.03102,2026-03-12 17:35:00
1773337200000,70360.35,70360.35,70360.35,70360.35,0.0,2026-03-12 17:40:00
1773337500000,70360.35,70360.35,70360.35,70360.35,0.0,2026-03-12 17:45:00
1773337800000,70425.89,70425.89,70425.89,70425.89,0.00021,2026-03-12 17:50:00
1773338100000,70112.32,70112.32,70056.3,70056.3,0.00276,2026-03-12 17:55:00
1773338400000,70225.0,70260.74,70201.44,70211.75,0.00344,2026-03-12 18:00:00
1773338700000,70138.02,70261.07,70095.26,70261.07,1.00546,2026-03-12 18:05:00
1773339000000,70268.03,70279.14,70212.96,70219.19,0.02667,2026-03-12 18:10:00
1773339300000,70258.78,70271.23,70160.96,70160.96,0.0246,2026-03-12 18:15:00
1773339600000,70089.63,70089.63,69931.91,70035.51,0.37752,2026-03-12 18:20:00
1773339900000,69998.77,70070.1,69998.77,70070.1,0.00078,2026-03-12 18:25:00
1773340200000,70011.06,70011.06,70010.86,70010.86,0.00084,2026-03-12 18:30:00
1773340500000,69977.91,70045.91,69977.91,70027.33,0.00196,2026-03-12 18:35:00
1773340800000,69956.95,69956.95,69938.54,69938.54,0.04145,2026-03-12 18:40:00
1773341100000,69927.13,69927.13,69830.27,69830.27,0.00093,2026-03-12 18:45:00
1773341400000,69888.0,69922.84,69888.0,69922.84,0.00981,2026-03-12 18:50:00
1773341700000,69902.37,69902.37,69830.27,69830.27,0.04118,2026-03-12 18:55:00
1773342000000,69800.67,69931.37,69791.42,69892.1,0.05835,2026-03-12 19:00:00
1773342300000,69902.33,69926.62,69835.25,69926.62,0.01765,2026-03-12 19:05:00
1773342600000,69918.5,69918.5,69779.75,69914.85,0.00485,2026-03-12 19:10:00
1773342900000,69999.34,70087.13,69975.26,70087.13,0.08899,2026-03-12 19:15:00
1773343200000,70145.1,70170.41,70145.1,70170.41,0.00043,2026-03-12 19:20:00
1773343500000,70150.23,70150.23,70150.23,70150.23,7e-05,2026-03-12 19:25:00
1773343800000,70247.65,70326.59,70247.65,70322.58,0.07656,2026-03-12 19:30:00
1773344100000,70313.23,70319.47,70264.15,70319.23,0.12238,2026-03-12 19:35:00
1773344400000,70300.72,70306.11,70260.57,70306.11,0.04282,2026-03-12 19:40:00
1773344700000,70283.78,70429.47,70283.78,70429.47,0.01581,2026-03-12 19:45:00
1773345000000,70444.67,70466.94,70424.69,70424.69,0.02235,2026-03-12 19:50:00
1773345300000,70493.42,70562.38,70485.82,70485.82,0.5475,2026-03-12 19:55:00
1773345600000,70490.55,70508.91,70466.03,70484.2,0.02546,2026-03-12 20:00:00
1773345900000,70514.35,70555.12,70499.32,70499.32,0.00784,2026-03-12 20:05:00
1773346200000,70421.37,70427.72,70379.99,70379.99,0.00188,2026-03-12 20:10:00
1773346500000,70410.17,70419.62,70290.29,70290.29,0.00154,2026-03-12 20:15:00
1773346800000,70291.31,70291.31,70291.31,70291.31,0.00022,2026-03-12 20:20:00
1773347100000,70402.91,70402.91,70347.38,70347.38,0.0148,2026-03-12 20:25:00
1773347400000,70347.38,70347.38,70347.38,70347.38,0.0,2026-03-12 20:30:00
1773347700000,70347.38,70347.38,70347.38,70347.38,0.0,2026-03-12 20:35:00
1773348000000,70214.08,70214.08,70172.26,70172.26,0.00093,2026-03-12 20:40:00
1773348300000,70251.17,70251.17,70251.17,70251.17,6e-05,2026-03-12 20:45:00
1773348600000,70232.26,70232.26,70232.26,70232.26,0.00142,2026-03-12 20:50:00
1773348900000,70199.17,70199.17,70169.71,70169.71,0.0031,2026-03-12 20:55:00
1773349200000,70211.34,70322.03,70211.34,70322.03,0.13971,2026-03-12 21:00:00
1773349500000,70322.03,70341.36,70288.38,70341.36,0.0087,2026-03-12 21:05:00
1773349800000,70331.86,70434.57,70331.86,70405.86,0.01306,2026-03-12 21:10:00
1773350100000,70404.33,70404.33,70374.09,70374.09,0.00059,2026-03-12 21:15:00
1773350400000,70314.56,70314.56,70284.89,70300.56,0.00233,2026-03-12 21:20:00
1773350700000,70307.32,70307.32,70282.98,70282.98,0.00031,2026-03-12 21:25:00
1773351000000,70264.43,70264.43,70212.2,70212.2,0.00196,2026-03-12 21:30:00
1773351300000,70256.0,70256.0,70256.0,70256.0,0.00025,2026-03-12 21:35:00
1773351600000,70192.62,70192.62,70192.62,70192.62,0.00252,2026-03-12 21:40:00
1773351900000,70299.99,70341.75,70295.65,70341.75,0.14353,2026-03-12 21:45:00
1773352200000,70345.67,70345.67,70292.05,70316.78,0.02082,2026-03-12 21:50:00
1773352500000,70326.95,70333.97,70301.03,70301.03,0.00906,2026-03-12 21:55:00
1773352800000,70305.64,70305.64,70245.54,70245.54,0.01587,2026-03-12 22:00:00
1773353100000,70256.0,70267.11,70248.03,70259.56,0.00036,2026-03-12 22:05:00
1773353400000,70214.48,70242.26,70214.48,70223.23,0.00963,2026-03-12 22:10:00
1773353700000,70138.38,70163.33,70138.38,70163.33,0.08173,2026-03-12 22:15:00
1773354000000,70144.2,70144.2,70138.0,70138.0,0.00086,2026-03-12 22:20:00
1773354300000,70138.0,70138.0,70138.0,70138.0,0.0,2026-03-12 22:25:00
1773354600000,70112.33,70112.33,70112.32,70112.32,0.00287,2026-03-12 22:30:00
1773354900000,70113.5,70113.5,70113.5,70113.5,0.00142,2026-03-12 22:35:00
1773355200000,70068.8,70070.29,70047.91,70070.29,0.01619,2026-03-12 22:40:00
1773355500000,70040.72,70040.72,70040.72,70040.72,0.00012,2026-03-12 22:45:00
1773355800000,70059.03,70059.03,70059.03,70059.03,0.00019,2026-03-12 22:50:00
1773356100000,70129.95,70206.73,70107.96,70206.73,0.00238,2026-03-12 22:55:00
1773356400000,70265.3,70338.08,70205.91,70338.08,0.00875,2026-03-12 23:00:00
1773356700000,70395.8,70456.78,70351.84,70403.34,0.00232,2026-03-12 23:05:00
1773357000000,70382.5,70466.94,70382.5,70466.94,0.00844,2026-03-12 23:10:00
1773357300000,70486.72,70583.87,70486.72,70583.87,0.0192,2026-03-12 23:15:00
1773357600000,70644.75,70699.06,70549.14,70565.18,0.12653,2026-03-12 23:20:00
1773357900000,70548.93,70548.93,70548.93,70548.93,0.00028,2026-03-12 23:25:00
1773358200000,70545.34,70568.59,70512.83,70568.59,0.01959,2026-03-12 23:30:00
1773358500000,70507.87,70536.1,70507.87,70535.26,0.00853,2026-03-12 23:35:00
1773358800000,70519.52,70619.89,70519.52,70619.89,0.01446,2026-03-12 23:40:00
1773359100000,70638.36,70638.36,70509.85,70547.5,0.21103,2026-03-12 23:45:00
1773359400000,70591.94,70591.94,70561.51,70561.51,0.00013,2026-03-12 23:50:00
1773359700000,70513.38,70517.58,70489.42,70489.42,0.20614,2026-03-12 23:55:00
1773360000000,70457.74,70466.03,70434.09,70466.03,0.00071,2026-03-13 00:00:00
1773360300000,70509.27,70630.36,70509.27,70606.65,0.00933,2026-03-13 00:05:00
1773360600000,70701.58,71104.21,70701.58,71054.62,0.24018,2026-03-13 00:10:00
1773360900000,71119.89,71650.0,71118.74,71234.86,0.98865,2026-03-13 00:15:00
1773361200000,71320.02,71762.88,71320.02,71576.5,0.16116,2026-03-13 00:20:00
1773361500000,71592.58,71592.58,71385.86,71385.86,0.00119,2026-03-13 00:25:00
1773361800000,71494.12,71988.42,71494.12,71949.07,0.66066,2026-03-13 00:30:00
1773362100000,71850.96,71935.25,71721.55,71728.4,0.05161,2026-03-13 00:35:00
1773362400000,71747.75,71747.75,71481.37,71512.54,0.01633,2026-03-13 00:40:00
1773362700000,71473.64,71506.75,71335.24,71335.24,0.13985,2026-03-13 00:45:00
1773363000000,71333.72,71395.26,71235.2,71235.2,0.00588,2026-03-13 00:50:00
1773363300000,71240.84,71500.0,71240.68,71446.0,1.10691,2026-03-13 00:55:00
1773363600000,71457.1,71651.0,71455.37,71533.04,0.01236,2026-03-13 01:00:00
1773363900000,71526.23,71680.0,71526.23,71629.77,0.02257,2026-03-13 01:05:00
1773364200000,71648.08,71673.67,71592.82,71597.98,0.0227,2026-03-13 01:10:00
1773364500000,71632.89,71700.03,71617.03,71700.03,0.00292,2026-03-13 01:15:00
1773364800000,71508.87,71508.87,71508.87,71508.87,0.00209,2026-03-13 01:20:00
1773365100000,71482.66,71550.0,71482.66,71550.0,1.08167,2026-03-13 01:25:00
1773365400000,71550.0,71550.0,71550.0,71550.0,0.00057,2026-03-13 01:30:00
1773365700000,71474.49,71474.49,71362.41,71388.49,0.09074,2026-03-13 01:35:00
1773366000000,71495.03,71670.39,71493.45,71670.39,0.00085,2026-03-13 01:40:00
1773366300000,71640.08,71640.08,71574.76,71574.76,0.01169,2026-03-13 01:45:00
1773366600000,71594.81,71615.74,71594.81,71595.03,0.00097,2026-03-13 01:50:00
1773366900000,71653.55,71684.86,71653.55,71684.86,0.0032,2026-03-13 01:55:00
1773367200000,71631.71,71631.71,71570.8,71576.88,0.01483,2026-03-13 02:00:00
1773367500000,71557.53,71566.3,71513.58,71513.58,0.09978,2026-03-13 02:05:00
1773367800000,71576.88,71635.19,71567.26,71567.26,0.02763,2026-03-13 02:10:00
1773368100000,71567.14,71652.13,71508.22,71508.22,0.04027,2026-03-13 02:15:00
1773368400000,71564.65,71564.65,71477.26,71477.26,0.01152,2026-03-13 02:20:00
1773368700000,71469.38,71469.38,71455.34,71455.34,0.01383,2026-03-13 02:25:00
1773369000000,71463.64,71486.0,71364.31,71364.31,1.28641,2026-03-13 02:30:00
1773369300000,71365.96,71367.55,71233.88,71233.88,0.02672,2026-03-13 02:35:00
1773369600000,71211.92,71295.21,71181.57,71207.68,0.25753,2026-03-13 02:40:00
1773369900000,71165.05,71256.4,71123.11,71256.4,0.07221,2026-03-13 02:45:00
1773370200000,71248.4,71248.4,71057.34,71057.34,0.22449,2026-03-13 02:50:00
1773370500000,71153.69,71153.69,71153.69,71153.69,0.0143,2026-03-13 02:55:00
1773370800000,71171.56,71213.8,71167.58,71195.21,0.01922,2026-03-13 03:00:00
1773371100000,71200.0,71271.68,71200.0,71241.38,0.00824,2026-03-13 03:05:00
1773371400000,71240.0,71252.71,71213.43,71234.42,0.02846,2026-03-13 03:10:00
1773371700000,71185.6,71185.6,71185.6,71185.6,0.00035,2026-03-13 03:15:00
1773372000000,71239.13,71252.46,71216.23,71252.46,0.0017,2026-03-13 03:20:00
1773372300000,71293.89,71293.89,71056.02,71088.71,0.16557,2026-03-13 03:25:00
1773372600000,71000.0,71069.08,70961.47,71069.08,0.00236,2026-03-13 03:30:00
1773372900000,71129.8,71129.81,71064.16,71064.16,0.00132,2026-03-13 03:35:00
1773373200000,71098.19,71173.03,71098.19,71160.69,0.46222,2026-03-13 03:40:00
1773373500000,71150.69,71220.74,71150.69,71211.55,0.01768,2026-03-13 03:45:00
1773373800000,71209.3,71337.98,71209.3,71337.98,0.00988,2026-03-13 03:50:00
1773374100000,71505.34,71505.34,71387.32,71428.42,0.00475,2026-03-13 03:55:00
1773374400000,71401.37,71424.12,71381.56,71420.2,0.01843,2026-03-13 04:00:00
1773374700000,71387.06,71434.04,71382.79,71405.22,0.00139,2026-03-13 04:05:00
1773375000000,71471.46,71471.46,71390.92,71390.92,0.00229,2026-03-13 04:10:00
1773375300000,71348.38,71348.38,71297.71,71297.71,0.07123,2026-03-13 04:15:00
1773375600000,71281.48,71281.48,71281.48,71281.48,7e-05,2026-03-13 04:20:00
1773375900000,71297.1,71297.1,71252.91,71296.24,0.0604,2026-03-13 04:25:00
1773376200000,71304.91,71304.91,71304.91,71304.91,0.0014,2026-03-13 04:30:00
1773376500000,71350.45,71382.69,71350.45,71369.91,0.03957,2026-03-13 04:35:00
1773376800000,71391.1,71416.95,71375.3,71395.97,0.00733,2026-03-13 04:40:00
1773377100000,71427.5,71427.5,71427.5,71427.5,8e-05,2026-03-13 04:45:00
1773377400000,71355.2,71355.2,71295.22,71295.22,0.00097,2026-03-13 04:50:00
1773377700000,71344.14,71356.83,71335.32,71356.83,0.00261,2026-03-13 04:55:00
1773378000000,71352.48,71380.42,71326.77,71326.77,0.02634,2026-03-13 05:00:00
1773378300000,71305.5,71360.12,71305.5,71360.12,0.00186,2026-03-13 05:05:00
1773378600000,71403.92,71403.92,71254.18,71289.29,0.16266,2026-03-13 05:10:00
1773378900000,71281.43,71281.43,71281.43,71281.43,0.0042,2026-03-13 05:15:00
1773379200000,71346.16,71457.52,71346.16,71457.52,0.00917,2026-03-13 05:20:00
1773379500000,71342.63,71424.13,71342.63,71424.13,0.04109,2026-03-13 05:25:00
1773379800000,71487.23,71605.69,71487.23,71605.69,0.04336,2026-03-13 05:30:00
1773380100000,71610.6,71610.6,71610.6,71610.6,0.01231,2026-03-13 05:35:00
1773380400000,71593.99,71593.99,71593.99,71593.99,0.00239,2026-03-13 05:40:00
1773380700000,71626.99,71637.91,71495.15,71541.39,0.02837,2026-03-13 05:45:00
1773381000000,71534.34,71534.35,71522.32,71522.32,0.01422,2026-03-13 05:50:00
1773381300000,71522.32,71522.32,71522.32,71522.32,0.0,2026-03-13 05:55:00
1773381600000,71505.75,71505.75,71495.71,71495.71,0.00019,2026-03-13 06:00:00
1773381900000,71513.34,71561.41,71513.34,71561.41,0.00211,2026-03-13 06:05:00
1773382200000,71555.57,71555.57,71460.93,71483.89,0.00094,2026-03-13 06:10:00
1773382500000,71485.09,71485.09,71485.09,71485.09,3e-05,2026-03-13 06:15:00
1773382800000,71471.6,71471.6,71471.6,71471.6,0.00011,2026-03-13 06:20:00
1773383100000,71412.79,71412.79,71212.5,71212.5,0.00023,2026-03-13 06:25:00
1773383400000,71289.2,71329.56,71289.2,71329.56,0.00611,2026-03-13 06:30:00
1773383700000,71254.75,71254.75,71254.75,71254.75,0.00028,2026-03-13 06:35:00
1773384000000,71307.92,71307.92,71269.63,71269.63,0.0008,2026-03-13 06:40:00
1773384300000,71273.09,71273.09,71261.12,71261.12,0.00056,2026-03-13 06:45:00
1773384600000,71313.09,71313.09,71291.04,71291.04,0.00021,2026-03-13 06:50:00
1773384900000,71291.04,71291.04,71291.04,71291.04,0.0,2026-03-13 06:55:00
1773385200000,71344.87,71484.61,71261.51,71452.13,0.03277,2026-03-13 07:00:00
1773385500000,71461.98,71466.47,71461.98,71466.47,0.00284,2026-03-13 07:05:00
1773385800000,71473.34,71518.11,71461.97,71518.11,0.00665,2026-03-13 07:10:00
1773386100000,71404.1,71499.05,71404.1,71499.05,0.0064,2026-03-13 07:15:00
1773386400000,71502.29,71521.29,71502.29,71521.29,0.01261,2026-03-13 07:20:00
1773386700000,71521.29,71521.29,71521.29,71521.29,0.0,2026-03-13 07:25:00
1773387000000,71521.29,71521.29,71521.29,71521.29,0.0,2026-03-13 07:30:00
1773387300000,71521.29,71521.29,71521.29,71521.29,0.0,2026-03-13 07:35:00
1773387600000,71514.06,71514.06,71514.06,71514.06,0.00055,2026-03-13 07:40:00
1773387900000,71596.67,71596.67,71596.67,71596.67,6e-05,2026-03-13 07:45:00
1773388200000,71605.27,71658.61,71605.27,71619.08,0.00033,2026-03-13 07:50:00
1773388500000,71578.0,71578.0,71578.0,71578.0,4e-05,2026-03-13 07:55:00
1773388800000,71649.97,71649.97,71578.0,71578.0,0.00237,2026-03-13 08:00:00
1773389100000,71508.96,71533.35,71486.72,71533.35,0.00028,2026-03-13 08:05:00
1773389400000,71533.35,71533.35,71533.35,71533.35,0.0,2026-03-13 08:10:00
1773389700000,71515.06,71534.38,71515.06,71534.38,0.00167,2026-03-13 08:15:00
1773390000000,71589.9,71591.01,71589.9,71591.01,0.00134,2026-03-13 08:20:00
1773390300000,71558.65,71558.65,71558.65,71558.65,0.00209,2026-03-13 08:25:00
1773390600000,71667.91,71667.91,71667.91,71667.91,4e-05,2026-03-13 08:30:00
1773390900000,71702.81,72115.7,71702.81,72024.59,0.57874,2026-03-13 08:35:00
1773391200000,71996.44,72074.97,71996.44,72062.3,0.02917,2026-03-13 08:40:00
1773391500000,71882.3,71882.3,71735.43,71836.73,0.03094,2026-03-13 08:45:00
1773391800000,71836.73,71836.73,71836.73,71836.73,0.0,2026-03-13 08:50:00
1773392100000,71781.45,71802.37,71781.45,71802.37,0.01877,2026-03-13 08:55:00
1773392400000,71861.79,71972.3,71822.42,71822.42,0.0419,2026-03-13 09:00:00
1773392700000,71872.28,71885.89,71842.05,71842.05,0.01586,2026-03-13 09:05:00
1773393000000,71842.05,71842.05,71842.05,71842.05,0.0,2026-03-13 09:10:00
1773393300000,71710.15,71710.15,71610.6,71645.63,0.01413,2026-03-13 09:15:00
1773393600000,71799.1,71799.1,71799.1,71799.1,0.00208,2026-03-13 09:20:00
1773393900000,71822.98,71843.71,71822.98,71843.71,0.00016,2026-03-13 09:25:00
1773394200000,71843.71,71882.94,71826.31,71882.94,0.06076,2026-03-13 09:30:00
1773394500000,71927.17,71927.17,71927.17,71927.17,0.00122,2026-03-13 09:35:00
1773394800000,71857.87,71866.03,71857.87,71866.03,0.01277,2026-03-13 09:40:00
1773395100000,71877.95,71994.44,71877.95,71994.44,0.00091,2026-03-13 09:45:00
1773395400000,72070.77,72085.87,72018.74,72053.34,0.01874,2026-03-13 09:50:00
1773395700000,72053.34,72053.34,72053.34,72053.34,0.0,2026-03-13 09:55:00
1773396000000,71990.85,72089.64,71990.85,72089.63,9.18767,2026-03-13 10:00:00
1773396300000,72089.63,72089.64,72089.63,72089.63,5.03373,2026-03-13 10:05:00
1773396600000,72089.64,72238.5,72089.63,72238.5,4.34814,2026-03-13 10:10:00
1773396900000,72238.49,72464.03,72238.49,72464.03,0.84344,2026-03-13 10:15:00
1773397200000,72464.03,72464.03,72302.4,72302.4,0.04024,2026-03-13 10:20:00
1773397500000,72330.0,72330.0,72330.0,72330.0,0.01275,2026-03-13 10:25:00
1773397800000,72376.87,72376.87,72373.59,72373.59,0.01119,2026-03-13 10:30:00
1773398100000,72460.54,72515.68,72458.97,72458.97,0.03728,2026-03-13 10:35:00
1773398400000,72458.97,72567.48,72458.97,72490.96,0.17657,2026-03-13 10:40:00
1773398700000,72502.55,72519.29,72446.1,72519.29,0.03339,2026-03-13 10:45:00
1773399000000,72516.36,72516.36,72469.63,72474.43,0.00695,2026-03-13 10:50:00
1773399300000,72496.29,72496.29,72461.6,72461.6,0.04831,2026-03-13 10:55:00
1773399600000,72480.7,72492.53,72480.7,72492.53,0.00051,2026-03-13 11:00:00
1773399900000,72426.28,72460.19,72352.6,72352.85,0.00372,2026-03-13 11:05:00
1773400200000,72390.7,72390.7,72225.01,72309.28,0.00122,2026-03-13 11:10:00
1773400500000,72286.72,72405.87,72286.72,72399.85,0.14586,2026-03-13 11:15:00
1773400800000,72417.45,72418.74,72412.75,72412.75,0.00059,2026-03-13 11:20:00
1773401100000,72412.75,72412.75,72412.75,72412.75,0.0,2026-03-13 11:25:00
1773401400000,72365.42,72365.42,72365.42,72365.42,0.01378,2026-03-13 11:30:00
1773401700000,72365.42,72365.42,72365.42,72365.42,0.0,2026-03-13 11:35:00
1773402000000,72365.42,72365.42,72365.42,72365.42,0.0,2026-03-13 11:40:00
1773402300000,72339.51,72339.52,72245.91,72245.91,0.10124,2026-03-13 11:45:00
1773402600000,72225.0,72287.49,72225.0,72287.49,0.00578,2026-03-13 11:50:00
1773402900000,72287.49,72287.49,72287.49,72287.49,0.0,2026-03-13 11:55:00
1773403200000,72229.87,72399.99,72229.87,72399.99,0.00044,2026-03-13 12:00:00
1773403500000,72400.0,72427.17,72387.34,72427.17,0.76096,2026-03-13 12:05:00
1773403800000,72427.92,72427.92,72395.49,72398.72,0.00249,2026-03-13 12:10:00
1773404100000,72398.72,72398.72,72398.72,72398.72,0.0,2026-03-13 12:15:00
1773404400000,72383.48,72456.0,72370.05,72430.23,0.13235,2026-03-13 12:20:00
1773404700000,72408.13,72408.13,72371.18,72371.18,0.03804,2026-03-13 12:25:00
1773405000000,72456.65,72602.31,72386.74,72386.74,0.1155,2026-03-13 12:30:00
1773405300000,72422.9,72422.9,72417.97,72417.97,0.0018,2026-03-13 12:35:00
1773405600000,72397.88,72430.23,72381.95,72381.95,0.01758,2026-03-13 12:40:00
1773405900000,72536.05,72845.48,72536.05,72756.41,0.02069,2026-03-13 12:45:00
1773406200000,72676.05,72721.66,72635.1,72635.1,0.0117,2026-03-13 12:50:00
1773406500000,72703.96,72856.11,72703.96,72783.14,0.04537,2026-03-13 12:55:00
1773406800000,72730.2,72853.49,72713.93,72747.98,0.03204,2026-03-13 13:00:00
1773407100000,72890.0,72890.0,72719.91,72719.91,0.0937,2026-03-13 13:05:00
1773407400000,72734.1,72860.52,72734.1,72822.97,0.00395,2026-03-13 13:10:00
1773407700000,72660.54,73253.65,72660.54,73253.65,0.68947,2026-03-13 13:15:00
1773408000000,73215.84,73215.84,72890.84,73198.0,0.64963,2026-03-13 13:20:00
1773408300000,73038.39,73052.05,73036.92,73052.05,0.03388,2026-03-13 13:25:00
1773408600000,73138.26,73331.83,73075.5,73075.5,0.20344,2026-03-13 13:30:00
1773408900000,72931.65,72931.65,72759.38,72804.34,0.00538,2026-03-13 13:35:00
1773409200000,72971.5,73118.14,72971.5,73118.14,1.28645,2026-03-13 13:40:00
1773409500000,73282.54,73409.26,73243.6,73292.71,0.09938,2026-03-13 13:45:00
1773409800000,73341.35,73493.24,73300.02,73450.96,0.09361,2026-03-13 13:50:00
1773410100000,73422.8,73570.77,73341.02,73341.02,0.13121,2026-03-13 13:55:00
1773410400000,73522.0,73552.25,73341.04,73350.36,0.00273,2026-03-13 14:00:00
1773410700000,73435.68,73491.89,73283.12,73379.69,0.02971,2026-03-13 14:05:00
1773411000000,73407.62,73560.53,73407.62,73544.69,0.50747,2026-03-13 14:10:00
1773411300000,73388.23,73388.23,73385.46,73388.23,0.01376,2026-03-13 14:15:00
1773411600000,73591.41,73800.0,73591.41,73800.0,1.50983,2026-03-13 14:20:00
1773411900000,73800.0,73861.68,73732.56,73777.3,0.42494,2026-03-13 14:25:00
1773412200000,73873.0,73895.52,73759.63,73759.63,0.04075,2026-03-13 14:30:00
1773412500000,73742.12,73742.12,73449.32,73449.32,0.02794,2026-03-13 14:35:00
1773412800000,73486.11,73576.45,72948.06,72948.06,0.53431,2026-03-13 14:40:00
1773413100000,72935.33,72961.83,72626.0,72691.83,1.41946,2026-03-13 14:45:00
1773413400000,72732.68,72732.68,72485.58,72561.7,0.14794,2026-03-13 14:50:00
1773413700000,72639.42,72669.0,72350.36,72450.0,0.07822,2026-03-13 14:55:00
1773414000000,72465.97,72488.16,72210.08,72400.0,0.10872,2026-03-13 15:00:00
1773414300000,72400.0,72625.64,72342.23,72600.0,0.17286,2026-03-13 15:05:00
1773414600000,72608.26,72650.8,72608.26,72631.34,0.02508,2026-03-13 15:10:00
1773414900000,72701.65,72800.0,72688.8,72713.8,0.11322,2026-03-13 15:15:00
1773415200000,72741.85,72823.74,72714.88,72714.88,0.1451,2026-03-13 15:20:00
1773415500000,72534.1,72534.1,72506.73,72506.73,0.0447,2026-03-13 15:25:00
1773415800000,72431.78,72505.14,72431.78,72505.14,0.0173,2026-03-13 15:30:00
1773416100000,72495.97,72495.97,72267.12,72380.35,0.00469,2026-03-13 15:35:00
1773416400000,72328.66,72328.66,71854.36,71967.9,0.06507,2026-03-13 15:40:00
1773416700000,72010.16,72261.3,71963.56,72235.19,0.05953,2026-03-13 15:45:00
1773417000000,72216.89,72216.89,71970.5,71970.5,0.08565,2026-03-13 15:50:00
1773417300000,71929.22,71929.22,71750.0,71750.0,0.14829,2026-03-13 15:55:00
1773417600000,71911.1,71948.27,71645.48,71790.9,0.51673,2026-03-13 16:00:00
1773417900000,71645.48,71689.15,71608.82,71668.61,0.04715,2026-03-13 16:05:00
1773418200000,71698.0,71816.28,71686.92,71724.44,0.03524,2026-03-13 16:10:00
1773418500000,71753.06,71753.06,71363.18,71399.01,0.12765,2026-03-13 16:15:00
1773418800000,71341.43,71516.79,71288.42,71288.42,0.01703,2026-03-13 16:20:00
1773419100000,71310.14,71383.07,71181.57,71383.07,0.07352,2026-03-13 16:25:00
1773419400000,71386.09,71637.19,71386.09,71588.92,0.02791,2026-03-13 16:30:00
1773419700000,71658.61,71790.92,71658.61,71790.92,0.00052,2026-03-13 16:35:00
1773420000000,71832.89,71878.33,71832.89,71833.73,0.00231,2026-03-13 16:40:00
1773420300000,71814.49,71903.44,71814.49,71903.44,0.00594,2026-03-13 16:45:00
1773420600000,71947.12,72080.51,71947.12,72033.7,0.0266,2026-03-13 16:50:00
1773420900000,72033.7,72033.7,72033.7,72033.7,0.0,2026-03-13 16:55:00
1773421200000,71909.42,71929.04,71877.0,71929.04,0.00595,2026-03-13 17:00:00
1773421500000,71924.42,72033.7,71819.64,72033.7,0.05363,2026-03-13 17:05:00
1773421800000,72031.71,72135.41,72006.49,72117.83,0.03119,2026-03-13 17:10:00
1773422100000,72153.15,72153.15,72016.15,72016.15,0.01337,2026-03-13 17:15:00
1773422400000,72016.66,72016.66,71937.0,71945.27,0.03372,2026-03-13 17:20:00
1773422700000,71905.97,71905.97,71610.6,71610.6,0.00838,2026-03-13 17:25:00
1773423000000,71638.67,71643.35,71598.2,71598.2,0.02072,2026-03-13 17:30:00
1773423300000,71559.7,71559.7,71430.33,71434.7,0.00776,2026-03-13 17:35:00
1773423600000,71312.26,71312.26,71095.51,71224.52,0.04833,2026-03-13 17:40:00
1773423900000,71154.48,71253.24,71088.71,71184.73,0.05705,2026-03-13 17:45:00
1773424200000,71026.61,71054.58,70998.0,71054.58,0.03022,2026-03-13 17:50:00
1773424500000,71105.07,71160.17,70900.6,70990.77,0.1827,2026-03-13 17:55:00
1773424800000,71087.58,71105.97,71061.73,71105.97,0.00337,2026-03-13 18:00:00
1773425100000,71052.02,71058.89,71024.43,71058.89,0.00478,2026-03-13 18:05:00
1773425400000,71049.32,71218.65,70985.63,71218.65,0.09176,2026-03-13 18:10:00
1773425700000,71231.37,71240.79,70896.08,70899.59,0.05452,2026-03-13 18:15:00
1773426000000,71013.23,71016.82,70879.23,70958.82,0.05503,2026-03-13 18:20:00
1773426300000,71009.16,71193.7,71009.16,71193.7,0.52308,2026-03-13 18:25:00
1773426600000,71306.86,71306.86,71264.67,71264.67,0.00409,2026-03-13 18:30:00
1773426900000,71282.29,71311.72,71209.77,71209.77,0.01645,2026-03-13 18:35:00
1773427200000,71209.77,71209.77,71209.77,71209.77,0.0,2026-03-13 18:40:00
1773427500000,71100.0,71167.62,71100.0,71167.62,0.0132,2026-03-13 18:45:00
1773427800000,71062.28,71062.28,71062.28,71062.28,0.00016,2026-03-13 18:50:00
1773428100000,71063.97,71063.97,71063.97,71063.97,3e-05,2026-03-13 18:55:00
1773428400000,71063.5,71106.67,71044.12,71106.67,0.01179,2026-03-13 19:00:00
1773428700000,71027.81,71258.4,71027.81,71210.85,0.0075,2026-03-13 19:05:00
1773429000000,71244.34,71244.34,71239.71,71239.71,0.00238,2026-03-13 19:10:00
1773429300000,71228.78,71316.83,71228.78,71284.53,0.00207,2026-03-13 19:15:00
1773429600000,71090.43,71172.74,71090.43,71172.74,0.01357,2026-03-13 19:20:00
1773429900000,71104.96,71104.96,71066.27,71069.84,0.18547,2026-03-13 19:25:00
1773430200000,71184.74,71184.74,71184.74,71184.74,0.0028,2026-03-13 19:30:00
1773430500000,71099.04,71133.35,71099.04,71133.35,0.00087,2026-03-13 19:35:00
1773430800000,71122.18,71122.18,71122.18,71122.18,3e-05,2026-03-13 19:40:00
1773431100000,71132.6,71193.79,71132.6,71171.13,0.04276,2026-03-13 19:45:00
1773431400000,71163.0,71190.82,71163.0,71187.18,0.00859,2026-03-13 19:50:00
1773431700000,71187.17,71240.26,71187.17,71240.26,0.00557,2026-03-13 19:55:00
1773432000000,71172.84,71176.23,71172.84,71176.23,0.01128,2026-03-13 20:00:00
1773432300000,71233.5,71233.5,71222.12,71225.04,0.00051,2026-03-13 20:05:00
1773432600000,71274.96,71276.13,71265.26,71265.26,0.07345,2026-03-13 20:10:00
1773432900000,71350.18,71409.0,71335.05,71409.0,0.19247,2026-03-13 20:15:00
1773433200000,71392.35,71421.06,71392.35,71421.06,0.00052,2026-03-13 20:20:00
1773433500000,71373.3,71373.3,71295.99,71295.99,0.00142,2026-03-13 20:25:00
1773433800000,71298.48,71298.48,71279.69,71279.69,0.00017,2026-03-13 20:30:00
1773434100000,71273.46,71295.73,71273.46,71295.73,0.00186,2026-03-13 20:35:00
1773434400000,71270.9,71270.9,71270.9,71270.9,6e-05,2026-03-13 20:40:00
1773434700000,71270.9,71270.9,71270.9,71270.9,0.0,2026-03-13 20:45:00
1773435000000,71456.05,71456.05,71456.05,71456.05,0.03492,2026-03-13 20:50:00
1773435300000,71379.78,71379.78,71379.78,71379.78,0.00209,2026-03-13 20:55:00
1773435600000,71369.38,71477.29,71369.38,71477.29,0.01559,2026-03-13 21:00:00
1773435900000,71462.35,71499.16,71447.9,71461.52,0.00182,2026-03-13 21:05:00
1773436200000,71474.26,71477.42,71385.65,71420.85,0.00684,2026-03-13 21:10:00
1773436500000,71420.85,71420.85,71416.74,71416.74,0.00084,2026-03-13 21:15:00
1773436800000,71384.85,71384.85,71342.12,71372.58,0.00951,2026-03-13 21:20:00
1773437100000,71354.01,71354.01,71264.47,71264.47,0.00233,2026-03-13 21:25:00
1773437400000,71159.05,71191.49,71153.99,71155.65,0.0026,2026-03-13 21:30:00
1773437700000,71180.43,71180.43,71083.8,71083.8,0.02696,2026-03-13 21:35:00
1773438000000,71148.23,71148.23,71148.23,71148.23,0.00762,2026-03-13 21:40:00
1773438300000,71175.6,71175.6,71175.6,71175.6,0.01111,2026-03-13 21:45:00
1773438600000,71220.88,71220.88,71176.08,71206.14,0.00731,2026-03-13 21:50:00
1773438900000,71186.61,71192.75,71111.45,71111.45,0.18268,2026-03-13 21:55:00
1773439200000,71122.14,71158.13,70698.91,70825.86,0.1876,2026-03-13 22:00:00
1773439500000,70789.9,70826.19,70789.9,70824.93,0.00593,2026-03-13 22:05:00
1773439800000,70871.32,70895.36,70848.49,70848.49,0.00175,2026-03-13 22:10:00
1773440100000,70785.06,70808.84,70692.02,70808.84,0.00384,2026-03-13 22:15:00
1773440400000,70842.08,70842.08,70675.7,70675.7,0.00842,2026-03-13 22:20:00
1773440700000,70659.95,70672.71,70659.95,70672.71,0.0005,2026-03-13 22:25:00
1773441000000,70644.77,70644.77,70564.5,70564.5,0.02467,2026-03-13 22:30:00
1773441300000,70659.0,70661.56,70659.0,70661.56,0.1536,2026-03-13 22:35:00
1773441600000,70742.45,70742.45,70742.37,70742.37,0.00397,2026-03-13 22:40:00
1773441900000,70724.75,70747.37,70724.75,70747.37,0.01417,2026-03-13 22:45:00
1773442200000,70780.03,70780.03,70745.04,70780.03,0.0456,2026-03-13 22:50:00
1773442500000,70804.82,70820.59,70791.71,70820.59,0.02402,2026-03-13 22:55:00
1773442800000,70795.2,70795.2,70730.86,70730.86,0.00246,2026-03-13 23:00:00
1773443100000,70815.42,70815.42,70798.65,70798.65,0.00503,2026-03-13 23:05:00
1773443400000,70770.78,70822.8,70770.78,70822.8,0.0007,2026-03-13 23:10:00
1773443700000,70914.3,70914.3,70914.3,70914.3,0.00141,2026-03-13 23:15:00
1773444000000,70901.06,70901.06,70883.61,70886.77,0.00301,2026-03-13 23:20:00
1773444300000,70907.81,70969.22,70907.81,70969.22,0.04648,2026-03-13 23:25:00
1773444600000,70876.86,70906.64,70863.93,70906.64,0.00469,2026-03-13 23:30:00
1773444900000,70921.75,70921.75,70921.75,70921.75,0.00011,2026-03-13 23:35:00
1773445200000,70921.75,70921.75,70921.75,70921.75,0.0,2026-03-13 23:40:00
1773445500000,70963.13,70973.25,70951.58,70965.65,0.00089,2026-03-13 23:45:00
1773445800000,70965.65,70965.65,70965.65,70965.65,0.0,2026-03-13 23:50:00
1773446100000,70962.83,70968.63,70950.96,70968.63,0.006,2026-03-13 23:55:00
1773446400000,70877.84,70877.84,70762.78,70762.78,0.0013,2026-03-14 00:00:00
1773446700000,70842.59,70842.59,70793.97,70793.97,0.00423,2026-03-14 00:05:00
1773447000000,70869.51,70869.51,70840.76,70844.79,0.00057,2026-03-14 00:10:00
1773447300000,70913.4,70913.4,70913.4,70913.4,0.00019,2026-03-14 00:15:00
1773447600000,70904.54,70933.36,70904.54,70933.36,0.00134,2026-03-14 00:20:00
1773447900000,70874.02,70874.02,70799.71,70871.4,0.02926,2026-03-14 00:25:00
1773448200000,70921.26,70924.4,70849.58,70902.11,0.00193,2026-03-14 00:30:00
1773448500000,70931.24,70935.95,70846.96,70846.96,0.00171,2026-03-14 00:35:00
1773448800000,70814.98,70814.98,70584.14,70584.14,0.07458,2026-03-14 00:40:00
1773449100000,70577.52,70698.88,70577.52,70594.45,0.00043,2026-03-14 00:45:00
1773449400000,70631.29,70650.51,70621.74,70650.51,0.00326,2026-03-14 00:50:00
1773449700000,70648.25,70675.48,70648.25,70675.48,0.00424,2026-03-14 00:55:00
1773450000000,70615.41,70754.29,70615.41,70754.29,0.00109,2026-03-14 01:00:00
1773450300000,70738.35,70753.88,70731.66,70753.88,0.00326,2026-03-14 01:05:00
1773450600000,70777.08,70777.08,70676.67,70700.03,0.00838,2026-03-14 01:10:00
1773450900000,70711.99,70747.09,70694.55,70747.09,0.00466,2026-03-14 01:15:00
1773451200000,70768.43,70768.43,70768.43,70768.43,0.00036,2026-03-14 01:20:00
1773451500000,70768.43,70768.43,70768.43,70768.43,0.0,2026-03-14 01:25:00
1773451800000,70768.43,70768.43,70768.43,70768.43,0.0,2026-03-14 01:30:00
1773452100000,70659.93,70706.59,70496.18,70706.59,0.07812,2026-03-14 01:35:00
1773452400000,70671.72,70845.1,70671.72,70825.48,0.0174,2026-03-14 01:40:00
1773452700000,70809.68,70809.68,70809.68,70809.68,5e-05,2026-03-14 01:45:00
1773453000000,70891.23,70891.23,70891.23,70891.23,5e-05,2026-03-14 01:50:00
1773453300000,70868.05,70868.05,70835.26,70857.71,0.01294,2026-03-14 01:55:00
1773453600000,70834.5,70851.09,70753.54,70851.09,0.0072,2026-03-14 02:00:00
1773453900000,70874.89,70898.47,70861.65,70861.65,0.07244,2026-03-14 02:05:00
1773454200000,70857.32,70857.32,70828.44,70849.62,0.00925,2026-03-14 02:10:00
1773454500000,70849.54,70849.54,70849.54,70849.54,0.00071,2026-03-14 02:15:00
1773454800000,70796.36,70796.36,70796.36,70796.36,0.00014,2026-03-14 02:20:00
1773455100000,70804.28,70812.22,70794.51,70812.22,0.00388,2026-03-14 02:25:00
1773455400000,70749.53,70749.53,70749.53,70749.53,0.00014,2026-03-14 02:30:00
1773455700000,70749.53,70749.53,70749.53,70749.53,0.0,2026-03-14 02:35:00
1773456000000,70778.98,70778.98,70770.26,70770.26,0.00719,2026-03-14 02:40:00
1773456300000,70770.04,70770.04,70770.04,70770.04,4e-05,2026-03-14 02:45:00
1773456600000,70786.5,70852.48,70777.12,70852.48,0.0217,2026-03-14 02:50:00
1773456900000,70820.38,70879.25,70820.38,70822.6,0.01433,2026-03-14 02:55:00
1773457200000,70836.37,70859.99,70836.27,70859.99,0.01915,2026-03-14 03:00:00
1773457500000,70860.0,71008.28,70860.0,71000.0,0.05614,2026-03-14 03:05:00
1773457800000,71000.0,71002.22,70998.03,70998.03,0.07272,2026-03-14 03:10:00
1773458100000,71021.94,71099.7,70963.3,70963.3,0.05475,2026-03-14 03:15:00
1773458400000,70976.86,70991.97,70976.86,70991.97,0.0002,2026-03-14 03:20:00
1773458700000,71025.26,71069.27,71025.26,71036.07,0.00068,2026-03-14 03:25:00
1773459000000,71091.15,71135.88,71091.15,71130.79,0.00803,2026-03-14 03:30:00
1773459300000,71107.58,71107.58,71096.64,71096.64,0.01489,2026-03-14 03:35:00
1773459600000,71142.65,71153.37,71142.65,71153.37,0.00245,2026-03-14 03:40:00
1773459900000,71098.81,71131.14,71097.57,71097.57,0.0082,2026-03-14 03:45:00
1773460200000,71097.57,71097.57,71097.57,71097.57,0.0,2026-03-14 03:50:00
1773460500000,71056.41,71081.31,71056.41,71081.31,0.01344,2026-03-14 03:55:00
1773460800000,71094.86,71096.8,71069.73,71096.8,0.00076,2026-03-14 04:00:00
1773461100000,71133.62,71153.37,71117.45,71153.37,0.00166,2026-03-14 04:05:00
1773461400000,71181.57,71191.17,71171.19,71171.19,0.0034,2026-03-14 04:10:00
1773461700000,71194.33,71194.33,71119.32,71119.32,0.03533,2026-03-14 04:15:00
1773462000000,71114.97,71147.29,71114.96,71147.29,0.01755,2026-03-14 04:20:00
1773462300000,71158.51,71158.51,71158.51,71158.51,0.00112,2026-03-14 04:25:00
1773462600000,71158.5,71209.77,71158.5,71209.77,0.00232,2026-03-14 04:30:00
1773462900000,71195.13,71240.79,71195.13,71240.79,0.00102,2026-03-14 04:35:00
1773463200000,71296.8,71296.8,71275.5,71275.5,0.00086,2026-03-14 04:40:00
1773463500000,71274.55,71275.31,71274.55,71275.31,0.00167,2026-03-14 04:45:00
1773463800000,71274.55,71274.55,71096.1,71096.1,0.08466,2026-03-14 04:50:00
1773464100000,71084.46,71084.46,71084.46,71084.46,8e-05,2026-03-14 04:55:00
1773464400000,71077.11,71077.11,71056.53,71062.84,0.00175,2026-03-14 05:00:00
1773464700000,71009.83,71132.02,71009.83,71132.02,0.01304,2026-03-14 05:05:00
1773465000000,71114.26,71114.26,71114.26,71114.26,0.00039,2026-03-14 05:10:00
1773465300000,71106.23,71106.23,71080.87,71097.91,0.0133,2026-03-14 05:15:00
1773465600000,71116.21,71147.79,71116.21,71147.79,0.00362,2026-03-14 05:20:00
1773465900000,71129.53,71129.53,71119.28,71119.28,0.00016,2026-03-14 05:25:00
1773466200000,71121.64,71121.64,70961.43,70961.43,0.06166,2026-03-14 05:30:00
1773466500000,70975.97,70983.64,70975.97,70983.62,0.00085,2026-03-14 05:35:00
1773466800000,70990.23,70991.81,70990.23,70991.81,0.00026,2026-03-14 05:40:00
1773467100000,71014.9,71014.9,71009.98,71009.98,0.00271,2026-03-14 05:45:00
1773467400000,71009.98,71009.98,71009.98,71009.98,0.0,2026-03-14 05:50:00
1773467700000,71012.06,71012.06,71012.06,71012.06,0.00605,2026-03-14 05:55:00
1773468000000,70977.3,70977.3,70977.3,70977.3,3e-05,2026-03-14 06:00:00
1773468300000,70935.56,70955.88,70935.56,70955.86,0.00134,2026-03-14 06:05:00
1773468600000,70910.95,70922.25,70910.95,70922.25,0.00035,2026-03-14 06:10:00
1773468900000,70925.35,70925.35,70805.5,70822.96,0.06158,2026-03-14 06:15:00
1773469200000,70822.96,70822.96,70822.96,70822.96,0.0,2026-03-14 06:20:00
1773469500000,70732.36,70732.36,70732.36,70732.36,0.0007,2026-03-14 06:25:00
1773469800000,70717.63,70717.63,70650.0,70650.0,0.00278,2026-03-14 06:30:00
1773470100000,70644.77,70644.77,70644.77,70644.77,0.00077,2026-03-14 06:35:00
1773470400000,70500.0,70500.0,70355.0,70390.95,0.27064,2026-03-14 06:40:00
1773470700000,70390.95,70390.95,70390.95,70390.95,0.0,2026-03-14 06:45:00
1773471000000,70638.12,70670.99,70625.76,70654.05,0.00257,2026-03-14 06:50:00
1773471300000,70631.12,70631.13,70631.12,70631.13,0.00141,2026-03-14 06:55:00
1773471600000,70682.61,70682.61,70653.67,70660.78,0.00203,2026-03-14 07:00:00
1773471900000,70595.9,70660.44,70595.9,70660.44,0.00539,2026-03-14 07:05:00
1773472200000,70703.48,70732.1,70703.48,70707.55,0.0032,2026-03-14 07:10:00
1773472500000,70687.55,70687.55,70687.55,70687.55,0.00212,2026-03-14 07:15:00
1773472800000,70687.55,70687.55,70687.55,70687.55,0.0,2026-03-14 07:20:00
1773473100000,70632.29,70632.29,70632.29,70632.29,4e-05,2026-03-14 07:25:00
1773473400000,70698.35,70700.28,70683.7,70683.7,0.00451,2026-03-14 07:30:00
1773473700000,70634.53,70634.53,70553.65,70586.15,0.00185,2026-03-14 07:35:00
1773474000000,70507.57,70507.57,70507.57,70507.57,0.01207,2026-03-14 07:40:00
1773474300000,70507.57,70507.57,70507.57,70507.57,0.0,2026-03-14 07:45:00
1773474600000,70557.82,70593.77,70557.82,70581.97,0.0163,2026-03-14 07:50:00
1773474900000,70581.97,70581.97,70581.97,70581.97,0.0,2026-03-14 07:55:00
1773475200000,70581.97,70581.97,70581.97,70581.97,0.0,2026-03-14 08:00:00
1773475500000,70666.46,70683.78,70642.27,70683.78,0.00034,2026-03-14 08:05:00
1773475800000,70691.68,70717.67,70691.68,70717.67,0.00491,2026-03-14 08:10:00
1773476100000,70615.48,70615.48,70615.48,70615.48,0.00211,2026-03-14 08:15:00
1773476400000,70615.47,70680.09,70615.47,70680.09,0.00129,2026-03-14 08:20:00
1773476700000,70665.18,70665.18,70665.18,70665.18,0.00011,2026-03-14 08:25:00
1773477000000,70665.18,70665.18,70665.18,70665.18,0.0,2026-03-14 08:30:00
1773477300000,70619.27,70619.27,70619.27,70619.27,0.00304,2026-03-14 08:35:00
1773477600000,70619.27,70619.27,70619.27,70619.27,0.0,2026-03-14 08:40:00
1773477900000,70619.27,70619.27,70619.27,70619.27,0.0,2026-03-14 08:45:00
1773478200000,70558.35,70566.59,70558.35,70566.59,0.00293,2026-03-14 08:50:00
1773478500000,70581.74,70581.75,70581.74,70581.75,0.00989,2026-03-14 08:55:00
1773478800000,70619.27,70619.27,70619.27,70619.27,0.01726,2026-03-14 09:00:00
1773479100000,70698.23,70698.23,70698.23,70698.23,0.00018,2026-03-14 09:05:00
1773479400000,70686.08,70686.08,70686.08,70686.08,0.00014,2026-03-14 09:10:00
1773479700000,70671.94,70674.81,70657.38,70674.81,0.01692,2026-03-14 09:15:00
1773480000000,70679.4,70679.4,70678.97,70678.97,0.00063,2026-03-14 09:20:00
1773480300000,70694.66,70694.66,70694.66,70694.66,0.00014,2026-03-14 09:25:00
1773480600000,70679.89,70679.89,70679.89,70679.89,0.00049,2026-03-14 09:30:00
1773480900000,70610.12,70617.95,70592.3,70592.3,0.08803,2026-03-14 09:35:00
1773481200000,70610.12,70610.12,70610.12,70610.12,0.00141,2026-03-14 09:40:00
1773481500000,70610.12,70610.12,70610.12,70610.12,0.0,2026-03-14 09:45:00
1773481800000,70523.74,70551.45,70523.74,70528.53,0.00161,2026-03-14 09:50:00
1773482100000,70517.76,70547.38,70517.76,70547.38,0.00048,2026-03-14 09:55:00
1773482400000,70542.92,70549.22,70542.92,70547.8,0.00617,2026-03-14 10:00:00
1773482700000,70547.8,70547.8,70547.8,70547.8,0.0,2026-03-14 10:05:00
1773483000000,70547.8,70547.8,70547.8,70547.8,0.00211,2026-03-14 10:10:00
1773483300000,70557.95,70557.95,70438.83,70438.83,0.00346,2026-03-14 10:15:00
1773483600000,70438.83,70438.83,70438.83,70438.83,0.0,2026-03-14 10:20:00
1773483900000,70438.83,70438.83,70438.83,70438.83,0.0,2026-03-14 10:25:00
1773484200000,70438.83,70438.83,70438.83,70438.83,0.0,2026-03-14 10:30:00
1773484500000,70438.83,70438.83,70438.83,70438.83,0.0,2026-03-14 10:35:00
1773484800000,70525.34,70525.34,70525.34,70525.34,0.00904,2026-03-14 10:40:00
1773485100000,70517.65,70517.65,70517.65,70517.65,0.0001,2026-03-14 10:45:00
1773485400000,70564.13,70564.13,70564.13,70564.13,0.00069,2026-03-14 10:50:00
1773485700000,70579.31,70579.31,70562.18,70562.18,0.00164,2026-03-14 10:55:00
1773486000000,70613.09,70644.02,70613.09,70644.02,0.00103,2026-03-14 11:00:00
1773486300000,70675.01,70689.69,70675.0,70689.69,0.00084,2026-03-14 11:05:00
1773486600000,70689.69,70689.69,70638.54,70667.79,0.00449,2026-03-14 11:10:00
1773486900000,70681.36,70696.94,70661.2,70671.78,0.03551,2026-03-14 11:15:00
1773487200000,70671.75,70671.75,70657.0,70657.0,0.00012,2026-03-14 11:20:00
1773487500000,70656.56,70686.96,70656.56,70686.96,0.02722,2026-03-14 11:25:00
1773487800000,70652.8,70652.8,70652.8,70652.8,0.00028,2026-03-14 11:30:00
1773488100000,70652.8,70652.8,70652.8,70652.8,0.0,2026-03-14 11:35:00
1773488400000,70704.97,70704.97,70704.97,70704.97,0.0143,2026-03-14 11:40:00
1773488700000,70738.11,70738.22,70717.7,70717.7,0.00225,2026-03-14 11:45:00
1773489000000,70738.1,70763.57,70738.1,70763.57,8e-05,2026-03-14 11:50:00
1773489300000,70741.83,70741.83,70685.46,70689.07,0.00027,2026-03-14 11:55:00
1773489600000,70780.31,70811.67,70780.31,70793.8,0.0004,2026-03-14 12:00:00
1773489900000,70782.77,70782.77,70760.91,70772.16,0.00208,2026-03-14 12:05:00
1773490200000,70746.11,70759.66,70718.46,70749.45,0.00034,2026-03-14 12:10:00
1773490500000,70749.45,70749.45,70749.45,70749.45,0.0,2026-03-14 12:15:00
1773490800000,70746.86,70758.0,70746.86,70758.0,0.00175,2026-03-14 12:20:00
1773491100000,70778.97,70779.93,70728.22,70728.22,0.0059,2026-03-14 12:25:00
1773491400000,70732.34,70732.34,70666.47,70666.47,0.00113,2026-03-14 12:30:00
1773491700000,70701.39,70701.39,70617.96,70650.35,0.00431,2026-03-14 12:35:00
1773492000000,70650.35,70655.44,70650.35,70655.44,0.00356,2026-03-14 12:40:00
1773492300000,70652.12,70741.85,70652.12,70741.85,0.0056,2026-03-14 12:45:00
1773492600000,70729.9,70729.9,70729.9,70729.9,0.00212,2026-03-14 12:50:00
1773492900000,70732.45,70769.28,70732.45,70766.99,0.00139,2026-03-14 12:55:00
1773493200000,70753.55,70758.04,70746.1,70746.1,0.0001,2026-03-14 13:00:00
1773493500000,70745.0,70774.8,70745.0,70767.69,0.00403,2026-03-14 13:05:00
1773493800000,70759.03,70789.88,70751.66,70789.88,0.0231,2026-03-14 13:10:00
1773494100000,70819.12,70863.92,70815.11,70863.92,0.01143,2026-03-14 13:15:00
1773494400000,70910.32,70910.32,70906.14,70906.14,0.00121,2026-03-14 13:20:00
1773494700000,70915.63,70915.63,70915.63,70915.63,2e-05,2026-03-14 13:25:00
1773495000000,70917.7,70927.03,70900.13,70900.13,0.14053,2026-03-14 13:30:00
1773495300000,70907.77,70907.77,70852.85,70902.59,0.01801,2026-03-14 13:35:00
1773495600000,70902.59,70902.59,70902.59,70902.59,0.0,2026-03-14 13:40:00
1773495900000,70867.06,70867.06,70815.0,70815.0,0.00143,2026-03-14 13:45:00
1773496200000,70815.0,70815.0,70815.0,70815.0,0.0,2026-03-14 13:50:00
1773496500000,70868.72,70868.72,70868.72,70868.72,2e-05,2026-03-14 13:55:00
1773496800000,70900.02,70922.04,70861.95,70920.3,0.0018,2026-03-14 14:00:00
1773497100000,70924.49,70955.7,70913.05,70942.8,0.00185,2026-03-14 14:05:00
1773497400000,70808.47,70810.54,70740.52,70754.1,0.00394,2026-03-14 14:10:00
1773497700000,70765.83,70779.11,70754.39,70778.0,0.10195,2026-03-14 14:15:00
1773498000000,70775.0,70807.02,70775.0,70806.0,0.00072,2026-03-14 14:20:00
1773498300000,70807.0,70828.21,70807.0,70828.21,0.00058,2026-03-14 14:25:00
1773498600000,70828.12,70828.12,70774.0,70774.0,0.01621,2026-03-14 14:30:00
1773498900000,70759.36,70764.94,70759.36,70764.94,0.0019,2026-03-14 14:35:00
1773499200000,70748.93,70748.93,70617.97,70617.97,0.02846,2026-03-14 14:40:00
1773499500000,70615.38,70666.85,70615.38,70666.85,0.00037,2026-03-14 14:45:00
1773499800000,70656.43,70675.73,70656.43,70675.73,0.0045,2026-03-14 14:50:00
1773500100000,70656.43,70656.43,70595.52,70595.52,0.01368,2026-03-14 14:55:00
1773500400000,70615.97,70708.28,70573.75,70653.67,0.00514,2026-03-14 15:00:00
1773500700000,70644.45,70677.35,70638.62,70677.35,0.00216,2026-03-14 15:05:00
1773501000000,70668.05,70685.31,70662.32,70676.58,0.00448,2026-03-14 15:10:00
1773501300000,70676.59,70676.59,70676.59,70676.59,0.0143,2026-03-14 15:15:00
1773501600000,70676.59,70676.59,70676.59,70676.59,0.0,2026-03-14 15:20:00
1773501900000,70672.19,70672.19,70672.19,70672.19,0.00021,2026-03-14 15:25:00
1773502200000,70602.8,70626.88,70500.0,70570.03,0.02496,2026-03-14 15:30:00
1773502500000,70513.74,70594.53,70513.74,70594.53,0.00023,2026-03-14 15:35:00
1773502800000,70594.53,70594.53,70594.53,70594.53,0.0,2026-03-14 15:40:00
1773503100000,70531.64,70531.64,70531.64,70531.64,0.004,2026-03-14 15:45:00
1773503400000,70515.14,70572.53,70515.14,70572.53,0.00383,2026-03-14 15:50:00
1773503700000,70572.53,70572.53,70572.53,70572.53,0.0,2026-03-14 15:55:00
1773504000000,70563.11,70563.11,70519.14,70519.14,0.00172,2026-03-14 16:00:00
1773504300000,70509.88,70630.09,70509.88,70630.09,0.00178,2026-03-14 16:05:00
1773504600000,70640.88,70640.88,70590.29,70590.29,0.01463,2026-03-14 16:10:00
1773504900000,70590.04,70604.79,70590.04,70604.79,0.00076,2026-03-14 16:15:00
1773505200000,70604.79,70604.79,70604.79,70604.79,0.0,2026-03-14 16:20:00
1773505500000,70614.12,70675.93,70614.12,70665.23,0.00599,2026-03-14 16:25:00
1773505800000,70668.0,70690.8,70668.0,70690.8,0.00227,2026-03-14 16:30:00
1773506100000,70658.31,70682.38,70658.31,70668.75,0.00094,2026-03-14 16:35:00
1773506400000,70663.86,70663.86,70644.07,70644.07,0.00084,2026-03-14 16:40:00
1773506700000,70644.08,70644.08,70644.08,70644.08,0.0143,2026-03-14 16:45:00
1773507000000,70644.08,70644.08,70644.08,70644.08,0.0,2026-03-14 16:50:00
1773507300000,70691.12,70691.12,70691.12,70691.12,0.00127,2026-03-14 16:55:00
1773507600000,70690.78,70690.78,70674.11,70674.11,0.00813,2026-03-14 17:00:00
1773507900000,70648.17,70674.24,70648.17,70665.49,0.00252,2026-03-14 17:05:00
1773508200000,70677.29,70689.74,70654.35,70668.89,0.01275,2026-03-14 17:10:00
1773508500000,70668.89,70668.89,70668.89,70668.89,0.0,2026-03-14 17:15:00
1773508800000,70692.37,70692.37,70692.37,70692.37,0.00707,2026-03-14 17:20:00
1773509100000,70729.22,70729.22,70729.22,70729.22,0.00353,2026-03-14 17:25:00
1773509400000,70654.36,70654.36,70654.36,70654.36,0.00162,2026-03-14 17:30:00
1773509700000,70654.36,70654.36,70654.36,70654.36,0.0,2026-03-14 17:35:00
1773510000000,70654.35,70654.35,70654.35,70654.35,0.00057,2026-03-14 17:40:00
1773510300000,70667.47,70667.47,70667.47,70667.47,0.00035,2026-03-14 17:45:00
1773510600000,70654.35,70654.35,70654.35,70654.35,0.00708,2026-03-14 17:50:00
1773510900000,70615.59,70627.46,70615.59,70627.46,0.00123,2026-03-14 17:55:00
1773511200000,70596.05,70607.81,70585.07,70592.14,0.0026,2026-03-14 18:00:00
1773511500000,70590.48,70595.02,70590.48,70595.02,0.00141,2026-03-14 18:05:00
1773511800000,70595.0,70621.63,70591.01,70591.01,0.07786,2026-03-14 18:10:00
1773512100000,70593.44,70601.07,70581.38,70601.07,0.01559,2026-03-14 18:15:00
1773512400000,70601.07,70601.07,70601.07,70601.07,0.0,2026-03-14 18:20:00
1773512700000,70638.88,70638.88,70638.88,70638.88,0.00158,2026-03-14 18:25:00
1773513000000,70608.65,70630.04,70608.65,70630.04,0.00216,2026-03-14 18:30:00
1773513300000,70656.27,70656.27,70648.94,70651.1,0.00193,2026-03-14 18:35:00
1773513600000,70625.69,70636.47,70625.69,70636.47,0.00257,2026-03-14 18:40:00
1773513900000,70654.22,70654.22,70654.22,70654.22,0.00035,2026-03-14 18:45:00
1773514200000,70668.97,70671.62,70647.06,70650.51,0.00271,2026-03-14 18:50:00
1773514500000,70671.01,70683.47,70656.56,70676.81,0.00846,2026-03-14 18:55:00
1773514800000,70672.9,70672.9,70625.7,70625.7,0.0145,2026-03-14 19:00:00
1773515100000,70625.4,70681.52,70625.4,70659.47,0.00337,2026-03-14 19:05:00
1773515400000,70659.47,70659.47,70642.68,70650.49,0.00149,2026-03-14 19:10:00
1773515700000,70696.51,70705.21,70665.67,70665.67,0.00036,2026-03-14 19:15:00
1773516000000,70699.99,70699.99,70699.99,70699.99,0.00082,2026-03-14 19:20:00
1773516300000,70682.29,70682.29,70682.29,70682.29,3e-05,2026-03-14 19:25:00
1773516600000,70682.29,70682.29,70682.29,70682.29,0.0,2026-03-14 19:30:00
1773516900000,70658.23,70666.32,70658.23,70666.32,0.00055,2026-03-14 19:35:00
1773517200000,70690.18,70728.18,70690.18,70727.97,0.00279,2026-03-14 19:40:00
1773517500000,70721.6,70721.6,70721.6,70721.6,0.00091,2026-03-14 19:45:00
1773517800000,70721.6,70721.6,70721.6,70721.6,0.0,2026-03-14 19:50:00
1773518100000,70704.43,70704.43,70704.43,70704.43,0.00014,2026-03-14 19:55:00
1773518400000,70710.0,70710.83,70651.23,70651.23,0.07599,2026-03-14 20:00:00
1773518700000,70662.63,70695.98,70636.86,70695.98,0.00053,2026-03-14 20:05:00
1773519000000,70702.12,70702.12,70692.41,70692.41,0.00306,2026-03-14 20:10:00
1773519300000,70692.42,70710.96,70692.42,70710.96,0.00094,2026-03-14 20:15:00
1773519600000,70741.55,70741.55,70741.55,70741.55,0.00457,2026-03-14 20:20:00
1773519900000,70766.37,70766.37,70766.37,70766.37,7e-05,2026-03-14 20:25:00
1773520200000,70766.37,70766.37,70766.37,70766.37,0.0,2026-03-14 20:30:00
1773520500000,70757.69,70778.79,70755.83,70755.83,0.00553,2026-03-14 20:35:00
1773520800000,70780.29,70780.29,70780.29,70780.29,0.00023,2026-03-14 20:40:00
1773521100000,70780.29,70780.29,70780.29,70780.29,0.0,2026-03-14 20:45:00
1773521400000,70836.54,70837.56,70811.23,70837.56,0.00163,2026-03-14 20:50:00
1773521700000,70803.31,70845.94,70803.31,70845.94,0.00339,2026-03-14 20:55:00
1773522000000,70791.0,70791.0,70744.31,70744.31,0.03327,2026-03-14 21:00:00
1773522300000,70756.65,70756.65,70724.18,70746.03,0.01168,2026-03-14 21:05:00
1773522600000,70744.85,70744.85,70678.74,70678.92,0.00514,2026-03-14 21:10:00
1773522900000,70674.22,70694.16,70674.22,70694.16,0.0012,2026-03-14 21:15:00
1773523200000,70705.71,70707.31,70696.75,70702.41,0.01484,2026-03-14 21:20:00
1773523500000,70702.41,70702.41,70702.41,70702.41,0.0,2026-03-14 21:25:00
1773523800000,70692.06,70692.06,70692.06,70692.06,0.00042,2026-03-14 21:30:00
1773524100000,70692.06,70692.06,70692.06,70692.06,0.0,2026-03-14 21:35:00
1773524400000,70727.48,70759.7,70727.48,70759.7,0.00184,2026-03-14 21:40:00
1773524700000,70722.1,70725.85,70722.1,70725.85,0.00089,2026-03-14 21:45:00
1773525000000,70725.85,70725.85,70725.85,70725.85,0.0,2026-03-14 21:50:00
1773525300000,70777.9,70794.42,70777.9,70783.03,0.00089,2026-03-14 21:55:00
1773525600000,70765.59,70808.33,70760.03,70784.83,0.00619,2026-03-14 22:00:00
1773525900000,70813.51,70813.51,70758.53,70771.91,0.11611,2026-03-14 22:05:00
1773526200000,70733.03,70767.78,70733.03,70767.78,0.00474,2026-03-14 22:10:00
1773526500000,70767.78,70767.78,70767.78,70767.78,0.0,2026-03-14 22:15:00
1773526800000,70723.48,70723.48,70712.84,70712.84,0.00043,2026-03-14 22:20:00
1773527100000,70754.6,70754.6,70734.6,70734.6,0.00436,2026-03-14 22:25:00
1773527400000,70735.59,70765.11,70735.59,70765.11,0.00155,2026-03-14 22:30:00
1773527700000,70778.39,70778.39,70778.39,70778.39,0.00132,2026-03-14 22:35:00
1773528000000,70779.22,70779.22,70769.25,70769.25,0.00263,2026-03-14 22:40:00
1773528300000,70726.06,70755.87,70699.85,70699.85,0.00375,2026-03-14 22:45:00
1773528600000,70712.49,70712.49,70712.49,70712.49,0.00283,2026-03-14 22:50:00
1773528900000,70724.28,70724.28,70724.28,70724.28,7e-05,2026-03-14 22:55:00
1773529200000,70806.08,70895.6,70799.63,70895.6,0.00245,2026-03-14 23:00:00
1773529500000,70900.0,71113.07,70888.67,70987.25,0.0516,2026-03-14 23:05:00
1773529800000,70987.92,71009.56,70987.92,71009.56,0.00094,2026-03-14 23:10:00
1773530100000,71020.01,71020.01,70924.68,70947.22,0.01341,2026-03-14 23:15:00
1773530400000,70990.84,70990.84,70990.84,70990.84,0.00049,2026-03-14 23:20:00
1773530700000,71013.29,71013.29,71013.29,71013.29,0.00702,2026-03-14 23:25:00
1773531000000,71070.88,71070.88,71070.88,71070.88,0.00085,2026-03-14 23:30:00
1773531300000,71111.0,71153.37,71090.0,71153.37,0.21452,2026-03-14 23:35:00
1773531600000,71174.24,71193.04,71156.25,71193.04,0.01116,2026-03-14 23:40:00
1773531900000,71209.77,71211.01,71134.91,71134.91,0.00075,2026-03-14 23:45:00
1773532200000,71159.08,71159.08,71157.59,71157.59,0.01289,2026-03-14 23:50:00
1773532500000,71211.01,71258.56,71211.01,71211.28,0.00282,2026-03-14 23:55:00
1773532800000,71188.82,71188.82,71109.17,71127.83,0.0012,2026-03-15 00:00:00
1773533100000,71145.36,71177.78,71023.49,71053.64,0.89308,2026-03-15 00:05:00
1773533400000,71091.61,71104.48,71037.31,71075.08,0.00106,2026-03-15 00:10:00
1773533700000,71089.45,71089.45,71086.29,71086.29,0.00028,2026-03-15 00:15:00
1773534000000,71037.99,71040.73,71037.99,71040.73,0.04562,2026-03-15 00:20:00
1773534300000,71040.73,71040.73,71040.73,71040.73,0.0,2026-03-15 00:25:00
1773534600000,71040.73,71040.73,71040.73,71040.73,0.0,2026-03-15 00:30:00
1773534900000,70992.78,71013.07,70992.78,71000.0,0.00239,2026-03-15 00:35:00
1773535200000,71048.32,71072.44,71048.32,71064.12,0.00108,2026-03-15 00:40:00
1773535500000,71003.4,71003.4,70909.77,70990.64,0.14407,2026-03-15 00:45:00
1773535800000,70978.01,70997.07,70962.99,70982.81,0.00818,2026-03-15 00:50:00
1773536100000,70975.7,71017.33,70970.72,70970.72,0.00225,2026-03-15 00:55:00
1773536400000,71000.0,71036.2,71000.0,71036.2,0.00424,2026-03-15 01:00:00
1773536700000,71038.99,71038.99,70971.01,70971.01,0.00201,2026-03-15 01:05:00
1773537000000,70964.22,70964.22,70951.29,70961.98,0.00939,2026-03-15 01:10:00
1773537300000,70976.83,70994.8,70976.83,70994.8,0.00182,2026-03-15 01:15:00
1773537600000,70994.78,70994.78,70994.78,70994.78,0.00483,2026-03-15 01:20:00
1773537900000,70994.78,70994.78,70994.78,70994.78,0.0,2026-03-15 01:25:00
1773538200000,70893.99,70895.88,70893.99,70895.88,0.0017,2026-03-15 01:30:00
1773538500000,70906.3,70906.3,70906.3,70906.3,0.0002,2026-03-15 01:35:00
1773538800000,70906.3,70906.3,70906.3,70906.3,0.0,2026-03-15 01:40:00
1773539100000,70943.95,70943.95,70935.51,70935.51,0.00164,2026-03-15 01:45:00
1773539400000,70938.62,70975.44,70938.62,70975.26,0.01576,2026-03-15 01:50:00
1773539700000,71007.98,71007.98,71007.98,71007.98,0.00253,2026-03-15 01:55:00
1773540000000,71096.86,71347.8,71096.86,71201.0,1.40581,2026-03-15 02:00:00
1773540300000,71180.75,71311.14,71159.42,71276.78,0.00847,2026-03-15 02:05:00
1773540600000,71284.53,71301.26,71267.69,71284.92,0.00694,2026-03-15 02:10:00
1773540900000,71314.06,71331.46,71256.55,71283.1,0.01638,2026-03-15 02:15:00
1773541200000,71326.84,71345.69,71201.86,71201.86,0.19094,2026-03-15 02:20:00
1773541500000,71237.44,71273.34,71237.44,71273.34,0.01986,2026-03-15 02:25:00
1773541800000,71262.0,71262.0,71173.7,71173.7,0.0052,2026-03-15 02:30:00
1773542100000,71173.7,71173.7,71173.7,71173.7,0.0,2026-03-15 02:35:00
1773542400000,71173.7,71173.7,71173.7,71173.7,0.0,2026-03-15 02:40:00
1773542700000,71405.5,71583.53,71405.5,71501.39,0.1912,2026-03-15 02:45:00
1773543000000,71591.59,71591.59,71399.35,71436.28,0.05055,2026-03-15 02:50:00
1773543300000,71430.84,71489.84,71392.81,71489.84,0.0078,2026-03-15 02:55:00
1773543600000,71513.11,71527.86,71459.26,71482.3,0.00468,2026-03-15 03:00:00
1773543900000,71463.05,71482.42,71428.56,71428.56,0.00765,2026-03-15 03:05:00
1773544200000,71434.45,71476.14,71428.12,71476.14,0.01083,2026-03-15 03:10:00
1773544500000,71447.64,71447.64,71348.15,71377.05,0.00368,2026-03-15 03:15:00
1773544800000,71377.05,71377.05,71377.05,71377.05,0.0,2026-03-15 03:20:00
1773545100000,71377.05,71377.05,71377.05,71377.05,0.0,2026-03-15 03:25:00
1773545400000,71400.16,71400.16,71400.16,71400.16,0.0007,2026-03-15 03:30:00
1773545700000,71436.23,71436.23,71416.51,71416.51,0.00801,2026-03-15 03:35:00
1773546000000,71421.86,71421.86,71421.86,71421.86,3e-05,2026-03-15 03:40:00
1773546300000,71296.09,71311.18,71296.08,71311.18,0.01078,2026-03-15 03:45:00
1773546600000,71298.1,71322.51,71298.1,71322.51,0.00439,2026-03-15 03:50:00
1773546900000,71343.52,71343.52,71343.52,71343.52,0.00699,2026-03-15 03:55:00
1773547200000,71339.25,71465.64,71339.25,71453.06,0.02987,2026-03-15 04:00:00
1773547500000,71465.9,71610.6,71465.89,71598.68,0.0046,2026-03-15 04:05:00
1773547800000,71607.99,71610.6,71607.99,71610.6,0.0009,2026-03-15 04:10:00
1773548100000,71610.6,71642.6,71605.21,71632.45,0.00422,2026-03-15 04:15:00
1773548400000,71552.7,71552.7,71552.69,71552.69,0.0158,2026-03-15 04:20:00
1773548700000,71552.69,71552.69,71552.69,71552.69,0.0,2026-03-15 04:25:00
1773549000000,71525.42,71540.02,71525.42,71540.02,0.00704,2026-03-15 04:30:00
1773549300000,71518.47,71592.09,71500.0,71592.09,0.13357,2026-03-15 04:35:00
1773549600000,71484.71,71538.58,71484.63,71538.58,0.00079,2026-03-15 04:40:00
1773549900000,71538.58,71538.58,71538.58,71538.58,0.0,2026-03-15 04:45:00
1773550200000,71528.04,71545.69,71528.04,71545.69,0.01073,2026-03-15 04:50:00
1773550500000,71528.25,71554.61,71528.25,71554.61,0.01638,2026-03-15 04:55:00
1773550800000,71541.76,71556.36,71540.8,71540.8,0.00397,2026-03-15 05:00:00
1773551100000,71496.29,71505.66,71496.29,71502.54,0.00276,2026-03-15 05:05:00
1773551400000,71509.34,71523.19,71509.34,71523.19,0.01643,2026-03-15 05:10:00
1773551700000,71539.08,71787.4,71539.08,71787.4,0.02918,2026-03-15 05:15:00
1773552000000,71681.29,71708.76,71675.49,71708.76,0.07255,2026-03-15 05:20:00
1773552300000,71641.31,71641.31,71641.31,71641.31,0.00141,2026-03-15 05:25:00
1773552600000,71616.76,71616.76,71616.76,71616.76,0.0143,2026-03-15 05:30:00
1773552900000,71622.58,71622.59,71622.58,71622.59,0.04176,2026-03-15 05:35:00
1773553200000,71647.94,71647.94,71647.94,71647.94,0.00027,2026-03-15 05:40:00
1773553500000,71622.59,71622.59,71622.59,71622.59,0.00367,2026-03-15 05:45:00
1773553800000,71594.17,71596.67,71529.36,71529.36,0.14026,2026-03-15 05:50:00
1773554100000,71491.94,71491.94,71491.94,71491.94,6e-05,2026-03-15 05:55:00
1773554400000,71489.32,71526.08,71489.32,71526.08,0.02167,2026-03-15 06:00:00
1773554700000,71577.8,71577.8,71577.8,71577.8,0.00049,2026-03-15 06:05:00
1773555000000,71548.77,71549.33,71501.74,71522.84,0.00218,2026-03-15 06:10:00
1773555300000,71559.41,71559.41,71559.41,71559.41,0.0001,2026-03-15 06:15:00
1773555600000,71482.19,71482.19,71459.27,71459.27,0.00214,2026-03-15 06:20:00
1773555900000,71509.57,71509.57,71509.57,71509.57,0.00139,2026-03-15 06:25:00
1773556200000,71451.09,71451.09,71438.72,71438.72,0.04939,2026-03-15 06:30:00
1773556500000,71432.39,71432.39,71432.39,71432.39,0.0004,2026-03-15 06:35:00
1773556800000,71432.39,71432.39,71432.39,71432.39,0.0,2026-03-15 06:40:00
1773557100000,71432.39,71432.39,71432.39,71432.39,0.0,2026-03-15 06:45:00
1773557400000,71469.86,71469.86,71469.86,71469.86,0.00085,2026-03-15 06:50:00
1773557700000,71461.87,71461.87,71447.87,71447.87,0.00213,2026-03-15 06:55:00
1773558000000,71461.9,71466.49,71415.82,71466.49,0.00142,2026-03-15 07:00:00
1773558300000,71490.28,71490.28,71468.35,71468.35,0.00899,2026-03-15 07:05:00
1773558600000,71460.61,71648.78,71460.61,71645.26,0.06214,2026-03-15 07:10:00
1773558900000,71652.05,71652.05,71626.38,71626.38,0.0481,2026-03-15 07:15:00
1773559200000,71626.38,71626.38,71626.38,71626.38,0.0,2026-03-15 07:20:00
1773559500000,71626.38,71626.38,71626.38,71626.38,0.0,2026-03-15 07:25:00
1773559800000,71626.38,71626.38,71626.38,71626.38,0.0,2026-03-15 07:30:00
1773560100000,71502.32,71502.32,71502.32,71502.32,3e-05,2026-03-15 07:35:00
1773560400000,71442.27,71447.03,71442.26,71447.03,0.03356,2026-03-15 07:40:00
1773560700000,71439.67,71439.67,71439.67,71439.67,6e-05,2026-03-15 07:45:00
1773561000000,71423.64,71448.32,71423.64,71448.32,0.0002,2026-03-15 07:50:00
1773561300000,71461.33,71461.8,71461.33,71461.8,0.00041,2026-03-15 07:55:00
1773561600000,71519.06,71525.32,71475.64,71495.88,0.02236,2026-03-15 08:00:00
1773561900000,71529.8,71529.8,71506.65,71506.65,0.00106,2026-03-15 08:05:00
1773562200000,71508.38,71586.28,71508.38,71554.56,0.02909,2026-03-15 08:10:00
1773562500000,71655.34,71655.34,71655.34,71655.34,0.00028,2026-03-15 08:15:00
1773562800000,71638.3,71643.07,71619.55,71643.07,0.00218,2026-03-15 08:20:00
1773563100000,71619.55,71619.55,71565.06,71612.93,0.00764,2026-03-15 08:25:00
1773563400000,71542.06,71558.23,71542.06,71556.43,0.00711,2026-03-15 08:30:00
1773563700000,71553.0,71553.0,71553.0,71553.0,7e-05,2026-03-15 08:35:00
1773564000000,71551.13,71551.13,71551.13,71551.13,4e-05,2026-03-15 08:40:00
1773564300000,71590.66,71674.87,71590.66,71674.87,0.00583,2026-03-15 08:45:00
1773564600000,71643.82,71643.82,71643.82,71643.82,0.00209,2026-03-15 08:50:00
1773564900000,71682.27,71700.0,71682.27,71700.0,0.05435,2026-03-15 08:55:00
1773565200000,71729.5,71854.37,71729.5,71847.78,0.09777,2026-03-15 09:00:00
1773565500000,71854.37,71899.61,71836.23,71899.61,0.04402,2026-03-15 09:05:00
1773565800000,71828.64,71857.78,71828.64,71844.07,0.00044,2026-03-15 09:10:00
1773566100000,71844.07,71844.07,71844.07,71844.07,0.0,2026-03-15 09:15:00
1773566400000,71864.81,71930.66,71864.81,71930.66,0.02301,2026-03-15 09:20:00
1773566700000,71843.29,71843.29,71836.08,71836.08,9e-05,2026-03-15 09:25:00
1773567000000,71837.12,71837.12,71837.12,71837.12,0.00013,2026-03-15 09:30:00
1773567300000,71859.51,71859.51,71798.52,71848.73,0.00032,2026-03-15 09:35:00
1773567600000,71785.63,71785.63,71771.8,71771.8,0.002,2026-03-15 09:40:00
1773567900000,71771.8,71771.8,71771.8,71771.8,0.0,2026-03-15 09:45:00
1773568200000,71771.8,71771.8,71771.8,71771.8,0.0,2026-03-15 09:50:00
1773568500000,71794.45,71794.45,71794.45,71794.45,0.00634,2026-03-15 09:55:00
1773568800000,71831.2,71831.2,71822.58,71822.58,0.00225,2026-03-15 10:00:00
1773569100000,71792.28,71792.28,71751.52,71751.52,0.00305,2026-03-15 10:05:00
1773569400000,71781.27,71817.7,71781.27,71817.7,0.00041,2026-03-15 10:10:00
1773569700000,71810.27,71810.27,71810.27,71810.27,0.00014,2026-03-15 10:15:00
1773570000000,71905.73,71905.73,71872.04,71872.04,0.0028,2026-03-15 10:20:00
1773570300000,71872.04,71872.04,71872.04,71872.04,0.0,2026-03-15 10:25:00
1773570600000,71872.04,71872.04,71872.04,71872.04,0.0,2026-03-15 10:30:00
1773570900000,71872.04,71872.04,71872.04,71872.04,0.0,2026-03-15 10:35:00
1773571200000,71822.48,71822.48,71822.48,71822.48,0.00018,2026-03-15 10:40:00
1773571500000,71806.0,71806.0,71806.0,71806.0,0.01546,2026-03-15 10:45:00
1773571800000,71806.0,71806.0,71806.0,71806.0,0.0,2026-03-15 10:50:00
1773572100000,71806.0,71806.0,71806.0,71806.0,0.00035,2026-03-15 10:55:00
1773572400000,71793.97,71793.97,71778.11,71778.11,0.00212,2026-03-15 11:00:00
1773572700000,71760.16,71760.16,71743.17,71743.17,0.00159,2026-03-15 11:05:00
1773573000000,71734.39,71734.39,71726.56,71726.56,0.00024,2026-03-15 11:10:00
1773573300000,71739.18,71743.17,71739.18,71741.14,0.00416,2026-03-15 11:15:00
1773573600000,71786.99,71786.99,71786.99,71786.99,0.00017,2026-03-15 11:20:00
1773573900000,71765.68,71765.68,71765.68,71765.68,0.00208,2026-03-15 11:25:00
1773574200000,71710.11,71710.11,71710.11,71710.11,0.00035,2026-03-15 11:30:00
1773574500000,71720.48,71720.48,71720.48,71720.48,0.00034,2026-03-15 11:35:00
1773574800000,71693.44,71693.5,71693.44,71693.5,0.02427,2026-03-15 11:40:00
1773575100000,71752.54,71806.0,71752.54,71806.0,0.01129,2026-03-15 11:45:00
1773575400000,71856.93,71856.93,71856.93,71856.93,0.00034,2026-03-15 11:50:00
1773575700000,71856.93,71856.93,71856.93,71856.93,0.0,2026-03-15 11:55:00
1773576000000,71838.08,71838.08,71751.63,71778.08,0.00206,2026-03-15 12:00:00
1773576300000,71750.37,71750.37,71726.17,71726.17,0.00327,2026-03-15 12:05:00
1773576600000,71731.13,71750.48,71696.43,71708.48,0.01815,2026-03-15 12:10:00
1773576900000,71708.48,71708.48,71708.48,71708.48,0.0,2026-03-15 12:15:00
1773577200000,71708.48,71708.48,71708.48,71708.48,0.0,2026-03-15 12:20:00
1773577500000,71714.48,71730.05,71714.48,71730.05,0.00094,2026-03-15 12:25:00
1773577800000,71730.05,71730.05,71730.05,71730.05,0.0,2026-03-15 12:30:00
1773578100000,71708.86,71740.82,71708.86,71740.81,0.0008,2026-03-15 12:35:00
1773578400000,71717.44,71717.44,71600.0,71600.0,0.03997,2026-03-15 12:40:00
1773578700000,71598.79,71598.79,71598.79,71598.79,0.0001,2026-03-15 12:45:00
1773579000000,71608.05,71608.05,71608.05,71608.05,0.00069,2026-03-15 12:50:00
1773579300000,71627.7,71627.71,71627.7,71627.71,0.00696,2026-03-15 12:55:00
1773579600000,71662.9,71679.8,71625.02,71625.02,0.02123,2026-03-15 13:00:00
1773579900000,71649.49,71649.49,71541.59,71541.59,0.01134,2026-03-15 13:05:00
1773580200000,71418.06,71455.77,71300.0,71455.77,0.09523,2026-03-15 13:10:00
1773580500000,71428.95,71428.95,71367.66,71367.66,0.0083,2026-03-15 13:15:00
1773580800000,71349.77,71349.78,71349.77,71349.78,0.01401,2026-03-15 13:20:00
1773581100000,71405.12,71539.68,71402.74,71499.72,0.00141,2026-03-15 13:25:00
1773581400000,71566.85,71585.38,71420.91,71420.91,0.01649,2026-03-15 13:30:00
1773581700000,71427.58,71484.7,71340.0,71343.26,0.04266,2026-03-15 13:35:00
1773582000000,71343.77,71343.77,71343.77,71343.77,0.00279,2026-03-15 13:40:00
1773582300000,71455.01,71472.81,71455.01,71472.81,0.0003,2026-03-15 13:45:00
1773582600000,71472.81,71472.81,71472.81,71472.81,0.0,2026-03-15 13:50:00
1773582900000,71520.01,71600.0,71516.99,71600.0,0.00091,2026-03-15 13:55:00
1773583200000,71578.69,71625.83,71548.35,71625.83,0.00584,2026-03-15 14:00:00
1773583500000,71612.68,71612.68,71572.9,71595.48,0.01253,2026-03-15 14:05:00
1773583800000,71594.88,71594.88,71573.2,71590.46,0.00265,2026-03-15 14:10:00
1773584100000,71581.84,71581.84,71466.3,71466.3,0.00132,2026-03-15 14:15:00
1773584400000,71453.0,71487.92,71452.37,71487.92,0.01323,2026-03-15 14:20:00
1773584700000,71465.77,71475.03,71465.77,71475.03,0.45955,2026-03-15 14:25:00
1773585000000,71446.65,71446.65,71409.41,71435.77,0.00149,2026-03-15 14:30:00
1773585300000,71402.39,71402.39,71376.9,71389.18,0.02278,2026-03-15 14:35:00
1773585600000,71389.18,71389.18,71389.18,71389.18,0.0,2026-03-15 14:40:00
1773585900000,71516.69,71516.69,71448.81,71466.96,0.04126,2026-03-15 14:45:00
1773586200000,71550.86,71558.95,71545.98,71545.98,0.00104,2026-03-15 14:50:00
1773586500000,71584.71,71625.81,71584.71,71617.58,0.0206,2026-03-15 14:55:00
1773586800000,71611.95,71616.39,71593.46,71593.46,0.01624,2026-03-15 15:00:00
1773587100000,71583.31,71583.31,71511.63,71511.63,0.00302,2026-03-15 15:05:00
1773587400000,71514.7,71564.7,71514.7,71556.83,0.00651,2026-03-15 15:10:00
1773587700000,71545.98,71545.98,71510.24,71510.24,0.00042,2026-03-15 15:15:00
1773588000000,71525.1,71525.1,71525.1,71525.1,0.00011,2026-03-15 15:20:00
1773588300000,71605.57,71605.57,71501.36,71501.36,0.00132,2026-03-15 15:25:00
1773588600000,71443.98,71482.51,71443.98,71482.51,0.06996,2026-03-15 15:30:00
1773588900000,71522.25,71522.25,71522.25,71522.25,8e-05,2026-03-15 15:35:00
1773589200000,71476.09,71476.09,71473.67,71473.67,0.00078,2026-03-15 15:40:00
1773589500000,71488.91,71523.49,71488.91,71521.58,0.00242,2026-03-15 15:45:00
1773589800000,71505.42,71507.94,71485.05,71485.05,0.00062,2026-03-15 15:50:00
1773590100000,71471.39,71471.39,71471.39,71471.39,6e-05,2026-03-15 15:55:00
1773590400000,71472.31,71548.84,71447.71,71548.84,0.01035,2026-03-15 16:00:00
1773590700000,71543.41,71594.01,71543.41,71561.48,0.01174,2026-03-15 16:05:00
1773591000000,71570.4,71570.4,71553.1,71553.1,0.00106,2026-03-15 16:10:00
1773591300000,71568.6,71568.6,71339.43,71339.43,0.04233,2026-03-15 16:15:00
1773591600000,71377.65,71424.9,71361.32,71415.28,0.00518,2026-03-15 16:20:00
1773591900000,71390.46,71395.27,71380.3,71380.3,0.00171,2026-03-15 16:25:00
1773592200000,71341.72,71405.72,71341.72,71405.72,0.01517,2026-03-15 16:30:00
1773592500000,71497.03,71497.03,71497.03,71497.03,0.00046,2026-03-15 16:35:00
1773592800000,71462.72,71467.51,71431.71,71435.39,0.01486,2026-03-15 16:40:00
1773593100000,71433.01,71445.8,71433.01,71445.8,0.0142,2026-03-15 16:45:00
1773593400000,71384.78,71384.78,71348.51,71366.41,0.00256,2026-03-15 16:50:00
1773593700000,71445.08,71445.08,71410.04,71418.57,0.00316,2026-03-15 16:55:00
1773594000000,71423.46,71489.29,71419.03,71488.84,0.00647,2026-03-15 17:00:00
1773594300000,71490.42,71513.73,71457.02,71513.73,0.00588,2026-03-15 17:05:00
1773594600000,71496.11,71501.97,71433.62,71501.97,0.01227,2026-03-15 17:10:00
1773594900000,71483.41,71495.98,71472.1,71472.1,0.00306,2026-03-15 17:15:00
1773595200000,71472.1,71472.1,71472.1,71472.1,0.0,2026-03-15 17:20:00
1773595500000,71510.4,71519.48,71510.4,71519.48,0.00415,2026-03-15 17:25:00
1773595800000,71528.94,71528.94,71515.11,71515.11,0.00242,2026-03-15 17:30:00
1773596100000,71500.31,71509.83,71500.31,71509.83,0.00018,2026-03-15 17:35:00
1773596400000,71509.83,71509.83,71509.83,71509.83,0.0,2026-03-15 17:40:00
1773596700000,71523.94,71572.11,71523.94,71566.4,0.05033,2026-03-15 17:45:00
1773597000000,71599.04,71987.17,71599.04,71976.39,0.04703,2026-03-15 17:50:00
1773597300000,71837.07,71837.07,71830.07,71830.07,0.00852,2026-03-15 17:55:00
1773597600000,71790.3,71835.98,71790.3,71833.63,0.00977,2026-03-15 18:00:00
1773597900000,71794.27,71822.88,71787.87,71788.2,0.03935,2026-03-15 18:05:00
1773598200000,71775.83,71775.83,71713.96,71713.96,0.01137,2026-03-15 18:10:00
1773598500000,71727.99,71738.87,71708.82,71738.87,0.00054,2026-03-15 18:15:00
1773598800000,71712.54,71725.58,71712.54,71725.58,0.00186,2026-03-15 18:20:00
1773599100000,71716.18,71731.62,71716.01,71716.01,0.00142,2026-03-15 18:25:00
1773599400000,71733.93,71814.29,71733.93,71763.79,0.00061,2026-03-15 18:30:00
1773599700000,71757.55,71757.55,71716.02,71716.02,0.00304,2026-03-15 18:35:00
1773600000000,71716.01,71716.01,71715.22,71715.22,0.00236,2026-03-15 18:40:00
1773600300000,71689.1,71689.1,71439.98,71489.99,0.0056,2026-03-15 18:45:00
1773600600000,71450.72,71450.72,71379.76,71397.26,0.06471,2026-03-15 18:50:00
1773600900000,71332.88,71397.62,71301.64,71370.7,0.00451,2026-03-15 18:55:00
1773601200000,71414.35,71492.8,71401.45,71465.22,0.00148,2026-03-15 19:00:00
1773601500000,71461.22,71469.19,71405.29,71405.29,0.01015,2026-03-15 19:05:00
1773601800000,71404.19,71490.48,71356.47,71490.48,0.0063,2026-03-15 19:10:00
1773602100000,71486.11,71486.11,71443.28,71452.36,0.00168,2026-03-15 19:15:00
1773602400000,71483.71,71523.48,71483.71,71511.72,0.0041,2026-03-15 19:20:00
1773602700000,71498.92,71536.83,71498.92,71536.83,0.00101,2026-03-15 19:25:00
1773603000000,71526.5,71577.93,71519.32,71568.98,0.00415,2026-03-15 19:30:00
1773603300000,71527.6,71527.6,71475.49,71517.59,0.14919,2026-03-15 19:35:00
1773603600000,71516.37,71516.38,71489.37,71489.37,0.01446,2026-03-15 19:40:00
1773603900000,71461.69,71461.69,71461.69,71461.69,0.00033,2026-03-15 19:45:00
1773604200000,71501.2,71501.21,71501.2,71501.21,0.00697,2026-03-15 19:50:00
1773604500000,71564.43,71566.16,71548.63,71548.63,0.04641,2026-03-15 19:55:00
1773604800000,71535.15,71550.16,71506.98,71518.48,0.05264,2026-03-15 20:00:00
1773605100000,71558.99,71559.1,71530.75,71530.75,0.00583,2026-03-15 20:05:00
1773605400000,71547.55,71555.12,71508.62,71539.99,0.00413,2026-03-15 20:10:00
1773605700000,71522.28,71540.0,71513.32,71519.85,0.2356,2026-03-15 20:15:00
1773606000000,71521.43,71522.17,71518.46,71521.43,0.00234,2026-03-15 20:20:00
1773606300000,71430.82,71430.82,71430.82,71430.82,8e-05,2026-03-15 20:25:00
1773606600000,71530.49,71734.75,71530.49,71720.93,0.78151,2026-03-15 20:30:00
1773606900000,71651.9,71875.69,71651.9,71873.53,0.00117,2026-03-15 20:35:00
1773607200000,71879.36,71903.44,71793.46,71863.51,0.02516,2026-03-15 20:40:00
1773607500000,71753.45,71753.45,71738.62,71738.62,0.00791,2026-03-15 20:45:00
1773607800000,71783.8,71783.8,71759.89,71759.89,0.00014,2026-03-15 20:50:00
1773608100000,71748.3,71773.14,71748.3,71748.47,0.00257,2026-03-15 20:55:00
1773608400000,71713.54,71731.14,71712.86,71726.28,0.00751,2026-03-15 21:00:00
1773608700000,71678.09,71695.82,71659.72,71661.43,0.00476,2026-03-15 21:05:00
1773609000000,71651.12,71669.41,71640.32,71669.41,0.00409,2026-03-15 21:10:00
1773609300000,71668.71,71729.44,71668.71,71729.44,0.00063,2026-03-15 21:15:00
1773609600000,71729.44,71729.44,71729.44,71729.44,0.0,2026-03-15 21:20:00
1773609900000,71729.44,71729.44,71729.44,71729.44,0.0,2026-03-15 21:25:00
1773610200000,71799.61,71979.15,71799.61,71979.15,0.00092,2026-03-15 21:30:00
1773610500000,71987.17,72179.78,71987.17,72137.13,0.06627,2026-03-15 21:35:00
1773610800000,72107.91,72110.0,72037.25,72110.0,0.04412,2026-03-15 21:40:00
1773611100000,72143.03,72232.3,72069.44,72069.44,0.0036,2026-03-15 21:45:00
1773611400000,72030.16,72074.81,72030.16,72040.8,0.02086,2026-03-15 21:50:00
1773611700000,72037.88,72037.88,72037.88,72037.88,0.00484,2026-03-15 21:55:00
1773612000000,72061.3,72303.69,72002.5,72210.91,0.06764,2026-03-15 22:00:00
1773612300000,72240.83,72240.83,71976.64,72004.13,0.01088,2026-03-15 22:05:00
1773612600000,71903.44,71903.44,71823.64,71823.64,0.00435,2026-03-15 22:10:00
1773612900000,71807.27,71807.27,71750.0,71751.15,0.00293,2026-03-15 22:15:00
1773613200000,71849.53,71862.88,71849.53,71862.88,0.01313,2026-03-15 22:20:00
1773613500000,71862.88,71862.88,71862.88,71862.88,0.0,2026-03-15 22:25:00
1773613800000,72000.0,72226.18,72000.0,72025.75,0.09624,2026-03-15 22:30:00
1773614100000,72227.76,72304.47,72227.76,72304.47,0.01891,2026-03-15 22:35:00
1773614400000,72318.18,72490.7,72318.18,72413.01,0.04263,2026-03-15 22:40:00
1773614700000,72425.76,72530.97,72425.76,72490.41,0.02925,2026-03-15 22:45:00
1773615000000,72530.98,73036.33,72530.98,72711.55,1.25011,2026-03-15 22:50:00
1773615300000,72683.42,72717.52,72683.41,72715.09,0.00211,2026-03-15 22:55:00
1773615600000,72756.96,72944.26,72756.96,72867.77,1.97686,2026-03-15 23:00:00
1773615900000,72931.44,73181.72,72927.03,72929.31,0.09287,2026-03-15 23:05:00
1773616200000,73009.8,73009.8,72897.38,72959.95,0.02027,2026-03-15 23:10:00
1773616500000,72994.1,73000.0,72781.19,72850.53,0.24111,2026-03-15 23:15:00
1773616800000,72880.97,72910.8,72488.63,72488.63,0.16052,2026-03-15 23:20:00
1773617100000,72622.49,72627.6,72488.56,72488.56,0.04504,2026-03-15 23:25:00
1773617400000,72557.35,72557.35,72427.89,72456.86,0.04056,2026-03-15 23:30:00
1773617700000,72607.44,72607.44,72465.0,72465.0,0.02542,2026-03-15 23:35:00
1773618000000,72515.96,72732.19,72515.96,72671.02,0.08817,2026-03-15 23:40:00
1773618300000,72738.43,72738.43,72700.99,72700.99,0.01951,2026-03-15 23:45:00
1773618600000,72700.99,72700.99,72700.99,72700.99,0.0,2026-03-15 23:50:00
1773618900000,72741.88,72741.88,72741.88,72741.88,0.00498,2026-03-15 23:55:00
1773619200000,72879.1,73000.0,72879.1,72908.6,0.00824,2026-03-16 00:00:00
1773619500000,72950.83,72972.0,72917.91,72972.0,0.00205,2026-03-16 00:05:00
1773619800000,72870.67,72870.67,72735.4,72782.01,0.07813,2026-03-16 00:10:00
1773620100000,72843.78,72843.78,72843.78,72843.78,0.00014,2026-03-16 00:15:00
1773620400000,72632.63,72632.63,72590.31,72608.47,0.00357,2026-03-16 00:20:00
1773620700000,72557.66,72557.66,72533.9,72533.9,0.00203,2026-03-16 00:25:00
1773621000000,72531.19,72589.41,72513.0,72589.41,1.38729,2026-03-16 00:30:00
1773621300000,72616.38,72637.54,72558.98,72558.98,0.015,2026-03-16 00:35:00
1773621600000,72547.07,72570.79,72488.38,72570.79,0.00135,2026-03-16 00:40:00
1773621900000,72555.4,72555.4,72551.98,72551.98,0.00185,2026-03-16 00:45:00
1773622200000,72591.76,72646.75,72560.65,72600.0,0.0031,2026-03-16 00:50:00
1773622500000,72578.8,72587.01,72528.93,72538.74,0.02426,2026-03-16 00:55:00
1773622800000,72600.15,72600.15,72361.04,72382.65,0.00942,2026-03-16 01:00:00
1773623100000,72418.09,72470.28,72387.32,72428.88,0.01641,2026-03-16 01:05:00
1773623400000,72473.02,72473.02,72307.49,72307.49,0.00753,2026-03-16 01:10:00
1773623700000,72352.4,72376.35,72352.4,72372.23,0.0075,2026-03-16 01:15:00
1773624000000,72508.61,72600.13,72508.61,72600.12,0.01587,2026-03-16 01:20:00
1773624300000,72600.12,72670.0,72600.12,72636.87,0.02637,2026-03-16 01:25:00
1773624600000,72592.27,72592.27,72592.27,72592.27,0.00016,2026-03-16 01:30:00
1773624900000,72648.44,72648.44,72600.48,72600.48,0.01333,2026-03-16 01:35:00
1773625200000,72595.39,72595.39,72570.49,72570.49,0.00115,2026-03-16 01:40:00
1773625500000,72608.88,72640.9,72595.5,72640.9,0.00208,2026-03-16 01:45:00
1773625800000,72714.29,72830.0,72714.29,72830.0,0.00033,2026-03-16 01:50:00
1773626100000,72788.63,72788.63,72788.63,72788.63,0.00053,2026-03-16 01:55:00
1773626400000,72741.44,72860.31,72741.44,72860.31,0.01051,2026-03-16 02:00:00
1773626700000,72863.65,72863.65,72771.47,72786.3,0.02173,2026-03-16 02:05:00
1773627000000,72811.84,72811.84,72679.27,72700.22,0.01924,2026-03-16 02:10:00
1773627300000,72750.24,72750.24,72611.18,72611.18,0.04516,2026-03-16 02:15:00
1773627600000,72564.85,72564.85,72547.95,72547.95,0.08133,2026-03-16 02:20:00
1773627900000,72428.57,72428.57,72400.7,72400.7,0.00073,2026-03-16 02:25:00
1773628200000,72400.7,72400.7,72360.32,72399.5,0.02575,2026-03-16 02:30:00
1773628500000,72408.74,72408.74,72408.74,72408.74,0.00207,2026-03-16 02:35:00
1773628800000,72447.39,72447.39,72447.39,72447.39,0.00033,2026-03-16 02:40:00
1773629100000,72451.17,72467.21,72439.82,72439.82,0.00923,2026-03-16 02:45:00
1773629400000,72496.33,72500.0,72496.33,72500.0,0.00566,2026-03-16 02:50:00
1773629700000,72561.58,72599.17,72559.98,72599.17,0.00245,2026-03-16 02:55:00
1773630000000,72490.07,72515.69,72490.07,72515.69,0.01445,2026-03-16 03:00:00
1773630300000,72546.7,72581.23,72526.75,72567.28,0.00198,2026-03-16 03:05:00
1773630600000,72596.29,72596.29,72542.0,72542.0,0.01566,2026-03-16 03:10:00
1773630900000,72474.4,72551.28,72474.4,72551.28,0.01468,2026-03-16 03:15:00
1773631200000,72576.52,72839.52,72576.52,72830.0,0.1706,2026-03-16 03:20:00
1773631500000,72830.0,72845.48,72805.0,72815.5,0.01728,2026-03-16 03:25:00
1773631800000,72845.48,73740.31,72845.48,73740.31,0.3939,2026-03-16 03:30:00
1773632100000,73698.72,74022.98,73621.66,73971.65,0.46236,2026-03-16 03:35:00
1773632400000,74018.16,74286.69,73708.12,73769.72,0.50479,2026-03-16 03:40:00
1773632700000,73742.47,73742.47,73574.92,73574.92,0.07264,2026-03-16 03:45:00
1773633000000,73701.22,73751.94,73701.22,73737.28,0.0075,2026-03-16 03:50:00
1773633300000,73701.22,73701.22,73600.0,73600.0,0.00093,2026-03-16 03:55:00
1773633600000,73634.06,73726.92,73623.58,73726.92,0.02885,2026-03-16 04:00:00
1773633900000,73726.38,73777.19,73633.36,73683.75,0.09495,2026-03-16 04:05:00
1773634200000,73600.1,73662.27,73600.08,73642.95,0.01462,2026-03-16 04:10:00
1773634500000,73728.15,73820.0,73728.15,73820.0,0.01571,2026-03-16 04:15:00
1773634800000,73891.23,74082.51,73765.89,73798.98,0.14197,2026-03-16 04:20:00
1773635100000,73792.86,73792.86,73619.19,73619.19,0.0728,2026-03-16 04:25:00
1773635400000,73654.03,73731.94,73654.03,73729.52,0.00026,2026-03-16 04:30:00
1773635700000,73749.2,73834.67,73669.85,73669.85,0.07345,2026-03-16 04:35:00
1773636000000,73617.08,73715.68,73617.08,73652.09,0.01896,2026-03-16 04:40:00
1773636300000,73736.2,74000.0,73736.2,74000.0,0.09097,2026-03-16 04:45:00
1773636600000,73984.23,74355.04,73984.23,74355.04,0.06514,2026-03-16 04:50:00
1773636900000,74415.64,74425.53,73820.55,73820.55,0.14213,2026-03-16 04:55:00
1773637200000,73800.01,73856.83,73785.08,73805.14,0.04659,2026-03-16 05:00:00
1773637500000,73805.84,73856.26,73805.84,73856.26,0.00372,2026-03-16 05:05:00
1773637800000,73947.14,74080.0,73848.22,73887.89,0.06077,2026-03-16 05:10:00
1773638100000,73824.16,73865.0,73824.16,73865.0,0.00371,2026-03-16 05:15:00
1773638400000,73892.67,73957.83,73833.35,73872.75,0.0733,2026-03-16 05:20:00
1773638700000,73862.59,73862.59,73862.59,73862.59,7e-05,2026-03-16 05:25:00
1773639000000,73891.54,73891.54,73682.46,73843.7,0.07847,2026-03-16 05:30:00
1773639300000,73850.57,73919.23,73850.57,73902.72,0.01264,2026-03-16 05:35:00
1773639600000,73987.14,74058.86,73987.14,74046.43,0.0025,2026-03-16 05:40:00
1773639900000,74034.3,74084.92,74020.86,74078.81,0.12338,2026-03-16 05:45:00
1773640200000,74084.3,74113.27,74077.98,74077.98,0.0101,2026-03-16 05:50:00
1773640500000,74081.58,74227.53,74067.89,74128.76,0.09519,2026-03-16 05:55:00
1773640800000,74000.0,74000.0,73911.73,73911.73,0.08887,2026-03-16 06:00:00
1773641100000,73914.03,73914.03,73740.31,73740.31,0.02401,2026-03-16 06:05:00
1773641400000,73764.43,73764.43,73621.92,73668.55,0.00477,2026-03-16 06:10:00
1773641700000,73719.24,73804.5,73719.24,73797.91,0.00259,2026-03-16 06:15:00
1773642000000,73726.47,73726.47,73685.82,73685.82,0.0026,2026-03-16 06:20:00
1773642300000,73812.18,73812.18,73755.26,73755.26,0.00015,2026-03-16 06:25:00
1773642600000,73764.75,73771.19,73754.5,73756.21,0.00517,2026-03-16 06:30:00
1773642900000,73825.26,73825.26,73825.26,73825.26,0.00067,2026-03-16 06:35:00
1773643200000,73819.39,73819.39,73819.39,73819.39,0.00203,2026-03-16 06:40:00
1773643500000,73849.11,73849.11,73842.05,73842.05,0.00093,2026-03-16 06:45:00
1773643800000,73817.19,73817.19,73817.19,73817.19,0.00432,2026-03-16 06:50:00
1773644100000,73832.42,73833.49,73832.42,73833.49,0.00027,2026-03-16 06:55:00
1773644400000,73670.52,73882.01,73670.52,73874.53,0.00197,2026-03-16 07:00:00
1773644700000,73862.21,73896.61,73862.21,73896.61,0.00228,2026-03-16 07:05:00
1773645000000,73873.15,73937.33,73873.15,73916.12,0.0042,2026-03-16 07:10:00
1773645300000,73916.12,73916.12,73916.12,73916.12,0.0,2026-03-16 07:15:00
1773645600000,73768.72,73768.72,73768.72,73768.72,0.01365,2026-03-16 07:20:00
1773645900000,73762.51,73787.24,73762.51,73787.24,0.04331,2026-03-16 07:25:00
1773646200000,73835.89,73835.89,73781.06,73781.06,0.00093,2026-03-16 07:30:00
1773646500000,73619.2,73619.2,73500.0,73500.0,0.00522,2026-03-16 07:35:00
1773646800000,73507.29,73557.2,73507.29,73557.2,0.0074,2026-03-16 07:40:00
1773647100000,73469.09,73469.09,73450.59,73453.85,0.00337,2026-03-16 07:45:00
1773647400000,73417.09,73417.09,73417.09,73417.09,0.00023,2026-03-16 07:50:00
1773647700000,73417.09,73417.09,73417.09,73417.09,0.0,2026-03-16 07:55:00
1773648000000,73651.98,73665.18,73638.7,73665.18,0.00041,2026-03-16 08:00:00
1773648300000,73671.96,73747.9,73671.96,73733.95,0.00036,2026-03-16 08:05:00
1773648600000,73716.48,73716.48,73532.89,73532.89,0.01921,2026-03-16 08:10:00
1773648900000,73447.14,73447.14,73400.0,73405.3,0.01539,2026-03-16 08:15:00
1773649200000,73497.47,73497.47,73497.47,73497.47,0.00016,2026-03-16 08:20:00
1773649500000,73424.34,73424.64,73369.22,73369.22,0.01054,2026-03-16 08:25:00
1773649800000,73333.86,73333.86,73249.21,73249.21,0.01414,2026-03-16 08:30:00
1773650100000,73265.3,73265.3,73265.3,73265.3,0.00049,2026-03-16 08:35:00
1773650400000,73256.14,73256.14,72948.06,72948.06,1.07066,2026-03-16 08:40:00
1773650700000,72913.47,73110.04,72895.55,73080.36,0.04727,2026-03-16 08:45:00
1773651000000,73099.38,73099.38,72941.25,73098.14,0.05752,2026-03-16 08:50:00
1773651300000,73098.14,73098.14,73098.14,73098.14,0.0,2026-03-16 08:55:00
1773651600000,73098.14,73098.14,73098.14,73098.14,0.0,2026-03-16 09:00:00
1773651900000,73115.76,73138.96,73115.76,73138.96,0.00026,2026-03-16 09:05:00
1773652200000,73138.96,73138.96,73138.96,73138.96,0.0,2026-03-16 09:10:00
1773652500000,73167.41,73212.75,73167.41,73212.75,0.01132,2026-03-16 09:15:00
1773652800000,73212.75,73212.75,73212.75,73212.75,0.0,2026-03-16 09:20:00
1773653100000,73222.3,73281.35,73222.3,73272.94,0.00064,2026-03-16 09:25:00
1773653400000,73234.19,73234.19,73234.19,73234.19,0.00213,2026-03-16 09:30:00
1773653700000,73234.19,73234.19,73234.19,73234.19,0.0,2026-03-16 09:35:00
1773654000000,73243.0,73258.89,73243.0,73258.89,0.00461,2026-03-16 09:40:00
1773654300000,73216.58,73277.6,73209.77,73277.6,0.00568,2026-03-16 09:45:00
1773654600000,73305.83,73305.83,73291.76,73291.76,0.00161,2026-03-16 09:50:00
1773654900000,73264.09,73264.09,73264.09,73264.09,0.00204,2026-03-16 09:55:00
1773655200000,73264.12,73459.19,73264.12,73459.19,0.02676,2026-03-16 10:00:00
1773655500000,73396.1,73396.1,73357.5,73357.5,0.00244,2026-03-16 10:05:00
1773655800000,73314.43,73332.55,73314.43,73332.55,0.00048,2026-03-16 10:10:00
1773656100000,73382.11,73388.57,73364.85,73364.85,0.00096,2026-03-16 10:15:00
1773656400000,73455.1,73469.09,73455.1,73469.09,0.0022,2026-03-16 10:20:00
1773656700000,73431.59,73447.3,73416.23,73438.39,0.003,2026-03-16 10:25:00
1773657000000,73419.16,73432.44,73419.16,73432.44,0.00037,2026-03-16 10:30:00
1773657300000,73287.14,73287.14,73287.14,73287.14,7e-05,2026-03-16 10:35:00
1773657600000,73287.14,73287.14,73287.14,73287.14,0.0,2026-03-16 10:40:00
1773657900000,73301.07,73459.89,73301.07,73459.89,0.00099,2026-03-16 10:45:00
1773658200000,73497.47,73591.41,73497.47,73591.41,0.0024,2026-03-16 10:50:00
1773658500000,73646.38,73767.01,73645.8,73767.01,0.05386,2026-03-16 10:55:00
1773658800000,73799.83,73817.48,73718.14,73718.14,1.4727,2026-03-16 11:00:00
1773659100000,73730.98,73746.72,73685.23,73685.23,0.00109,2026-03-16 11:05:00
1773659400000,73658.22,73720.49,73594.49,73594.49,0.18667,2026-03-16 11:10:00
1773659700000,73594.49,73633.68,73594.49,73633.68,0.016,2026-03-16 11:15:00
1773660000000,73633.68,73633.68,73633.68,73633.68,0.0,2026-03-16 11:20:00
1773660300000,73619.64,73619.64,73560.82,73560.82,0.00039,2026-03-16 11:25:00
1773660600000,73605.54,73605.54,73605.54,73605.54,0.00068,2026-03-16 11:30:00
1773660900000,73572.68,73572.68,73532.16,73532.16,0.00067,2026-03-16 11:35:00
1773661200000,73653.02,73653.02,73653.02,73653.02,0.00025,2026-03-16 11:40:00
1773661500000,73669.89,73669.89,73669.89,73669.89,3e-05,2026-03-16 11:45:00
1773661800000,73600.27,73623.1,73600.27,73615.17,0.00209,2026-03-16 11:50:00
1773662100000,73601.23,73601.23,73547.97,73547.97,0.00042,2026-03-16 11:55:00
1773662400000,73569.7,73817.7,73569.7,73674.63,0.05167,2026-03-16 12:00:00
1773662700000,73547.97,73547.97,73486.26,73518.56,0.02036,2026-03-16 12:05:00
1773663000000,73593.67,73593.67,73476.07,73521.16,0.00721,2026-03-16 12:10:00
1773663300000,73521.16,73568.4,73468.14,73468.14,0.02099,2026-03-16 12:15:00
1773663600000,73761.1,73771.76,73758.5,73771.76,0.00866,2026-03-16 12:20:00
1773663900000,73704.07,73899.99,73702.5,73796.14,0.00704,2026-03-16 12:25:00
1773664200000,73830.28,74035.51,73830.28,73888.31,0.63711,2026-03-16 12:30:00
1773664500000,73909.46,73909.46,73792.66,73805.41,0.00272,2026-03-16 12:35:00
1773664800000,73835.66,73835.66,73831.44,73831.44,0.0001,2026-03-16 12:40:00
1773665100000,73831.44,73831.44,73766.64,73766.64,0.01447,2026-03-16 12:45:00
1773665400000,73766.41,73784.41,73766.41,73784.41,0.08502,2026-03-16 12:50:00
1773665700000,73795.1,73875.8,73795.1,73853.09,0.00089,2026-03-16 12:55:00
1773666000000,73875.76,73880.03,73800.0,73880.03,0.19251,2026-03-16 13:00:00
1773666300000,73953.85,74017.53,73885.46,73885.46,0.00575,2026-03-16 13:05:00
1773666600000,73864.11,73977.77,73818.09,73972.0,0.00038,2026-03-16 13:10:00
1773666900000,73973.21,73973.21,73925.54,73925.54,0.01357,2026-03-16 13:15:00
1773667200000,73829.62,73929.72,73829.62,73929.72,0.27821,2026-03-16 13:20:00
1773667500000,73946.45,73946.45,73893.77,73893.77,0.00016,2026-03-16 13:25:00
1773667800000,73906.8,74260.71,73854.6,74260.71,0.03201,2026-03-16 13:30:00
1773668100000,74366.41,74392.59,74219.71,74373.8,0.10226,2026-03-16 13:35:00
1773668400000,74375.84,74477.93,73978.92,74057.6,0.14484,2026-03-16 13:40:00
1773668700000,74077.28,74369.35,74077.28,74318.89,0.09885,2026-03-16 13:45:00
1773669000000,74208.62,74208.62,73939.2,73939.2,0.02516,2026-03-16 13:50:00
1773669300000,73883.44,74052.02,73883.44,74014.17,0.01199,2026-03-16 13:55:00
1773669600000,74077.74,74355.9,74060.7,74208.14,0.46456,2026-03-16 14:00:00
1773669900000,74230.75,74422.1,74155.28,74422.1,0.00505,2026-03-16 14:05:00
1773670200000,74366.8,74415.68,74257.92,74341.62,0.0018,2026-03-16 14:10:00
1773670500000,74290.12,74318.56,74227.36,74308.96,0.45007,2026-03-16 14:15:00
1773670800000,74137.58,74256.52,74135.69,74135.69,0.04463,2026-03-16 14:20:00
1773671100000,74142.09,74160.76,73624.22,73624.22,0.63828,2026-03-16 14:25:00
1773671400000,73626.33,73626.33,73266.94,73438.06,0.15598,2026-03-16 14:30:00
1773671700000,73490.45,73523.62,73100.34,73100.34,0.20821,2026-03-16 14:35:00
1773672000000,73266.5,73279.34,73024.87,73080.3,0.09153,2026-03-16 14:40:00
1773672300000,73158.08,73233.0,73113.26,73192.78,0.01494,2026-03-16 14:45:00
1773672600000,73063.36,73361.66,73063.36,73361.66,0.03684,2026-03-16 14:50:00
1773672900000,73445.89,73680.08,73445.89,73530.43,0.1751,2026-03-16 14:55:00
1773673200000,73615.11,73615.11,73437.07,73538.43,0.5353,2026-03-16 15:00:00
1773673500000,73537.04,73559.71,73353.59,73559.71,0.0241,2026-03-16 15:05:00
1773673800000,73560.55,73767.01,73496.18,73659.2,0.00522,2026-03-16 15:10:00
1773674100000,73652.11,73777.08,73577.85,73777.08,0.00751,2026-03-16 15:15:00
1773674400000,73776.28,73898.86,73776.28,73898.86,0.00359,2026-03-16 15:20:00
1773674700000,73804.44,73849.57,73804.44,73849.57,0.01409,2026-03-16 15:25:00
1773675000000,73941.2,74020.97,73823.05,73823.05,0.01347,2026-03-16 15:30:00
1773675300000,73744.77,73744.97,73684.15,73684.15,0.00074,2026-03-16 15:35:00
1773675600000,73589.46,73589.46,73550.0,73550.0,0.00062,2026-03-16 15:40:00
1773675900000,73598.0,73598.0,73598.0,73598.0,0.00734,2026-03-16 15:45:00
1773676200000,73469.09,73469.09,73359.83,73398.22,0.01351,2026-03-16 15:50:00
1773676500000,73330.89,73330.89,73203.48,73203.48,0.07822,2026-03-16 15:55:00
1773676800000,73266.86,73294.87,73241.19,73294.87,0.01964,2026-03-16 16:00:00
1773677100000,73340.99,73472.58,73334.61,73340.18,0.01377,2026-03-16 16:05:00
1773677400000,73349.71,73349.71,73297.25,73304.85,0.00605,2026-03-16 16:10:00
1773677700000,73385.59,73496.19,73385.59,73464.33,0.00108,2026-03-16 16:15:00
1773678000000,73410.72,73462.4,73410.72,73448.12,0.01047,2026-03-16 16:20:00
1773678300000,73396.66,73451.71,73396.66,73414.12,0.00777,2026-03-16 16:25:00
1773678600000,73396.74,73448.95,73380.31,73448.95,0.00411,2026-03-16 16:30:00
1773678900000,73446.92,73446.92,73446.92,73446.92,0.00054,2026-03-16 16:35:00
1773679200000,73495.09,73662.32,73495.09,73662.32,0.00106,2026-03-16 16:40:00
1773679500000,73660.3,73740.31,73658.79,73658.79,0.02708,2026-03-16 16:45:00
1773679800000,73770.06,73895.69,73770.06,73863.27,0.01847,2026-03-16 16:50:00
1773680100000,73859.44,73859.44,73768.8,73789.08,0.03264,2026-03-16 16:55:00
1773680400000,73786.28,73923.3,73738.39,73738.39,0.01341,2026-03-16 17:00:00
1773680700000,73770.2,73853.18,73737.13,73748.09,0.00274,2026-03-16 17:05:00
1773681000000,73790.01,73882.12,73790.01,73882.12,0.00199,2026-03-16 17:10:00
1773681300000,73835.51,73841.36,73790.59,73790.59,0.0447,2026-03-16 17:15:00
1773681600000,73863.1,73876.03,73743.08,73793.53,0.01959,2026-03-16 17:20:00
1773681900000,73787.22,73812.29,73745.16,73745.16,0.0571,2026-03-16 17:25:00
1773682200000,73738.56,73856.7,73738.56,73856.7,0.0005,2026-03-16 17:30:00
1773682500000,73852.11,73965.53,73828.11,73965.53,0.02068,2026-03-16 17:35:00
1773682800000,73900.45,73953.04,73900.45,73932.02,0.00914,2026-03-16 17:40:00
1773683100000,73894.5,74009.49,73894.5,73960.22,0.03515,2026-03-16 17:45:00
1773683400000,73845.8,73926.47,73845.8,73926.47,0.00902,2026-03-16 17:50:00
1773683700000,73975.54,73975.54,73975.54,73975.54,7e-05,2026-03-16 17:55:00
1773684000000,73949.05,73957.83,73949.05,73957.83,0.00096,2026-03-16 18:00:00
1773684300000,74011.44,74336.29,74011.44,74336.29,0.58151,2026-03-16 18:05:00
1773684600000,74300.75,74334.23,74183.33,74245.8,1.15833,2026-03-16 18:10:00
1773684900000,74243.07,74277.38,74214.31,74277.38,0.01645,2026-03-16 18:15:00
1773685200000,74169.44,74220.85,74169.44,74220.85,0.02494,2026-03-16 18:20:00
1773685500000,74223.09,74290.0,74208.6,74208.6,0.02572,2026-03-16 18:25:00
1773685800000,74256.44,74364.49,74256.44,74343.12,0.18855,2026-03-16 18:30:00
1773686100000,74312.28,74312.28,74060.36,74060.36,0.03658,2026-03-16 18:35:00
1773686400000,74108.04,74272.94,74108.04,74204.63,0.01987,2026-03-16 18:40:00
1773686700000,74162.59,74162.59,74162.59,74162.59,0.00336,2026-03-16 18:45:00
1773687000000,74025.87,74041.77,74025.87,74041.77,0.01106,2026-03-16 18:50:00
1773687300000,73943.89,73943.89,73943.89,73943.89,0.00457,2026-03-16 18:55:00
1773687600000,73866.67,73969.48,73820.55,73922.74,0.01387,2026-03-16 19:00:00
1773687900000,73855.68,74183.33,73855.68,74183.33,0.06674,2026-03-16 19:05:00
1773688200000,74260.71,74400.0,74123.71,74167.56,0.10047,2026-03-16 19:10:00
1773688500000,74162.23,74273.56,74145.13,74145.13,0.01282,2026-03-16 19:15:00
1773688800000,74111.0,74111.0,74095.77,74099.91,0.04996,2026-03-16 19:20:00
1773689100000,74105.94,74105.94,74000.68,74033.24,0.017,2026-03-16 19:25:00
1773689400000,74136.7,74234.04,74136.7,74159.64,0.01362,2026-03-16 19:30:00
1773689700000,74181.31,74181.31,74181.31,74181.31,0.01311,2026-03-16 19:35:00
1773690000000,74192.8,74192.8,74181.07,74181.07,0.00666,2026-03-16 19:40:00
1773690300000,73957.36,73957.36,73930.32,73930.32,0.02218,2026-03-16 19:45:00
1773690600000,73991.73,73991.73,73866.02,73866.02,0.01803,2026-03-16 19:50:00
1773690900000,73917.6,73981.0,73917.6,73981.0,0.18794,2026-03-16 19:55:00
1773691200000,73995.22,73995.22,73921.56,73926.45,0.0301,2026-03-16 20:00:00
1773691500000,73941.53,73941.53,73904.3,73904.3,0.00172,2026-03-16 20:05:00
1773691800000,73924.18,73952.93,73924.18,73952.93,0.00158,2026-03-16 20:10:00
1773692100000,73922.62,73939.93,73922.62,73939.93,0.00376,2026-03-16 20:15:00
1773692400000,74008.12,74008.12,74008.12,74008.12,0.00124,2026-03-16 20:20:00
1773692700000,74034.65,74044.5,73995.14,73995.14,0.01732,2026-03-16 20:25:00
1773693000000,74044.5,74044.5,74044.5,74044.5,0.10693,2026-03-16 20:30:00
1773693300000,74044.5,74111.66,74024.87,74090.75,0.17731,2026-03-16 20:35:00
1773693600000,74114.46,74114.46,74052.74,74052.74,0.01146,2026-03-16 20:40:00
1773693900000,74077.35,74081.94,74052.48,74081.94,0.0074,2026-03-16 20:45:00
1773694200000,74145.69,74222.4,74141.67,74196.42,0.00139,2026-03-16 20:50:00
1773694500000,74191.27,74244.19,74189.15,74237.74,0.00368,2026-03-16 20:55:00
1773694800000,74181.67,74485.72,74181.67,74485.72,0.32317,2026-03-16 21:00:00
1773695100000,74375.7,74375.7,74188.85,74307.26,0.00282,2026-03-16 21:05:00
1773695400000,74375.08,74380.99,74317.99,74353.51,0.06897,2026-03-16 21:10:00
1773695700000,74382.18,74429.3,74382.18,74429.3,0.00558,2026-03-16 21:15:00
1773696000000,74407.47,74407.47,74242.97,74297.9,0.00371,2026-03-16 21:20:00
1773696300000,74249.61,74249.61,74249.61,74249.61,0.00208,2026-03-16 21:25:00
1773696600000,74357.18,74488.12,74357.18,74459.71,0.06314,2026-03-16 21:30:00
1773696900000,74459.71,74777.0,74459.71,74500.71,0.16483,2026-03-16 21:35:00
1773697200000,74536.94,74536.94,74358.54,74371.24,0.01495,2026-03-16 21:40:00
1773697500000,74453.33,74453.33,74429.9,74429.9,0.0147,2026-03-16 21:45:00
1773697800000,74508.96,74569.84,74508.96,74530.42,0.04783,2026-03-16 21:50:00
1773698100000,74463.88,74463.88,74431.9,74431.9,0.00824,2026-03-16 21:55:00
1773698400000,74414.45,74633.67,74412.79,74633.67,0.01297,2026-03-16 22:00:00
1773698700000,74695.39,74890.68,74632.99,74890.67,1.46703,2026-03-16 22:05:00
1773699000000,74885.82,74890.68,74808.13,74842.19,0.01128,2026-03-16 22:10:00
1773699300000,74868.38,74897.98,74757.07,74885.0,0.01401,2026-03-16 22:15:00
1773699600000,74837.34,74853.61,74658.99,74665.0,0.01383,2026-03-16 22:20:00
1773699900000,74661.48,74665.95,74560.43,74571.0,0.01821,2026-03-16 22:25:00
1773700200000,74672.74,74739.81,74608.82,74618.78,0.0263,2026-03-16 22:30:00
1773700500000,74717.47,74717.47,74717.47,74717.47,0.00743,2026-03-16 22:35:00
1773700800000,74716.09,74751.72,74715.49,74751.72,0.02782,2026-03-16 22:40:00
1773701100000,74854.92,74856.23,74825.88,74825.88,0.00302,2026-03-16 22:45:00
1773701400000,74845.56,74863.73,74737.39,74737.39,0.037,2026-03-16 22:50:00
1773701700000,74724.85,74740.12,74724.85,74724.9,0.00169,2026-03-16 22:55:00
1773702000000,74724.9,74724.9,74416.34,74416.34,0.09518,2026-03-16 23:00:00
1773702300000,74474.02,74474.02,74300.0,74324.66,0.00521,2026-03-16 23:05:00
1773702600000,74300.38,74440.4,74300.38,74405.95,0.05424,2026-03-16 23:10:00
1773702900000,74451.86,74565.73,74451.86,74565.73,0.00112,2026-03-16 23:15:00
1773703200000,74518.29,74519.51,74518.29,74519.51,0.01152,2026-03-16 23:20:00
1773703500000,74503.27,74625.22,74503.27,74603.06,0.00142,2026-03-16 23:25:00
1773703800000,74635.51,74750.0,74635.51,74750.0,0.02863,2026-03-16 23:30:00
1773704100000,74736.23,74746.59,74723.76,74746.59,0.00111,2026-03-16 23:35:00
1773704400000,74738.99,74900.0,74738.99,74900.0,0.18546,2026-03-16 23:40:00
1773704700000,74853.75,74853.75,74853.75,74853.75,0.03022,2026-03-16 23:45:00
1773705000000,74798.8,74798.8,74681.31,74686.76,0.00061,2026-03-16 23:50:00
1773705300000,74830.24,74879.98,74830.24,74879.98,0.0004,2026-03-16 23:55:00
1773705600000,74821.7,74821.7,74686.84,74757.81,0.0264,2026-03-17 00:00:00
1773705900000,74770.67,75100.0,74770.67,74989.78,1.52771,2026-03-17 00:05:00
1773706200000,75051.0,75448.97,75051.0,75383.6,3.56416,2026-03-17 00:10:00
1773706500000,75448.97,75500.0,75254.83,75276.95,0.19132,2026-03-17 00:15:00
1773706800000,75228.09,75242.59,75057.79,75057.79,0.14444,2026-03-17 00:20:00
1773707100000,74908.11,75008.6,74855.48,75008.6,0.05274,2026-03-17 00:25:00
1773707400000,75136.82,75243.51,75046.84,75100.28,0.08342,2026-03-17 00:30:00
1773707700000,75192.44,75209.75,74983.17,74983.17,0.02429,2026-03-17 00:35:00
1773708000000,74996.51,75068.55,74945.33,75068.55,0.00204,2026-03-17 00:40:00
1773708300000,75044.86,75063.61,75044.86,75063.61,0.03236,2026-03-17 00:45:00
1773708600000,75012.59,75036.36,74941.13,75036.36,0.0408,2026-03-17 00:50:00
1773708900000,74982.73,75270.24,74976.1,75270.24,0.0091,2026-03-17 00:55:00
1773709200000,75369.0,75416.62,75132.14,75132.14,0.02202,2026-03-17 01:00:00
1773709500000,75143.08,75376.38,75143.08,75346.12,0.04108,2026-03-17 01:05:00
1773709800000,75336.93,75953.4,75336.93,75814.21,0.35252,2026-03-17 01:10:00
1773710100000,75827.24,75891.16,75632.0,75792.58,1.44377,2026-03-17 01:15:00
1773710400000,75804.52,75942.78,75711.82,75743.27,2.0007,2026-03-17 01:20:00
1773710700000,75730.76,76100.0,75730.76,75923.68,1.65983,2026-03-17 01:25:00
1773711000000,75853.35,76029.11,75820.0,75820.0,0.52536,2026-03-17 01:30:00
1773711300000,75939.19,76001.1,75671.82,75704.14,0.01554,2026-03-17 01:35:00
1773711600000,75738.51,75738.51,75555.84,75665.44,0.10201,2026-03-17 01:40:00
1773711900000,75624.08,75730.98,75624.08,75647.18,0.02819,2026-03-17 01:45:00
1773712200000,75642.3,75647.18,75476.48,75476.48,2.44792,2026-03-17 01:50:00
1773712500000,75536.72,75711.89,75536.72,75655.29,2.40114,2026-03-17 01:55:00
1773712800000,75654.23,75659.33,75581.51,75611.92,1.27733,2026-03-17 02:00:00
1773713100000,75603.86,75605.14,75237.69,75259.0,1.93612,2026-03-17 02:05:00
1773713400000,75243.77,75455.3,75144.53,75245.08,3.57664,2026-03-17 02:10:00
1773713700000,75254.16,75254.16,75180.77,75180.77,0.01588,2026-03-17 02:15:00
1773714000000,75130.88,75180.63,75121.09,75180.63,0.64438,2026-03-17 02:20:00
1773714300000,75143.53,75248.19,75143.53,75248.19,1.32339,2026-03-17 02:25:00
1773714600000,75160.01,75434.64,75144.71,75283.28,1.42346,2026-03-17 02:30:00
1773714900000,75349.91,75600.0,75314.05,75425.78,0.66795,2026-03-17 02:35:00
1773715200000,75425.78,75599.99,75384.21,75384.21,1.71198,2026-03-17 02:40:00
1773715500000,75364.97,75549.42,75259.6,75312.7,0.67417,2026-03-17 02:45:00
1773715800000,75295.98,75472.48,75272.58,75327.71,0.2015,2026-03-17 02:50:00
1773716100000,75293.14,75293.14,75169.08,75186.1,0.01258,2026-03-17 02:55:00
1773716400000,75252.0,75421.68,75192.93,75304.85,0.5406,2026-03-17 03:00:00
1773716700000,75280.97,75334.35,75192.91,75229.05,2.10462,2026-03-17 03:05:00
1773717000000,75190.03,75358.67,74964.66,74964.67,1.90952,2026-03-17 03:10:00
1773717300000,74947.7,75178.44,74934.71,74988.83,1.0581,2026-03-17 03:15:00
1773717600000,75002.3,75155.78,74776.91,74847.3,0.56325,2026-03-17 03:20:00
1773717900000,74827.65,75161.9,74806.6,74866.76,0.27,2026-03-17 03:25:00
1773718200000,74812.58,74827.63,74572.06,74646.2,0.26004,2026-03-17 03:30:00
1773718500000,74644.31,74735.64,74553.62,74626.88,0.28598,2026-03-17 03:35:00
1773718800000,74587.92,74771.72,74368.11,74439.76,0.76825,2026-03-17 03:40:00
1773719100000,74386.06,74606.7,74302.57,74350.2,0.72288,2026-03-17 03:45:00
1773719400000,74292.52,74459.73,74285.71,74452.39,1.89153,2026-03-17 03:50:00
1773719700000,74363.64,74613.61,74305.4,74494.9,1.11131,2026-03-17 03:55:00
1773720000000,74514.52,74768.73,74452.69,74689.39,0.71913,2026-03-17 04:00:00
1773720300000,74526.84,74650.97,74471.37,74617.89,0.12689,2026-03-17 04:05:00
1773720600000,74655.34,74683.19,74601.94,74601.94,0.00887,2026-03-17 04:10:00
1773720900000,74701.8,74701.8,74469.82,74469.82,0.02545,2026-03-17 04:15:00
1773721200000,74488.58,74488.58,74353.01,74409.0,0.01601,2026-03-17 04:20:00
1773721500000,74397.94,74461.99,74387.51,74397.22,1.2134,2026-03-17 04:25:00
1773721800000,74445.97,74455.0,74154.14,74154.14,1.66983,2026-03-17 04:30:00
1773722100000,74155.44,74230.72,74045.0,74045.0,0.87268,2026-03-17 04:35:00
1773722400000,74070.4,74242.93,74070.4,74076.41,0.0745,2026-03-17 04:40:00
1773722700000,74095.3,74248.89,74095.3,74248.89,0.85092,2026-03-17 04:45:00
1773723000000,74239.83,74252.07,74205.46,74252.07,0.2012,2026-03-17 04:50:00
1773723300000,74265.64,74358.34,74222.96,74222.96,1.06861,2026-03-17 04:55:00
1773723600000,74186.08,74351.03,74127.96,74247.97,0.52139,2026-03-17 05:00:00
1773723900000,74258.1,74330.24,74258.1,74330.24,1.38724,2026-03-17 05:05:00
1773724200000,74309.57,74376.77,74309.57,74322.27,0.01035,2026-03-17 05:10:00
1773724500000,74301.07,74412.79,74301.07,74412.76,0.01271,2026-03-17 05:15:00
1773724800000,74337.82,74337.82,74230.71,74312.16,0.65717,2026-03-17 05:20:00
1773725100000,74360.79,74583.91,74360.79,74428.4,0.60643,2026-03-17 05:25:00
1773725400000,74411.4,74620.4,74349.15,74349.15,0.91989,2026-03-17 05:30:00
1773725700000,74345.92,74446.13,74114.85,74114.85,0.83002,2026-03-17 05:35:00
1773726000000,74157.73,74162.02,73954.71,73954.71,1.43559,2026-03-17 05:40:00
1773726300000,73960.1,74036.39,73806.9,73854.96,0.27247,2026-03-17 05:45:00
1773726600000,73890.32,74260.7,73890.32,74072.18,0.44164,2026-03-17 05:50:00
1773726900000,74120.3,74289.45,74004.05,74060.93,0.6878,2026-03-17 05:55:00
1773727200000,74030.61,74233.5,73928.92,73969.06,0.48051,2026-03-17 06:00:00
1773727500000,73957.91,74104.11,73893.67,73969.17,0.20782,2026-03-17 06:05:00
1773727800000,73990.22,74338.89,73913.46,74202.9,0.44011,2026-03-17 06:10:00
1773728100000,74161.2,74354.02,74093.43,74117.16,0.57575,2026-03-17 06:15:00
1773728400000,74181.2,74417.89,74179.55,74192.61,0.34381,2026-03-17 06:20:00
1773728700000,74227.64,74249.77,74152.66,74249.77,0.04314,2026-03-17 06:25:00
1773729000000,74257.58,74265.04,74122.56,74230.14,0.09158,2026-03-17 06:30:00
1773729300000,74280.27,74281.33,74244.06,74274.12,0.02025,2026-03-17 06:35:00
1773729600000,74257.99,74279.54,73995.07,74022.73,0.01053,2026-03-17 06:40:00
1773729900000,74042.21,74066.78,73968.07,73970.35,0.09634,2026-03-17 06:45:00
1773730200000,74014.21,74066.58,73993.24,74041.21,0.03181,2026-03-17 06:50:00
1773730500000,74041.21,74112.46,74041.21,74112.46,0.82915,2026-03-17 06:55:00
1773730800000,74100.34,74212.96,74100.34,74212.95,1.21011,2026-03-17 07:00:00
1773731100000,74213.45,74217.25,74146.61,74204.93,0.49027,2026-03-17 07:05:00
1773731400000,74204.93,74343.62,74204.93,74343.62,0.67088,2026-03-17 07:10:00
1773731700000,74366.03,74432.98,74365.72,74411.19,0.03735,2026-03-17 07:15:00
1773732000000,74386.4,74610.43,74375.94,74433.83,1.15554,2026-03-17 07:20:00
1773732300000,74400.27,74477.4,74400.27,74413.31,0.13078,2026-03-17 07:25:00
1773732600000,74412.56,74599.63,74330.9,74335.33,0.4989,2026-03-17 07:30:00
1773732900000,74383.9,74549.9,74310.47,74350.6,0.89223,2026-03-17 07:35:00
1773733200000,74364.8,74567.47,74343.89,74394.8,0.40651,2026-03-17 07:40:00
1773733500000,74413.7,74694.1,74346.09,74349.49,0.52883,2026-03-17 07:45:00
1773733800000,74339.03,74369.53,74258.66,74258.66,0.00289,2026-03-17 07:50:00
1773734100000,74251.52,74332.13,74247.7,74332.13,0.00214,2026-03-17 07:55:00
1773734400000,74331.95,74618.91,74292.83,74428.88,0.47015,2026-03-17 08:00:00
1773734700000,74488.69,74488.69,74313.37,74313.37,0.0362,2026-03-17 08:05:00
1773735000000,74302.81,74316.0,74186.82,74237.38,0.02113,2026-03-17 08:10:00
1773735300000,74217.5,74340.36,74164.57,74332.07,0.06937,2026-03-17 08:15:00
1773735600000,74326.08,74400.91,74280.89,74280.89,0.0024,2026-03-17 08:20:00
1773735900000,74303.98,74323.87,74272.94,74323.87,0.00045,2026-03-17 08:25:00
1773736200000,74322.61,74332.63,74258.23,74265.64,0.0012,2026-03-17 08:30:00
1773736500000,74290.35,74290.35,74201.91,74224.48,0.00135,2026-03-17 08:35:00
1773736800000,74223.24,74501.68,74223.24,74391.12,0.00386,2026-03-17 08:40:00
1773737100000,74403.61,74426.97,74390.42,74422.59,0.0012,2026-03-17 08:45:00
1773737400000,74409.69,74411.91,74330.16,74361.58,0.00165,2026-03-17 08:50:00
1773737700000,74355.31,74368.11,74164.58,74195.2,0.0021,2026-03-17 08:55:00
1773738000000,74204.79,74273.49,74085.57,74089.6,0.02126,2026-03-17 09:00:00
1773738300000,74126.59,74286.29,74046.6,74107.61,0.00475,2026-03-17 09:05:00
1773738600000,74127.5,74127.5,74056.02,74056.02,0.00238,2026-03-17 09:10:00
1773738900000,74064.1,74191.82,74013.84,74183.21,0.00345,2026-03-17 09:15:00
1773739200000,74209.0,74209.0,74152.45,74204.4,0.0018,2026-03-17 09:20:00
1773739500000,74340.66,74415.17,74204.15,74323.23,0.10607,2026-03-17 09:25:00
1773739800000,74281.07,74332.76,74181.7,74181.7,0.00238,2026-03-17 09:30:00
1773740100000,74194.6,74244.43,74194.6,74234.04,0.0015,2026-03-17 09:35:00
1773740400000,74219.42,74259.99,74203.57,74203.57,0.00075,2026-03-17 09:40:00
1773740700000,74151.99,74184.85,74131.88,74142.99,0.01774,2026-03-17 09:45:00
1773741000000,74175.23,74175.23,73986.93,73986.93,0.02114,2026-03-17 09:50:00
1773741300000,73941.2,73967.61,73846.55,73937.44,0.0745,2026-03-17 09:55:00
1773741600000,73926.32,73964.18,73879.33,73964.18,0.00879,2026-03-17 10:00:00
1773741900000,73881.11,73881.11,73586.6,73679.77,0.42517,2026-03-17 10:05:00
1773742200000,73674.07,73674.07,73638.38,73638.38,0.00178,2026-03-17 10:10:00
1773742500000,73719.5,73756.5,73611.15,73756.5,0.02966,2026-03-17 10:15:00
1773742800000,73756.5,73756.5,73756.5,73756.5,0.00054,2026-03-17 10:20:00
1773743100000,73767.1,73795.33,73761.06,73795.33,0.03129,2026-03-17 10:25:00
1773743400000,73738.19,73749.14,73670.62,73739.7,0.01634,2026-03-17 10:30:00
1773743700000,73740.69,73740.89,73619.58,73619.58,0.00089,2026-03-17 10:35:00
1773744000000,73744.36,73744.36,73646.06,73646.06,0.00043,2026-03-17 10:40:00
1773744300000,73646.06,73646.06,73646.06,73646.06,0.0,2026-03-17 10:45:00
1773744600000,73725.2,73730.2,73701.7,73701.7,0.0006,2026-03-17 10:50:00
1773744900000,73715.52,73779.9,73715.52,73779.9,0.00131,2026-03-17 10:55:00
1773745200000,73750.58,73825.62,73691.77,73801.78,0.00346,2026-03-17 11:00:00
1773745500000,73880.27,73919.81,73860.49,73906.01,0.01614,2026-03-17 11:05:00
1773745800000,73933.23,73952.38,73927.55,73952.38,0.00074,2026-03-17 11:10:00
1773746100000,73954.84,74125.42,73940.06,73940.11,1.41612,2026-03-17 11:15:00
1773746400000,74014.29,74014.29,74014.29,74014.29,0.00015,2026-03-17 11:20:00
1773746700000,73978.3,74054.6,73978.3,73995.78,0.00147,2026-03-17 11:25:00
1773747000000,73950.0,73950.0,73950.0,73950.0,0.01116,2026-03-17 11:30:00
1773747300000,74117.8,74117.8,74115.64,74115.64,0.00885,2026-03-17 11:35:00
1773747600000,74096.62,74096.62,74096.62,74096.62,4e-05,2026-03-17 11:40:00
1773747900000,74114.02,74196.74,74114.02,74143.34,0.0013,2026-03-17 11:45:00
1773748200000,74126.19,74126.19,74126.19,74126.19,2e-05,2026-03-17 11:50:00
1773748500000,74100.0,74100.0,74020.49,74021.71,0.18966,2026-03-17 11:55:00
1773748800000,74018.15,74059.64,74018.15,74059.64,0.00142,2026-03-17 12:00:00
1773749100000,74077.54,74151.35,74070.67,74151.35,0.04082,2026-03-17 12:05:00
1773749400000,74240.97,74240.97,74055.67,74060.86,0.01193,2026-03-17 12:10:00
1773749700000,74034.51,74108.9,73934.06,74108.9,0.00555,2026-03-17 12:15:00
1773750000000,74105.6,74111.5,73944.35,73944.35,0.03705,2026-03-17 12:20:00
1773750300000,73914.39,73914.39,73801.8,73801.8,0.01249,2026-03-17 12:25:00
1773750600000,73776.9,73824.53,73771.41,73804.74,0.00051,2026-03-17 12:30:00
1773750900000,73780.16,73913.24,73722.24,73866.3,0.00385,2026-03-17 12:35:00
1773751200000,73862.48,73925.35,73835.33,73848.45,0.00655,2026-03-17 12:40:00
1773751500000,73823.72,73824.53,73729.71,73745.13,0.00634,2026-03-17 12:45:00
1773751800000,73732.65,73745.07,73681.79,73688.18,0.0173,2026-03-17 12:50:00
1773752100000,73780.6,73780.6,73704.62,73717.08,0.00175,2026-03-17 12:55:00
1773752400000,73721.33,73759.56,73720.58,73722.98,0.00107,2026-03-17 13:00:00
1773752700000,73788.09,73862.9,73777.62,73806.13,0.00994,2026-03-17 13:05:00
1773753000000,73800.85,73814.39,73800.85,73812.03,0.00104,2026-03-17 13:10:00
1773753300000,73738.07,73738.07,73738.07,73738.07,6e-05,2026-03-17 13:15:00
1773753600000,73754.07,73754.07,73754.07,73754.07,0.00705,2026-03-17 13:20:00
1773753900000,73714.02,73739.7,73673.63,73723.31,0.00135,2026-03-17 13:25:00
1773754200000,73690.93,74087.39,73690.93,73936.5,0.09661,2026-03-17 13:30:00
1773754500000,73962.93,74018.52,73837.93,74018.52,0.03923,2026-03-17 13:35:00
1773754800000,74072.91,74121.86,73740.31,73740.31,0.18182,2026-03-17 13:40:00
1773755100000,73716.25,73849.32,73716.25,73753.44,0.02173,2026-03-17 13:45:00
1773755400000,73809.66,73809.66,73555.0,73555.0,3.37019,2026-03-17 13:50:00
1773755700000,73654.61,73654.61,73654.07,73654.07,0.00214,2026-03-17 13:55:00
1773756000000,73646.37,73646.37,73555.0,73555.13,5.10789,2026-03-17 14:00:00
1773756300000,73570.43,73726.45,73570.43,73670.46,0.00191,2026-03-17 14:05:00
1773756600000,73727.99,73806.62,73660.61,73760.97,0.036,2026-03-17 14:10:00
1773756900000,73712.51,73712.51,73570.0,73570.0,0.01204,2026-03-17 14:15:00
1773757200000,73766.83,73766.83,73766.83,73766.83,3e-05,2026-03-17 14:20:00
1773757500000,73737.16,73897.96,73737.16,73842.99,0.4387,2026-03-17 14:25:00
1773757800000,73990.08,74082.52,73934.96,74082.52,0.0118,2026-03-17 14:30:00
1773758100000,74113.27,74174.13,74075.64,74075.64,0.01463,2026-03-17 14:35:00
1773758400000,74149.92,74282.15,74149.92,74282.15,0.07828,2026-03-17 14:40:00
1773758700000,74241.08,74370.3,74241.08,74273.55,0.02422,2026-03-17 14:45:00
1773759000000,74279.12,74296.91,74170.94,74296.91,0.00752,2026-03-17 14:50:00
1773759300000,74299.5,74381.51,74299.5,74381.51,0.10062,2026-03-17 14:55:00
1773759600000,74416.34,74864.86,74416.34,74696.0,1.0215,2026-03-17 15:00:00
1773759900000,74696.0,74696.0,74478.91,74478.91,0.15719,2026-03-17 15:05:00
1773760200000,74333.87,74345.95,74164.57,74221.87,0.09105,2026-03-17 15:10:00
1773760500000,74113.27,74217.86,74113.27,74180.19,0.01891,2026-03-17 15:15:00
1773760800000,74250.25,74290.96,74061.67,74100.0,0.17976,2026-03-17 15:20:00
1773761100000,74088.5,74115.71,74081.0,74081.0,0.01564,2026-03-17 15:25:00
1773761400000,74112.86,74146.37,73941.2,73984.7,0.01815,2026-03-17 15:30:00
1773761700000,73997.97,73997.97,73700.0,73871.5,1.34694,2026-03-17 15:35:00
1773762000000,73852.8,73926.46,73766.96,73926.46,0.05229,2026-03-17 15:40:00
1773762300000,73774.92,73774.92,73774.92,73774.92,0.00032,2026-03-17 15:45:00
1773762600000,73857.69,74013.8,73857.69,74013.8,0.01441,2026-03-17 15:50:00
1773762900000,74031.82,74031.82,73923.72,73941.77,0.02447,2026-03-17 15:55:00
1773763200000,73926.92,73981.42,73903.44,73981.42,0.18678,2026-03-17 16:00:00
1773763500000,73971.57,74109.54,73971.57,74065.96,0.12994,2026-03-17 16:05:00
1773763800000,74092.79,74156.86,74026.88,74026.88,0.03487,2026-03-17 16:10:00
1773764100000,73996.56,74206.35,73996.56,74206.35,0.03773,2026-03-17 16:15:00
1773764400000,74257.39,74353.5,74257.39,74326.42,0.00752,2026-03-17 16:20:00
1773764700000,74329.7,74329.7,74222.33,74222.33,0.0311,2026-03-17 16:25:00
1773765000000,74222.35,74222.35,74111.6,74111.6,0.02192,2026-03-17 16:30:00
1773765300000,74128.25,74129.14,74025.77,74065.05,0.02944,2026-03-17 16:35:00
1773765600000,74100.77,74156.89,74067.72,74156.89,0.04297,2026-03-17 16:40:00
1773765900000,74152.52,74163.0,74059.33,74160.3,0.0462,2026-03-17 16:45:00
1773766200000,74177.64,74267.61,74177.64,74245.16,0.0219,2026-03-17 16:50:00
1773766500000,74238.01,74238.01,74214.66,74214.66,0.00215,2026-03-17 16:55:00
1773766800000,74266.1,74294.36,74266.1,74283.85,0.0295,2026-03-17 17:00:00
1773767100000,74228.07,74260.54,74220.79,74254.64,0.00811,2026-03-17 17:05:00
1773767400000,74085.36,74202.84,74075.99,74202.84,0.02182,2026-03-17 17:10:00
1773767700000,74225.74,74225.74,74225.74,74225.74,0.00013,2026-03-17 17:15:00
1773768000000,74368.47,74421.69,74368.28,74419.01,0.02767,2026-03-17 17:20:00
1773768300000,74361.78,74361.78,74361.78,74361.78,0.00013,2026-03-17 17:25:00
1773768600000,74321.82,74362.66,74321.82,74362.66,0.00803,2026-03-17 17:30:00
1773768900000,74362.66,74362.66,74362.66,74362.66,0.0,2026-03-17 17:35:00
1773769200000,74445.82,74446.44,74434.31,74434.31,0.00274,2026-03-17 17:40:00
1773769500000,74429.1,74496.73,74429.1,74496.73,0.14298,2026-03-17 17:45:00
1773769800000,74526.62,74585.5,74526.62,74585.5,0.00104,2026-03-17 17:50:00
1773770100000,74496.73,74498.52,74496.73,74498.52,0.06147,2026-03-17 17:55:00
1773770400000,74491.14,74585.5,74474.61,74566.16,0.01431,2026-03-17 18:00:00
1773770700000,74556.49,74609.55,74554.11,74609.55,0.14994,2026-03-17 18:05:00
1773771000000,74636.97,74664.66,74625.96,74627.39,0.01981,2026-03-17 18:10:00
1773771300000,74581.55,74581.55,74556.52,74556.52,0.01407,2026-03-17 18:15:00
1773771600000,74588.99,74648.27,74523.66,74523.66,0.04577,2026-03-17 18:20:00
1773771900000,74458.49,74458.49,74343.71,74343.71,0.39057,2026-03-17 18:25:00
1773772200000,74580.88,74580.89,74566.3,74566.3,0.37579,2026-03-17 18:30:00
1773772500000,74605.41,74703.48,74583.98,74651.48,0.03051,2026-03-17 18:35:00
1773772800000,74686.88,74686.88,74638.89,74638.89,0.01425,2026-03-17 18:40:00
1773773100000,74653.03,74701.78,74653.03,74701.78,0.03109,2026-03-17 18:45:00
1773773400000,74713.54,74739.21,74713.54,74739.21,0.00014,2026-03-17 18:50:00
1773773700000,74695.0,74695.0,74695.0,74695.0,0.00026,2026-03-17 18:55:00
1773774000000,74688.59,74767.21,74662.99,74687.64,0.02537,2026-03-17 19:00:00
1773774300000,74683.98,74758.78,74683.98,74753.82,0.00363,2026-03-17 19:05:00
1773774600000,74780.13,74780.13,74780.13,74780.13,0.00027,2026-03-17 19:10:00
1773774900000,74757.66,74782.69,74750.0,74750.0,0.02806,2026-03-17 19:15:00
1773775200000,74750.0,74750.0,74659.04,74659.04,0.82315,2026-03-17 19:20:00
1773775500000,74657.96,74657.96,74657.96,74657.96,0.00021,2026-03-17 19:25:00
1773775800000,74628.53,74628.53,74628.53,74628.53,8e-05,2026-03-17 19:30:00
1773776100000,74580.0,74769.78,74580.0,74717.42,0.10265,2026-03-17 19:35:00
1773776400000,74637.89,74700.19,74600.0,74700.19,0.1152,2026-03-17 19:40:00
1773776700000,74538.36,74538.36,74538.36,74538.36,0.0025,2026-03-17 19:45:00
1773777000000,74538.36,74538.36,74538.36,74538.36,0.0,2026-03-17 19:50:00
1773777300000,74496.64,74506.64,74496.64,74506.64,0.00796,2026-03-17 19:55:00
1773777600000,74504.05,74504.05,74471.34,74471.34,0.01972,2026-03-17 20:00:00
1773777900000,74442.57,74466.65,74432.65,74462.65,0.0092,2026-03-17 20:05:00
1773778200000,74461.57,74470.47,74427.13,74427.13,0.02137,2026-03-17 20:10:00
1773778500000,74386.04,74464.09,74386.04,74458.82,0.01458,2026-03-17 20:15:00
1773778800000,74572.67,74585.78,74572.67,74585.78,0.00083,2026-03-17 20:20:00
1773779100000,74656.69,74656.69,74656.69,74656.69,8e-05,2026-03-17 20:25:00
1773779400000,74639.0,74639.0,74604.88,74604.88,0.01342,2026-03-17 20:30:00
1773779700000,74575.58,74575.58,74575.58,74575.58,0.0002,2026-03-17 20:35:00
1773780000000,74568.98,74575.39,74517.6,74575.39,0.04833,2026-03-17 20:40:00
1773780300000,74575.39,74575.39,74575.39,74575.39,0.0,2026-03-17 20:45:00
1773780600000,74561.16,74575.38,74561.16,74575.38,0.02533,2026-03-17 20:50:00
1773780900000,74545.54,74545.54,74545.54,74545.54,4e-05,2026-03-17 20:55:00
1773781200000,74515.85,74560.52,74515.85,74547.53,0.00407,2026-03-17 21:00:00
1773781500000,74532.47,74562.58,74449.75,74562.58,0.03496,2026-03-17 21:05:00
1773781800000,74562.58,74754.5,74562.58,74735.95,0.08769,2026-03-17 21:10:00
1773782100000,74730.04,74730.04,74653.94,74653.94,0.01216,2026-03-17 21:15:00
1773782400000,74641.24,74659.75,74641.24,74659.75,0.00029,2026-03-17 21:20:00
1773782700000,74579.75,74579.75,74579.75,74579.75,0.00017,2026-03-17 21:25:00
1773783000000,74623.44,74623.44,74623.44,74623.44,0.00683,2026-03-17 21:30:00
1773783300000,74636.83,74748.21,74636.83,74722.97,0.02212,2026-03-17 21:35:00
1773783600000,74779.28,74796.65,74757.35,74757.35,0.01,2026-03-17 21:40:00
1773783900000,74737.3,74737.3,74737.3,74737.3,9e-05,2026-03-17 21:45:00
1773784200000,74703.22,74703.22,74703.22,74703.22,0.00105,2026-03-17 21:50:00
1773784500000,74683.69,74683.69,74683.69,74683.69,0.00133,2026-03-17 21:55:00
1773784800000,74653.49,74779.77,74651.29,74779.77,0.00911,2026-03-17 22:00:00
1773785100000,74767.36,74767.36,74638.48,74638.48,0.00106,2026-03-17 22:05:00
1773785400000,74636.28,74636.28,74588.27,74588.27,0.0041,2026-03-17 22:10:00
1773785700000,74602.86,74602.86,74523.16,74523.16,0.03705,2026-03-17 22:15:00
1773786000000,74523.16,74523.16,74523.16,74523.16,0.0,2026-03-17 22:20:00
1773786300000,74472.62,74472.62,74431.87,74431.87,0.01449,2026-03-17 22:25:00
1773786600000,74400.1,74400.1,74241.79,74241.79,0.0139,2026-03-17 22:30:00
1773786900000,74209.28,74209.28,73951.76,73980.39,0.13092,2026-03-17 22:35:00
1773787200000,73984.07,74142.08,73984.07,74142.08,0.02175,2026-03-17 22:40:00
1773787500000,74173.88,74216.18,74173.88,74216.18,0.01285,2026-03-17 22:45:00
1773787800000,74216.18,74216.18,74216.18,74216.18,0.0,2026-03-17 22:50:00
1773788100000,74294.63,74362.13,74294.63,74330.41,0.01556,2026-03-17 22:55:00
1773788400000,74311.65,74316.55,74248.12,74274.82,0.01544,2026-03-17 23:00:00
1773788700000,74333.8,74373.58,74289.83,74289.83,0.00035,2026-03-17 23:05:00
1773789000000,74375.44,74375.44,74329.73,74329.73,0.00018,2026-03-17 23:10:00
1773789300000,74334.85,74334.85,74277.1,74293.22,0.01453,2026-03-17 23:15:00
1773789600000,74320.41,74320.41,74117.73,74187.73,0.00954,2026-03-17 23:20:00
1773789900000,74194.81,74194.81,74194.81,74194.81,0.00014,2026-03-17 23:25:00
1773790200000,74191.21,74191.21,74102.18,74104.74,0.00133,2026-03-17 23:30:00
1773790500000,74139.99,74161.57,74080.71,74080.71,0.00313,2026-03-17 23:35:00
1773790800000,74026.9,74039.72,73941.2,73941.2,0.04117,2026-03-17 23:40:00
1773791100000,73968.05,74011.41,73968.05,74011.41,0.01768,2026-03-17 23:45:00
1773791400000,73992.44,73992.44,73973.71,73973.71,0.00758,2026-03-17 23:50:00
1773791700000,73997.24,73997.24,73897.96,73908.83,0.26629,2026-03-17 23:55:00
1773792000000,73928.58,73928.58,73815.66,73883.0,0.00702,2026-03-18 00:00:00
1773792300000,73935.52,74076.19,73935.52,74076.19,0.01751,2026-03-18 00:05:00
1773792600000,74025.74,74038.78,74010.49,74037.85,0.00238,2026-03-18 00:10:00
1773792900000,74026.27,74026.27,73823.01,73936.39,0.02301,2026-03-18 00:15:00
1773793200000,73885.01,73948.68,73722.24,73722.24,0.03437,2026-03-18 00:20:00
1773793500000,73692.43,73800.8,73692.43,73800.8,0.04105,2026-03-18 00:25:00
1773793800000,73722.42,73731.17,73721.88,73731.17,0.00018,2026-03-18 00:30:00
1773794100000,73680.96,73680.96,73568.01,73636.61,0.06892,2026-03-18 00:35:00
1773794400000,73636.61,73696.38,73569.86,73696.38,0.02762,2026-03-18 00:40:00
1773794700000,73770.58,73837.57,73770.58,73810.71,0.03844,2026-03-18 00:45:00
1773795000000,73880.88,73884.37,73862.83,73862.83,0.00115,2026-03-18 00:50:00
1773795300000,73817.86,73858.07,73817.86,73858.07,0.00507,2026-03-18 00:55:00
1773795600000,73853.94,73963.64,73844.72,73947.35,0.00302,2026-03-18 01:00:00
1773795900000,73986.37,73986.37,73877.1,73920.19,0.00033,2026-03-18 01:05:00
1773796200000,73997.11,73997.11,73859.2,73914.51,0.00267,2026-03-18 01:10:00
1773796500000,73923.61,73951.88,73923.61,73951.88,0.00092,2026-03-18 01:15:00
1773796800000,73974.25,73974.25,73974.25,73974.25,0.00746,2026-03-18 01:20:00
1773797100000,73974.25,74043.33,73974.25,73974.25,1.15896,2026-03-18 01:25:00
1773797400000,74005.79,74113.27,74005.79,74113.27,0.02398,2026-03-18 01:30:00
1773797700000,74147.1,74164.57,74113.27,74164.57,0.10129,2026-03-18 01:35:00
1773798000000,74193.83,74196.74,74155.66,74155.66,0.03072,2026-03-18 01:40:00
1773798300000,74196.74,74196.74,74131.43,74131.43,0.00916,2026-03-18 01:45:00
1773798600000,74117.45,74117.45,74027.61,74027.61,0.04129,2026-03-18 01:50:00
1773798900000,74026.72,74099.84,74026.72,74099.84,0.01048,2026-03-18 01:55:00
1773799200000,74114.84,74125.06,74112.82,74112.82,0.00054,2026-03-18 02:00:00
1773799500000,74090.62,74208.53,74090.62,74208.53,0.03229,2026-03-18 02:05:00
1773799800000,74222.35,74329.86,74218.71,74329.86,1.31877,2026-03-18 02:10:00
1773800100000,74329.86,74329.86,74329.86,74329.86,0.0,2026-03-18 02:15:00
1773800400000,74239.14,74239.14,74239.14,74239.14,0.00034,2026-03-18 02:20:00
1773800700000,74239.14,74239.14,74239.14,74239.14,0.0,2026-03-18 02:25:00
1773801000000,74243.93,74394.59,74243.93,74394.59,0.11724,2026-03-18 02:30:00
1773801300000,74281.97,74342.47,74281.97,74342.47,0.01938,2026-03-18 02:35:00
1773801600000,74302.19,74403.47,74302.19,74397.2,0.0002,2026-03-18 02:40:00
1773801900000,74416.34,74445.82,74416.34,74445.82,0.00219,2026-03-18 02:45:00
1773802200000,74397.4,74400.0,74366.98,74366.98,0.00228,2026-03-18 02:50:00
1773802500000,74365.0,74365.0,74365.0,74365.0,0.00135,2026-03-18 02:55:00
1773802800000,74354.42,74396.78,74343.87,74388.34,0.04782,2026-03-18 03:00:00
1773803100000,74367.77,74367.77,74279.86,74291.9,0.02334,2026-03-18 03:05:00
1773803400000,74300.75,74304.57,74289.38,74304.57,0.00598,2026-03-18 03:10:00
1773803700000,74295.12,74295.12,74282.04,74282.04,0.00089,2026-03-18 03:15:00
1773804000000,74474.25,74526.27,74474.25,74526.27,0.01401,2026-03-18 03:20:00
1773804300000,74526.27,74609.55,74503.21,74564.14,0.02218,2026-03-18 03:25:00
1773804600000,74491.64,74546.8,74491.64,74536.1,0.02064,2026-03-18 03:30:00
1773804900000,74530.61,74530.61,74530.61,74530.61,7e-05,2026-03-18 03:35:00
1773805200000,74506.91,74506.91,74486.66,74486.66,0.00016,2026-03-18 03:40:00
1773805500000,74475.04,74475.04,74462.04,74462.04,0.01418,2026-03-18 03:45:00
1773805800000,74467.5,74467.5,74444.69,74444.69,0.0046,2026-03-18 03:50:00
1773806100000,74489.02,74489.02,74481.75,74483.18,0.13527,2026-03-18 03:55:00
1773806400000,74462.45,74495.75,74440.32,74440.32,0.019,2026-03-18 04:00:00
1773806700000,74427.15,74427.15,74415.68,74415.68,0.00074,2026-03-18 04:05:00
1773807000000,74425.73,74445.54,74425.73,74445.54,0.0004,2026-03-18 04:10:00
1773807300000,74420.42,74420.42,74369.43,74369.43,0.00503,2026-03-18 04:15:00
1773807600000,74430.49,74430.49,74364.1,74364.1,0.00693,2026-03-18 04:20:00
1773807900000,74330.6,74330.6,74310.87,74310.87,0.002,2026-03-18 04:25:00
1773808200000,74207.55,74223.01,74196.74,74223.01,0.00028,2026-03-18 04:30:00
1773808500000,74217.36,74217.36,74157.8,74176.94,0.10565,2026-03-18 04:35:00
1773808800000,74212.48,74212.48,74212.48,74212.48,0.00014,2026-03-18 04:40:00
1773809100000,74206.45,74206.45,74206.45,74206.45,0.00672,2026-03-18 04:45:00
1773809400000,74206.45,74206.45,74206.45,74206.45,0.0,2026-03-18 04:50:00
1773809700000,74206.45,74206.45,74206.45,74206.45,0.0,2026-03-18 04:55:00
1773810000000,74169.99,74259.55,74166.64,74218.43,0.01153,2026-03-18 05:00:00
1773810300000,74214.84,74239.96,74198.71,74239.96,0.00605,2026-03-18 05:05:00
1773810600000,74283.69,74283.69,74283.69,74283.69,4e-05,2026-03-18 05:10:00
1773810900000,74264.25,74264.25,74232.88,74232.88,0.00206,2026-03-18 05:15:00
1773811200000,74199.0,74199.0,74170.02,74170.02,0.04618,2026-03-18 05:20:00
1773811500000,74161.54,74169.26,74082.52,74082.52,0.00347,2026-03-18 05:25:00
1773811800000,74101.23,74121.2,74101.23,74109.24,0.01324,2026-03-18 05:30:00
1773812100000,74030.0,74070.71,74030.0,74070.71,0.00152,2026-03-18 05:35:00
1773812400000,74070.71,74070.71,74070.71,74070.71,0.0,2026-03-18 05:40:00
1773812700000,74017.66,74017.66,74017.66,74017.66,0.0056,2026-03-18 05:45:00
1773813000000,73941.2,73941.2,73897.96,73897.96,0.47777,2026-03-18 05:50:00
1773813300000,73855.06,73893.22,73855.06,73893.22,0.00677,2026-03-18 05:55:00
1773813600000,74006.66,74040.29,73989.81,74040.29,0.00752,2026-03-18 06:00:00
1773813900000,74071.53,74071.53,74071.53,74071.53,0.00047,2026-03-18 06:05:00
1773814200000,74040.09,74097.87,74040.09,74091.31,0.00231,2026-03-18 06:10:00
1773814500000,74111.79,74111.79,74096.77,74099.98,0.00434,2026-03-18 06:15:00
1773814800000,74100.0,74224.58,74100.0,74224.58,0.0151,2026-03-18 06:20:00
1773815100000,74202.39,74202.39,74202.39,74202.39,0.00027,2026-03-18 06:25:00
1773815400000,74174.21,74174.21,74172.68,74173.75,0.02604,2026-03-18 06:30:00
1773815700000,74080.23,74080.23,74080.23,74080.23,0.0143,2026-03-18 06:35:00
1773816000000,74053.45,74053.45,74040.01,74040.01,0.00168,2026-03-18 06:40:00
1773816300000,74040.01,74040.01,74040.01,74040.01,0.0,2026-03-18 06:45:00
1773816600000,74040.01,74040.01,74040.01,74040.01,0.0,2026-03-18 06:50:00
1773816900000,74040.01,74040.01,74040.01,74040.01,0.0,2026-03-18 06:55:00
1773817200000,73958.89,73996.65,73942.87,73959.72,0.00071,2026-03-18 07:00:00
1773817500000,73958.69,73958.69,73879.08,73879.08,0.00353,2026-03-18 07:05:00
1773817800000,73878.37,73944.97,73878.37,73940.98,0.03562,2026-03-18 07:10:00
1773818100000,73955.09,73955.09,73953.0,73953.0,0.00034,2026-03-18 07:15:00
1773818400000,73866.3,73866.3,73866.3,73866.3,0.00042,2026-03-18 07:20:00
1773818700000,73866.3,73866.3,73866.3,73866.3,0.0,2026-03-18 07:25:00
1773819000000,73820.55,73820.55,73767.2,73767.2,0.0015,2026-03-18 07:30:00
1773819300000,73767.01,73767.01,73722.24,73745.0,0.11415,2026-03-18 07:35:00
1773819600000,73745.0,73745.0,73745.0,73745.0,0.0,2026-03-18 07:40:00
1773819900000,73761.79,73808.07,73600.4,73717.24,0.8569,2026-03-18 07:45:00
1773820200000,73827.99,73900.0,73790.89,73892.75,0.70457,2026-03-18 07:50:00
1773820500000,73915.25,73915.25,73796.25,73796.25,1.3136,2026-03-18 07:55:00
1773820800000,73933.03,73954.75,73886.91,73886.91,1.10261,2026-03-18 08:00:00
1773821100000,73986.27,74031.02,73877.95,73877.95,1.38434,2026-03-18 08:05:00
1773821400000,73975.87,73975.87,73904.44,73904.44,0.76511,2026-03-18 08:10:00
1773821700000,73984.53,73984.53,73984.53,73984.53,0.00034,2026-03-18 08:15:00
1773822000000,74063.8,74063.8,74063.8,74063.8,0.00027,2026-03-18 08:20:00
1773822300000,74027.1,74027.1,74027.1,74027.1,0.00269,2026-03-18 08:25:00
1773822600000,74027.1,74027.1,74027.1,74027.1,0.0,2026-03-18 08:30:00
1773822900000,74005.34,74083.33,74005.34,74083.33,0.04078,2026-03-18 08:35:00
1773823200000,74105.89,74105.89,74105.89,74105.89,0.00086,2026-03-18 08:40:00
1773823500000,74078.91,74078.91,74078.91,74078.91,5e-05,2026-03-18 08:45:00
1773823800000,74105.87,74105.87,74105.87,74105.87,4e-05,2026-03-18 08:50:00
1773824100000,74028.34,74028.34,74028.34,74028.34,0.01314,2026-03-18 08:55:00
1773824400000,74042.79,74104.19,74042.79,74104.19,0.01565,2026-03-18 09:00:00
1773824700000,74112.55,74129.53,73920.73,74129.53,0.48739,2026-03-18 09:05:00
1773825000000,74132.2,74164.57,74062.78,74087.75,1.41453,2026-03-18 09:10:00
1773825300000,74145.64,74145.64,74065.89,74065.89,0.54736,2026-03-18 09:15:00
1773825600000,74157.86,74204.6,74107.45,74107.61,1.18852,2026-03-18 09:20:00
1773825900000,74118.84,74118.84,74072.28,74072.28,1.06564,2026-03-18 09:25:00
1773826200000,74162.28,74188.26,74080.53,74105.08,1.22569,2026-03-18 09:30:00
1773826500000,74185.99,74248.83,74142.78,74142.78,0.2391,2026-03-18 09:35:00
1773826800000,74142.78,74142.78,74142.78,74142.78,0.0,2026-03-18 09:40:00
1773827100000,74142.78,74142.78,74142.78,74142.78,0.0,2026-03-18 09:45:00
1773827400000,74110.27,74110.27,73987.25,73987.25,0.27769,2026-03-18 09:50:00
1773827700000,74117.63,74117.63,73949.49,74111.9,0.20302,2026-03-18 09:55:00
1773828000000,74186.57,74199.06,73966.82,74133.97,0.43379,2026-03-18 10:00:00
1773828300000,74089.3,74110.64,74013.37,74110.64,0.56152,2026-03-18 10:05:00
1773828600000,74178.8,74251.57,74104.78,74232.59,1.56852,2026-03-18 10:10:00
1773828900000,74230.69,74230.69,74170.02,74170.02,0.74886,2026-03-18 10:15:00
1773829200000,74196.07,74214.49,74114.7,74114.7,1.33351,2026-03-18 10:20:00
1773829500000,74183.97,74205.58,74114.73,74193.82,0.60148,2026-03-18 10:25:00
1773829800000,74186.47,74204.01,74079.57,74079.57,1.38139,2026-03-18 10:30:00
1773830100000,74103.6,74103.6,73951.57,74046.39,0.44279,2026-03-18 10:35:00
1773830400000,73978.94,74013.18,73826.18,73897.19,0.55861,2026-03-18 10:40:00
1773830700000,73897.19,73897.19,73897.19,73897.19,0.0,2026-03-18 10:45:00
1773831000000,73897.19,73897.19,73897.19,73897.19,0.0,2026-03-18 10:50:00
1773831300000,73890.5,73919.54,73808.0,73919.54,1.94662,2026-03-18 10:55:00
1773831600000,73897.54,73897.54,73752.11,73853.2,0.74802,2026-03-18 11:00:00
1773831900000,73777.21,73859.2,73777.21,73859.2,0.00197,2026-03-18 11:05:00
1773832200000,73979.69,73995.46,73897.22,73968.49,0.34691,2026-03-18 11:10:00
1773832500000,73963.14,73974.81,73917.61,73917.61,0.32348,2026-03-18 11:15:00
1773832800000,73960.1,73960.1,73883.41,73883.41,0.61899,2026-03-18 11:20:00
1773833100000,73740.31,73740.31,73591.41,73591.41,0.00743,2026-03-18 11:25:00
1773833400000,73569.9,73569.9,73024.89,73164.54,0.39307,2026-03-18 11:30:00
1773833700000,73182.89,73205.56,72832.33,72832.33,0.77506,2026-03-18 11:35:00
1773834000000,72861.9,73085.16,72850.7,73083.1,0.28429,2026-03-18 11:40:00
1773834300000,73125.99,73125.99,72824.63,73019.06,0.59922,2026-03-18 11:45:00
1773834600000,73072.2,73120.7,72933.5,73035.55,1.37077,2026-03-18 11:50:00
1773834900000,72969.0,72970.57,72721.74,72905.6,0.49693,2026-03-18 11:55:00
1773835200000,72902.37,72957.94,72786.48,72882.65,1.28741,2026-03-18 12:00:00
1773835500000,72915.6,72941.25,72787.75,72802.0,0.67724,2026-03-18 12:05:00
1773835800000,72740.72,72773.69,72702.9,72741.4,0.02412,2026-03-18 12:10:00
1773836100000,72780.33,72806.28,72683.61,72734.75,0.00894,2026-03-18 12:15:00
1773836400000,72804.49,72812.78,72767.65,72812.78,0.02584,2026-03-18 12:20:00
1773836700000,72844.81,72881.84,72823.77,72833.9,0.02809,2026-03-18 12:25:00
1773837000000,72833.89,72833.89,72341.74,72432.3,0.21097,2026-03-18 12:30:00
1773837300000,72323.71,72496.14,72323.71,72494.4,0.62316,2026-03-18 12:35:00
1773837600000,72474.44,72508.38,72293.63,72382.75,1.56322,2026-03-18 12:40:00
1773837900000,72358.1,72394.27,72290.0,72375.76,0.81286,2026-03-18 12:45:00
1773838200000,72386.19,72417.36,72332.71,72332.71,0.74173,2026-03-18 12:50:00
1773838500000,72445.56,72445.56,72364.41,72395.68,0.67828,2026-03-18 12:55:00
1773838800000,72267.12,72359.62,72118.5,72354.57,0.30114,2026-03-18 13:00:00
1773839100000,72364.48,72414.46,72341.23,72362.6,0.0086,2026-03-18 13:05:00
1773839400000,72379.06,72443.65,72339.59,72412.97,0.05938,2026-03-18 13:10:00
1773839700000,72402.32,72402.32,72289.7,72352.23,0.00287,2026-03-18 13:15:00
1773840000000,72379.65,72537.37,72379.65,72537.37,0.01714,2026-03-18 13:20:00
1773840300000,72531.14,72531.14,72478.71,72478.71,0.01129,2026-03-18 13:25:00
1773840600000,72454.8,72454.8,72250.42,72250.42,0.0086,2026-03-18 13:30:00
1773840900000,72444.74,72510.84,72362.46,72486.01,0.0543,2026-03-18 13:35:00
1773841200000,72474.3,72496.57,72360.8,72360.8,0.01648,2026-03-18 13:40:00
1773841500000,72242.26,72261.98,72222.52,72230.01,0.07049,2026-03-18 13:45:00
1773841800000,72150.0,72218.52,72056.99,72152.56,0.44063,2026-03-18 13:50:00
1773842100000,72139.78,72147.58,71966.97,72082.64,0.65878,2026-03-18 13:55:00
1773842400000,72107.52,72181.84,71930.4,71950.0,1.06909,2026-03-18 14:00:00
1773842700000,72032.4,72060.1,71831.26,71831.26,0.45124,2026-03-18 14:05:00
1773843000000,72066.1,72066.1,71816.92,71816.92,0.96288,2026-03-18 14:10:00
1773843300000,71885.26,71986.63,71825.31,71937.61,0.65083,2026-03-18 14:15:00
1773843600000,71893.6,72000.29,71893.6,71989.17,0.25701,2026-03-18 14:20:00
1773843900000,71907.81,71952.47,71633.32,71633.32,0.74722,2026-03-18 14:25:00
1773844200000,71656.3,71759.4,71577.86,71759.4,0.03294,2026-03-18 14:30:00
1773844500000,71751.48,71819.3,71561.11,71699.0,0.45073,2026-03-18 14:35:00
1773844800000,71588.4,71616.41,71294.26,71494.09,1.01028,2026-03-18 14:40:00
1773845100000,71512.44,71565.35,71471.23,71472.7,2.36891,2026-03-18 14:45:00
1773845400000,71544.9,71555.08,71320.11,71320.11,0.78235,2026-03-18 14:50:00
1773845700000,71439.85,71439.85,71150.0,71150.0,0.62346,2026-03-18 14:55:00
1773846000000,71135.88,71312.54,70878.75,71300.06,0.095,2026-03-18 15:00:00
1773846300000,71264.48,71406.15,71199.4,71327.24,0.02275,2026-03-18 15:05:00
1773846600000,71297.9,71351.17,70852.87,71023.7,1.1913,2026-03-18 15:10:00
1773846900000,71060.0,71207.41,71009.99,71207.41,0.32639,2026-03-18 15:15:00
1773847200000,71214.85,71267.31,71140.52,71243.6,0.74182,2026-03-18 15:20:00
1773847500000,71184.77,71272.7,71184.77,71272.7,0.00094,2026-03-18 15:25:00
1773847800000,71263.1,71488.54,71232.44,71458.18,0.03817,2026-03-18 15:30:00
1773848100000,71357.64,71365.06,71357.64,71365.06,0.00032,2026-03-18 15:35:00
1773848400000,71365.0,71365.0,71316.1,71334.52,0.00232,2026-03-18 15:40:00
1773848700000,71342.92,71366.11,71250.0,71295.18,0.01519,2026-03-18 15:45:00
1773849000000,71384.09,71384.09,71384.09,71384.09,0.00767,2026-03-18 15:50:00
1773849300000,71498.97,71511.81,71494.61,71494.61,0.00363,2026-03-18 15:55:00
1773849600000,71442.95,71541.59,71332.02,71423.57,0.86675,2026-03-18 16:00:00
1773849900000,71333.47,71349.1,71181.58,71181.58,1.29911,2026-03-18 16:05:00
1773850200000,71182.22,71264.3,71063.01,71262.75,0.64666,2026-03-18 16:10:00
1773850500000,71228.14,71228.14,71228.14,71228.14,7e-05,2026-03-18 16:15:00
1773850800000,71252.86,71273.79,71138.06,71255.01,0.01677,2026-03-18 16:20:00
1773851100000,71167.42,71283.28,71134.57,71283.28,0.16357,2026-03-18 16:25:00
1773851400000,71219.09,71275.65,71187.84,71187.84,0.22165,2026-03-18 16:30:00
1773851700000,71073.3,71198.45,71073.3,71198.45,0.00283,2026-03-18 16:35:00
1773852000000,71240.25,71284.62,71240.25,71284.62,0.01426,2026-03-18 16:40:00
1773852300000,71293.73,71293.73,71293.73,71293.73,0.00042,2026-03-18 16:45:00
1773852600000,71330.54,71392.64,71330.54,71392.64,0.00166,2026-03-18 16:50:00
1773852900000,71309.9,71368.85,71300.0,71368.85,0.10171,2026-03-18 16:55:00
1773853200000,71348.8,71349.12,71209.5,71314.77,0.01016,2026-03-18 17:00:00
1773853500000,71310.65,71310.65,71226.75,71269.93,0.00303,2026-03-18 17:05:00
1773853800000,71288.75,71319.37,71288.75,71319.37,0.00476,2026-03-18 17:10:00
1773854100000,71322.13,71328.66,71320.85,71322.6,0.0292,2026-03-18 17:15:00
1773854400000,71420.13,71420.13,71413.2,71420.13,0.00126,2026-03-18 17:20:00
1773854700000,71427.34,71491.53,71409.71,71477.71,0.01748,2026-03-18 17:25:00
1773855000000,71465.6,71477.71,71376.36,71387.07,0.13856,2026-03-18 17:30:00
1773855300000,71498.99,71658.61,71498.99,71658.61,0.14056,2026-03-18 17:35:00
1773855600000,71658.61,71658.61,71521.05,71594.69,0.15353,2026-03-18 17:40:00
1773855900000,71589.03,71762.49,71589.03,71653.39,0.09951,2026-03-18 17:45:00
1773856200000,71599.08,71600.03,71579.15,71579.15,0.00045,2026-03-18 17:50:00
1773856500000,71639.22,71649.92,71582.38,71603.81,0.00844,2026-03-18 17:55:00
1773856800000,71636.2,71958.19,71636.2,71958.19,0.05404,2026-03-18 18:00:00
1773857100000,71897.21,71979.14,71837.39,71887.39,0.00589,2026-03-18 18:05:00
1773857400000,71868.14,71956.83,71809.12,71874.61,0.15609,2026-03-18 18:10:00
1773857700000,71704.58,71781.19,71613.94,71613.94,0.03866,2026-03-18 18:15:00
1773858000000,71652.37,71679.07,71563.37,71563.89,0.17523,2026-03-18 18:20:00
1773858300000,71666.12,71666.12,71666.12,71666.12,0.00029,2026-03-18 18:25:00
1773858600000,71749.51,71809.95,71541.59,71541.59,0.00892,2026-03-18 18:30:00
1773858900000,71462.75,71720.32,71462.75,71558.8,0.02823,2026-03-18 18:35:00
1773859200000,71602.7,71663.63,71599.24,71663.63,0.00192,2026-03-18 18:40:00
1773859500000,71543.29,71543.29,71424.44,71479.91,0.08375,2026-03-18 18:45:00
1773859800000,71402.03,71418.15,71113.09,71113.09,0.15254,2026-03-18 18:50:00
1773860100000,71074.56,71147.01,70956.01,71069.89,0.13644,2026-03-18 18:55:00
1773860400000,71114.4,71335.42,71114.4,71335.42,0.10995,2026-03-18 19:00:00
1773860700000,71335.42,71335.42,71282.15,71307.94,0.01206,2026-03-18 19:05:00
1773861000000,71370.06,71370.06,71307.94,71336.06,0.05426,2026-03-18 19:10:00
1773861300000,71298.7,71483.49,71295.6,71483.49,0.00256,2026-03-18 19:15:00
1773861600000,71418.39,71418.39,71320.33,71320.33,0.0003,2026-03-18 19:20:00
1773861900000,71294.6,71296.04,71294.6,71296.04,0.00455,2026-03-18 19:25:00
1773862200000,71292.53,71292.53,71147.42,71147.42,0.01436,2026-03-18 19:30:00
1773862500000,71144.06,71144.06,71144.06,71144.06,0.00763,2026-03-18 19:35:00
1773862800000,71153.67,71153.67,71027.15,71055.84,0.04136,2026-03-18 19:40:00
1773863100000,71076.55,71076.55,71037.74,71037.74,0.00804,2026-03-18 19:45:00
1773863400000,71000.0,71075.93,70955.97,71061.17,0.01514,2026-03-18 19:50:00
1773863700000,71119.7,71119.7,71015.67,71022.69,0.00104,2026-03-18 19:55:00
1773864000000,71033.39,71043.19,70941.88,70963.99,0.08978,2026-03-18 20:00:00
1773864300000,70927.31,70927.31,70600.23,70655.95,0.04083,2026-03-18 20:05:00
1773864600000,70663.14,70751.43,70500.01,70751.43,0.10806,2026-03-18 20:10:00
1773864900000,70760.16,70850.0,70760.16,70838.18,0.09512,2026-03-18 20:15:00
1773865200000,70809.7,70850.0,70809.7,70850.0,0.2067,2026-03-18 20:20:00
1773865500000,70927.31,70980.93,70927.31,70980.93,0.00036,2026-03-18 20:25:00
1773865800000,71002.88,71233.88,71002.88,71233.88,0.13466,2026-03-18 20:30:00
1773866100000,71250.01,71250.01,71138.0,71214.4,0.02372,2026-03-18 20:35:00
1773866400000,71168.88,71168.88,71168.88,71168.88,0.00016,2026-03-18 20:40:00
1773866700000,71138.0,71313.33,71138.0,71313.33,0.07343,2026-03-18 20:45:00
1773867000000,71280.82,71280.82,71234.97,71234.97,0.01728,2026-03-18 20:50:00
1773867300000,71239.04,71244.15,71237.14,71237.14,0.00667,2026-03-18 20:55:00
1773867600000,71257.37,71311.26,71257.37,71311.26,0.07358,2026-03-18 21:00:00
1773867900000,71338.34,71384.5,71330.0,71359.7,0.05643,2026-03-18 21:05:00
1773868200000,71348.1,71450.0,71286.59,71286.59,0.14503,2026-03-18 21:10:00
1773868500000,71268.78,71319.85,71268.78,71319.85,0.0056,2026-03-18 21:15:00
1773868800000,71328.8,71376.77,71327.09,71376.77,0.01495,2026-03-18 21:20:00
1773869100000,71275.86,71294.77,71263.74,71263.74,1.38926,2026-03-18 21:25:00
1773869400000,71254.57,71274.43,71254.57,71274.43,0.00199,2026-03-18 21:30:00
1773869700000,71159.37,71335.34,71159.37,71318.0,0.04394,2026-03-18 21:35:00
1773870000000,71385.92,71385.92,71253.0,71331.52,1.45949,2026-03-18 21:40:00
1773870300000,71299.26,71308.55,71299.26,71308.55,0.01371,2026-03-18 21:45:00
1773870600000,71308.55,71308.55,71308.55,71308.55,0.0,2026-03-18 21:50:00
1773870900000,71372.37,71372.37,71335.45,71335.45,0.00402,2026-03-18 21:55:00
1773871200000,71206.63,71206.63,71124.99,71137.67,0.04387,2026-03-18 22:00:00
1773871500000,71133.86,71133.86,71013.71,71038.76,0.02877,2026-03-18 22:05:00
1773871800000,71000.0,71044.6,70979.3,70982.65,0.04455,2026-03-18 22:10:00
1773872100000,70999.88,71104.42,70999.88,71104.42,0.0157,2026-03-18 22:15:00
1773872400000,71076.19,71110.57,71050.75,71110.57,0.01849,2026-03-18 22:20:00
1773872700000,71060.88,71060.88,71060.88,71060.88,0.00208,2026-03-18 22:25:00
1773873000000,71009.94,71009.94,71009.94,71009.94,0.00055,2026-03-18 22:30:00
1773873300000,71009.94,71009.94,71009.94,71009.94,0.0,2026-03-18 22:35:00
1773873600000,70989.37,71037.78,70989.37,71026.11,0.00752,2026-03-18 22:40:00
1773873900000,71036.94,71110.87,71036.94,71110.87,0.01744,2026-03-18 22:45:00
1773874200000,71099.75,71099.75,71099.75,71099.75,0.0019,2026-03-18 22:50:00
1773874500000,71120.62,71130.0,71108.21,71130.0,0.02117,2026-03-18 22:55:00
1773874800000,71148.22,71262.67,71088.6,71262.67,0.07894,2026-03-18 23:00:00
1773875100000,71127.63,71227.73,71127.62,71227.73,0.01267,2026-03-18 23:05:00
1773875400000,71176.75,71187.59,71163.13,71177.53,0.00138,2026-03-18 23:10:00
1773875700000,71177.53,71177.53,71177.53,71177.53,0.0,2026-03-18 23:15:00
1773876000000,71098.18,71098.18,71098.18,71098.18,0.0143,2026-03-18 23:20:00
1773876300000,71128.0,71189.97,71128.0,71189.97,0.00053,2026-03-18 23:25:00
1773876600000,71213.45,71380.52,71196.01,71340.26,0.15493,2026-03-18 23:30:00
1773876900000,71332.78,71332.78,71332.78,71332.78,0.0143,2026-03-18 23:35:00
1773877200000,71325.53,71325.53,71325.53,71325.53,0.00014,2026-03-18 23:40:00
1773877500000,71282.85,71350.61,71277.36,71343.88,0.01329,2026-03-18 23:45:00
1773877800000,71331.55,71331.55,71268.75,71268.75,0.00042,2026-03-18 23:50:00
1773878100000,71294.46,71294.46,71256.1,71256.1,0.0006,2026-03-18 23:55:00
1773878400000,71206.97,71219.12,71200.0,71219.12,0.01642,2026-03-19 00:00:00
1773878700000,71294.24,71318.17,71250.0,71250.0,0.01576,2026-03-19 00:05:00
1773879000000,71180.48,71180.48,71067.75,71138.43,0.16212,2026-03-19 00:10:00
1773879300000,71195.26,71195.26,71145.6,71145.6,0.00912,2026-03-19 00:15:00
1773879600000,71145.6,71145.6,71145.6,71145.6,0.0,2026-03-19 00:20:00
1773879900000,71111.17,71260.97,71111.17,71260.97,0.00806,2026-03-19 00:25:00
1773880200000,71314.72,71314.72,71145.23,71145.23,0.00477,2026-03-19 00:30:00
1773880500000,71071.08,71088.48,71071.08,71088.48,0.00852,2026-03-19 00:35:00
1773880800000,71050.79,71080.51,71050.79,71080.51,0.00304,2026-03-19 00:40:00
1773881100000,71069.25,71089.16,71063.3,71089.16,0.00782,2026-03-19 00:45:00
1773881400000,71074.44,71074.44,71000.0,71070.74,0.0734,2026-03-19 00:50:00
1773881700000,71037.64,71049.35,71000.0,71000.0,0.16817,2026-03-19 00:55:00
1773882000000,71060.98,71106.47,71017.39,71017.39,0.01499,2026-03-19 01:00:00
1773882300000,71011.42,71065.82,71011.42,71020.08,0.01246,2026-03-19 01:05:00
1773882600000,71018.88,71018.88,70987.65,70987.65,0.00076,2026-03-19 01:10:00
1773882900000,71054.53,71054.53,71054.53,71054.53,0.00035,2026-03-19 01:15:00
1773883200000,71054.53,71054.53,71054.53,71054.53,0.0,2026-03-19 01:20:00
1773883500000,70990.78,71050.26,70990.78,71050.26,0.0027,2026-03-19 01:25:00
1773883800000,71050.26,71050.26,71050.26,71050.26,0.0,2026-03-19 01:30:00
1773884100000,71107.64,71141.98,71084.97,71084.97,0.10115,2026-03-19 01:35:00
1773884400000,71157.99,71157.99,71142.11,71142.11,0.00189,2026-03-19 01:40:00
1773884700000,71150.14,71179.64,71150.14,71150.14,0.0157,2026-03-19 01:45:00
1773885000000,71149.6,71149.6,71132.9,71132.9,0.00028,2026-03-19 01:50:00
1773885300000,71132.9,71132.9,71132.9,71132.9,0.0,2026-03-19 01:55:00
1773885600000,71105.59,71105.59,70927.31,71038.19,0.01188,2026-03-19 02:00:00
1773885900000,71035.06,71157.77,71025.2,71107.36,0.00228,2026-03-19 02:05:00
1773886200000,71175.71,71205.51,71175.71,71189.72,0.00462,2026-03-19 02:10:00
1773886500000,71196.3,71196.88,71192.05,71196.88,0.00447,2026-03-19 02:15:00
1773886800000,71223.79,71223.79,71190.48,71218.04,0.02578,2026-03-19 02:20:00
1773887100000,71188.14,71254.78,71188.14,71254.78,0.00233,2026-03-19 02:25:00
1773887400000,71224.13,71224.24,71179.82,71224.24,0.0016,2026-03-19 02:30:00
1773887700000,71252.92,71252.92,71239.53,71239.53,0.00035,2026-03-19 02:35:00
1773888000000,71220.38,71228.52,71218.93,71218.93,0.06338,2026-03-19 02:40:00
1773888300000,71170.07,71185.15,71130.02,71130.02,0.01358,2026-03-19 02:45:00
1773888600000,71055.44,71055.44,71055.44,71055.44,5e-05,2026-03-19 02:50:00
1773888900000,71087.14,71087.14,71059.03,71059.03,0.00926,2026-03-19 02:55:00
1773889200000,71091.16,71118.2,71082.83,71118.2,0.0116,2026-03-19 03:00:00
1773889500000,71089.17,71178.24,71089.17,71178.24,0.00281,2026-03-19 03:05:00
1773889800000,71208.38,71208.38,71206.91,71208.38,0.00897,2026-03-19 03:10:00
1773890100000,71238.08,71621.51,71238.08,71621.51,0.22186,2026-03-19 03:15:00
1773890400000,71475.9,71572.6,71475.9,71541.28,0.01287,2026-03-19 03:20:00
1773890700000,71482.5,71556.69,71417.14,71522.08,0.03162,2026-03-19 03:25:00
1773891000000,71475.78,71475.78,71393.42,71393.42,0.00032,2026-03-19 03:30:00
1773891300000,71310.92,71372.95,71310.92,71318.21,0.00065,2026-03-19 03:35:00
1773891600000,71265.05,71265.05,71265.05,71265.05,0.00032,2026-03-19 03:40:00
1773891900000,71256.74,71256.74,71256.74,71256.74,0.00294,2026-03-19 03:45:00
1773892200000,71256.74,71256.74,71256.74,71256.74,0.0,2026-03-19 03:50:00
1773892500000,71250.0,71250.0,71250.0,71250.0,0.03284,2026-03-19 03:55:00
1773892800000,71181.57,71199.4,71153.37,71160.81,0.0057,2026-03-19 04:00:00
1773893100000,71125.0,71125.0,70755.09,70801.86,0.21573,2026-03-19 04:05:00
1773893400000,70859.61,70863.99,70843.43,70863.99,0.00628,2026-03-19 04:10:00
1773893700000,70890.98,70890.98,70879.11,70879.11,0.00113,2026-03-19 04:15:00
1773894000000,70800.0,70800.0,70800.0,70800.0,0.0003,2026-03-19 04:20:00
1773894300000,70750.0,70750.0,70698.91,70701.99,0.1272,2026-03-19 04:25:00
1773894600000,70702.0,70765.56,70646.87,70765.56,0.07042,2026-03-19 04:30:00
1773894900000,70765.56,70802.29,70765.56,70802.29,0.02877,2026-03-19 04:35:00
1773895200000,70802.29,70802.29,70802.29,70802.29,0.0,2026-03-19 04:40:00
1773895500000,70779.94,70779.94,70779.94,70779.94,0.00211,2026-03-19 04:45:00
1773895800000,70824.28,70824.28,70824.28,70824.28,0.00177,2026-03-19 04:50:00
1773896100000,70824.28,70824.28,70824.28,70824.28,0.0,2026-03-19 04:55:00
1773896400000,70841.21,70905.68,70837.28,70880.59,0.07194,2026-03-19 05:00:00
1773896700000,70804.96,70804.96,70804.96,70804.96,3e-05,2026-03-19 05:05:00
1773897000000,70816.08,70832.31,70778.7,70832.31,0.00147,2026-03-19 05:10:00
1773897300000,70874.51,70883.4,70874.51,70883.4,0.00487,2026-03-19 05:15:00
1773897600000,70883.4,70883.4,70883.4,70883.4,0.0,2026-03-19 05:20:00
1773897900000,70714.14,70714.14,70714.14,70714.14,0.00211,2026-03-19 05:25:00
1773898200000,70672.92,70694.07,70672.92,70694.07,0.0023,2026-03-19 05:30:00
1773898500000,70739.36,70797.74,70727.95,70797.74,0.08843,2026-03-19 05:35:00
1773898800000,70797.74,70797.74,70797.74,70797.74,0.0,2026-03-19 05:40:00
1773899100000,70797.74,70797.74,70797.74,70797.74,0.0,2026-03-19 05:45:00
1773899400000,70797.74,70824.97,70797.74,70824.97,0.12713,2026-03-19 05:50:00
1773899700000,70824.89,70824.89,70824.89,70824.89,0.00747,2026-03-19 05:55:00
1773900000000,70843.01,70843.01,70763.52,70763.52,0.14146,2026-03-19 06:00:00
1773900300000,70780.99,70925.42,70752.64,70917.26,0.00856,2026-03-19 06:05:00
1773900600000,70858.58,70923.09,70839.83,70923.09,0.03754,2026-03-19 06:10:00
1773900900000,70923.09,70923.09,70923.09,70923.09,0.0,2026-03-19 06:15:00
1773901200000,70875.47,70878.78,70869.38,70869.38,0.01469,2026-03-19 06:20:00
1773901500000,70882.61,70882.61,70734.2,70756.41,0.03677,2026-03-19 06:25:00
1773901800000,70728.95,70728.95,70644.77,70644.77,0.00232,2026-03-19 06:30:00
1773902100000,70612.41,70640.29,70574.96,70640.29,0.00157,2026-03-19 06:35:00
1773902400000,70640.29,70640.29,70640.29,70640.29,0.0,2026-03-19 06:40:00
1773902700000,70640.29,70640.29,70640.29,70640.29,0.0,2026-03-19 06:45:00
1773903000000,70641.93,70641.93,70641.93,70641.93,0.0005,2026-03-19 06:50:00
1773903300000,70599.03,70619.59,70555.0,70581.54,4.96518,2026-03-19 06:55:00
1773903600000,70601.88,70601.88,70466.94,70466.95,6.23815,2026-03-19 07:00:00
1773903900000,70466.95,70466.95,70333.0,70333.01,0.02076,2026-03-19 07:05:00
1773904200000,70333.0,70333.0,70125.65,70125.65,0.12659,2026-03-19 07:10:00
1773904500000,70125.66,70125.66,69834.47,69904.05,0.96158,2026-03-19 07:15:00
1773904800000,69871.16,69871.16,69669.02,69669.03,0.16075,2026-03-19 07:20:00
1773905100000,69669.02,69854.49,69669.0,69843.07,0.00795,2026-03-19 07:25:00
1773905400000,69854.11,69908.99,69854.11,69908.99,0.05013,2026-03-19 07:30:00
1773905700000,70000.0,70167.47,70000.0,70166.27,0.82586,2026-03-19 07:35:00
1773906000000,70164.57,70182.76,70162.62,70162.62,0.00019,2026-03-19 07:40:00
1773906300000,70162.62,70162.62,70162.62,70162.62,0.0,2026-03-19 07:45:00
1773906600000,70247.65,70277.25,70247.65,70277.25,0.00214,2026-03-19 07:50:00
1773906900000,70276.19,70276.19,70194.36,70194.36,0.0088,2026-03-19 07:55:00
1773907200000,70258.08,70258.08,70258.08,70258.08,0.00014,2026-03-19 08:00:00
1773907500000,70143.51,70196.63,70143.51,70193.29,0.00028,2026-03-19 08:05:00
1773907800000,70158.6,70198.91,70158.6,70176.85,0.0432,2026-03-19 08:10:00
1773908100000,70154.3,70185.22,70154.3,70185.22,0.00031,2026-03-19 08:15:00
1773908400000,70185.22,70185.22,70185.22,70185.22,0.0,2026-03-19 08:20:00
1773908700000,70058.5,70058.5,70057.02,70057.02,0.00055,2026-03-19 08:25:00
1773909000000,70085.39,70085.39,70085.39,70085.39,0.00014,2026-03-19 08:30:00
1773909300000,70030.5,70032.78,69935.67,69973.74,0.03605,2026-03-19 08:35:00
1773909600000,70082.11,70129.63,70048.83,70048.83,0.01975,2026-03-19 08:40:00
1773909900000,70048.83,70048.83,70048.83,70048.83,0.0,2026-03-19 08:45:00
1773910200000,69983.91,69983.91,69983.91,69983.91,0.00766,2026-03-19 08:50:00
1773910500000,69985.26,69985.26,69985.26,69985.26,0.00028,2026-03-19 08:55:00
1773910800000,70040.0,70120.0,70040.0,70120.0,0.0005,2026-03-19 09:00:00
1773911100000,70115.77,70115.77,70088.71,70107.2,0.10368,2026-03-19 09:05:00
1773911400000,69994.81,69994.81,69994.81,69994.81,0.0104,2026-03-19 09:10:00
1773911700000,70031.31,70098.88,70013.83,70098.88,0.01273,2026-03-19 09:15:00
1773912000000,70246.83,70434.91,70246.83,70434.91,0.02497,2026-03-19 09:20:00
1773912300000,70226.89,70226.89,70200.9,70200.9,0.00228,2026-03-19 09:25:00
1773912600000,70327.69,70327.69,70269.86,70269.86,0.01377,2026-03-19 09:30:00
1773912900000,70269.86,70269.86,70269.86,70269.86,0.0,2026-03-19 09:35:00
1773913200000,70453.03,70453.03,70446.83,70446.83,0.00111,2026-03-19 09:40:00
1773913500000,70464.67,70466.94,70451.08,70451.08,0.01064,2026-03-19 09:45:00
1773913800000,70518.64,70518.64,70483.92,70483.92,0.01877,2026-03-19 09:50:00
1773914100000,70483.92,70483.92,70483.92,70483.92,0.0,2026-03-19 09:55:00
1773914400000,70468.14,70468.14,70452.95,70452.95,0.0002,2026-03-19 10:00:00
1773914700000,70482.56,70482.56,70482.56,70482.56,0.00623,2026-03-19 10:05:00
1773915000000,70437.42,70437.42,70437.42,70437.42,0.00014,2026-03-19 10:10:00
1773915300000,70437.42,70437.42,70437.42,70437.42,0.0,2026-03-19 10:15:00
1773915600000,70437.42,70437.42,70437.42,70437.42,0.0,2026-03-19 10:20:00
1773915900000,70437.42,70437.42,70437.42,70437.42,0.0,2026-03-19 10:25:00
1773916200000,70348.65,70348.65,70347.48,70347.48,0.00103,2026-03-19 10:30:00
1773916500000,70347.48,70347.48,70347.48,70347.48,0.0,2026-03-19 10:35:00
1773916800000,70190.61,70194.77,70190.61,70194.77,0.00444,2026-03-19 10:40:00
1773917100000,70254.39,70254.39,70254.39,70254.39,3e-05,2026-03-19 10:45:00
1773917400000,70254.39,70254.39,70254.39,70254.39,0.0,2026-03-19 10:50:00
1773917700000,70148.14,70148.14,70148.14,70148.14,0.00057,2026-03-19 10:55:00
1773918000000,70144.33,70144.33,70144.33,70144.33,0.00212,2026-03-19 11:00:00
1773918300000,70161.49,70161.49,70152.24,70152.24,0.00056,2026-03-19 11:05:00
1773918600000,70129.07,70191.94,70090.59,70147.73,0.03314,2026-03-19 11:10:00
1773918900000,70162.61,70162.61,70162.61,70162.61,0.00016,2026-03-19 11:15:00
1773919200000,70192.03,70192.03,70192.03,70192.03,0.00185,2026-03-19 11:20:00
1773919500000,70192.0,70192.0,70192.0,70192.0,1.11934,2026-03-19 11:25:00
1773919800000,70192.0,70192.0,70192.0,70192.0,0.0,2026-03-19 11:30:00
1773920100000,70129.84,70129.84,70081.06,70081.06,0.00183,2026-03-19 11:35:00
1773920400000,70081.06,70081.06,70081.06,70081.06,0.0,2026-03-19 11:40:00
1773920700000,70021.26,70043.69,70021.26,70043.69,0.00312,2026-03-19 11:45:00
1773921000000,69999.05,69999.05,69972.01,69972.01,0.00788,2026-03-19 11:50:00
1773921300000,69941.32,69941.32,69927.98,69927.98,0.00281,2026-03-19 11:55:00
1773921600000,69914.46,69920.0,69858.1,69858.1,0.00845,2026-03-19 12:00:00
1773921900000,69857.14,69857.14,69645.63,69649.91,0.23275,2026-03-19 12:05:00
1773922200000,69711.92,69839.72,69706.05,69839.72,0.0107,2026-03-19 12:10:00
1773922500000,69785.1,69785.1,69617.78,69617.78,0.01437,2026-03-19 12:15:00
1773922800000,69617.78,69617.78,69617.78,69617.78,0.0,2026-03-19 12:20:00
1773923100000,69636.25,69636.25,69566.65,69566.65,0.06741,2026-03-19 12:25:00
1773923400000,69594.97,69634.27,69594.97,69634.27,0.00127,2026-03-19 12:30:00
1773923700000,69663.34,69663.34,69663.1,69663.1,0.00593,2026-03-19 12:35:00
1773924000000,69652.6,69753.28,69652.6,69753.28,0.01038,2026-03-19 12:40:00
1773924300000,69650.49,69650.49,69558.34,69558.34,0.00132,2026-03-19 12:45:00
1773924600000,69500.08,69500.08,69147.69,69273.6,0.10454,2026-03-19 12:50:00
1773924900000,69285.77,69379.65,69285.77,69351.56,0.00488,2026-03-19 12:55:00
1773925200000,69251.07,69437.62,69222.04,69437.62,0.06039,2026-03-19 13:00:00
1773925500000,69373.94,69403.13,69341.24,69399.78,0.00463,2026-03-19 13:05:00
1773925800000,69372.12,69372.12,69105.0,69105.0,0.05258,2026-03-19 13:10:00
1773926100000,69189.0,69297.0,69189.0,69297.0,0.03745,2026-03-19 13:15:00
1773926400000,69297.0,69297.0,69297.0,69297.0,0.0,2026-03-19 13:20:00
1773926700000,69308.11,69369.61,69308.11,69369.61,0.00828,2026-03-19 13:25:00
1773927000000,69274.9,69441.03,69274.9,69350.99,0.03211,2026-03-19 13:30:00
1773927300000,69400.1,69404.85,69270.56,69330.41,0.06307,2026-03-19 13:35:00
1773927600000,69306.9,69788.6,69306.9,69703.9,0.05434,2026-03-19 13:40:00
1773927900000,69597.9,69822.16,69597.9,69822.16,0.04086,2026-03-19 13:45:00
1773928200000,69858.1,70037.52,69800.0,70037.52,0.04849,2026-03-19 13:50:00
1773928500000,69975.6,69988.21,69906.92,69906.92,0.03887,2026-03-19 13:55:00
1773928800000,70010.38,70223.01,69825.37,69825.37,0.01305,2026-03-19 14:00:00
1773929100000,69825.91,69832.31,69646.14,69646.14,0.00737,2026-03-19 14:05:00
1773929400000,69655.89,69741.87,69559.98,69568.09,0.15242,2026-03-19 14:10:00
1773929700000,69500.0,69500.0,69365.37,69388.59,0.03611,2026-03-19 14:15:00
1773930000000,69388.59,69388.59,69330.0,69330.0,0.00925,2026-03-19 14:20:00
1773930300000,69380.09,69380.09,69171.45,69171.45,0.14915,2026-03-19 14:25:00
1773930600000,69147.69,69265.5,69146.18,69265.5,0.01975,2026-03-19 14:30:00
1773930900000,69310.89,69310.89,69111.28,69116.11,0.13592,2026-03-19 14:35:00
1773931200000,69306.8,69324.63,69306.8,69324.63,0.04257,2026-03-19 14:40:00
1773931500000,69244.46,69287.87,69244.46,69287.87,0.00159,2026-03-19 14:45:00
1773931800000,69362.39,69579.54,69362.39,69579.54,0.0265,2026-03-19 14:50:00
1773932100000,69475.61,69547.3,69475.61,69547.3,0.05412,2026-03-19 14:55:00
1773932400000,69511.04,69759.49,69502.11,69759.49,0.01456,2026-03-19 15:00:00
1773932700000,69774.1,69886.1,69694.76,69694.76,0.00745,2026-03-19 15:05:00
1773933000000,69759.05,69786.74,69676.92,69700.71,0.01012,2026-03-19 15:10:00
1773933300000,69701.5,69701.5,69408.43,69408.43,1.05971,2026-03-19 15:15:00
1773933600000,69353.46,69353.46,69281.69,69282.32,0.03736,2026-03-19 15:20:00
1773933900000,69270.3,69285.98,69263.32,69280.3,0.03937,2026-03-19 15:25:00
1773934200000,69280.3,69280.3,69280.3,69280.3,0.0,2026-03-19 15:30:00
1773934500000,69200.0,69339.63,69171.45,69339.63,0.02944,2026-03-19 15:35:00
1773934800000,69171.07,69171.07,68910.64,68910.64,0.20988,2026-03-19 15:40:00
1773935100000,68900.0,69215.84,68791.95,69215.84,0.08674,2026-03-19 15:45:00
1773935400000,69236.17,69425.27,69195.69,69401.18,0.11055,2026-03-19 15:50:00
1773935700000,69375.64,69537.76,69375.64,69524.7,0.11837,2026-03-19 15:55:00
1773936000000,69401.2,69519.56,69401.2,69455.84,0.06515,2026-03-19 16:00:00
1773936300000,69352.56,69368.67,69261.8,69261.8,0.026,2026-03-19 16:05:00
1773936600000,69281.45,69361.27,69242.15,69361.27,0.0272,2026-03-19 16:10:00
1773936900000,69357.49,69357.49,69245.98,69329.22,0.03932,2026-03-19 16:15:00
1773937200000,69333.2,69456.84,69333.2,69411.05,0.06373,2026-03-19 16:20:00
1773937500000,69559.98,69559.98,69512.15,69512.15,0.00218,2026-03-19 16:25:00
1773937800000,69504.45,69504.45,69361.99,69361.99,0.0009,2026-03-19 16:30:00
1773938100000,69353.58,69353.58,69353.58,69353.58,8e-05,2026-03-19 16:35:00
1773938400000,69500.0,69600.0,69500.0,69556.15,0.00233,2026-03-19 16:40:00
1773938700000,69516.25,69516.25,69469.64,69469.64,0.00219,2026-03-19 16:45:00
1773939000000,69372.77,69372.77,69296.65,69296.65,0.00706,2026-03-19 16:50:00
1773939300000,69486.37,69486.37,69486.37,69486.37,0.00072,2026-03-19 16:55:00
1773939600000,69427.49,69427.49,69322.08,69346.24,0.01628,2026-03-19 17:00:00
1773939900000,69335.46,69335.46,69147.69,69147.69,0.03618,2026-03-19 17:05:00
1773940200000,69131.81,69324.92,69131.81,69170.3,0.0016,2026-03-19 17:10:00
1773940500000,69207.55,69394.73,69207.55,69394.73,0.03708,2026-03-19 17:15:00
1773940800000,69394.73,69662.56,69394.73,69662.56,0.01113,2026-03-19 17:20:00
1773941100000,69630.65,69725.06,69630.65,69725.06,0.00221,2026-03-19 17:25:00
1773941400000,69735.6,69735.6,69580.11,69628.12,0.00367,2026-03-19 17:30:00
1773941700000,69571.13,69571.13,69571.13,69571.13,0.01004,2026-03-19 17:35:00
1773942000000,69574.08,69601.44,69574.08,69591.65,0.06897,2026-03-19 17:40:00
1773942300000,69583.69,69583.69,69583.69,69583.69,0.01012,2026-03-19 17:45:00
1773942600000,69759.49,69928.93,69759.07,69830.56,0.0127,2026-03-19 17:50:00
1773942900000,69833.8,69849.82,69833.8,69849.82,0.01092,2026-03-19 17:55:00
1773943200000,69811.69,69811.69,69733.4,69765.89,0.00108,2026-03-19 18:00:00
1773943500000,69749.8,69824.62,69749.8,69786.15,0.0349,2026-03-19 18:05:00
1773943800000,69802.73,70089.48,69802.73,69848.12,2.50959,2026-03-19 18:10:00
1773944100000,69848.12,69848.12,69848.12,69848.12,0.0,2026-03-19 18:15:00
1773944400000,69848.12,69848.12,69848.12,69848.12,0.0,2026-03-19 18:20:00
1773944700000,69732.75,69732.75,69650.0,69650.0,0.10061,2026-03-19 18:25:00
1773945000000,69667.51,69670.26,69667.5,69670.26,0.04829,2026-03-19 18:30:00
1773945300000,69658.17,69709.58,69658.17,69700.68,0.03728,2026-03-19 18:35:00
1773945600000,69666.59,69668.1,69659.94,69668.1,0.01467,2026-03-19 18:40:00
1773945900000,69654.21,69654.21,69654.21,69654.21,9e-05,2026-03-19 18:45:00
1773946200000,69626.65,69716.91,69626.65,69716.91,0.00426,2026-03-19 18:50:00
1773946500000,69693.43,69800.0,69693.43,69800.0,0.03436,2026-03-19 18:55:00
1773946800000,69818.81,70000.0,69818.81,69997.79,0.06899,2026-03-19 19:00:00
1773947100000,70000.0,70165.81,70000.0,70096.63,0.43447,2026-03-19 19:05:00
1773947400000,70113.66,70522.18,70113.66,70377.62,0.14816,2026-03-19 19:10:00
1773947700000,70353.08,70500.0,70332.55,70500.0,0.30319,2026-03-19 19:15:00
1773948000000,70532.77,70583.87,70524.1,70549.56,0.05231,2026-03-19 19:20:00
1773948300000,70461.32,70461.32,70264.16,70287.16,0.01868,2026-03-19 19:25:00
1773948600000,70187.01,70187.01,70187.01,70187.01,9e-05,2026-03-19 19:30:00
1773948900000,70267.87,70267.87,70267.87,70267.87,0.01084,2026-03-19 19:35:00
1773949200000,70369.64,70406.08,70369.64,70387.9,0.02862,2026-03-19 19:40:00
1773949500000,70447.32,70447.32,70370.75,70403.05,0.09701,2026-03-19 19:45:00
1773949800000,70403.05,70403.05,70403.05,70403.05,0.0,2026-03-19 19:50:00
1773950100000,70239.67,70239.67,70239.67,70239.67,0.04,2026-03-19 19:55:00
1773950400000,70249.37,70284.58,70239.68,70284.58,0.01213,2026-03-19 20:00:00
1773950700000,70236.1,70303.82,70236.1,70303.82,0.01903,2026-03-19 20:05:00
1773951000000,70261.47,70261.47,70224.55,70248.27,0.05,2026-03-19 20:10:00
1773951300000,70320.52,70429.56,70320.52,70429.56,0.04189,2026-03-19 20:15:00
1773951600000,70446.35,70446.35,70346.71,70346.71,0.0025,2026-03-19 20:20:00
1773951900000,70412.38,70426.96,70412.38,70426.96,0.00739,2026-03-19 20:25:00
1773952200000,70342.29,70387.29,70342.29,70387.29,0.00563,2026-03-19 20:30:00
1773952500000,70424.14,70534.54,70424.14,70534.54,0.00139,2026-03-19 20:35:00
1773952800000,70588.72,70655.06,70511.78,70511.78,0.00762,2026-03-19 20:40:00
1773953100000,70501.32,70532.79,70501.32,70532.79,0.00098,2026-03-19 20:45:00
1773953400000,70464.65,70479.4,70450.0,70479.4,0.00154,2026-03-19 20:50:00
1773953700000,70468.86,70468.86,70468.86,70468.86,0.00017,2026-03-19 20:55:00
1773954000000,70499.78,70591.79,70499.78,70563.34,0.00455,2026-03-19 21:00:00
1773954300000,70548.37,70669.87,70545.2,70669.87,0.13092,2026-03-19 21:05:00
1773954600000,70689.38,70699.06,70686.28,70686.28,0.00223,2026-03-19 21:10:00
1773954900000,70673.5,70673.5,70629.41,70629.41,0.00394,2026-03-19 21:15:00
1773955200000,70577.52,70603.0,70514.42,70514.42,1.42549,2026-03-19 21:20:00
1773955500000,70514.42,70514.42,70514.42,70514.42,0.0,2026-03-19 21:25:00
1773955800000,70516.07,70531.98,70469.31,70469.31,0.01939,2026-03-19 21:30:00
1773956100000,70549.98,70549.98,70493.51,70493.51,0.00078,2026-03-19 21:35:00
1773956400000,70436.02,70508.5,70436.02,70508.5,0.01302,2026-03-19 21:40:00
1773956700000,70432.22,70432.22,70432.22,70432.22,0.00774,2026-03-19 21:45:00
1773957000000,70400.42,70438.93,70389.08,70422.49,0.02101,2026-03-19 21:50:00
1773957300000,70527.9,70527.9,70469.67,70469.67,0.01695,2026-03-19 21:55:00
1773957600000,70458.39,70458.39,70389.63,70392.86,0.01625,2026-03-19 22:00:00
1773957900000,70363.56,70401.26,70363.56,70401.26,6e-05,2026-03-19 22:05:00
1773958200000,70373.72,70404.51,70373.72,70404.51,0.00186,2026-03-19 22:10:00
1773958500000,70428.49,70448.28,70428.49,70448.28,0.00045,2026-03-19 22:15:00
1773958800000,70410.61,70410.61,70363.62,70363.62,0.00969,2026-03-19 22:20:00
1773959100000,70400.46,70400.46,70400.46,70400.46,0.00425,2026-03-19 22:25:00
1773959400000,70308.12,70308.12,70218.69,70218.69,0.06434,2026-03-19 22:30:00
1773959700000,70174.24,70199.24,69974.74,70028.53,0.13348,2026-03-19 22:35:00
1773960000000,69974.73,70006.81,69974.73,70006.81,0.00024,2026-03-19 22:40:00
1773960300000,70036.9,70036.9,70036.9,70036.9,0.00014,2026-03-19 22:45:00
1773960600000,70156.18,70156.18,70140.0,70140.0,0.00207,2026-03-19 22:50:00
1773960900000,70186.48,70186.48,70145.76,70145.77,0.06048,2026-03-19 22:55:00
1773961200000,70219.14,70230.59,70192.15,70201.14,0.00569,2026-03-19 23:00:00
1773961500000,70263.99,70271.8,70247.28,70247.28,0.00291,2026-03-19 23:05:00
1773961800000,70218.26,70218.26,70194.78,70216.47,0.00785,2026-03-19 23:10:00
1773962100000,70205.4,70205.4,70050.39,70056.26,0.04532,2026-03-19 23:15:00
1773962400000,70056.26,70056.26,70056.26,70056.26,0.0,2026-03-19 23:20:00
1773962700000,70050.33,70093.46,70050.33,70093.46,0.01445,2026-03-19 23:25:00
1773963000000,70030.54,70030.54,70002.36,70002.36,0.00035,2026-03-19 23:30:00
1773963300000,69974.52,69974.52,69745.43,69745.43,0.0181,2026-03-19 23:35:00
1773963600000,69855.18,69855.18,69855.18,69855.18,0.00132,2026-03-19 23:40:00
1773963900000,69851.14,69874.78,69851.14,69874.78,0.02591,2026-03-19 23:45:00
1773964200000,69833.23,69900.53,69833.23,69900.53,0.01658,2026-03-19 23:50:00
1773964500000,69977.88,69977.88,69977.88,69977.88,0.00014,2026-03-19 23:55:00
1773964800000,69934.16,69935.42,69867.0,69867.0,0.00371,2026-03-20 00:00:00
1773965100000,69862.75,70033.93,69862.75,70013.89,1.41236,2026-03-20 00:05:00
1773965400000,70040.33,70112.32,70040.33,70055.49,0.03638,2026-03-20 00:10:00
1773965700000,70076.53,70105.98,70076.53,70100.98,0.01245,2026-03-20 00:15:00
1773966000000,70109.37,70109.37,69982.64,69982.64,0.01342,2026-03-20 00:20:00
1773966300000,70073.05,70073.05,70025.92,70025.92,0.00108,2026-03-20 00:25:00
1773966600000,70106.9,70145.72,70089.12,70108.89,0.0144,2026-03-20 00:30:00
1773966900000,70138.03,70172.61,70079.92,70172.61,0.02224,2026-03-20 00:35:00
1773967200000,70247.63,70250.0,70212.78,70223.06,0.02688,2026-03-20 00:40:00
1773967500000,70234.81,70277.19,70234.81,70244.51,0.02322,2026-03-20 00:45:00
1773967800000,70243.66,70277.25,70200.85,70200.85,0.00597,2026-03-20 00:50:00
1773968100000,70173.75,70243.67,70173.75,70239.15,0.00574,2026-03-20 00:55:00
1773968400000,70204.02,70373.4,70204.02,70321.49,0.0087,2026-03-20 01:00:00
1773968700000,70321.49,70414.83,70321.49,70382.78,0.00293,2026-03-20 01:05:00
1773969000000,70400.42,70434.5,70370.53,70434.5,0.00559,2026-03-20 01:10:00
1773969300000,70393.78,70393.79,70393.78,70393.79,0.08412,2026-03-20 01:15:00
1773969600000,70364.05,70364.05,70364.05,70364.05,0.00832,2026-03-20 01:20:00
1773969900000,70393.74,70402.36,70379.89,70402.36,0.0085,2026-03-20 01:25:00
1773970200000,70432.21,70468.0,70432.21,70462.48,0.03819,2026-03-20 01:30:00
1773970500000,70462.48,70462.48,70462.48,70462.48,0.0,2026-03-20 01:35:00
1773970800000,70557.95,70588.78,70557.95,70588.78,6e-05,2026-03-20 01:40:00
1773971100000,70588.78,70588.78,70588.78,70588.78,0.0,2026-03-20 01:45:00
1773971400000,70523.7,70523.7,70523.7,70523.7,7e-05,2026-03-20 01:50:00
1773971700000,70466.94,70466.94,70466.94,70466.94,0.00035,2026-03-20 01:55:00
1773972000000,70359.09,70365.62,70359.09,70365.62,0.00102,2026-03-20 02:00:00
1773972300000,70435.08,70490.24,70404.66,70404.66,0.00902,2026-03-20 02:05:00
1773972600000,70413.22,70413.22,70369.36,70369.36,0.00108,2026-03-20 02:10:00
1773972900000,70362.6,70362.6,70262.96,70262.96,0.02194,2026-03-20 02:15:00
1773973200000,70295.04,70295.04,70295.04,70295.04,0.00156,2026-03-20 02:20:00
1773973500000,70234.36,70234.36,70234.36,70234.36,7e-05,2026-03-20 02:25:00
1773973800000,70120.86,70127.32,70089.14,70127.32,0.01744,2026-03-20 02:30:00
1773974100000,70100.8,70127.32,70100.8,70117.67,0.07418,2026-03-20 02:35:00
1773974400000,70131.14,70131.14,70131.14,70131.14,0.01379,2026-03-20 02:40:00
1773974700000,70255.06,70366.9,70219.72,70345.67,0.03905,2026-03-20 02:45:00
1773975000000,70356.28,70501.09,70356.28,70501.09,0.02592,2026-03-20 02:50:00
1773975300000,70439.78,70439.78,70439.78,70439.78,0.00028,2026-03-20 02:55:00
1773975600000,70410.32,70480.18,70410.32,70480.18,0.01255,2026-03-20 03:00:00
1773975900000,70446.7,70448.89,70416.86,70421.72,0.02012,2026-03-20 03:05:00
1773976200000,70445.92,70465.85,70445.92,70465.85,0.0061,2026-03-20 03:10:00
1773976500000,70408.05,70408.05,70408.05,70408.05,0.00973,2026-03-20 03:15:00
1773976800000,70528.18,70528.18,70528.18,70528.18,0.0001,2026-03-20 03:20:00
1773977100000,70567.89,70644.77,70567.89,70644.77,0.00375,2026-03-20 03:25:00
1773977400000,70684.68,70789.12,70684.68,70722.2,0.15725,2026-03-20 03:30:00
1773977700000,70623.16,70625.32,70608.5,70625.32,0.06585,2026-03-20 03:35:00
1773978000000,70625.32,70625.32,70625.32,70625.32,0.0,2026-03-20 03:40:00
1773978300000,70567.81,70663.92,70567.81,70663.92,0.016,2026-03-20 03:45:00
1773978600000,70685.23,70789.02,70685.23,70738.27,0.04484,2026-03-20 03:50:00
1773978900000,70738.28,70738.28,70738.28,70738.28,0.00763,2026-03-20 03:55:00
1773979200000,70778.95,70795.62,70778.95,70795.62,0.00249,2026-03-20 04:00:00
1773979500000,70800.0,70918.71,70800.0,70906.71,0.05059,2026-03-20 04:05:00
1773979800000,70914.97,70959.46,70906.6,70959.46,0.02181,2026-03-20 04:10:00
1773980100000,70899.58,70899.58,70899.58,70899.58,0.00217,2026-03-20 04:15:00
1773980400000,70899.58,70899.58,70899.58,70899.58,0.0,2026-03-20 04:20:00
1773980700000,70895.57,70936.7,70894.88,70936.7,0.0014,2026-03-20 04:25:00
1773981000000,70724.48,70724.48,70655.9,70655.9,0.01443,2026-03-20 04:30:00
1773981300000,70616.22,70616.22,70616.22,70616.22,7e-05,2026-03-20 04:35:00
1773981600000,70609.67,70609.67,70583.37,70583.37,0.03067,2026-03-20 04:40:00
1773981900000,70583.37,70583.37,70583.37,70583.37,0.0,2026-03-20 04:45:00
1773982200000,70683.19,70751.18,70683.19,70751.18,0.03914,2026-03-20 04:50:00
1773982500000,70775.56,70775.56,70775.56,70775.56,0.00277,2026-03-20 04:55:00
1773982800000,70755.95,70845.87,70755.95,70772.61,0.01971,2026-03-20 05:00:00
1773983100000,70760.96,70828.77,70760.96,70828.77,0.01405,2026-03-20 05:05:00
1773983400000,70854.52,70854.52,70810.45,70810.45,0.00229,2026-03-20 05:10:00
1773983700000,70855.62,70855.62,70855.62,70855.62,6e-05,2026-03-20 05:15:00
1773984000000,70783.14,70788.75,70783.14,70788.75,0.00224,2026-03-20 05:20:00
1773984300000,70613.56,70622.41,70613.56,70622.41,0.00562,2026-03-20 05:25:00
1773984600000,70610.14,70633.42,70586.57,70586.57,0.02142,2026-03-20 05:30:00
1773984900000,70586.57,70586.57,70586.57,70586.57,0.0,2026-03-20 05:35:00
1773985200000,70586.57,70586.57,70586.57,70586.57,0.0,2026-03-20 05:40:00
1773985500000,70669.53,70670.03,70669.53,70670.03,0.02117,2026-03-20 05:45:00
1773985800000,70697.09,70697.09,70653.68,70653.68,0.00215,2026-03-20 05:50:00
1773986100000,70554.06,70593.09,70554.06,70593.09,0.03076,2026-03-20 05:55:00
1773986400000,70562.03,70620.71,70562.03,70620.71,0.00032,2026-03-20 06:00:00
1773986700000,70562.85,70579.43,70562.85,70579.43,0.0485,2026-03-20 06:05:00
1773987000000,70533.94,70537.02,70531.08,70537.02,0.00063,2026-03-20 06:10:00
1773987300000,70503.79,70503.79,70503.79,70503.79,6e-05,2026-03-20 06:15:00
1773987600000,70466.94,70480.4,70436.64,70480.4,0.00462,2026-03-20 06:20:00
1773987900000,70431.23,70431.23,70431.23,70431.23,0.01,2026-03-20 06:25:00
1773988200000,70485.25,70497.14,70466.64,70475.68,0.0728,2026-03-20 06:30:00
1773988500000,70465.04,70465.04,70465.04,70465.04,0.00028,2026-03-20 06:35:00
1773988800000,70413.86,70443.39,70391.96,70443.39,0.01716,2026-03-20 06:40:00
1773989100000,70474.4,70474.54,70453.45,70474.54,0.00228,2026-03-20 06:45:00
1773989400000,70474.54,70474.54,70474.54,70474.54,0.0,2026-03-20 06:50:00
1773989700000,70474.54,70474.54,70474.54,70474.54,0.0,2026-03-20 06:55:00
1773990000000,70463.11,70463.11,70202.43,70297.33,0.02325,2026-03-20 07:00:00
1773990300000,70426.6,70426.6,70404.41,70404.41,0.00205,2026-03-20 07:05:00
1773990600000,70372.64,70372.64,70276.01,70276.01,0.00372,2026-03-20 07:10:00
1773990900000,70329.6,70340.24,70329.6,70340.24,0.00818,2026-03-20 07:15:00
1773991200000,70396.88,70396.88,70396.88,70396.88,0.00017,2026-03-20 07:20:00
1773991500000,70505.22,70505.22,70505.22,70505.22,3e-05,2026-03-20 07:25:00
1773991800000,70497.41,70497.41,70497.41,70497.41,4e-05,2026-03-20 07:30:00
1773992100000,70636.69,70773.93,70636.69,70773.93,0.0165,2026-03-20 07:35:00
1773992400000,70800.0,70823.35,70800.0,70823.35,0.00704,2026-03-20 07:40:00
1773992700000,70813.51,70813.51,70813.51,70813.51,0.00069,2026-03-20 07:45:00
1773993000000,70840.53,70899.96,70840.53,70899.96,0.01494,2026-03-20 07:50:00
1773993300000,70899.96,70899.96,70899.96,70899.96,0.0,2026-03-20 07:55:00
1773993600000,70818.92,70818.92,70818.92,70818.92,0.00021,2026-03-20 08:00:00
1773993900000,70926.61,71153.37,70926.61,71153.37,0.07455,2026-03-20 08:05:00
1773994200000,71153.37,71347.2,71153.37,71340.05,0.22028,2026-03-20 08:10:00
1773994500000,71340.05,71340.05,71340.05,71340.05,0.0,2026-03-20 08:15:00
1773994800000,71162.42,71211.41,71162.42,71211.41,0.02824,2026-03-20 08:20:00
1773995100000,71279.18,71289.56,71279.18,71289.56,0.01491,2026-03-20 08:25:00
1773995400000,71131.97,71165.56,71131.97,71165.56,0.02243,2026-03-20 08:30:00
1773995700000,71165.56,71165.56,71165.56,71165.56,0.0,2026-03-20 08:35:00
1773996000000,71165.56,71165.56,71165.56,71165.56,0.0,2026-03-20 08:40:00
1773996300000,71165.56,71165.56,71165.56,71165.56,0.0,2026-03-20 08:45:00
1773996600000,71165.56,71165.56,71165.56,71165.56,0.0,2026-03-20 08:50:00
1773996900000,71165.56,71165.56,71165.56,71165.56,0.0,2026-03-20 08:55:00
1773997200000,70991.96,70991.96,70991.96,70991.96,0.0143,2026-03-20 09:00:00
1773997500000,70920.78,70920.78,70920.78,70920.78,0.00053,2026-03-20 09:05:00
1773997800000,70943.89,70943.89,70862.42,70862.42,0.00796,2026-03-20 09:10:00
1773998100000,70823.35,70823.35,70641.58,70641.58,0.02028,2026-03-20 09:15:00
1773998400000,70634.33,70634.33,70464.67,70464.67,0.02125,2026-03-20 09:20:00
1773998700000,70502.7,70545.81,70502.7,70524.8,0.01454,2026-03-20 09:25:00
1773999000000,70604.06,70604.06,70604.06,70604.06,0.0143,2026-03-20 09:30:00
1773999300000,70670.15,70721.49,70670.15,70674.19,0.03577,2026-03-20 09:35:00
1773999600000,70691.62,70691.62,70666.68,70666.68,0.01641,2026-03-20 09:40:00
1773999900000,70557.1,70557.1,70539.29,70539.29,0.0098,2026-03-20 09:45:00
1774000200000,70527.65,70527.65,70512.64,70512.64,0.0003,2026-03-20 09:50:00
1774000500000,70512.64,70512.64,70512.64,70512.64,0.0,2026-03-20 09:55:00
1774000800000,70573.32,70573.32,70573.32,70573.32,0.00014,2026-03-20 10:00:00
1774001100000,70506.15,70506.15,70391.96,70391.96,0.00124,2026-03-20 10:05:00
1774001400000,70390.92,70390.92,70280.22,70375.74,0.03954,2026-03-20 10:10:00
1774001700000,70293.81,70386.63,70285.73,70386.63,0.00241,2026-03-20 10:15:00
1774002000000,70277.54,70294.28,70244.89,70244.89,0.02426,2026-03-20 10:20:00
1774002300000,70247.11,70247.11,70247.11,70247.11,0.01024,2026-03-20 10:25:00
1774002600000,70340.01,70340.01,70340.01,70340.01,0.0143,2026-03-20 10:30:00
1774002900000,70340.01,70340.01,70340.01,70340.01,0.0,2026-03-20 10:35:00
1774003200000,70340.01,70340.01,70340.01,70340.01,0.0,2026-03-20 10:40:00
1774003500000,70340.01,70340.01,70340.01,70340.01,0.0,2026-03-20 10:45:00
1774003800000,70340.01,70340.01,70340.01,70340.01,0.0,2026-03-20 10:50:00
1774004100000,70551.51,70551.51,70551.51,70551.51,2e-05,2026-03-20 10:55:00
1774004400000,70695.22,70695.22,70695.22,70695.22,0.00768,2026-03-20 11:00:00
1774004700000,70698.91,70771.91,70698.91,70727.62,0.00564,2026-03-20 11:05:00
1774005000000,70749.17,70806.33,70701.1,70774.48,0.0082,2026-03-20 11:10:00
1774005300000,70670.5,70670.5,70619.97,70619.97,0.02584,2026-03-20 11:15:00
1774005600000,70619.97,70619.97,70619.97,70619.97,0.0,2026-03-20 11:20:00
1774005900000,70687.85,70687.85,70687.85,70687.85,0.0143,2026-03-20 11:25:00
1774006200000,70687.85,70687.85,70687.85,70687.85,0.0,2026-03-20 11:30:00
1774006500000,70699.33,70699.33,70346.11,70346.11,0.07961,2026-03-20 11:35:00
1774006800000,70354.42,70390.45,70354.42,70390.45,0.02248,2026-03-20 11:40:00
1774007100000,70344.78,70374.41,70344.78,70371.74,0.00136,2026-03-20 11:45:00
1774007400000,70360.0,70360.0,70360.0,70360.0,0.55797,2026-03-20 11:50:00
1774007700000,70438.41,70438.41,70428.94,70428.94,0.01665,2026-03-20 11:55:00
1774008000000,70490.87,70581.33,70435.9,70581.33,0.01589,2026-03-20 12:00:00
1774008300000,70535.43,70644.11,70535.43,70644.11,0.02454,2026-03-20 12:05:00
1774008600000,70682.04,70682.04,70617.8,70617.8,0.00335,2026-03-20 12:10:00
1774008900000,70557.58,70592.97,70557.58,70592.97,0.0128,2026-03-20 12:15:00
1774009200000,70601.83,70632.39,70594.34,70632.39,0.01513,2026-03-20 12:20:00
1774009500000,70632.39,70632.39,70632.39,70632.39,0.0,2026-03-20 12:25:00
1774009800000,70456.62,70456.62,70366.73,70390.22,0.06685,2026-03-20 12:30:00
1774010100000,70425.88,70425.88,70425.88,70425.88,0.0143,2026-03-20 12:35:00
1774010400000,70373.85,70373.85,70277.25,70341.71,0.0341,2026-03-20 12:40:00
1774010700000,70355.76,70355.76,70289.66,70308.0,0.00307,2026-03-20 12:45:00
1774011000000,70309.84,70319.22,70309.84,70319.22,0.00024,2026-03-20 12:50:00
1774011300000,70343.64,70343.64,70326.84,70326.84,0.00374,2026-03-20 12:55:00
1774011600000,70344.98,70377.92,70342.86,70377.92,0.02027,2026-03-20 13:00:00
1774011900000,70384.66,70436.26,70377.92,70407.76,0.00715,2026-03-20 13:05:00
1774012200000,70376.54,70376.54,70261.43,70261.43,0.00533,2026-03-20 13:10:00
1774012500000,70335.03,70412.94,70335.03,70412.94,0.00032,2026-03-20 13:15:00
1774012800000,70421.67,70537.59,70421.67,70537.59,0.13877,2026-03-20 13:20:00
1774013100000,70641.8,70641.8,70505.9,70505.9,0.00015,2026-03-20 13:25:00
1774013400000,70341.59,70341.59,69974.73,70044.5,0.08796,2026-03-20 13:30:00
1774013700000,69928.53,70190.0,69875.0,70090.2,0.1178,2026-03-20 13:35:00
1774014000000,70034.93,70286.7,69952.5,70261.67,0.04932,2026-03-20 13:40:00
1774014300000,70391.96,70404.06,70189.16,70298.58,0.02486,2026-03-20 13:45:00
1774014600000,70282.19,70282.19,69974.73,69974.73,0.01051,2026-03-20 13:50:00
1774014900000,69974.73,69974.73,69799.13,69837.25,0.02299,2026-03-20 13:55:00
1774015200000,69772.73,69958.3,69705.71,69943.1,0.07324,2026-03-20 14:00:00
1774015500000,70042.6,70045.38,69811.42,69902.0,0.00293,2026-03-20 14:05:00
1774015800000,69842.12,70107.19,69816.35,69820.18,0.17272,2026-03-20 14:10:00
1774016100000,69875.83,69875.83,69662.12,69701.5,0.02288,2026-03-20 14:15:00
1774016400000,69709.79,69709.79,69616.08,69709.02,0.14125,2026-03-20 14:20:00
1774016700000,69794.96,70006.38,69794.96,69968.29,0.01746,2026-03-20 14:25:00
1774017000000,69989.51,70167.44,69989.51,70167.44,0.09527,2026-03-20 14:30:00
1774017300000,70202.21,70250.0,70077.31,70219.79,0.00985,2026-03-20 14:35:00
1774017600000,70172.55,70172.55,69966.54,69974.95,0.02014,2026-03-20 14:40:00
1774017900000,69991.07,70032.67,69950.68,69950.68,0.00908,2026-03-20 14:45:00
1774018200000,69875.0,69875.0,69662.56,69662.56,0.01326,2026-03-20 14:50:00
1774018500000,69691.08,69761.5,69691.08,69732.32,0.00748,2026-03-20 14:55:00
1774018800000,69787.37,69894.19,69608.89,69608.89,0.03878,2026-03-20 15:00:00
1774019100000,69705.61,69705.61,69500.0,69500.0,0.02482,2026-03-20 15:05:00
1774019400000,69585.37,69750.72,69580.62,69750.72,0.04151,2026-03-20 15:10:00
1774019700000,69727.4,69815.42,69618.27,69618.27,0.00968,2026-03-20 15:15:00
1774020000000,69640.35,69974.73,69620.2,69873.7,0.02423,2026-03-20 15:20:00
1774020300000,69760.2,69760.2,69728.7,69748.46,0.05513,2026-03-20 15:25:00
1774020600000,69788.32,69968.46,69788.32,69938.33,0.01521,2026-03-20 15:30:00
1774020900000,69918.96,69936.86,69863.6,69936.86,0.00236,2026-03-20 15:35:00
1774021200000,69931.05,69941.46,69931.05,69941.46,0.02452,2026-03-20 15:40:00
1774021500000,69966.5,69969.79,69966.5,69969.79,0.00157,2026-03-20 15:45:00
1774021800000,69943.38,69987.31,69869.89,69871.85,0.03282,2026-03-20 15:50:00
1774022100000,69806.84,69880.18,69806.84,69880.18,0.01353,2026-03-20 15:55:00
1774022400000,69847.41,69956.27,69847.41,69953.7,0.02689,2026-03-20 16:00:00
1774022700000,69990.26,70025.67,69884.23,69884.23,0.00283,2026-03-20 16:05:00
1774023000000,69975.61,70092.94,69975.61,70020.97,0.0129,2026-03-20 16:10:00
1774023300000,69944.25,69944.25,69939.71,69939.71,0.00037,2026-03-20 16:15:00
1774023600000,70075.1,70075.1,69966.25,69994.28,0.00756,2026-03-20 16:20:00
1774023900000,69969.07,70026.03,69969.07,70020.5,0.00757,2026-03-20 16:25:00
1774024200000,69993.53,69993.53,69799.6,69815.21,0.00013,2026-03-20 16:30:00
1774024500000,69815.21,69815.21,69691.7,69691.7,0.04434,2026-03-20 16:35:00
1774024800000,69734.09,69784.4,69734.09,69784.4,0.18462,2026-03-20 16:40:00
1774025100000,69777.66,69812.3,69777.66,69810.93,0.00779,2026-03-20 16:45:00
1774025400000,69631.74,69681.98,69625.23,69681.98,0.0006,2026-03-20 16:50:00
1774025700000,69681.98,69681.98,69681.98,69681.98,0.0,2026-03-20 16:55:00
1774026000000,69918.63,69952.28,69875.81,69949.75,0.03529,2026-03-20 17:00:00
1774026300000,69955.35,69955.35,69685.46,69871.95,0.04827,2026-03-20 17:05:00
1774026600000,69906.42,69906.42,69808.45,69833.64,0.00134,2026-03-20 17:10:00
1774026900000,69848.07,69859.18,69817.81,69817.81,0.01246,2026-03-20 17:15:00
1774027200000,69782.69,69827.5,69778.47,69827.5,0.01757,2026-03-20 17:20:00
1774027500000,69700.69,69730.56,69643.73,69643.73,0.0111,2026-03-20 17:25:00
1774027800000,69603.65,69603.65,69544.86,69544.86,0.00359,2026-03-20 17:30:00
1774028100000,69500.0,69569.36,69408.43,69569.36,0.02849,2026-03-20 17:35:00
1774028400000,69571.77,69571.77,69571.77,69571.77,0.00014,2026-03-20 17:40:00
1774028700000,69571.77,69571.77,69571.77,69571.77,0.0,2026-03-20 17:45:00
1774029000000,69658.23,69785.16,69658.23,69785.16,0.023,2026-03-20 17:50:00
1774029300000,69858.1,69988.5,69858.1,69982.67,0.11876,2026-03-20 17:55:00
1774029600000,70016.8,70016.8,69916.42,69936.97,0.00283,2026-03-20 18:00:00
1774029900000,70027.4,70065.73,69993.03,69993.03,0.00355,2026-03-20 18:05:00
1774030200000,69952.0,70028.26,69952.0,69992.55,0.12523,2026-03-20 18:10:00
1774030500000,69992.55,69992.55,69992.55,69992.55,0.0,2026-03-20 18:15:00
1774030800000,69943.76,69959.66,69730.47,69820.16,0.01824,2026-03-20 18:20:00
1774031100000,69820.16,69820.16,69820.16,69820.16,0.0,2026-03-20 18:25:00
1774031400000,69626.31,69707.85,69587.94,69669.27,0.0829,2026-03-20 18:30:00
1774031700000,69684.91,69684.91,69506.0,69677.65,0.02855,2026-03-20 18:35:00
1774032000000,69677.65,69677.65,69677.65,69677.65,0.0,2026-03-20 18:40:00
1774032300000,69827.49,69908.6,69678.65,69728.81,0.0432,2026-03-20 18:45:00
1774032600000,69780.58,69780.58,69780.58,69780.58,0.01566,2026-03-20 18:50:00
1774032900000,69780.58,69780.58,69719.78,69719.78,0.00744,2026-03-20 18:55:00
1774033200000,69834.79,69917.99,69833.92,69910.3,0.05124,2026-03-20 19:00:00
1774033500000,69773.5,69827.24,69756.07,69827.24,0.02301,2026-03-20 19:05:00
1774033800000,69830.4,69830.4,69707.35,69790.01,0.04639,2026-03-20 19:10:00
1774034100000,69879.0,69928.48,69834.59,69902.63,0.0083,2026-03-20 19:15:00
1774034400000,69974.73,69974.73,69922.13,69922.13,0.02391,2026-03-20 19:20:00
1774034700000,69805.52,69880.0,69786.75,69880.0,0.00891,2026-03-20 19:25:00
1774035000000,69930.07,69930.07,69930.07,69930.07,0.00014,2026-03-20 19:30:00
1774035300000,69736.25,69803.36,69736.25,69803.36,0.00183,2026-03-20 19:35:00
1774035600000,69847.62,70000.0,69847.62,70000.0,0.07038,2026-03-20 19:40:00
1774035900000,69996.48,70017.6,69920.44,69920.44,0.00102,2026-03-20 19:45:00
1774036200000,70000.0,70153.66,70000.0,70153.66,0.20569,2026-03-20 19:50:00
1774036500000,70155.95,70155.95,70155.95,70155.95,0.0016,2026-03-20 19:55:00
1774036800000,70112.93,70167.24,70112.93,70152.02,0.0132,2026-03-20 20:00:00
1774037100000,70154.99,70202.21,70154.99,70182.06,0.83757,2026-03-20 20:05:00
1774037400000,70202.21,70250.0,70202.21,70250.0,0.00795,2026-03-20 20:10:00
1774037700000,70182.76,70182.76,70004.62,70025.98,0.00335,2026-03-20 20:15:00
1774038000000,70025.98,70025.98,70025.98,70025.98,0.00173,2026-03-20 20:20:00
1774038300000,70019.4,70030.97,69947.84,69970.94,0.00349,2026-03-20 20:25:00
1774038600000,69875.0,69875.0,69835.03,69835.03,0.00154,2026-03-20 20:30:00
1774038900000,69799.13,69880.55,69759.49,69880.55,0.03628,2026-03-20 20:35:00
1774039200000,69908.68,69942.31,69908.68,69942.31,0.00081,2026-03-20 20:40:00
1774039500000,69951.96,69992.89,69912.58,69980.58,0.04412,2026-03-20 20:45:00
1774039800000,70050.0,70076.12,70027.43,70027.43,0.02939,2026-03-20 20:50:00
1774040100000,70027.43,70027.43,70027.43,70027.43,0.0,2026-03-20 20:55:00
1774040400000,70053.15,70053.15,70028.34,70050.03,0.00433,2026-03-20 21:00:00
1774040700000,70021.2,70032.31,70004.0,70032.31,0.00217,2026-03-20 21:05:00
1774041000000,70029.31,70123.53,69963.64,70123.53,0.16538,2026-03-20 21:10:00
1774041300000,70111.01,70583.86,70111.01,70547.08,0.22062,2026-03-20 21:15:00
1774041600000,70557.92,70557.92,70380.75,70416.52,0.01954,2026-03-20 21:20:00
1774041900000,70437.82,70437.82,70437.82,70437.82,0.04771,2026-03-20 21:25:00
1774042200000,70503.39,70570.4,70503.39,70570.4,0.0102,2026-03-20 21:30:00
1774042500000,70583.87,70699.06,70583.87,70699.06,0.01875,2026-03-20 21:35:00
1774042800000,70448.77,70454.92,70398.72,70454.92,0.01271,2026-03-20 21:40:00
1774043100000,70505.81,70537.89,70505.81,70537.89,0.00084,2026-03-20 21:45:00
1774043400000,70600.99,70600.99,70600.99,70600.99,0.00283,2026-03-20 21:50:00
1774043700000,70547.14,70547.14,70544.96,70544.96,0.00142,2026-03-20 21:55:00
1774044000000,70554.96,70850.0,70540.78,70847.7,0.24706,2026-03-20 22:00:00
1774044300000,70840.07,70840.07,70810.43,70815.72,0.02668,2026-03-20 22:05:00
1774044600000,70877.07,70885.22,70755.06,70772.58,0.00241,2026-03-20 22:10:00
1774044900000,70820.0,70842.5,70819.6,70819.6,5.10869,2026-03-20 22:15:00
1774045200000,70788.99,70803.27,70774.13,70774.13,0.00155,2026-03-20 22:20:00
1774045500000,70734.21,70760.12,70710.0,70710.0,0.09509,2026-03-20 22:25:00
1774045800000,70685.14,70685.14,70577.29,70646.02,0.01969,2026-03-20 22:30:00
1774046100000,70689.23,70689.23,70689.23,70689.23,0.00212,2026-03-20 22:35:00
1774046400000,70717.04,70750.01,70708.36,70708.36,0.04835,2026-03-20 22:40:00
1774046700000,70682.75,70777.98,70682.75,70777.98,0.0229,2026-03-20 22:45:00
1774047000000,70817.21,70854.59,70751.88,70766.04,0.02076,2026-03-20 22:50:00
1774047300000,70766.04,70766.04,70766.04,70766.04,0.0,2026-03-20 22:55:00
1774047600000,70737.17,70737.17,70667.99,70671.24,0.01616,2026-03-20 23:00:00
1774047900000,70622.98,70622.98,70590.11,70609.13,0.00124,2026-03-20 23:05:00
1774048200000,70551.01,70551.01,70515.83,70538.68,0.00255,2026-03-20 23:10:00
1774048500000,70529.98,70529.98,70393.2,70444.44,0.00453,2026-03-20 23:15:00
1774048800000,70541.01,70546.48,70522.92,70522.92,0.01377,2026-03-20 23:20:00
1774049100000,70533.33,70533.33,70485.47,70485.47,0.00214,2026-03-20 23:25:00
1774049400000,70464.86,70491.09,70464.86,70489.91,0.02676,2026-03-20 23:30:00
1774049700000,70492.67,70520.03,70491.56,70520.03,0.00839,2026-03-20 23:35:00
1774050000000,70496.24,70533.7,70496.24,70523.5,0.15287,2026-03-20 23:40:00
1774050300000,70509.59,70520.87,70509.59,70514.0,0.00865,2026-03-20 23:45:00
1774050600000,70581.74,70581.74,70485.06,70505.82,0.00536,2026-03-20 23:50:00
1774050900000,70515.41,70517.57,70494.62,70494.62,0.00762,2026-03-20 23:55:00
1774051200000,70549.42,70558.44,70549.42,70558.44,0.00536,2026-03-21 00:00:00
1774051500000,70575.02,70578.11,70527.74,70527.74,0.0012,2026-03-21 00:05:00
1774051800000,70527.74,70527.74,70464.81,70505.35,0.00192,2026-03-21 00:10:00
1774052100000,70582.98,70710.0,70582.98,70710.0,0.12093,2026-03-21 00:15:00
1774052400000,70737.61,70820.44,70715.67,70715.67,0.07661,2026-03-21 00:20:00
1774052700000,70705.84,70705.84,70661.62,70661.65,0.00355,2026-03-21 00:25:00
1774053000000,70604.98,70654.04,70604.98,70654.04,0.0096,2026-03-21 00:30:00
1774053300000,70651.04,70675.2,70651.04,70660.17,0.00086,2026-03-21 00:35:00
1774053600000,70640.76,70640.76,70584.2,70608.52,0.00754,2026-03-21 00:40:00
1774053900000,70608.52,70608.52,70564.43,70590.69,0.0015,2026-03-21 00:45:00
1774054200000,70624.78,70675.28,70624.78,70675.28,0.00221,2026-03-21 00:50:00
1774054500000,70716.41,70716.41,70699.44,70699.44,9e-05,2026-03-21 00:55:00
1774054800000,70703.39,70719.23,70680.21,70680.21,0.01255,2026-03-21 01:00:00
1774055100000,70658.85,70731.92,70658.85,70728.7,0.00147,2026-03-21 01:05:00
1774055400000,70752.93,70752.93,70685.59,70691.71,0.00098,2026-03-21 01:10:00
1774055700000,70680.54,70680.54,70666.71,70666.71,0.00488,2026-03-21 01:15:00
1774056000000,70662.57,70662.57,70587.47,70587.47,0.00217,2026-03-21 01:20:00
1774056300000,70608.91,70637.84,70608.91,70637.84,0.02965,2026-03-21 01:25:00
1774056600000,70569.59,70599.47,70561.46,70599.47,0.02209,2026-03-21 01:30:00
1774056900000,70599.47,70599.47,70599.47,70599.47,0.0,2026-03-21 01:35:00
1774057200000,70617.24,70617.24,70608.96,70608.96,0.00023,2026-03-21 01:40:00
1774057500000,70528.73,70528.73,70528.73,70528.73,0.00011,2026-03-21 01:45:00
1774057800000,70526.51,70526.51,70489.62,70489.62,0.00367,2026-03-21 01:50:00
1774058100000,70484.59,70510.06,70465.28,70465.28,0.01425,2026-03-21 01:55:00
1774058400000,70436.31,70510.24,70436.31,70475.27,0.00361,2026-03-21 02:00:00
1774058700000,70470.36,70514.49,70452.97,70501.6,0.03853,2026-03-21 02:05:00
1774059000000,70501.6,70501.6,70485.44,70494.31,0.00208,2026-03-21 02:10:00
1774059300000,70537.85,70558.63,70529.32,70558.62,0.00225,2026-03-21 02:15:00
1774059600000,70563.1,70597.87,70563.1,70597.87,0.0011,2026-03-21 02:20:00
1774059900000,70680.17,70680.17,70680.17,70680.17,0.00016,2026-03-21 02:25:00
1774060200000,70597.87,70597.87,70595.12,70595.12,0.00708,2026-03-21 02:30:00
1774060500000,70610.96,70657.76,70610.96,70657.76,0.00484,2026-03-21 02:35:00
1774060800000,70723.1,70723.95,70700.8,70717.02,0.00211,2026-03-21 02:40:00
1774061100000,70702.77,70716.88,70702.77,70716.88,0.0012,2026-03-21 02:45:00
1774061400000,70749.08,70778.11,70749.08,70778.11,0.07239,2026-03-21 02:50:00
1774061700000,70719.52,70719.52,70719.52,70719.52,0.00031,2026-03-21 02:55:00
1774062000000,70706.73,70709.56,70681.34,70687.62,0.00457,2026-03-21 03:00:00
1774062300000,70701.98,70759.16,70701.97,70755.99,0.03771,2026-03-21 03:05:00
1774062600000,70792.66,70792.66,70694.66,70694.66,0.00577,2026-03-21 03:10:00
1774062900000,70709.15,70709.15,70699.75,70699.75,0.00182,2026-03-21 03:15:00
1774063200000,70688.63,70704.36,70688.63,70704.36,0.00424,2026-03-21 03:20:00
1774063500000,70704.36,70704.36,70704.36,70704.36,0.0,2026-03-21 03:25:00
1774063800000,70650.75,70650.75,70650.75,70650.75,0.00051,2026-03-21 03:30:00
1774064100000,70650.75,70650.75,70650.75,70650.75,0.0,2026-03-21 03:35:00
1774064400000,70650.75,70650.75,70650.75,70650.75,0.0,2026-03-21 03:40:00
1774064700000,70650.75,70650.75,70650.75,70650.75,0.0,2026-03-21 03:45:00
1774065000000,70667.2,70667.2,70667.2,70667.2,0.00014,2026-03-21 03:50:00
1774065300000,70700.48,70712.75,70700.48,70712.75,0.00737,2026-03-21 03:55:00
1774065600000,70679.85,70744.44,70679.85,70738.82,0.00159,2026-03-21 04:00:00
1774065900000,70767.47,70786.63,70722.27,70722.27,0.00204,2026-03-21 04:05:00
1774066200000,70764.56,70769.15,70764.56,70764.87,0.00112,2026-03-21 04:10:00
1774066500000,70751.35,70751.35,70751.35,70751.35,0.00099,2026-03-21 04:15:00
1774066800000,70751.35,70792.1,70751.35,70792.1,0.00828,2026-03-21 04:20:00
1774067100000,70787.31,70798.5,70766.59,70792.1,1.40623,2026-03-21 04:25:00
1774067400000,70691.75,70691.75,70653.93,70676.14,0.0011,2026-03-21 04:30:00
1774067700000,70642.46,70667.41,70642.46,70644.69,0.04926,2026-03-21 04:35:00
1774068000000,70644.69,70644.69,70644.69,70644.69,0.0,2026-03-21 04:40:00
1774068300000,70648.13,70669.78,70648.13,70669.78,0.01398,2026-03-21 04:45:00
1774068600000,70641.63,70641.63,70641.63,70641.63,0.0039,2026-03-21 04:50:00
1774068900000,70643.63,70643.63,70643.63,70643.63,4e-05,2026-03-21 04:55:00
1774069200000,70659.88,70691.96,70657.37,70657.37,0.02833,2026-03-21 05:00:00
1774069500000,70636.76,70649.5,70636.06,70636.06,0.00769,2026-03-21 05:05:00
1774069800000,70659.71,70659.71,70629.86,70629.86,0.00076,2026-03-21 05:10:00
1774070100000,70693.78,70758.4,70693.78,70711.21,0.00386,2026-03-21 05:15:00
1774070400000,70710.23,70730.65,70710.23,70714.82,0.02552,2026-03-21 05:20:00
1774070700000,70762.05,70762.2,70762.05,70762.2,0.0016,2026-03-21 05:25:00
1774071000000,70771.9,70791.38,70748.46,70749.06,0.1026,2026-03-21 05:30:00
1774071300000,70746.82,70783.19,70746.82,70783.19,0.01646,2026-03-21 05:35:00
1774071600000,70783.19,70783.19,70783.19,70783.19,0.0,2026-03-21 05:40:00
1774071900000,70756.31,70758.36,70748.66,70748.66,0.00311,2026-03-21 05:45:00
1774072200000,70737.11,70737.11,70701.26,70701.26,0.01229,2026-03-21 05:50:00
1774072500000,70714.92,70735.64,70714.92,70735.64,0.00934,2026-03-21 05:55:00
1774072800000,70718.91,70745.4,70718.91,70745.4,0.00932,2026-03-21 06:00:00
1774073100000,70742.73,70742.73,70726.09,70726.09,0.00126,2026-03-21 06:05:00
1774073400000,70747.44,70747.44,70744.37,70747.43,0.00057,2026-03-21 06:10:00
1774073700000,70736.26,70769.42,70729.3,70769.42,0.01874,2026-03-21 06:15:00
1774074000000,70757.91,70757.91,70755.37,70755.37,0.00144,2026-03-21 06:20:00
1774074300000,70777.35,70777.35,70777.35,70777.35,0.00783,2026-03-21 06:25:00
1774074600000,70780.2,70780.2,70760.31,70760.31,0.02062,2026-03-21 06:30:00
1774074900000,70760.31,70760.31,70760.31,70760.31,0.0,2026-03-21 06:35:00
1774075200000,70760.31,70760.31,70760.31,70760.31,0.0,2026-03-21 06:40:00
1774075500000,70760.31,70760.31,70760.31,70760.31,0.0,2026-03-21 06:45:00
1774075800000,70760.31,70760.31,70760.31,70760.31,0.0,2026-03-21 06:50:00
1774076100000,70760.31,70760.31,70760.31,70760.31,0.0,2026-03-21 06:55:00
1774076400000,70778.25,70791.75,70767.42,70770.38,0.00976,2026-03-21 07:00:00
1774076700000,70750.57,70750.58,70750.57,70750.58,0.00207,2026-03-21 07:05:00
1774077000000,70758.23,70758.23,70754.34,70754.34,0.00225,2026-03-21 07:10:00
1774077300000,70743.35,70823.35,70743.35,70823.35,0.00259,2026-03-21 07:15:00
1774077600000,70823.35,70823.35,70823.35,70823.35,0.0,2026-03-21 07:20:00
1774077900000,70823.35,70823.35,70823.35,70823.35,0.00173,2026-03-21 07:25:00
1774078200000,70823.35,70823.35,70823.35,70823.35,0.0,2026-03-21 07:30:00
1774078500000,70823.35,70823.35,70823.35,70823.35,0.0,2026-03-21 07:35:00
1774078800000,70780.69,70780.69,70776.04,70776.04,0.02219,2026-03-21 07:40:00
1774079100000,70695.21,70695.21,70695.21,70695.21,0.0139,2026-03-21 07:45:00
1774079400000,70707.6,70707.6,70707.6,70707.6,3e-05,2026-03-21 07:50:00
1774079700000,70707.6,70707.6,70707.6,70707.6,0.0,2026-03-21 07:55:00
1774080000000,70707.6,70707.6,70707.6,70707.6,0.0,2026-03-21 08:00:00
1774080300000,70718.65,70733.17,70718.65,70723.81,0.00116,2026-03-21 08:05:00
1774080600000,70710.91,70710.91,70710.91,70710.91,0.01183,2026-03-21 08:10:00
1774080900000,70716.42,70716.42,70645.78,70645.78,0.00027,2026-03-21 08:15:00
1774081200000,70600.0,70600.0,70600.0,70600.0,5e-05,2026-03-21 08:20:00
1774081500000,70600.0,70600.0,70600.0,70600.0,0.0,2026-03-21 08:25:00
1774081800000,70500.62,70500.62,70500.62,70500.62,0.00822,2026-03-21 08:30:00
1774082100000,70500.62,70500.62,70500.62,70500.62,0.0,2026-03-21 08:35:00
1774082400000,70635.04,70635.04,70635.04,70635.04,0.00014,2026-03-21 08:40:00
1774082700000,70640.76,70640.76,70640.76,70640.76,0.00077,2026-03-21 08:45:00
1774083000000,70640.76,70640.76,70640.76,70640.76,0.0,2026-03-21 08:50:00
1774083300000,70597.34,70597.34,70573.38,70573.38,0.00031,2026-03-21 08:55:00
1774083600000,70577.18,70661.9,70577.18,70661.9,0.00075,2026-03-21 09:00:00
1774083900000,70737.74,70737.74,70716.95,70716.95,0.01428,2026-03-21 09:05:00
1774084200000,70688.66,70688.66,70688.66,70688.66,0.00014,2026-03-21 09:10:00
1774084500000,70688.66,70688.66,70688.66,70688.66,0.0,2026-03-21 09:15:00
1774084800000,70688.66,70688.66,70688.66,70688.66,0.0,2026-03-21 09:20:00
1774085100000,70688.66,70688.66,70688.66,70688.66,0.0,2026-03-21 09:25:00
1774085400000,70688.66,70688.66,70688.66,70688.66,0.0,2026-03-21 09:30:00
1774085700000,70688.66,70688.66,70688.66,70688.66,0.0,2026-03-21 09:35:00
1774086000000,70688.66,70688.66,70688.66,70688.66,0.0,2026-03-21 09:40:00
1774086300000,70688.66,70688.66,70688.66,70688.66,0.0,2026-03-21 09:45:00
1774086600000,70688.66,70688.66,70688.66,70688.66,0.0,2026-03-21 09:50:00
1774086900000,70688.66,70688.66,70688.66,70688.66,0.0,2026-03-21 09:55:00
1774087200000,70688.66,70688.66,70688.66,70688.66,0.0,2026-03-21 10:00:00
1774087500000,70674.96,70674.96,70674.96,70674.96,0.00071,2026-03-21 10:05:00
1774087800000,70672.96,70672.96,70672.96,70672.96,0.00014,2026-03-21 10:10:00
1774088100000,70642.94,70642.94,70642.94,70642.94,0.00065,2026-03-21 10:15:00
1774088400000,70642.94,70642.94,70642.94,70642.94,0.0,2026-03-21 10:20:00
1774088700000,70642.94,70642.94,70642.94,70642.94,0.0,2026-03-21 10:25:00
1774089000000,70607.71,70607.71,70607.71,70607.71,0.00637,2026-03-21 10:30:00
1774089300000,70607.71,70607.71,70607.71,70607.71,0.0,2026-03-21 10:35:00
1774089600000,70607.71,70607.71,70607.71,70607.71,0.0,2026-03-21 10:40:00
1774089900000,70607.71,70607.71,70607.71,70607.71,0.0,2026-03-21 10:45:00
1774090200000,70607.71,70607.71,70607.71,70607.71,0.0,2026-03-21 10:50:00
1774090500000,70607.71,70607.71,70607.71,70607.71,0.0,2026-03-21 10:55:00
1774090800000,70607.71,70607.71,70607.71,70607.71,0.0,2026-03-21 11:00:00
1774091100000,70616.19,70616.19,70597.69,70598.63,0.00124,2026-03-21 11:05:00
1774091400000,70595.64,70595.64,70577.74,70577.74,0.00095,2026-03-21 11:10:00
1774091700000,70577.74,70577.74,70577.74,70577.74,0.0,2026-03-21 11:15:00
1774092000000,70577.74,70577.74,70577.74,70577.74,0.0,2026-03-21 11:20:00
1774092300000,70605.91,70605.91,70602.71,70602.71,0.00157,2026-03-21 11:25:00
1774092600000,70563.93,70563.93,70563.93,70563.93,0.00244,2026-03-21 11:30:00
1774092900000,70617.44,70617.44,70617.44,70617.44,0.00141,2026-03-21 11:35:00
1774093200000,70601.43,70601.43,70601.43,70601.43,0.00054,2026-03-21 11:40:00
1774093500000,70631.95,70636.5,70620.1,70629.45,0.001,2026-03-21 11:45:00
1774093800000,70629.45,70629.45,70629.45,70629.45,0.0,2026-03-21 11:50:00
1774094100000,70622.73,70622.73,70622.73,70622.73,0.00036,2026-03-21 11:55:00
1774094400000,70687.8,70731.14,70687.8,70731.14,0.00158,2026-03-21 12:00:00
1774094700000,70678.7,70678.7,70678.7,70678.7,0.00035,2026-03-21 12:05:00
1774095000000,70722.99,70737.83,70722.99,70737.83,0.00021,2026-03-21 12:10:00
1774095300000,70708.07,70733.41,70708.07,70733.41,0.01187,2026-03-21 12:15:00
1774095600000,70733.41,70733.41,70733.41,70733.41,0.0,2026-03-21 12:20:00
1774095900000,70796.4,70796.4,70796.4,70796.4,0.00142,2026-03-21 12:25:00
1774096200000,70796.4,70796.4,70796.4,70796.4,0.0,2026-03-21 12:30:00
1774096500000,70796.4,70796.4,70796.4,70796.4,0.0,2026-03-21 12:35:00
1774096800000,70764.66,70764.66,70764.66,70764.66,0.0142,2026-03-21 12:40:00
1774097100000,70737.93,70737.93,70737.93,70737.93,9e-05,2026-03-21 12:45:00
1774097400000,70737.93,70737.93,70737.93,70737.93,0.0,2026-03-21 12:50:00
1774097700000,70741.47,70741.47,70729.08,70729.08,0.00551,2026-03-21 12:55:00
1774098000000,70747.99,70747.99,70747.99,70747.99,0.00147,2026-03-21 13:00:00
1774098300000,70738.75,70754.84,70720.77,70732.14,0.00805,2026-03-21 13:05:00
1774098600000,70756.87,70768.48,70748.21,70748.48,0.00416,2026-03-21 13:10:00
1774098900000,70760.04,70760.04,70760.04,70760.04,7e-05,2026-03-21 13:15:00
1774099200000,70760.04,70760.04,70760.04,70760.04,0.0,2026-03-21 13:20:00
1774099500000,70760.04,70760.04,70760.04,70760.04,0.0,2026-03-21 13:25:00
1774099800000,70783.67,70791.97,70762.26,70782.08,0.00404,2026-03-21 13:30:00
1774100100000,70768.98,70768.98,70755.18,70755.18,0.00031,2026-03-21 13:35:00
1774100400000,70755.18,70755.18,70755.18,70755.18,0.0,2026-03-21 13:40:00
1774100700000,70720.74,70720.74,70716.73,70716.73,0.00716,2026-03-21 13:45:00
1774101000000,70716.73,70716.73,70716.73,70716.73,0.0,2026-03-21 13:50:00
1774101300000,70716.73,70716.73,70716.73,70716.73,0.02047,2026-03-21 13:55:00
1774101600000,70809.03,70809.03,70773.48,70773.48,0.00444,2026-03-21 14:00:00
1774101900000,70773.89,70837.65,70773.89,70824.47,0.14563,2026-03-21 14:05:00
1774102200000,70822.89,71086.48,70821.36,71030.47,0.2597,2026-03-21 14:10:00
1774102500000,71030.49,71030.49,70976.0,71023.06,0.83828,2026-03-21 14:15:00
1774102800000,71023.06,71023.06,71023.06,71023.06,0.0,2026-03-21 14:20:00
1774103100000,70962.26,70962.26,70962.26,70962.26,0.0004,2026-03-21 14:25:00
1774103400000,70940.8,70940.8,70940.8,70940.8,0.00703,2026-03-21 14:30:00
1774103700000,71014.72,71014.72,70947.98,70971.75,0.01719,2026-03-21 14:35:00
1774104000000,70952.33,70952.33,70952.33,70952.33,0.00028,2026-03-21 14:40:00
1774104300000,70942.4,70942.4,70799.77,70799.77,0.00472,2026-03-21 14:45:00
1774104600000,70664.2,70664.2,70664.2,70664.2,0.00317,2026-03-21 14:50:00
1774104900000,70634.33,70634.33,70633.77,70633.77,0.01224,2026-03-21 14:55:00
1774105200000,70639.7,70642.74,70583.81,70642.74,0.05219,2026-03-21 15:00:00
1774105500000,70644.23,70650.35,70605.63,70627.17,0.00204,2026-03-21 15:05:00
1774105800000,70599.85,70638.73,70599.85,70638.27,0.00272,2026-03-21 15:10:00
1774106100000,70466.94,70513.92,70466.94,70513.92,0.01036,2026-03-21 15:15:00
1774106400000,70596.96,70596.96,70596.96,70596.96,3e-05,2026-03-21 15:20:00
1774106700000,70596.96,70596.96,70596.96,70596.96,0.0,2026-03-21 15:25:00
1774107000000,70682.28,70713.63,70682.28,70713.63,0.00188,2026-03-21 15:30:00
1774107300000,70713.63,70713.63,70713.63,70713.63,0.0,2026-03-21 15:35:00
1774107600000,70713.63,70713.63,70713.63,70713.63,0.0,2026-03-21 15:40:00
1774107900000,70654.25,70654.25,70649.31,70649.31,0.00841,2026-03-21 15:45:00
1774108200000,70650.39,70650.39,70645.13,70645.13,0.10046,2026-03-21 15:50:00
1774108500000,70656.42,70677.46,70656.42,70677.46,0.01273,2026-03-21 15:55:00
1774108800000,70677.14,70677.14,70642.29,70642.29,0.00215,2026-03-21 16:00:00
1774109100000,70663.45,70663.45,70631.16,70631.16,0.00091,2026-03-21 16:05:00
1774109400000,70625.23,70625.23,70573.97,70586.68,0.00075,2026-03-21 16:10:00
1774109700000,70572.54,70629.45,70509.0,70509.0,0.00926,2026-03-21 16:15:00
1774110000000,70512.43,70518.74,70512.43,70518.74,0.00848,2026-03-21 16:20:00
1774110300000,70520.87,70543.32,70327.62,70400.19,0.0613,2026-03-21 16:25:00
1774110600000,70421.92,70462.81,70416.55,70462.81,0.00052,2026-03-21 16:30:00
1774110900000,70462.81,70462.81,70462.81,70462.81,0.0,2026-03-21 16:35:00
1774111200000,70376.88,70376.88,70376.88,70376.88,0.0143,2026-03-21 16:40:00
1774111500000,70376.88,70376.88,70376.88,70376.88,0.0,2026-03-21 16:45:00
1774111800000,70398.12,70415.64,70397.26,70415.64,0.01949,2026-03-21 16:50:00
1774112100000,70351.62,70351.62,70258.18,70280.0,0.10151,2026-03-21 16:55:00
1774112400000,70294.36,70367.39,70294.36,70367.39,0.01389,2026-03-21 17:00:00
1774112700000,70380.24,70380.24,70233.72,70233.72,0.00848,2026-03-21 17:05:00
1774113000000,70237.48,70250.53,70237.48,70243.15,0.00063,2026-03-21 17:10:00
1774113300000,70262.13,70283.15,70262.13,70283.15,0.00211,2026-03-21 17:15:00
1774113600000,70295.28,70402.97,70295.28,70402.97,0.00072,2026-03-21 17:20:00
1774113900000,70381.31,70389.6,70381.31,70389.6,0.00217,2026-03-21 17:25:00
1774114200000,70389.6,70389.6,70389.6,70389.6,0.0,2026-03-21 17:30:00
1774114500000,70379.93,70389.02,70379.93,70389.02,0.00023,2026-03-21 17:35:00
1774114800000,70383.25,70409.6,70383.25,70403.21,0.00067,2026-03-21 17:40:00
1774115100000,70387.51,70387.51,70387.24,70387.24,0.0015,2026-03-21 17:45:00
1774115400000,70368.11,70371.01,70283.71,70283.71,0.08465,2026-03-21 17:50:00
1774115700000,70354.24,70354.24,70313.08,70335.15,0.0091,2026-03-21 17:55:00
1774116000000,70332.33,70348.19,70313.17,70322.53,0.00392,2026-03-21 18:00:00
1774116300000,70314.84,70354.25,70314.84,70354.25,0.01297,2026-03-21 18:05:00
1774116600000,70354.25,70387.41,70352.28,70364.68,0.09526,2026-03-21 18:10:00
1774116900000,70356.85,70377.0,70354.81,70377.0,0.01013,2026-03-21 18:15:00
1774117200000,70410.17,70440.52,70394.17,70440.52,0.00101,2026-03-21 18:20:00
1774117500000,70383.39,70383.39,70383.39,70383.39,0.01086,2026-03-21 18:25:00
1774117800000,70420.68,70420.68,70420.68,70420.68,0.0125,2026-03-21 18:30:00
1774118100000,70450.39,70504.88,70450.39,70504.88,0.03196,2026-03-21 18:35:00
1774118400000,70498.33,70502.17,70498.33,70502.17,0.00431,2026-03-21 18:40:00
1774118700000,70477.6,70477.6,70467.68,70467.68,0.00078,2026-03-21 18:45:00
1774119000000,70449.2,70449.2,70449.2,70449.2,0.00039,2026-03-21 18:50:00
1774119300000,70417.89,70417.89,70417.89,70417.89,0.00283,2026-03-21 18:55:00
1774119600000,70428.53,70428.53,70428.53,70428.53,0.00173,2026-03-21 19:00:00
1774119900000,70427.32,70451.63,70427.32,70451.63,0.00254,2026-03-21 19:05:00
1774120200000,70428.01,70430.87,70420.73,70420.73,0.02716,2026-03-21 19:10:00
1774120500000,70437.65,70437.65,70437.65,70437.65,0.00014,2026-03-21 19:15:00
1774120800000,70429.96,70449.36,70429.96,70449.36,0.00013,2026-03-21 19:20:00
1774121100000,70435.42,70453.68,70429.91,70453.68,0.00845,2026-03-21 19:25:00
1774121400000,70428.2,70441.53,70354.63,70378.05,0.01715,2026-03-21 19:30:00
1774121700000,70393.24,70393.24,70339.81,70341.01,0.00113,2026-03-21 19:35:00
1774122000000,70333.15,70352.3,70327.37,70352.3,0.0012,2026-03-21 19:40:00
1774122300000,70341.24,70387.63,70341.24,70370.06,0.00123,2026-03-21 19:45:00
1774122600000,70364.77,70364.77,70342.65,70362.45,0.00022,2026-03-21 19:50:00
1774122900000,70365.52,70388.2,70343.17,70388.2,0.00455,2026-03-21 19:55:00
1774123200000,70403.18,70417.58,70391.73,70391.73,0.00196,2026-03-21 20:00:00
1774123500000,70375.91,70375.91,70353.35,70372.89,0.00053,2026-03-21 20:05:00
1774123800000,70393.86,70453.91,70377.19,70447.72,0.11358,2026-03-21 20:10:00
1774124100000,70409.84,70413.21,70367.84,70413.21,0.00141,2026-03-21 20:15:00
1774124400000,70399.57,70486.85,70399.57,70451.08,0.21132,2026-03-21 20:20:00
1774124700000,70465.19,70478.58,70433.43,70447.26,0.00602,2026-03-21 20:25:00
1774125000000,70460.36,70485.87,70460.36,70485.87,0.00371,2026-03-21 20:30:00
1774125300000,70454.77,70484.99,70450.86,70480.89,0.00311,2026-03-21 20:35:00
1774125600000,70460.34,70460.34,70439.31,70439.31,9e-05,2026-03-21 20:40:00
1774125900000,70480.53,70491.78,70480.53,70483.86,0.00324,2026-03-21 20:45:00
1774126200000,70483.85,70483.85,70438.48,70438.48,0.00135,2026-03-21 20:50:00
1774126500000,70443.65,70472.44,70443.64,70472.36,0.0993,2026-03-21 20:55:00
1774126800000,70454.13,70454.13,70400.36,70434.44,0.00382,2026-03-21 21:00:00
1774127100000,70459.31,70493.78,70459.31,70493.78,0.00019,2026-03-21 21:05:00
1774127400000,70487.48,70487.48,70375.54,70375.54,0.00316,2026-03-21 21:10:00
1774127700000,70390.68,70402.74,70378.92,70390.13,0.00079,2026-03-21 21:15:00
1774128000000,70389.91,70390.27,70379.74,70379.74,0.00031,2026-03-21 21:20:00
1774128300000,70353.62,70369.46,70353.62,70362.62,0.00208,2026-03-21 21:25:00
1774128600000,70368.61,70398.71,70368.61,70369.07,0.01099,2026-03-21 21:30:00
1774128900000,70374.17,70376.08,70355.7,70376.08,0.00018,2026-03-21 21:35:00
1774129200000,70343.6,70392.52,70343.6,70386.84,0.02239,2026-03-21 21:40:00
1774129500000,70364.03,70364.03,70342.65,70342.66,0.01129,2026-03-21 21:45:00
1774129800000,70351.7,70361.51,70275.73,70334.34,0.00187,2026-03-21 21:50:00
1774130100000,70348.22,70348.22,70348.22,70348.22,2e-05,2026-03-21 21:55:00
1774130400000,70356.85,70356.85,70279.13,70279.13,0.04975,2026-03-21 22:00:00
1774130700000,70313.67,70342.79,70278.17,70278.17,0.01246,2026-03-21 22:05:00
1774131000000,70309.48,70324.35,70307.82,70307.82,0.00061,2026-03-21 22:10:00
1774131300000,70310.08,70337.57,70310.08,70337.57,0.00451,2026-03-21 22:15:00
1774131600000,70296.15,70306.81,70281.88,70281.88,6e-05,2026-03-21 22:20:00
1774131900000,70304.22,70304.22,70278.49,70278.49,6e-05,2026-03-21 22:25:00
1774132200000,70290.27,70334.2,70265.07,70334.2,0.00789,2026-03-21 22:30:00
1774132500000,70379.06,70379.06,70361.88,70365.16,0.0018,2026-03-21 22:35:00
1774132800000,70363.59,70374.69,70334.2,70334.2,0.00179,2026-03-21 22:40:00
1774133100000,70282.59,70282.59,70282.59,70282.59,0.00021,2026-03-21 22:45:00
1774133400000,70282.59,70282.59,70282.59,70282.59,0.0,2026-03-21 22:50:00
1774133700000,70297.53,70297.53,70297.53,70297.53,0.00182,2026-03-21 22:55:00
1774134000000,70252.0,70268.01,70215.44,70241.75,0.01655,2026-03-21 23:00:00
1774134300000,70263.95,70263.95,70237.95,70237.95,0.00085,2026-03-21 23:05:00
1774134600000,70220.92,70220.92,70153.66,70158.72,0.10806,2026-03-21 23:10:00
1774134900000,70166.16,70166.16,70166.16,70166.16,0.00014,2026-03-21 23:15:00
1774135200000,70165.04,70165.04,70165.04,70165.04,0.00021,2026-03-21 23:20:00
1774135500000,70165.04,70165.04,70165.04,70165.04,0.0,2026-03-21 23:25:00
1774135800000,70165.04,70165.04,70165.04,70165.04,0.0,2026-03-21 23:30:00
1774136100000,70152.23,70152.23,70152.23,70152.23,0.00015,2026-03-21 23:35:00
1774136400000,70152.23,70152.23,70152.23,70152.23,0.0,2026-03-21 23:40:00
1774136700000,70112.32,70117.39,69604.47,69604.47,0.16929,2026-03-21 23:45:00
1774137000000,69623.14,69623.14,68957.94,69118.89,0.80903,2026-03-21 23:50:00
1774137300000,69033.35,69217.3,68571.95,68747.47,0.426,2026-03-21 23:55:00
1774137600000,68803.76,68803.76,68330.43,68407.58,2.87621,2026-03-22 00:00:00
1774137900000,68392.08,68921.64,68392.08,68848.14,0.08232,2026-03-22 00:05:00
1774138200000,68882.64,68882.64,68505.0,68743.77,1.41791,2026-03-22 00:10:00
1774138500000,68731.21,69027.29,68731.21,68943.27,0.05321,2026-03-22 00:15:00
1774138800000,68904.0,68904.0,68798.7,68873.97,0.02331,2026-03-22 00:20:00
1774139100000,68808.62,68808.62,68778.92,68778.92,1.03175,2026-03-22 00:25:00
1774139400000,68959.46,69109.14,68959.46,69109.14,0.16658,2026-03-22 00:30:00
1774139700000,69113.63,69113.63,69063.12,69076.16,0.25955,2026-03-22 00:35:00
1774140000000,68998.1,69128.0,68984.81,69020.4,0.07533,2026-03-22 00:40:00
1774140300000,69035.95,69119.15,69035.95,69071.03,0.39911,2026-03-22 00:45:00
1774140600000,69060.4,69060.4,68839.56,68839.56,0.29706,2026-03-22 00:50:00
1774140900000,68851.97,68916.57,68851.97,68916.57,0.00011,2026-03-22 00:55:00
1774141200000,68993.65,69067.45,68993.65,68994.04,0.0025,2026-03-22 01:00:00
1774141500000,69051.61,69051.61,68937.31,68937.31,0.00741,2026-03-22 01:05:00
1774141800000,68880.43,68976.41,68880.43,68975.85,0.00915,2026-03-22 01:10:00
1774142100000,68960.42,68960.42,68953.05,68953.05,0.00053,2026-03-22 01:15:00
1774142400000,69045.79,69067.52,69045.77,69051.84,0.00025,2026-03-22 01:20:00
1774142700000,68992.68,68992.68,68978.78,68978.78,0.09568,2026-03-22 01:25:00
1774143000000,69072.72,69072.72,69025.78,69025.78,0.01154,2026-03-22 01:30:00
1774143300000,68961.81,68961.81,68822.34,68870.0,0.0471,2026-03-22 01:35:00
1774143600000,68887.07,68887.07,68854.27,68854.27,0.00076,2026-03-22 01:40:00
1774143900000,68868.25,68907.92,68868.25,68907.92,0.00533,2026-03-22 01:45:00
1774144200000,68965.81,68965.81,68965.81,68965.81,0.00544,2026-03-22 01:50:00
1774144500000,68965.81,68965.81,68965.81,68965.81,0.0,2026-03-22 01:55:00
1774144800000,69000.0,69028.32,69000.0,69028.32,0.00254,2026-03-22 02:00:00
1774145100000,69028.79,69068.97,68990.06,68990.06,0.00428,2026-03-22 02:05:00
1774145400000,68962.97,69072.16,68962.97,69071.27,0.00416,2026-03-22 02:10:00
1774145700000,69027.85,69027.85,69024.94,69024.94,0.001,2026-03-22 02:15:00
1774146000000,69024.94,69084.44,68980.63,69075.49,0.18486,2026-03-22 02:20:00
1774146300000,69086.08,69419.99,69086.08,69419.99,0.10142,2026-03-22 02:25:00
1774146600000,69255.0,69314.41,69255.0,69304.89,0.00083,2026-03-22 02:30:00
1774146900000,69246.84,69282.42,69232.98,69263.76,0.00066,2026-03-22 02:35:00
1774147200000,69263.76,69263.76,69263.76,69263.76,0.0,2026-03-22 02:40:00
1774147500000,69237.83,69327.9,69184.81,69327.9,0.14069,2026-03-22 02:45:00
1774147800000,69327.9,69327.9,69327.9,69327.9,0.0,2026-03-22 02:50:00
1774148100000,69298.7,69325.16,69298.7,69306.55,0.00068,2026-03-22 02:55:00
1774148400000,69294.29,69294.29,69120.75,69120.75,0.00377,2026-03-22 03:00:00
1774148700000,69150.66,69248.03,69150.66,69236.99,0.00632,2026-03-22 03:05:00
1774149000000,69299.5,69339.04,69299.5,69339.04,0.00569,2026-03-22 03:10:00
1774149300000,69349.2,69349.2,69349.2,69349.2,3e-05,2026-03-22 03:15:00
1774149600000,69332.73,69332.73,69286.25,69286.25,0.00085,2026-03-22 03:20:00
1774149900000,69420.0,69519.9,69420.0,69519.9,0.00214,2026-03-22 03:25:00
1774150200000,69519.58,69519.58,69461.57,69461.57,0.0015,2026-03-22 03:30:00
1774150500000,69419.27,69559.98,69419.27,69420.97,0.02349,2026-03-22 03:35:00
1774150800000,69408.62,69408.62,69408.62,69408.62,0.001,2026-03-22 03:40:00
1774151100000,69294.44,69325.68,69288.56,69325.68,0.02149,2026-03-22 03:45:00
1774151400000,69328.0,69328.0,69328.0,69328.0,5e-05,2026-03-22 03:50:00
1774151700000,69334.0,69335.78,69334.0,69335.78,0.00181,2026-03-22 03:55:00
1774152000000,69368.44,69443.09,69368.44,69409.48,0.00258,2026-03-22 04:00:00
1774152300000,69463.15,69463.15,69461.83,69461.83,0.00079,2026-03-22 04:05:00
1774152600000,69429.61,69429.61,69424.54,69424.54,0.04043,2026-03-22 04:10:00
1774152900000,69503.98,69512.44,69503.98,69512.44,0.0013,2026-03-22 04:15:00
1774153200000,69512.44,69512.44,69512.44,69512.44,0.0,2026-03-22 04:20:00
1774153500000,69512.44,69512.44,69512.44,69512.44,0.0,2026-03-22 04:25:00
1774153800000,69238.16,69267.59,69238.16,69267.59,0.05442,2026-03-22 04:30:00
1774154100000,69267.59,69267.59,69267.59,69267.59,0.0,2026-03-22 04:35:00
1774154400000,69315.1,69317.02,69315.1,69317.02,0.00218,2026-03-22 04:40:00
1774154700000,69365.4,69365.4,69365.4,69365.4,0.00013,2026-03-22 04:45:00
1774155000000,69365.4,69365.4,69365.4,69365.4,0.0,2026-03-22 04:50:00
1774155300000,69341.35,69358.08,69336.59,69358.08,0.0405,2026-03-22 04:55:00
1774155600000,69320.44,69320.44,69295.84,69295.84,0.00184,2026-03-22 05:00:00
1774155900000,69295.84,69295.84,69251.0,69251.0,0.12986,2026-03-22 05:05:00
1774156200000,69231.18,69257.83,69231.18,69257.83,0.00011,2026-03-22 05:10:00
1774156500000,69219.3,69219.3,69194.44,69194.44,0.00102,2026-03-22 05:15:00
1774156800000,69247.67,69247.67,69223.79,69223.79,0.00016,2026-03-22 05:20:00
1774157100000,69223.79,69223.79,69223.79,69223.79,0.0,2026-03-22 05:25:00
1774157400000,69199.1,69199.1,69182.03,69190.5,0.01063,2026-03-22 05:30:00
1774157700000,69158.66,69173.33,69158.66,69168.74,0.0001,2026-03-22 05:35:00
1774158000000,69201.88,69201.88,69201.88,69201.88,2e-05,2026-03-22 05:40:00
1774158300000,69229.54,69243.03,69202.42,69229.34,0.11354,2026-03-22 05:45:00
1774158600000,69211.0,69211.0,69205.9,69205.9,0.00067,2026-03-22 05:50:00
1774158900000,69205.9,69205.9,69205.9,69205.9,0.0,2026-03-22 05:55:00
1774159200000,69158.66,69184.46,69125.0,69184.46,0.0044,2026-03-22 06:00:00
1774159500000,69112.52,69112.52,69109.77,69109.77,0.00351,2026-03-22 06:05:00
1774159800000,69162.53,69175.06,69126.12,69126.12,0.00636,2026-03-22 06:10:00
1774160100000,69126.12,69126.12,69126.12,69126.12,0.0,2026-03-22 06:15:00
1774160400000,69209.34,69209.34,69150.51,69150.51,0.03591,2026-03-22 06:20:00
1774160700000,69150.51,69150.51,69150.51,69150.51,0.0,2026-03-22 06:25:00
1774161000000,69159.33,69159.33,69159.33,69159.33,0.00064,2026-03-22 06:30:00
1774161300000,69159.33,69159.33,69159.33,69159.33,0.0,2026-03-22 06:35:00
1774161600000,69214.76,69214.76,69208.07,69208.07,0.0021,2026-03-22 06:40:00
1774161900000,69208.07,69208.07,69208.07,69208.07,0.0,2026-03-22 06:45:00
1774162200000,69188.26,69188.26,69188.26,69188.26,7e-05,2026-03-22 06:50:00
1774162500000,69152.91,69175.16,69152.91,69170.12,0.00243,2026-03-22 06:55:00
1774162800000,69164.23,69219.02,69164.23,69219.02,0.00091,2026-03-22 07:00:00
1774163100000,69185.58,69185.58,69168.07,69168.07,0.00324,2026-03-22 07:05:00
1774163400000,69143.91,69178.22,69143.91,69176.72,0.01064,2026-03-22 07:10:00
1774163700000,69176.72,69176.72,69176.72,69176.72,0.0,2026-03-22 07:15:00
1774164000000,69176.72,69176.72,69176.72,69176.72,0.0,2026-03-22 07:20:00
1774164300000,69216.08,69216.08,69213.44,69213.44,0.00203,2026-03-22 07:25:00
1774164600000,69110.0,69110.0,69110.0,69110.0,0.28941,2026-03-22 07:30:00
1774164900000,69101.41,69101.41,69027.29,69027.29,0.00306,2026-03-22 07:35:00
1774165200000,69000.0,69000.0,68998.18,68998.18,0.0323,2026-03-22 07:40:00
1774165500000,68921.64,68921.64,68921.64,68921.64,0.00709,2026-03-22 07:45:00
1774165800000,68921.64,68921.64,68921.64,68921.64,0.0,2026-03-22 07:50:00
1774166100000,68910.64,68910.64,68910.64,68910.64,0.00199,2026-03-22 07:55:00
1774166400000,68900.0,68907.43,68737.84,68808.31,0.02038,2026-03-22 08:00:00
1774166700000,68852.29,68929.67,68852.29,68911.39,0.04077,2026-03-22 08:05:00
1774167000000,68920.46,68920.46,68920.46,68920.46,0.00049,2026-03-22 08:10:00
1774167300000,68920.46,68920.46,68920.46,68920.46,0.0,2026-03-22 08:15:00
1774167600000,68797.36,68816.38,68797.36,68816.38,0.00024,2026-03-22 08:20:00
1774167900000,68680.34,68680.34,68596.52,68616.6,0.14972,2026-03-22 08:25:00
1774168200000,68616.6,68616.6,68616.6,68616.6,0.0,2026-03-22 08:30:00
1774168500000,68585.8,68704.77,68585.8,68699.35,0.0068,2026-03-22 08:35:00
1774168800000,68771.82,68771.82,68759.75,68759.75,0.02914,2026-03-22 08:40:00
1774169100000,68759.75,68759.75,68759.75,68759.75,0.0,2026-03-22 08:45:00
1774169400000,68759.75,68759.75,68759.75,68759.75,0.0,2026-03-22 08:50:00
1774169700000,68759.75,68759.75,68759.75,68759.75,0.0,2026-03-22 08:55:00
1774170000000,68759.75,68759.75,68759.75,68759.75,0.0,2026-03-22 09:00:00
1774170300000,68859.64,68859.64,68835.59,68835.59,0.00172,2026-03-22 09:05:00
1774170600000,68835.59,68835.59,68835.59,68835.59,0.0,2026-03-22 09:10:00
1774170900000,68714.81,68714.81,68714.81,68714.81,0.00209,2026-03-22 09:15:00
1774171200000,68791.88,68791.88,68787.93,68787.93,0.00149,2026-03-22 09:20:00
1774171500000,68606.9,68677.54,68606.9,68661.01,0.00136,2026-03-22 09:25:00
1774171800000,68689.11,68703.82,68652.88,68652.88,0.00078,2026-03-22 09:30:00
1774172100000,68744.06,68744.06,68744.06,68744.06,0.00182,2026-03-22 09:35:00
1774172400000,68744.06,68744.06,68744.06,68744.06,0.0,2026-03-22 09:40:00
1774172700000,68744.06,68744.06,68744.06,68744.06,0.0,2026-03-22 09:45:00
1774173000000,68744.06,68744.06,68744.06,68744.06,0.0,2026-03-22 09:50:00
1774173300000,68837.69,68837.69,68837.69,68837.69,0.00038,2026-03-22 09:55:00
1774173600000,68841.63,68841.63,68841.63,68841.63,0.00149,2026-03-22 10:00:00
1774173900000,68785.6,68785.6,68732.42,68732.42,0.00409,2026-03-22 10:05:00
1774174200000,68714.14,68714.14,68714.14,68714.14,0.00015,2026-03-22 10:10:00
1774174500000,68723.73,68723.73,68707.3,68720.02,0.01128,2026-03-22 10:15:00
1774174800000,68720.02,68720.02,68720.02,68720.02,0.0,2026-03-22 10:20:00
1774175100000,68722.18,68722.18,68722.18,68722.18,0.00145,2026-03-22 10:25:00
1774175400000,68801.18,68801.18,68722.79,68722.79,0.00239,2026-03-22 10:30:00
1774175700000,68640.26,68694.55,68640.26,68694.55,0.03263,2026-03-22 10:35:00
1774176000000,68694.55,68694.55,68694.55,68694.55,0.0,2026-03-22 10:40:00
1774176300000,68694.55,68694.55,68694.55,68694.55,0.0,2026-03-22 10:45:00
1774176600000,68598.99,68640.54,68598.99,68640.54,0.0146,2026-03-22 10:50:00
1774176900000,68654.2,68672.58,68654.2,68672.58,0.00102,2026-03-22 10:55:00
1774177200000,68672.58,68672.58,68672.58,68672.58,0.0,2026-03-22 11:00:00
1774177500000,68619.65,68666.0,68619.64,68666.0,0.07321,2026-03-22 11:05:00
1774177800000,68654.06,68681.1,68654.06,68664.09,0.00024,2026-03-22 11:10:00
1774178100000,68664.09,68664.09,68664.09,68664.09,0.0,2026-03-22 11:15:00
1774178400000,68649.54,68649.54,68649.54,68649.54,0.0143,2026-03-22 11:20:00
1774178700000,68561.1,68561.1,68407.25,68407.25,0.18116,2026-03-22 11:25:00
1774179000000,68407.25,68407.25,68407.25,68407.25,0.0,2026-03-22 11:30:00
1774179300000,68407.25,68407.25,68407.25,68407.25,0.0,2026-03-22 11:35:00
1774179600000,68330.76,68410.67,68330.43,68410.67,0.02816,2026-03-22 11:40:00
1774179900000,68357.39,68396.69,68328.3,68328.3,0.00152,2026-03-22 11:45:00
1774180200000,68368.45,68368.45,68136.17,68321.8,0.01416,2026-03-22 11:50:00
1774180500000,68283.06,68283.06,68266.11,68266.11,0.00086,2026-03-22 11:55:00
1774180800000,68293.8,68293.8,68204.7,68204.7,0.00164,2026-03-22 12:00:00
1774181100000,68264.66,68264.66,68264.66,68264.66,0.00015,2026-03-22 12:05:00
1774181400000,68307.43,68339.71,68307.43,68339.71,0.00082,2026-03-22 12:10:00
1774181700000,68370.14,68518.28,68370.14,68518.28,0.00858,2026-03-22 12:15:00
1774182000000,68615.6,68615.6,68615.6,68615.6,0.00017,2026-03-22 12:20:00
1774182300000,68615.59,68737.84,68615.59,68737.84,0.00273,2026-03-22 12:25:00
1774182600000,68619.26,68619.26,68619.26,68619.26,3e-05,2026-03-22 12:30:00
1774182900000,68622.63,68622.64,68622.63,68622.64,0.00122,2026-03-22 12:35:00
1774183200000,68622.64,68622.64,68622.64,68622.64,0.0,2026-03-22 12:40:00
1774183500000,68617.24,68631.7,68617.24,68631.7,0.0003,2026-03-22 12:45:00
1774183800000,68631.7,68631.7,68631.7,68631.7,0.0,2026-03-22 12:50:00
1774184100000,68646.0,68646.0,68646.0,68646.0,5e-05,2026-03-22 12:55:00
1774184400000,68751.08,68921.64,68751.08,68921.64,0.02815,2026-03-22 13:00:00
1774184700000,68815.96,68893.86,68815.96,68854.39,0.00611,2026-03-22 13:05:00
1774185000000,68853.96,68863.6,68795.43,68819.91,0.0014,2026-03-22 13:10:00
1774185300000,68819.91,68819.91,68819.91,68819.91,0.0,2026-03-22 13:15:00
1774185600000,68846.76,68846.76,68784.44,68784.44,0.00181,2026-03-22 13:20:00
1774185900000,68783.36,68783.36,68783.36,68783.36,0.00024,2026-03-22 13:25:00
1774186200000,68783.36,68783.36,68783.36,68783.36,0.0,2026-03-22 13:30:00
1774186500000,68783.36,68783.36,68783.36,68783.36,0.0,2026-03-22 13:35:00
1774186800000,68562.23,68562.23,68562.23,68562.23,0.00013,2026-03-22 13:40:00
1774187100000,68562.23,68562.23,68562.23,68562.23,0.0,2026-03-22 13:45:00
1774187400000,68678.89,68703.86,68678.89,68703.86,0.00613,2026-03-22 13:50:00
1774187700000,68703.86,68703.86,68703.86,68703.86,0.0,2026-03-22 13:55:00
1774188000000,68751.75,68751.75,68618.69,68618.69,0.00062,2026-03-22 14:00:00
1774188300000,68625.43,68672.4,68598.92,68672.4,0.01199,2026-03-22 14:05:00
1774188600000,68751.24,68808.42,68747.26,68786.04,0.00152,2026-03-22 14:10:00
1774188900000,68790.23,68790.23,68781.09,68781.09,0.00159,2026-03-22 14:15:00
1774189200000,68781.09,68781.09,68781.09,68781.09,0.0,2026-03-22 14:20:00
1774189500000,68810.13,68810.13,68806.39,68806.39,0.02204,2026-03-22 14:25:00
1774189800000,68862.5,68862.5,68848.26,68848.26,0.00983,2026-03-22 14:30:00
1774190100000,68864.92,68864.92,68864.92,68864.92,0.00013,2026-03-22 14:35:00
1774190400000,68835.2,68835.2,68835.2,68835.2,0.01107,2026-03-22 14:40:00
1774190700000,68812.5,68812.5,68730.68,68744.8,0.01028,2026-03-22 14:45:00
1774191000000,68744.8,68744.8,68744.8,68744.8,0.0,2026-03-22 14:50:00
1774191300000,68691.37,68721.95,68655.56,68721.95,0.0553,2026-03-22 14:55:00
1774191600000,68772.58,68833.31,68750.6,68833.31,0.00459,2026-03-22 15:00:00
1774191900000,68800.25,68914.2,68800.25,68867.81,0.05618,2026-03-22 15:05:00
1774192200000,68873.25,68895.14,68873.25,68889.36,0.08542,2026-03-22 15:10:00
1774192500000,68953.0,69004.88,68895.14,68895.14,0.05185,2026-03-22 15:15:00
1774192800000,68895.14,68895.14,68895.14,68895.14,0.0,2026-03-22 15:20:00
1774193100000,68912.59,68912.59,68912.59,68912.59,0.00043,2026-03-22 15:25:00
1774193400000,68849.03,68849.03,68849.03,68849.03,0.00704,2026-03-22 15:30:00
1774193700000,68810.0,68810.0,68810.0,68810.0,0.00281,2026-03-22 15:35:00
1774194000000,68748.22,68748.22,68748.22,68748.22,0.00725,2026-03-22 15:40:00
1774194300000,68783.84,68783.84,68783.84,68783.84,0.00029,2026-03-22 15:45:00
1774194600000,68800.82,68827.7,68800.82,68827.7,0.00407,2026-03-22 15:50:00
1774194900000,68827.7,68827.7,68827.7,68827.7,0.0,2026-03-22 15:55:00
1774195200000,68861.86,68885.45,68826.84,68885.45,0.00404,2026-03-22 16:00:00
1774195500000,68873.19,68873.19,68783.18,68783.18,0.00572,2026-03-22 16:05:00
1774195800000,68843.75,68843.75,68803.23,68803.23,0.00161,2026-03-22 16:10:00
1774196100000,68805.42,68805.42,68764.77,68764.77,0.00758,2026-03-22 16:15:00
1774196400000,68764.77,68764.77,68764.77,68764.77,0.0,2026-03-22 16:20:00
1774196700000,68736.92,68736.92,68736.92,68736.92,0.00029,2026-03-22 16:25:00
1774197000000,68736.92,68736.92,68736.92,68736.92,0.0,2026-03-22 16:30:00
1774197300000,68759.69,68759.69,68759.69,68759.69,0.00296,2026-03-22 16:35:00
1774197600000,68759.69,68759.69,68759.69,68759.69,0.0,2026-03-22 16:40:00
1774197900000,68795.46,68795.46,68795.46,68795.46,0.00128,2026-03-22 16:45:00
1774198200000,68824.36,68824.36,68824.36,68824.36,0.00566,2026-03-22 16:50:00
1774198500000,68824.36,68824.36,68824.36,68824.36,0.01845,2026-03-22 16:55:00
1774198800000,68819.54,68823.85,68805.19,68823.85,0.00244,2026-03-22 17:00:00
1774199100000,68818.44,68845.01,68814.86,68838.83,1.3684,2026-03-22 17:05:00
1774199400000,68850.02,68850.02,68831.57,68849.59,0.00072,2026-03-22 17:10:00
1774199700000,68802.58,68802.58,68802.58,68802.58,0.00014,2026-03-22 17:15:00
1774200000000,68802.58,68802.58,68802.58,68802.58,0.0,2026-03-22 17:20:00
1774200300000,68770.0,68832.21,68770.0,68832.21,0.14889,2026-03-22 17:25:00
1774200600000,68794.76,68832.28,68794.76,68832.28,0.04439,2026-03-22 17:30:00
1774200900000,68804.92,68804.92,68750.0,68750.0,0.00401,2026-03-22 17:35:00
1774201200000,68730.26,68730.26,68730.26,68730.26,0.00582,2026-03-22 17:40:00
1774201500000,68665.78,68738.56,68665.78,68738.56,0.00268,2026-03-22 17:45:00
1774201800000,68738.56,68738.56,68738.56,68738.56,0.0,2026-03-22 17:50:00
1774202100000,68727.88,68727.88,68702.57,68702.57,0.02152,2026-03-22 17:55:00
1774202400000,68633.98,68648.21,68617.52,68648.21,0.02034,2026-03-22 18:00:00
1774202700000,68650.01,68714.61,68650.01,68710.23,0.00147,2026-03-22 18:05:00
1774203000000,68688.56,68726.6,68688.56,68721.65,0.01348,2026-03-22 18:10:00
1774203300000,68698.61,68698.61,68698.61,68698.61,0.00029,2026-03-22 18:15:00
1774203600000,68689.01,68689.01,68689.01,68689.01,0.00702,2026-03-22 18:20:00
1774203900000,68689.01,68689.01,68689.01,68689.01,0.0,2026-03-22 18:25:00
1774204200000,68715.58,68715.58,68605.7,68605.7,0.40889,2026-03-22 18:30:00
1774204500000,68500.0,68500.0,68379.53,68487.94,0.04681,2026-03-22 18:35:00
1774204800000,68463.43,68463.43,68463.43,68463.43,3e-05,2026-03-22 18:40:00
1774205100000,68450.35,68539.37,68450.35,68537.27,0.0172,2026-03-22 18:45:00
1774205400000,68597.47,68597.47,68565.33,68565.33,0.00117,2026-03-22 18:50:00
1774205700000,68561.38,68615.0,68561.38,68615.0,0.00097,2026-03-22 18:55:00
1774206000000,68615.0,68615.0,68491.57,68491.57,0.00437,2026-03-22 19:00:00
1774206300000,68506.0,68525.95,68483.36,68525.95,0.0054,2026-03-22 19:05:00
1774206600000,68523.42,68523.42,68330.43,68330.43,0.11555,2026-03-22 19:10:00
1774206900000,68373.91,68373.91,68373.91,68373.91,0.00791,2026-03-22 19:15:00
1774207200000,68332.4,68332.4,68332.4,68332.4,0.00092,2026-03-22 19:20:00
1774207500000,68368.53,68368.53,68368.53,68368.53,3e-05,2026-03-22 19:25:00
1774207800000,68328.48,68328.48,68236.45,68264.07,0.05855,2026-03-22 19:30:00
1774208100000,68370.0,68370.0,68370.0,68370.0,0.00015,2026-03-22 19:35:00
1774208400000,68373.28,68439.27,68370.0,68391.49,0.01764,2026-03-22 19:40:00
1774208700000,68373.28,68373.28,68187.5,68187.5,0.05754,2026-03-22 19:45:00
1774209000000,68187.5,68187.5,68187.5,68187.5,0.0,2026-03-22 19:50:00
1774209300000,68230.38,68230.38,68230.38,68230.38,0.00013,2026-03-22 19:55:00
1774209600000,68230.38,68230.38,68230.38,68230.38,0.0,2026-03-22 20:00:00
1774209900000,68324.9,68324.9,68288.98,68308.25,0.08556,2026-03-22 20:05:00
1774210200000,68321.49,68337.61,68321.47,68337.61,0.0376,2026-03-22 20:10:00
1774210500000,68356.39,68356.39,68356.39,68356.39,0.00016,2026-03-22 20:15:00
1774210800000,68463.29,68469.71,68418.59,68418.59,0.0195,2026-03-22 20:20:00
1774211100000,68306.01,68306.94,68306.0,68306.0,0.00244,2026-03-22 20:25:00
1774211400000,68306.0,68306.0,68306.0,68306.0,0.0,2026-03-22 20:30:00
1774211700000,68312.89,68312.89,68239.69,68239.69,0.00612,2026-03-22 20:35:00
1774212000000,68239.69,68239.69,68239.69,68239.69,0.0,2026-03-22 20:40:00
1774212300000,68354.06,68354.06,68354.06,68354.06,0.00108,2026-03-22 20:45:00
1774212600000,68136.16,68192.91,68100.0,68192.91,0.01856,2026-03-22 20:50:00
1774212900000,68190.8,68195.02,68190.8,68195.02,0.00793,2026-03-22 20:55:00
1774213200000,68191.23,68194.47,68091.88,68091.88,0.02129,2026-03-22 21:00:00
1774213500000,68085.73,68085.73,67595.22,67881.0,0.21701,2026-03-22 21:05:00
1774213800000,67859.16,67859.16,67666.0,67753.2,1.5638,2026-03-22 21:10:00
1774214100000,67753.2,67756.31,67416.72,67416.72,0.18593,2026-03-22 21:15:00
1774214400000,67416.58,67416.58,67377.05,67394.02,0.01082,2026-03-22 21:20:00
1774214700000,67737.12,67847.61,67713.96,67847.61,0.15057,2026-03-22 21:25:00
1774215000000,67788.17,67819.7,67740.35,67740.35,0.2157,2026-03-22 21:30:00
1774215300000,67706.74,67925.42,67706.74,67925.42,0.00094,2026-03-22 21:35:00
1774215600000,67941.16,67941.16,67890.91,67890.91,0.00247,2026-03-22 21:40:00
1774215900000,67837.23,67837.23,67821.96,67821.96,0.02613,2026-03-22 21:45:00
1774216200000,67844.74,67849.29,67844.74,67849.28,0.00661,2026-03-22 21:50:00
1774216500000,67855.83,67855.83,67855.83,67855.83,0.00081,2026-03-22 21:55:00
1774216800000,67888.27,67888.27,67614.23,67815.45,0.1005,2026-03-22 22:00:00
1774217100000,67951.34,68033.47,67917.52,68033.47,0.00331,2026-03-22 22:05:00
1774217400000,68042.05,68042.05,67904.0,67950.6,0.01893,2026-03-22 22:10:00
1774217700000,67847.64,68033.5,67847.64,68027.77,0.02263,2026-03-22 22:15:00
1774218000000,67951.84,68206.36,67951.84,68206.36,0.18832,2026-03-22 22:20:00
1774218300000,68197.21,68360.49,68197.21,68360.49,0.00972,2026-03-22 22:25:00
1774218600000,68320.37,68320.37,68208.5,68208.5,0.01854,2026-03-22 22:30:00
1774218900000,68222.5,68222.5,68218.65,68218.65,0.04007,2026-03-22 22:35:00
1774219200000,68183.17,68183.17,68117.05,68117.05,0.03324,2026-03-22 22:40:00
1774219500000,68117.05,68117.05,68117.05,68117.05,0.0,2026-03-22 22:45:00
1774219800000,68117.05,68117.05,68117.05,68117.05,0.0,2026-03-22 22:50:00
1774220100000,68117.05,68117.05,68117.05,68117.05,0.0,2026-03-22 22:55:00
1774220400000,68335.75,68426.57,68293.99,68426.57,0.0171,2026-03-22 23:00:00
1774220700000,68373.92,68383.9,68373.92,68383.9,0.04007,2026-03-22 23:05:00
1774221000000,68328.83,68419.69,68328.83,68373.2,0.00912,2026-03-22 23:10:00
1774221300000,68352.03,68352.03,68250.0,68250.0,0.03696,2026-03-22 23:15:00
1774221600000,68250.0,68250.0,68250.0,68250.0,0.0,2026-03-22 23:20:00
1774221900000,68179.21,68179.21,68175.14,68175.14,0.00235,2026-03-22 23:25:00
1774222200000,68100.0,68100.0,68100.0,68100.0,0.00029,2026-03-22 23:30:00
1774222500000,68100.0,68100.0,68100.0,68100.0,0.0,2026-03-22 23:35:00
1774222800000,68100.0,68100.0,68100.0,68100.0,0.0,2026-03-22 23:40:00
1774223100000,67974.39,67974.39,67973.89,67973.89,0.01827,2026-03-22 23:45:00
1774223400000,67925.42,67947.0,67850.46,67874.44,0.01737,2026-03-22 23:50:00
1774223700000,67865.47,67865.47,67865.47,67865.47,0.00162,2026-03-22 23:55:00
1774224000000,67973.97,68001.4,67973.97,68001.4,0.00221,2026-03-23 00:00:00
1774224300000,67935.99,67954.89,67799.56,67954.89,0.01343,2026-03-23 00:05:00
1774224600000,67974.36,68115.62,67946.24,68112.29,0.0227,2026-03-23 00:10:00
1774224900000,67860.85,67937.22,67860.85,67911.7,0.03829,2026-03-23 00:15:00
1774225200000,67911.7,67911.7,67911.7,67911.7,0.0,2026-03-23 00:20:00
1774225500000,68124.46,68142.86,68106.14,68106.14,0.02385,2026-03-23 00:25:00
1774225800000,67857.14,67857.14,67857.14,67857.14,0.0003,2026-03-23 00:30:00
1774226100000,67831.41,67831.41,67614.33,67614.33,0.10239,2026-03-23 00:35:00
1774226400000,67599.08,67711.03,67462.39,67678.62,0.04302,2026-03-23 00:40:00
1774226700000,67720.33,67771.52,67719.94,67771.52,0.00955,2026-03-23 00:45:00
1774227000000,67857.14,67857.14,67722.69,67744.86,0.0012,2026-03-23 00:50:00
1774227300000,67744.86,67744.86,67744.86,67744.86,0.0,2026-03-23 00:55:00
1774227600000,67624.75,67676.5,67571.43,67676.5,0.00315,2026-03-23 01:00:00
1774227900000,67678.0,67925.42,67656.72,67867.62,0.01727,2026-03-23 01:05:00
1774228200000,67852.03,67890.31,67847.07,67862.23,0.00093,2026-03-23 01:10:00
1774228500000,67894.54,68055.29,67894.54,67980.23,0.01396,2026-03-23 01:15:00
1774228800000,67997.18,68003.39,67980.23,68003.39,0.02152,2026-03-23 01:20:00
1774229100000,68127.77,68127.77,68100.86,68100.86,0.06807,2026-03-23 01:25:00
1774229400000,68087.91,68127.77,68025.0,68098.27,0.16313,2026-03-23 01:30:00
1774229700000,68051.6,68085.75,68051.6,68063.15,0.0186,2026-03-23 01:35:00
1774230000000,68091.91,68091.91,68015.0,68015.0,0.0193,2026-03-23 01:40:00
1774230300000,68071.39,68124.15,68071.39,68105.6,0.01919,2026-03-23 01:45:00
1774230600000,67966.4,68039.83,67951.35,68039.83,0.08117,2026-03-23 01:50:00
1774230900000,67946.23,67946.23,67946.23,67946.23,7e-05,2026-03-23 01:55:00
1774231200000,67890.28,67989.42,67890.28,67936.28,0.00195,2026-03-23 02:00:00
1774231500000,67969.2,68014.52,67941.11,68007.85,0.00974,2026-03-23 02:05:00
1774231800000,68041.88,68041.88,67900.52,67900.52,0.01744,2026-03-23 02:10:00
1774232100000,67863.05,67863.05,67863.05,67863.05,0.00558,2026-03-23 02:15:00
1774232400000,67931.83,67982.57,67931.83,67982.57,0.00782,2026-03-23 02:20:00
1774232700000,68060.07,68206.36,68060.07,68206.36,0.00308,2026-03-23 02:25:00
1774233000000,68209.57,68249.28,68030.27,68249.28,0.87833,2026-03-23 02:30:00
1774233300000,68259.64,68259.64,68204.89,68204.89,0.01472,2026-03-23 02:35:00
1774233600000,68330.43,68380.6,68280.41,68280.41,0.052,2026-03-23 02:40:00
1774233900000,68280.41,68280.41,68280.41,68280.41,0.0,2026-03-23 02:45:00
1774234200000,68244.95,68244.95,68244.95,68244.95,0.00028,2026-03-23 02:50:00
1774234500000,68236.54,68236.54,68186.71,68186.71,0.00146,2026-03-23 02:55:00
1774234800000,68357.45,68604.7,68357.45,68525.96,0.032,2026-03-23 03:00:00
1774235100000,68502.29,68518.79,68447.54,68447.54,0.02704,2026-03-23 03:05:00
1774235400000,68453.91,68453.91,68319.09,68319.09,0.00539,2026-03-23 03:10:00
1774235700000,68228.98,68228.98,68209.16,68209.16,0.1758,2026-03-23 03:15:00
1774236000000,68209.22,68209.22,68209.16,68209.16,0.00127,2026-03-23 03:20:00
1774236300000,68197.65,68197.65,68197.65,68197.65,0.00778,2026-03-23 03:25:00
1774236600000,68163.04,68224.37,68163.04,68224.37,0.00175,2026-03-23 03:30:00
1774236900000,68156.5,68179.98,68156.5,68179.98,0.00686,2026-03-23 03:35:00
1774237200000,68150.2,68150.2,68142.86,68142.86,0.00032,2026-03-23 03:40:00
1774237500000,68142.86,68142.86,68142.86,68142.86,0.0,2026-03-23 03:45:00
1774237800000,68162.53,68217.82,68081.17,68083.98,0.06433,2026-03-23 03:50:00
1774238100000,68074.15,68079.78,68074.15,68079.78,0.00046,2026-03-23 03:55:00
1774238400000,68138.58,68138.58,68095.67,68138.43,0.00484,2026-03-23 04:00:00
1774238700000,68169.19,68221.6,68154.01,68154.01,0.00087,2026-03-23 04:05:00
1774239000000,68179.7,68201.5,68165.95,68165.95,0.00118,2026-03-23 04:10:00
1774239300000,68180.48,68180.48,68164.5,68178.21,0.00255,2026-03-23 04:15:00
1774239600000,68179.41,68179.41,68179.41,68179.41,0.01119,2026-03-23 04:20:00
1774239900000,68184.83,68184.83,68179.67,68179.67,0.00021,2026-03-23 04:25:00
1774240200000,68246.84,68249.53,68246.84,68249.53,0.00037,2026-03-23 04:30:00
1774240500000,68351.69,68351.69,68351.69,68351.69,0.0054,2026-03-23 04:35:00
1774240800000,68374.04,68374.39,68341.62,68343.53,0.1242,2026-03-23 04:40:00
1774241100000,68343.53,68343.53,68343.53,68343.53,0.0,2026-03-23 04:45:00
1774241400000,68428.57,68488.38,68428.57,68488.38,0.0253,2026-03-23 04:50:00
1774241700000,68492.13,68596.99,68488.04,68557.02,0.10977,2026-03-23 04:55:00
1774242000000,68556.13,68779.25,68556.13,68711.19,0.05695,2026-03-23 05:00:00
1774242300000,68723.42,68723.42,68686.69,68686.69,0.01487,2026-03-23 05:05:00
1774242600000,68720.9,68787.97,68720.9,68787.97,0.00779,2026-03-23 05:10:00
1774242900000,68769.67,68853.0,68751.11,68751.11,0.02325,2026-03-23 05:15:00
1774243200000,68751.11,68751.11,68751.11,68751.11,0.0,2026-03-23 05:20:00
1774243500000,68732.57,68732.57,68732.57,68732.57,0.00024,2026-03-23 05:25:00
1774243800000,68608.83,68608.83,68608.83,68608.83,0.00093,2026-03-23 05:30:00
1774244100000,68710.4,68784.46,68710.38,68784.46,0.04935,2026-03-23 05:35:00
1774244400000,68654.88,68654.88,68654.88,68654.88,0.04447,2026-03-23 05:40:00
1774244700000,68632.25,68632.25,68632.25,68632.25,0.00073,2026-03-23 05:45:00
1774245000000,68662.48,68761.49,68662.48,68761.49,0.04796,2026-03-23 05:50:00
1774245300000,68761.49,68761.49,68761.49,68761.49,0.0,2026-03-23 05:55:00
1774245600000,68745.42,68745.42,68718.48,68718.48,0.00274,2026-03-23 06:00:00
1774245900000,68727.89,68727.89,68704.28,68704.28,0.0116,2026-03-23 06:05:00
1774246200000,68728.79,68728.79,68598.54,68598.54,0.00827,2026-03-23 06:10:00
1774246500000,68598.54,68598.54,68598.54,68598.54,0.0,2026-03-23 06:15:00
1774246800000,68598.54,68598.54,68598.54,68598.54,0.0,2026-03-23 06:20:00
1774247100000,68573.67,68577.15,68573.67,68577.15,0.01273,2026-03-23 06:25:00
1774247400000,68451.4,68451.4,68451.4,68451.4,0.00022,2026-03-23 06:30:00
1774247700000,68428.57,68428.57,68099.07,68099.07,0.0323,2026-03-23 06:35:00
1774248000000,68220.43,68220.43,67707.42,67707.42,0.09124,2026-03-23 06:40:00
1774248300000,67838.97,67838.97,67838.97,67838.97,0.02957,2026-03-23 06:45:00
1774248600000,67860.4,67860.4,67860.4,67860.4,0.00014,2026-03-23 06:50:00
1774248900000,67860.4,67860.4,67860.4,67860.4,0.00159,2026-03-23 06:55:00
1774249200000,67863.8,67863.8,67698.13,67737.44,0.00251,2026-03-23 07:00:00
1774249500000,67610.0,67857.14,67559.75,67790.35,0.061,2026-03-23 07:05:00
1774249800000,67789.54,67955.2,67789.54,67955.2,0.02479,2026-03-23 07:10:00
1774250100000,67946.37,67946.37,67930.14,67930.14,0.00905,2026-03-23 07:15:00
1774250400000,67740.9,67740.9,67740.9,67740.9,0.00017,2026-03-23 07:20:00
1774250700000,67761.6,67814.49,67749.28,67814.49,0.0226,2026-03-23 07:25:00
1774251000000,68033.47,68033.47,68033.47,68033.47,0.00203,2026-03-23 07:30:00
1774251300000,68041.44,68259.28,68041.44,68228.42,0.07396,2026-03-23 07:35:00
1774251600000,68320.36,68350.15,68320.36,68350.15,0.02865,2026-03-23 07:40:00
1774251900000,68350.16,68350.16,68350.16,68350.16,0.00642,2026-03-23 07:45:00
1774252200000,68332.88,68399.52,68332.88,68399.52,0.01886,2026-03-23 07:50:00
1774252500000,68428.57,68428.57,68428.57,68428.57,0.0003,2026-03-23 07:55:00
1774252800000,68438.6,68438.6,68438.6,68438.6,0.00014,2026-03-23 08:00:00
1774253100000,68433.84,68554.66,68433.84,68554.66,0.01868,2026-03-23 08:05:00
1774253400000,68535.83,68655.9,68535.83,68655.9,0.04576,2026-03-23 08:10:00
1774253700000,68680.34,68680.34,68616.63,68616.63,0.00279,2026-03-23 08:15:00
1774254000000,68446.85,68454.36,68446.85,68454.36,0.00238,2026-03-23 08:20:00
1774254300000,68454.36,68454.36,68454.36,68454.36,0.0,2026-03-23 08:25:00
1774254600000,68454.36,68575.65,68454.36,68575.65,0.03384,2026-03-23 08:30:00
1774254900000,68578.0,68578.0,68578.0,68578.0,0.00015,2026-03-23 08:35:00
1774255200000,68623.1,68623.1,68582.7,68582.7,0.04657,2026-03-23 08:40:00
1774255500000,68582.7,68582.7,68582.7,68582.7,0.0,2026-03-23 08:45:00
1774255800000,68582.7,68582.7,68582.7,68582.7,0.0,2026-03-23 08:50:00
1774256100000,68438.59,68438.59,68438.59,68438.59,0.0004,2026-03-23 08:55:00
1774256400000,68322.64,68322.64,68322.64,68322.64,0.00146,2026-03-23 09:00:00
1774256700000,68263.01,68280.5,68263.01,68280.5,0.00033,2026-03-23 09:05:00
1774257000000,68277.69,68277.69,68277.69,68277.69,0.00072,2026-03-23 09:10:00
1774257300000,68277.69,68277.69,68277.69,68277.69,0.0,2026-03-23 09:15:00
1774257600000,68214.49,68214.49,68214.49,68214.49,0.00308,2026-03-23 09:20:00
1774257900000,68206.36,68233.22,68159.3,68233.22,0.00254,2026-03-23 09:25:00
1774258200000,68218.93,68230.42,68033.47,68033.47,0.05693,2026-03-23 09:30:00
1774258500000,68033.47,68033.47,68033.47,68033.47,0.0,2026-03-23 09:35:00
1774258800000,68147.7,68147.7,68139.5,68139.5,0.00812,2026-03-23 09:40:00
1774259100000,68139.5,68139.5,68139.5,68139.5,0.0,2026-03-23 09:45:00
1774259400000,68232.58,68232.58,68208.23,68208.23,0.00187,2026-03-23 09:50:00
1774259700000,68208.23,68208.23,68208.23,68208.23,0.0,2026-03-23 09:55:00
1774260000000,68362.82,68428.57,68358.69,68425.55,0.02858,2026-03-23 10:00:00
1774260300000,68470.65,68615.6,68463.83,68615.6,0.03316,2026-03-23 10:05:00
1774260600000,68618.08,68680.34,68618.08,68680.34,0.00227,2026-03-23 10:10:00
1774260900000,68591.82,68591.82,68591.82,68591.82,0.00144,2026-03-23 10:15:00
1774261200000,68591.82,68591.82,68591.82,68591.82,0.0,2026-03-23 10:20:00
1774261500000,68460.35,68469.56,68460.35,68469.56,0.00345,2026-03-23 10:25:00
1774261800000,68469.56,68469.56,68469.56,68469.56,0.0,2026-03-23 10:30:00
1774262100000,68463.73,68463.73,68463.73,68463.73,0.01039,2026-03-23 10:35:00
1774262400000,68463.73,68463.73,68463.73,68463.73,0.0,2026-03-23 10:40:00
1774262700000,68463.73,68463.73,68463.73,68463.73,0.0,2026-03-23 10:45:00
1774263000000,68518.02,68518.02,68518.02,68518.02,0.00279,2026-03-23 10:50:00
1774263300000,68508.2,68508.2,68508.2,68508.2,0.00079,2026-03-23 10:55:00
1774263600000,68664.42,68664.42,68528.82,68528.82,0.06109,2026-03-23 11:00:00
1774263900000,68714.29,71200.0,68714.29,71200.0,2.88981,2026-03-23 11:05:00
1774264200000,71210.21,71499.98,70823.36,70933.4,0.37628,2026-03-23 11:10:00
1774264500000,71179.03,71232.3,70699.06,70735.01,0.15883,2026-03-23 11:15:00
1774264800000,70825.98,70894.86,70327.59,70327.59,0.18876,2026-03-23 11:20:00
1774265100000,70686.82,70811.67,70654.64,70654.64,0.05439,2026-03-23 11:25:00
1774265400000,70819.88,71181.57,70819.88,71007.49,0.20887,2026-03-23 11:30:00
1774265700000,70823.35,70823.35,70464.67,70520.0,0.14689,2026-03-23 11:35:00
1774266000000,70748.43,70748.43,70620.48,70730.04,0.10852,2026-03-23 11:40:00
1774266300000,70678.45,70678.45,70128.88,70128.88,0.05175,2026-03-23 11:45:00
1774266600000,70299.86,70407.6,70299.86,70407.6,0.00125,2026-03-23 11:50:00
1774266900000,70490.05,70490.05,70082.74,70186.91,0.10888,2026-03-23 11:55:00
1774267200000,70157.94,70241.45,69720.61,69980.72,0.09425,2026-03-23 12:00:00
1774267500000,69840.2,69987.71,69840.2,69987.71,0.04836,2026-03-23 12:05:00
1774267800000,70079.9,70112.32,70025.27,70025.27,0.0039,2026-03-23 12:10:00
1774268100000,70124.84,70247.65,70121.3,70247.65,0.02675,2026-03-23 12:15:00
1774268400000,70277.25,70466.94,70277.25,70459.54,0.00712,2026-03-23 12:20:00
1774268700000,70334.33,70334.33,70251.73,70306.54,0.10654,2026-03-23 12:25:00
1774269000000,70308.64,70346.13,70252.0,70329.88,0.03002,2026-03-23 12:30:00
1774269300000,70495.9,70522.7,70372.45,70372.45,0.02005,2026-03-23 12:35:00
1774269600000,70583.4,70724.69,70516.3,70671.2,0.02074,2026-03-23 12:40:00
1774269900000,70730.06,70823.35,70674.75,70823.35,0.03643,2026-03-23 12:45:00
1774270200000,70749.59,70749.59,70603.36,70603.36,0.01761,2026-03-23 12:50:00
1774270500000,70649.25,70649.25,70582.48,70582.48,0.008,2026-03-23 12:55:00
1774270800000,70816.83,70864.4,70724.61,70745.79,0.03368,2026-03-23 13:00:00
1774271100000,70641.3,70703.7,70641.3,70703.7,0.0325,2026-03-23 13:05:00
1774271400000,70663.24,70727.63,70663.24,70700.89,0.0338,2026-03-23 13:10:00
1774271700000,70776.77,70801.0,70776.77,70801.0,0.13088,2026-03-23 13:15:00
1774272000000,70801.0,70869.94,70801.0,70869.94,0.03825,2026-03-23 13:20:00
1774272300000,70819.28,70819.28,70801.0,70801.0,0.04993,2026-03-23 13:25:00
1774272600000,70807.47,70825.76,70692.64,70715.47,0.8665,2026-03-23 13:30:00
1774272900000,70857.16,71166.67,70849.53,71166.67,0.12948,2026-03-23 13:35:00
1774273200000,71168.06,71420.0,71106.36,71404.53,0.19895,2026-03-23 13:40:00
1774273500000,71200.74,71209.68,71110.45,71110.45,0.0882,2026-03-23 13:45:00
1774273800000,71299.0,71589.67,71299.0,71381.04,0.27655,2026-03-23 13:50:00
1774274100000,71279.56,71293.8,71274.19,71293.8,0.10555,2026-03-23 13:55:00
1774274400000,71471.68,71689.8,71413.52,71595.6,0.30678,2026-03-23 14:00:00
1774274700000,71605.25,71737.15,71416.01,71708.22,0.08233,2026-03-23 14:05:00
1774275000000,71763.74,71791.26,71549.03,71549.03,0.07307,2026-03-23 14:10:00
1774275300000,71703.44,71740.58,71646.98,71646.98,0.01556,2026-03-23 14:15:00
1774275600000,71571.91,71571.91,71470.25,71571.39,0.03556,2026-03-23 14:20:00
1774275900000,71518.82,71518.82,71339.8,71339.8,0.15847,2026-03-23 14:25:00
1774276200000,71360.0,71360.0,71270.0,71270.0,0.00993,2026-03-23 14:30:00
1774276500000,71319.84,71363.08,71319.84,71363.08,0.03648,2026-03-23 14:35:00
1774276800000,71493.36,71493.36,71405.22,71409.76,0.07992,2026-03-23 14:40:00
1774277100000,71340.93,71363.05,71233.88,71363.05,0.03245,2026-03-23 14:45:00
1774277400000,71181.57,71181.57,71149.82,71149.82,0.01555,2026-03-23 14:50:00
1774277700000,71270.78,71495.87,71269.21,71467.19,0.06628,2026-03-23 14:55:00
1774278000000,71487.67,71610.6,71457.57,71568.11,0.06123,2026-03-23 15:00:00
1774278300000,71585.93,71611.42,71446.19,71474.56,0.0221,2026-03-23 15:05:00
1774278600000,71450.45,71450.45,71439.58,71439.58,0.0022,2026-03-23 15:10:00
1774278900000,71223.6,71223.6,71135.88,71160.52,0.02335,2026-03-23 15:15:00
1774279200000,71123.11,71123.11,70965.43,71025.4,0.01019,2026-03-23 15:20:00
1774279500000,70990.0,70990.33,70873.53,70873.53,0.11796,2026-03-23 15:25:00
1774279800000,70913.0,70913.0,70811.67,70811.67,0.11257,2026-03-23 15:30:00
1774280100000,70809.76,70917.86,70780.6,70780.6,0.01606,2026-03-23 15:35:00
1774280400000,70820.95,70820.95,70644.77,70644.77,0.00816,2026-03-23 15:40:00
1774280700000,70592.63,70813.3,70550.0,70813.3,0.04075,2026-03-23 15:45:00
1774281000000,70777.75,70777.75,70327.6,70327.6,0.23407,2026-03-23 15:50:00
1774281300000,70352.41,70352.41,70119.61,70119.61,0.0735,2026-03-23 15:55:00
1774281600000,70139.78,70328.92,70099.95,70261.54,0.61473,2026-03-23 16:00:00
1774281900000,70267.77,70457.28,70267.77,70457.27,0.27089,2026-03-23 16:05:00
1774282200000,70411.32,70501.49,70411.32,70499.1,0.15224,2026-03-23 16:10:00
1774282500000,70512.5,70570.06,70338.4,70338.4,0.08459,2026-03-23 16:15:00
1774282800000,70330.36,70410.74,70244.81,70410.74,0.05351,2026-03-23 16:20:00
1774283100000,70391.12,70391.12,70225.94,70237.92,0.03879,2026-03-23 16:25:00
1774283400000,70166.67,70341.62,70166.67,70341.62,0.03718,2026-03-23 16:30:00
1774283700000,70500.0,70500.0,70393.07,70393.07,0.01477,2026-03-23 16:35:00
1774284000000,70385.59,70443.2,70374.99,70443.2,0.01074,2026-03-23 16:40:00
1774284300000,70563.7,70699.06,70563.7,70691.71,0.01609,2026-03-23 16:45:00
1774284600000,70648.66,70648.66,70648.65,70648.65,0.00227,2026-03-23 16:50:00
1774284900000,70597.51,70597.51,70498.69,70554.86,0.00808,2026-03-23 16:55:00
1774285200000,70597.77,70623.23,70531.83,70613.1,0.00493,2026-03-23 17:00:00
1774285500000,70682.63,70684.06,70537.2,70654.24,0.0037,2026-03-23 17:05:00
1774285800000,70657.64,70732.23,70657.64,70668.63,0.0449,2026-03-23 17:10:00
1774286100000,70628.65,70630.61,70611.3,70611.3,0.03821,2026-03-23 17:15:00
1774286400000,70424.47,70493.89,70397.55,70447.41,0.02518,2026-03-23 17:20:00
1774286700000,70590.52,70590.52,70527.81,70527.81,0.00507,2026-03-23 17:25:00
1774287000000,70592.38,70833.33,70592.38,70804.84,0.03678,2026-03-23 17:30:00
1774287300000,70912.39,71044.01,70912.39,70987.45,0.21135,2026-03-23 17:35:00
1774287600000,70998.77,71027.15,70998.77,71027.15,0.01332,2026-03-23 17:40:00
1774287900000,70933.3,70943.3,70900.0,70943.3,0.01371,2026-03-23 17:45:00
1774288200000,70998.78,71083.97,70998.78,71083.97,0.00045,2026-03-23 17:50:00
1774288500000,71113.09,71125.84,71076.77,71076.77,0.00312,2026-03-23 17:55:00
1774288800000,71090.46,71135.88,71090.46,71135.88,0.01876,2026-03-23 18:00:00
1774289100000,71153.37,71172.06,70970.24,70988.78,0.0835,2026-03-23 18:05:00
1774289400000,70990.2,71114.73,70988.02,70988.02,0.03829,2026-03-23 18:10:00
1774289700000,70978.03,71005.02,70955.84,71002.26,0.00039,2026-03-23 18:15:00
1774290000000,70979.76,70991.96,70931.66,70989.14,0.01006,2026-03-23 18:20:00
1774290300000,71057.72,71057.72,70910.69,70910.69,0.0028,2026-03-23 18:25:00
1774290600000,71050.43,71061.58,71050.43,71061.58,0.01295,2026-03-23 18:30:00
1774290900000,71122.25,71122.25,70986.19,70986.19,0.01567,2026-03-23 18:35:00
1774291200000,71031.53,71078.97,71017.9,71017.9,0.0672,2026-03-23 18:40:00
1774291500000,71077.74,71165.68,71077.74,71105.17,0.01293,2026-03-23 18:45:00
1774291800000,71105.17,71105.17,71044.91,71044.91,0.00455,2026-03-23 18:50:00
1774292100000,71097.45,71097.45,71097.45,71097.45,0.00049,2026-03-23 18:55:00
1774292400000,71093.47,71093.47,71031.82,71077.31,0.00192,2026-03-23 19:00:00
1774292700000,71155.36,71233.88,70919.53,70950.15,0.0796,2026-03-23 19:05:00
1774293000000,71047.58,71047.58,70930.17,70930.17,0.00806,2026-03-23 19:10:00
1774293300000,70945.02,70945.02,70833.33,70916.86,0.00165,2026-03-23 19:15:00
1774293600000,70953.78,70953.79,70953.78,70953.79,0.00025,2026-03-23 19:20:00
1774293900000,70953.79,70953.79,70953.79,70953.79,0.0,2026-03-23 19:25:00
1774294200000,70953.79,70953.79,70953.79,70953.79,0.0,2026-03-23 19:30:00
1774294500000,70953.79,70970.77,70953.79,70957.82,0.00166,2026-03-23 19:35:00
1774294800000,70927.79,70927.79,70823.37,70823.37,0.01158,2026-03-23 19:40:00
1774295100000,70989.27,70989.27,70849.83,70849.83,0.00287,2026-03-23 19:45:00
1774295400000,70845.99,70845.99,70745.9,70745.9,0.16283,2026-03-23 19:50:00
1774295700000,70747.55,70747.56,70668.85,70668.85,0.01427,2026-03-23 19:55:00
1774296000000,70689.77,70711.86,70589.83,70589.83,0.0608,2026-03-23 20:00:00
1774296300000,70662.41,70665.61,70620.19,70642.09,0.01351,2026-03-23 20:05:00
1774296600000,70749.35,70749.35,70712.25,70718.37,0.00233,2026-03-23 20:10:00
1774296900000,70819.03,70819.03,70753.26,70753.26,0.01175,2026-03-23 20:15:00
1774297200000,70753.26,70753.26,70753.26,70753.26,0.0,2026-03-23 20:20:00
1774297500000,70753.26,70753.26,70753.26,70753.26,0.0,2026-03-23 20:25:00
1774297800000,70835.32,70835.33,70835.32,70835.33,0.00296,2026-03-23 20:30:00
1774298100000,70908.44,70933.89,70908.44,70918.26,0.00051,2026-03-23 20:35:00
1774298400000,70901.09,70908.99,70901.09,70908.99,0.00074,2026-03-23 20:40:00
1774298700000,70951.57,70951.57,70909.41,70909.41,0.00198,2026-03-23 20:45:00
1774299000000,70909.41,70909.41,70909.41,70909.41,0.00028,2026-03-23 20:50:00
1774299300000,70923.27,70924.14,70923.27,70924.14,0.00438,2026-03-23 20:55:00
1774299600000,70980.78,70988.05,70887.51,70887.51,0.11639,2026-03-23 21:00:00
1774299900000,70877.81,70921.93,70875.29,70905.09,0.10088,2026-03-23 21:05:00
1774300200000,70867.45,70886.93,70835.25,70835.25,0.00295,2026-03-23 21:10:00
1774300500000,70866.06,70890.86,70860.85,70860.85,0.0069,2026-03-23 21:15:00
1774300800000,70885.28,70885.28,70885.28,70885.28,0.0003,2026-03-23 21:20:00
1774301100000,70898.8,70898.8,70898.8,70898.8,0.00185,2026-03-23 21:25:00
1774301400000,70907.09,71004.62,70907.09,71004.62,0.00049,2026-03-23 21:30:00
1774301700000,71004.62,71004.62,71004.62,71004.62,0.0,2026-03-23 21:35:00
1774302000000,70987.68,70987.68,70952.88,70955.94,0.02361,2026-03-23 21:40:00
1774302300000,70952.88,70952.88,70938.3,70940.85,0.25889,2026-03-23 21:45:00
1774302600000,70940.85,70940.85,70940.85,70940.85,0.0,2026-03-23 21:50:00
1774302900000,70904.68,70904.68,70866.51,70866.51,0.02842,2026-03-23 21:55:00
1774303200000,70816.73,70816.73,70659.86,70659.86,0.0401,2026-03-23 22:00:00
1774303500000,70651.06,70735.19,70550.16,70735.19,0.0036,2026-03-23 22:05:00
1774303800000,70730.28,70730.28,70712.03,70728.77,0.00134,2026-03-23 22:10:00
1774304100000,70707.87,70707.87,70642.81,70666.53,0.00084,2026-03-23 22:15:00
1774304400000,70711.66,70724.24,70692.16,70692.16,0.00113,2026-03-23 22:20:00
1774304700000,70660.56,70662.61,70660.56,70662.61,0.00083,2026-03-23 22:25:00
1774305000000,70643.44,70643.44,70538.7,70538.7,0.00082,2026-03-23 22:30:00
1774305300000,70626.3,70626.3,70626.3,70626.3,0.01084,2026-03-23 22:35:00
1774305600000,70599.01,70599.01,70599.01,70599.01,6e-05,2026-03-23 22:40:00
1774305900000,70742.54,70742.54,70721.5,70721.5,0.00171,2026-03-23 22:45:00
1774306200000,70703.1,70765.8,70703.1,70765.8,0.00215,2026-03-23 22:50:00
1774306500000,70765.8,70765.8,70765.8,70765.8,0.0,2026-03-23 22:55:00
1774306800000,70809.59,70812.67,70732.68,70732.68,0.00247,2026-03-23 23:00:00
1774307100000,70744.35,70744.35,70616.54,70616.54,0.00082,2026-03-23 23:05:00
1774307400000,70600.49,70608.64,70574.34,70575.74,0.01307,2026-03-23 23:10:00
1774307700000,70575.75,70575.75,70487.23,70487.23,0.02462,2026-03-23 23:15:00
1774308000000,70466.94,70571.38,70411.03,70571.38,0.00485,2026-03-23 23:20:00
1774308300000,70698.67,70711.26,70676.75,70697.79,0.00558,2026-03-23 23:25:00
1774308600000,70703.21,70703.21,70667.0,70667.0,0.00312,2026-03-23 23:30:00
1774308900000,70629.25,70685.39,70629.25,70685.39,0.00036,2026-03-23 23:35:00
1774309200000,70742.99,70813.22,70733.64,70787.08,0.00709,2026-03-23 23:40:00
1774309500000,70787.08,70787.08,70787.08,70787.08,0.0,2026-03-23 23:45:00
1774309800000,70788.53,70850.13,70788.53,70850.13,0.0055,2026-03-23 23:50:00
1774310100000,70866.9,71045.91,70866.9,70910.84,0.008,2026-03-23 23:55:00
1774310400000,70905.56,71080.01,70905.56,70951.33,0.18145,2026-03-24 00:00:00
1774310700000,70895.94,70951.1,70895.93,70927.88,0.01087,2026-03-24 00:05:00
1774311000000,70882.83,70882.83,70776.56,70797.15,0.0009,2026-03-24 00:10:00
1774311300000,70681.59,70824.73,70673.13,70824.73,0.02563,2026-03-24 00:15:00
1774311600000,70768.61,70798.7,70724.56,70724.56,0.06622,2026-03-24 00:20:00
1774311900000,70724.56,70724.56,70724.56,70724.56,0.0,2026-03-24 00:25:00
1774312200000,70658.4,70658.4,70587.02,70587.02,0.00237,2026-03-24 00:30:00
1774312500000,70687.52,70687.52,70466.94,70553.8,0.01249,2026-03-24 00:35:00
1774312800000,70633.92,70677.88,70617.53,70617.53,0.00413,2026-03-24 00:40:00
1774313100000,70633.88,70690.83,70633.88,70690.83,0.00013,2026-03-24 00:45:00
1774313400000,70666.07,70796.03,70666.07,70770.76,0.00495,2026-03-24 00:50:00
1774313700000,70775.35,70775.35,70657.79,70657.79,0.00247,2026-03-24 00:55:00
1774314000000,70706.18,70706.18,70620.09,70620.09,0.00247,2026-03-24 01:00:00
1774314300000,70648.03,70648.03,70612.84,70645.22,0.00069,2026-03-24 01:05:00
1774314600000,70664.7,70670.3,70530.65,70579.73,0.03611,2026-03-24 01:10:00
1774314900000,70539.06,70614.94,70539.06,70614.94,0.01869,2026-03-24 01:15:00
1774315200000,70686.72,70780.0,70686.72,70780.0,0.00466,2026-03-24 01:20:00
1774315500000,70823.35,70878.64,70823.35,70848.34,0.00724,2026-03-24 01:25:00
1774315800000,70801.01,70860.73,70713.15,70811.0,0.04415,2026-03-24 01:30:00
1774316100000,70810.66,70810.66,70466.94,70466.94,0.01241,2026-03-24 01:35:00
1774316400000,70409.25,70457.86,70327.6,70327.6,0.07316,2026-03-24 01:40:00
1774316700000,70386.1,70505.06,70386.1,70429.61,0.02487,2026-03-24 01:45:00
1774317000000,70557.4,70557.4,70518.5,70518.5,0.00032,2026-03-24 01:50:00
1774317300000,70525.43,70525.43,70525.43,70525.43,3e-05,2026-03-24 01:55:00
1774317600000,70509.66,70668.55,70509.66,70668.55,0.00249,2026-03-24 02:00:00
1774317900000,70618.53,70618.53,70539.03,70570.89,0.00229,2026-03-24 02:05:00
1774318200000,70507.06,70514.62,70462.8,70484.7,0.01583,2026-03-24 02:10:00
1774318500000,70471.33,70471.33,70447.06,70447.06,0.00028,2026-03-24 02:15:00
1774318800000,70592.12,70592.12,70592.12,70592.12,0.0143,2026-03-24 02:20:00
1774319100000,70500.0,70547.9,70500.0,70547.9,0.19128,2026-03-24 02:25:00
1774319400000,70570.29,70579.59,70570.29,70579.59,0.00017,2026-03-24 02:30:00
1774319700000,70569.6,70628.63,70549.5,70549.5,0.14595,2026-03-24 02:35:00
1774320000000,70425.19,70527.25,70425.19,70520.87,0.0535,2026-03-24 02:40:00
1774320300000,70544.27,70596.58,70544.27,70555.0,0.0002,2026-03-24 02:45:00
1774320600000,70523.28,70523.28,70475.88,70495.07,0.01763,2026-03-24 02:50:00
1774320900000,70461.57,70464.94,70451.28,70456.2,0.00161,2026-03-24 02:55:00
1774321200000,70436.68,70458.26,70424.9,70428.3,0.04292,2026-03-24 03:00:00
1774321500000,70506.9,70521.19,70447.14,70449.62,0.0098,2026-03-24 03:05:00
1774321800000,70452.17,70494.99,70447.77,70494.99,0.00477,2026-03-24 03:10:00
1774322100000,70508.85,70542.04,70508.85,70535.87,0.01264,2026-03-24 03:15:00
1774322400000,70520.02,70570.0,70520.02,70570.0,0.00498,2026-03-24 03:20:00
1774322700000,70514.66,70574.17,70514.66,70574.17,0.00286,2026-03-24 03:25:00
1774323000000,70562.12,70562.12,70487.15,70487.15,0.00031,2026-03-24 03:30:00
1774323300000,70451.51,70451.51,70436.68,70436.68,0.00164,2026-03-24 03:35:00
1774323600000,70501.65,70501.65,70501.65,70501.65,0.0022,2026-03-24 03:40:00
1774323900000,70502.19,70502.19,70502.19,70502.19,0.01416,2026-03-24 03:45:00
1774324200000,70465.23,70465.23,70465.23,70465.23,2e-05,2026-03-24 03:50:00
1774324500000,70465.23,70465.23,70465.23,70465.23,0.0,2026-03-24 03:55:00
1774324800000,70550.46,70577.19,70510.98,70570.61,0.03291,2026-03-24 04:00:00
1774325100000,70596.63,70733.0,70587.0,70639.23,0.06316,2026-03-24 04:05:00
1774325400000,70596.79,70656.63,70535.68,70656.63,0.25058,2026-03-24 04:10:00
1774325700000,70644.2,70656.59,70611.34,70611.34,0.01689,2026-03-24 04:15:00
1774326000000,70615.8,70616.75,70615.8,70616.75,0.0074,2026-03-24 04:20:00
1774326300000,70610.94,70610.94,70610.94,70610.94,0.00015,2026-03-24 04:25:00
1774326600000,70508.68,70508.68,70357.39,70374.36,0.00978,2026-03-24 04:30:00
1774326900000,70359.2,70359.2,70359.2,70359.2,0.00013,2026-03-24 04:35:00
1774327200000,70371.42,70371.78,70371.42,70371.78,9e-05,2026-03-24 04:40:00
1774327500000,70371.78,70371.78,70371.78,70371.78,0.0,2026-03-24 04:45:00
1774327800000,70277.25,70422.9,70276.81,70422.9,0.00648,2026-03-24 04:50:00
1774328100000,70383.94,70390.37,70383.94,70390.37,0.00748,2026-03-24 04:55:00
1774328400000,70371.54,70371.54,70218.41,70218.41,0.00396,2026-03-24 05:00:00
1774328700000,70209.91,70209.91,70166.67,70202.04,0.03413,2026-03-24 05:05:00
1774329000000,70193.57,70208.16,70193.57,70208.16,0.00295,2026-03-24 05:10:00
1774329300000,70175.58,70322.72,70175.58,70322.72,0.00994,2026-03-24 05:15:00
1774329600000,70166.67,70166.67,70136.36,70136.36,0.0012,2026-03-24 05:20:00
1774329900000,70210.99,70210.99,70210.99,70210.99,0.00014,2026-03-24 05:25:00
1774330200000,70233.5,70233.5,70172.58,70172.58,0.00174,2026-03-24 05:30:00
1774330500000,70209.29,70273.05,70209.29,70273.05,0.00156,2026-03-24 05:35:00
1774330800000,70351.52,70354.8,70351.52,70354.8,0.00011,2026-03-24 05:40:00
1774331100000,70333.57,70333.57,70333.57,70333.57,0.00133,2026-03-24 05:45:00
1774331400000,70319.98,70319.98,70319.98,70319.98,0.048,2026-03-24 05:50:00
1774331700000,70319.98,70319.98,70319.98,70319.98,0.0,2026-03-24 05:55:00
1774332000000,70264.06,70365.06,70264.06,70363.47,0.00909,2026-03-24 06:00:00
1774332300000,70387.28,70387.28,70353.13,70353.13,0.00061,2026-03-24 06:05:00
1774332600000,70351.28,70351.28,70288.6,70328.9,0.00048,2026-03-24 06:10:00
1774332900000,70395.66,70403.33,70395.66,70403.33,8e-05,2026-03-24 06:15:00
1774333200000,70381.96,70381.96,70381.96,70381.96,0.00014,2026-03-24 06:20:00
1774333500000,70355.82,70355.82,70355.82,70355.82,0.04,2026-03-24 06:25:00
1774333800000,70355.82,70355.82,70355.82,70355.82,0.0,2026-03-24 06:30:00
1774334100000,70489.88,70489.88,70443.37,70451.08,0.00078,2026-03-24 06:35:00
1774334400000,70469.37,70469.37,70469.37,70469.37,0.00017,2026-03-24 06:40:00
1774334700000,70469.37,70469.37,70469.37,70469.37,0.0,2026-03-24 06:45:00
1774335000000,70469.37,70469.37,70469.37,70469.37,0.0,2026-03-24 06:50:00
1774335300000,70500.0,70575.15,70500.0,70528.73,0.00055,2026-03-24 06:55:00
1774335600000,70497.28,70571.08,70497.28,70571.08,0.00075,2026-03-24 07:00:00
1774335900000,70612.41,70823.35,70612.41,70823.35,0.01605,2026-03-24 07:05:00
1774336200000,70811.9,70902.08,70811.9,70860.99,0.00865,2026-03-24 07:10:00
1774336500000,70907.19,70934.59,70907.19,70934.59,0.00677,2026-03-24 07:15:00
1774336800000,70940.25,70965.43,70940.25,70965.43,0.00668,2026-03-24 07:20:00
1774337100000,70923.68,70923.68,70923.68,70923.68,5e-05,2026-03-24 07:25:00
1774337400000,70893.77,70915.94,70862.8,70915.94,0.06052,2026-03-24 07:30:00
1774337700000,70865.65,70865.65,70865.65,70865.65,0.00142,2026-03-24 07:35:00
1774338000000,70884.32,70884.32,70884.32,70884.32,5e-05,2026-03-24 07:40:00
1774338300000,70847.91,70903.93,70847.91,70903.93,0.00079,2026-03-24 07:45:00
1774338600000,71017.26,71056.13,71014.22,71014.22,0.00827,2026-03-24 07:50:00
1774338900000,71044.62,71391.3,71044.62,71288.53,0.38396,2026-03-24 07:55:00
1774339200000,71285.09,71285.09,71172.76,71172.76,0.00243,2026-03-24 08:00:00
1774339500000,71213.26,71220.12,71198.5,71198.5,0.00028,2026-03-24 08:05:00
1774339800000,71102.15,71170.0,71102.15,71170.0,0.03436,2026-03-24 08:10:00
1774340100000,71131.95,71131.95,71131.95,71131.95,7e-05,2026-03-24 08:15:00
1774340400000,70916.48,70955.39,70916.48,70955.39,8e-05,2026-03-24 08:20:00
1774340700000,70955.39,70955.39,70955.39,70955.39,0.0,2026-03-24 08:25:00
1774341000000,70955.39,70955.39,70955.39,70955.39,0.0,2026-03-24 08:30:00
1774341300000,70938.99,71079.69,70938.99,71079.69,0.01037,2026-03-24 08:35:00
1774341600000,71059.42,71059.42,71059.42,71059.42,0.00211,2026-03-24 08:40:00
1774341900000,71063.91,71099.51,71063.91,71099.51,0.10643,2026-03-24 08:45:00
1774342200000,70973.68,71030.02,70970.3,70994.64,0.03647,2026-03-24 08:50:00
1774342500000,70969.35,70969.35,70905.01,70925.1,0.05289,2026-03-24 08:55:00
1774342800000,70977.5,70977.5,70977.5,70977.5,0.00769,2026-03-24 09:00:00
1774343100000,71020.46,71020.46,70975.52,70975.52,0.06287,2026-03-24 09:05:00
1774343400000,70981.15,70981.15,70863.21,70932.26,0.03907,2026-03-24 09:10:00
1774343700000,70925.28,70925.28,70925.28,70925.28,0.00778,2026-03-24 09:15:00
1774344000000,70993.04,70993.04,70993.04,70993.04,0.00387,2026-03-24 09:20:00
1774344300000,71032.78,71032.79,71031.13,71031.13,0.00075,2026-03-24 09:25:00
1774344600000,71017.17,71054.58,71017.17,71054.58,0.00252,2026-03-24 09:30:00
1774344900000,71070.61,71070.61,71070.61,71070.61,0.00723,2026-03-24 09:35:00
1774345200000,71162.45,71237.48,71162.45,71216.29,0.00771,2026-03-24 09:40:00
1774345500000,71216.29,71216.29,71216.29,71216.29,0.0,2026-03-24 09:45:00
1774345800000,71212.08,71259.74,71158.84,71259.74,0.00028,2026-03-24 09:50:00
1774346100000,71326.33,71349.86,71321.33,71321.33,0.08503,2026-03-24 09:55:00
1774346400000,71295.35,71295.35,71295.35,71295.35,0.0021,2026-03-24 10:00:00
1774346700000,71295.35,71295.35,71295.35,71295.35,0.0,2026-03-24 10:05:00
1774347000000,71301.31,71301.31,71276.85,71276.85,0.00023,2026-03-24 10:10:00
1774347300000,71276.85,71276.85,71276.85,71276.85,0.0,2026-03-24 10:15:00
1774347600000,71172.71,71200.0,71172.71,71200.0,0.15098,2026-03-24 10:20:00
1774347900000,71200.0,71200.0,71200.0,71200.0,0.0,2026-03-24 10:25:00
1774348200000,71120.56,71134.36,71119.09,71119.09,0.02166,2026-03-24 10:30:00
1774348500000,71201.54,71242.57,71201.54,71242.5,0.04754,2026-03-24 10:35:00
1774348800000,71204.51,71237.11,71204.51,71237.11,0.00072,2026-03-24 10:40:00
1774349100000,71182.05,71182.05,71155.36,71155.36,0.00991,2026-03-24 10:45:00
1774349400000,71198.22,71216.24,71198.22,71199.14,0.1447,2026-03-24 10:50:00
1774349700000,71296.29,71296.3,71296.29,71296.3,0.00112,2026-03-24 10:55:00
1774350000000,71250.71,71250.71,71021.9,71021.9,0.00391,2026-03-24 11:00:00
1774350300000,71080.92,71171.04,71069.04,71171.04,0.0136,2026-03-24 11:05:00
1774350600000,71185.27,71200.0,71096.92,71102.45,0.03728,2026-03-24 11:10:00
1774350900000,71130.61,71130.61,70967.68,70967.68,0.00772,2026-03-24 11:15:00
1774351200000,71041.91,71041.91,71041.91,71041.91,0.00014,2026-03-24 11:20:00
1774351500000,71048.21,71069.66,71048.21,71069.66,0.01058,2026-03-24 11:25:00
1774351800000,71069.66,71069.66,71069.66,71069.66,0.0,2026-03-24 11:30:00
1774352100000,71200.0,71245.94,71174.3,71245.94,0.04188,2026-03-24 11:35:00
1774352400000,71282.08,71282.08,71257.53,71257.53,0.00722,2026-03-24 11:40:00
1774352700000,71298.92,71298.92,71298.92,71298.92,0.0007,2026-03-24 11:45:00
1774353000000,71298.92,71298.92,71298.92,71298.92,0.0,2026-03-24 11:50:00
1774353300000,71123.14,71162.21,71123.14,71162.21,0.00173,2026-03-24 11:55:00
1774353600000,71168.88,71168.88,71053.67,71061.22,0.00798,2026-03-24 12:00:00
1774353900000,71006.24,71036.52,71006.24,71036.52,0.00051,2026-03-24 12:05:00
1774354200000,71065.4,71106.85,70983.45,71106.85,0.00418,2026-03-24 12:10:00
1774354500000,71106.85,71106.85,71106.85,71106.85,0.0,2026-03-24 12:15:00
1774354800000,71000.61,71041.04,71000.61,71023.94,0.002,2026-03-24 12:20:00
1774355100000,71111.92,71111.92,71111.92,71111.92,0.00095,2026-03-24 12:25:00
1774355400000,71000.0,71000.0,70961.92,70961.92,0.15132,2026-03-24 12:30:00
1774355700000,70894.07,70908.11,70880.89,70908.11,0.04094,2026-03-24 12:35:00
1774356000000,70956.94,70956.94,70956.94,70956.94,0.00012,2026-03-24 12:40:00
1774356300000,70956.94,70956.94,70956.94,70956.94,0.0,2026-03-24 12:45:00
1774356600000,70916.11,71013.03,70916.11,71013.03,0.89035,2026-03-24 12:50:00
1774356900000,70969.8,70978.41,70968.13,70978.41,0.17586,2026-03-24 12:55:00
1774357200000,70991.4,70991.4,70982.71,70982.71,0.00104,2026-03-24 13:00:00
1774357500000,71028.64,71028.65,70697.95,70734.57,0.02474,2026-03-24 13:05:00
1774357800000,70762.1,70879.15,70741.9,70879.15,0.00109,2026-03-24 13:10:00
1774358100000,70802.42,70814.5,70616.05,70644.17,0.0109,2026-03-24 13:15:00
1774358400000,70619.36,70619.36,70619.36,70619.36,0.04084,2026-03-24 13:20:00
1774358700000,70619.36,70619.36,70619.36,70619.36,0.0,2026-03-24 13:25:00
1774359000000,70626.47,70777.46,70553.79,70777.46,0.03231,2026-03-24 13:30:00
1774359300000,70711.85,70711.85,70500.0,70500.0,0.07351,2026-03-24 13:35:00
1774359600000,70483.34,70487.22,70256.02,70317.09,0.08015,2026-03-24 13:40:00
1774359900000,70327.67,70412.49,70247.65,70247.65,0.0944,2026-03-24 13:45:00
1774360200000,70266.64,70266.64,70000.0,70051.53,0.14481,2026-03-24 13:50:00
1774360500000,70071.8,70087.9,70000.0,70053.5,0.00498,2026-03-24 13:55:00
1774360800000,70145.84,70294.05,70145.84,70294.05,0.01588,2026-03-24 14:00:00
1774361100000,70308.31,70449.76,70235.92,70449.76,0.03168,2026-03-24 14:05:00
1774361400000,70293.26,70293.26,69759.49,69886.18,0.0389,2026-03-24 14:10:00
1774361700000,69895.54,69924.4,69860.51,69920.27,0.06102,2026-03-24 14:15:00
1774362000000,69941.14,69941.14,69860.51,69908.23,0.05323,2026-03-24 14:20:00
1774362300000,69934.46,70086.06,69915.07,70025.0,0.01903,2026-03-24 14:25:00
1774362600000,70025.0,70025.0,70025.0,70025.0,0.0,2026-03-24 14:30:00
1774362900000,70126.06,70126.06,69890.8,69890.8,0.00664,2026-03-24 14:35:00
1774363200000,69853.55,69853.55,69781.24,69781.24,0.00036,2026-03-24 14:40:00
1774363500000,69759.49,69759.49,69645.52,69726.48,0.01893,2026-03-24 14:45:00
1774363800000,69600.0,70082.72,69555.83,69874.23,0.05601,2026-03-24 14:50:00
1774364100000,69887.86,69916.35,69730.75,69730.75,0.03413,2026-03-24 14:55:00
1774364400000,69897.72,70001.53,69897.72,69967.48,0.03837,2026-03-24 15:00:00
1774364700000,70006.0,70022.66,69986.0,69986.0,0.01419,2026-03-24 15:05:00
1774365000000,69931.38,70034.93,69901.84,69973.6,0.01472,2026-03-24 15:10:00
1774365300000,69939.69,69999.78,69939.69,69964.44,0.03426,2026-03-24 15:15:00
1774365600000,69940.26,70188.2,69940.26,70168.62,0.04822,2026-03-24 15:20:00
1774365900000,70224.74,70224.74,70172.64,70221.04,0.03844,2026-03-24 15:25:00
1774366200000,69981.09,69981.09,69833.33,69833.33,0.04143,2026-03-24 15:30:00
1774366500000,69933.9,69959.86,69933.9,69959.84,0.0208,2026-03-24 15:35:00
1774366800000,70088.96,70088.96,70088.96,70088.96,0.00101,2026-03-24 15:40:00
1774367100000,70013.0,70013.0,70013.0,70013.0,0.0009,2026-03-24 15:45:00
1774367400000,70125.86,70166.67,70125.86,70166.67,0.00071,2026-03-24 15:50:00
1774367700000,69952.55,69952.55,69878.58,69878.58,0.01058,2026-03-24 15:55:00
1774368000000,69847.0,69864.48,69829.88,69864.48,0.22478,2026-03-24 16:00:00
1774368300000,69822.11,69875.17,69822.11,69875.17,0.00105,2026-03-24 16:05:00
1774368600000,69913.7,69934.03,69854.09,69934.03,0.01956,2026-03-24 16:10:00
1774368900000,69935.9,69990.09,69871.99,69990.09,0.00908,2026-03-24 16:15:00
1774369200000,69990.09,69990.09,69990.09,69990.09,0.0,2026-03-24 16:20:00
1774369500000,69780.05,69837.24,69720.95,69790.59,0.01208,2026-03-24 16:25:00
1774369800000,69804.46,69804.46,69645.52,69658.6,0.01045,2026-03-24 16:30:00
1774370100000,69737.58,69737.58,69365.55,69447.5,0.45644,2026-03-24 16:35:00
1774370400000,69427.73,69533.39,69427.73,69533.39,0.16554,2026-03-24 16:40:00
1774370700000,69561.24,69627.39,69544.67,69544.67,0.00055,2026-03-24 16:45:00
1774371000000,69544.67,69544.67,69544.67,69544.67,0.0,2026-03-24 16:50:00
1774371300000,69466.66,69492.1,69466.66,69489.06,0.03613,2026-03-24 16:55:00
1774371600000,69449.94,69449.94,69297.72,69298.43,0.00942,2026-03-24 17:00:00
1774371900000,69278.62,69278.62,69105.21,69223.24,0.07356,2026-03-24 17:05:00
1774372200000,69172.3,69256.69,69172.3,69256.69,0.04462,2026-03-24 17:10:00
1774372500000,69251.8,69288.68,69141.24,69141.24,0.06205,2026-03-24 17:15:00
1774372800000,69164.0,69206.0,69164.0,69206.0,0.00024,2026-03-24 17:20:00
1774373100000,69147.65,69147.65,69147.65,69147.65,0.02206,2026-03-24 17:25:00
1774373400000,69156.01,69203.9,69067.33,69075.69,0.04388,2026-03-24 17:30:00
1774373700000,69283.77,69283.77,69234.39,69280.76,0.00367,2026-03-24 17:35:00
1774374000000,69071.73,69071.73,68976.27,68976.27,0.28169,2026-03-24 17:40:00
1774374300000,68939.18,68993.72,68939.16,68993.72,0.21186,2026-03-24 17:45:00
1774374600000,69039.74,69144.91,69039.74,69144.91,0.01904,2026-03-24 17:50:00
1774374900000,69009.84,69241.0,69009.84,69194.82,0.0933,2026-03-24 17:55:00
1774375200000,69218.04,69274.63,69186.2,69242.25,0.01697,2026-03-24 18:00:00
1774375500000,69230.52,69322.05,69230.52,69316.54,0.0042,2026-03-24 18:05:00
1774375800000,69311.3,69342.47,69310.39,69327.89,0.04235,2026-03-24 18:10:00
1774376100000,69334.24,69358.11,69334.24,69345.38,0.05784,2026-03-24 18:15:00
1774376400000,69408.43,69466.62,69408.43,69466.62,0.01344,2026-03-24 18:20:00
1774376700000,69494.47,69494.47,69418.53,69418.53,0.00808,2026-03-24 18:25:00
1774377000000,69399.4,69541.93,69399.4,69541.93,0.00201,2026-03-24 18:30:00
1774377300000,69559.98,69720.61,69559.98,69720.61,0.00905,2026-03-24 18:35:00
1774377600000,69528.26,69528.26,69528.26,69528.26,0.00014,2026-03-24 18:40:00
1774377900000,69514.41,69514.41,69508.0,69508.0,0.00221,2026-03-24 18:45:00
1774378200000,69542.81,69547.6,69508.28,69508.28,0.07273,2026-03-24 18:50:00
1774378500000,69511.68,69511.68,69511.68,69511.68,0.00014,2026-03-24 18:55:00
1774378800000,69485.57,69558.02,69485.57,69547.25,0.09593,2026-03-24 19:00:00
1774379100000,69531.11,69552.72,69522.64,69534.93,0.00216,2026-03-24 19:05:00
1774379400000,69634.28,69652.23,69606.01,69624.65,0.0009,2026-03-24 19:10:00
1774379700000,69624.61,69660.49,69624.61,69660.49,0.00019,2026-03-24 19:15:00
1774380000000,69619.59,69619.59,69619.59,69619.59,0.00034,2026-03-24 19:20:00
1774380300000,69619.59,69619.59,69619.59,69619.59,0.0,2026-03-24 19:25:00
1774380600000,69465.18,69619.59,69379.5,69379.5,1.30243,2026-03-24 19:30:00
1774380900000,69379.5,69379.5,69379.5,69379.5,0.0,2026-03-24 19:35:00
1774381200000,69444.78,69470.41,69444.78,69462.0,0.00206,2026-03-24 19:40:00
1774381500000,69419.12,69419.12,69333.2,69333.2,0.00853,2026-03-24 19:45:00
1774381800000,69307.11,69387.65,69307.11,69387.65,0.14474,2026-03-24 19:50:00
1774382100000,69286.85,69362.5,69286.85,69362.5,0.00017,2026-03-24 19:55:00
1774382400000,69364.99,69406.23,69364.99,69406.23,0.00176,2026-03-24 20:00:00
1774382700000,69348.15,69365.19,69311.14,69365.19,0.00452,2026-03-24 20:05:00
1774383000000,69367.62,69405.03,69366.84,69405.03,0.00204,2026-03-24 20:10:00
1774383300000,69439.29,69494.34,69439.29,69494.34,0.04952,2026-03-24 20:15:00
1774383600000,69566.09,69932.44,69551.86,69932.44,0.28955,2026-03-24 20:20:00
1774383900000,69974.73,70277.25,69966.19,70002.29,0.47407,2026-03-24 20:25:00
1774384200000,70056.92,70219.85,69985.53,69985.53,0.05874,2026-03-24 20:30:00
1774384500000,70024.03,70114.19,70007.18,70101.92,0.0756,2026-03-24 20:35:00
1774384800000,70089.31,70089.31,70035.56,70035.56,0.01538,2026-03-24 20:40:00
1774385100000,70064.89,70092.76,69951.94,69951.94,0.02502,2026-03-24 20:45:00
1774385400000,70042.48,70214.33,70042.48,70108.75,0.09032,2026-03-24 20:50:00
1774385700000,70091.61,70102.03,70045.33,70102.03,0.01036,2026-03-24 20:55:00
1774386000000,70104.9,70191.03,70082.91,70184.64,0.01463,2026-03-24 21:00:00
1774386300000,70207.67,70207.68,70029.81,70045.01,0.06805,2026-03-24 21:05:00
1774386600000,70047.96,70047.96,69965.82,69991.1,0.0016,2026-03-24 21:10:00
1774386900000,70038.9,70038.9,69965.6,69965.6,0.10044,2026-03-24 21:15:00
1774387200000,69985.98,69989.09,69970.09,69970.09,0.00524,2026-03-24 21:20:00
1774387500000,69950.95,70081.52,69950.95,70013.84,0.05414,2026-03-24 21:25:00
1774387800000,70057.59,70069.73,70057.59,70069.73,0.00069,2026-03-24 21:30:00
1774388100000,70110.89,70206.42,70085.2,70206.42,0.05415,2026-03-24 21:35:00
1774388400000,70249.78,70377.84,70249.78,70318.75,0.02499,2026-03-24 21:40:00
1774388700000,70294.63,70316.22,70294.63,70316.22,0.02262,2026-03-24 21:45:00
1774389000000,70293.93,70316.22,70293.93,70316.22,0.21122,2026-03-24 21:50:00
1774389300000,70316.22,70332.17,70297.03,70332.17,0.18149,2026-03-24 21:55:00
1774389600000,70298.63,70298.63,70226.98,70226.98,0.01408,2026-03-24 22:00:00
1774389900000,70290.24,70522.7,70290.24,70482.03,0.16236,2026-03-24 22:05:00
1774390200000,70537.13,70596.98,70487.64,70507.36,0.06333,2026-03-24 22:10:00
1774390500000,70512.97,70560.69,70512.31,70560.69,0.08325,2026-03-24 22:15:00
1774390800000,70437.16,70448.75,70437.16,70448.75,0.00446,2026-03-24 22:20:00
1774391100000,70441.76,70441.76,70337.11,70337.11,0.04961,2026-03-24 22:25:00
1774391400000,70185.85,70185.85,70130.82,70130.82,0.15261,2026-03-24 22:30:00
1774391700000,70218.06,70280.44,70218.06,70280.44,0.00256,2026-03-24 22:35:00
1774392000000,70295.12,70295.12,70295.12,70295.12,0.0069,2026-03-24 22:40:00
1774392300000,70299.6,70299.6,70299.6,70299.6,0.01,2026-03-24 22:45:00
1774392600000,70330.42,70381.43,70306.02,70381.43,0.07559,2026-03-24 22:50:00
1774392900000,70379.8,70379.8,70379.8,70379.8,0.00709,2026-03-24 22:55:00
1774393200000,70315.31,70331.86,70292.46,70331.13,0.03285,2026-03-24 23:00:00
1774393500000,70323.8,70556.89,70323.8,70556.89,0.01955,2026-03-24 23:05:00
1774393800000,70536.32,70563.99,70536.32,70549.79,0.00054,2026-03-24 23:10:00
1774394100000,70551.31,70551.31,70551.31,70551.31,0.00014,2026-03-24 23:15:00
1774394400000,70524.97,70668.25,70502.53,70544.7,0.11402,2026-03-24 23:20:00
1774394700000,70540.8,70736.03,70540.8,70720.95,0.03096,2026-03-24 23:25:00
1774395000000,70785.74,70823.35,70749.05,70749.05,0.01723,2026-03-24 23:30:00
1774395300000,70760.69,70760.69,70728.74,70760.56,0.01013,2026-03-24 23:35:00
1774395600000,70760.56,70760.56,70760.56,70760.56,0.0,2026-03-24 23:40:00
1774395900000,70661.03,70661.03,70599.33,70618.97,0.00361,2026-03-24 23:45:00
1774396200000,70621.06,70621.06,70621.06,70621.06,0.00113,2026-03-24 23:50:00
1774396500000,70592.76,70601.73,70592.76,70601.73,0.02797,2026-03-24 23:55:00
1774396800000,70585.02,70585.02,70564.16,70570.89,0.00367,2026-03-25 00:00:00
1774397100000,70623.44,70649.13,70613.71,70613.71,0.00158,2026-03-25 00:05:00
1774397400000,70749.0,70755.83,70684.8,70684.8,0.015,2026-03-25 00:10:00
1774397700000,70724.82,70724.82,70724.82,70724.82,3e-05,2026-03-25 00:15:00
1774398000000,70606.7,70606.7,70606.7,70606.7,0.00033,2026-03-25 00:20:00
1774398300000,70639.64,70689.09,70639.64,70689.09,0.01415,2026-03-25 00:25:00
1774398600000,70594.05,70858.98,70502.53,70858.98,0.07159,2026-03-25 00:30:00
1774398900000,70800.42,70897.54,70800.42,70882.91,0.00939,2026-03-25 00:35:00
1774399200000,70904.74,71031.89,70904.74,70976.97,0.02942,2026-03-25 00:40:00
1774399500000,70943.7,70972.73,70929.79,70929.79,0.05246,2026-03-25 00:45:00
1774399800000,70805.05,70820.8,70797.61,70797.61,0.00015,2026-03-25 00:50:00
1774400100000,70871.71,70871.71,70870.25,70870.25,0.03531,2026-03-25 00:55:00
1774400400000,70851.29,70874.44,70799.29,70823.57,0.0315,2026-03-25 01:00:00
1774400700000,70822.57,70839.86,70717.89,70782.95,0.06242,2026-03-25 01:05:00
1774401000000,70953.94,70953.94,70821.47,70821.47,0.00038,2026-03-25 01:10:00
1774401300000,70738.0,70738.0,70738.0,70738.0,0.00706,2026-03-25 01:15:00
1774401600000,70785.75,70809.81,70782.66,70782.66,0.015,2026-03-25 01:20:00
1774401900000,70719.31,70753.89,70706.85,70753.89,0.00466,2026-03-25 01:25:00
1774402200000,70761.25,70761.25,70676.03,70676.03,0.00801,2026-03-25 01:30:00
1774402500000,70688.31,70712.05,70652.97,70652.97,0.00435,2026-03-25 01:35:00
1774402800000,70705.17,70798.93,70705.17,70752.03,0.00171,2026-03-25 01:40:00
1774403100000,70752.03,70752.03,70752.03,70752.03,0.0,2026-03-25 01:45:00
1774403400000,70825.24,70825.24,70785.72,70785.72,0.00141,2026-03-25 01:50:00
1774403700000,70753.41,70753.41,70753.41,70753.41,0.00014,2026-03-25 01:55:00
1774404000000,70609.12,70670.08,70609.12,70670.08,0.01149,2026-03-25 02:00:00
1774404300000,70623.35,70657.75,70614.12,70622.83,0.02687,2026-03-25 02:05:00
1774404600000,70621.46,70657.36,70590.05,70605.42,0.01566,2026-03-25 02:10:00
1774404900000,70649.91,70649.91,70541.36,70609.27,0.02276,2026-03-25 02:15:00
1774405200000,70608.43,70608.43,70608.43,70608.43,0.00071,2026-03-25 02:20:00
1774405500000,70621.77,70651.56,70621.77,70651.56,0.01364,2026-03-25 02:25:00
1774405800000,70586.57,70674.07,70528.14,70674.07,0.00741,2026-03-25 02:30:00
1774406100000,70740.75,70740.75,70740.75,70740.75,0.00033,2026-03-25 02:35:00
1774406400000,70740.75,70740.75,70740.75,70740.75,0.0,2026-03-25 02:40:00
1774406700000,70701.48,70701.48,70701.48,70701.48,0.00189,2026-03-25 02:45:00
1774407000000,70616.1,70616.1,70616.1,70616.1,0.00048,2026-03-25 02:50:00
1774407300000,70522.7,70522.7,70522.7,70522.7,0.00619,2026-03-25 02:55:00
1774407600000,70534.73,70576.14,70534.73,70576.14,0.00566,2026-03-25 03:00:00
1774407900000,70506.28,70515.64,70506.28,70515.64,0.00166,2026-03-25 03:05:00
1774408200000,70530.56,70545.16,70416.68,70545.16,0.01031,2026-03-25 03:10:00
1774408500000,70488.11,70488.11,70458.61,70458.61,0.00258,2026-03-25 03:15:00
1774408800000,70507.22,70507.22,70453.89,70453.89,0.0076,2026-03-25 03:20:00
1774409100000,70453.89,70453.89,70453.89,70453.89,0.0,2026-03-25 03:25:00
1774409400000,70555.92,70555.92,70555.92,70555.92,0.01021,2026-03-25 03:30:00
1774409700000,70724.38,70784.83,70724.38,70765.56,0.01733,2026-03-25 03:35:00
1774410000000,70772.77,70772.77,70772.77,70772.77,3e-05,2026-03-25 03:40:00
1774410300000,70792.85,70804.72,70752.27,70752.89,0.02476,2026-03-25 03:45:00
1774410600000,70752.89,70752.89,70752.89,70752.89,0.0,2026-03-25 03:50:00
1774410900000,70733.05,70784.55,70733.05,70784.55,0.01523,2026-03-25 03:55:00
1774411200000,70727.29,70741.38,70689.0,70741.38,0.00035,2026-03-25 04:00:00
1774411500000,70743.56,70863.79,70743.56,70861.51,0.09384,2026-03-25 04:05:00
1774411800000,70843.58,70866.23,70843.58,70866.23,0.00042,2026-03-25 04:10:00
1774412100000,70826.33,70826.33,70826.33,70826.33,0.00911,2026-03-25 04:15:00
1774412400000,70821.23,70893.01,70779.44,70893.01,0.07404,2026-03-25 04:20:00
1774412700000,70951.09,70951.1,70951.09,70951.1,0.00704,2026-03-25 04:25:00
1774413000000,70762.75,70782.77,70755.26,70765.86,0.00595,2026-03-25 04:30:00
1774413300000,70804.41,70804.41,70741.08,70758.45,0.04993,2026-03-25 04:35:00
1774413600000,70823.88,70823.88,70823.88,70823.88,0.00182,2026-03-25 04:40:00
1774413900000,70763.87,70763.87,70763.87,70763.87,0.00078,2026-03-25 04:45:00
1774414200000,70767.19,70767.2,70767.19,70767.2,0.00212,2026-03-25 04:50:00
1774414500000,70917.28,70965.43,70917.28,70965.43,0.00702,2026-03-25 04:55:00
1774414800000,70961.84,71002.51,70956.78,71002.51,0.00362,2026-03-25 05:00:00
1774415100000,71001.57,71287.99,71001.57,71186.7,0.0629,2026-03-25 05:05:00
1774415400000,71188.38,71338.8,71188.38,71338.8,0.00537,2026-03-25 05:10:00
1774415700000,71262.86,71262.86,71132.53,71132.53,0.02244,2026-03-25 05:15:00
1774416000000,71132.53,71132.53,71132.53,71132.53,0.0,2026-03-25 05:20:00
1774416300000,71111.62,71187.08,71111.62,71115.51,0.68015,2026-03-25 05:25:00
1774416600000,71198.37,71236.67,71198.37,71236.67,0.00261,2026-03-25 05:30:00
1774416900000,71150.23,71182.52,71150.23,71182.52,0.0016,2026-03-25 05:35:00
1774417200000,71206.18,71206.18,71206.18,71206.18,0.0028,2026-03-25 05:40:00
1774417500000,71177.45,71177.45,71177.45,71177.45,0.0021,2026-03-25 05:45:00
1774417800000,71177.45,71177.45,71177.45,71177.45,0.0,2026-03-25 05:50:00
1774418100000,71109.57,71109.57,71109.57,71109.57,0.00076,2026-03-25 05:55:00
1774418400000,71140.41,71140.42,71140.41,71140.42,0.00351,2026-03-25 06:00:00
1774418700000,71026.02,71075.56,71026.02,71035.47,0.00338,2026-03-25 06:05:00
1774419000000,71065.41,71065.41,71051.58,71059.77,0.01168,2026-03-25 06:10:00
1774419300000,71098.38,71197.09,71098.38,71197.09,0.00621,2026-03-25 06:15:00
1774419600000,71219.67,71236.67,71219.67,71236.67,0.02525,2026-03-25 06:20:00
1774419900000,71202.29,71202.29,71202.29,71202.29,0.00586,2026-03-25 06:25:00
1774420200000,71247.95,71249.57,71209.87,71210.49,0.0907,2026-03-25 06:30:00
1774420500000,71209.87,71209.87,71209.87,71209.87,0.00675,2026-03-25 06:35:00
1774420800000,71209.87,71209.87,71209.87,71209.87,0.0,2026-03-25 06:40:00
1774421100000,71209.87,71209.87,71209.87,71209.87,0.0,2026-03-25 06:45:00
1774421400000,71209.87,71209.87,71209.87,71209.87,0.0,2026-03-25 06:50:00
1774421700000,71209.87,71209.87,71209.87,71209.87,0.0,2026-03-25 06:55:00
1774422000000,70981.53,71072.74,70981.53,71072.74,0.00187,2026-03-25 07:00:00
1774422300000,71064.72,71064.72,71039.38,71044.89,0.00347,2026-03-25 07:05:00
1774422600000,71029.95,71141.82,71029.95,71141.82,0.05652,2026-03-25 07:10:00
1774422900000,71165.81,71165.81,71113.69,71113.69,0.0067,2026-03-25 07:15:00
1774423200000,71113.69,71113.69,71113.69,71113.69,0.0,2026-03-25 07:20:00
1774423500000,71087.02,71087.02,71068.16,71087.02,0.10126,2026-03-25 07:25:00
1774423800000,71150.75,71150.75,71150.75,71150.75,0.00069,2026-03-25 07:30:00
1774424100000,71150.75,71150.75,71150.75,71150.75,0.0,2026-03-25 07:35:00
1774424400000,71250.0,71250.0,71146.45,71146.45,0.01186,2026-03-25 07:40:00
1774424700000,70949.5,70949.5,70949.5,70949.5,0.00011,2026-03-25 07:45:00
1774425000000,70949.5,70949.5,70949.5,70949.5,0.0,2026-03-25 07:50:00
1774425300000,70922.62,70922.62,70922.62,70922.62,0.00071,2026-03-25 07:55:00
1774425600000,70953.68,70972.86,70953.68,70972.86,0.00515,2026-03-25 08:00:00
1774425900000,70894.0,70933.39,70869.62,70894.26,0.00618,2026-03-25 08:05:00
1774426200000,70833.33,70833.33,70816.47,70816.47,0.00284,2026-03-25 08:10:00
1774426500000,71028.48,71028.48,71028.48,71028.48,0.00064,2026-03-25 08:15:00
1774426800000,71110.14,71115.47,71110.14,71115.47,0.00773,2026-03-25 08:20:00
1774427100000,71092.76,71265.24,71092.76,71215.73,0.04125,2026-03-25 08:25:00
1774427400000,71200.09,71488.56,71200.09,71488.56,0.28684,2026-03-25 08:30:00
1774427700000,71448.02,71487.39,71308.84,71315.61,0.03808,2026-03-25 08:35:00
1774428000000,71419.56,71454.85,71419.56,71454.85,0.09178,2026-03-25 08:40:00
1774428300000,71468.17,71468.17,71322.3,71327.44,0.0198,2026-03-25 08:45:00
1774428600000,71311.54,71321.5,71266.95,71266.95,0.02339,2026-03-25 08:50:00
1774428900000,71284.28,71284.28,71262.31,71262.31,0.01382,2026-03-25 08:55:00
1774429200000,71255.39,71285.61,71231.93,71275.31,0.01776,2026-03-25 09:00:00
1774429500000,71271.11,71353.75,71271.11,71353.75,0.01881,2026-03-25 09:05:00
1774429800000,71340.39,71340.39,71298.34,71298.34,0.0163,2026-03-25 09:10:00
1774430100000,71354.37,71354.37,71354.37,71354.37,0.00014,2026-03-25 09:15:00
1774430400000,71293.18,71293.18,71293.18,71293.18,0.00683,2026-03-25 09:20:00
1774430700000,71309.28,71309.28,71271.04,71271.04,0.01286,2026-03-25 09:25:00
1774431000000,71303.28,71303.28,71271.35,71271.35,0.01285,2026-03-25 09:30:00
1774431300000,71265.01,71265.31,71265.01,71265.31,0.00041,2026-03-25 09:35:00
1774431600000,71313.37,71324.34,71313.37,71324.34,0.00907,2026-03-25 09:40:00
1774431900000,71196.95,71196.95,71119.95,71119.95,0.01456,2026-03-25 09:45:00
1774432200000,71119.95,71119.95,71119.95,71119.95,0.0,2026-03-25 09:50:00
1774432500000,71119.95,71119.95,71119.95,71119.95,0.0,2026-03-25 09:55:00
1774432800000,71370.67,71370.67,71340.91,71340.91,0.00087,2026-03-25 10:00:00
1774433100000,71370.18,71370.18,71370.18,71370.18,0.00055,2026-03-25 10:05:00
1774433400000,71416.2,71416.2,71401.25,71401.25,0.00651,2026-03-25 10:10:00
1774433700000,71401.25,71401.25,71401.25,71401.25,0.0,2026-03-25 10:15:00
1774434000000,71401.25,71401.25,71401.25,71401.25,0.0,2026-03-25 10:20:00
1774434300000,71388.09,71409.35,71388.09,71409.35,0.00195,2026-03-25 10:25:00
1774434600000,71409.35,71409.35,71409.35,71409.35,0.0,2026-03-25 10:30:00
1774434900000,71409.35,71409.35,71409.35,71409.35,0.0,2026-03-25 10:35:00
1774435200000,71365.52,71365.52,71365.52,71365.52,0.00208,2026-03-25 10:40:00
1774435500000,71477.18,71610.6,71477.18,71584.4,0.16931,2026-03-25 10:45:00
1774435800000,71525.69,71583.39,71525.69,71569.01,0.00598,2026-03-25 10:50:00
1774436100000,71582.22,71582.22,71510.07,71513.45,0.01565,2026-03-25 10:55:00
1774436400000,71500.0,71508.6,71500.0,71506.89,0.00694,2026-03-25 11:00:00
1774436700000,71491.01,71539.88,71491.01,71539.88,0.00028,2026-03-25 11:05:00
1774437000000,71539.35,71583.31,71539.35,71583.31,0.01069,2026-03-25 11:10:00
1774437300000,71616.59,71659.98,71616.59,71655.87,0.23327,2026-03-25 11:15:00
1774437600000,71670.57,71767.46,71603.0,71706.11,1.33875,2026-03-25 11:20:00
1774437900000,71680.24,71938.2,71680.24,71938.2,0.45457,2026-03-25 11:25:00
1774438200000,71938.2,71963.0,71902.81,71931.13,0.03407,2026-03-25 11:30:00
1774438500000,71965.51,72000.0,71815.63,71959.26,0.29685,2026-03-25 11:35:00
1774438800000,71853.37,71853.37,71787.69,71787.71,0.05469,2026-03-25 11:40:00
1774439100000,71807.7,71807.7,71541.59,71541.59,0.02528,2026-03-25 11:45:00
1774439400000,71591.69,71615.9,71591.69,71598.6,0.18721,2026-03-25 11:50:00
1774439700000,71624.38,71664.48,71624.38,71664.48,0.06627,2026-03-25 11:55:00
1774440000000,71711.87,71797.61,71709.32,71797.61,0.07395,2026-03-25 12:00:00
1774440300000,71784.77,71826.93,71764.54,71826.14,0.06446,2026-03-25 12:05:00
1774440600000,71820.36,71834.25,71742.43,71742.43,0.01409,2026-03-25 12:10:00
1774440900000,71756.5,71756.5,71410.94,71410.94,0.01614,2026-03-25 12:15:00
1774441200000,71427.9,71427.9,71135.88,71257.16,0.10531,2026-03-25 12:20:00
1774441500000,71225.45,71302.08,71225.45,71239.51,0.0142,2026-03-25 12:25:00
1774441800000,71267.89,71267.89,71267.89,71267.89,0.00025,2026-03-25 12:30:00
1774442100000,71267.89,71267.89,71267.89,71267.89,0.0,2026-03-25 12:35:00
1774442400000,71429.87,71504.59,71425.09,71425.09,0.01082,2026-03-25 12:40:00
1774442700000,71425.09,71425.09,71425.09,71425.09,0.0,2026-03-25 12:45:00
1774443000000,71425.09,71425.09,71425.09,71425.09,0.0,2026-03-25 12:50:00
1774443300000,71475.14,71925.9,71472.5,71708.87,0.26977,2026-03-25 12:55:00
1774443600000,71761.69,71765.6,71675.87,71743.32,0.00808,2026-03-25 13:00:00
1774443900000,71724.97,71745.04,71704.52,71704.52,0.00537,2026-03-25 13:05:00
1774444200000,71677.32,71677.32,71677.32,71677.32,3e-05,2026-03-25 13:10:00
1774444500000,71703.7,71710.53,71703.7,71710.53,0.00035,2026-03-25 13:15:00
1774444800000,71710.53,71710.53,71710.53,71710.53,0.0,2026-03-25 13:20:00
1774445100000,71643.83,71643.83,71615.53,71631.21,0.03069,2026-03-25 13:25:00
1774445400000,71800.0,71847.11,71760.99,71760.99,0.01777,2026-03-25 13:30:00
1774445700000,71936.36,71936.36,71866.72,71866.72,0.00271,2026-03-25 13:35:00
1774446000000,71798.67,71798.67,71739.75,71744.71,0.02148,2026-03-25 13:40:00
1774446300000,71793.15,71793.15,71793.15,71793.15,0.00696,2026-03-25 13:45:00
1774446600000,71629.98,71712.95,71541.59,71688.92,0.01092,2026-03-25 13:50:00
1774446900000,71732.45,71732.45,71588.93,71588.93,0.0103,2026-03-25 13:55:00
1774447200000,71572.07,71654.12,71461.31,71551.58,0.41142,2026-03-25 14:00:00
1774447500000,71452.41,71524.87,71410.94,71524.87,0.04489,2026-03-25 14:05:00
1774447800000,71462.11,71462.11,71353.72,71372.12,0.0674,2026-03-25 14:10:00
1774448100000,71474.57,71478.31,71474.57,71478.31,0.01615,2026-03-25 14:15:00
1774448400000,71448.14,71448.14,71414.09,71414.09,0.00557,2026-03-25 14:20:00
1774448700000,71314.76,71411.67,71300.36,71300.36,0.04516,2026-03-25 14:25:00
1774449000000,71369.75,71511.58,71369.75,71511.58,0.00126,2026-03-25 14:30:00
1774449300000,71520.87,71525.61,71355.78,71357.97,0.01122,2026-03-25 14:35:00
1774449600000,71370.02,71414.33,71361.34,71414.33,0.03495,2026-03-25 14:40:00
1774449900000,71329.2,71329.2,71298.26,71298.26,0.00028,2026-03-25 14:45:00
1774450200000,71400.33,71438.39,71400.33,71414.73,0.0084,2026-03-25 14:50:00
1774450500000,71339.7,71349.46,71241.59,71241.59,0.00448,2026-03-25 14:55:00
1774450800000,71251.03,71309.32,71233.88,71289.98,0.00685,2026-03-25 15:00:00
1774451100000,71281.34,71295.19,70912.27,70957.3,0.17735,2026-03-25 15:05:00
1774451400000,70966.22,71033.28,70644.77,70740.4,0.19563,2026-03-25 15:10:00
1774451700000,70756.57,70756.57,70603.72,70648.07,0.10319,2026-03-25 15:15:00
1774452000000,70785.05,70937.5,70785.05,70890.17,0.01306,2026-03-25 15:20:00
1774452300000,70917.73,70996.76,70917.73,70996.67,0.04788,2026-03-25 15:25:00
1774452600000,71054.79,71054.79,70976.22,70976.22,0.01334,2026-03-25 15:30:00
1774452900000,70938.7,70938.7,70820.13,70820.13,0.0241,2026-03-25 15:35:00
1774453200000,70875.31,70906.25,70819.55,70819.55,0.01482,2026-03-25 15:40:00
1774453500000,70819.55,70819.55,70819.55,70819.55,0.0,2026-03-25 15:45:00
1774453800000,70921.91,70921.91,70891.22,70891.22,0.0103,2026-03-25 15:50:00
1774454100000,70834.35,70847.7,70834.35,70847.7,0.01415,2026-03-25 15:55:00
1774454400000,70814.35,70883.4,70814.35,70873.4,0.0207,2026-03-25 16:00:00
1774454700000,70821.67,70973.25,70821.67,70973.25,0.00971,2026-03-25 16:05:00
1774455000000,70914.89,70914.89,70893.12,70893.12,0.00226,2026-03-25 16:10:00
1774455300000,70866.27,70866.27,70839.86,70839.86,0.00728,2026-03-25 16:15:00
1774455600000,70839.86,70839.86,70839.86,70839.86,0.0,2026-03-25 16:20:00
1774455900000,71123.11,71735.77,71123.11,71606.39,0.09158,2026-03-25 16:25:00
1774456200000,71492.87,71492.87,71492.87,71492.87,0.01117,2026-03-25 16:30:00
1774456500000,71478.01,71654.78,71436.5,71654.78,0.042,2026-03-25 16:35:00
1774456800000,71565.14,71565.14,71482.97,71482.97,0.00237,2026-03-25 16:40:00
1774457100000,71458.65,71458.65,71374.35,71374.35,0.00051,2026-03-25 16:45:00
1774457400000,71295.29,71393.54,71295.29,71393.54,0.00238,2026-03-25 16:50:00
1774457700000,71397.22,71411.94,71389.33,71389.33,0.17971,2026-03-25 16:55:00
1774458000000,71298.85,71397.9,71298.85,71299.4,0.00613,2026-03-25 17:00:00
1774458300000,71312.52,71312.52,71220.53,71220.53,0.01538,2026-03-25 17:05:00
1774458600000,71214.51,71214.51,71121.6,71155.47,0.02296,2026-03-25 17:10:00
1774458900000,70965.43,71000.19,70965.43,71000.19,0.00143,2026-03-25 17:15:00
1774459200000,71000.19,71000.19,71000.19,71000.19,0.0,2026-03-25 17:20:00
1774459500000,71129.42,71187.41,71086.29,71086.29,0.09378,2026-03-25 17:25:00
1774459800000,71045.27,71045.27,70978.86,70989.34,0.04046,2026-03-25 17:30:00
1774460100000,71004.02,71004.02,70850.16,70862.28,0.03731,2026-03-25 17:35:00
1774460400000,70898.81,70919.05,70888.87,70900.73,0.01478,2026-03-25 17:40:00
1774460700000,70900.73,70900.73,70900.73,70900.73,0.0,2026-03-25 17:45:00
1774461000000,70863.53,70873.86,70811.67,70840.93,0.04766,2026-03-25 17:50:00
1774461300000,70740.4,70805.81,70740.4,70770.47,0.0501,2026-03-25 17:55:00
1774461600000,70820.0,70833.67,70781.01,70833.67,0.04907,2026-03-25 18:00:00
1774461900000,70864.81,70949.17,70864.81,70874.53,0.04183,2026-03-25 18:05:00
1774462200000,70880.76,70925.9,70875.77,70905.13,0.00765,2026-03-25 18:10:00
1774462500000,70959.24,71010.52,70959.24,71010.52,0.09824,2026-03-25 18:15:00
1774462800000,70992.23,71109.63,70992.23,71109.63,0.00243,2026-03-25 18:20:00
1774463100000,71082.25,71082.25,70982.79,70984.14,0.0935,2026-03-25 18:25:00
1774463400000,70989.53,71018.59,70904.86,70927.56,0.15793,2026-03-25 18:30:00
1774463700000,70952.68,70952.68,70834.59,70848.28,0.06559,2026-03-25 18:35:00
1774464000000,70862.75,70881.69,70799.86,70843.89,0.0237,2026-03-25 18:40:00
1774464300000,70840.36,70921.9,70840.36,70892.03,0.02457,2026-03-25 18:45:00
1774464600000,70908.99,70942.02,70908.99,70930.73,0.03198,2026-03-25 18:50:00
1774464900000,70936.81,70936.81,70734.26,70758.48,0.03056,2026-03-25 18:55:00
1774465200000,70810.92,70986.27,70793.03,70986.27,0.05398,2026-03-25 19:00:00
1774465500000,70991.33,70991.33,70843.03,70861.59,0.03606,2026-03-25 19:05:00
1774465800000,70856.06,70873.24,70770.87,70873.24,0.01937,2026-03-25 19:10:00
1774466100000,70846.22,70877.38,70825.23,70877.38,0.03931,2026-03-25 19:15:00
1774466400000,70918.53,70954.5,70916.86,70954.5,0.06721,2026-03-25 19:20:00
1774466700000,70952.95,70968.07,70892.29,70929.2,0.06296,2026-03-25 19:25:00
1774467000000,70956.0,70956.0,70869.69,70869.69,0.03677,2026-03-25 19:30:00
1774467300000,70938.11,71060.38,70883.83,71060.38,0.02456,2026-03-25 19:35:00
1774467600000,71043.75,71060.88,70974.34,70974.34,0.05088,2026-03-25 19:40:00
1774467900000,70941.28,70954.83,70890.45,70911.73,0.03892,2026-03-25 19:45:00
1774468200000,70951.2,70951.2,70913.37,70916.7,0.01055,2026-03-25 19:50:00
1774468500000,70849.11,70871.53,70785.25,70871.53,0.06797,2026-03-25 19:55:00
1774468800000,70850.75,70850.75,70740.78,70758.84,0.07863,2026-03-25 20:00:00
1774469100000,70756.59,70756.59,70699.08,70719.27,0.02962,2026-03-25 20:05:00
1774469400000,70699.18,70747.23,70670.14,70729.23,0.05564,2026-03-25 20:10:00
1774469700000,70738.43,70782.39,70738.43,70782.39,0.00862,2026-03-25 20:15:00
1774470000000,70784.45,70784.45,70715.28,70725.21,0.0257,2026-03-25 20:20:00
1774470300000,70718.19,70735.73,70668.62,70735.73,0.02918,2026-03-25 20:25:00
1774470600000,70755.53,70755.53,70704.87,70734.74,0.00101,2026-03-25 20:30:00
1774470900000,70828.28,70828.28,70813.53,70813.53,0.00161,2026-03-25 20:35:00
1774471200000,70922.63,70922.63,70922.63,70922.63,0.0004,2026-03-25 20:40:00
1774471500000,70906.84,70906.84,70906.84,70906.84,0.00044,2026-03-25 20:45:00
1774471800000,70974.43,70989.37,70974.43,70987.08,0.01012,2026-03-25 20:50:00
1774472100000,71038.11,71051.48,71005.12,71005.12,0.0041,2026-03-25 20:55:00
1774472400000,71021.95,71032.64,71003.5,71032.64,0.04046,2026-03-25 21:00:00
1774472700000,71000.5,71075.67,70960.84,71075.67,0.01407,2026-03-25 21:05:00
1774473000000,71077.56,71160.73,71073.58,71160.73,0.01207,2026-03-25 21:10:00
1774473300000,71166.67,71166.67,71068.37,71068.37,0.00182,2026-03-25 21:15:00
1774473600000,71080.81,71093.3,71010.04,71010.04,0.03092,2026-03-25 21:20:00
1774473900000,71001.76,71001.76,70976.01,70976.01,0.00093,2026-03-25 21:25:00
1774474200000,70976.01,70976.01,70976.01,70976.01,0.0,2026-03-25 21:30:00
1774474500000,70976.01,70976.01,70976.01,70976.01,0.0,2026-03-25 21:35:00
1774474800000,70976.01,70976.01,70976.01,70976.01,0.0,2026-03-25 21:40:00
1774475100000,71083.95,71083.95,71067.76,71067.76,0.00732,2026-03-25 21:45:00
1774475400000,71006.01,71013.88,71006.01,71012.59,0.01093,2026-03-25 21:50:00
1774475700000,71007.39,71028.09,71007.39,71028.09,8e-05,2026-03-25 21:55:00
1774476000000,71074.29,71126.7,71074.29,71093.99,0.00493,2026-03-25 22:00:00
1774476300000,71082.18,71082.18,71000.64,71000.64,0.01238,2026-03-25 22:05:00
1774476600000,70999.39,71029.97,70986.23,71022.4,0.02375,2026-03-25 22:10:00
1774476900000,70972.79,70972.79,70960.98,70960.98,0.00148,2026-03-25 22:15:00
1774477200000,70960.98,70960.98,70960.98,70960.98,0.0,2026-03-25 22:20:00
1774477500000,70960.98,70960.98,70960.98,70960.98,0.0,2026-03-25 22:25:00
1774477800000,71031.72,71212.64,71031.72,71157.85,0.03347,2026-03-25 22:30:00
1774478100000,71233.88,71308.72,71233.88,71252.7,0.05464,2026-03-25 22:35:00
1774478400000,71229.03,71541.59,71219.79,71349.47,0.15676,2026-03-25 22:40:00
1774478700000,71391.28,71466.76,71357.95,71466.76,0.16241,2026-03-25 22:45:00
1774479000000,71402.22,71402.22,71333.33,71333.33,0.00441,2026-03-25 22:50:00
1774479300000,71353.61,71386.09,71353.61,71386.09,0.01523,2026-03-25 22:55:00
1774479600000,71397.61,71442.98,71394.85,71401.7,0.06739,2026-03-25 23:00:00
1774479900000,71397.23,71406.56,71378.42,71390.29,0.01256,2026-03-25 23:05:00
1774480200000,71387.42,71430.73,71336.5,71336.5,0.01451,2026-03-25 23:10:00
1774480500000,71300.2,71305.23,71242.15,71257.54,0.01809,2026-03-25 23:15:00
1774480800000,71293.58,71317.08,71293.58,71317.08,0.00918,2026-03-25 23:20:00
1774481100000,71384.42,71409.38,71367.09,71367.09,0.00965,2026-03-25 23:25:00
1774481400000,71354.2,71354.2,71312.2,71344.61,0.00921,2026-03-25 23:30:00
1774481700000,71288.5,71288.5,71288.5,71288.5,0.01261,2026-03-25 23:35:00
1774482000000,71263.86,71263.86,71233.9,71233.9,0.01733,2026-03-25 23:40:00
1774482300000,71215.04,71223.52,71215.04,71223.52,0.07001,2026-03-25 23:45:00
1774482600000,71266.17,71291.73,71266.17,71291.73,0.0015,2026-03-25 23:50:00
1774482900000,71384.01,71384.01,71334.09,71334.09,0.00855,2026-03-25 23:55:00
1774483200000,71354.83,71354.83,71235.43,71235.43,0.03751,2026-03-26 00:00:00
1774483500000,71239.47,71276.67,71203.36,71203.36,0.03181,2026-03-26 00:05:00
1774483800000,71213.81,71240.15,71205.5,71205.5,0.00806,2026-03-26 00:10:00
1774484100000,71270.59,71293.3,71270.59,71293.3,0.00652,2026-03-26 00:15:00
1774484400000,71253.43,71293.3,71253.43,71293.3,0.06658,2026-03-26 00:20:00
1774484700000,71236.28,71270.01,71236.28,71270.01,0.01481,2026-03-26 00:25:00
1774485000000,71311.94,71355.46,71280.84,71299.23,0.20895,2026-03-26 00:30:00
1774485300000,71355.68,71391.33,71353.45,71354.96,0.00355,2026-03-26 00:35:00
1774485600000,71359.47,71359.47,71332.48,71332.48,0.00157,2026-03-26 00:40:00
1774485900000,71359.47,71442.33,71358.9,71388.24,0.17284,2026-03-26 00:45:00
1774486200000,71375.73,71375.89,71233.33,71233.33,0.02768,2026-03-26 00:50:00
1774486500000,71181.57,71276.83,71124.98,71276.83,0.08658,2026-03-26 00:55:00
1774486800000,71322.81,71362.2,71286.6,71286.6,0.05144,2026-03-26 01:00:00
1774487100000,71304.95,71304.95,71206.28,71206.28,0.00195,2026-03-26 01:05:00
1774487400000,71244.02,71287.81,71244.02,71261.39,0.0017,2026-03-26 01:10:00
1774487700000,71207.97,71207.97,71207.96,71207.96,0.03787,2026-03-26 01:15:00
1774488000000,71243.92,71292.95,71243.92,71292.95,0.00466,2026-03-26 01:20:00
1774488300000,71322.72,71382.29,71280.01,71280.01,0.07981,2026-03-26 01:25:00
1774488600000,71325.4,71342.73,71306.88,71325.02,0.01318,2026-03-26 01:30:00
1774488900000,71292.67,71311.85,71292.67,71311.85,0.00031,2026-03-26 01:35:00
1774489200000,71306.41,71306.41,71306.41,71306.41,0.00701,2026-03-26 01:40:00
1774489500000,71265.31,71265.31,71242.78,71243.47,0.023,2026-03-26 01:45:00
1774489800000,71235.89,71293.79,71195.17,71232.68,0.15542,2026-03-26 01:50:00
1774490100000,71225.39,71274.89,71225.39,71250.61,0.01661,2026-03-26 01:55:00
1774490400000,71247.02,71278.98,71247.02,71261.34,0.0006,2026-03-26 02:00:00
1774490700000,71260.26,71260.26,71135.67,71137.06,0.00867,2026-03-26 02:05:00
1774491000000,71152.29,71168.01,71096.22,71096.23,0.01132,2026-03-26 02:10:00
1774491300000,71091.88,71091.88,70916.02,70916.02,0.00668,2026-03-26 02:15:00
1774491600000,71009.88,71009.88,70902.65,70902.65,0.06223,2026-03-26 02:20:00
1774491900000,70950.4,70950.4,70927.2,70927.2,0.00023,2026-03-26 02:25:00
1774492200000,70854.71,70854.71,70666.97,70790.0,0.28251,2026-03-26 02:30:00
1774492500000,70818.05,70818.05,70726.11,70779.87,0.04325,2026-03-26 02:35:00
1774492800000,70804.43,70878.17,70800.54,70878.17,0.01641,2026-03-26 02:40:00
1774493100000,70872.14,70878.2,70852.15,70878.2,0.02046,2026-03-26 02:45:00
1774493400000,70880.78,70880.78,70846.82,70846.82,0.01541,2026-03-26 02:50:00
1774493700000,70881.76,70897.98,70881.76,70897.98,0.00955,2026-03-26 02:55:00
1774494000000,70877.54,70877.54,70785.09,70785.09,0.05001,2026-03-26 03:00:00
1774494300000,70763.28,70835.31,70763.28,70835.31,0.0176,2026-03-26 03:05:00
1774494600000,70843.65,70876.14,70843.65,70876.14,0.00147,2026-03-26 03:10:00
1774494900000,70958.63,70958.63,70923.98,70923.98,0.00584,2026-03-26 03:15:00
1774495200000,70893.31,70893.31,70727.61,70738.5,0.00164,2026-03-26 03:20:00
1774495500000,70766.77,70766.77,70766.77,70766.77,2e-05,2026-03-26 03:25:00
1774495800000,70740.34,70794.25,70740.34,70792.58,0.13593,2026-03-26 03:30:00
1774496100000,70801.83,70869.5,70801.83,70869.5,0.00225,2026-03-26 03:35:00
1774496400000,70863.61,70863.61,70863.61,70863.61,0.00041,2026-03-26 03:40:00
1774496700000,70869.53,70869.53,70869.53,70869.53,4e-05,2026-03-26 03:45:00
1774497000000,70869.53,70869.53,70869.53,70869.53,0.0,2026-03-26 03:50:00
1774497300000,70884.83,70884.83,70884.83,70884.83,4e-05,2026-03-26 03:55:00
1774497600000,70891.84,70891.84,70850.5,70850.5,0.00066,2026-03-26 04:00:00
1774497900000,70829.25,70860.11,70829.25,70860.11,0.00084,2026-03-26 04:05:00
1774498200000,70834.14,70834.14,70736.81,70736.81,0.00953,2026-03-26 04:10:00
1774498500000,70737.62,70738.55,70737.44,70737.44,0.00237,2026-03-26 04:15:00
1774498800000,70824.44,70824.44,70824.44,70824.44,0.00058,2026-03-26 04:20:00
1774499100000,70833.71,70835.68,70825.19,70835.68,0.00316,2026-03-26 04:25:00
1774499400000,70888.16,70888.16,70888.16,70888.16,7e-05,2026-03-26 04:30:00
1774499700000,70821.12,70821.12,70821.12,70821.12,0.0001,2026-03-26 04:35:00
1774500000000,70849.32,70872.55,70843.51,70843.51,0.01089,2026-03-26 04:40:00
1774500300000,70843.51,70843.51,70843.51,70843.51,0.0,2026-03-26 04:45:00
1774500600000,70827.54,70827.86,70827.54,70827.86,0.00132,2026-03-26 04:50:00
1774500900000,70827.86,70827.86,70827.86,70827.86,0.0,2026-03-26 04:55:00
1774501200000,70783.66,70783.99,70750.23,70752.75,0.00526,2026-03-26 05:00:00
1774501500000,70718.0,70718.0,70476.72,70545.72,0.08861,2026-03-26 05:05:00
1774501800000,70565.29,70565.29,70497.77,70497.77,0.00143,2026-03-26 05:10:00
1774502100000,70568.68,70575.55,70568.68,70575.55,0.00044,2026-03-26 05:15:00
1774502400000,70617.17,70617.17,70617.17,70617.17,3e-05,2026-03-26 05:20:00
1774502700000,70567.32,70567.32,70567.32,70567.32,0.00211,2026-03-26 05:25:00
1774503000000,70567.32,70567.32,70567.32,70567.32,0.0,2026-03-26 05:30:00
1774503300000,70567.32,70567.32,70567.32,70567.32,0.0,2026-03-26 05:35:00
1774503600000,70466.94,70466.94,70301.28,70301.28,0.01393,2026-03-26 05:40:00
1774503900000,70281.56,70367.88,70211.43,70367.88,0.01349,2026-03-26 05:45:00
1774504200000,70282.73,70282.73,70125.08,70153.84,0.01304,2026-03-26 05:50:00
1774504500000,70112.32,70112.32,69974.73,69994.81,0.05248,2026-03-26 05:55:00
1774504800000,69985.01,69992.51,69863.0,69879.98,0.01184,2026-03-26 06:00:00
1774505100000,69987.96,69987.96,69942.7,69942.7,0.00185,2026-03-26 06:05:00
1774505400000,70064.41,70064.41,69986.27,70012.89,0.00095,2026-03-26 06:10:00
1774505700000,70108.0,70108.0,70038.11,70038.11,0.01167,2026-03-26 06:15:00
1774506000000,70096.43,70117.41,69992.27,69992.27,0.05596,2026-03-26 06:20:00
1774506300000,69992.27,69992.27,69992.27,69992.27,0.0,2026-03-26 06:25:00
1774506600000,70087.81,70087.81,70087.81,70087.81,0.00014,2026-03-26 06:30:00
1774506900000,70087.81,70087.81,70087.81,70087.81,0.0,2026-03-26 06:35:00
1774507200000,69999.13,69999.13,69999.13,69999.13,0.00306,2026-03-26 06:40:00
1774507500000,70016.52,70016.52,70016.52,70016.52,0.00124,2026-03-26 06:45:00
1774507800000,70096.25,70096.25,70096.25,70096.25,0.00078,2026-03-26 06:50:00
1774508100000,70149.91,70149.91,70080.25,70087.86,0.02296,2026-03-26 06:55:00
1774508400000,70096.37,70175.3,70034.09,70175.3,0.00185,2026-03-26 07:00:00
1774508700000,70029.07,70103.39,70029.07,70103.39,0.00209,2026-03-26 07:05:00
1774509000000,70069.56,70069.56,70045.37,70045.37,0.00242,2026-03-26 07:10:00
1774509300000,70045.46,70045.46,70045.46,70045.46,0.0021,2026-03-26 07:15:00
1774509600000,69982.27,69982.27,69958.56,69958.56,0.00176,2026-03-26 07:20:00
1774509900000,70012.8,70012.8,70012.8,70012.8,0.05084,2026-03-26 07:25:00
1774510200000,69861.53,69861.53,69840.94,69840.94,0.02917,2026-03-26 07:30:00
1774510500000,70070.78,70070.78,70070.78,70070.78,0.03569,2026-03-26 07:35:00
1774510800000,70071.59,70071.59,70070.78,70070.78,0.00946,2026-03-26 07:40:00
1774511100000,70070.78,70070.78,70070.78,70070.78,0.00181,2026-03-26 07:45:00
1774511400000,70104.73,70110.55,70104.73,70110.55,0.04252,2026-03-26 07:50:00
1774511700000,70166.2,70166.2,70108.98,70108.98,0.04519,2026-03-26 07:55:00
1774512000000,70137.75,70137.75,70075.96,70092.32,0.00037,2026-03-26 08:00:00
1774512300000,70055.72,70127.92,70055.72,70090.1,0.00042,2026-03-26 08:05:00
1774512600000,69995.09,69995.09,69933.89,69933.89,0.00067,2026-03-26 08:10:00
1774512900000,69982.46,69982.46,69982.46,69982.46,0.00109,2026-03-26 08:15:00
1774513200000,69982.46,69982.46,69982.46,69982.46,0.0,2026-03-26 08:20:00
1774513500000,69872.92,69872.92,69872.92,69872.92,0.00043,2026-03-26 08:25:00
1774513800000,69872.92,69872.92,69872.92,69872.92,0.0,2026-03-26 08:30:00
1774514100000,69872.92,69872.92,69872.92,69872.92,0.0,2026-03-26 08:35:00
1774514400000,69890.24,69890.24,69890.24,69890.24,5e-05,2026-03-26 08:40:00
1774514700000,69930.19,69973.16,69930.19,69973.16,0.01756,2026-03-26 08:45:00
1774515000000,70018.39,70018.39,69957.01,69980.53,0.01159,2026-03-26 08:50:00
1774515300000,70014.26,70014.26,70014.26,70014.26,0.00032,2026-03-26 08:55:00
1774515600000,70014.26,70014.26,70014.26,70014.26,0.0,2026-03-26 09:00:00
1774515900000,70115.12,70148.17,70095.18,70095.18,0.0116,2026-03-26 09:05:00
1774516200000,70099.15,70099.15,70050.2,70050.2,0.01569,2026-03-26 09:10:00
1774516500000,70020.81,70020.81,70020.81,70020.81,7e-05,2026-03-26 09:15:00
1774516800000,69996.1,69996.1,69996.1,69996.1,5e-05,2026-03-26 09:20:00
1774517100000,69996.1,69996.1,69996.1,69996.1,0.0,2026-03-26 09:25:00
1774517400000,69931.63,69931.64,69498.72,69498.72,0.03742,2026-03-26 09:30:00
1774517700000,69562.79,69562.79,69457.08,69457.08,0.01423,2026-03-26 09:35:00
1774518000000,69515.72,69515.72,69478.14,69478.14,0.00751,2026-03-26 09:40:00
1774518300000,69449.75,69449.75,69416.6,69416.6,0.00461,2026-03-26 09:45:00
1774518600000,69516.36,69561.94,69516.36,69561.94,0.00819,2026-03-26 09:50:00
1774518900000,69590.0,69590.0,69590.0,69590.0,0.01107,2026-03-26 09:55:00
1774519200000,69551.73,69551.73,69551.73,69551.73,0.00065,2026-03-26 10:00:00
1774519500000,69596.79,69596.79,69596.79,69596.79,0.00116,2026-03-26 10:05:00
1774519800000,69550.96,69593.96,69550.96,69584.91,0.09124,2026-03-26 10:10:00
1774520100000,69584.91,69584.91,69584.91,69584.91,0.0,2026-03-26 10:15:00
1774520400000,69654.33,69654.33,69653.42,69653.42,0.00019,2026-03-26 10:20:00
1774520700000,69688.42,69688.42,69688.42,69688.42,0.00028,2026-03-26 10:25:00
1774521000000,69688.42,69688.42,69688.42,69688.42,0.0,2026-03-26 10:30:00
1774521300000,69688.42,69688.42,69688.42,69688.42,0.0,2026-03-26 10:35:00
1774521600000,69568.06,69593.0,69520.84,69520.84,1.33302,2026-03-26 10:40:00
1774521900000,69533.92,69575.84,69525.5,69541.36,0.01593,2026-03-26 10:45:00
1774522200000,69506.43,69506.43,69506.43,69506.43,5e-05,2026-03-26 10:50:00
1774522500000,69506.43,69506.43,69506.43,69506.43,0.0,2026-03-26 10:55:00
1774522800000,69527.01,69585.49,69527.01,69585.49,0.1009,2026-03-26 11:00:00
1774523100000,69595.61,69595.61,69545.81,69592.33,0.02414,2026-03-26 11:05:00
1774523400000,69628.14,69628.14,69453.52,69577.81,0.04534,2026-03-26 11:10:00
1774523700000,69577.59,69577.59,69528.97,69528.97,0.00039,2026-03-26 11:15:00
1774524000000,69452.29,69458.45,69400.0,69400.0,0.04616,2026-03-26 11:20:00
1774524300000,69400.0,69400.0,69219.87,69219.87,0.02891,2026-03-26 11:25:00
1774524600000,69336.75,69407.88,69324.42,69360.45,0.04033,2026-03-26 11:30:00
1774524900000,69374.68,69374.68,69374.68,69374.68,0.0074,2026-03-26 11:35:00
1774525200000,69400.0,69404.57,69400.0,69404.57,0.00084,2026-03-26 11:40:00
1774525500000,69404.58,69404.58,69404.57,69404.57,0.08707,2026-03-26 11:45:00
1774525800000,69369.49,69370.81,69367.27,69370.81,0.02684,2026-03-26 11:50:00
1774526100000,69334.07,69334.07,69288.5,69295.7,0.00574,2026-03-26 11:55:00
1774526400000,69261.29,69339.04,69251.43,69339.04,0.00193,2026-03-26 12:00:00
1774526700000,69351.55,69351.55,69252.67,69270.89,0.03839,2026-03-26 12:05:00
1774527000000,69378.0,69405.85,69378.0,69392.12,0.00304,2026-03-26 12:10:00
1774527300000,69389.72,69389.72,69358.43,69358.43,0.01093,2026-03-26 12:15:00
1774527600000,69358.43,69358.43,69358.43,69358.43,0.0,2026-03-26 12:20:00
1774527900000,69358.43,69399.91,69358.42,69399.91,0.00431,2026-03-26 12:25:00
1774528200000,69399.91,69399.91,69377.95,69377.95,0.00631,2026-03-26 12:30:00
1774528500000,69257.79,69286.28,69257.79,69286.28,0.00355,2026-03-26 12:35:00
1774528800000,69317.61,69384.3,69317.61,69357.57,0.90098,2026-03-26 12:40:00
1774529100000,69370.4,69370.4,69370.4,69370.4,0.00018,2026-03-26 12:45:00
1774529400000,69427.05,69427.05,69416.49,69416.49,0.00101,2026-03-26 12:50:00
1774529700000,69455.56,69469.38,69432.34,69457.75,0.04718,2026-03-26 12:55:00
1774530000000,69423.18,69488.07,69423.18,69457.97,0.00053,2026-03-26 13:00:00
1774530300000,69485.21,69527.73,69478.67,69480.12,0.02229,2026-03-26 13:05:00
1774530600000,69477.18,69477.18,69439.26,69467.74,0.00298,2026-03-26 13:10:00
1774530900000,69450.43,69499.39,69450.43,69499.39,0.00051,2026-03-26 13:15:00
1774531200000,69453.52,69453.52,69441.43,69441.43,0.00294,2026-03-26 13:20:00
1774531500000,69441.43,69441.43,69441.43,69441.43,0.0,2026-03-26 13:25:00
1774531800000,69373.7,69373.7,69373.7,69373.7,0.00038,2026-03-26 13:30:00
1774532100000,69342.86,69497.32,69342.86,69497.32,0.00872,2026-03-26 13:35:00
1774532400000,69387.1,69404.47,69387.1,69390.09,0.00933,2026-03-26 13:40:00
1774532700000,69580.75,69802.78,69580.75,69665.86,0.21863,2026-03-26 13:45:00
1774533000000,69659.0,69859.89,69639.67,69793.51,0.06964,2026-03-26 13:50:00
1774533300000,69602.61,69616.98,69600.0,69616.98,0.18218,2026-03-26 13:55:00
1774533600000,69681.02,69741.22,69671.72,69702.82,0.01325,2026-03-26 14:00:00
1774533900000,69712.69,69817.95,69686.83,69686.83,0.03754,2026-03-26 14:05:00
1774534200000,69643.36,69643.36,69548.86,69595.87,0.02139,2026-03-26 14:10:00
1774534500000,69595.87,69595.87,69595.87,69595.87,0.0,2026-03-26 14:15:00
1774534800000,69505.1,69528.6,69427.8,69528.6,0.00408,2026-03-26 14:20:00
1774535100000,69686.83,69686.83,69686.83,69686.83,0.1,2026-03-26 14:25:00
1774535400000,69709.0,69730.09,69709.0,69729.85,0.11065,2026-03-26 14:30:00
1774535700000,69729.85,69729.85,69670.61,69670.61,0.024,2026-03-26 14:35:00
1774536000000,69749.95,69749.95,69635.6,69659.79,0.0078,2026-03-26 14:40:00
1774536300000,69492.99,69513.65,69422.14,69422.14,0.01657,2026-03-26 14:45:00
1774536600000,69447.67,69447.67,69260.42,69265.27,0.03535,2026-03-26 14:50:00
1774536900000,69291.04,69478.34,69229.7,69445.25,0.02931,2026-03-26 14:55:00
1774537200000,69503.73,69503.73,69388.47,69413.86,0.01099,2026-03-26 15:00:00
1774537500000,69334.21,69381.74,69112.78,69112.78,0.18939,2026-03-26 15:05:00
1774537800000,69240.99,69253.39,68938.55,68938.55,0.23868,2026-03-26 15:10:00
1774538100000,68981.15,68986.25,68800.0,68853.31,1.42232,2026-03-26 15:15:00
1774538400000,68933.3,68997.38,68895.44,68993.18,0.01123,2026-03-26 15:20:00
1774538700000,69020.92,69074.2,69003.7,69029.26,0.18096,2026-03-26 15:25:00
1774539000000,69011.73,69040.84,68927.54,68964.33,0.0679,2026-03-26 15:30:00
1774539300000,68940.99,68994.36,68909.05,68909.05,0.02318,2026-03-26 15:35:00
1774539600000,69005.78,69045.01,68937.36,68978.09,0.03593,2026-03-26 15:40:00
1774539900000,69029.01,69130.21,68999.36,69050.7,0.01184,2026-03-26 15:45:00
1774540200000,69077.41,69119.9,69077.41,69118.67,0.00245,2026-03-26 15:50:00
1774540500000,69171.82,69189.0,69118.67,69143.01,1.35119,2026-03-26 15:55:00
1774540800000,69024.21,69077.17,68956.43,69001.61,0.02681,2026-03-26 16:00:00
1774541100000,69013.76,69051.92,68994.32,68994.32,0.00108,2026-03-26 16:05:00
1774541400000,68993.75,69005.16,68976.14,69005.16,0.00923,2026-03-26 16:10:00
1774541700000,69028.72,69057.67,68880.35,69057.67,0.03921,2026-03-26 16:15:00
1774542000000,69062.48,69062.48,68955.65,69036.65,0.04916,2026-03-26 16:20:00
1774542300000,68985.38,68985.38,68943.78,68943.78,0.00084,2026-03-26 16:25:00
1774542600000,68898.76,68900.72,68890.77,68893.5,0.01144,2026-03-26 16:30:00
1774542900000,68934.61,68936.2,68922.53,68936.2,0.00232,2026-03-26 16:35:00
1774543200000,68936.2,68936.2,68936.2,68936.2,0.0,2026-03-26 16:40:00
1774543500000,68938.37,68938.37,68874.37,68874.37,0.00441,2026-03-26 16:45:00
1774543800000,68907.82,68964.22,68899.02,68959.43,0.00681,2026-03-26 16:50:00
1774544100000,68939.21,68973.68,68912.51,68912.51,0.02281,2026-03-26 16:55:00
1774544400000,68945.77,69026.04,68898.88,69026.04,0.1538,2026-03-26 17:00:00
1774544700000,69049.69,69049.69,68965.62,69002.38,0.03663,2026-03-26 17:05:00
1774545000000,68940.11,68984.84,68927.64,68927.64,0.01755,2026-03-26 17:10:00
1774545300000,68970.18,69013.67,68970.18,69013.67,0.00376,2026-03-26 17:15:00
1774545600000,69009.05,69009.05,68980.68,68980.68,0.00034,2026-03-26 17:20:00
1774545900000,69001.52,69001.52,69001.52,69001.52,0.00041,2026-03-26 17:25:00
1774546200000,69137.62,69138.06,69107.09,69112.09,0.03638,2026-03-26 17:30:00
1774546500000,69148.17,69163.0,69011.5,69049.18,1.507,2026-03-26 17:35:00
1774546800000,69001.9,69001.9,68948.17,68962.28,0.06503,2026-03-26 17:40:00
1774547100000,68954.66,68954.66,68723.21,68723.21,8.59773,2026-03-26 17:45:00
1774547400000,68722.05,68722.05,68662.94,68662.94,0.00193,2026-03-26 17:50:00
1774547700000,68777.42,68777.42,68333.0,68507.04,1.52019,2026-03-26 17:55:00
1774548000000,68449.01,68587.94,68422.4,68436.94,0.07349,2026-03-26 18:00:00
1774548300000,68330.43,68537.38,68306.81,68486.35,0.14046,2026-03-26 18:05:00
1774548600000,68473.97,68480.85,68396.89,68467.7,0.06946,2026-03-26 18:10:00
1774548900000,68394.27,68394.27,68323.64,68341.63,0.0287,2026-03-26 18:15:00
1774549200000,68300.24,68350.44,68237.92,68344.42,0.44905,2026-03-26 18:20:00
1774549500000,68279.81,68279.81,68176.03,68181.9,0.12286,2026-03-26 18:25:00
1774549800000,68205.34,68302.42,68205.34,68237.23,0.1568,2026-03-26 18:30:00
1774550100000,68287.79,68336.77,68287.79,68336.77,0.00887,2026-03-26 18:35:00
1774550400000,68328.3,68347.43,68315.03,68347.43,0.01691,2026-03-26 18:40:00
1774550700000,68426.76,68436.39,68426.76,68436.39,0.01392,2026-03-26 18:45:00
1774551000000,68414.11,68422.98,68414.11,68422.98,0.0044,2026-03-26 18:50:00
1774551300000,68422.98,68422.98,68422.98,68422.98,0.0,2026-03-26 18:55:00
1774551600000,68498.98,68512.19,68458.27,68458.27,0.02951,2026-03-26 19:00:00
1774551900000,68456.03,68492.09,68403.53,68403.53,0.19478,2026-03-26 19:05:00
1774552200000,68489.72,68495.79,68461.43,68462.84,0.03999,2026-03-26 19:10:00
1774552500000,68490.09,68490.34,68468.89,68487.88,0.00241,2026-03-26 19:15:00
1774552800000,68489.5,68581.89,68489.5,68581.89,0.00647,2026-03-26 19:20:00
1774553100000,68480.08,68480.08,68400.11,68422.25,0.03708,2026-03-26 19:25:00
1774553400000,68469.54,68469.54,68366.42,68419.55,0.07845,2026-03-26 19:30:00
1774553700000,68419.55,68648.69,68419.55,68648.69,0.12881,2026-03-26 19:35:00
1774554000000,68623.25,68639.8,68623.25,68639.8,0.00081,2026-03-26 19:40:00
1774554300000,68642.67,68664.78,68642.67,68664.78,0.0077,2026-03-26 19:45:00
1774554600000,68664.78,68664.78,68664.78,68664.78,0.0,2026-03-26 19:50:00
1774554900000,68557.73,68557.73,68557.73,68557.73,6e-05,2026-03-26 19:55:00
1774555200000,68559.56,68559.56,68467.29,68467.29,1.27414,2026-03-26 20:00:00
1774555500000,68460.0,68512.81,68460.0,68512.81,0.00096,2026-03-26 20:05:00
1774555800000,68549.74,69441.45,68542.48,69276.79,0.27893,2026-03-26 20:10:00
1774556100000,69208.03,69216.81,69166.73,69166.73,0.05908,2026-03-26 20:15:00
1774556400000,69144.78,69287.6,69144.78,69217.76,0.03103,2026-03-26 20:20:00
1774556700000,69125.76,69125.76,69118.15,69118.15,0.00847,2026-03-26 20:25:00
1774557000000,69164.78,69170.2,69164.78,69170.2,0.00825,2026-03-26 20:30:00
1774557300000,69216.2,69248.04,69188.51,69248.04,0.00954,2026-03-26 20:35:00
1774557600000,69167.53,69187.56,69097.12,69169.62,0.08567,2026-03-26 20:40:00
1774557900000,69182.06,69186.92,69182.06,69186.92,0.00158,2026-03-26 20:45:00
1774558200000,69059.14,69059.14,68957.27,68957.27,0.04294,2026-03-26 20:50:00
1774558500000,68927.75,68979.3,68927.75,68979.3,0.0117,2026-03-26 20:55:00
1774558800000,68940.52,68972.59,68878.99,68883.78,0.01037,2026-03-26 21:00:00
1774559100000,68922.92,68936.51,68904.17,68908.92,0.06149,2026-03-26 21:05:00
1774559400000,68894.95,68983.39,68869.38,68943.86,0.03356,2026-03-26 21:10:00
1774559700000,68923.98,68923.98,68923.98,68923.98,0.00191,2026-03-26 21:15:00
1774560000000,68995.56,69137.98,68995.56,69137.98,0.02176,2026-03-26 21:20:00
1774560300000,69049.15,69059.97,69001.56,69059.97,0.05984,2026-03-26 21:25:00
1774560600000,69099.76,69099.76,69099.76,69099.76,0.04,2026-03-26 21:30:00
1774560900000,69078.17,69078.17,69026.59,69026.59,0.1421,2026-03-26 21:35:00
1774561200000,69016.48,69024.07,68985.47,68985.47,0.13988,2026-03-26 21:40:00
1774561500000,68978.93,69041.7,68967.57,69041.7,0.00284,2026-03-26 21:45:00
1774561800000,69003.43,69003.43,68913.32,68942.61,0.00048,2026-03-26 21:50:00
1774562100000,68929.75,68929.75,68923.06,68923.43,0.07717,2026-03-26 21:55:00
1774562400000,68914.49,68992.55,68914.49,68992.55,0.00171,2026-03-26 22:00:00
1774562700000,68941.9,68987.81,68941.9,68960.64,0.07916,2026-03-26 22:05:00
1774563000000,68960.43,68998.92,68960.43,68965.98,0.15913,2026-03-26 22:10:00
1774563300000,68954.42,68954.42,68954.42,68954.42,0.01216,2026-03-26 22:15:00
1774563600000,68931.68,68953.19,68720.0,68722.27,0.20184,2026-03-26 22:20:00
1774563900000,68680.34,68724.89,68615.6,68724.89,0.00902,2026-03-26 22:25:00
1774564200000,68724.89,68724.89,68724.89,68724.89,0.0,2026-03-26 22:30:00
1774564500000,68810.23,68819.49,68796.27,68810.09,0.2047,2026-03-26 22:35:00
1774564800000,68809.13,68826.37,68807.31,68807.31,0.00044,2026-03-26 22:40:00
1774565100000,68807.31,68807.31,68807.31,68807.31,0.0,2026-03-26 22:45:00
1774565400000,68837.41,68855.39,68800.0,68800.0,0.15766,2026-03-26 22:50:00
1774565700000,68875.39,68875.39,68875.39,68875.39,0.00071,2026-03-26 22:55:00
1774566000000,68942.82,69025.62,68942.82,68955.37,0.05954,2026-03-26 23:00:00
1774566300000,68965.6,68973.53,68896.61,68896.61,0.04054,2026-03-26 23:05:00
1774566600000,68841.97,68929.12,68815.87,68820.23,0.27228,2026-03-26 23:10:00
1774566900000,68835.48,68847.62,68808.12,68847.62,0.01576,2026-03-26 23:15:00
1774567200000,68852.25,68852.25,68704.92,68704.92,0.00777,2026-03-26 23:20:00
1774567500000,68667.71,68667.71,68601.42,68657.11,0.16072,2026-03-26 23:25:00
1774567800000,68689.22,68712.97,68676.22,68694.03,0.22672,2026-03-26 23:30:00
1774568100000,68731.57,68731.57,68731.57,68731.57,0.00401,2026-03-26 23:35:00
1774568400000,68706.51,68746.17,68706.51,68734.0,0.00689,2026-03-26 23:40:00
1774568700000,68755.26,68778.05,68755.26,68763.42,0.00282,2026-03-26 23:45:00
1774569000000,68763.42,68763.42,68763.42,68763.42,0.0,2026-03-26 23:50:00
1774569300000,68807.52,68807.52,68807.52,68807.52,0.02421,2026-03-26 23:55:00
1774569600000,68811.34,68811.34,68718.51,68785.3,0.40058,2026-03-27 00:00:00
1774569900000,68783.68,68938.34,68781.71,68913.12,0.01885,2026-03-27 00:05:00
1774570200000,68934.73,68954.72,68902.73,68934.3,0.0232,2026-03-27 00:10:00
1774570500000,68900.25,68967.87,68900.25,68947.92,0.027,2026-03-27 00:15:00
1774570800000,68907.78,68926.86,68861.26,68919.14,0.01991,2026-03-27 00:20:00
1774571100000,68761.2,68761.2,68761.2,68761.2,0.01452,2026-03-27 00:25:00
1774571400000,68739.61,68756.22,68739.61,68756.22,0.02978,2026-03-27 00:30:00
1774571700000,68665.47,68665.47,68550.0,68551.08,0.22304,2026-03-27 00:35:00
1774572000000,68586.62,68763.42,68586.62,68707.47,0.01189,2026-03-27 00:40:00
1774572300000,68667.31,68667.31,68619.66,68626.56,0.01775,2026-03-27 00:45:00
1774572600000,68655.75,68741.5,68655.75,68741.5,0.00288,2026-03-27 00:50:00
1774572900000,68746.45,68789.96,68726.84,68754.69,0.00345,2026-03-27 00:55:00
1774573200000,68789.62,68832.56,68786.73,68794.22,0.01877,2026-03-27 01:00:00
1774573500000,68730.69,68796.28,68700.93,68796.28,0.00236,2026-03-27 01:05:00
1774573800000,68818.62,68877.5,68818.62,68863.82,0.00833,2026-03-27 01:10:00
1774574100000,68863.82,68863.82,68863.82,68863.82,0.0,2026-03-27 01:15:00
1774574400000,68823.45,68930.1,68823.45,68930.1,0.00082,2026-03-27 01:20:00
1774574700000,68945.0,68945.0,68913.22,68923.64,0.00319,2026-03-27 01:25:00
1774575000000,68937.42,68937.42,68897.37,68897.37,0.49569,2026-03-27 01:30:00
1774575300000,68892.3,68892.3,68868.68,68868.68,0.00234,2026-03-27 01:35:00
1774575600000,68868.68,68868.68,68868.68,68868.68,0.0,2026-03-27 01:40:00
1774575900000,68945.0,68980.0,68945.0,68980.0,0.10003,2026-03-27 01:45:00
1774576200000,68974.55,68974.55,68974.55,68974.55,0.00057,2026-03-27 01:50:00
1774576500000,68972.74,69037.28,68972.74,69037.28,0.00039,2026-03-27 01:55:00
1774576800000,69051.31,69087.47,69049.65,69072.7,0.0024,2026-03-27 02:00:00
1774577100000,69071.0,69091.97,69071.0,69088.92,0.01018,2026-03-27 02:05:00
1774577400000,69123.59,69147.69,69069.4,69071.92,0.00261,2026-03-27 02:10:00
1774577700000,69062.11,69062.11,69049.65,69049.65,0.00227,2026-03-27 02:15:00
1774578000000,69012.1,69012.1,69012.1,69012.1,0.00017,2026-03-27 02:20:00
1774578300000,69012.1,69012.1,69012.1,69012.1,0.0,2026-03-27 02:25:00
1774578600000,69012.1,69012.1,69012.1,69012.1,0.0,2026-03-27 02:30:00
1774578900000,69012.1,69012.1,69012.1,69012.1,0.0,2026-03-27 02:35:00
1774579200000,68912.61,68923.61,68874.91,68923.61,0.06353,2026-03-27 02:40:00
1774579500000,68923.61,68923.61,68923.61,68923.61,0.0,2026-03-27 02:45:00
1774579800000,68924.51,68943.27,68924.51,68943.27,0.00033,2026-03-27 02:50:00
1774580100000,68928.09,68928.09,68928.09,68928.09,0.00145,2026-03-27 02:55:00
1774580400000,68892.66,68894.29,68892.66,68894.29,0.00039,2026-03-27 03:00:00
1774580700000,68870.64,68870.64,68703.53,68728.25,0.05559,2026-03-27 03:05:00
1774581000000,68710.76,68772.36,68687.28,68772.36,0.00379,2026-03-27 03:10:00
1774581300000,68758.11,68758.11,68748.71,68748.71,0.00134,2026-03-27 03:15:00
1774581600000,68807.14,68807.14,68765.68,68768.01,0.02743,2026-03-27 03:20:00
1774581900000,68768.01,68768.01,68768.01,68768.01,0.0,2026-03-27 03:25:00
1774582200000,68859.59,68859.59,68859.59,68859.59,0.00139,2026-03-27 03:30:00
1774582500000,68883.05,68883.05,68864.32,68864.32,0.013,2026-03-27 03:35:00
1774582800000,68900.32,68905.11,68890.51,68890.51,0.00105,2026-03-27 03:40:00
1774583100000,68890.51,68890.51,68890.51,68890.51,0.0,2026-03-27 03:45:00
1774583400000,68862.27,68862.27,68862.27,68862.27,0.0037,2026-03-27 03:50:00
1774583700000,68800.62,68800.62,68800.62,68800.62,0.00014,2026-03-27 03:55:00
1774584000000,68769.17,68769.17,68460.0,68549.87,0.16498,2026-03-27 04:00:00
1774584300000,68553.38,68553.38,68330.43,68337.04,0.05484,2026-03-27 04:05:00
1774584600000,68335.67,68391.01,68335.67,68391.01,0.00205,2026-03-27 04:10:00
1774584900000,68410.61,68428.04,68410.61,68428.04,0.00146,2026-03-27 04:15:00
1774585200000,68549.56,68549.56,68506.81,68506.81,0.00848,2026-03-27 04:20:00
1774585500000,68506.81,68506.81,68506.81,68506.81,0.0,2026-03-27 04:25:00
1774585800000,68527.34,68527.34,68510.38,68510.38,0.01523,2026-03-27 04:30:00
1774586100000,68510.38,68510.38,68510.38,68510.38,0.0,2026-03-27 04:35:00
1774586400000,68510.38,68510.38,68510.38,68510.38,0.0,2026-03-27 04:40:00
1774586700000,68617.52,68624.19,68617.52,68624.19,0.0159,2026-03-27 04:45:00
1774587000000,68572.01,68572.01,68572.01,68572.01,0.00973,2026-03-27 04:50:00
1774587300000,68619.85,68619.85,68619.85,68619.85,3e-05,2026-03-27 04:55:00
1774587600000,68574.19,68595.07,68561.35,68561.36,0.18933,2026-03-27 05:00:00
1774587900000,68584.63,68663.76,68584.63,68663.76,0.00066,2026-03-27 05:05:00
1774588200000,68720.0,68807.47,68720.0,68807.47,0.00766,2026-03-27 05:10:00
1774588500000,68841.36,68841.36,68841.36,68841.36,0.00023,2026-03-27 05:15:00
1774588800000,68841.36,68841.36,68841.36,68841.36,0.0,2026-03-27 05:20:00
1774589100000,68841.36,68841.36,68841.36,68841.36,0.0,2026-03-27 05:25:00
1774589400000,68841.36,68841.36,68841.36,68841.36,0.0,2026-03-27 05:30:00
1774589700000,68841.36,68841.36,68841.36,68841.36,0.0,2026-03-27 05:35:00
1774590000000,68597.66,68647.44,68594.97,68635.03,0.00637,2026-03-27 05:40:00
1774590300000,68602.38,68602.38,68602.38,68602.38,0.0001,2026-03-27 05:45:00
1774590600000,68602.38,68602.38,68602.38,68602.38,0.0,2026-03-27 05:50:00
1774590900000,68611.95,68611.95,68611.95,68611.95,8e-05,2026-03-27 05:55:00
1774591200000,68649.88,68649.88,68623.7,68623.7,0.00133,2026-03-27 06:00:00
1774591500000,68696.95,68707.41,68696.95,68707.41,0.00359,2026-03-27 06:05:00
1774591800000,68714.07,68758.57,68714.07,68758.57,0.00066,2026-03-27 06:10:00
1774592100000,68758.57,68758.57,68758.57,68758.57,0.0,2026-03-27 06:15:00
1774592400000,68758.57,68758.57,68758.57,68758.57,0.0,2026-03-27 06:20:00
1774592700000,68815.09,68839.69,68808.73,68813.2,0.04562,2026-03-27 06:25:00
1774593000000,68813.2,68813.2,68813.2,68813.2,0.0,2026-03-27 06:30:00
1774593300000,68776.46,68776.46,68776.46,68776.46,3e-05,2026-03-27 06:35:00
1774593600000,68776.46,68776.46,68776.46,68776.46,0.0,2026-03-27 06:40:00
1774593900000,68776.46,68776.46,68776.46,68776.46,0.0,2026-03-27 06:45:00
1774594200000,68776.46,68776.46,68776.46,68776.46,0.0,2026-03-27 06:50:00
1774594500000,68694.56,68708.55,68683.01,68683.01,0.05799,2026-03-27 06:55:00
1774594800000,68678.45,68697.46,68678.45,68691.19,0.00078,2026-03-27 07:00:00
1774595100000,68633.65,68633.65,68619.67,68619.67,0.00213,2026-03-27 07:05:00
1774595400000,68678.02,68888.15,68678.02,68888.15,0.10678,2026-03-27 07:10:00
1774595700000,68819.91,68910.64,68819.91,68910.64,0.00215,2026-03-27 07:15:00
1774596000000,68910.64,68910.64,68910.64,68910.64,0.0,2026-03-27 07:20:00
1774596300000,68910.64,68910.64,68910.64,68910.64,0.0,2026-03-27 07:25:00
1774596600000,68845.91,68845.91,68845.91,68845.91,0.0474,2026-03-27 07:30:00
1774596900000,68845.91,68845.91,68845.91,68845.91,0.0,2026-03-27 07:35:00
1774597200000,68612.1,68612.1,68606.78,68607.94,0.0083,2026-03-27 07:40:00
1774597500000,68606.78,68606.78,68593.63,68593.63,0.00811,2026-03-27 07:45:00
1774597800000,68593.63,68593.63,68593.63,68593.63,0.0,2026-03-27 07:50:00
1774598100000,68470.65,68470.65,68470.65,68470.65,0.00201,2026-03-27 07:55:00
1774598400000,68606.11,68606.11,68606.11,68606.11,0.00774,2026-03-27 08:00:00
1774598700000,68565.38,68565.38,68541.15,68550.24,0.00029,2026-03-27 08:05:00
1774599000000,68487.23,68487.23,68487.23,68487.23,3e-05,2026-03-27 08:10:00
1774599300000,68460.0,68460.0,68460.0,68460.0,0.00015,2026-03-27 08:15:00
1774599600000,68383.17,68383.17,68347.97,68372.48,0.10713,2026-03-27 08:20:00
1774599900000,68330.43,68330.43,68240.75,68240.75,9e-05,2026-03-27 08:25:00
1774600200000,68208.43,68265.77,68208.43,68265.77,0.00947,2026-03-27 08:30:00
1774600500000,68206.36,68206.36,67625.44,67654.42,0.56585,2026-03-27 08:35:00
1774600800000,67663.88,67815.31,67656.56,67815.31,0.01617,2026-03-27 08:40:00
1774601100000,67779.2,67779.2,67779.2,67779.2,0.00742,2026-03-27 08:45:00
1774601400000,68036.2,68122.59,67968.2,67968.2,0.04802,2026-03-27 08:50:00
1774601700000,67947.26,67947.26,67946.0,67946.0,0.00789,2026-03-27 08:55:00
1774602000000,67925.43,67925.43,67908.87,67908.87,0.00193,2026-03-27 09:00:00
1774602300000,67779.2,67779.2,67768.31,67768.31,0.00198,2026-03-27 09:05:00
1774602600000,67687.39,67781.22,67599.08,67781.22,0.01791,2026-03-27 09:10:00
1774602900000,67781.22,67781.22,67781.22,67781.22,0.0,2026-03-27 09:15:00
1774603200000,67781.22,67781.22,67781.22,67781.22,0.0,2026-03-27 09:20:00
1774603500000,67781.22,67781.22,67781.22,67781.22,0.0,2026-03-27 09:25:00
1774603800000,67781.22,67781.22,67781.22,67781.22,0.0,2026-03-27 09:30:00
1774604100000,67791.46,67791.46,67791.46,67791.46,0.00275,2026-03-27 09:35:00
1774604400000,67791.46,67791.46,67791.46,67791.46,0.0,2026-03-27 09:40:00
1774604700000,67791.46,67791.46,67791.46,67791.46,0.28086,2026-03-27 09:45:00
1774605000000,67791.46,67791.46,67791.46,67791.46,0.0,2026-03-27 09:50:00
1774605300000,67791.46,67791.46,67791.46,67791.46,0.0,2026-03-27 09:55:00
1774605600000,67791.46,67791.46,67791.46,67791.46,0.0,2026-03-27 10:00:00
1774605900000,67698.86,67698.86,67698.86,67698.86,0.00052,2026-03-27 10:05:00
1774606200000,67726.95,67729.89,67726.95,67729.89,0.00021,2026-03-27 10:10:00
1774606500000,67729.89,67729.89,67729.89,67729.89,0.0,2026-03-27 10:15:00
1774606800000,67747.6,67747.6,67747.6,67747.6,0.00012,2026-03-27 10:20:00
1774607100000,67729.11,67729.11,67729.11,67729.11,0.04,2026-03-27 10:25:00
1774607400000,67729.11,67729.11,67729.11,67729.11,0.0,2026-03-27 10:30:00
1774607700000,67525.69,67575.3,66880.0,66955.6,0.59482,2026-03-27 10:35:00
1774608000000,67009.57,67010.33,66822.53,66998.88,0.00406,2026-03-27 10:40:00
1774608300000,66923.17,66923.17,66806.98,66910.55,0.27224,2026-03-27 10:45:00
1774608600000,66795.73,66795.73,66581.67,66651.73,0.04209,2026-03-27 10:50:00
1774608900000,66552.25,66552.25,66361.0,66524.29,0.16617,2026-03-27 10:55:00
1774609200000,66451.85,66451.85,66289.87,66400.5,0.08688,2026-03-27 11:00:00
1774609500000,66473.41,66530.31,66440.48,66467.1,0.0047,2026-03-27 11:05:00
1774609800000,66441.92,66634.55,66441.92,66634.55,0.00054,2026-03-27 11:10:00
1774610100000,66651.73,66683.71,66635.03,66683.71,0.0046,2026-03-27 11:15:00
1774610400000,66705.86,66705.86,66693.93,66693.93,0.00461,2026-03-27 11:20:00
1774610700000,66724.76,66725.0,66718.29,66718.29,0.04066,2026-03-27 11:25:00
1774611000000,66738.6,66738.6,66738.6,66738.6,0.00207,2026-03-27 11:30:00
1774611300000,66702.06,66705.6,66702.06,66705.6,0.00878,2026-03-27 11:35:00
1774611600000,66776.14,66776.14,66730.95,66730.95,0.00135,2026-03-27 11:40:00
1774611900000,66818.26,66818.26,66818.26,66818.26,0.00015,2026-03-27 11:45:00
1774612200000,66703.6,66724.17,66703.6,66724.17,0.01102,2026-03-27 11:50:00
1774612500000,66694.07,66720.3,66694.07,66720.3,0.01283,2026-03-27 11:55:00
1774612800000,66730.0,66730.0,66663.44,66665.99,0.03798,2026-03-27 12:00:00
1774613100000,66651.09,66699.11,66642.24,66699.11,0.0007,2026-03-27 12:05:00
1774613400000,66693.74,66724.09,66666.0,66666.0,0.02125,2026-03-27 12:10:00
1774613700000,66660.91,66694.0,66660.91,66694.0,0.00652,2026-03-27 12:15:00
1774614000000,66648.6,66648.6,66648.6,66648.6,0.0016,2026-03-27 12:20:00
1774614300000,66535.24,66535.24,66472.12,66472.12,0.05469,2026-03-27 12:25:00
1774614600000,66483.31,66586.92,66468.41,66468.41,0.27959,2026-03-27 12:30:00
1774614900000,66451.72,66468.41,66451.72,66468.41,0.00397,2026-03-27 12:35:00
1774615200000,66591.38,66624.15,66591.38,66624.15,0.00039,2026-03-27 12:40:00
1774615500000,66632.33,66632.33,66510.8,66510.8,0.00024,2026-03-27 12:45:00
1774615800000,66564.23,66564.23,66564.23,66564.23,0.00341,2026-03-27 12:50:00
1774616100000,66603.92,66633.81,66603.92,66633.81,0.00465,2026-03-27 12:55:00
1774616400000,66639.22,66680.8,66639.22,66656.05,0.00792,2026-03-27 13:00:00
1774616700000,66646.57,66646.57,66602.02,66602.02,0.00579,2026-03-27 13:05:00
1774617000000,66530.58,66569.72,66514.17,66549.21,0.09332,2026-03-27 13:10:00
1774617300000,66519.95,66522.35,66519.95,66522.35,0.01503,2026-03-27 13:15:00
1774617600000,66647.07,66647.07,66647.07,66647.07,0.00042,2026-03-27 13:20:00
1774617900000,66669.44,66703.27,66666.42,66703.27,0.00248,2026-03-27 13:25:00
1774618200000,66723.19,66723.19,66380.1,66380.1,0.07479,2026-03-27 13:30:00
1774618500000,66357.14,66410.5,66190.0,66387.49,0.18275,2026-03-27 13:35:00
1774618800000,66484.67,66724.74,66482.95,66566.4,0.16394,2026-03-27 13:40:00
1774619100000,66524.51,66580.86,66524.51,66536.4,0.01321,2026-03-27 13:45:00
1774619400000,66431.03,66431.03,66248.58,66248.58,0.00336,2026-03-27 13:50:00
1774619700000,66196.49,66196.49,66015.57,66026.36,0.0515,2026-03-27 13:55:00
1774620000000,66150.9,66320.0,66150.44,66320.0,0.16818,2026-03-27 14:00:00
1774620300000,66357.14,66372.13,66335.9,66335.9,0.00305,2026-03-27 14:05:00
1774620600000,66332.67,66412.4,66210.14,66307.39,0.01298,2026-03-27 14:10:00
1774620900000,66335.06,66335.06,66217.83,66217.83,0.11408,2026-03-27 14:15:00
1774621200000,66113.3,66122.39,65801.71,65907.56,1.87639,2026-03-27 14:20:00
1774621500000,65942.77,65942.77,65756.67,65779.18,0.06825,2026-03-27 14:25:00
1774621800000,65797.69,65797.69,65765.46,65765.46,0.03619,2026-03-27 14:30:00
1774622100000,65943.98,65943.98,65943.98,65943.98,7e-05,2026-03-27 14:35:00
1774622400000,65801.01,65890.56,65791.15,65889.05,0.01377,2026-03-27 14:40:00
1774622700000,65900.56,65938.97,65808.12,65938.97,0.01119,2026-03-27 14:45:00
1774623000000,65951.88,66064.73,65951.88,65984.14,0.01415,2026-03-27 14:50:00
1774623300000,66013.38,66217.93,66013.38,66207.93,0.00209,2026-03-27 14:55:00
1774623600000,66217.93,66238.4,66200.07,66221.44,0.00421,2026-03-27 15:00:00
1774623900000,66232.13,66375.99,66103.79,66225.27,1.75123,2026-03-27 15:05:00
1774624200000,66235.27,66301.9,66190.94,66245.1,0.00558,2026-03-27 15:10:00
1774624500000,66235.1,66267.92,66141.78,66141.78,0.0486,2026-03-27 15:15:00
1774624800000,66098.01,66444.4,66003.38,66219.16,0.07412,2026-03-27 15:20:00
1774625100000,66209.79,66331.93,66139.62,66303.86,0.07036,2026-03-27 15:25:00
1774625400000,66345.6,66578.56,66345.6,66519.63,0.03393,2026-03-27 15:30:00
1774625700000,66566.63,66599.0,66452.3,66452.3,0.00363,2026-03-27 15:35:00
1774626000000,66472.4,66472.4,66346.12,66382.81,0.10152,2026-03-27 15:40:00
1774626300000,66403.1,66403.1,66334.23,66334.23,0.19837,2026-03-27 15:45:00
1774626600000,66397.43,66397.43,66196.5,66249.9,0.07448,2026-03-27 15:50:00
1774626900000,66208.9,66208.9,66102.46,66112.7,0.04151,2026-03-27 15:55:00
1774627200000,66084.41,66161.4,65955.91,65976.59,0.32889,2026-03-27 16:00:00
1774627500000,65952.5,65962.69,65801.67,65829.27,0.11746,2026-03-27 16:05:00
1774627800000,65865.59,66006.72,65865.59,65969.21,0.00752,2026-03-27 16:10:00
1774628100000,65972.6,65980.7,65881.51,65980.7,0.01371,2026-03-27 16:15:00
1774628400000,65987.42,66095.74,65972.48,65972.48,0.00054,2026-03-27 16:20:00
1774628700000,65850.6,65861.92,65803.02,65803.02,0.00156,2026-03-27 16:25:00
1774629000000,65932.92,65964.23,65901.32,65964.23,0.05484,2026-03-27 16:30:00
1774629300000,65999.92,65999.92,65895.3,65898.71,0.03053,2026-03-27 16:35:00
1774629600000,65844.23,65844.23,65829.47,65829.47,0.0003,2026-03-27 16:40:00
1774629900000,66039.56,66186.5,66018.63,66079.43,0.01128,2026-03-27 16:45:00
1774630200000,65960.39,65996.53,65862.59,65996.53,0.05365,2026-03-27 16:50:00
1774630500000,65928.87,65931.93,65928.87,65931.93,0.00361,2026-03-27 16:55:00
1774630800000,66001.19,66042.6,65954.18,66042.6,0.02104,2026-03-27 17:00:00
1774631100000,66027.73,66255.42,66025.15,66168.18,0.07859,2026-03-27 17:05:00
1774631400000,66190.23,66216.9,66156.44,66156.44,0.01047,2026-03-27 17:10:00
1774631700000,66236.01,66273.81,66103.9,66105.96,0.06033,2026-03-27 17:15:00
1774632000000,65915.17,65915.17,65915.17,65915.17,0.00135,2026-03-27 17:20:00
1774632300000,65915.17,65924.47,65900.39,65924.47,0.00024,2026-03-27 17:25:00
1774632600000,65934.84,65934.84,65780.01,65874.35,0.00357,2026-03-27 17:30:00
1774632900000,65874.35,65874.35,65874.35,65874.35,0.0,2026-03-27 17:35:00
1774633200000,65874.35,65874.35,65636.93,65636.93,0.03735,2026-03-27 17:40:00
1774633500000,65698.96,65698.96,65648.22,65648.22,0.00539,2026-03-27 17:45:00
1774633800000,65642.66,65738.69,65631.5,65738.69,0.00976,2026-03-27 17:50:00
1774634100000,65693.28,65693.28,65631.5,65631.5,0.00206,2026-03-27 17:55:00
1774634400000,65668.51,65724.8,65644.06,65724.8,0.00284,2026-03-27 18:00:00
1774634700000,65798.35,65798.35,65720.83,65720.83,0.00525,2026-03-27 18:05:00
1774635000000,65698.06,65740.57,65600.01,65600.01,0.01696,2026-03-27 18:10:00
1774635300000,65756.02,65767.8,65725.71,65767.8,0.08025,2026-03-27 18:15:00
1774635600000,65786.11,65824.68,65575.53,65575.53,0.07018,2026-03-27 18:20:00
1774635900000,65575.53,65575.53,65575.53,65575.53,0.0,2026-03-27 18:25:00
1774636200000,65813.2,65855.92,65760.59,65855.92,0.08494,2026-03-27 18:30:00
1774636500000,65783.11,65868.48,65783.11,65868.48,0.0018,2026-03-27 18:35:00
1774636800000,65828.58,65828.58,65750.0,65820.0,0.02731,2026-03-27 18:40:00
1774637100000,65798.01,65888.54,65798.01,65844.99,0.00512,2026-03-27 18:45:00
1774637400000,65904.64,65904.64,65853.3,65853.3,0.0039,2026-03-27 18:50:00
1774637700000,65845.84,65889.54,65845.84,65889.54,0.00165,2026-03-27 18:55:00
1774638000000,65766.09,65814.97,65766.09,65814.97,0.01704,2026-03-27 19:00:00
1774638300000,65741.58,65744.63,65712.34,65739.22,0.0017,2026-03-27 19:05:00
1774638600000,65755.64,65813.59,65755.64,65813.59,0.0012,2026-03-27 19:10:00
1774638900000,65829.58,65896.22,65829.58,65896.22,0.0112,2026-03-27 19:15:00
1774639200000,65887.08,65935.39,65857.71,65857.71,0.09453,2026-03-27 19:20:00
1774639500000,65865.79,65947.42,65857.93,65941.88,0.23013,2026-03-27 19:25:00
1774639800000,65956.79,66007.09,65956.11,66007.09,0.01583,2026-03-27 19:30:00
1774640100000,65974.9,65974.9,65956.81,65956.81,0.00024,2026-03-27 19:35:00
1774640400000,65971.5,65999.04,65971.5,65999.04,0.0015,2026-03-27 19:40:00
1774640700000,65959.02,65959.02,65918.64,65948.93,0.0122,2026-03-27 19:45:00
1774641000000,65924.94,65983.44,65924.94,65969.11,0.01958,2026-03-27 19:50:00
1774641300000,65967.03,66135.81,65967.03,66068.25,0.10919,2026-03-27 19:55:00
1774641600000,66030.64,66120.33,66030.64,66062.04,0.00155,2026-03-27 20:00:00
1774641900000,66115.43,66115.43,66045.09,66048.74,0.1675,2026-03-27 20:05:00
1774642200000,66065.87,66065.87,66008.39,66008.39,0.00893,2026-03-27 20:10:00
1774642500000,66042.86,66071.89,66040.86,66048.4,0.04165,2026-03-27 20:15:00
1774642800000,66065.31,66065.31,66065.31,66065.31,0.00028,2026-03-27 20:20:00
1774643100000,65920.25,65920.25,65863.41,65863.41,0.01161,2026-03-27 20:25:00
1774643400000,65870.44,65870.44,65870.44,65870.44,0.00784,2026-03-27 20:30:00
1774643700000,65860.67,65937.55,65832.51,65937.55,0.01721,2026-03-27 20:35:00
1774644000000,65925.63,65925.63,65893.26,65893.26,0.00041,2026-03-27 20:40:00
1774644300000,66014.49,66014.49,66014.49,66014.49,0.00015,2026-03-27 20:45:00
1774644600000,66009.85,66087.99,66009.85,66087.99,0.00985,2026-03-27 20:50:00
1774644900000,66082.13,66082.13,66078.63,66078.63,0.00889,2026-03-27 20:55:00
1774645200000,66041.03,66122.1,66041.03,66087.0,0.00244,2026-03-27 21:00:00
1774645500000,66116.23,66116.23,66102.04,66113.86,0.00091,2026-03-27 21:05:00
1774645800000,66088.98,66156.29,66088.98,66156.29,0.11836,2026-03-27 21:10:00
1774646100000,66150.6,66150.6,66132.29,66139.26,0.01106,2026-03-27 21:15:00
1774646400000,66135.73,66135.73,66135.73,66135.73,0.00051,2026-03-27 21:20:00
1774646700000,66168.53,66168.53,66168.53,66168.53,3e-05,2026-03-27 21:25:00
1774647000000,66181.72,66181.72,66181.72,66181.72,0.00015,2026-03-27 21:30:00
1774647300000,66151.25,66151.25,66047.1,66074.73,0.01093,2026-03-27 21:35:00
1774647600000,66053.25,66122.53,66053.25,66120.74,0.01842,2026-03-27 21:40:00
1774647900000,66143.52,66143.52,66129.8,66129.8,0.00019,2026-03-27 21:45:00
1774648200000,66076.02,66131.28,66076.02,66131.28,0.00435,2026-03-27 21:50:00
1774648500000,66099.89,66099.89,66056.45,66057.8,0.01038,2026-03-27 21:55:00
1774648800000,66067.63,66069.51,66062.84,66062.84,0.0306,2026-03-27 22:00:00
1774649100000,66044.52,66044.52,65959.44,65995.85,0.0172,2026-03-27 22:05:00
1774649400000,66000.27,66018.37,66000.27,66018.37,0.00083,2026-03-27 22:10:00
1774649700000,65985.89,66024.52,65985.89,66017.39,0.01652,2026-03-27 22:15:00
1774650000000,66019.74,66033.76,66018.59,66033.76,0.00129,2026-03-27 22:20:00
1774650300000,65992.2,65992.2,65954.75,65954.75,0.00048,2026-03-27 22:25:00
1774650600000,66015.81,66022.92,66015.81,66022.92,0.00105,2026-03-27 22:30:00
1774650900000,65954.0,65964.94,65927.91,65927.91,0.0609,2026-03-27 22:35:00
1774651200000,66049.41,66049.41,66049.41,66049.41,0.00015,2026-03-27 22:40:00
1774651500000,66052.84,66071.21,66052.84,66065.45,0.00128,2026-03-27 22:45:00
1774651800000,66079.02,66079.02,66042.97,66042.97,0.00126,2026-03-27 22:50:00
1774652100000,66047.38,66047.38,66047.38,66047.38,0.00238,2026-03-27 22:55:00
1774652400000,66052.53,66052.54,65993.9,65993.9,0.00273,2026-03-27 23:00:00
1774652700000,66014.41,66014.41,65996.45,65996.45,0.01512,2026-03-27 23:05:00
1774653000000,66023.58,66107.79,66006.44,66107.79,0.00043,2026-03-27 23:10:00
1774653300000,66111.63,66111.63,66098.49,66098.49,0.00061,2026-03-27 23:15:00
1774653600000,66196.49,66196.49,66196.49,66196.49,0.00018,2026-03-27 23:20:00
1774653900000,66204.13,66204.13,66181.81,66202.97,0.00419,2026-03-27 23:25:00
1774654200000,66183.75,66187.74,66177.4,66177.4,0.13291,2026-03-27 23:30:00
1774654500000,66235.89,66235.89,66235.89,66235.89,0.0079,2026-03-27 23:35:00
1774654800000,66272.92,66272.92,66272.92,66272.92,0.0021,2026-03-27 23:40:00
1774655100000,66312.48,66357.14,66312.48,66357.14,0.0108,2026-03-27 23:45:00
1774655400000,66329.19,66329.19,66329.19,66329.19,0.00809,2026-03-27 23:50:00
1774655700000,66383.98,66428.47,66383.98,66428.47,0.01675,2026-03-27 23:55:00
1774656000000,66397.35,66430.94,66379.63,66430.94,0.00798,2026-03-28 00:00:00
1774656300000,66478.2,66485.77,66441.07,66441.07,0.00082,2026-03-28 00:05:00
1774656600000,66381.7,66382.08,66291.03,66291.03,0.25198,2026-03-28 00:10:00
1774656900000,66321.94,66329.21,66321.94,66329.21,0.00052,2026-03-28 00:15:00
1774657200000,66334.49,66370.83,66334.49,66370.83,0.0083,2026-03-28 00:20:00
1774657500000,66370.83,66370.83,66370.83,66370.83,0.0,2026-03-28 00:25:00
1774657800000,66465.72,66493.2,66465.72,66487.26,0.00054,2026-03-28 00:30:00
1774658100000,66468.0,66503.5,66468.0,66485.63,0.00172,2026-03-28 00:35:00
1774658400000,66427.89,66450.4,66427.89,66443.98,0.00027,2026-03-28 00:40:00
1774658700000,66489.51,66489.51,66481.59,66481.59,9e-05,2026-03-28 00:45:00
1774659000000,66458.72,66458.72,66426.66,66426.66,0.00635,2026-03-28 00:50:00
1774659300000,66495.87,66495.87,66442.88,66442.89,0.0038,2026-03-28 00:55:00
1774659600000,66396.0,66413.37,66347.13,66381.59,0.00814,2026-03-28 01:00:00
1774659900000,66356.92,66403.89,66304.31,66321.89,0.00788,2026-03-28 01:05:00
1774660200000,66255.0,66255.0,66153.02,66162.81,0.07701,2026-03-28 01:10:00
1774660500000,66178.84,66240.08,66158.03,66240.08,0.00916,2026-03-28 01:15:00
1774660800000,66279.19,66279.19,66267.27,66267.27,0.01014,2026-03-28 01:20:00
1774661100000,66267.27,66267.27,66267.27,66267.27,0.0,2026-03-28 01:25:00
1774661400000,66259.89,66259.89,66259.89,66259.89,5e-05,2026-03-28 01:30:00
1774661700000,66071.43,66071.43,66071.43,66071.43,0.0002,2026-03-28 01:35:00
1774662000000,66071.43,66071.43,66071.43,66071.43,0.0,2026-03-28 01:40:00
1774662300000,66129.56,66190.47,66129.56,66190.47,0.00072,2026-03-28 01:45:00
1774662600000,66119.58,66151.28,66119.58,66151.28,0.0013,2026-03-28 01:50:00
1774662900000,66128.19,66140.34,66105.31,66129.97,0.03671,2026-03-28 01:55:00
1774663200000,66193.75,66195.71,66179.38,66195.71,0.00305,2026-03-28 02:00:00
1774663500000,66246.55,66246.55,66190.72,66229.65,0.00294,2026-03-28 02:05:00
1774663800000,66226.02,66250.79,66226.02,66250.79,0.00387,2026-03-28 02:10:00
1774664100000,66211.0,66211.0,66051.71,66052.61,0.03812,2026-03-28 02:15:00
1774664400000,66066.0,66077.36,66066.0,66076.9,0.01381,2026-03-28 02:20:00
1774664700000,66036.0,66036.0,66036.0,66036.0,0.00122,2026-03-28 02:25:00
1774665000000,66029.75,66029.75,65942.22,66010.45,0.14703,2026-03-28 02:30:00
1774665300000,66005.46,66019.1,65948.28,65990.0,0.02029,2026-03-28 02:35:00
1774665600000,66013.27,66045.59,66013.27,66045.59,0.00067,2026-03-28 02:40:00
1774665900000,66014.27,66015.76,65994.9,65994.9,0.08534,2026-03-28 02:45:00
1774666200000,66028.84,66055.5,66028.84,66055.5,0.00049,2026-03-28 02:50:00
1774666500000,66041.04,66045.91,66041.04,66045.91,0.00169,2026-03-28 02:55:00
1774666800000,66118.52,66118.52,66095.57,66095.57,0.00166,2026-03-28 03:00:00
1774667100000,66105.05,66148.66,66105.05,66136.09,0.01196,2026-03-28 03:05:00
1774667400000,66163.29,66163.29,66163.29,66163.29,0.00075,2026-03-28 03:10:00
1774667700000,66151.87,66151.87,66151.87,66151.87,0.00015,2026-03-28 03:15:00
1774668000000,66151.87,66151.87,66151.87,66151.87,0.0,2026-03-28 03:20:00
1774668300000,66151.87,66175.05,66151.87,66175.05,0.00949,2026-03-28 03:25:00
1774668600000,66153.3,66153.3,66153.3,66153.3,0.00845,2026-03-28 03:30:00
1774668900000,66200.0,66200.0,66200.0,66200.0,0.00117,2026-03-28 03:35:00
1774669200000,66200.0,66200.0,66200.0,66200.0,0.0,2026-03-28 03:40:00
1774669500000,66237.84,66240.02,66234.44,66240.02,0.00032,2026-03-28 03:45:00
1774669800000,66227.35,66227.35,66227.35,66227.35,5e-05,2026-03-28 03:50:00
1774670100000,66221.55,66221.55,66221.55,66221.55,0.00075,2026-03-28 03:55:00
1774670400000,66175.42,66225.06,66175.42,66225.06,0.00196,2026-03-28 04:00:00
1774670700000,66216.76,66216.76,66153.63,66153.63,0.001,2026-03-28 04:05:00
1774671000000,66143.63,66143.77,66130.22,66140.98,0.0018,2026-03-28 04:10:00
1774671300000,66139.6,66230.54,66115.67,66230.54,0.05014,2026-03-28 04:15:00
1774671600000,66276.91,66278.13,66276.91,66278.13,0.0036,2026-03-28 04:20:00
1774671900000,66278.13,66278.13,66278.13,66278.13,0.0,2026-03-28 04:25:00
1774672200000,66278.13,66278.13,66278.13,66278.13,0.0,2026-03-28 04:30:00
1774672500000,66278.13,66278.13,66278.13,66278.13,0.0,2026-03-28 04:35:00
1774672800000,66278.13,66278.13,66278.13,66278.13,0.0,2026-03-28 04:40:00
1774673100000,66278.13,66278.13,66278.13,66278.13,0.0,2026-03-28 04:45:00
1774673400000,66278.13,66278.13,66278.13,66278.13,0.0,2026-03-28 04:50:00
1774673700000,66253.75,66270.6,66227.42,66270.6,0.00218,2026-03-28 04:55:00
1774674000000,66300.57,66300.57,66254.42,66254.42,0.00182,2026-03-28 05:00:00
1774674300000,66249.52,66250.85,66249.52,66250.85,0.04853,2026-03-28 05:05:00
1774674600000,66225.1,66229.39,66221.53,66229.39,0.00138,2026-03-28 05:10:00
1774674900000,66255.6,66255.6,66255.6,66255.6,0.04691,2026-03-28 05:15:00
1774675200000,66330.84,66330.84,66330.84,66330.84,0.00154,2026-03-28 05:20:00
1774675500000,66350.31,66350.31,66350.31,66350.31,8e-05,2026-03-28 05:25:00
1774675800000,66343.53,66343.53,66343.53,66343.53,7e-05,2026-03-28 05:30:00
1774676100000,66343.13,66343.13,66343.13,66343.13,0.00029,2026-03-28 05:35:00
1774676400000,66299.66,66324.17,66279.2,66324.17,0.00819,2026-03-28 05:40:00
1774676700000,66324.17,66324.17,66324.17,66324.17,0.0,2026-03-28 05:45:00
1774677000000,66350.33,66350.33,66343.68,66343.68,0.0592,2026-03-28 05:50:00
1774677300000,66355.88,66355.88,66355.88,66355.88,0.03764,2026-03-28 05:55:00
1774677600000,66336.86,66336.86,66336.86,66336.86,0.00053,2026-03-28 06:00:00
1774677900000,66366.5,66397.75,66366.5,66373.16,0.0005,2026-03-28 06:05:00
1774678200000,66346.13,66367.81,66346.13,66367.81,0.00075,2026-03-28 06:10:00
1774678500000,66400.0,66469.48,66400.0,66469.48,0.00643,2026-03-28 06:15:00
1774678800000,66441.9,66441.9,66441.9,66441.9,9e-05,2026-03-28 06:20:00
1774679100000,66441.9,66441.9,66441.9,66441.9,0.0,2026-03-28 06:25:00
1774679400000,66441.9,66441.9,66441.9,66441.9,0.0,2026-03-28 06:30:00
1774679700000,66459.66,66459.66,66426.69,66426.69,0.011,2026-03-28 06:35:00
1774680000000,66442.98,66442.98,66442.98,66442.98,0.14056,2026-03-28 06:40:00
1774680300000,66411.82,66411.82,66411.82,66411.82,0.03013,2026-03-28 06:45:00
1774680600000,66394.97,66394.97,66394.97,66394.97,0.00146,2026-03-28 06:50:00
1774680900000,66394.97,66394.97,66394.97,66394.97,0.0,2026-03-28 06:55:00
1774681200000,66427.6,66427.6,66407.53,66407.53,0.00207,2026-03-28 07:00:00
1774681500000,66385.07,66433.0,66385.07,66433.0,0.00262,2026-03-28 07:05:00
1774681800000,66432.61,66435.54,66408.32,66427.81,0.00272,2026-03-28 07:10:00
1774682100000,66462.8,66468.45,66462.8,66468.45,0.00148,2026-03-28 07:15:00
1774682400000,66468.45,66468.45,66468.45,66468.45,0.0,2026-03-28 07:20:00
1774682700000,66468.45,66468.45,66468.45,66468.45,0.0,2026-03-28 07:25:00
1774683000000,66473.88,66473.94,66473.88,66473.94,0.00011,2026-03-28 07:30:00
1774683300000,66453.41,66453.41,66453.41,66453.41,0.00153,2026-03-28 07:35:00
1774683600000,66448.62,66448.62,66448.62,66448.62,0.13776,2026-03-28 07:40:00
1774683900000,66460.03,66460.03,66460.03,66460.03,0.00018,2026-03-28 07:45:00
1774684200000,66460.03,66460.03,66460.03,66460.03,0.0,2026-03-28 07:50:00
1774684500000,66547.34,66547.34,66547.34,66547.34,0.0015,2026-03-28 07:55:00
1774684800000,66522.21,66552.88,66522.21,66552.88,0.04482,2026-03-28 08:00:00
1774685100000,66556.39,66556.39,66513.4,66532.25,0.01029,2026-03-28 08:05:00
1774685400000,66512.3,66512.3,66495.46,66495.46,0.00018,2026-03-28 08:10:00
1774685700000,66495.46,66495.46,66495.46,66495.46,0.0,2026-03-28 08:15:00
1774686000000,66495.46,66495.46,66495.46,66495.46,0.0,2026-03-28 08:20:00
1774686300000,66495.46,66495.46,66495.46,66495.46,0.0,2026-03-28 08:25:00
1774686600000,66495.46,66495.46,66495.46,66495.46,0.0,2026-03-28 08:30:00
1774686900000,66505.19,66505.19,66505.19,66505.19,0.0001,2026-03-28 08:35:00
1774687200000,66460.03,66460.03,66460.03,66460.03,0.15047,2026-03-28 08:40:00
1774687500000,66460.03,66460.03,66460.03,66460.03,0.0,2026-03-28 08:45:00
1774687800000,66396.19,66396.19,66396.19,66396.19,0.00017,2026-03-28 08:50:00
1774688100000,66396.19,66396.19,66396.19,66396.19,0.0,2026-03-28 08:55:00
1774688400000,66396.19,66396.19,66396.19,66396.19,0.0,2026-03-28 09:00:00
1774688700000,66355.59,66363.57,66355.59,66363.57,0.00094,2026-03-28 09:05:00
1774689000000,66357.13,66357.13,66357.13,66357.13,0.00015,2026-03-28 09:10:00
1774689300000,66357.13,66357.13,66357.13,66357.13,0.0,2026-03-28 09:15:00
1774689600000,66357.13,66357.13,66357.13,66357.13,0.0,2026-03-28 09:20:00
1774689900000,66379.63,66379.63,66379.63,66379.63,5e-05,2026-03-28 09:25:00
1774690200000,66379.63,66379.63,66379.63,66379.63,0.0,2026-03-28 09:30:00
1774690500000,66282.85,66282.85,66282.85,66282.85,0.00073,2026-03-28 09:35:00
1774690800000,66297.95,66297.95,66297.95,66297.95,0.00015,2026-03-28 09:40:00
1774691100000,66257.29,66257.29,66257.29,66257.29,0.0006,2026-03-28 09:45:00
1774691400000,66257.29,66257.29,66257.29,66257.29,0.0,2026-03-28 09:50:00
1774691700000,66310.41,66325.65,66310.41,66325.65,0.0028,2026-03-28 09:55:00
1774692000000,66300.33,66300.33,66300.33,66300.33,0.00226,2026-03-28 10:00:00
1774692300000,66300.33,66300.33,66300.33,66300.33,0.0,2026-03-28 10:05:00
1774692600000,66300.33,66300.33,66300.33,66300.33,0.0,2026-03-28 10:10:00
1774692900000,66300.33,66300.33,66300.33,66300.33,0.0,2026-03-28 10:15:00
1774693200000,66300.33,66300.33,66300.33,66300.33,0.0,2026-03-28 10:20:00
1774693500000,66300.33,66300.33,66300.33,66300.33,0.0,2026-03-28 10:25:00
1774693800000,66300.33,66300.33,66300.33,66300.33,0.0,2026-03-28 10:30:00
1774694100000,66208.19,66208.19,66208.19,66208.19,0.00016,2026-03-28 10:35:00
1774694400000,66165.23,66165.23,66165.23,66165.23,0.00045,2026-03-28 10:40:00
1774694700000,66200.21,66200.21,66200.21,66200.21,0.00027,2026-03-28 10:45:00
1774695000000,66205.3,66205.3,66205.3,66205.3,0.00119,2026-03-28 10:50:00
1774695300000,66205.3,66205.3,66205.3,66205.3,0.0,2026-03-28 10:55:00
1774695600000,66205.3,66205.3,66205.3,66205.3,0.0,2026-03-28 11:00:00
1774695900000,66262.39,66292.77,66260.6,66260.6,0.00091,2026-03-28 11:05:00
1774696200000,66257.25,66264.66,66217.07,66260.08,0.01193,2026-03-28 11:10:00
1774696500000,66260.08,66260.08,66260.08,66260.08,0.0,2026-03-28 11:15:00
1774696800000,66260.08,66260.08,66260.08,66260.08,0.0,2026-03-28 11:20:00
1774697100000,66312.15,66312.15,66312.15,66312.15,0.00075,2026-03-28 11:25:00
1774697400000,66312.15,66312.15,66312.15,66312.15,0.0,2026-03-28 11:30:00
1774697700000,66297.4,66312.15,66297.4,66312.15,0.04378,2026-03-28 11:35:00
1774698000000,66312.15,66312.15,66312.15,66312.15,0.0,2026-03-28 11:40:00
1774698300000,66312.15,66345.85,66312.15,66331.87,0.06074,2026-03-28 11:45:00
1774698600000,66316.74,66326.99,66316.74,66326.99,0.00014,2026-03-28 11:50:00
1774698900000,66326.99,66326.99,66326.99,66326.99,0.0,2026-03-28 11:55:00
1774699200000,66347.4,66347.4,66312.16,66312.16,0.00168,2026-03-28 12:00:00
1774699500000,66312.15,66317.62,66312.15,66317.62,0.00628,2026-03-28 12:05:00
1774699800000,66346.44,66346.44,66346.14,66346.14,0.00167,2026-03-28 12:10:00
1774700100000,66420.47,66473.55,66420.47,66473.55,0.20516,2026-03-28 12:15:00
1774700400000,66473.55,66473.55,66473.55,66473.55,0.0,2026-03-28 12:20:00
1774700700000,66473.55,66473.55,66473.55,66473.55,0.0,2026-03-28 12:25:00
1774701000000,66473.55,66473.55,66473.55,66473.55,0.0,2026-03-28 12:30:00
1774701300000,66324.06,66344.26,66324.06,66344.26,0.00025,2026-03-28 12:35:00
1774701600000,66344.26,66344.26,66344.26,66344.26,0.0,2026-03-28 12:40:00
1774701900000,66343.73,66343.73,66343.73,66343.73,0.00027,2026-03-28 12:45:00
1774702200000,66343.73,66343.73,66343.73,66343.73,0.0,2026-03-28 12:50:00
1774702500000,66468.02,66468.02,66468.02,66468.02,0.001,2026-03-28 12:55:00
1774702800000,66461.75,66487.5,66461.75,66487.5,0.00018,2026-03-28 13:00:00
1774703100000,66464.23,66464.23,66460.95,66460.95,0.00555,2026-03-28 13:05:00
1774703400000,66506.96,66529.71,66506.96,66529.71,0.00438,2026-03-28 13:10:00
1774703700000,66499.25,66500.82,66465.23,66465.23,0.00027,2026-03-28 13:15:00
1774704000000,66488.02,66488.02,66488.02,66488.02,0.00012,2026-03-28 13:20:00
1774704300000,66394.08,66394.08,66394.08,66394.08,0.00011,2026-03-28 13:25:00
1774704600000,66531.25,66621.0,66531.25,66613.77,0.14369,2026-03-28 13:30:00
1774704900000,66687.7,66700.0,66687.7,66700.0,0.00155,2026-03-28 13:35:00
1774705200000,66705.4,67142.86,66705.4,66996.7,0.06046,2026-03-28 13:40:00
1774705500000,66925.01,66925.01,66880.58,66880.58,0.03494,2026-03-28 13:45:00
1774705800000,66880.58,66880.58,66880.58,66880.58,0.0,2026-03-28 13:50:00
1774706100000,66880.58,66880.58,66880.58,66880.58,0.0,2026-03-28 13:55:00
1774706400000,66820.41,66820.41,66791.66,66808.14,0.00805,2026-03-28 14:00:00
1774706700000,66810.79,66903.88,66810.79,66842.89,0.00533,2026-03-28 14:05:00
1774707000000,66827.25,66837.41,66745.96,66780.42,0.26325,2026-03-28 14:10:00
1774707300000,66780.42,66780.42,66780.42,66780.42,0.0,2026-03-28 14:15:00
1774707600000,66780.42,66780.42,66780.42,66780.42,0.0,2026-03-28 14:20:00
1774707900000,66798.65,66840.78,66798.65,66840.78,0.00287,2026-03-28 14:25:00
1774708200000,66823.86,66823.86,66823.86,66823.86,0.00016,2026-03-28 14:30:00
1774708500000,66724.76,66728.38,66724.76,66728.38,0.00011,2026-03-28 14:35:00
1774708800000,66817.69,66869.9,66794.54,66869.9,0.01085,2026-03-28 14:40:00
1774709100000,66869.9,66869.9,66869.9,66869.9,0.0,2026-03-28 14:45:00
1774709400000,66805.61,66805.61,66689.79,66689.79,0.00329,2026-03-28 14:50:00
1774709700000,66689.79,66689.79,66689.79,66689.79,0.0,2026-03-28 14:55:00
1774710000000,66763.29,66775.23,66716.13,66775.23,0.0016,2026-03-28 15:00:00
1774710300000,66765.47,66797.56,66765.47,66794.0,0.00247,2026-03-28 15:05:00
1774710600000,66795.21,66875.35,66795.21,66874.08,0.00347,2026-03-28 15:10:00
1774710900000,66895.9,67064.32,66895.9,67064.32,0.23177,2026-03-28 15:15:00
1774711200000,67122.6,67270.06,67122.6,67220.42,0.37719,2026-03-28 15:20:00
1774711500000,67138.06,67142.42,67042.42,67063.26,0.14192,2026-03-28 15:25:00
1774711800000,67049.2,67049.2,67049.2,67049.2,0.0006,2026-03-28 15:30:00
1774712100000,67104.69,67104.69,67057.38,67059.49,0.01754,2026-03-28 15:35:00
1774712400000,66994.92,66994.92,66994.92,66994.92,0.00073,2026-03-28 15:40:00
1774712700000,67053.0,67066.34,67053.0,67066.34,0.00025,2026-03-28 15:45:00
1774713000000,67014.72,67014.72,66957.77,67005.75,0.0027,2026-03-28 15:50:00
1774713300000,66974.92,66974.92,66974.92,66974.92,0.00017,2026-03-28 15:55:00
1774713600000,67033.07,67047.49,66958.54,67047.49,0.23729,2026-03-28 16:00:00
1774713900000,67014.2,67079.49,67014.2,67079.49,0.00172,2026-03-28 16:05:00
1774714200000,67040.7,67067.37,67029.84,67029.84,0.11044,2026-03-28 16:10:00
1774714500000,67041.82,67041.82,67041.82,67041.82,0.00744,2026-03-28 16:15:00
1774714800000,67087.09,67087.09,67087.09,67087.09,0.0003,2026-03-28 16:20:00
1774715100000,67087.09,67087.09,67087.09,67087.09,0.00223,2026-03-28 16:25:00
1774715400000,67067.04,67067.04,67040.0,67040.0,0.01237,2026-03-28 16:30:00
1774715700000,66958.55,66958.55,66958.55,66958.55,0.00967,2026-03-28 16:35:00
1774716000000,66916.53,66916.53,66916.53,66916.53,0.00086,2026-03-28 16:40:00
1774716300000,66916.53,66916.53,66916.53,66916.53,0.0,2026-03-28 16:45:00
1774716600000,66916.53,66916.53,66916.53,66916.53,0.0,2026-03-28 16:50:00
1774716900000,66931.94,66939.01,66931.94,66939.01,0.02318,2026-03-28 16:55:00
1774717200000,66938.59,66969.23,66938.59,66969.23,0.00154,2026-03-28 17:00:00
1774717500000,66979.69,66997.89,66901.05,66907.98,0.013,2026-03-28 17:05:00
1774717800000,66910.62,66923.27,66910.62,66923.27,0.00052,2026-03-28 17:10:00
1774718100000,66918.0,66918.0,66918.0,66918.0,0.00052,2026-03-28 17:15:00
1774718400000,66801.08,66851.25,66801.08,66851.24,0.01535,2026-03-28 17:20:00
1774718700000,66763.37,66763.37,66763.35,66763.35,0.04334,2026-03-28 17:25:00
1774719000000,66763.34,66779.84,66652.9,66770.3,0.01955,2026-03-28 17:30:00
1774719300000,66790.22,66879.9,66790.22,66877.67,0.00852,2026-03-28 17:35:00
1774719600000,66870.68,66870.68,66820.76,66820.76,0.00239,2026-03-28 17:40:00
1774719900000,66820.76,66820.76,66820.76,66820.76,0.0,2026-03-28 17:45:00
1774720200000,66800.21,66800.21,66800.21,66800.21,0.00026,2026-03-28 17:50:00
1774720500000,66792.28,66853.8,66792.28,66853.8,0.00842,2026-03-28 17:55:00
1774720800000,66873.66,66923.66,66857.99,66923.66,0.00088,2026-03-28 18:00:00
1774721100000,66919.17,66920.2,66903.15,66913.13,0.00235,2026-03-28 18:05:00
1774721400000,66945.47,66951.17,66938.49,66951.17,0.00621,2026-03-28 18:10:00
1774721700000,66911.39,66911.39,66911.39,66911.39,0.00149,2026-03-28 18:15:00
1774722000000,66911.39,66911.39,66911.39,66911.39,0.0,2026-03-28 18:20:00
1774722300000,66911.39,66959.41,66908.42,66959.41,0.1027,2026-03-28 18:25:00
1774722600000,66907.95,66907.95,66907.95,66907.95,7e-05,2026-03-28 18:30:00
1774722900000,66898.86,66898.86,66869.07,66869.07,0.0168,2026-03-28 18:35:00
1774723200000,66909.75,66936.58,66909.75,66936.58,0.0018,2026-03-28 18:40:00
1774723500000,66934.03,66934.03,66914.21,66914.21,0.0005,2026-03-28 18:45:00
1774723800000,66914.21,66914.21,66914.21,66914.21,0.0,2026-03-28 18:50:00
1774724100000,66909.22,66961.36,66909.22,66961.36,0.00037,2026-03-28 18:55:00
1774724400000,66961.36,66961.36,66961.36,66961.36,0.0,2026-03-28 19:00:00
1774724700000,66900.69,66950.95,66900.69,66938.81,0.00549,2026-03-28 19:05:00
1774725000000,66929.19,66929.19,66854.08,66854.09,0.12319,2026-03-28 19:10:00
1774725300000,66834.7,66834.7,66828.15,66828.15,9e-05,2026-03-28 19:15:00
1774725600000,66863.85,66863.85,66863.85,66863.85,0.00015,2026-03-28 19:20:00
1774725900000,66838.03,66838.03,66838.03,66838.03,6e-05,2026-03-28 19:25:00
1774726200000,66838.03,66838.03,66838.03,66838.03,0.0,2026-03-28 19:30:00
1774726500000,66881.16,66889.02,66881.16,66889.02,0.00344,2026-03-28 19:35:00
1774726800000,66900.39,66900.39,66890.11,66890.11,0.00184,2026-03-28 19:40:00
1774727100000,66874.74,66874.74,66874.74,66874.74,0.00285,2026-03-28 19:45:00
1774727400000,66866.67,66866.67,66866.67,66866.67,0.0042,2026-03-28 19:50:00
1774727700000,66866.67,66866.67,66866.67,66866.67,0.0,2026-03-28 19:55:00
1774728000000,66991.8,66991.8,66960.53,66960.53,0.04537,2026-03-28 20:00:00
1774728300000,66977.66,67013.43,66977.66,67005.17,0.01232,2026-03-28 20:05:00
1774728600000,66996.33,67002.25,66991.91,66995.63,0.00556,2026-03-28 20:10:00
1774728900000,67026.37,67026.37,66961.8,66961.8,0.04352,2026-03-28 20:15:00
1774729200000,66969.14,66969.14,66969.14,66969.14,0.00037,2026-03-28 20:20:00
1774729500000,66969.14,66969.14,66969.14,66969.14,0.0,2026-03-28 20:25:00
1774729800000,66964.39,66964.39,66959.1,66959.1,0.04091,2026-03-28 20:30:00
1774730100000,66938.3,66992.62,66938.3,66992.62,0.00763,2026-03-28 20:35:00
1774730400000,66992.62,66992.62,66992.62,66992.62,0.0,2026-03-28 20:40:00
1774730700000,66952.55,66966.69,66920.25,66940.49,0.00634,2026-03-28 20:45:00
1774731000000,66940.49,66975.72,66921.11,66975.72,0.01113,2026-03-28 20:50:00
1774731300000,66975.72,66975.72,66924.73,66944.11,0.05247,2026-03-28 20:55:00
1774731600000,66936.7,66941.92,66911.05,66923.76,0.01147,2026-03-28 21:00:00
1774731900000,66884.35,66884.35,66846.22,66846.22,0.00014,2026-03-28 21:05:00
1774732200000,66833.35,66851.64,66826.31,66851.64,0.00754,2026-03-28 21:10:00
1774732500000,66863.9,66863.9,66863.9,66863.9,0.00037,2026-03-28 21:15:00
1774732800000,66863.9,66863.9,66863.9,66863.9,0.0,2026-03-28 21:20:00
1774733100000,66863.9,66863.9,66863.9,66863.9,0.0,2026-03-28 21:25:00
1774733400000,66863.9,66863.9,66863.9,66863.9,0.0,2026-03-28 21:30:00
1774733700000,66882.24,66882.24,66865.87,66865.87,0.00583,2026-03-28 21:35:00
1774734000000,66874.39,66874.39,66874.39,66874.39,0.00024,2026-03-28 21:40:00
1774734300000,66874.39,66874.39,66874.39,66874.39,0.0,2026-03-28 21:45:00
1774734600000,66766.33,66766.33,66651.73,66765.76,0.03297,2026-03-28 21:50:00
1774734900000,66670.31,66670.31,66670.31,66670.31,7e-05,2026-03-28 21:55:00
1774735200000,66656.48,66692.27,66648.02,66686.5,0.00237,2026-03-28 22:00:00
1774735500000,66713.24,66722.16,66696.17,66696.17,0.00467,2026-03-28 22:05:00
1774735800000,66644.48,66668.06,66644.48,66668.06,0.03039,2026-03-28 22:10:00
1774736100000,66619.99,66619.99,66619.99,66619.99,0.0015,2026-03-28 22:15:00
1774736400000,66752.61,66752.61,66752.61,66752.61,0.0075,2026-03-28 22:20:00
1774736700000,66783.64,66783.64,66762.49,66762.49,0.00072,2026-03-28 22:25:00
1774737000000,66762.49,66762.49,66762.49,66762.49,0.0,2026-03-28 22:30:00
1774737300000,66762.49,66762.49,66762.49,66762.49,0.0,2026-03-28 22:35:00
1774737600000,66762.49,66762.49,66762.49,66762.49,0.0,2026-03-28 22:40:00
1774737900000,66737.81,66737.81,66737.81,66737.81,0.00235,2026-03-28 22:45:00
1774738200000,66737.81,66737.81,66737.81,66737.81,0.0,2026-03-28 22:50:00
1774738500000,66752.65,66765.41,66752.65,66765.41,0.05195,2026-03-28 22:55:00
1774738800000,66757.13,66757.13,66731.71,66733.16,0.00507,2026-03-28 23:00:00
1774739100000,66678.29,66694.98,66544.64,66544.64,0.04834,2026-03-28 23:05:00
1774739400000,66538.14,66538.14,66300.79,66433.69,0.06268,2026-03-28 23:10:00
1774739700000,66406.21,66406.21,66395.37,66395.37,0.00117,2026-03-28 23:15:00
1774740000000,66391.4,66391.4,66391.4,66391.4,0.00027,2026-03-28 23:20:00
1774740300000,66391.4,66391.4,66391.4,66391.4,0.0,2026-03-28 23:25:00
1774740600000,66418.78,66443.64,66399.67,66443.64,0.10694,2026-03-28 23:30:00
1774740900000,66479.85,66479.85,66429.98,66445.57,0.0111,2026-03-28 23:35:00
1774741200000,66428.72,66428.72,66428.72,66428.72,0.002,2026-03-28 23:40:00
1774741500000,66358.96,66358.96,66358.96,66358.96,5e-05,2026-03-28 23:45:00
1774741800000,66394.19,66394.19,66393.38,66393.38,0.00323,2026-03-28 23:50:00
1774742100000,66393.38,66393.38,66393.38,66393.38,0.0,2026-03-28 23:55:00
1774742400000,66392.25,66483.18,66392.25,66471.99,0.00816,2026-03-29 00:00:00
1774742700000,66461.01,66480.22,66447.89,66447.89,0.00449,2026-03-29 00:05:00
1774743000000,66380.6,66467.21,66380.59,66467.04,0.00773,2026-03-29 00:10:00
1774743300000,66452.46,66453.81,66452.46,66453.81,0.0016,2026-03-29 00:15:00
1774743600000,66343.29,66354.47,66317.7,66354.47,0.01003,2026-03-29 00:20:00
1774743900000,66346.88,66405.88,66346.69,66405.88,0.00047,2026-03-29 00:25:00
1774744200000,66398.85,66420.92,66398.85,66420.92,0.00121,2026-03-29 00:30:00
1774744500000,66446.23,66446.23,66446.22,66446.22,6e-05,2026-03-29 00:35:00
1774744800000,66446.22,66446.22,66446.22,66446.22,0.0,2026-03-29 00:40:00
1774745100000,66410.76,66416.76,66388.45,66416.75,0.00666,2026-03-29 00:45:00
1774745400000,66484.25,66502.65,66400.78,66418.65,0.0061,2026-03-29 00:50:00
1774745700000,66420.69,66501.46,66420.69,66476.91,0.01737,2026-03-29 00:55:00
1774746000000,66490.32,66532.65,66466.79,66532.65,0.0166,2026-03-29 01:00:00
1774746300000,66550.22,66555.85,66493.05,66493.05,0.01844,2026-03-29 01:05:00
1774746600000,66507.74,66561.14,66507.74,66561.1,0.04078,2026-03-29 01:10:00
1774746900000,66567.32,66567.32,66567.32,66567.32,0.00015,2026-03-29 01:15:00
1774747200000,66588.4,66617.2,66588.4,66617.2,0.00904,2026-03-29 01:20:00
1774747500000,66537.21,66537.21,66537.21,66537.21,0.00756,2026-03-29 01:25:00
1774747800000,66537.21,66537.21,66537.21,66537.21,0.0,2026-03-29 01:30:00
1774748100000,66480.86,66480.86,66480.3,66480.3,0.02668,2026-03-29 01:35:00
1774748400000,66480.3,66480.3,66480.3,66480.3,0.0,2026-03-29 01:40:00
1774748700000,66480.3,66480.3,66480.3,66480.3,0.0,2026-03-29 01:45:00
1774749000000,66608.96,66608.96,66516.92,66516.92,0.00208,2026-03-29 01:50:00
1774749300000,66516.92,66516.92,66516.92,66516.92,0.0,2026-03-29 01:55:00
1774749600000,66556.73,66584.73,66556.73,66581.94,0.08093,2026-03-29 02:00:00
1774749900000,66602.98,66617.21,66592.53,66617.21,0.00405,2026-03-29 02:05:00
1774750200000,66616.47,66628.0,66590.51,66627.99,0.01058,2026-03-29 02:10:00
1774750500000,66597.1,66662.44,66587.78,66610.11,0.00138,2026-03-29 02:15:00
1774750800000,66628.17,66708.12,66605.36,66691.26,0.01119,2026-03-29 02:20:00
1774751100000,66709.29,66709.29,66647.34,66689.5,0.00385,2026-03-29 02:25:00
1774751400000,66648.24,66666.0,66579.14,66612.94,0.27706,2026-03-29 02:30:00
1774751700000,66578.44,66689.35,66578.44,66689.35,0.20743,2026-03-29 02:35:00
1774752000000,66724.76,66737.49,66701.7,66702.69,0.20285,2026-03-29 02:40:00
1774752300000,66689.05,66723.17,66689.05,66723.17,0.00066,2026-03-29 02:45:00
1774752600000,66738.6,66791.34,66738.6,66791.34,0.04226,2026-03-29 02:50:00
1774752900000,66791.34,66791.34,66791.34,66791.34,0.0,2026-03-29 02:55:00
1774753200000,66820.12,66820.12,66760.87,66763.28,0.062,2026-03-29 03:00:00
1774753500000,66799.52,66820.84,66772.62,66791.06,0.00699,2026-03-29 03:05:00
1774753800000,66782.37,66816.48,66761.21,66816.48,0.0056,2026-03-29 03:10:00
1774754100000,66791.62,67076.91,66791.62,67051.05,0.06772,2026-03-29 03:15:00
1774754400000,67018.35,67065.42,67018.35,67065.42,0.00093,2026-03-29 03:20:00
1774754700000,67065.42,67065.42,67065.42,67065.42,0.0,2026-03-29 03:25:00
1774755000000,66964.04,66964.04,66944.96,66947.51,0.07459,2026-03-29 03:30:00
1774755300000,66912.39,66965.56,66912.39,66965.56,0.00952,2026-03-29 03:35:00
1774755600000,66921.66,66946.44,66903.66,66927.89,0.00968,2026-03-29 03:40:00
1774755900000,66931.28,66931.28,66880.66,66880.66,0.00184,2026-03-29 03:45:00
1774756200000,66941.25,66941.26,66941.25,66941.26,0.00043,2026-03-29 03:50:00
1774756500000,66960.09,66960.09,66902.52,66902.52,0.01422,2026-03-29 03:55:00
1774756800000,66943.44,66943.44,66865.75,66881.57,0.00286,2026-03-29 04:00:00
1774757100000,66881.56,66935.35,66881.56,66917.35,0.00182,2026-03-29 04:05:00
1774757400000,66899.45,66928.88,66899.22,66920.74,0.0015,2026-03-29 04:10:00
1774757700000,66911.06,66911.06,66868.53,66868.53,0.00131,2026-03-29 04:15:00
1774758000000,66790.0,66851.54,66780.42,66851.54,0.04876,2026-03-29 04:20:00
1774758300000,66821.24,66821.24,66818.73,66818.74,0.05251,2026-03-29 04:25:00
1774758600000,66836.02,66836.02,66802.97,66802.97,0.00041,2026-03-29 04:30:00
1774758900000,66813.48,66818.91,66803.41,66818.91,0.00127,2026-03-29 04:35:00
1774759200000,66826.64,66826.64,66803.34,66803.34,0.00021,2026-03-29 04:40:00
1774759500000,66803.34,66803.34,66803.34,66803.34,0.0,2026-03-29 04:45:00
1774759800000,66803.34,66803.34,66803.34,66803.34,0.0,2026-03-29 04:50:00
1774760100000,66764.86,66764.86,66750.0,66750.0,0.00041,2026-03-29 04:55:00
1774760400000,66737.68,66749.93,66737.64,66749.93,0.00403,2026-03-29 05:00:00
1774760700000,66725.8,66725.8,66690.75,66690.75,0.00276,2026-03-29 05:05:00
1774761000000,66736.61,66736.61,66711.21,66711.21,0.00582,2026-03-29 05:10:00
1774761300000,66711.21,66711.21,66711.21,66711.21,0.0,2026-03-29 05:15:00
1774761600000,66711.21,66711.21,66711.21,66711.21,0.0,2026-03-29 05:20:00
1774761900000,66728.25,66728.25,66546.97,66606.57,0.22132,2026-03-29 05:25:00
1774762200000,66661.69,66661.69,66661.69,66661.69,4e-05,2026-03-29 05:30:00
1774762500000,66618.66,66681.38,66618.66,66681.38,0.00253,2026-03-29 05:35:00
1774762800000,66671.92,66683.21,66671.92,66683.21,0.00052,2026-03-29 05:40:00
1774763100000,66670.61,66670.61,66670.61,66670.61,0.0012,2026-03-29 05:45:00
1774763400000,66724.89,66781.86,66724.89,66781.86,0.18671,2026-03-29 05:50:00
1774763700000,66805.46,66805.46,66805.46,66805.46,0.00011,2026-03-29 05:55:00
1774764000000,66845.91,66845.91,66845.91,66845.91,0.00015,2026-03-29 06:00:00
1774764300000,66845.91,66845.91,66845.91,66845.91,0.0,2026-03-29 06:05:00
1774764600000,66852.15,66864.7,66841.83,66841.83,0.15766,2026-03-29 06:10:00
1774764900000,66841.83,66841.83,66841.83,66841.83,0.0,2026-03-29 06:15:00
1774765200000,66841.83,66841.83,66841.83,66841.83,0.0,2026-03-29 06:20:00
1774765500000,66651.64,66651.64,66651.64,66651.64,0.00014,2026-03-29 06:25:00
1774765800000,66686.05,66735.84,66686.05,66715.28,0.00341,2026-03-29 06:30:00
1774766100000,66700.81,66700.81,66700.81,66700.81,0.00014,2026-03-29 06:35:00
1774766400000,66700.81,66700.81,66700.81,66700.81,0.0,2026-03-29 06:40:00
1774766700000,66700.81,66700.81,66700.81,66700.81,0.0,2026-03-29 06:45:00
1774767000000,66675.61,66675.61,66675.61,66675.61,0.00014,2026-03-29 06:50:00
1774767300000,66787.48,66787.48,66752.9,66752.9,0.00154,2026-03-29 06:55:00
1774767600000,66702.65,66702.65,66602.5,66602.5,0.00079,2026-03-29 07:00:00
1774767900000,66570.49,66577.47,66564.13,66572.22,0.15258,2026-03-29 07:05:00
1774768200000,66572.21,66576.63,66572.21,66576.52,0.00235,2026-03-29 07:10:00
1774768500000,66576.52,66576.52,66576.52,66576.52,0.0,2026-03-29 07:15:00
1774768800000,66576.52,66576.52,66576.52,66576.52,0.0,2026-03-29 07:20:00
1774769100000,66672.59,66678.34,66672.59,66678.34,0.0002,2026-03-29 07:25:00
1774769400000,66678.34,66678.34,66678.34,66678.34,0.0,2026-03-29 07:30:00
1774769700000,66638.88,66698.99,66638.88,66680.1,0.10559,2026-03-29 07:35:00
1774770000000,66640.1,66640.1,66612.64,66612.64,0.00369,2026-03-29 07:40:00
1774770300000,66656.75,66656.75,66656.75,66656.75,0.00015,2026-03-29 07:45:00
1774770600000,66656.75,66656.75,66656.75,66656.75,0.0,2026-03-29 07:50:00
1774770900000,66706.73,66706.73,66706.73,66706.73,6e-05,2026-03-29 07:55:00
1774771200000,66676.11,66676.11,66676.11,66676.11,0.00015,2026-03-29 08:00:00
1774771500000,66712.11,66762.02,66712.11,66732.39,0.00046,2026-03-29 08:05:00
1774771800000,66658.59,66669.14,66658.59,66661.35,0.00656,2026-03-29 08:10:00
1774772100000,66651.86,66651.86,66651.86,66651.86,0.0001,2026-03-29 08:15:00
1774772400000,66626.74,66626.74,66625.61,66625.61,0.0135,2026-03-29 08:20:00
1774772700000,66668.79,66668.79,66668.79,66668.79,0.00014,2026-03-29 08:25:00
1774773000000,66690.17,66690.18,66690.17,66690.18,0.00128,2026-03-29 08:30:00
1774773300000,66690.18,66690.18,66690.18,66690.18,0.0,2026-03-29 08:35:00
1774773600000,66690.18,66690.18,66690.18,66690.18,0.0,2026-03-29 08:40:00
1774773900000,66750.03,66750.03,66750.03,66750.03,0.00792,2026-03-29 08:45:00
1774774200000,66714.34,66714.34,66714.34,66714.34,0.00082,2026-03-29 08:50:00
1774774500000,66714.34,66714.34,66714.34,66714.34,0.0,2026-03-29 08:55:00
1774774800000,66714.34,66714.34,66714.34,66714.34,0.0,2026-03-29 09:00:00
1774775100000,66685.66,66685.66,66639.0,66669.52,0.00172,2026-03-29 09:05:00
1774775400000,66669.52,66669.52,66669.52,66669.52,0.0,2026-03-29 09:10:00
1774775700000,66710.2,66715.6,66710.2,66715.6,0.02993,2026-03-29 09:15:00
1774776000000,66660.0,66660.0,66650.0,66650.0,0.00014,2026-03-29 09:20:00
1774776300000,66650.0,66650.0,66650.0,66650.0,0.0,2026-03-29 09:25:00
1774776600000,66661.01,66666.72,66562.05,66586.6,0.03601,2026-03-29 09:30:00
1774776900000,66586.6,66586.6,66586.6,66586.6,0.0,2026-03-29 09:35:00
1774777200000,66586.6,66586.6,66586.6,66586.6,0.0,2026-03-29 09:40:00
1774777500000,66586.6,66586.6,66586.6,66586.6,0.0,2026-03-29 09:45:00
1774777800000,66586.6,66586.6,66586.6,66586.6,0.0,2026-03-29 09:50:00
1774778100000,66632.42,66632.42,66632.42,66632.42,0.00011,2026-03-29 09:55:00
1774778400000,66569.7,66569.7,66563.04,66563.04,0.00171,2026-03-29 10:00:00
1774778700000,66562.42,66562.42,66562.42,66562.42,0.00015,2026-03-29 10:05:00
1774779000000,66562.42,66562.42,66562.42,66562.42,0.0,2026-03-29 10:10:00
1774779300000,66500.67,66500.67,66482.42,66482.42,0.01783,2026-03-29 10:15:00
1774779600000,66474.85,66474.85,66474.85,66474.85,0.00018,2026-03-29 10:20:00
1774779900000,66474.85,66474.85,66474.85,66474.85,0.0,2026-03-29 10:25:00
1774780200000,66452.02,66452.02,66430.94,66430.94,0.03483,2026-03-29 10:30:00
1774780500000,66529.49,66529.49,66529.49,66529.49,0.00175,2026-03-29 10:35:00
1774780800000,66502.95,66543.75,66502.95,66543.75,0.00749,2026-03-29 10:40:00
1774781100000,66541.51,66541.51,66541.51,66541.51,3e-05,2026-03-29 10:45:00
1774781400000,66541.51,66541.51,66541.51,66541.51,0.0,2026-03-29 10:50:00
1774781700000,66503.8,66503.8,66503.8,66503.8,0.00136,2026-03-29 10:55:00
1774782000000,66560.28,66560.28,66560.28,66560.28,0.00837,2026-03-29 11:00:00
1774782300000,66863.7,66863.7,66800.69,66800.69,0.00032,2026-03-29 11:05:00
1774782600000,66810.99,66810.99,66777.0,66797.69,1.10815,2026-03-29 11:10:00
1774782900000,66776.6,66776.6,66776.6,66776.6,0.00019,2026-03-29 11:15:00
1774783200000,66827.94,66827.94,66827.94,66827.94,0.00805,2026-03-29 11:20:00
1774783500000,66827.94,66827.94,66827.94,66827.94,0.0,2026-03-29 11:25:00
1774783800000,66867.18,66867.18,66867.18,66867.18,0.00014,2026-03-29 11:30:00
1774784100000,66867.18,66867.18,66867.18,66867.18,0.0,2026-03-29 11:35:00
1774784400000,66901.36,66901.36,66901.36,66901.36,0.00588,2026-03-29 11:40:00
1774784700000,66921.32,66953.54,66847.79,66847.79,0.03109,2026-03-29 11:45:00
1774785000000,66822.42,66822.42,66822.42,66822.42,0.00734,2026-03-29 11:50:00
1774785300000,66844.54,66852.69,66844.54,66852.69,0.00191,2026-03-29 11:55:00
1774785600000,66848.58,66851.39,66811.51,66846.4,0.00214,2026-03-29 12:00:00
1774785900000,66817.53,66817.53,66817.53,66817.53,0.00015,2026-03-29 12:05:00
1774786200000,66804.91,66828.78,66804.9,66828.78,0.00107,2026-03-29 12:10:00
1774786500000,66828.78,66828.78,66828.78,66828.78,0.0,2026-03-29 12:15:00
1774786800000,66788.79,66788.79,66775.72,66775.72,0.00062,2026-03-29 12:20:00
1774787100000,66781.42,66781.42,66781.42,66781.42,0.00218,2026-03-29 12:25:00
1774787400000,66781.42,66781.42,66781.42,66781.42,0.0,2026-03-29 12:30:00
1774787700000,66748.88,66748.88,66748.88,66748.88,0.00015,2026-03-29 12:35:00
1774788000000,66782.36,66800.47,66782.36,66800.47,0.00844,2026-03-29 12:40:00
1774788300000,66767.5,66800.9,66767.5,66800.9,0.00022,2026-03-29 12:45:00
1774788600000,66874.22,66874.22,66874.22,66874.22,0.00159,2026-03-29 12:50:00
1774788900000,66874.22,66874.22,66874.22,66874.22,0.0,2026-03-29 12:55:00
1774789200000,66863.52,66863.52,66823.36,66829.13,0.00386,2026-03-29 13:00:00
1774789500000,66808.29,66817.44,66534.91,66534.91,0.2754,2026-03-29 13:05:00
1774789800000,66569.99,66626.67,66556.65,66626.67,0.00159,2026-03-29 13:10:00
1774790100000,66626.67,66626.67,66626.67,66626.67,0.0,2026-03-29 13:15:00
1774790400000,66610.63,66610.63,66610.63,66610.63,0.00093,2026-03-29 13:20:00
1774790700000,66610.63,66610.63,66610.63,66610.63,0.0,2026-03-29 13:25:00
1774791000000,66689.37,66689.37,66689.37,66689.37,0.00015,2026-03-29 13:30:00
1774791300000,66658.21,66658.21,66658.21,66658.21,7e-05,2026-03-29 13:35:00
1774791600000,66671.13,66682.09,66671.13,66682.09,0.00153,2026-03-29 13:40:00
1774791900000,66660.02,66660.02,66660.02,66660.02,0.0006,2026-03-29 13:45:00
1774792200000,66660.02,66660.02,66660.02,66660.02,0.0,2026-03-29 13:50:00
1774792500000,66607.95,66607.95,66607.95,66607.95,0.01949,2026-03-29 13:55:00
1774792800000,66589.97,66589.97,66498.64,66519.5,0.27055,2026-03-29 14:00:00
1774793100000,66506.93,66530.89,66497.98,66530.89,0.01242,2026-03-29 14:05:00
1774793400000,66688.09,66750.0,66684.53,66684.53,0.00358,2026-03-29 14:10:00
1774793700000,66684.53,66684.53,66684.53,66684.53,0.0,2026-03-29 14:15:00
1774794000000,66684.53,66684.53,66684.53,66684.53,0.0,2026-03-29 14:20:00
1774794300000,66581.16,66581.16,66581.16,66581.16,0.00061,2026-03-29 14:25:00
1774794600000,66551.01,66571.07,66551.01,66571.07,0.00161,2026-03-29 14:30:00
1774794900000,66571.07,66571.07,66571.07,66571.07,0.0,2026-03-29 14:35:00
1774795200000,66571.57,66571.57,66541.88,66541.88,0.10147,2026-03-29 14:40:00
1774795500000,66541.88,66541.88,66541.88,66541.88,0.0,2026-03-29 14:45:00
1774795800000,66561.89,66561.89,66540.56,66540.56,0.01885,2026-03-29 14:50:00
1774796100000,66554.06,66554.06,66554.06,66554.06,0.00063,2026-03-29 14:55:00
1774796400000,66722.99,66722.99,66622.25,66622.25,0.00288,2026-03-29 15:00:00
1774796700000,66665.88,66699.75,66649.36,66669.27,0.08255,2026-03-29 15:05:00
1774797000000,66629.86,66642.19,66614.29,66614.29,0.00188,2026-03-29 15:10:00
1774797300000,66615.43,66621.45,66613.91,66613.91,0.00068,2026-03-29 15:15:00
1774797600000,66527.52,66527.52,66527.52,66527.52,0.0079,2026-03-29 15:20:00
1774797900000,66500.0,66500.0,66368.57,66390.05,0.00747,2026-03-29 15:25:00
1774798200000,66390.05,66390.05,66390.05,66390.05,0.0,2026-03-29 15:30:00
1774798500000,66362.25,66362.25,66362.25,66362.25,0.00378,2026-03-29 15:35:00
1774798800000,66445.53,66445.53,66445.53,66445.53,3e-05,2026-03-29 15:40:00
1774799100000,66459.5,66462.17,66459.5,66462.17,0.00049,2026-03-29 15:45:00
1774799400000,66438.33,66555.08,66438.33,66555.08,0.00365,2026-03-29 15:50:00
1774799700000,66555.08,66555.08,66555.08,66555.08,0.0,2026-03-29 15:55:00
1774800000000,66525.49,66557.65,66512.32,66512.32,0.00207,2026-03-29 16:00:00
1774800300000,66474.5,66491.63,66452.96,66491.63,0.20418,2026-03-29 16:05:00
1774800600000,66517.79,66536.12,66458.72,66458.72,0.00181,2026-03-29 16:10:00
1774800900000,66452.11,66606.58,66452.11,66606.58,0.0195,2026-03-29 16:15:00
1774801200000,66644.67,66644.67,66644.67,66644.67,0.00833,2026-03-29 16:20:00
1774801500000,66602.64,66635.62,66602.64,66635.62,0.00016,2026-03-29 16:25:00
1774801800000,66635.62,66635.62,66635.62,66635.62,0.0,2026-03-29 16:30:00
1774802100000,66575.28,66575.28,66555.83,66555.83,0.01507,2026-03-29 16:35:00
1774802400000,66555.83,66555.83,66555.83,66555.83,0.0,2026-03-29 16:40:00
1774802700000,66525.59,66525.59,66525.59,66525.59,0.00051,2026-03-29 16:45:00
1774803000000,66525.59,66525.59,66525.59,66525.59,0.0,2026-03-29 16:50:00
1774803300000,66496.74,66505.59,66496.74,66505.59,0.00022,2026-03-29 16:55:00
1774803600000,66507.76,66507.76,66484.35,66484.35,0.00103,2026-03-29 17:00:00
1774803900000,66515.87,66541.97,66506.9,66525.6,0.00976,2026-03-29 17:05:00
1774804200000,66527.76,66527.76,66514.9,66514.9,0.00068,2026-03-29 17:10:00
1774804500000,66408.0,66408.0,66408.0,66408.0,0.00189,2026-03-29 17:15:00
1774804800000,66341.52,66341.52,66196.15,66238.75,0.00376,2026-03-29 17:20:00
1774805100000,66238.75,66238.75,66238.75,66238.75,0.0,2026-03-29 17:25:00
1774805400000,66238.75,66238.75,66238.75,66238.75,0.0,2026-03-29 17:30:00
1774805700000,66238.75,66238.75,66238.75,66238.75,0.0,2026-03-29 17:35:00
1774806000000,66311.67,66435.38,66311.67,66435.38,0.00745,2026-03-29 17:40:00
1774806300000,66369.47,66369.47,66369.47,66369.47,0.00012,2026-03-29 17:45:00
1774806600000,66401.9,66401.9,66378.75,66378.75,0.00083,2026-03-29 17:50:00
1774806900000,66395.48,66404.26,66395.48,66396.23,0.08738,2026-03-29 17:55:00
1774807200000,66407.66,66407.67,66370.12,66370.12,0.04567,2026-03-29 18:00:00
1774807500000,66361.42,66363.92,66359.16,66359.16,0.00074,2026-03-29 18:05:00
1774807800000,66360.81,66414.15,66360.81,66408.67,0.00748,2026-03-29 18:10:00
1774808100000,66462.66,66462.66,66462.66,66462.66,0.00051,2026-03-29 18:15:00
1774808400000,66376.98,66376.98,66376.98,66376.98,0.00075,2026-03-29 18:20:00
1774808700000,66376.98,66376.98,66376.98,66376.98,0.0,2026-03-29 18:25:00
1774809000000,66408.71,66408.71,66408.71,66408.71,0.0003,2026-03-29 18:30:00
1774809300000,66408.71,66408.71,66408.71,66408.71,0.0,2026-03-29 18:35:00
1774809600000,66495.43,66495.43,66495.43,66495.43,7e-05,2026-03-29 18:40:00
1774809900000,66459.57,66459.57,66459.57,66459.57,0.00034,2026-03-29 18:45:00
1774810200000,66427.74,66429.66,66427.74,66429.66,0.01448,2026-03-29 18:50:00
1774810500000,66440.16,66440.16,66414.89,66437.03,0.00411,2026-03-29 18:55:00
1774810800000,66417.32,66442.96,66393.83,66426.16,0.00303,2026-03-29 19:00:00
1774811100000,66460.07,66461.94,66402.81,66426.76,0.00318,2026-03-29 19:05:00
1774811400000,66408.75,66450.5,66407.1,66450.5,0.00883,2026-03-29 19:10:00
1774811700000,66420.09,66463.62,66420.09,66463.62,0.00035,2026-03-29 19:15:00
1774812000000,66452.48,66473.86,66435.72,66435.72,0.09433,2026-03-29 19:20:00
1774812300000,66435.72,66435.72,66435.72,66435.72,0.0,2026-03-29 19:25:00
1774812600000,66435.72,66435.72,66435.72,66435.72,0.0,2026-03-29 19:30:00
1774812900000,66435.72,66435.72,66435.72,66435.72,0.0,2026-03-29 19:35:00
1774813200000,66363.61,66363.61,66363.61,66363.61,0.00976,2026-03-29 19:40:00
1774813500000,66417.35,66417.35,66401.82,66401.82,0.00161,2026-03-29 19:45:00
1774813800000,66359.0,66380.07,66356.71,66356.71,0.0054,2026-03-29 19:50:00
1774814100000,66359.15,66359.15,66323.6,66323.6,0.00503,2026-03-29 19:55:00
1774814400000,66387.16,66387.17,66387.16,66387.17,0.00301,2026-03-29 20:00:00
1774814700000,66432.93,66507.21,66422.0,66459.86,1.36067,2026-03-29 20:05:00
1774815000000,66482.15,66482.15,66459.11,66478.57,0.00276,2026-03-29 20:10:00
1774815300000,66450.79,66586.37,66450.79,66577.79,0.04084,2026-03-29 20:15:00
1774815600000,66593.67,66750.0,66593.67,66720.34,0.12991,2026-03-29 20:20:00
1774815900000,66697.26,66727.34,66697.26,66727.34,0.00351,2026-03-29 20:25:00
1774816200000,66703.98,66703.98,66700.13,66700.13,0.01436,2026-03-29 20:30:00
1774816500000,66669.25,66669.25,66669.25,66669.25,0.00082,2026-03-29 20:35:00
1774816800000,66669.25,66669.25,66669.25,66669.25,0.0,2026-03-29 20:40:00
1774817100000,66669.25,66669.25,66669.25,66669.25,0.0,2026-03-29 20:45:00
1774817400000,66562.2,66562.2,66562.2,66562.2,9e-05,2026-03-29 20:50:00
1774817700000,66608.76,66608.76,66608.76,66608.76,0.003,2026-03-29 20:55:00
1774818000000,66663.72,66663.72,66611.52,66611.52,0.03038,2026-03-29 21:00:00
1774818300000,66620.06,66622.73,66564.75,66569.35,0.00104,2026-03-29 21:05:00
1774818600000,66571.89,66571.89,66548.65,66568.07,0.00278,2026-03-29 21:10:00
1774818900000,66554.84,66566.0,66554.84,66566.0,0.00089,2026-03-29 21:15:00
1774819200000,66566.0,66566.0,66566.0,66566.0,0.0,2026-03-29 21:20:00
1774819500000,66625.22,66646.14,66625.22,66645.24,0.00272,2026-03-29 21:25:00
1774819800000,66653.86,66653.86,66653.86,66653.86,0.00158,2026-03-29 21:30:00
1774820100000,66677.54,66679.4,66677.54,66679.4,0.003,2026-03-29 21:35:00
1774820400000,66626.92,66626.92,66626.92,66626.92,0.00451,2026-03-29 21:40:00
1774820700000,66692.37,66692.37,66692.37,66692.37,3e-05,2026-03-29 21:45:00
1774821000000,66687.95,66687.95,66663.59,66672.38,0.02226,2026-03-29 21:50:00
1774821300000,66692.37,66726.42,66692.37,66726.42,0.00087,2026-03-29 21:55:00
1774821600000,66590.5,66590.5,66394.95,66404.83,0.00966,2026-03-29 22:00:00
1774821900000,66397.92,66413.18,66254.19,66413.18,0.02287,2026-03-29 22:05:00
1774822200000,66299.35,66299.35,66250.0,66282.6,0.01864,2026-03-29 22:10:00
1774822500000,66337.08,66355.8,66337.08,66345.37,0.00336,2026-03-29 22:15:00
1774822800000,66390.44,66410.89,66390.44,66410.89,0.00039,2026-03-29 22:20:00
1774823100000,66387.15,66387.15,66385.13,66385.13,0.0011,2026-03-29 22:25:00
1774823400000,66408.08,66408.08,66408.08,66408.08,8e-05,2026-03-29 22:30:00
1774823700000,66196.5,66262.71,66196.5,66262.71,0.04875,2026-03-29 22:35:00
1774824000000,66196.49,66196.49,65627.64,65627.64,0.94693,2026-03-29 22:40:00
1774824300000,65606.49,65606.5,65019.11,65019.11,0.78852,2026-03-29 22:45:00
1774824600000,65031.07,65427.75,65031.07,65427.75,0.25061,2026-03-29 22:50:00
1774824900000,65545.32,65963.83,65545.32,65905.36,0.11364,2026-03-29 22:55:00
1774825200000,65887.81,66329.27,65887.8,66052.39,0.08916,2026-03-29 23:00:00
1774825500000,66152.24,66152.24,66003.32,66003.32,0.01372,2026-03-29 23:05:00
1774825800000,66047.65,66144.34,66023.66,66110.36,0.01673,2026-03-29 23:10:00
1774826100000,66110.34,66208.26,66086.89,66208.26,0.01459,2026-03-29 23:15:00
1774826400000,66314.4,66360.72,66111.52,66111.52,0.00258,2026-03-29 23:20:00
1774826700000,66111.52,66111.52,66111.52,66111.52,0.0,2026-03-29 23:25:00
1774827000000,66111.52,66111.52,66111.52,66111.52,0.0,2026-03-29 23:30:00
1774827300000,65936.13,65944.61,65889.08,65944.61,0.00291,2026-03-29 23:35:00
1774827600000,66012.45,66012.45,65955.99,66008.54,0.04141,2026-03-29 23:40:00
1774827900000,66091.19,66091.19,66091.19,66091.19,0.0003,2026-03-29 23:45:00
1774828200000,66000.0,66047.43,65816.45,66047.43,0.01292,2026-03-29 23:50:00
1774828500000,66070.33,66070.33,66070.33,66070.33,9e-05,2026-03-29 23:55:00
1774828800000,66059.67,66072.79,65952.29,65952.29,0.00207,2026-03-30 00:00:00
1774829100000,65813.42,65950.92,65813.42,65856.05,0.12346,2026-03-30 00:05:00
1774829400000,65915.64,65915.64,65865.43,65865.43,0.00169,2026-03-30 00:10:00
1774829700000,66006.71,66901.98,66006.71,66901.98,0.49645,2026-03-30 00:15:00
1774830000000,66919.96,67070.19,66627.2,66627.2,0.0172,2026-03-30 00:20:00
1774830300000,66593.67,66789.12,66581.16,66743.24,0.03648,2026-03-30 00:25:00
1774830600000,66670.75,66670.75,66500.0,66500.0,0.00055,2026-03-30 00:30:00
1774830900000,66430.94,66474.4,66291.0,66291.0,0.02596,2026-03-30 00:35:00
1774831200000,66364.69,66364.69,66233.53,66325.2,0.00111,2026-03-30 00:40:00
1774831500000,66344.83,66360.59,66329.98,66360.59,0.00017,2026-03-30 00:45:00
1774831800000,66393.09,66393.09,66166.88,66192.52,0.0022,2026-03-30 00:50:00
1774832100000,66187.1,66415.39,66182.38,66337.36,0.00102,2026-03-30 00:55:00
1774832400000,66336.96,66585.67,66330.81,66460.8,0.0128,2026-03-30 01:00:00
1774832700000,66479.52,66574.09,66401.98,66401.98,0.00225,2026-03-30 01:05:00
1774833000000,66391.27,66459.45,66381.38,66410.46,0.00731,2026-03-30 01:10:00
1774833300000,66430.89,66538.56,66430.89,66538.56,0.01115,2026-03-30 01:15:00
1774833600000,66499.5,66618.25,66480.2,66618.25,0.15129,2026-03-30 01:20:00
1774833900000,66546.42,66561.15,66539.6,66561.15,0.00077,2026-03-30 01:25:00
1774834200000,66584.0,66676.81,66551.91,66611.09,0.03902,2026-03-30 01:30:00
1774834500000,66655.31,66655.31,66631.9,66631.9,0.04834,2026-03-30 01:35:00
1774834800000,66630.27,66630.27,66544.21,66544.21,0.08279,2026-03-30 01:40:00
1774835100000,66685.4,66877.47,66685.4,66800.27,0.09269,2026-03-30 01:45:00
1774835400000,66638.32,66659.6,66629.33,66629.34,0.07033,2026-03-30 01:50:00
1774835700000,66629.34,66629.34,66629.34,66629.34,5e-05,2026-03-30 01:55:00
1774836000000,66751.11,66751.11,66682.71,66682.71,0.00175,2026-03-30 02:00:00
1774836300000,66624.5,66801.2,66624.5,66801.2,0.00096,2026-03-30 02:05:00
1774836600000,66789.61,66801.2,66738.12,66801.2,0.00048,2026-03-30 02:10:00
1774836900000,66871.22,66897.82,66827.08,66897.82,0.10007,2026-03-30 02:15:00
1774837200000,66702.43,66730.17,66702.43,66730.17,0.04037,2026-03-30 02:20:00
1774837500000,66730.8,66730.8,66730.8,66730.8,0.00011,2026-03-30 02:25:00
1774837800000,66730.8,66730.8,66730.8,66730.8,0.0,2026-03-30 02:30:00
1774838100000,66681.86,66681.86,66640.16,66640.16,0.00034,2026-03-30 02:35:00
1774838400000,66679.8,67000.0,66677.39,67000.0,0.17642,2026-03-30 02:40:00
1774838700000,67070.2,67491.64,67070.19,67264.91,0.36337,2026-03-30 02:45:00
1774839000000,67114.37,67209.95,67114.37,67140.58,0.0007,2026-03-30 02:50:00
1774839300000,67159.99,67159.99,67159.99,67159.99,0.01,2026-03-30 02:55:00
1774839600000,67137.77,67137.77,67000.0,67000.0,0.00582,2026-03-30 03:00:00
1774839900000,67043.27,67043.27,67015.86,67036.79,0.00258,2026-03-30 03:05:00
1774840200000,67031.39,67033.0,67016.75,67033.0,1.33378,2026-03-30 03:10:00
1774840500000,67033.0,67033.0,67033.0,67033.0,0.0,2026-03-30 03:15:00
1774840800000,67110.58,67250.0,67100.08,67250.0,0.0007,2026-03-30 03:20:00
1774841100000,67248.6,67248.6,67248.6,67248.6,0.00029,2026-03-30 03:25:00
1774841400000,67248.6,67248.6,67248.6,67248.6,0.0,2026-03-30 03:30:00
1774841700000,67163.02,67163.02,67163.02,67163.02,0.00172,2026-03-30 03:35:00
1774842000000,67163.02,67163.02,67163.02,67163.02,0.0,2026-03-30 03:40:00
1774842300000,67190.94,67199.49,67190.94,67199.49,0.01106,2026-03-30 03:45:00
1774842600000,67226.18,67226.18,67226.17,67226.17,0.06397,2026-03-30 03:50:00
1774842900000,67149.09,67163.48,67134.43,67163.48,0.00124,2026-03-30 03:55:00
1774843200000,67175.9,67264.09,67175.9,67264.09,0.00544,2026-03-30 04:00:00
1774843500000,67343.01,67412.68,67329.89,67358.17,0.00436,2026-03-30 04:05:00
1774843800000,67397.73,67463.9,67379.84,67379.84,0.0416,2026-03-30 04:10:00
1774844100000,67430.89,67488.72,67430.89,67470.21,0.0025,2026-03-30 04:15:00
1774844400000,67422.85,67422.85,67422.85,67422.85,0.00085,2026-03-30 04:20:00
1774844700000,67521.14,67607.8,67521.14,67607.8,0.05134,2026-03-30 04:25:00
1774845000000,67480.55,67480.55,67480.55,67480.55,0.04,2026-03-30 04:30:00
1774845300000,67421.98,67421.98,67420.45,67420.45,0.00581,2026-03-30 04:35:00
1774845600000,67426.48,67426.48,67426.48,67426.48,0.00017,2026-03-30 04:40:00
1774845900000,67426.48,67426.48,67426.48,67426.48,0.0,2026-03-30 04:45:00
1774846200000,67551.91,67600.46,67551.91,67600.46,0.00041,2026-03-30 04:50:00
1774846500000,67612.92,67612.92,67612.92,67612.92,0.00887,2026-03-30 04:55:00
1774846800000,67640.86,67702.58,67593.67,67593.67,0.01132,2026-03-30 05:00:00
1774847100000,67713.55,67720.68,67713.55,67720.68,0.00482,2026-03-30 05:05:00
1774847400000,67782.42,67812.24,67640.69,67640.69,0.05418,2026-03-30 05:10:00
1774847700000,67692.13,67753.57,67606.16,67638.88,0.04794,2026-03-30 05:15:00
1774848000000,67638.88,67638.88,67638.88,67638.88,0.0,2026-03-30 05:20:00
1774848300000,67667.27,67690.14,67667.13,67690.14,0.00386,2026-03-30 05:25:00
1774848600000,67697.87,67697.87,67665.82,67665.82,0.00034,2026-03-30 05:30:00
1774848900000,67590.42,67590.42,67562.13,67562.13,0.093,2026-03-30 05:35:00
1774849200000,67471.28,67503.88,67471.28,67503.88,0.03714,2026-03-30 05:40:00
1774849500000,67446.98,67446.98,67446.98,67446.98,0.00925,2026-03-30 05:45:00
1774849800000,67446.98,67446.98,67446.98,67446.98,0.0,2026-03-30 05:50:00
1774850100000,67513.0,67513.0,67513.0,67513.0,0.00189,2026-03-30 05:55:00
1774850400000,67519.08,67519.08,67519.08,67519.08,0.00026,2026-03-30 06:00:00
1774850700000,67519.08,67519.08,67519.08,67519.08,0.0,2026-03-30 06:05:00
1774851000000,67440.5,67474.46,67440.5,67455.17,0.00081,2026-03-30 06:10:00
1774851300000,67408.82,67408.82,67394.88,67395.19,0.05076,2026-03-30 06:15:00
1774851600000,67395.19,67395.19,67395.19,67395.19,0.0,2026-03-30 06:20:00
1774851900000,67302.48,67302.48,67302.48,67302.48,0.0003,2026-03-30 06:25:00
1774852200000,67322.84,67322.85,67300.04,67300.04,0.05117,2026-03-30 06:30:00
1774852500000,67279.2,67347.89,67279.2,67347.89,0.00598,2026-03-30 06:35:00
1774852800000,67347.89,67347.89,67347.89,67347.89,0.0,2026-03-30 06:40:00
1774853100000,67357.06,67457.08,67346.97,67346.97,0.08265,2026-03-30 06:45:00
1774853400000,67412.95,67412.95,67412.95,67412.95,0.00029,2026-03-30 06:50:00
1774853700000,67349.89,67349.89,67319.15,67319.15,0.00098,2026-03-30 06:55:00
1774854000000,67264.8,67291.7,67262.58,67262.58,0.0027,2026-03-30 07:00:00
1774854300000,67299.12,67426.74,67299.12,67395.93,0.00477,2026-03-30 07:05:00
1774854600000,67403.65,67471.21,67403.65,67448.67,0.00025,2026-03-30 07:10:00
1774854900000,67395.77,67424.1,67395.77,67424.1,0.00028,2026-03-30 07:15:00
1774855200000,67396.12,67396.12,67325.85,67325.85,0.00045,2026-03-30 07:20:00
1774855500000,67349.52,67349.6,67349.52,67349.6,0.00028,2026-03-30 07:25:00
1774855800000,67401.61,67401.61,67341.66,67341.66,0.00099,2026-03-30 07:30:00
1774856100000,67400.0,67400.0,67349.3,67349.3,0.00246,2026-03-30 07:35:00
1774856400000,67349.3,67349.3,67349.3,67349.3,0.0,2026-03-30 07:40:00
1774856700000,67424.99,67438.51,67386.13,67438.51,0.01912,2026-03-30 07:45:00
1774857000000,67500.0,67568.21,67458.68,67478.33,0.0178,2026-03-30 07:50:00
1774857300000,67591.37,67591.37,67591.37,67591.37,0.04,2026-03-30 07:55:00
1774857600000,67650.39,67783.11,67650.39,67783.11,0.0412,2026-03-30 08:00:00
1774857900000,67799.56,67891.23,67746.49,67746.49,0.02121,2026-03-30 08:05:00
1774858200000,67852.0,67852.0,67852.0,67852.0,0.00018,2026-03-30 08:10:00
1774858500000,67900.0,67902.86,67768.41,67851.9,0.228,2026-03-30 08:15:00
1774858800000,67798.67,67799.34,67783.59,67783.59,0.00042,2026-03-30 08:20:00
1774859100000,67783.59,67783.59,67783.59,67783.59,0.0,2026-03-30 08:25:00
1774859400000,67786.39,67802.93,67749.38,67749.38,0.00065,2026-03-30 08:30:00
1774859700000,67869.99,67925.42,67869.99,67911.36,0.01067,2026-03-30 08:35:00
1774860000000,67911.36,67911.36,67911.36,67911.36,0.0,2026-03-30 08:40:00
1774860300000,67911.36,67911.36,67911.36,67911.36,0.0,2026-03-30 08:45:00
1774860600000,67911.36,67911.36,67911.36,67911.36,0.0,2026-03-30 08:50:00
1774860900000,67676.1,67676.1,67658.56,67658.56,0.04433,2026-03-30 08:55:00
1774861200000,67639.11,67639.11,67639.11,67639.11,0.048,2026-03-30 09:00:00
1774861500000,67641.19,67641.19,67627.91,67627.91,0.03714,2026-03-30 09:05:00
1774861800000,67627.91,67627.91,67627.91,67627.91,0.0,2026-03-30 09:10:00
1774862100000,67581.56,67581.56,67549.01,67549.01,0.0488,2026-03-30 09:15:00
1774862400000,67549.01,67549.01,67549.01,67549.01,0.0,2026-03-30 09:20:00
1774862700000,67560.97,67560.97,67560.97,67560.97,0.00076,2026-03-30 09:25:00
1774863000000,67522.82,67522.82,67522.82,67522.82,3e-05,2026-03-30 09:30:00
1774863300000,67522.82,67522.82,67522.82,67522.82,0.0,2026-03-30 09:35:00
1774863600000,67522.82,67522.82,67522.82,67522.82,0.0,2026-03-30 09:40:00
1774863900000,67522.82,67522.82,67522.82,67522.82,0.0,2026-03-30 09:45:00
1774864200000,67545.24,67554.75,67545.24,67554.75,0.00158,2026-03-30 09:50:00
1774864500000,67524.25,67524.25,67500.27,67500.27,0.00044,2026-03-30 09:55:00
1774864800000,67470.48,67470.48,67470.48,67470.48,0.00011,2026-03-30 10:00:00
1774865100000,67470.48,67470.48,67470.48,67470.48,0.0,2026-03-30 10:05:00
1774865400000,67464.99,67464.99,67456.99,67456.99,0.07433,2026-03-30 10:10:00
1774865700000,67456.99,67456.99,67456.99,67456.99,0.0,2026-03-30 10:15:00
1774866000000,67456.99,67456.99,67456.99,67456.99,0.0,2026-03-30 10:20:00
1774866300000,67422.52,67422.52,67422.52,67422.52,0.0008,2026-03-30 10:25:00
1774866600000,67422.52,67422.52,67422.52,67422.52,0.0,2026-03-30 10:30:00
1774866900000,67411.12,67411.12,67375.11,67379.78,0.00346,2026-03-30 10:35:00
1774867200000,67409.82,67409.82,67409.82,67409.82,0.00015,2026-03-30 10:40:00
1774867500000,67409.82,67409.82,67409.82,67409.82,0.0,2026-03-30 10:45:00
1774867800000,67409.82,67409.82,67409.82,67409.82,0.0,2026-03-30 10:50:00
1774868100000,67496.94,67496.94,67496.94,67496.94,0.00012,2026-03-30 10:55:00
1774868400000,67501.71,67546.26,67501.71,67546.26,0.00088,2026-03-30 11:00:00
1774868700000,67547.94,67571.08,67547.94,67571.08,0.00022,2026-03-30 11:05:00
1774869000000,67564.4,67598.38,67549.98,67598.38,0.00246,2026-03-30 11:10:00
1774869300000,67558.62,67589.29,67558.62,67581.14,0.00064,2026-03-30 11:15:00
1774869600000,67552.93,67552.93,67552.93,67552.93,0.00014,2026-03-30 11:20:00
1774869900000,67739.58,67954.55,67657.28,67743.25,0.59362,2026-03-30 11:25:00
1774870200000,67646.66,67646.66,67633.46,67633.46,0.00332,2026-03-30 11:30:00
1774870500000,67630.29,67648.67,67630.29,67648.67,0.0078,2026-03-30 11:35:00
1774870800000,67585.65,67585.65,67585.65,67585.65,0.00369,2026-03-30 11:40:00
1774871100000,67581.11,67581.11,67581.11,67581.11,0.00027,2026-03-30 11:45:00
1774871400000,67581.11,67581.11,67581.11,67581.11,0.0,2026-03-30 11:50:00
1774871700000,67581.11,67581.11,67581.11,67581.11,0.0,2026-03-30 11:55:00
1774872000000,67697.41,67784.59,67680.73,67784.59,0.00027,2026-03-30 12:00:00
1774872300000,67820.08,67822.06,67820.08,67822.06,0.04058,2026-03-30 12:05:00
1774872600000,67814.75,67856.9,67814.75,67856.9,0.10381,2026-03-30 12:10:00
1774872900000,67856.94,67856.94,67856.94,67856.94,0.0001,2026-03-30 12:15:00
1774873200000,67899.99,67956.81,67899.99,67956.81,0.00776,2026-03-30 12:20:00
1774873500000,67849.06,67849.06,67845.89,67845.89,0.0001,2026-03-30 12:25:00
1774873800000,67919.22,67919.23,67919.22,67919.23,0.01587,2026-03-30 12:30:00
1774874100000,67919.23,67919.23,67919.23,67919.23,0.0,2026-03-30 12:35:00
1774874400000,67893.61,67900.01,67870.82,67870.82,0.22695,2026-03-30 12:40:00
1774874700000,67870.82,67870.82,67870.82,67870.82,0.0,2026-03-30 12:45:00
1774875000000,67870.82,67870.82,67870.82,67870.82,0.0,2026-03-30 12:50:00
1774875300000,67870.82,67870.82,67870.82,67870.82,0.0,2026-03-30 12:55:00
1774875600000,67912.76,67912.76,67857.83,67857.83,0.12022,2026-03-30 13:00:00
1774875900000,67938.99,67938.99,67899.09,67899.09,0.00323,2026-03-30 13:05:00
1774876200000,67922.36,67922.36,67922.36,67922.36,3e-05,2026-03-30 13:10:00
1774876500000,67922.36,67963.71,67922.36,67938.73,0.00503,2026-03-30 13:15:00
1774876800000,67920.55,68133.88,67920.55,68063.93,0.02953,2026-03-30 13:20:00
1774877100000,67982.39,67982.39,67982.39,67982.39,0.00016,2026-03-30 13:25:00
1774877400000,67851.01,67872.98,67827.89,67872.98,0.00353,2026-03-30 13:30:00
1774877700000,67917.82,67993.9,67917.82,67993.9,0.04844,2026-03-30 13:35:00
1774878000000,67774.66,67774.66,67728.32,67728.32,0.00495,2026-03-30 13:40:00
1774878300000,67801.29,67801.29,67687.15,67687.15,0.00313,2026-03-30 13:45:00
1774878600000,67727.03,67727.03,67687.15,67687.15,1.3314,2026-03-30 13:50:00
1774878900000,67645.81,67645.81,67493.54,67493.54,0.03199,2026-03-30 13:55:00
1774879200000,67615.59,67630.34,67588.34,67615.47,0.00467,2026-03-30 14:00:00
1774879500000,67586.93,67586.93,67443.18,67563.17,0.00834,2026-03-30 14:05:00
1774879800000,67665.39,67730.65,67665.39,67688.8,0.00126,2026-03-30 14:10:00
1774880100000,67630.15,67641.8,67395.19,67395.19,0.03044,2026-03-30 14:15:00
1774880400000,67503.63,67503.63,67410.92,67494.85,0.04382,2026-03-30 14:20:00
1774880700000,67471.67,67471.67,67250.0,67338.38,0.02532,2026-03-30 14:25:00
1774881000000,67327.39,67375.56,67327.39,67369.58,0.00621,2026-03-30 14:30:00
1774881300000,67207.02,67252.48,67122.65,67247.92,1.03684,2026-03-30 14:35:00
1774881600000,67295.33,67295.33,67166.89,67166.89,0.00053,2026-03-30 14:40:00
1774881900000,67122.6,67219.15,67105.24,67217.64,0.05757,2026-03-30 14:45:00
1774882200000,67265.36,67522.82,67264.3,67522.82,0.06364,2026-03-30 14:50:00
1774882500000,67542.91,67852.22,67517.44,67782.26,0.06611,2026-03-30 14:55:00
1774882800000,67886.65,67886.65,67766.34,67781.3,0.03325,2026-03-30 15:00:00
1774883100000,67865.24,67865.24,67607.68,67624.83,0.03851,2026-03-30 15:05:00
1774883400000,67602.26,67665.28,67602.26,67665.28,0.00279,2026-03-30 15:10:00
1774883700000,67500.0,67500.0,67428.94,67466.27,0.05335,2026-03-30 15:15:00
1774884000000,67455.17,67497.94,67418.2,67451.75,0.13081,2026-03-30 15:20:00
1774884300000,67496.48,67539.0,67496.48,67523.39,0.00793,2026-03-30 15:25:00
1774884600000,67513.44,67750.0,67513.44,67750.0,0.04985,2026-03-30 15:30:00
1774884900000,67793.06,67848.67,67793.06,67845.1,0.18647,2026-03-30 15:35:00
1774885200000,67811.75,67840.47,67745.04,67745.04,0.04221,2026-03-30 15:40:00
1774885500000,67766.68,67773.19,67696.74,67703.9,0.13585,2026-03-30 15:45:00
1774885800000,67704.75,67794.24,67704.75,67740.53,0.06457,2026-03-30 15:50:00
1774886100000,67706.09,67718.19,67599.09,67619.05,0.06981,2026-03-30 15:55:00
1774886400000,67647.25,67647.25,67453.37,67485.43,0.09479,2026-03-30 16:00:00
1774886700000,67412.09,67477.19,67374.59,67428.51,0.03769,2026-03-30 16:05:00
1774887000000,67434.45,67470.25,67434.45,67457.5,0.00349,2026-03-30 16:10:00
1774887300000,67440.03,67453.11,67376.44,67392.28,0.02554,2026-03-30 16:15:00
1774887600000,67401.1,67401.1,67279.79,67295.56,0.03019,2026-03-30 16:20:00
1774887900000,67353.35,67391.89,67334.14,67347.61,0.03179,2026-03-30 16:25:00
1774888200000,67325.0,67418.58,67325.0,67413.87,0.01955,2026-03-30 16:30:00
1774888500000,67409.19,67479.18,67395.92,67465.79,0.03738,2026-03-30 16:35:00
1774888800000,67338.86,67386.3,67338.86,67386.3,0.00753,2026-03-30 16:40:00
1774889100000,67420.28,67420.28,67398.95,67398.95,0.00096,2026-03-30 16:45:00
1774889400000,67324.11,67324.11,67294.85,67294.85,0.01026,2026-03-30 16:50:00
1774889700000,67250.0,67332.56,67250.0,67332.56,0.01265,2026-03-30 16:55:00
1774890000000,67407.75,67460.87,67267.37,67274.47,0.16044,2026-03-30 17:00:00
1774890300000,67272.67,67333.92,67253.39,67315.38,0.00294,2026-03-30 17:05:00
1774890600000,67295.15,67295.15,67187.61,67187.62,0.00278,2026-03-30 17:10:00
1774890900000,67171.47,67171.47,67105.24,67123.19,0.04945,2026-03-30 17:15:00
1774891200000,67149.36,67149.36,66863.6,66863.6,0.01046,2026-03-30 17:20:00
1774891500000,66752.73,66752.73,66697.19,66697.19,0.00504,2026-03-30 17:25:00
1774891800000,66893.79,66896.37,66893.79,66896.37,0.00047,2026-03-30 17:30:00
1774892100000,66812.49,66934.34,66812.49,66934.34,0.03971,2026-03-30 17:35:00
1774892400000,66902.56,66953.04,66902.56,66953.04,0.00682,2026-03-30 17:40:00
1774892700000,66902.56,66957.12,66902.56,66904.86,0.05333,2026-03-30 17:45:00
1774893000000,66876.51,66876.51,66829.07,66829.07,0.00131,2026-03-30 17:50:00
1774893300000,66842.27,66842.27,66836.28,66836.28,0.00919,2026-03-30 17:55:00
1774893600000,66847.59,66847.59,66817.2,66817.2,0.00227,2026-03-30 18:00:00
1774893900000,66841.47,66841.47,66805.28,66822.02,0.00645,2026-03-30 18:05:00
1774894200000,66756.69,66802.78,66720.48,66782.39,0.01452,2026-03-30 18:10:00
1774894500000,66803.79,66803.79,66803.79,66803.79,0.00075,2026-03-30 18:15:00
1774894800000,66809.34,66809.34,66663.48,66663.48,0.0023,2026-03-30 18:20:00
1774895100000,66599.0,66599.0,66593.67,66593.67,0.00767,2026-03-30 18:25:00
1774895400000,66593.67,66593.67,66593.67,66593.67,0.0,2026-03-30 18:30:00
1774895700000,66593.67,66593.67,66593.67,66593.67,0.0,2026-03-30 18:35:00
1774896000000,66593.67,66593.67,66593.67,66593.67,0.0,2026-03-30 18:40:00
1774896300000,66740.0,66744.89,66695.28,66695.28,1.01113,2026-03-30 18:45:00
1774896600000,66581.68,66620.12,66581.67,66620.12,0.01233,2026-03-30 18:50:00
1774896900000,66620.12,66620.12,66551.45,66551.45,0.01092,2026-03-30 18:55:00
1774897200000,66647.62,66647.62,66561.73,66589.65,0.00995,2026-03-30 19:00:00
1774897500000,66551.45,66551.45,66375.97,66381.31,0.01149,2026-03-30 19:05:00
1774897800000,66417.57,66417.57,66312.48,66312.48,0.07091,2026-03-30 19:10:00
1774898100000,66444.67,66454.64,66370.81,66370.81,0.01681,2026-03-30 19:15:00
1774898400000,66423.22,66432.2,66278.48,66278.48,0.00786,2026-03-30 19:20:00
1774898700000,66276.98,66345.09,66276.98,66312.89,0.00342,2026-03-30 19:25:00
1774899000000,66311.43,66399.17,66298.43,66399.17,0.02964,2026-03-30 19:30:00
1774899300000,66363.75,66374.51,66363.75,66374.31,0.00053,2026-03-30 19:35:00
1774899600000,66328.14,66328.14,66294.59,66294.59,0.0179,2026-03-30 19:40:00
1774899900000,66348.86,66352.01,66322.25,66322.25,0.1283,2026-03-30 19:45:00
1774900200000,66509.81,66509.81,66509.81,66509.81,0.00015,2026-03-30 19:50:00
1774900500000,66539.69,66539.69,66480.87,66489.0,0.00358,2026-03-30 19:55:00
1774900800000,66551.97,66597.43,66547.75,66547.75,0.00333,2026-03-30 20:00:00
1774901100000,66645.58,66660.06,66627.63,66652.86,0.00157,2026-03-30 20:05:00
1774901400000,66661.2,66677.39,66661.2,66677.39,0.00175,2026-03-30 20:10:00
1774901700000,66591.34,66591.34,66591.34,66591.34,0.00018,2026-03-30 20:15:00
1774902000000,66591.34,66591.34,66591.34,66591.34,0.0,2026-03-30 20:20:00
1774902300000,66591.34,66591.34,66591.34,66591.34,0.0,2026-03-30 20:25:00
1774902600000,66680.65,66680.65,66565.28,66565.28,0.004,2026-03-30 20:30:00
1774902900000,66565.74,66634.39,66565.74,66634.39,0.00096,2026-03-30 20:35:00
1774903200000,66634.39,66634.39,66634.39,66634.39,0.0,2026-03-30 20:40:00
1774903500000,66655.19,66655.19,66655.19,66655.19,0.0002,2026-03-30 20:45:00
1774903800000,66617.74,66617.74,66617.74,66617.74,0.00019,2026-03-30 20:50:00
1774904100000,66643.11,66643.11,66643.11,66643.11,0.00054,2026-03-30 20:55:00
1774904400000,66662.97,66662.97,66607.88,66625.5,0.06637,2026-03-30 21:00:00
1774904700000,66617.36,66724.72,66608.58,66724.72,0.00126,2026-03-30 21:05:00
1774905000000,66724.72,66793.65,66724.71,66793.65,0.00582,2026-03-30 21:10:00
1774905300000,66798.79,66873.44,66798.79,66815.47,0.30329,2026-03-30 21:15:00
1774905600000,66888.33,66964.67,66883.17,66961.86,0.10926,2026-03-30 21:20:00
1774905900000,66895.04,66895.04,66862.65,66880.21,0.00038,2026-03-30 21:25:00
1774906200000,66868.09,66873.88,66858.21,66858.21,0.00093,2026-03-30 21:30:00
1774906500000,66888.69,66986.04,66888.69,66986.04,0.11345,2026-03-30 21:35:00
1774906800000,66867.09,66980.2,66867.09,66967.1,0.03468,2026-03-30 21:40:00
1774907100000,66889.19,66889.19,66866.81,66877.66,0.0043,2026-03-30 21:45:00
1774907400000,66877.66,66877.66,66877.66,66877.66,0.0,2026-03-30 21:50:00
1774907700000,66821.06,66848.64,66781.78,66781.78,0.00102,2026-03-30 21:55:00
1774908000000,66864.23,66954.47,66849.71,66954.47,0.00815,2026-03-30 22:00:00
1774908300000,66985.17,66985.17,66750.0,66750.0,0.00291,2026-03-30 22:05:00
1774908600000,66763.94,66773.43,66716.89,66773.43,0.00187,2026-03-30 22:10:00
1774908900000,66776.03,66862.25,66745.5,66862.25,0.08556,2026-03-30 22:15:00
1774909200000,66806.5,66850.72,66806.5,66850.72,0.01505,2026-03-30 22:20:00
1774909500000,66864.83,66864.83,66864.83,66864.83,0.00147,2026-03-30 22:25:00
1774909800000,66864.83,66864.83,66864.83,66864.83,0.0,2026-03-30 22:30:00
1774910100000,66864.83,66864.83,66864.83,66864.83,0.0,2026-03-30 22:35:00
1774910400000,66817.97,66817.97,66817.97,66817.97,0.00299,2026-03-30 22:40:00
1774910700000,66840.8,66840.8,66722.64,66725.29,0.00094,2026-03-30 22:45:00
1774911000000,66725.57,66735.73,66725.57,66735.73,0.00081,2026-03-30 22:50:00
1774911300000,66735.73,66735.73,66735.73,66735.73,0.0,2026-03-30 22:55:00
1774911600000,66791.53,66791.53,66467.84,66467.84,0.01159,2026-03-30 23:00:00
1774911900000,66437.25,66510.53,66430.94,66450.56,0.00291,2026-03-30 23:05:00
1774912200000,66479.29,66543.7,66460.68,66543.7,0.00295,2026-03-30 23:10:00
1774912500000,66533.14,66628.13,66533.14,66610.93,0.00124,2026-03-30 23:15:00
1774912800000,66614.12,66670.4,66614.12,66670.4,0.00598,2026-03-30 23:20:00
1774913100000,66712.65,66712.65,66712.65,66712.65,0.00017,2026-03-30 23:25:00
1774913400000,66712.65,66712.65,66712.65,66712.65,0.0,2026-03-30 23:30:00
1774913700000,66758.98,66758.98,66758.98,66758.98,7e-05,2026-03-30 23:35:00
1774914000000,66755.59,66758.98,66755.59,66758.98,0.00046,2026-03-30 23:40:00
1774914300000,66749.13,66770.14,66732.53,66742.97,0.00527,2026-03-30 23:45:00
1774914600000,66764.36,66764.36,66738.42,66738.42,0.00175,2026-03-30 23:50:00
1774914900000,66763.05,66794.15,66763.05,66794.15,0.00752,2026-03-30 23:55:00
1774915200000,66794.14,66806.78,66739.37,66780.67,0.01739,2026-03-31 00:00:00
1774915500000,66790.15,66790.15,66695.22,66708.92,0.03259,2026-03-31 00:05:00
1774915800000,66695.34,66695.34,66582.43,66582.43,0.00764,2026-03-31 00:10:00
1774916100000,66559.34,66559.34,66559.34,66559.34,0.00165,2026-03-31 00:15:00
1774916400000,66663.95,66749.59,66623.09,66676.68,0.06307,2026-03-31 00:20:00
1774916700000,66800.76,66872.1,66764.95,66872.1,0.0026,2026-03-31 00:25:00
1774917000000,66813.62,66842.21,66786.93,66786.93,0.01148,2026-03-31 00:30:00
1774917300000,66867.22,66925.0,66809.86,66911.4,0.10494,2026-03-31 00:35:00
1774917600000,66932.87,66953.87,66835.29,66953.87,0.00027,2026-03-31 00:40:00
1774917900000,66993.23,67299.81,66993.23,67299.81,0.11824,2026-03-31 00:45:00
1774918200000,67213.68,67213.68,67062.28,67123.97,0.00035,2026-03-31 00:50:00
1774918500000,67135.28,67171.89,67135.28,67171.89,0.00076,2026-03-31 00:55:00
1774918800000,67257.25,67295.33,67186.83,67186.83,0.00155,2026-03-31 01:00:00
1774919100000,67141.9,67141.9,67077.66,67116.46,0.00209,2026-03-31 01:05:00
1774919400000,67241.74,67254.95,67199.48,67254.95,0.00126,2026-03-31 01:10:00
1774919700000,67306.88,67408.22,67306.88,67408.22,0.51514,2026-03-31 01:15:00
1774920000000,67432.05,67799.56,67432.05,67799.56,0.63486,2026-03-31 01:20:00
1774920300000,67773.78,67852.22,67679.64,67791.43,0.01992,2026-03-31 01:25:00
1774920600000,67813.64,68400.0,67759.91,68366.67,0.65653,2026-03-31 01:30:00
1774920900000,68278.1,68278.1,68136.92,68209.78,0.13528,2026-03-31 01:35:00
1774921200000,68114.87,68114.87,67915.24,67915.24,0.00046,2026-03-31 01:40:00
1774921500000,67988.28,67988.28,67807.84,67807.84,0.0062,2026-03-31 01:45:00
1774921800000,67896.98,67954.17,67896.98,67935.96,0.07568,2026-03-31 01:50:00
1774922100000,67960.31,68016.63,67960.31,68016.63,0.00139,2026-03-31 01:55:00
1774922400000,67909.19,67909.19,67799.56,67799.56,0.00241,2026-03-31 02:00:00
1774922700000,67900.48,67907.09,67900.48,67907.09,0.00102,2026-03-31 02:05:00
1774923000000,67888.85,67921.59,67888.85,67921.59,0.00246,2026-03-31 02:10:00
1774923300000,67935.36,68081.42,67935.36,68052.4,0.00045,2026-03-31 02:15:00
1774923600000,68018.21,68040.31,68009.92,68020.33,0.01368,2026-03-31 02:20:00
1774923900000,68020.33,68020.33,68020.33,68020.33,0.0,2026-03-31 02:25:00
1774924200000,67989.02,67989.02,67921.98,67921.98,0.00241,2026-03-31 02:30:00
1774924500000,67933.58,67987.39,67933.58,67987.39,0.0008,2026-03-31 02:35:00
1774924800000,67910.11,67934.71,67910.11,67934.71,0.00142,2026-03-31 02:40:00
1774925100000,67991.89,67991.89,67920.72,67920.72,0.01788,2026-03-31 02:45:00
1774925400000,67934.8,68047.64,67934.8,68047.64,0.01148,2026-03-31 02:50:00
1774925700000,68012.76,68012.76,68012.76,68012.76,0.00037,2026-03-31 02:55:00
1774926000000,67927.78,67927.78,67857.28,67857.28,0.00018,2026-03-31 03:00:00
1774926300000,68020.69,68020.69,67970.66,67970.66,0.0054,2026-03-31 03:05:00
1774926600000,67938.7,67983.59,67938.7,67954.42,0.01033,2026-03-31 03:10:00
1774926900000,67957.61,67957.61,67882.21,67882.21,0.00883,2026-03-31 03:15:00
1774927200000,67882.21,67882.21,67882.21,67882.21,0.0,2026-03-31 03:20:00
1774927500000,67872.4,67872.4,67872.4,67872.4,0.00023,2026-03-31 03:25:00
1774927800000,67787.04,67836.23,67787.04,67810.78,0.09409,2026-03-31 03:30:00
1774928100000,67810.98,67812.14,67668.11,67668.11,0.01341,2026-03-31 03:35:00
1774928400000,67668.11,67668.11,67668.11,67668.11,0.0,2026-03-31 03:40:00
1774928700000,67741.96,67741.96,67741.96,67741.96,0.00038,2026-03-31 03:45:00
1774929000000,67726.78,67748.44,67726.78,67729.03,0.00836,2026-03-31 03:50:00
1774929300000,67697.89,67732.58,67697.89,67732.58,0.0149,2026-03-31 03:55:00
1774929600000,67757.01,67766.0,67642.86,67665.33,0.05024,2026-03-31 04:00:00
1774929900000,67705.64,67753.13,67676.0,67676.0,0.24756,2026-03-31 04:05:00
1774930200000,67625.48,67635.98,67599.08,67635.98,0.01422,2026-03-31 04:10:00
1774930500000,67688.57,67728.66,67688.57,67728.66,0.01209,2026-03-31 04:15:00
1774930800000,67751.23,67928.57,67751.23,67881.14,0.01761,2026-03-31 04:20:00
1774931100000,67746.99,67746.99,67522.82,67609.09,0.12287,2026-03-31 04:25:00
1774931400000,67620.52,67620.52,67620.52,67620.52,6e-05,2026-03-31 04:30:00
1774931700000,67620.52,67620.52,67620.52,67620.52,0.0,2026-03-31 04:35:00
1774932000000,67559.41,67559.41,67559.41,67559.41,0.00766,2026-03-31 04:40:00
1774932300000,67658.61,67668.98,67658.61,67668.98,0.00072,2026-03-31 04:45:00
1774932600000,67650.14,67650.14,67627.98,67627.98,0.00435,2026-03-31 04:50:00
1774932900000,67561.6,67561.6,67535.07,67535.07,0.06949,2026-03-31 04:55:00
1774933200000,67514.65,67596.65,67449.5,67596.65,0.1707,2026-03-31 05:00:00
1774933500000,67570.0,67570.0,67562.59,67562.59,0.00025,2026-03-31 05:05:00
1774933800000,67507.66,67507.66,67422.85,67441.97,0.00723,2026-03-31 05:10:00
1774934100000,67409.07,67459.63,67409.07,67459.63,0.00146,2026-03-31 05:15:00
1774934400000,67516.77,67565.12,67516.77,67565.12,0.01251,2026-03-31 05:20:00
1774934700000,67606.2,67668.99,67606.2,67668.99,0.00169,2026-03-31 05:25:00
1774935000000,67636.7,67658.0,67622.42,67658.0,0.02424,2026-03-31 05:30:00
1774935300000,67687.54,67687.54,67672.15,67672.15,0.05563,2026-03-31 05:35:00
1774935600000,67672.15,67672.15,67672.15,67672.15,0.0,2026-03-31 05:40:00
1774935900000,67741.39,67742.27,67741.39,67742.27,0.00064,2026-03-31 05:45:00
1774936200000,67718.95,67745.7,67711.37,67711.43,0.01128,2026-03-31 05:50:00
1774936500000,67745.77,67745.77,67676.08,67676.08,0.01565,2026-03-31 05:55:00
1774936800000,67679.43,67679.43,67610.61,67610.61,0.00133,2026-03-31 06:00:00
1774937100000,67625.1,67625.1,67579.96,67579.96,0.00049,2026-03-31 06:05:00
1774937400000,67524.84,67524.84,67501.8,67501.8,0.00069,2026-03-31 06:10:00
1774937700000,67517.61,67517.61,67415.85,67415.85,0.00091,2026-03-31 06:15:00
1774938000000,67415.85,67415.85,67415.85,67415.85,0.0,2026-03-31 06:20:00
1774938300000,67435.73,67435.73,67344.94,67344.94,0.02267,2026-03-31 06:25:00
1774938600000,67434.62,67436.4,67395.36,67395.37,0.01201,2026-03-31 06:30:00
1774938900000,67395.37,67395.37,67395.37,67395.37,0.0,2026-03-31 06:35:00
1774939200000,67408.88,67408.88,67408.88,67408.88,0.00014,2026-03-31 06:40:00
1774939500000,67411.54,67476.76,67411.54,67476.76,0.01238,2026-03-31 06:45:00
1774939800000,67476.76,67476.76,67476.76,67476.76,0.0,2026-03-31 06:50:00
1774940100000,67512.69,67517.56,67480.69,67517.56,0.00447,2026-03-31 06:55:00
1774940400000,67499.36,67527.71,67495.44,67522.69,0.00078,2026-03-31 07:00:00
1774940700000,67432.31,67433.11,67401.16,67401.16,0.0128,2026-03-31 07:05:00
1774941000000,67407.4,67407.4,67291.6,67347.09,0.00407,2026-03-31 07:10:00
1774941300000,67244.81,67244.81,67118.75,67148.79,0.0312,2026-03-31 07:15:00
1774941600000,67216.78,67216.78,67101.17,67158.64,0.07879,2026-03-31 07:20:00
1774941900000,67290.63,67292.75,67290.63,67292.75,0.0007,2026-03-31 07:25:00
1774942200000,67320.19,67335.1,67320.19,67335.1,0.04786,2026-03-31 07:30:00
1774942500000,67345.85,67345.85,67344.53,67344.53,0.00889,2026-03-31 07:35:00
1774942800000,67306.51,67343.83,67306.51,67343.83,0.001,2026-03-31 07:40:00
1774943100000,67343.83,67343.83,67343.83,67343.83,0.0,2026-03-31 07:45:00
1774943400000,67341.89,67365.15,67341.89,67365.15,0.00074,2026-03-31 07:50:00
1774943700000,67356.83,67356.83,67346.38,67346.38,0.0009,2026-03-31 07:55:00
1774944000000,67346.38,67346.38,67346.38,67346.38,0.0,2026-03-31 08:00:00
1774944300000,67437.48,67437.48,67428.16,67428.52,0.00407,2026-03-31 08:05:00
1774944600000,67428.52,67428.52,67428.52,67428.52,0.0,2026-03-31 08:10:00
1774944900000,67358.99,67358.99,67358.99,67358.99,7e-05,2026-03-31 08:15:00
1774945200000,67358.99,67358.99,67358.99,67358.99,0.0,2026-03-31 08:20:00
1774945500000,67358.99,67358.99,67358.99,67358.99,0.0,2026-03-31 08:25:00
1774945800000,67197.98,67197.98,67136.13,67136.13,0.00039,2026-03-31 08:30:00
1774946100000,67159.28,67159.28,67071.43,67071.43,0.00033,2026-03-31 08:35:00
1774946400000,66993.23,67017.0,66853.58,66853.58,0.022,2026-03-31 08:40:00
1774946700000,66776.58,66776.58,66676.97,66676.97,0.0034,2026-03-31 08:45:00
1774947000000,66903.5,66903.5,66861.38,66894.69,0.01906,2026-03-31 08:50:00
1774947300000,66894.69,66894.69,66894.69,66894.69,0.0,2026-03-31 08:55:00
1774947600000,66700.1,66700.1,66685.99,66685.99,0.01078,2026-03-31 09:00:00
1774947900000,66761.36,66761.36,66744.78,66759.2,0.00049,2026-03-31 09:05:00
1774948200000,66666.0,66688.55,66593.67,66688.55,0.04088,2026-03-31 09:10:00
1774948500000,66672.2,66672.2,66566.03,66598.12,0.06103,2026-03-31 09:15:00
1774948800000,66566.14,66577.22,66483.64,66577.22,0.05222,2026-03-31 09:20:00
1774949100000,66568.64,66568.64,66329.28,66476.81,0.04893,2026-03-31 09:25:00
1774949400000,66426.38,66426.38,66426.38,66426.38,0.00225,2026-03-31 09:30:00
1774949700000,66472.42,66472.42,66472.42,66472.42,0.00159,2026-03-31 09:35:00
1774950000000,66457.32,66457.32,66457.32,66457.32,0.00158,2026-03-31 09:40:00
1774950300000,66462.82,66462.82,66391.05,66391.05,0.02167,2026-03-31 09:45:00
1774950600000,66331.86,66331.86,66262.9,66312.48,0.02204,2026-03-31 09:50:00
1774950900000,66277.4,66277.4,66000.0,66116.09,0.05956,2026-03-31 09:55:00
1774951200000,66183.38,66183.38,66183.38,66183.38,9e-05,2026-03-31 10:00:00
1774951500000,66271.2,66340.51,66250.0,66340.51,0.01125,2026-03-31 10:05:00
1774951800000,66345.86,66363.92,66345.86,66363.91,0.00034,2026-03-31 10:10:00
1774952100000,66385.91,66410.31,66385.91,66405.49,0.00083,2026-03-31 10:15:00
1774952400000,66350.0,66350.0,66350.0,66350.0,0.0016,2026-03-31 10:20:00
1774952700000,66430.27,66430.27,66430.27,66430.27,0.00016,2026-03-31 10:25:00
1774953000000,66370.48,66385.63,66350.17,66350.17,0.01052,2026-03-31 10:30:00
1774953300000,66300.68,66348.79,66250.0,66250.0,0.19965,2026-03-31 10:35:00
1774953600000,66298.35,66298.35,66249.89,66260.15,0.0246,2026-03-31 10:40:00
1774953900000,66283.76,66350.2,66280.67,66350.2,0.05068,2026-03-31 10:45:00
1774954200000,66350.2,66350.2,66350.2,66350.2,0.0,2026-03-31 10:50:00
1774954500000,66350.2,66350.2,66350.2,66350.2,0.00773,2026-03-31 10:55:00
1774954800000,66368.47,66368.47,66368.47,66368.47,0.00028,2026-03-31 11:00:00
1774955100000,66315.48,66315.48,66279.95,66279.95,0.00023,2026-03-31 11:05:00
1774955400000,66256.03,66534.07,66256.03,66516.61,0.13005,2026-03-31 11:10:00
1774955700000,66577.79,66847.18,66577.79,66828.3,1.38591,2026-03-31 11:15:00
1774956000000,66828.3,66828.3,66828.3,66828.3,0.0,2026-03-31 11:20:00
1774956300000,66647.18,66647.78,66647.18,66647.78,0.00212,2026-03-31 11:25:00
1774956600000,66684.84,66709.31,66672.73,66709.31,0.00514,2026-03-31 11:30:00
1774956900000,66765.78,66765.78,66765.78,66765.78,7e-05,2026-03-31 11:35:00
1774957200000,66799.39,66799.39,66768.81,66768.81,0.00865,2026-03-31 11:40:00
1774957500000,66650.29,66650.29,66650.29,66650.29,6e-05,2026-03-31 11:45:00
1774957800000,66663.57,66663.57,66663.57,66663.57,0.00015,2026-03-31 11:50:00
1774958100000,66616.6,66626.42,66616.6,66626.42,0.00258,2026-03-31 11:55:00
1774958400000,66741.92,66775.1,66741.92,66752.08,0.00467,2026-03-31 12:00:00
1774958700000,66763.67,66763.67,66763.67,66763.67,0.00022,2026-03-31 12:05:00
1774959000000,66749.12,66749.12,66588.97,66588.97,0.00322,2026-03-31 12:10:00
1774959300000,66589.81,66670.34,66559.26,66670.34,0.01136,2026-03-31 12:15:00
1774959600000,66633.09,66633.09,66633.09,66633.09,0.00022,2026-03-31 12:20:00
1774959900000,66748.76,66748.76,66748.76,66748.76,0.01631,2026-03-31 12:25:00
1774960200000,66815.76,66815.76,66756.64,66756.64,0.0097,2026-03-31 12:30:00
1774960500000,66901.36,66901.36,66901.36,66901.36,0.00588,2026-03-31 12:35:00
1774960800000,66901.36,66901.36,66901.36,66901.36,0.0,2026-03-31 12:40:00
1774961100000,66890.66,66893.62,66880.0,66880.0,0.02395,2026-03-31 12:45:00
1774961400000,66880.0,66880.0,66880.0,66880.0,0.0,2026-03-31 12:50:00
1774961700000,66719.14,66719.14,66719.14,66719.14,0.00256,2026-03-31 12:55:00
1774962000000,66697.88,66697.88,66697.88,66697.88,6e-05,2026-03-31 13:00:00
1774962300000,66748.16,66819.79,66699.44,66819.79,0.0036,2026-03-31 13:05:00
1774962600000,66842.91,66842.91,66812.71,66812.71,0.0004,2026-03-31 13:10:00
1774962900000,66867.79,66877.69,66867.79,66877.69,0.10336,2026-03-31 13:15:00
1774963200000,66877.69,66877.69,66877.69,66877.69,0.0,2026-03-31 13:20:00
1774963500000,66807.72,66807.72,66807.72,66807.72,0.00026,2026-03-31 13:25:00
1774963800000,66807.72,66807.72,66807.72,66807.72,0.0,2026-03-31 13:30:00
1774964100000,66970.68,67000.0,66867.46,66867.46,1.02287,2026-03-31 13:35:00
1774964400000,67051.23,67167.46,67051.23,67154.64,0.1592,2026-03-31 13:40:00
1774964700000,67013.7,67300.62,67013.7,67203.61,0.09563,2026-03-31 13:45:00
1774965000000,67229.08,67395.19,67229.08,67395.19,0.01685,2026-03-31 13:50:00
1774965300000,67384.53,67384.53,67224.43,67224.43,0.02994,2026-03-31 13:55:00
1774965600000,67293.67,67528.66,67293.67,67319.38,0.06432,2026-03-31 14:00:00
1774965900000,67256.81,67256.81,67144.89,67144.89,0.00904,2026-03-31 14:05:00
1774966200000,67216.62,67420.87,67216.62,67318.86,0.01435,2026-03-31 14:10:00
1774966500000,67470.08,67780.71,67434.88,67780.71,0.01228,2026-03-31 14:15:00
1774966800000,67654.59,67690.31,67654.59,67690.31,0.00041,2026-03-31 14:20:00
1774967100000,67659.09,67733.34,67659.09,67733.34,0.00094,2026-03-31 14:25:00
1774967400000,67741.25,67741.25,67621.89,67621.89,0.09381,2026-03-31 14:30:00
1774967700000,67500.0,67500.0,67334.11,67334.11,0.03792,2026-03-31 14:35:00
1774968000000,67250.0,67259.39,67122.6,67205.73,0.01677,2026-03-31 14:40:00
1774968300000,67203.49,67203.49,66993.23,66993.23,0.01898,2026-03-31 14:45:00
1774968600000,66901.36,66901.36,66514.94,66557.43,0.05983,2026-03-31 14:50:00
1774968900000,66455.84,66621.33,66454.39,66621.33,0.02146,2026-03-31 14:55:00
