timestamp,open,high,low,close,volume,date
1772377200000,1999.96,2005.74,1999.96,2005.07,13.0331,2026-03-01 15:00:00
1772377500000,2004.49,2005.79,2000.33,2004.53,9.5023,2026-03-01 15:05:00
1772377800000,2005.13,2007.17,2002.83,2007.17,10.9514,2026-03-01 15:10:00
1772378100000,2008.22,2013.12,2007.32,2009.56,16.674,2026-03-01 15:15:00
1772378400000,2010.09,2012.41,2006.81,2007.52,12.3358,2026-03-01 15:20:00
1772378700000,2007.44,2013.2,2007.44,2009.62,20.6535,2026-03-01 15:25:00
1772379000000,2010.43,2013.73,2010.43,2013.56,10.1761,2026-03-01 15:30:00
1772379300000,2014.09,2015.66,2012.46,2013.16,7.079,2026-03-01 15:35:00
1772379600000,2014.19,2014.99,2012.44,2012.44,7.2731,2026-03-01 15:40:00
1772379900000,2013.33,2013.33,2008.7,2010.22,11.7612,2026-03-01 15:45:00
1772380200000,2011.36,2013.0,2005.45,2005.58,12.0129,2026-03-01 15:50:00
1772380500000,2005.36,2007.11,1992.91,1992.91,18.6213,2026-03-01 15:55:00
1772380800000,1994.37,2002.79,1984.86,2001.92,22.683,2026-03-01 16:00:00
1772381100000,2002.98,2003.91,2000.83,2001.15,15.5344,2026-03-01 16:05:00
1772381400000,2002.23,2002.81,1999.35,1999.35,11.378,2026-03-01 16:10:00
1772381700000,2000.44,2002.55,1998.37,2002.54,16.1543,2026-03-01 16:15:00
1772382000000,2002.11,2002.11,1996.02,2000.09,11.2598,2026-03-01 16:20:00
1772382300000,2000.31,2007.68,2000.31,2007.37,11.857,2026-03-01 16:25:00
1772382600000,2004.9,2006.21,2004.13,2005.32,7.042,2026-03-01 16:30:00
1772382900000,2005.91,2005.91,2003.29,2003.29,4.6348,2026-03-01 16:35:00
1772383200000,2001.77,2002.25,2001.28,2001.28,0.2717,2026-03-01 16:40:00
1772383500000,2000.24,2000.24,1969.45,1974.62,50.6852,2026-03-01 16:45:00
1772383800000,1974.06,1977.42,1961.35,1970.3,45.7305,2026-03-01 16:50:00
1772384100000,1971.72,1976.15,1971.67,1973.7,25.0804,2026-03-01 16:55:00
1772384400000,1973.74,1975.36,1966.58,1970.15,18.8754,2026-03-01 17:00:00
1772384700000,1970.67,1974.74,1970.42,1973.66,11.9467,2026-03-01 17:05:00
1772385000000,1974.12,1974.12,1968.52,1971.22,11.7276,2026-03-01 17:10:00
1772385300000,1970.38,1970.38,1955.99,1959.33,22.1916,2026-03-01 17:15:00
1772385600000,1960.06,1966.49,1953.58,1966.49,15.5657,2026-03-01 17:20:00
1772385900000,1965.79,1966.74,1963.88,1964.34,18.1442,2026-03-01 17:25:00
1772386200000,1964.3,1967.46,1961.99,1967.46,7.9303,2026-03-01 17:30:00
1772386500000,1968.94,1970.89,1967.62,1969.16,7.211,2026-03-01 17:35:00
1772386800000,1968.97,1970.9,1967.76,1969.74,4.6045,2026-03-01 17:40:00
1772387100000,1968.68,1974.0,1965.64,1971.55,25.2407,2026-03-01 17:45:00
1772387400000,1971.6,1974.47,1971.09,1971.5,6.716,2026-03-01 17:50:00
1772387700000,1968.4,1969.28,1959.58,1959.73,20.2649,2026-03-01 17:55:00
1772388000000,1961.94,1990.11,1961.94,1984.02,45.409,2026-03-01 18:00:00
1772388300000,1984.57,1996.5,1982.02,1989.15,35.0379,2026-03-01 18:05:00
1772388600000,1987.7,1987.7,1982.69,1983.72,11.71,2026-03-01 18:10:00
1772388900000,1984.08,1991.8,1983.43,1983.43,11.0631,2026-03-01 18:15:00
1772389200000,1983.02,1984.85,1981.19,1982.16,16.3948,2026-03-01 18:20:00
1772389500000,1980.87,1981.02,1980.27,1981.02,10.4925,2026-03-01 18:25:00
1772389800000,1981.11,1982.94,1974.49,1982.66,29.2484,2026-03-01 18:30:00
1772390100000,1983.65,1983.65,1980.23,1981.58,3.2298,2026-03-01 18:35:00
1772390400000,1980.39,1981.88,1980.39,1981.88,3.374,2026-03-01 18:40:00
1772390700000,1982.19,1982.57,1980.49,1981.43,8.3003,2026-03-01 18:45:00
1772391000000,1981.3,1981.3,1977.69,1977.69,13.1048,2026-03-01 18:50:00
1772391300000,1976.19,1978.06,1974.84,1974.84,16.2703,2026-03-01 18:55:00
1772391600000,1975.62,1976.32,1973.08,1973.08,5.3122,2026-03-01 19:00:00
1772391900000,1972.88,1974.7,1968.4,1974.7,31.4395,2026-03-01 19:05:00
1772392200000,1972.47,1972.53,1963.91,1964.19,15.7452,2026-03-01 19:10:00
1772392500000,1964.19,1966.83,1960.68,1965.43,11.9265,2026-03-01 19:15:00
1772392800000,1964.38,1965.88,1961.56,1961.56,3.682,2026-03-01 19:20:00
1772393100000,1959.59,1960.18,1956.71,1959.97,6.3661,2026-03-01 19:25:00
1772393400000,1960.04,1967.7,1958.58,1961.48,41.2421,2026-03-01 19:30:00
1772393700000,1960.95,1962.16,1959.13,1960.58,14.0593,2026-03-01 19:35:00
1772394000000,1960.05,1960.52,1947.01,1950.4,12.723,2026-03-01 19:40:00
1772394300000,1950.83,1955.22,1950.47,1953.48,8.3924,2026-03-01 19:45:00
1772394600000,1952.41,1952.5,1950.03,1952.5,7.8964,2026-03-01 19:50:00
1772394900000,1953.21,1954.79,1952.5,1954.53,10.3883,2026-03-01 19:55:00
1772395200000,1953.57,1953.62,1949.33,1951.31,4.8522,2026-03-01 20:00:00
1772395500000,1953.28,1953.28,1942.13,1942.85,30.9727,2026-03-01 20:05:00
1772395800000,1942.26,1943.47,1930.07,1933.44,21.861,2026-03-01 20:10:00
1772396100000,1935.02,1936.43,1929.03,1933.6,32.1947,2026-03-01 20:15:00
1772396400000,1932.56,1936.24,1928.59,1931.17,15.9866,2026-03-01 20:20:00
1772396700000,1933.0,1933.49,1924.74,1925.2,21.0828,2026-03-01 20:25:00
1772397000000,1925.53,1926.92,1918.57,1921.03,16.1491,2026-03-01 20:30:00
1772397300000,1920.7,1921.93,1912.15,1912.15,39.6616,2026-03-01 20:35:00
1772397600000,1912.16,1914.68,1907.44,1912.08,59.7939,2026-03-01 20:40:00
1772397900000,1915.15,1917.0,1909.03,1910.45,42.6644,2026-03-01 20:45:00
1772398200000,1914.56,1917.25,1911.85,1912.81,24.1185,2026-03-01 20:50:00
1772398500000,1912.93,1916.91,1910.87,1915.89,47.2052,2026-03-01 20:55:00
1772398800000,1914.38,1918.02,1913.89,1914.48,12.667,2026-03-01 21:00:00
1772399100000,1913.05,1915.24,1913.05,1915.24,2.3022,2026-03-01 21:05:00
1772399400000,1915.62,1924.52,1915.62,1920.29,17.9046,2026-03-01 21:10:00
1772399700000,1923.36,1924.34,1920.85,1922.45,17.1806,2026-03-01 21:15:00
1772400000000,1923.95,1927.64,1923.5,1926.43,8.2775,2026-03-01 21:20:00
1772400300000,1926.61,1926.61,1920.98,1925.09,12.2865,2026-03-01 21:25:00
1772400600000,1925.56,1927.31,1925.56,1926.31,5.386,2026-03-01 21:30:00
1772400900000,1926.49,1927.99,1926.41,1927.99,1.606,2026-03-01 21:35:00
1772401200000,1928.55,1930.06,1922.41,1925.06,15.3082,2026-03-01 21:40:00
1772401500000,1926.18,1928.1,1924.64,1928.1,5.7313,2026-03-01 21:45:00
1772401800000,1928.81,1928.81,1928.26,1928.69,0.3146,2026-03-01 21:50:00
1772402100000,1929.63,1932.97,1928.57,1928.86,14.9857,2026-03-01 21:55:00
1772402400000,1929.89,1932.03,1927.11,1932.03,16.5559,2026-03-01 22:00:00
1772402700000,1930.87,1931.44,1928.4,1928.4,6.0667,2026-03-01 22:05:00
1772403000000,1930.51,1967.98,1930.41,1947.85,58.6608,2026-03-01 22:10:00
1772403300000,1946.42,1951.48,1943.47,1951.48,24.6978,2026-03-01 22:15:00
1772403600000,1947.2,1947.2,1944.9,1945.42,7.8647,2026-03-01 22:20:00
1772403900000,1944.19,1944.94,1932.5,1940.67,31.8119,2026-03-01 22:25:00
1772404200000,1937.66,1937.82,1920.21,1921.63,15.5934,2026-03-01 22:30:00
1772404500000,1923.27,1924.09,1916.94,1924.09,26.9727,2026-03-01 22:35:00
1772404800000,1924.86,1931.29,1924.86,1931.29,16.4706,2026-03-01 22:40:00
1772405100000,1923.64,1923.64,1921.63,1921.63,4.7389,2026-03-01 22:45:00
1772405400000,1927.78,1927.78,1927.78,1927.78,0.265,2026-03-01 22:50:00
1772405700000,1927.1,1927.3,1923.21,1923.41,7.4832,2026-03-01 22:55:00
1772406000000,1924.09,1935.69,1919.42,1935.41,49.2728,2026-03-01 23:00:00
1772406300000,1936.69,1943.45,1935.51,1943.27,29.8904,2026-03-01 23:05:00
1772406600000,1946.36,1946.36,1936.86,1937.93,16.686,2026-03-01 23:10:00
1772406900000,1937.34,1939.14,1935.33,1936.8,24.3594,2026-03-01 23:15:00
1772407200000,1936.3,1939.0,1935.1,1937.27,7.2003,2026-03-01 23:20:00
1772407500000,1936.55,1937.18,1932.89,1933.7,7.7669,2026-03-01 23:25:00
1772407800000,1931.78,1935.78,1931.78,1934.97,10.8106,2026-03-01 23:30:00
1772408100000,1935.15,1945.25,1935.06,1943.93,11.4162,2026-03-01 23:35:00
1772408400000,1943.76,1943.76,1938.28,1941.21,15.7587,2026-03-01 23:40:00
1772408700000,1939.24,1943.13,1938.57,1943.13,7.3983,2026-03-01 23:45:00
1772409000000,1942.52,1942.52,1936.82,1938.3,4.338,2026-03-01 23:50:00
1772409300000,1939.13,1939.35,1938.92,1939.12,2.6823,2026-03-01 23:55:00
1772409600000,1939.54,1941.13,1937.57,1941.13,4.5674,2026-03-02 00:00:00
1772409900000,1940.62,1947.06,1940.19,1946.47,14.187,2026-03-02 00:05:00
1772410200000,1947.71,1954.15,1945.54,1945.54,14.5924,2026-03-02 00:10:00
1772410500000,1943.36,1946.49,1940.25,1944.07,5.8345,2026-03-02 00:15:00
1772410800000,1945.61,1949.6,1943.05,1949.6,9.2248,2026-03-02 00:20:00
1772411100000,1947.99,1950.37,1943.21,1946.57,10.4307,2026-03-02 00:25:00
1772411400000,1946.77,1950.95,1946.48,1946.95,2.2569,2026-03-02 00:30:00
1772411700000,1947.29,1950.3,1946.44,1949.37,7.7506,2026-03-02 00:35:00
1772412000000,1948.69,1963.16,1948.1,1963.16,20.0593,2026-03-02 00:40:00
1772412300000,1964.38,1967.22,1957.63,1958.46,8.2875,2026-03-02 00:45:00
1772412600000,1959.01,1963.4,1958.99,1960.29,11.4204,2026-03-02 00:50:00
1772412900000,1960.97,1962.21,1960.36,1960.72,17.9239,2026-03-02 00:55:00
1772413200000,1961.86,1969.71,1960.36,1966.8,20.0263,2026-03-02 01:00:00
1772413500000,1965.9,1976.31,1962.23,1974.08,26.2498,2026-03-02 01:05:00
1772413800000,1976.18,1988.7,1976.18,1980.55,52.7136,2026-03-02 01:10:00
1772414100000,1981.68,1982.68,1976.7,1977.83,9.843,2026-03-02 01:15:00
1772414400000,1976.39,1976.77,1972.43,1974.43,7.6315,2026-03-02 01:20:00
1772414700000,1968.94,1970.37,1966.21,1966.21,6.4093,2026-03-02 01:25:00
1772415000000,1968.22,1971.17,1968.22,1969.57,9.3479,2026-03-02 01:30:00
1772415300000,1969.98,1970.92,1968.59,1969.92,4.105,2026-03-02 01:35:00
1772415600000,1969.98,1973.23,1968.31,1968.42,9.5562,2026-03-02 01:40:00
1772415900000,1968.42,1968.99,1960.68,1961.32,7.6892,2026-03-02 01:45:00
1772416200000,1962.41,1967.87,1962.0,1967.75,12.5277,2026-03-02 01:50:00
1772416500000,1965.77,1965.77,1963.58,1963.58,3.2313,2026-03-02 01:55:00
1772416800000,1964.43,1965.39,1962.12,1963.23,11.377,2026-03-02 02:00:00
1772417100000,1964.3,1965.36,1947.44,1950.45,31.0301,2026-03-02 02:05:00
1772417400000,1945.01,1945.63,1941.08,1945.24,28.429,2026-03-02 02:10:00
1772417700000,1946.18,1949.3,1942.88,1942.88,28.8673,2026-03-02 02:15:00
1772418000000,1943.46,1949.71,1942.68,1947.77,14.7852,2026-03-02 02:20:00
1772418300000,1948.51,1949.83,1948.27,1949.83,4.6274,2026-03-02 02:25:00
1772418600000,1948.48,1955.21,1948.48,1955.03,4.7485,2026-03-02 02:30:00
1772418900000,1955.86,1963.05,1955.82,1962.81,8.478,2026-03-02 02:35:00
1772419200000,1960.61,1960.61,1952.32,1955.81,6.8383,2026-03-02 02:40:00
1772419500000,1956.66,1960.11,1956.66,1957.93,11.9589,2026-03-02 02:45:00
1772419800000,1954.55,1954.71,1951.64,1952.58,2.6376,2026-03-02 02:50:00
1772420100000,1953.24,1955.92,1953.24,1955.92,4.6563,2026-03-02 02:55:00
1772420400000,1955.24,1955.24,1949.31,1949.31,24.6884,2026-03-02 03:00:00
1772420700000,1950.68,1956.25,1950.68,1956.03,22.8684,2026-03-02 03:05:00
1772421000000,1957.34,1968.94,1957.34,1966.83,24.4936,2026-03-02 03:10:00
1772421300000,1967.78,1972.98,1966.83,1972.66,46.0753,2026-03-02 03:15:00
1772421600000,1972.38,1976.48,1972.2,1976.19,20.7629,2026-03-02 03:20:00
1772421900000,1974.47,1974.47,1971.46,1972.42,9.1917,2026-03-02 03:25:00
1772422200000,1974.02,1976.93,1969.84,1973.72,21.6099,2026-03-02 03:30:00
1772422500000,1972.53,1979.02,1972.53,1974.66,14.6628,2026-03-02 03:35:00
1772422800000,1974.62,1975.74,1973.81,1975.26,2.765,2026-03-02 03:40:00
1772423100000,1975.11,1975.15,1973.56,1974.33,7.5378,2026-03-02 03:45:00
1772423400000,1976.22,1979.12,1975.05,1976.11,2.9759,2026-03-02 03:50:00
1772423700000,1974.17,1974.31,1971.21,1972.15,11.406,2026-03-02 03:55:00
1772424000000,1971.75,1974.46,1971.75,1971.98,9.0016,2026-03-02 04:00:00
1772424300000,1971.56,1972.89,1970.69,1971.41,11.7898,2026-03-02 04:05:00
1772424600000,1969.55,1971.94,1969.55,1971.94,1.0212,2026-03-02 04:10:00
1772424900000,1969.91,1973.66,1969.15,1969.15,9.8957,2026-03-02 04:15:00
1772425200000,1971.31,1972.32,1970.84,1971.26,2.5294,2026-03-02 04:20:00
1772425500000,1973.01,1977.89,1973.01,1977.11,18.9581,2026-03-02 04:25:00
1772425800000,1980.08,1980.08,1973.68,1975.25,12.5218,2026-03-02 04:30:00
1772426100000,1975.65,1975.65,1971.97,1975.44,1.0609,2026-03-02 04:35:00
1772426400000,1975.44,1975.44,1975.44,1975.44,0.0,2026-03-02 04:40:00
1772426700000,1973.34,1973.34,1971.86,1971.86,2.1633,2026-03-02 04:45:00
1772427000000,1970.7,1971.14,1970.7,1971.14,0.2705,2026-03-02 04:50:00
1772427300000,1971.41,1972.44,1971.19,1972.44,2.9411,2026-03-02 04:55:00
1772427600000,1973.28,1973.28,1968.19,1968.38,15.4542,2026-03-02 05:00:00
1772427900000,1967.31,1967.31,1962.84,1964.62,14.3895,2026-03-02 05:05:00
1772428200000,1967.46,1968.05,1967.46,1968.05,4.1686,2026-03-02 05:10:00
1772428500000,1970.01,1970.01,1970.01,1970.01,0.75,2026-03-02 05:15:00
1772428800000,1970.01,1970.01,1970.01,1970.01,0.0,2026-03-02 05:20:00
1772429100000,1970.01,1970.01,1970.01,1970.01,0.0,2026-03-02 05:25:00
1772429400000,1969.09,1969.7,1969.0,1969.7,2.2028,2026-03-02 05:30:00
1772429700000,1970.29,1973.14,1970.29,1972.52,3.7269,2026-03-02 05:35:00
1772430000000,1971.96,1982.7,1971.96,1981.08,13.8642,2026-03-02 05:40:00
1772430300000,1980.9,1980.9,1976.63,1976.68,5.4052,2026-03-02 05:45:00
1772430600000,1975.79,1976.64,1975.79,1976.51,1.1625,2026-03-02 05:50:00
1772430900000,1976.41,1976.41,1970.54,1970.54,4.3265,2026-03-02 05:55:00
1772431200000,1968.94,1968.94,1965.6,1966.54,3.2606,2026-03-02 06:00:00
1772431500000,1967.23,1967.51,1967.23,1967.51,1.1791,2026-03-02 06:05:00
1772431800000,1967.51,1967.51,1967.51,1967.51,0.0,2026-03-02 06:10:00
1772432100000,1969.92,1969.92,1951.61,1951.61,11.2667,2026-03-02 06:15:00
1772432400000,1952.39,1952.39,1942.13,1946.02,6.4254,2026-03-02 06:20:00
1772432700000,1945.61,1949.81,1945.61,1949.81,4.6166,2026-03-02 06:25:00
1772433000000,1949.9,1951.21,1948.53,1951.21,1.7138,2026-03-02 06:30:00
1772433300000,1948.9,1948.91,1945.84,1948.1,16.5934,2026-03-02 06:35:00
1772433600000,1947.44,1949.33,1947.03,1948.32,5.7298,2026-03-02 06:40:00
1772433900000,1947.97,1948.2,1942.33,1944.26,7.9489,2026-03-02 06:45:00
1772434200000,1945.05,1945.05,1938.05,1941.69,9.9665,2026-03-02 06:50:00
1772434500000,1945.58,1945.98,1943.99,1943.99,1.675,2026-03-02 06:55:00
1772434800000,1943.58,1943.61,1935.18,1937.48,0.8981,2026-03-02 07:00:00
1772435100000,1933.26,1935.56,1927.2,1927.2,11.123,2026-03-02 07:05:00
1772435400000,1926.63,1932.59,1926.09,1929.93,2.0787,2026-03-02 07:10:00
1772435700000,1930.82,1930.82,1928.34,1928.99,4.1808,2026-03-02 07:15:00
1772436000000,1929.75,1937.48,1929.75,1937.48,1.9873,2026-03-02 07:20:00
1772436300000,1937.84,1937.84,1936.48,1936.48,1.8152,2026-03-02 07:25:00
1772436600000,1936.1,1937.37,1935.17,1935.53,1.9825,2026-03-02 07:30:00
1772436900000,1935.28,1941.41,1935.28,1941.41,10.4932,2026-03-02 07:35:00
1772437200000,1939.39,1941.58,1939.39,1941.58,1.8375,2026-03-02 07:40:00
1772437500000,1941.14,1941.14,1940.01,1940.03,2.6713,2026-03-02 07:45:00
1772437800000,1940.38,1940.38,1940.38,1940.38,0.75,2026-03-02 07:50:00
1772438100000,1941.58,1941.58,1941.49,1941.49,0.5529,2026-03-02 07:55:00
1772438400000,1939.77,1939.77,1933.78,1937.54,7.1487,2026-03-02 08:00:00
1772438700000,1935.73,1935.82,1933.65,1933.65,3.4302,2026-03-02 08:05:00
1772439000000,1933.45,1933.45,1921.59,1933.09,43.3031,2026-03-02 08:10:00
1772439300000,1935.41,1937.57,1928.93,1933.82,11.5194,2026-03-02 08:15:00
1772439600000,1932.99,1934.13,1926.14,1927.92,26.5502,2026-03-02 08:20:00
1772439900000,1929.14,1929.48,1926.0,1926.0,5.0275,2026-03-02 08:25:00
1772440200000,1929.3,1929.9,1928.91,1929.9,1.934,2026-03-02 08:30:00
1772440500000,1929.38,1933.57,1928.27,1933.57,6.275,2026-03-02 08:35:00
1772440800000,1936.37,1941.93,1935.58,1940.81,5.9802,2026-03-02 08:40:00
1772441100000,1940.8,1942.18,1938.93,1938.93,2.7455,2026-03-02 08:45:00
1772441400000,1943.2,1950.81,1943.2,1946.09,11.7528,2026-03-02 08:50:00
1772441700000,1946.25,1948.68,1946.25,1948.68,20.2192,2026-03-02 08:55:00
1772442000000,1948.12,1954.17,1948.12,1950.21,7.1029,2026-03-02 09:00:00
1772442300000,1949.69,1950.26,1948.65,1950.26,2.6771,2026-03-02 09:05:00
1772442600000,1954.39,1958.09,1953.29,1956.68,5.473,2026-03-02 09:10:00
1772442900000,1956.86,1961.87,1956.86,1959.25,2.9607,2026-03-02 09:15:00
1772443200000,1957.93,1966.15,1957.46,1962.94,15.3618,2026-03-02 09:20:00
1772443500000,1959.2,1959.2,1957.97,1957.97,0.5377,2026-03-02 09:25:00
1772443800000,1959.17,1963.06,1959.17,1961.74,4.4947,2026-03-02 09:30:00
1772444100000,1959.61,1961.63,1958.96,1958.96,6.1375,2026-03-02 09:35:00
1772444400000,1957.65,1957.96,1955.53,1957.96,3.7805,2026-03-02 09:40:00
1772444700000,1956.3,1956.3,1952.9,1952.9,3.0134,2026-03-02 09:45:00
1772445000000,1951.09,1951.09,1948.65,1949.22,1.9342,2026-03-02 09:50:00
1772445300000,1951.86,1951.86,1948.68,1948.68,1.0182,2026-03-02 09:55:00
1772445600000,1948.05,1954.62,1946.65,1954.62,1.552,2026-03-02 10:00:00
1772445900000,1953.47,1955.29,1953.18,1954.77,4.4914,2026-03-02 10:05:00
1772446200000,1944.91,1945.41,1944.91,1945.41,1.7738,2026-03-02 10:10:00
1772446500000,1950.24,1950.24,1948.35,1948.35,1.1153,2026-03-02 10:15:00
1772446800000,1950.53,1951.73,1950.2,1951.72,7.4755,2026-03-02 10:20:00
1772447100000,1951.39,1951.39,1948.28,1949.59,3.15,2026-03-02 10:25:00
1772447400000,1952.68,1952.68,1951.53,1952.05,3.1981,2026-03-02 10:30:00
1772447700000,1952.09,1956.21,1949.25,1956.21,4.4793,2026-03-02 10:35:00
1772448000000,1953.36,1953.36,1950.5,1950.5,4.6786,2026-03-02 10:40:00
1772448300000,1950.5,1950.5,1950.5,1950.5,0.0,2026-03-02 10:45:00
1772448600000,1951.97,1951.97,1949.18,1949.18,1.9885,2026-03-02 10:50:00
1772448900000,1949.18,1949.18,1949.18,1949.18,0.0,2026-03-02 10:55:00
1772449200000,1951.74,1951.74,1949.03,1949.03,3.6203,2026-03-02 11:00:00
1772449500000,1951.22,1951.22,1938.02,1939.08,21.4507,2026-03-02 11:05:00
1772449800000,1937.33,1939.12,1936.49,1938.0,11.6809,2026-03-02 11:10:00
1772450100000,1938.64,1939.55,1936.12,1939.55,1.3584,2026-03-02 11:15:00
1772450400000,1942.04,1943.32,1938.62,1943.32,7.8044,2026-03-02 11:20:00
1772450700000,1941.62,1941.7,1938.44,1938.49,5.5352,2026-03-02 11:25:00
1772451000000,1937.4,1941.21,1935.94,1941.21,6.0464,2026-03-02 11:30:00
1772451300000,1941.94,1946.32,1941.94,1946.3,13.4696,2026-03-02 11:35:00
1772451600000,1945.2,1949.3,1945.2,1949.3,3.6382,2026-03-02 11:40:00
1772451900000,1949.54,1953.95,1948.33,1953.95,5.6807,2026-03-02 11:45:00
1772452200000,1948.86,1950.28,1948.39,1949.31,5.5029,2026-03-02 11:50:00
1772452500000,1948.55,1948.55,1948.55,1948.55,0.75,2026-03-02 11:55:00
1772452800000,1947.11,1948.88,1946.33,1948.82,8.3319,2026-03-02 12:00:00
1772453100000,1947.54,1947.54,1947.51,1947.51,0.2875,2026-03-02 12:05:00
1772453400000,1947.11,1948.15,1945.6,1945.6,1.5092,2026-03-02 12:10:00
1772453700000,1944.48,1944.48,1944.48,1944.48,0.2247,2026-03-02 12:15:00
1772454000000,1943.29,1943.29,1936.39,1936.81,12.7637,2026-03-02 12:20:00
1772454300000,1938.61,1938.84,1937.8,1938.4,1.7865,2026-03-02 12:25:00
1772454600000,1937.16,1937.52,1936.99,1936.99,0.8512,2026-03-02 12:30:00
1772454900000,1935.75,1935.87,1933.26,1935.87,13.7378,2026-03-02 12:35:00
1772455200000,1935.79,1936.96,1935.79,1936.96,6.8658,2026-03-02 12:40:00
1772455500000,1939.23,1940.83,1937.6,1940.83,5.8692,2026-03-02 12:45:00
1772455800000,1939.95,1941.68,1939.95,1941.2,4.5096,2026-03-02 12:50:00
1772456100000,1937.4,1938.91,1937.4,1938.69,2.727,2026-03-02 12:55:00
1772456400000,1938.76,1940.36,1935.51,1936.02,1.3491,2026-03-02 13:00:00
1772456700000,1934.35,1937.12,1929.16,1929.23,16.3752,2026-03-02 13:05:00
1772457000000,1932.08,1936.08,1932.08,1933.69,2.6997,2026-03-02 13:10:00
1772457300000,1934.23,1938.71,1934.23,1938.35,14.3538,2026-03-02 13:15:00
1772457600000,1939.9,1942.47,1939.9,1941.92,1.5826,2026-03-02 13:20:00
1772457900000,1943.89,1943.91,1931.32,1934.51,2.1374,2026-03-02 13:25:00
1772458200000,1933.93,1938.02,1932.34,1935.22,2.194,2026-03-02 13:30:00
1772458500000,1935.42,1938.87,1935.42,1937.02,1.4516,2026-03-02 13:35:00
1772458800000,1933.82,1933.82,1927.57,1931.33,13.7616,2026-03-02 13:40:00
1772459100000,1931.9,1931.9,1928.3,1929.58,0.8415,2026-03-02 13:45:00
1772459400000,1926.56,1926.56,1923.33,1923.33,1.1823,2026-03-02 13:50:00
1772459700000,1924.41,1926.16,1924.41,1926.16,1.3333,2026-03-02 13:55:00
1772460000000,1927.84,1927.84,1922.4,1925.66,1.4872,2026-03-02 14:00:00
1772460300000,1928.16,1931.46,1927.81,1931.46,8.529,2026-03-02 14:05:00
1772460600000,1930.54,1933.11,1930.31,1933.11,5.4712,2026-03-02 14:10:00
1772460900000,1932.93,1933.05,1932.93,1933.05,0.2703,2026-03-02 14:15:00
1772461200000,1929.43,1929.43,1929.43,1929.43,0.2863,2026-03-02 14:20:00
1772461500000,1930.26,1930.67,1922.46,1927.9,34.7674,2026-03-02 14:25:00
1772461800000,1927.04,1957.0,1926.93,1954.64,50.1347,2026-03-02 14:30:00
1772462100000,1950.34,1954.39,1945.85,1948.23,11.6022,2026-03-02 14:35:00
1772462400000,1950.46,1966.81,1947.95,1966.81,10.2082,2026-03-02 14:40:00
1772462700000,1965.07,1979.98,1961.41,1976.85,22.802,2026-03-02 14:45:00
1772463000000,1976.78,1985.14,1974.74,1976.99,10.4098,2026-03-02 14:50:00
1772463300000,1977.78,1978.4,1971.56,1978.4,5.5879,2026-03-02 14:55:00
1772463600000,1975.57,1989.96,1975.57,1984.39,1.5208,2026-03-02 15:00:00
1772463900000,1986.5,2010.54,1986.5,2010.54,8.6288,2026-03-02 15:05:00
1772464200000,2009.17,2032.76,2009.17,2029.09,9.06,2026-03-02 15:10:00
1772464500000,2028.69,2038.53,2028.69,2030.46,11.789,2026-03-02 15:15:00
1772464800000,2035.36,2045.19,2032.85,2032.85,1.0147,2026-03-02 15:20:00
1772465100000,2034.06,2037.17,2029.45,2030.03,10.5295,2026-03-02 15:25:00
1772465400000,2033.88,2034.07,2022.36,2033.92,6.2561,2026-03-02 15:30:00
1772465700000,2033.98,2050.01,2032.61,2050.01,6.1967,2026-03-02 15:35:00
1772466000000,2048.74,2062.64,2046.53,2062.64,10.8883,2026-03-02 15:40:00
1772466300000,2062.29,2065.29,2051.53,2053.38,17.7242,2026-03-02 15:45:00
1772466600000,2052.35,2053.21,2037.76,2037.76,6.1338,2026-03-02 15:50:00
1772466900000,2041.97,2046.64,2041.82,2046.06,12.6067,2026-03-02 15:55:00
1772467200000,2049.22,2054.55,2048.18,2054.55,4.412,2026-03-02 16:00:00
1772467500000,2053.3,2073.37,2051.7,2073.18,35.6743,2026-03-02 16:05:00
1772467800000,2073.61,2075.87,2067.85,2070.54,10.7327,2026-03-02 16:10:00
1772468100000,2070.14,2070.14,2062.83,2064.72,14.1379,2026-03-02 16:15:00
1772468400000,2063.24,2069.63,2062.99,2065.97,5.5246,2026-03-02 16:20:00
1772468700000,2065.34,2065.39,2056.71,2056.71,10.4673,2026-03-02 16:25:00
1772469000000,2058.56,2062.39,2045.27,2048.55,22.0401,2026-03-02 16:30:00
1772469300000,2049.32,2050.27,2043.23,2046.9,24.4982,2026-03-02 16:35:00
1772469600000,2054.53,2080.99,2054.53,2079.82,42.7128,2026-03-02 16:40:00
1772469900000,2077.4,2087.91,2070.52,2071.66,16.8025,2026-03-02 16:45:00
1772470200000,2067.29,2068.49,2065.29,2065.47,5.827,2026-03-02 16:50:00
1772470500000,2063.43,2066.71,2060.31,2064.07,16.2211,2026-03-02 16:55:00
1772470800000,2064.97,2064.97,2060.1,2061.28,4.1138,2026-03-02 17:00:00
1772471100000,2061.64,2061.64,2053.58,2053.58,6.2142,2026-03-02 17:05:00
1772471400000,2056.57,2056.57,2051.04,2055.06,4.2418,2026-03-02 17:10:00
1772471700000,2058.0,2061.05,2050.13,2054.53,17.972,2026-03-02 17:15:00
1772472000000,2058.13,2060.0,2057.94,2059.77,4.4328,2026-03-02 17:20:00
1772472300000,2055.72,2056.09,2051.46,2055.27,2.6528,2026-03-02 17:25:00
1772472600000,2055.03,2055.03,2051.95,2052.19,4.7026,2026-03-02 17:30:00
1772472900000,2052.04,2056.96,2041.53,2041.54,20.5607,2026-03-02 17:35:00
1772473200000,2040.06,2043.88,2027.17,2029.28,18.1029,2026-03-02 17:40:00
1772473500000,2028.64,2034.05,2026.02,2032.68,19.7833,2026-03-02 17:45:00
1772473800000,2032.51,2041.75,2032.51,2041.75,10.8291,2026-03-02 17:50:00
1772474100000,2043.12,2043.12,2038.36,2040.54,9.931,2026-03-02 17:55:00
1772474400000,2040.66,2040.66,2024.57,2025.76,4.676,2026-03-02 18:00:00
1772474700000,2034.7,2035.35,2033.42,2033.9,7.7948,2026-03-02 18:05:00
1772475000000,2035.92,2038.83,2032.39,2038.83,11.344,2026-03-02 18:10:00
1772475300000,2038.4,2038.47,2033.01,2033.01,8.1812,2026-03-02 18:15:00
1772475600000,2033.78,2034.24,2032.21,2033.47,6.578,2026-03-02 18:20:00
1772475900000,2031.14,2036.69,2031.14,2034.09,10.5365,2026-03-02 18:25:00
1772476200000,2034.25,2037.11,2032.87,2036.48,26.1385,2026-03-02 18:30:00
1772476500000,2034.46,2036.57,2031.02,2031.02,7.7691,2026-03-02 18:35:00
1772476800000,2032.02,2033.74,2026.94,2032.73,8.8329,2026-03-02 18:40:00
1772477100000,2032.47,2034.63,2028.92,2028.92,6.6406,2026-03-02 18:45:00
1772477400000,2036.94,2036.94,2028.34,2031.32,10.6939,2026-03-02 18:50:00
1772477700000,2031.41,2031.41,2026.49,2028.52,10.2732,2026-03-02 18:55:00
1772478000000,2028.7,2032.95,2025.71,2032.95,11.1306,2026-03-02 19:00:00
1772478300000,2030.22,2030.22,2019.12,2025.77,22.9723,2026-03-02 19:05:00
1772478600000,2022.35,2027.36,2021.45,2027.36,6.8803,2026-03-02 19:10:00
1772478900000,2028.28,2036.16,2027.96,2034.32,3.1402,2026-03-02 19:15:00
1772479200000,2030.9,2037.76,2030.9,2035.65,7.0566,2026-03-02 19:20:00
1772479500000,2033.01,2033.66,2032.2,2032.84,8.0148,2026-03-02 19:25:00
1772479800000,2033.9,2037.25,2030.79,2035.7,7.128,2026-03-02 19:30:00
1772480100000,2038.07,2041.13,2036.3,2036.7,0.6236,2026-03-02 19:35:00
1772480400000,2034.98,2035.49,2032.47,2033.02,3.8428,2026-03-02 19:40:00
1772480700000,2032.62,2037.76,2032.32,2037.76,4.3127,2026-03-02 19:45:00
1772481000000,2036.8,2046.67,2036.8,2042.48,19.1156,2026-03-02 19:50:00
1772481300000,2041.89,2046.16,2040.92,2043.91,33.6868,2026-03-02 19:55:00
1772481600000,2044.98,2055.79,2044.98,2052.97,13.6106,2026-03-02 20:00:00
1772481900000,2053.48,2053.48,2035.74,2038.98,14.3029,2026-03-02 20:05:00
1772482200000,2036.99,2036.99,2025.58,2032.52,8.3448,2026-03-02 20:10:00
1772482500000,2033.26,2042.9,2033.26,2041.57,6.9378,2026-03-02 20:15:00
1772482800000,2039.66,2039.66,2035.03,2035.96,6.3648,2026-03-02 20:20:00
1772483100000,2037.06,2040.33,2034.95,2038.15,7.6222,2026-03-02 20:25:00
1772483400000,2038.93,2043.2,2036.13,2041.61,9.1801,2026-03-02 20:30:00
1772483700000,2039.74,2041.95,2038.35,2039.47,9.1647,2026-03-02 20:35:00
1772484000000,2038.93,2042.02,2038.93,2041.94,5.6153,2026-03-02 20:40:00
1772484300000,2042.72,2046.71,2042.72,2046.44,6.9039,2026-03-02 20:45:00
1772484600000,2044.62,2050.01,2041.21,2041.21,23.5343,2026-03-02 20:50:00
1772484900000,2041.47,2041.55,2036.56,2036.56,6.7481,2026-03-02 20:55:00
1772485200000,2035.95,2036.11,2029.65,2030.43,10.1845,2026-03-02 21:00:00
1772485500000,2031.55,2036.65,2031.55,2036.65,14.0878,2026-03-02 21:05:00
1772485800000,2035.51,2038.05,2033.58,2038.05,10.717,2026-03-02 21:10:00
1772486100000,2037.93,2040.09,2037.54,2038.16,3.8563,2026-03-02 21:15:00
1772486400000,2038.06,2041.35,2038.06,2041.35,1.2958,2026-03-02 21:20:00
1772486700000,2038.1,2040.17,2037.89,2040.17,2.3329,2026-03-02 21:25:00
1772487000000,2040.76,2042.54,2040.2,2042.54,1.9744,2026-03-02 21:30:00
1772487300000,2042.1,2045.86,2041.42,2044.29,11.7693,2026-03-02 21:35:00
1772487600000,2043.85,2046.03,2043.83,2045.18,6.2227,2026-03-02 21:40:00
1772487900000,2045.62,2047.61,2043.67,2044.91,18.6966,2026-03-02 21:45:00
1772488200000,2045.66,2046.69,2044.55,2044.86,7.794,2026-03-02 21:50:00
1772488500000,2046.13,2046.13,2042.84,2043.4,4.7033,2026-03-02 21:55:00
1772488800000,2043.24,2048.91,2043.24,2044.42,8.5242,2026-03-02 22:00:00
1772489100000,2044.47,2050.4,2044.47,2048.49,11.4375,2026-03-02 22:05:00
1772489400000,2048.82,2048.82,2042.15,2043.83,10.1837,2026-03-02 22:10:00
1772489700000,2044.07,2045.55,2041.89,2043.69,11.8623,2026-03-02 22:15:00
1772490000000,2044.07,2047.86,2044.07,2047.86,6.1143,2026-03-02 22:20:00
1772490300000,2048.95,2052.37,2047.76,2051.04,10.3531,2026-03-02 22:25:00
1772490600000,2049.47,2055.79,2049.47,2051.95,11.1088,2026-03-02 22:30:00
1772490900000,2052.32,2056.03,2051.93,2055.32,15.6926,2026-03-02 22:35:00
1772491200000,2055.03,2058.06,2053.62,2055.57,20.3816,2026-03-02 22:40:00
1772491500000,2054.63,2054.94,2051.71,2051.72,6.5513,2026-03-02 22:45:00
1772491800000,2052.0,2053.78,2049.9,2053.77,5.4723,2026-03-02 22:50:00
1772492100000,2051.81,2053.04,2050.18,2052.74,6.7463,2026-03-02 22:55:00
1772492400000,2053.28,2055.33,2045.13,2048.89,18.9573,2026-03-02 23:00:00
1772492700000,2048.7,2050.94,2047.1,2050.94,11.9551,2026-03-02 23:05:00
1772493000000,2051.62,2051.62,2046.62,2046.62,5.3567,2026-03-02 23:10:00
1772493300000,2044.31,2047.07,2043.69,2044.76,14.4617,2026-03-02 23:15:00
1772493600000,2043.81,2043.81,2038.32,2040.09,4.1829,2026-03-02 23:20:00
1772493900000,2038.33,2041.02,2037.76,2037.76,5.3847,2026-03-02 23:25:00
1772494200000,2037.8,2037.8,2029.04,2030.26,11.3804,2026-03-02 23:30:00
1772494500000,2030.06,2033.33,2030.0,2032.15,2.6827,2026-03-02 23:35:00
1772494800000,2031.9,2031.9,2025.85,2025.88,14.5594,2026-03-02 23:40:00
1772495100000,2027.05,2031.49,2025.88,2031.49,11.3176,2026-03-02 23:45:00
1772495400000,2031.21,2031.21,2027.56,2027.56,10.6836,2026-03-02 23:50:00
1772495700000,2027.93,2028.54,2026.52,2027.26,3.4921,2026-03-02 23:55:00
1772496000000,2028.47,2032.0,2027.24,2032.0,5.5098,2026-03-03 00:00:00
1772496300000,2030.65,2035.03,2030.65,2034.08,16.2019,2026-03-03 00:05:00
1772496600000,2033.44,2034.22,2024.86,2026.91,2.433,2026-03-03 00:10:00
1772496900000,2027.8,2030.5,2024.0,2024.0,22.454,2026-03-03 00:15:00
1772497200000,2025.73,2025.75,2023.0,2024.11,2.3054,2026-03-03 00:20:00
1772497500000,2023.81,2026.98,2022.36,2026.97,7.1778,2026-03-03 00:25:00
1772497800000,2026.89,2034.31,2020.68,2033.09,23.3742,2026-03-03 00:30:00
1772498100000,2033.74,2038.26,2032.95,2037.19,14.0583,2026-03-03 00:35:00
1772498400000,2037.77,2038.5,2035.46,2035.75,0.2709,2026-03-03 00:40:00
1772498700000,2035.99,2037.76,2027.26,2027.26,8.9468,2026-03-03 00:45:00
1772499000000,2029.59,2031.69,2027.88,2030.76,4.4944,2026-03-03 00:50:00
1772499300000,2030.25,2035.57,2028.79,2035.57,6.088,2026-03-03 00:55:00
1772499600000,2035.49,2035.49,2030.77,2034.41,3.4992,2026-03-03 01:00:00
1772499900000,2035.4,2036.12,2033.85,2035.57,13.6405,2026-03-03 01:05:00
1772500200000,2035.77,2041.56,2035.77,2041.56,2.1166,2026-03-03 01:10:00
1772500500000,2035.8,2037.01,2032.6,2033.67,7.8905,2026-03-03 01:15:00
1772500800000,2032.14,2036.5,2032.14,2033.67,8.1254,2026-03-03 01:20:00
1772501100000,2034.73,2035.07,2029.36,2029.36,2.1804,2026-03-03 01:25:00
1772501400000,2024.0,2033.67,2023.28,2031.09,8.753,2026-03-03 01:30:00
1772501700000,2030.51,2030.51,2028.14,2028.91,9.2755,2026-03-03 01:35:00
1772502000000,2028.38,2030.66,2027.67,2030.66,12.8451,2026-03-03 01:40:00
1772502300000,2030.61,2030.85,2027.05,2030.85,10.0925,2026-03-03 01:45:00
1772502600000,2029.71,2029.71,2026.28,2026.28,5.8479,2026-03-03 01:50:00
1772502900000,2026.21,2026.22,2020.31,2020.31,4.7433,2026-03-03 01:55:00
1772503200000,2019.0,2019.06,2007.03,2008.85,28.7605,2026-03-03 02:00:00
1772503500000,2009.91,2014.73,2008.32,2012.5,5.3916,2026-03-03 02:05:00
1772503800000,2013.75,2013.75,2010.82,2010.82,4.6343,2026-03-03 02:10:00
1772504100000,2010.17,2010.17,2005.0,2005.86,5.977,2026-03-03 02:15:00
1772504400000,2005.41,2007.79,1998.24,2007.79,14.8769,2026-03-03 02:20:00
1772504700000,2006.65,2014.2,2006.64,2013.62,7.6977,2026-03-03 02:25:00
1772505000000,2013.18,2016.98,2013.18,2014.61,6.4282,2026-03-03 02:30:00
1772505300000,2014.0,2015.23,2012.32,2013.54,7.2165,2026-03-03 02:35:00
1772505600000,2012.37,2014.25,2012.34,2014.25,5.6282,2026-03-03 02:40:00
1772505900000,2015.3,2023.69,2015.3,2020.2,6.1511,2026-03-03 02:45:00
1772506200000,2019.39,2019.39,2014.94,2014.94,2.7044,2026-03-03 02:50:00
1772506500000,2015.46,2015.46,2014.25,2014.25,2.8741,2026-03-03 02:55:00
1772506800000,2013.83,2014.9,2009.07,2009.11,7.4303,2026-03-03 03:00:00
1772507100000,2009.42,2011.42,2008.15,2008.15,6.2296,2026-03-03 03:05:00
1772507400000,2009.49,2013.34,2009.49,2012.9,5.9981,2026-03-03 03:10:00
1772507700000,2012.42,2012.42,2006.98,2006.98,2.1216,2026-03-03 03:15:00
1772508000000,2008.25,2008.68,2006.03,2007.6,3.7292,2026-03-03 03:20:00
1772508300000,2008.53,2011.06,2008.48,2011.06,11.1235,2026-03-03 03:25:00
1772508600000,2011.05,2014.02,2008.81,2014.02,5.2185,2026-03-03 03:30:00
1772508900000,2013.21,2014.83,2012.6,2012.6,5.0683,2026-03-03 03:35:00
1772509200000,2012.39,2012.39,2010.42,2010.42,7.6068,2026-03-03 03:40:00
1772509500000,2011.84,2011.84,2008.96,2008.96,1.5123,2026-03-03 03:45:00
1772509800000,2008.88,2009.33,2008.88,2009.33,0.4984,2026-03-03 03:50:00
1772510100000,2008.72,2008.98,2008.19,2008.98,0.3242,2026-03-03 03:55:00
1772510400000,2009.58,2011.88,2009.58,2010.78,2.9104,2026-03-03 04:00:00
1772510700000,2010.79,2011.79,2007.68,2007.68,4.5206,2026-03-03 04:05:00
1772511000000,2008.52,2012.46,2008.34,2010.56,3.6564,2026-03-03 04:10:00
1772511300000,2009.81,2011.04,2009.07,2011.04,5.0779,2026-03-03 04:15:00
1772511600000,2011.07,2012.6,2010.45,2010.45,4.2647,2026-03-03 04:20:00
1772511900000,2010.99,2010.99,2008.38,2008.38,0.919,2026-03-03 04:25:00
1772512200000,2008.92,2010.88,2008.92,2010.88,1.7785,2026-03-03 04:30:00
1772512500000,2009.48,2010.44,2005.4,2005.72,5.7107,2026-03-03 04:35:00
1772512800000,2003.76,2005.03,2002.09,2003.49,10.6128,2026-03-03 04:40:00
1772513100000,2003.73,2004.97,1999.71,2000.39,3.6282,2026-03-03 04:45:00
1772513400000,2001.05,2001.51,1998.95,2001.34,6.2531,2026-03-03 04:50:00
1772513700000,1999.8,2000.51,1999.77,1999.77,2.324,2026-03-03 04:55:00
1772514000000,1998.81,2002.48,1998.35,2001.0,6.651,2026-03-03 05:00:00
1772514300000,2000.05,2004.08,1995.12,2004.08,8.7945,2026-03-03 05:05:00
1772514600000,2005.21,2010.36,2003.29,2010.36,7.7404,2026-03-03 05:10:00
1772514900000,2011.92,2019.33,2010.85,2014.89,24.0477,2026-03-03 05:15:00
1772515200000,2010.04,2010.04,2006.71,2008.44,6.8868,2026-03-03 05:20:00
1772515500000,2007.85,2007.85,2006.91,2006.91,1.65,2026-03-03 05:25:00
1772515800000,2005.76,2005.76,1999.24,1999.37,11.5605,2026-03-03 05:30:00
1772516100000,2000.75,2000.75,1998.64,2000.16,4.8775,2026-03-03 05:35:00
1772516400000,1999.81,2000.55,1999.25,1999.54,5.6493,2026-03-03 05:40:00
1772516700000,1998.83,1998.83,1988.48,1989.0,7.4577,2026-03-03 05:45:00
1772517000000,1989.55,1992.35,1989.55,1991.12,7.6801,2026-03-03 05:50:00
1772517300000,1993.3,1993.59,1990.33,1993.59,7.7986,2026-03-03 05:55:00
1772517600000,1993.36,1995.66,1993.35,1993.97,4.3814,2026-03-03 06:00:00
1772517900000,1993.77,1995.1,1990.1,1993.48,6.0426,2026-03-03 06:05:00
1772518200000,1992.75,1993.76,1991.18,1993.12,4.1118,2026-03-03 06:10:00
1772518500000,1994.44,1994.44,1991.18,1993.59,6.4896,2026-03-03 06:15:00
1772518800000,1993.29,1995.1,1993.29,1993.92,6.8733,2026-03-03 06:20:00
1772519100000,1994.26,1995.05,1993.83,1994.81,4.1361,2026-03-03 06:25:00
1772519400000,1993.21,1993.21,1993.21,1993.21,0.75,2026-03-03 06:30:00
1772519700000,1991.13,1996.21,1991.13,1996.1,6.6178,2026-03-03 06:35:00
1772520000000,1994.75,1995.4,1994.24,1995.4,3.0732,2026-03-03 06:40:00
1772520300000,1991.74,1991.74,1988.53,1989.32,5.0852,2026-03-03 06:45:00
1772520600000,1993.85,1994.21,1991.81,1994.21,4.0614,2026-03-03 06:50:00
1772520900000,1998.32,2001.29,1996.17,2000.37,8.8505,2026-03-03 06:55:00
1772521200000,1999.24,1999.24,1995.87,1997.56,11.5651,2026-03-03 07:00:00
1772521500000,2001.11,2001.11,1994.8,1994.8,0.5668,2026-03-03 07:05:00
1772521800000,1995.21,1999.05,1995.21,1999.05,4.8168,2026-03-03 07:10:00
1772522100000,2002.73,2003.69,1998.12,2001.44,14.24,2026-03-03 07:15:00
1772522400000,2001.71,2001.71,1999.8,1999.8,5.3706,2026-03-03 07:20:00
1772522700000,2000.74,2001.07,1998.92,2000.58,5.0668,2026-03-03 07:25:00
1772523000000,2000.63,2000.93,1998.24,1998.24,3.0278,2026-03-03 07:30:00
1772523300000,1997.0,1997.0,1995.22,1995.61,3.9366,2026-03-03 07:35:00
1772523600000,1996.87,1997.21,1996.65,1997.21,1.9184,2026-03-03 07:40:00
1772523900000,1998.38,1998.38,1996.33,1996.33,1.2794,2026-03-03 07:45:00
1772524200000,1995.27,1996.56,1993.87,1996.56,4.0638,2026-03-03 07:50:00
1772524500000,1995.83,1996.47,1995.16,1995.44,5.22,2026-03-03 07:55:00
1772524800000,1995.85,1996.65,1994.68,1994.68,13.5305,2026-03-03 08:00:00
1772525100000,1994.36,1995.23,1993.12,1995.23,2.5335,2026-03-03 08:05:00
1772525400000,1997.35,1998.33,1985.33,1985.51,6.6002,2026-03-03 08:10:00
1772525700000,1985.65,1990.97,1985.65,1988.32,7.2342,2026-03-03 08:15:00
1772526000000,1988.74,1988.93,1984.0,1988.12,3.6649,2026-03-03 08:20:00
1772526300000,1987.12,1987.12,1982.17,1984.95,6.9897,2026-03-03 08:25:00
1772526600000,1983.76,1983.76,1976.96,1976.96,19.8089,2026-03-03 08:30:00
1772526900000,1978.04,1979.57,1972.79,1975.22,28.1125,2026-03-03 08:35:00
1772527200000,1972.28,1972.28,1958.71,1958.71,12.4119,2026-03-03 08:40:00
1772527500000,1961.22,1961.22,1952.72,1953.31,16.9978,2026-03-03 08:45:00
1772527800000,1953.63,1956.94,1953.16,1956.94,10.3434,2026-03-03 08:50:00
1772528100000,1954.99,1955.03,1948.34,1953.02,32.0828,2026-03-03 08:55:00
1772528400000,1952.42,1958.52,1952.42,1958.52,16.4998,2026-03-03 09:00:00
1772528700000,1954.81,1967.05,1954.81,1967.05,14.7624,2026-03-03 09:05:00
1772529000000,1965.85,1967.45,1964.85,1965.95,6.3626,2026-03-03 09:10:00
1772529300000,1967.18,1967.33,1964.24,1964.84,3.5935,2026-03-03 09:15:00
1772529600000,1965.11,1965.11,1956.88,1956.88,12.1159,2026-03-03 09:20:00
1772529900000,1957.87,1958.31,1946.2,1948.14,19.0078,2026-03-03 09:25:00
1772530200000,1948.88,1948.88,1939.66,1947.96,17.1321,2026-03-03 09:30:00
1772530500000,1949.23,1955.17,1948.24,1952.61,5.7176,2026-03-03 09:35:00
1772530800000,1951.89,1951.89,1949.58,1949.58,4.2401,2026-03-03 09:40:00
1772531100000,1948.62,1949.25,1947.65,1948.86,9.0313,2026-03-03 09:45:00
1772531400000,1947.58,1949.06,1946.04,1947.88,11.8044,2026-03-03 09:50:00
1772531700000,1948.41,1951.54,1948.41,1951.54,2.5782,2026-03-03 09:55:00
1772532000000,1949.77,1953.15,1947.14,1952.89,4.2407,2026-03-03 10:00:00
1772532300000,1952.55,1952.55,1947.05,1947.05,6.9037,2026-03-03 10:05:00
1772532600000,1947.72,1947.72,1947.14,1947.14,3.6553,2026-03-03 10:10:00
1772532900000,1947.27,1950.36,1945.91,1949.12,5.5708,2026-03-03 10:15:00
1772533200000,1951.5,1956.13,1951.5,1952.54,17.4015,2026-03-03 10:20:00
1772533500000,1950.48,1950.48,1950.48,1950.48,5.6806,2026-03-03 10:25:00
1772533800000,1949.83,1951.62,1949.83,1950.68,11.0716,2026-03-03 10:30:00
1772534100000,1950.51,1950.51,1950.51,1950.51,2.3913,2026-03-03 10:35:00
1772534400000,1950.33,1956.72,1950.33,1954.34,4.4343,2026-03-03 10:40:00
1772534700000,1957.69,1963.92,1957.28,1963.81,6.3735,2026-03-03 10:45:00
1772535000000,1958.99,1959.86,1958.56,1958.91,8.0736,2026-03-03 10:50:00
1772535300000,1957.75,1958.37,1954.52,1958.26,7.9569,2026-03-03 10:55:00
1772535600000,1957.16,1960.07,1957.16,1960.07,7.6589,2026-03-03 11:00:00
1772535900000,1959.79,1959.97,1957.73,1959.97,8.5482,2026-03-03 11:05:00
1772536200000,1960.23,1960.99,1958.54,1958.7,5.55,2026-03-03 11:10:00
1772536500000,1956.26,1956.26,1952.94,1952.98,8.3361,2026-03-03 11:15:00
1772536800000,1953.29,1958.33,1952.58,1958.33,9.8403,2026-03-03 11:20:00
1772537100000,1959.17,1959.17,1957.85,1957.85,2.9639,2026-03-03 11:25:00
1772537400000,1958.95,1959.83,1956.92,1956.92,5.9011,2026-03-03 11:30:00
1772537700000,1958.48,1962.47,1958.48,1961.71,18.7888,2026-03-03 11:35:00
1772538000000,1962.64,1963.01,1962.64,1963.0,2.6289,2026-03-03 11:40:00
1772538300000,1965.21,1966.74,1965.15,1966.74,1.0582,2026-03-03 11:45:00
1772538600000,1964.25,1964.25,1963.25,1963.4,3.1826,2026-03-03 11:50:00
1772538900000,1962.41,1962.9,1962.41,1962.49,1.9186,2026-03-03 11:55:00
1772539200000,1961.34,1965.51,1961.34,1965.51,2.5497,2026-03-03 12:00:00
1772539500000,1967.57,1975.18,1967.3,1975.18,25.9098,2026-03-03 12:05:00
1772539800000,1973.17,1989.48,1973.15,1981.85,20.9815,2026-03-03 12:10:00
1772540100000,1978.06,1979.58,1974.5,1975.03,8.292,2026-03-03 12:15:00
1772540400000,1972.95,1974.25,1971.28,1974.25,9.6715,2026-03-03 12:20:00
1772540700000,1973.9,1976.74,1973.67,1975.71,8.985,2026-03-03 12:25:00
1772541000000,1975.53,1975.53,1967.47,1969.0,16.3792,2026-03-03 12:30:00
1772541300000,1970.22,1970.22,1966.21,1970.15,7.283,2026-03-03 12:35:00
1772541600000,1969.55,1969.55,1965.34,1966.87,17.7116,2026-03-03 12:40:00
1772541900000,1967.49,1968.63,1966.9,1967.07,9.4418,2026-03-03 12:45:00
1772542200000,1964.88,1966.92,1964.07,1966.92,7.4787,2026-03-03 12:50:00
1772542500000,1968.81,1968.85,1967.93,1968.49,3.6493,2026-03-03 12:55:00
1772542800000,1967.54,1967.54,1956.73,1956.83,29.1728,2026-03-03 13:00:00
1772543100000,1955.17,1958.42,1954.58,1957.3,9.9921,2026-03-03 13:05:00
1772543400000,1956.46,1957.22,1950.0,1950.9,12.0225,2026-03-03 13:10:00
1772543700000,1950.66,1958.79,1950.66,1956.46,6.564,2026-03-03 13:15:00
1772544000000,1959.08,1959.55,1957.16,1957.16,5.1802,2026-03-03 13:20:00
1772544300000,1957.08,1958.41,1957.08,1957.94,6.6651,2026-03-03 13:25:00
1772544600000,1956.03,1956.03,1949.39,1952.85,3.5593,2026-03-03 13:30:00
1772544900000,1953.84,1953.84,1951.16,1952.04,4.4863,2026-03-03 13:35:00
1772545200000,1952.99,1952.99,1951.49,1951.49,3.2478,2026-03-03 13:40:00
1772545500000,1949.68,1950.32,1944.18,1945.85,7.8427,2026-03-03 13:45:00
1772545800000,1945.55,1952.02,1945.1,1950.45,16.2564,2026-03-03 13:50:00
1772546100000,1949.49,1951.97,1948.04,1951.32,11.1171,2026-03-03 13:55:00
1772546400000,1952.66,1960.63,1949.69,1960.63,10.1987,2026-03-03 14:00:00
1772546700000,1960.64,1963.87,1960.05,1963.5,8.4129,2026-03-03 14:05:00
1772547000000,1959.43,1960.83,1957.45,1960.53,4.6297,2026-03-03 14:10:00
1772547300000,1961.51,1965.28,1958.63,1962.68,18.2981,2026-03-03 14:15:00
1772547600000,1962.33,1971.05,1962.33,1966.53,17.7079,2026-03-03 14:20:00
1772547900000,1966.99,1967.02,1961.6,1962.45,9.2669,2026-03-03 14:25:00
1772548200000,1960.88,1976.48,1952.36,1954.83,34.4368,2026-03-03 14:30:00
1772548500000,1950.87,1968.94,1948.82,1957.8,29.5244,2026-03-03 14:35:00
1772548800000,1957.01,1959.69,1935.3,1939.18,33.9915,2026-03-03 14:40:00
1772549100000,1938.49,1947.18,1929.84,1939.53,19.4126,2026-03-03 14:45:00
1772549400000,1938.36,1951.24,1937.13,1950.79,46.8728,2026-03-03 14:50:00
1772549700000,1954.1,1954.17,1941.53,1942.83,43.9726,2026-03-03 14:55:00
1772550000000,1942.59,1947.66,1941.07,1943.27,46.8202,2026-03-03 15:00:00
1772550300000,1945.33,1952.63,1942.04,1946.7,19.6614,2026-03-03 15:05:00
1772550600000,1943.44,1946.49,1939.12,1942.94,29.5911,2026-03-03 15:10:00
1772550900000,1947.93,1949.86,1935.09,1935.09,33.6844,2026-03-03 15:15:00
1772551200000,1934.19,1943.84,1933.05,1942.47,41.0557,2026-03-03 15:20:00
1772551500000,1943.24,1945.99,1941.4,1943.04,13.4795,2026-03-03 15:25:00
1772551800000,1944.79,1956.61,1943.94,1952.83,25.5988,2026-03-03 15:30:00
1772552100000,1953.16,1967.48,1952.81,1967.48,33.4938,2026-03-03 15:35:00
1772552400000,1966.91,1972.11,1957.51,1957.86,18.8645,2026-03-03 15:40:00
1772552700000,1962.03,1970.15,1961.41,1964.88,20.8926,2026-03-03 15:45:00
1772553000000,1966.93,1968.39,1960.76,1960.82,16.7512,2026-03-03 15:50:00
1772553300000,1963.42,1970.71,1962.45,1969.31,16.3735,2026-03-03 15:55:00
1772553600000,1968.91,1975.31,1965.98,1975.31,16.6391,2026-03-03 16:00:00
1772553900000,1975.9,1998.84,1975.52,1998.84,44.88,2026-03-03 16:05:00
1772554200000,1998.36,2001.5,1989.52,1995.29,16.4802,2026-03-03 16:10:00
1772554500000,1999.64,2001.6,1990.6,1990.6,8.6634,2026-03-03 16:15:00
1772554800000,1990.53,2007.61,1989.75,2007.61,13.8337,2026-03-03 16:20:00
1772555100000,2009.99,2013.28,2006.44,2006.58,18.1791,2026-03-03 16:25:00
1772555400000,2005.88,2005.88,1985.16,1985.79,27.6671,2026-03-03 16:30:00
1772555700000,1988.2,1988.2,1968.17,1971.29,33.7585,2026-03-03 16:35:00
1772556000000,1970.43,1974.97,1959.39,1967.25,48.8608,2026-03-03 16:40:00
1772556300000,1972.63,1985.78,1972.63,1980.06,23.6182,2026-03-03 16:45:00
1772556600000,1982.44,1985.08,1978.75,1983.98,32.9501,2026-03-03 16:50:00
1772556900000,1984.34,1992.01,1983.28,1983.85,36.9509,2026-03-03 16:55:00
1772557200000,1985.23,1985.23,1970.95,1974.24,35.6238,2026-03-03 17:00:00
1772557500000,1975.95,1977.71,1968.36,1968.36,21.265,2026-03-03 17:05:00
1772557800000,1967.88,1970.52,1960.68,1970.52,49.3417,2026-03-03 17:10:00
1772558100000,1970.44,1974.39,1968.23,1973.47,28.9655,2026-03-03 17:15:00
1772558400000,1971.95,1978.84,1966.52,1977.55,38.3845,2026-03-03 17:20:00
1772558700000,1976.57,1978.35,1973.82,1976.92,28.3351,2026-03-03 17:25:00
1772559000000,1975.27,1975.27,1959.97,1963.62,54.8398,2026-03-03 17:30:00
1772559300000,1961.42,1970.89,1960.66,1970.89,21.813,2026-03-03 17:35:00
1772559600000,1969.31,1975.81,1969.21,1975.66,6.3798,2026-03-03 17:40:00
1772559900000,1975.58,1983.94,1972.77,1981.67,16.4211,2026-03-03 17:45:00
1772560200000,1981.88,1983.58,1980.48,1980.48,11.6968,2026-03-03 17:50:00
1772560500000,1979.73,1982.93,1975.62,1981.13,16.9045,2026-03-03 17:55:00
1772560800000,1981.21,1986.97,1980.0,1980.0,7.4371,2026-03-03 18:00:00
1772561100000,1980.3,1983.56,1978.49,1979.07,8.642,2026-03-03 18:05:00
1772561400000,1978.1,1978.33,1969.89,1973.17,10.5949,2026-03-03 18:10:00
1772561700000,1974.99,1982.29,1974.99,1982.27,8.7285,2026-03-03 18:15:00
1772562000000,1984.8,1988.81,1984.8,1987.2,37.1874,2026-03-03 18:20:00
1772562300000,1988.26,1990.03,1986.03,1986.32,6.3917,2026-03-03 18:25:00
1772562600000,1985.61,2000.0,1985.58,1993.69,19.1708,2026-03-03 18:30:00
1772562900000,1993.18,1998.89,1990.89,1994.93,12.7409,2026-03-03 18:35:00
1772563200000,1996.22,1997.05,1992.57,1992.57,10.0362,2026-03-03 18:40:00
1772563500000,1991.52,1992.55,1988.26,1991.18,15.1156,2026-03-03 18:45:00
1772563800000,1991.01,1992.44,1989.21,1989.65,13.5977,2026-03-03 18:50:00
1772564100000,1985.52,1988.62,1984.96,1987.68,5.4791,2026-03-03 18:55:00
1772564400000,1988.37,1989.62,1986.81,1988.28,6.2895,2026-03-03 19:00:00
1772564700000,1989.23,1990.41,1980.8,1981.37,16.0476,2026-03-03 19:05:00
1772565000000,1981.54,1986.71,1977.31,1986.71,3.9724,2026-03-03 19:10:00
1772565300000,1985.82,1987.21,1983.35,1986.03,11.9994,2026-03-03 19:15:00
1772565600000,1990.64,1993.92,1990.64,1992.38,15.6067,2026-03-03 19:20:00
1772565900000,1990.85,1991.53,1986.5,1986.5,3.6134,2026-03-03 19:25:00
1772566200000,1987.84,1987.84,1983.8,1984.86,3.3684,2026-03-03 19:30:00
1772566500000,1982.32,1992.6,1979.91,1989.39,7.1569,2026-03-03 19:35:00
1772566800000,1989.16,1989.99,1985.11,1988.42,12.3801,2026-03-03 19:40:00
1772567100000,1989.2,1990.21,1983.78,1983.78,13.1721,2026-03-03 19:45:00
1772567400000,1987.37,1991.61,1987.37,1988.12,12.4901,2026-03-03 19:50:00
1772567700000,1987.64,1988.21,1985.81,1985.81,12.5775,2026-03-03 19:55:00
1772568000000,1986.98,1988.34,1984.39,1987.09,9.9445,2026-03-03 20:00:00
1772568300000,1987.57,1989.01,1983.84,1984.32,9.8407,2026-03-03 20:05:00
1772568600000,1983.27,1983.27,1980.0,1980.0,8.0268,2026-03-03 20:10:00
1772568900000,1979.66,1983.46,1979.2,1981.24,8.9794,2026-03-03 20:15:00
1772569200000,1981.95,1984.87,1981.95,1983.88,11.5033,2026-03-03 20:20:00
1772569500000,1982.32,1986.61,1982.32,1984.39,10.5065,2026-03-03 20:25:00
1772569800000,1982.8,1985.06,1981.77,1982.82,11.4791,2026-03-03 20:30:00
1772570100000,1983.02,1989.01,1981.12,1982.4,12.5143,2026-03-03 20:35:00
1772570400000,1983.83,1984.93,1983.83,1984.58,7.3702,2026-03-03 20:40:00
1772570700000,1984.96,1984.96,1980.67,1982.09,6.5271,2026-03-03 20:45:00
1772571000000,1982.48,1982.48,1970.36,1971.1,10.5571,2026-03-03 20:50:00
1772571300000,1975.42,1975.51,1973.91,1974.06,4.1109,2026-03-03 20:55:00
1772571600000,1977.71,1977.71,1966.06,1967.81,12.155,2026-03-03 21:00:00
1772571900000,1969.17,1970.71,1963.0,1967.71,9.3029,2026-03-03 21:05:00
1772572200000,1968.28,1968.28,1968.28,1968.28,0.9,2026-03-03 21:10:00
1772572500000,1968.23,1968.23,1962.94,1965.21,3.6554,2026-03-03 21:15:00
1772572800000,1966.26,1969.36,1966.26,1969.36,4.2,2026-03-03 21:20:00
1772573100000,1967.52,1967.52,1959.89,1962.64,9.0724,2026-03-03 21:25:00
1772573400000,1963.55,1965.57,1961.89,1961.89,5.3481,2026-03-03 21:30:00
1772573700000,1963.29,1967.26,1963.29,1963.69,7.6418,2026-03-03 21:35:00
1772574000000,1963.35,1967.14,1963.35,1965.66,4.8158,2026-03-03 21:40:00
1772574300000,1963.91,1965.83,1963.44,1965.51,6.8511,2026-03-03 21:45:00
1772574600000,1965.86,1969.41,1965.86,1968.52,2.9354,2026-03-03 21:50:00
1772574900000,1968.64,1970.98,1968.64,1968.97,1.9304,2026-03-03 21:55:00
1772575200000,1968.77,1985.01,1968.77,1978.77,15.1738,2026-03-03 22:00:00
1772575500000,1976.95,1981.38,1975.64,1981.38,6.6327,2026-03-03 22:05:00
1772575800000,1982.47,1983.32,1980.56,1980.56,7.3777,2026-03-03 22:10:00
1772576100000,1981.25,1981.25,1978.18,1979.51,3.8444,2026-03-03 22:15:00
1772576400000,1977.66,1983.05,1977.34,1981.32,11.6833,2026-03-03 22:20:00
1772576700000,1980.73,1981.53,1980.73,1981.34,3.1641,2026-03-03 22:25:00
1772577000000,1980.12,1981.45,1977.94,1980.17,7.4322,2026-03-03 22:30:00
1772577300000,1981.59,1985.55,1981.59,1982.79,16.1487,2026-03-03 22:35:00
1772577600000,1984.08,1987.48,1983.1,1984.79,8.1249,2026-03-03 22:40:00
1772577900000,1986.9,1986.9,1982.24,1982.24,3.2729,2026-03-03 22:45:00
1772578200000,1984.03,1985.26,1984.03,1985.26,3.012,2026-03-03 22:50:00
1772578500000,1985.26,1985.26,1980.78,1982.02,9.971,2026-03-03 22:55:00
1772578800000,1982.05,1990.75,1982.05,1990.75,1.761,2026-03-03 23:00:00
1772579100000,1988.13,1992.17,1986.29,1991.57,1.169,2026-03-03 23:05:00
1772579400000,1993.08,2000.33,1993.08,1999.64,1.8672,2026-03-03 23:10:00
1772579700000,1992.61,1992.61,1990.58,1990.58,0.2759,2026-03-03 23:15:00
1772580000000,1990.58,1990.58,1990.58,1990.58,0.0,2026-03-03 23:20:00
1772580300000,1989.4,1990.27,1989.4,1990.27,0.0035,2026-03-03 23:25:00
1772580600000,1990.27,1990.27,1990.27,1990.27,0.0,2026-03-03 23:30:00
1772580900000,1988.22,1988.22,1986.45,1986.45,2.5832,2026-03-03 23:35:00
1772581200000,1987.75,1991.62,1987.75,1988.17,33.1309,2026-03-03 23:40:00
1772581500000,1988.4,1988.98,1985.77,1987.19,8.1997,2026-03-03 23:45:00
1772581800000,1988.24,1988.24,1982.29,1982.29,8.0743,2026-03-03 23:50:00
1772582100000,1982.53,1983.32,1982.53,1982.79,1.7003,2026-03-03 23:55:00
1772582400000,1982.56,1983.08,1979.98,1982.14,7.5639,2026-03-04 00:00:00
1772582700000,1980.97,1983.11,1978.7,1978.99,11.1362,2026-03-04 00:05:00
1772583000000,1982.23,1982.66,1980.15,1980.81,8.3814,2026-03-04 00:10:00
1772583300000,1980.73,1986.47,1980.73,1984.85,16.9251,2026-03-04 00:15:00
1772583600000,1984.45,1985.76,1979.52,1980.08,20.1293,2026-03-04 00:20:00
1772583900000,1980.74,1982.12,1980.38,1981.46,8.7898,2026-03-04 00:25:00
1772584200000,1978.75,1980.29,1968.94,1968.94,20.109,2026-03-04 00:30:00
1772584500000,1969.95,1969.95,1964.2,1965.83,21.6626,2026-03-04 00:35:00
1772584800000,1966.31,1967.36,1962.9,1964.73,12.2799,2026-03-04 00:40:00
1772585100000,1968.12,1978.81,1967.23,1978.81,39.8334,2026-03-04 00:45:00
1772585400000,1978.83,1979.2,1976.39,1976.39,6.4424,2026-03-04 00:50:00
1772585700000,1976.27,1977.15,1975.07,1976.66,4.4798,2026-03-04 00:55:00
1772586000000,1976.93,1983.46,1976.38,1982.62,11.5302,2026-03-04 01:00:00
1772586300000,1983.64,1983.78,1973.84,1978.3,14.1664,2026-03-04 01:05:00
1772586600000,1978.41,1981.36,1977.29,1978.52,22.2545,2026-03-04 01:10:00
1772586900000,1978.14,1980.37,1974.35,1975.69,0.9002,2026-03-04 01:15:00
1772587200000,1975.01,1975.01,1970.21,1972.54,11.5676,2026-03-04 01:20:00
1772587500000,1972.31,1981.78,1970.87,1980.46,10.2156,2026-03-04 01:25:00
1772587800000,1979.19,1989.34,1978.64,1987.63,29.036,2026-03-04 01:30:00
1772588100000,1986.08,1993.11,1986.08,1993.01,21.8471,2026-03-04 01:35:00
1772588400000,1992.86,1997.26,1990.19,1997.26,13.0225,2026-03-04 01:40:00
1772588700000,1989.61,1989.61,1982.41,1982.41,11.4738,2026-03-04 01:45:00
1772589000000,1980.61,1985.42,1980.61,1982.7,10.7784,2026-03-04 01:50:00
1772589300000,1983.42,1985.0,1982.47,1982.47,19.7672,2026-03-04 01:55:00
1772589600000,1981.96,1981.96,1979.39,1979.39,0.2365,2026-03-04 02:00:00
1772589900000,1976.39,1976.39,1975.0,1975.86,6.2405,2026-03-04 02:05:00
1772590200000,1977.07,1981.82,1977.01,1977.01,1.2093,2026-03-04 02:10:00
1772590500000,1974.67,1974.67,1974.67,1974.67,0.9,2026-03-04 02:15:00
1772590800000,1974.67,1974.67,1974.67,1974.67,0.0,2026-03-04 02:20:00
1772591100000,1974.67,1974.67,1974.67,1974.67,0.0465,2026-03-04 02:25:00
1772591400000,1971.75,1971.75,1969.46,1969.63,3.5444,2026-03-04 02:30:00
1772591700000,1971.61,1975.29,1969.9,1972.22,11.3547,2026-03-04 02:35:00
1772592000000,1974.38,1975.04,1973.41,1973.41,10.8759,2026-03-04 02:40:00
1772592300000,1973.51,1978.42,1971.86,1978.42,2.4525,2026-03-04 02:45:00
1772592600000,1978.42,1978.42,1978.42,1978.42,0.0,2026-03-04 02:50:00
1772592900000,1980.62,1980.62,1978.81,1978.96,5.6564,2026-03-04 02:55:00
1772593200000,1978.57,1978.85,1971.26,1972.06,4.4583,2026-03-04 03:00:00
1772593500000,1971.62,1972.72,1970.51,1971.24,7.1189,2026-03-04 03:05:00
1772593800000,1973.34,1977.75,1973.34,1976.41,2.326,2026-03-04 03:10:00
1772594100000,1976.58,1977.84,1974.76,1976.7,1.425,2026-03-04 03:15:00
1772594400000,1978.99,1978.99,1973.97,1974.19,8.1361,2026-03-04 03:20:00
1772594700000,1973.12,1973.67,1962.8,1963.11,19.692,2026-03-04 03:25:00
1772595000000,1964.33,1965.12,1946.93,1947.56,49.8625,2026-03-04 03:30:00
1772595300000,1947.24,1956.43,1945.5,1955.79,10.3505,2026-03-04 03:35:00
1772595600000,1956.46,1956.46,1946.37,1948.42,10.0628,2026-03-04 03:40:00
1772595900000,1949.83,1956.9,1949.83,1955.73,21.3115,2026-03-04 03:45:00
1772596200000,1953.5,1955.46,1953.15,1955.46,4.7062,2026-03-04 03:50:00
1772596500000,1955.47,1957.88,1955.47,1957.88,4.0923,2026-03-04 03:55:00
1772596800000,1961.04,1961.04,1953.34,1958.16,24.6804,2026-03-04 04:00:00
1772597100000,1958.1,1960.1,1957.53,1958.11,4.1065,2026-03-04 04:05:00
1772597400000,1961.12,1963.23,1960.75,1960.75,7.2164,2026-03-04 04:10:00
1772597700000,1961.5,1961.5,1953.34,1953.34,17.9212,2026-03-04 04:15:00
1772598000000,1955.33,1955.33,1952.76,1955.23,16.453,2026-03-04 04:20:00
1772598300000,1954.82,1955.71,1954.68,1954.68,5.4196,2026-03-04 04:25:00
1772598600000,1951.98,1956.36,1951.98,1956.07,5.6856,2026-03-04 04:30:00
1772598900000,1956.02,1956.71,1951.63,1954.08,20.3869,2026-03-04 04:35:00
1772599200000,1953.8,1958.4,1952.17,1958.4,13.7585,2026-03-04 04:40:00
1772599500000,1958.14,1959.64,1956.66,1959.64,10.3089,2026-03-04 04:45:00
1772599800000,1958.92,1960.21,1957.69,1960.21,2.1189,2026-03-04 04:50:00
1772600100000,1960.16,1961.9,1959.47,1960.75,13.5173,2026-03-04 04:55:00
1772600400000,1961.07,1961.52,1957.32,1958.94,6.2425,2026-03-04 05:00:00
1772600700000,1961.35,1961.35,1959.8,1960.56,2.8089,2026-03-04 05:05:00
1772601000000,1961.81,1962.4,1961.5,1962.4,0.4054,2026-03-04 05:10:00
1772601300000,1961.93,1961.96,1961.93,1961.96,0.2844,2026-03-04 05:15:00
1772601600000,1964.75,1964.89,1960.75,1960.75,0.2802,2026-03-04 05:20:00
1772601900000,1961.89,1961.89,1957.39,1957.39,8.1781,2026-03-04 05:25:00
1772602200000,1960.12,1962.12,1959.52,1959.52,5.0218,2026-03-04 05:30:00
1772602500000,1958.99,1967.74,1958.15,1967.74,5.2124,2026-03-04 05:35:00
1772602800000,1966.38,1977.35,1966.03,1973.12,17.7608,2026-03-04 05:40:00
1772603100000,1972.22,1974.65,1970.24,1970.36,5.1994,2026-03-04 05:45:00
1772603400000,1972.09,1975.11,1972.09,1974.97,4.0149,2026-03-04 05:50:00
1772603700000,1973.76,1973.77,1970.48,1970.48,11.6894,2026-03-04 05:55:00
1772604000000,1971.02,1971.09,1968.0,1969.95,2.7975,2026-03-04 06:00:00
1772604300000,1970.11,1970.67,1967.64,1967.64,3.3042,2026-03-04 06:05:00
1772604600000,1968.09,1968.09,1965.74,1967.0,3.5777,2026-03-04 06:10:00
1772604900000,1964.69,1964.87,1964.24,1964.24,7.1178,2026-03-04 06:15:00
1772605200000,1965.64,1965.64,1964.69,1964.69,6.8244,2026-03-04 06:20:00
1772605500000,1967.25,1967.25,1966.84,1966.98,2.0821,2026-03-04 06:25:00
1772605800000,1969.37,1978.85,1968.15,1978.85,14.3553,2026-03-04 06:30:00
1772606100000,1981.89,1982.7,1979.42,1982.22,4.6325,2026-03-04 06:35:00
1772606400000,1981.1,1985.68,1980.27,1985.68,9.2674,2026-03-04 06:40:00
1772606700000,1980.63,1983.01,1980.63,1981.98,8.1377,2026-03-04 06:45:00
1772607000000,1981.64,1981.64,1979.53,1979.53,1.8,2026-03-04 06:50:00
1772607300000,1979.44,1979.44,1979.44,1979.44,0.9,2026-03-04 06:55:00
1772607600000,1981.6,1981.95,1977.57,1977.88,8.4425,2026-03-04 07:00:00
1772607900000,1977.35,1978.08,1974.94,1978.08,8.5236,2026-03-04 07:05:00
1772608200000,1977.24,1977.24,1975.87,1975.87,0.1161,2026-03-04 07:10:00
1772608500000,1975.53,1976.0,1975.53,1976.0,3.0421,2026-03-04 07:15:00
1772608800000,1978.57,1982.44,1978.57,1982.44,2.7,2026-03-04 07:20:00
1772609100000,1981.1,1983.72,1980.62,1983.72,10.3939,2026-03-04 07:25:00
1772609400000,1987.14,1987.48,1984.98,1986.34,8.1575,2026-03-04 07:30:00
1772609700000,1986.98,1987.46,1986.49,1987.46,3.1296,2026-03-04 07:35:00
1772610000000,1988.08,1993.6,1988.08,1993.6,13.2692,2026-03-04 07:40:00
1772610300000,1990.68,2009.97,1990.68,2009.26,24.9511,2026-03-04 07:45:00
1772610600000,2005.94,2006.84,2001.2,2001.2,1.836,2026-03-04 07:50:00
1772610900000,2001.08,2004.2,1998.93,2004.2,23.2031,2026-03-04 07:55:00
1772611200000,2006.23,2020.57,2004.59,2007.36,13.0991,2026-03-04 08:00:00
1772611500000,2005.72,2017.09,2004.57,2014.88,18.4261,2026-03-04 08:05:00
1772611800000,2012.61,2012.61,2008.07,2010.4,8.3432,2026-03-04 08:10:00
1772612100000,2009.0,2009.0,2005.75,2005.75,5.5101,2026-03-04 08:15:00
1772612400000,2004.84,2005.7,2002.08,2005.66,4.8133,2026-03-04 08:20:00
1772612700000,2004.29,2006.57,2004.29,2004.66,4.7206,2026-03-04 08:25:00
1772613000000,2008.04,2012.78,2008.04,2012.78,4.1712,2026-03-04 08:30:00
1772613300000,2013.31,2013.5,2012.33,2012.33,2.9171,2026-03-04 08:35:00
1772613600000,2013.24,2029.97,2013.24,2029.84,14.9606,2026-03-04 08:40:00
1772613900000,2031.28,2050.37,2030.64,2049.95,56.8016,2026-03-04 08:45:00
1772614200000,2050.66,2051.53,2043.38,2043.38,7.7445,2026-03-04 08:50:00
1772614500000,2048.97,2065.55,2048.97,2063.59,16.0459,2026-03-04 08:55:00
1772614800000,2064.91,2067.39,2056.21,2058.19,1.5584,2026-03-04 09:00:00
1772615100000,2065.92,2073.23,2063.85,2066.5,1.7839,2026-03-04 09:05:00
1772615400000,2064.39,2068.7,2064.39,2068.7,1.5635,2026-03-04 09:10:00
1772615700000,2069.18,2079.0,2068.52,2069.76,19.9266,2026-03-04 09:15:00
1772616000000,2071.15,2077.81,2067.11,2072.54,20.0021,2026-03-04 09:20:00
1772616300000,2071.61,2076.67,2071.61,2075.98,10.5907,2026-03-04 09:25:00
1772616600000,2077.9,2082.77,2071.81,2078.1,6.7592,2026-03-04 09:30:00
1772616900000,2076.83,2087.15,2076.41,2085.02,41.5442,2026-03-04 09:35:00
1772617200000,2080.78,2087.66,2080.78,2083.73,12.1004,2026-03-04 09:40:00
1772617500000,2084.07,2085.34,2079.31,2085.03,10.7173,2026-03-04 09:45:00
1772617800000,2087.09,2089.0,2073.34,2073.57,9.4898,2026-03-04 09:50:00
1772618100000,2074.44,2075.83,2071.96,2075.74,9.5064,2026-03-04 09:55:00
1772618400000,2076.11,2082.61,2076.11,2078.12,17.5859,2026-03-04 10:00:00
1772618700000,2076.88,2092.7,2074.4,2089.23,17.3406,2026-03-04 10:05:00
1772619000000,2087.12,2089.11,2083.1,2084.59,10.588,2026-03-04 10:10:00
1772619300000,2083.97,2084.98,2078.81,2078.81,10.547,2026-03-04 10:15:00
1772619600000,2080.37,2083.14,2076.42,2077.13,15.2612,2026-03-04 10:20:00
1772619900000,2077.52,2081.32,2076.93,2081.32,18.1336,2026-03-04 10:25:00
1772620200000,2079.92,2081.02,2074.84,2075.93,4.1916,2026-03-04 10:30:00
1772620500000,2075.0,2075.0,2074.0,2074.0,2.6197,2026-03-04 10:35:00
1772620800000,2076.76,2076.76,2074.28,2074.28,2.461,2026-03-04 10:40:00
1772621100000,2074.62,2074.76,2067.61,2069.82,31.0537,2026-03-04 10:45:00
1772621400000,2074.58,2075.48,2072.09,2072.99,5.5672,2026-03-04 10:50:00
1772621700000,2071.83,2071.83,2070.0,2071.74,15.7155,2026-03-04 10:55:00
1772622000000,2072.39,2075.41,2072.39,2075.41,1.6896,2026-03-04 11:00:00
1772622300000,2067.05,2067.05,2066.33,2066.33,0.0033,2026-03-04 11:05:00
1772622600000,2069.67,2075.83,2069.67,2075.83,1.1875,2026-03-04 11:10:00
1772622900000,2075.38,2075.38,2075.38,2075.38,0.0028,2026-03-04 11:15:00
1772623200000,2076.5,2076.5,2076.48,2076.48,0.8286,2026-03-04 11:20:00
1772623500000,2066.85,2066.85,2066.85,2066.85,0.0706,2026-03-04 11:25:00
1772623800000,2068.89,2068.89,2058.71,2058.91,0.679,2026-03-04 11:30:00
1772624100000,2062.42,2062.42,2049.92,2053.63,0.9007,2026-03-04 11:35:00
1772624400000,2055.66,2055.66,2047.8,2054.62,2.7247,2026-03-04 11:40:00
1772624700000,2053.39,2053.39,2050.84,2052.34,0.8074,2026-03-04 11:45:00
1772625000000,2051.33,2057.57,2051.33,2057.57,0.8292,2026-03-04 11:50:00
1772625300000,2055.16,2056.31,2055.16,2055.6,2.5599,2026-03-04 11:55:00
1772625600000,2054.34,2060.57,2052.0,2052.01,12.2033,2026-03-04 12:00:00
1772625900000,2053.59,2055.99,2048.62,2048.62,12.6709,2026-03-04 12:05:00
1772626200000,2049.84,2052.13,2049.84,2051.72,15.2557,2026-03-04 12:10:00
1772626500000,2050.39,2050.6,2042.55,2044.98,8.6512,2026-03-04 12:15:00
1772626800000,2044.32,2045.0,2040.43,2040.43,2.9453,2026-03-04 12:20:00
1772627100000,2041.33,2043.87,2041.15,2041.15,2.855,2026-03-04 12:25:00
1772627400000,2041.68,2044.27,2036.75,2043.2,16.378,2026-03-04 12:30:00
1772627700000,2044.51,2050.95,2040.79,2050.95,13.4754,2026-03-04 12:35:00
1772628000000,2049.61,2052.75,2049.27,2050.87,9.6329,2026-03-04 12:40:00
1772628300000,2050.54,2052.01,2049.22,2051.86,12.451,2026-03-04 12:45:00
1772628600000,2051.59,2052.45,2048.08,2048.62,15.8353,2026-03-04 12:50:00
1772628900000,2048.92,2054.47,2048.58,2054.31,9.2286,2026-03-04 12:55:00
1772629200000,2054.56,2057.63,2052.91,2056.09,12.1898,2026-03-04 13:00:00
1772629500000,2055.55,2068.16,2055.26,2065.56,18.3471,2026-03-04 13:05:00
1772629800000,2066.33,2067.56,2058.91,2059.86,6.275,2026-03-04 13:10:00
1772630100000,2059.19,2061.37,2057.78,2057.78,12.7791,2026-03-04 13:15:00
1772630400000,2059.83,2059.83,2055.76,2057.74,7.9109,2026-03-04 13:20:00
1772630700000,2058.78,2061.99,2058.78,2061.26,4.0348,2026-03-04 13:25:00
1772631000000,2059.79,2060.4,2056.73,2060.4,7.9414,2026-03-04 13:30:00
1772631300000,2059.26,2061.46,2056.63,2061.46,20.4102,2026-03-04 13:35:00
1772631600000,2061.67,2065.1,2061.6,2062.0,29.5144,2026-03-04 13:40:00
1772631900000,2063.15,2066.64,2062.43,2062.43,8.6567,2026-03-04 13:45:00
1772632200000,2062.96,2064.87,2061.78,2064.34,6.5685,2026-03-04 13:50:00
1772632500000,2062.52,2066.15,2062.52,2065.02,8.9436,2026-03-04 13:55:00
1772632800000,2063.61,2067.56,2063.16,2065.09,12.9034,2026-03-04 14:00:00
1772633100000,2066.27,2077.24,2065.36,2069.21,10.4068,2026-03-04 14:05:00
1772633400000,2068.97,2075.62,2068.97,2072.32,13.6879,2026-03-04 14:10:00
1772633700000,2079.06,2082.03,2070.55,2073.56,8.6254,2026-03-04 14:15:00
1772634000000,2071.96,2072.75,2070.07,2070.07,10.0833,2026-03-04 14:20:00
1772634300000,2070.41,2079.26,2070.41,2078.62,18.174,2026-03-04 14:25:00
1772634600000,2077.72,2110.13,2077.56,2107.57,31.327,2026-03-04 14:30:00
1772634900000,2105.58,2105.58,2074.66,2084.57,27.1106,2026-03-04 14:35:00
1772635200000,2085.14,2086.79,2067.32,2067.72,28.2656,2026-03-04 14:40:00
1772635500000,2066.16,2077.49,2065.29,2073.57,17.3786,2026-03-04 14:45:00
1772635800000,2077.41,2083.9,2075.64,2081.55,15.0136,2026-03-04 14:50:00
1772636100000,2081.27,2083.35,2076.41,2078.32,9.577,2026-03-04 14:55:00
1772636400000,2080.72,2098.29,2080.72,2087.56,40.6586,2026-03-04 15:00:00
1772636700000,2084.59,2096.18,2082.32,2093.4,26.9681,2026-03-04 15:05:00
1772637000000,2093.94,2095.36,2089.62,2089.62,6.2118,2026-03-04 15:10:00
1772637300000,2089.46,2103.94,2089.46,2103.94,12.546,2026-03-04 15:15:00
1772637600000,2103.21,2106.92,2098.33,2100.14,17.0901,2026-03-04 15:20:00
1772637900000,2100.82,2140.55,2100.82,2140.55,23.6612,2026-03-04 15:25:00
1772638200000,2142.06,2142.06,2126.24,2130.81,25.9022,2026-03-04 15:30:00
1772638500000,2129.95,2134.68,2125.06,2126.8,14.7834,2026-03-04 15:35:00
1772638800000,2126.84,2130.56,2125.57,2126.77,12.0695,2026-03-04 15:40:00
1772639100000,2127.44,2136.31,2127.33,2133.0,13.1442,2026-03-04 15:45:00
1772639400000,2132.21,2141.46,2132.21,2137.67,7.1783,2026-03-04 15:50:00
1772639700000,2135.83,2156.88,2135.63,2149.99,42.5074,2026-03-04 15:55:00
1772640000000,2151.15,2163.31,2143.87,2147.88,28.9166,2026-03-04 16:00:00
1772640300000,2148.09,2153.66,2141.12,2141.12,38.2179,2026-03-04 16:05:00
1772640600000,2142.12,2145.04,2134.12,2136.91,14.5498,2026-03-04 16:10:00
1772640900000,2136.12,2143.09,2135.17,2137.92,22.0737,2026-03-04 16:15:00
1772641200000,2139.61,2140.27,2129.82,2132.11,25.0124,2026-03-04 16:20:00
1772641500000,2132.03,2144.6,2132.03,2142.99,9.4315,2026-03-04 16:25:00
1772641800000,2143.04,2147.88,2143.04,2144.04,2.5472,2026-03-04 16:30:00
1772642100000,2150.25,2150.25,2144.0,2147.15,10.3151,2026-03-04 16:35:00
1772642400000,2147.97,2152.53,2147.97,2150.62,6.2715,2026-03-04 16:40:00
1772642700000,2146.41,2149.5,2145.6,2145.6,5.3565,2026-03-04 16:45:00
1772643000000,2147.33,2148.54,2145.96,2147.47,6.5572,2026-03-04 16:50:00
1772643300000,2146.7,2147.66,2140.36,2140.36,6.1269,2026-03-04 16:55:00
1772643600000,2141.04,2150.29,2139.95,2149.57,7.9712,2026-03-04 17:00:00
1772643900000,2148.75,2148.75,2142.81,2143.8,6.5183,2026-03-04 17:05:00
1772644200000,2146.87,2154.59,2146.87,2150.38,8.1888,2026-03-04 17:10:00
1772644500000,2149.32,2152.95,2140.7,2141.95,20.7419,2026-03-04 17:15:00
1772644800000,2138.63,2139.88,2131.11,2133.56,9.5053,2026-03-04 17:20:00
1772645100000,2132.33,2135.21,2132.3,2135.21,5.3329,2026-03-04 17:25:00
1772645400000,2137.74,2141.14,2136.65,2138.07,11.0455,2026-03-04 17:30:00
1772645700000,2140.76,2146.69,2140.76,2146.69,2.2614,2026-03-04 17:35:00
1772646000000,2145.38,2147.88,2144.24,2145.28,5.5555,2026-03-04 17:40:00
1772646300000,2145.53,2152.47,2145.4,2151.91,11.4261,2026-03-04 17:45:00
1772646600000,2152.14,2156.62,2148.02,2152.68,8.0409,2026-03-04 17:50:00
1772646900000,2150.63,2150.68,2146.43,2147.72,7.403,2026-03-04 17:55:00
1772647200000,2147.06,2150.1,2145.5,2149.33,4.489,2026-03-04 18:00:00
1772647500000,2149.93,2152.88,2148.56,2150.48,13.3579,2026-03-04 18:05:00
1772647800000,2150.17,2150.17,2140.47,2141.98,16.1501,2026-03-04 18:10:00
1772648100000,2141.53,2152.47,2141.53,2152.47,17.0158,2026-03-04 18:15:00
1772648400000,2153.54,2153.54,2150.86,2152.25,12.2271,2026-03-04 18:20:00
1772648700000,2153.01,2155.34,2153.01,2154.58,4.6928,2026-03-04 18:25:00
1772649000000,2154.29,2158.41,2146.47,2148.45,19.2806,2026-03-04 18:30:00
1772649300000,2148.31,2149.85,2146.08,2147.59,9.1023,2026-03-04 18:35:00
1772649600000,2148.48,2154.21,2148.48,2153.94,15.4058,2026-03-04 18:40:00
1772649900000,2153.45,2160.0,2153.23,2157.55,11.399,2026-03-04 18:45:00
1772650200000,2158.99,2162.9,2154.62,2159.15,13.3659,2026-03-04 18:50:00
1772650500000,2160.86,2160.86,2157.46,2160.86,6.7444,2026-03-04 18:55:00
1772650800000,2162.05,2174.52,2161.34,2168.66,11.7205,2026-03-04 19:00:00
1772651100000,2169.29,2178.15,2168.39,2175.38,12.1293,2026-03-04 19:05:00
1772651400000,2173.91,2186.01,2173.54,2182.24,26.109,2026-03-04 19:10:00
1772651700000,2181.76,2198.14,2176.84,2198.14,32.054,2026-03-04 19:15:00
1772652000000,2194.53,2198.46,2181.2,2182.13,49.287,2026-03-04 19:20:00
1772652300000,2180.67,2181.35,2175.41,2175.41,25.2625,2026-03-04 19:25:00
1772652600000,2175.27,2179.16,2172.3,2173.01,15.5041,2026-03-04 19:30:00
1772652900000,2178.79,2181.97,2178.13,2181.97,5.717,2026-03-04 19:35:00
1772653200000,2184.74,2187.23,2180.84,2181.79,11.6633,2026-03-04 19:40:00
1772653500000,2182.23,2182.23,2179.21,2181.2,5.3181,2026-03-04 19:45:00
1772653800000,2181.03,2184.76,2176.2,2183.41,8.9611,2026-03-04 19:50:00
1772654100000,2180.34,2180.39,2177.7,2177.7,4.2138,2026-03-04 19:55:00
1772654400000,2178.56,2179.12,2173.89,2178.88,12.2148,2026-03-04 20:00:00
1772654700000,2177.96,2178.32,2163.82,2164.91,23.1097,2026-03-04 20:05:00
1772655000000,2165.55,2168.7,2164.9,2168.35,14.0512,2026-03-04 20:10:00
1772655300000,2169.33,2177.39,2169.12,2173.58,9.5572,2026-03-04 20:15:00
1772655600000,2171.74,2171.87,2165.71,2169.52,12.3808,2026-03-04 20:20:00
1772655900000,2169.77,2173.37,2169.2,2170.91,21.5302,2026-03-04 20:25:00
1772656200000,2170.47,2171.02,2166.81,2171.01,8.8026,2026-03-04 20:30:00
1772656500000,2171.18,2174.34,2169.87,2169.87,9.3335,2026-03-04 20:35:00
1772656800000,2170.45,2172.08,2169.62,2172.08,8.7291,2026-03-04 20:40:00
1772657100000,2172.31,2173.69,2169.5,2171.4,5.7997,2026-03-04 20:45:00
1772657400000,2167.71,2168.37,2160.53,2160.53,5.7519,2026-03-04 20:50:00
1772657700000,2159.64,2159.64,2151.0,2151.0,12.5597,2026-03-04 20:55:00
1772658000000,2151.34,2154.52,2149.88,2154.52,7.2958,2026-03-04 21:00:00
1772658300000,2153.33,2153.82,2145.47,2146.31,9.0574,2026-03-04 21:05:00
1772658600000,2146.79,2146.79,2142.46,2146.32,15.2555,2026-03-04 21:10:00
1772658900000,2144.52,2146.42,2143.51,2145.2,16.4064,2026-03-04 21:15:00
1772659200000,2144.43,2148.77,2144.43,2146.4,5.1223,2026-03-04 21:20:00
1772659500000,2147.84,2148.83,2147.84,2148.83,3.664,2026-03-04 21:25:00
1772659800000,2147.0,2149.68,2147.0,2148.2,6.1299,2026-03-04 21:30:00
1772660100000,2146.91,2154.39,2146.91,2154.39,7.3507,2026-03-04 21:35:00
1772660400000,2152.36,2152.36,2149.97,2150.09,9.8845,2026-03-04 21:40:00
1772660700000,2149.27,2150.84,2148.77,2149.65,10.9835,2026-03-04 21:45:00
1772661000000,2149.49,2151.83,2148.01,2148.01,9.4668,2026-03-04 21:50:00
1772661300000,2146.27,2150.3,2146.15,2150.3,2.0179,2026-03-04 21:55:00
1772661600000,2150.71,2159.77,2150.71,2159.77,5.1709,2026-03-04 22:00:00
1772661900000,2157.99,2162.25,2157.99,2162.25,5.4109,2026-03-04 22:05:00
1772662200000,2163.19,2163.64,2158.14,2158.95,3.6626,2026-03-04 22:10:00
1772662500000,2157.57,2157.8,2155.79,2156.4,5.2954,2026-03-04 22:15:00
1772662800000,2156.66,2159.16,2155.84,2156.03,6.4026,2026-03-04 22:20:00
1772663100000,2156.87,2156.91,2154.44,2154.45,22.1149,2026-03-04 22:25:00
1772663400000,2152.72,2153.66,2149.97,2149.97,9.2218,2026-03-04 22:30:00
1772663700000,2147.88,2147.9,2143.24,2143.68,9.1365,2026-03-04 22:35:00
1772664000000,2144.92,2146.14,2136.14,2136.26,21.3554,2026-03-04 22:40:00
1772664300000,2136.04,2136.43,2131.72,2135.68,12.8246,2026-03-04 22:45:00
1772664600000,2135.24,2135.25,2128.57,2128.57,6.8755,2026-03-04 22:50:00
1772664900000,2128.83,2133.22,2127.54,2131.96,8.0392,2026-03-04 22:55:00
1772665200000,2133.47,2134.8,2130.5,2134.03,11.8738,2026-03-04 23:00:00
1772665500000,2132.53,2134.64,2132.53,2133.67,9.6373,2026-03-04 23:05:00
1772665800000,2133.14,2133.14,2132.26,2132.26,0.7784,2026-03-04 23:10:00
1772666100000,2134.19,2135.45,2130.75,2130.75,5.0068,2026-03-04 23:15:00
1772666400000,2128.67,2128.67,2123.66,2126.6,16.9394,2026-03-04 23:20:00
1772666700000,2128.16,2128.16,2126.47,2126.47,5.2242,2026-03-04 23:25:00
1772667000000,2125.72,2125.72,2117.05,2117.61,20.1083,2026-03-04 23:30:00
1772667300000,2118.5,2130.83,2118.5,2130.83,21.5417,2026-03-04 23:35:00
1772667600000,2128.8,2129.68,2128.5,2128.5,11.5241,2026-03-04 23:40:00
1772667900000,2129.19,2133.18,2128.97,2128.97,5.748,2026-03-04 23:45:00
1772668200000,2128.41,2128.41,2123.81,2125.0,5.3642,2026-03-04 23:50:00
1772668500000,2126.44,2129.3,2125.49,2129.3,3.7485,2026-03-04 23:55:00
1772668800000,2126.68,2130.39,2125.8,2126.65,13.1329,2026-03-05 00:00:00
1772669100000,2126.61,2126.97,2126.36,2126.72,3.8865,2026-03-05 00:05:00
1772669400000,2124.46,2126.88,2123.49,2126.2,6.1926,2026-03-05 00:10:00
1772669700000,2127.59,2132.78,2127.59,2131.48,5.1157,2026-03-05 00:15:00
1772670000000,2132.13,2134.43,2129.15,2131.21,10.1449,2026-03-05 00:20:00
1772670300000,2131.85,2131.85,2123.35,2126.73,1.3293,2026-03-05 00:25:00
1772670600000,2126.25,2127.57,2124.65,2126.54,2.0594,2026-03-05 00:30:00
1772670900000,2126.88,2130.02,2125.08,2127.31,15.0388,2026-03-05 00:35:00
1772671200000,2128.02,2133.16,2128.02,2130.22,19.6741,2026-03-05 00:40:00
1772671500000,2129.89,2134.43,2129.14,2133.41,24.5349,2026-03-05 00:45:00
1772671800000,2134.16,2134.16,2127.27,2127.27,5.6143,2026-03-05 00:50:00
1772672100000,2130.2,2131.03,2128.34,2128.34,5.267,2026-03-05 00:55:00
1772672400000,2128.02,2128.02,2124.41,2126.81,29.7546,2026-03-05 01:00:00
1772672700000,2127.88,2136.54,2127.88,2134.78,16.2897,2026-03-05 01:05:00
1772673000000,2138.0,2141.88,2133.18,2137.94,41.6003,2026-03-05 01:10:00
1772673300000,2136.45,2138.23,2129.93,2129.93,17.4076,2026-03-05 01:15:00
1772673600000,2128.19,2129.97,2122.19,2123.19,6.46,2026-03-05 01:20:00
1772673900000,2124.4,2128.54,2124.4,2127.07,8.5207,2026-03-05 01:25:00
1772674200000,2127.07,2128.05,2122.6,2123.46,10.7237,2026-03-05 01:30:00
1772674500000,2124.25,2124.97,2121.65,2121.65,9.3551,2026-03-05 01:35:00
1772674800000,2122.41,2123.14,2110.37,2113.02,16.6888,2026-03-05 01:40:00
1772675100000,2113.43,2118.03,2111.01,2111.74,7.9635,2026-03-05 01:45:00
1772675400000,2111.74,2114.15,2107.33,2114.14,17.8628,2026-03-05 01:50:00
1772675700000,2112.12,2113.12,2108.17,2113.12,6.522,2026-03-05 01:55:00
1772676000000,2113.59,2121.49,2113.59,2121.27,8.1378,2026-03-05 02:00:00
1772676300000,2119.68,2131.05,2119.68,2129.96,27.3133,2026-03-05 02:05:00
1772676600000,2129.17,2133.08,2125.85,2131.85,21.3773,2026-03-05 02:10:00
1772676900000,2132.24,2134.12,2129.64,2129.64,8.6495,2026-03-05 02:15:00
1772677200000,2127.38,2129.6,2126.56,2126.85,5.1239,2026-03-05 02:20:00
1772677500000,2126.55,2126.55,2124.85,2125.32,2.5093,2026-03-05 02:25:00
1772677800000,2126.54,2126.54,2117.93,2117.97,12.9688,2026-03-05 02:30:00
1772678100000,2119.64,2122.0,2119.63,2119.93,7.9954,2026-03-05 02:35:00
1772678400000,2119.24,2119.24,2116.09,2116.09,2.3881,2026-03-05 02:40:00
1772678700000,2118.24,2122.76,2116.86,2122.21,18.648,2026-03-05 02:45:00
1772679000000,2124.37,2124.37,2119.93,2119.93,10.8227,2026-03-05 02:50:00
1772679300000,2118.05,2121.33,2117.75,2121.33,2.8032,2026-03-05 02:55:00
1772679600000,2121.6,2123.81,2121.31,2123.48,6.5949,2026-03-05 03:00:00
1772679900000,2125.09,2125.73,2122.08,2122.08,4.8227,2026-03-05 03:05:00
1772680200000,2120.03,2121.43,2120.03,2121.43,0.8152,2026-03-05 03:10:00
1772680500000,2120.14,2122.27,2118.1,2118.1,7.8732,2026-03-05 03:15:00
1772680800000,2116.92,2118.63,2116.7,2116.7,1.3313,2026-03-05 03:20:00
1772681100000,2113.92,2113.92,2113.72,2113.72,1.6154,2026-03-05 03:25:00
1772681400000,2111.9,2113.72,2110.34,2110.34,4.0881,2026-03-05 03:30:00
1772681700000,2111.8,2113.7,2109.63,2111.31,9.5076,2026-03-05 03:35:00
1772682000000,2113.32,2114.09,2108.94,2108.94,9.5282,2026-03-05 03:40:00
1772682300000,2108.81,2113.06,2108.29,2112.57,9.5351,2026-03-05 03:45:00
1772682600000,2112.55,2113.6,2111.8,2113.6,2.4312,2026-03-05 03:50:00
1772682900000,2116.42,2121.81,2116.42,2119.7,22.1908,2026-03-05 03:55:00
1772683200000,2120.51,2120.51,2118.57,2119.22,1.0281,2026-03-05 04:00:00
1772683500000,2121.48,2126.88,2121.48,2126.88,8.7778,2026-03-05 04:05:00
1772683800000,2125.97,2129.25,2125.96,2125.96,10.3037,2026-03-05 04:10:00
1772684100000,2125.38,2125.79,2123.84,2125.56,8.1078,2026-03-05 04:15:00
1772684400000,2125.93,2132.45,2125.93,2129.97,12.6713,2026-03-05 04:20:00
1772684700000,2134.12,2134.8,2134.12,2134.52,1.6461,2026-03-05 04:25:00
1772685000000,2133.72,2136.06,2132.2,2132.36,7.5641,2026-03-05 04:30:00
1772685300000,2129.49,2133.34,2129.49,2132.41,5.6304,2026-03-05 04:35:00
1772685600000,2131.11,2138.47,2131.11,2138.47,10.6079,2026-03-05 04:40:00
1772685900000,2139.13,2143.58,2135.19,2135.51,9.0793,2026-03-05 04:45:00
1772686200000,2133.59,2133.59,2130.6,2131.17,8.5437,2026-03-05 04:50:00
1772686500000,2131.2,2141.4,2130.18,2137.55,28.8164,2026-03-05 04:55:00
1772686800000,2137.32,2139.55,2136.33,2138.84,3.5212,2026-03-05 05:00:00
1772687100000,2135.6,2136.46,2134.44,2134.75,5.4157,2026-03-05 05:05:00
1772687400000,2135.62,2135.62,2135.62,2135.62,0.9,2026-03-05 05:10:00
1772687700000,2136.62,2136.62,2135.48,2135.48,1.7993,2026-03-05 05:15:00
1772688000000,2130.08,2130.08,2122.56,2122.56,16.17,2026-03-05 05:20:00
1772688300000,2121.08,2121.08,2116.48,2119.39,35.7996,2026-03-05 05:25:00
1772688600000,2121.51,2122.01,2121.51,2122.01,1.5249,2026-03-05 05:30:00
1772688900000,2119.15,2119.15,2115.58,2117.3,8.2838,2026-03-05 05:35:00
1772689200000,2115.48,2117.54,2112.31,2117.54,8.5331,2026-03-05 05:40:00
1772689500000,2117.28,2117.35,2115.8,2115.8,3.4903,2026-03-05 05:45:00
1772689800000,2116.91,2120.27,2115.88,2120.27,4.3535,2026-03-05 05:50:00
1772690100000,2116.01,2118.81,2115.89,2118.74,3.2679,2026-03-05 05:55:00
1772690400000,2119.88,2122.74,2114.2,2121.1,14.3807,2026-03-05 06:00:00
1772690700000,2117.65,2117.81,2111.43,2111.44,1.9004,2026-03-05 06:05:00
1772691000000,2111.87,2113.25,2110.91,2113.25,9.5342,2026-03-05 06:10:00
1772691300000,2114.71,2119.85,2113.35,2119.85,7.0407,2026-03-05 06:15:00
1772691600000,2120.87,2127.12,2120.87,2124.79,3.3604,2026-03-05 06:20:00
1772691900000,2123.44,2123.44,2118.72,2120.72,3.8518,2026-03-05 06:25:00
1772692200000,2121.5,2121.5,2118.42,2118.42,1.7188,2026-03-05 06:30:00
1772692500000,2119.04,2121.86,2118.73,2121.54,6.1432,2026-03-05 06:35:00
1772692800000,2121.27,2121.27,2121.27,2121.27,0.0008,2026-03-05 06:40:00
1772693100000,2121.41,2125.94,2120.56,2125.21,9.0299,2026-03-05 06:45:00
1772693400000,2127.68,2130.42,2127.68,2129.62,5.4337,2026-03-05 06:50:00
1772693700000,2129.13,2129.13,2128.03,2128.25,2.7739,2026-03-05 06:55:00
1772694000000,2128.58,2132.25,2127.47,2130.02,5.9487,2026-03-05 07:00:00
1772694300000,2125.22,2126.85,2125.15,2126.64,2.4557,2026-03-05 07:05:00
1772694600000,2130.3,2130.3,2129.58,2129.58,1.6615,2026-03-05 07:10:00
1772694900000,2130.24,2130.24,2127.08,2127.72,1.8988,2026-03-05 07:15:00
1772695200000,2127.57,2127.57,2127.57,2127.57,0.7792,2026-03-05 07:20:00
1772695500000,2129.64,2129.64,2129.64,2129.64,0.75,2026-03-05 07:25:00
1772695800000,2125.95,2125.95,2122.75,2122.75,2.6004,2026-03-05 07:30:00
1772696100000,2119.2,2119.2,2116.63,2117.41,2.1585,2026-03-05 07:35:00
1772696400000,2118.42,2119.31,2118.42,2118.54,3.0828,2026-03-05 07:40:00
1772696700000,2119.17,2119.17,2114.82,2117.69,2.9364,2026-03-05 07:45:00
1772697000000,2115.69,2115.69,2095.35,2098.34,17.5786,2026-03-05 07:50:00
1772697300000,2096.64,2101.76,2096.64,2100.64,17.835,2026-03-05 07:55:00
1772697600000,2105.24,2105.24,2101.39,2101.39,1.5593,2026-03-05 08:00:00
1772697900000,2098.24,2101.73,2094.7,2100.23,3.8714,2026-03-05 08:05:00
1772698200000,2099.04,2099.38,2096.57,2097.7,7.2454,2026-03-05 08:10:00
1772698500000,2097.68,2098.44,2097.68,2098.44,1.5419,2026-03-05 08:15:00
1772698800000,2098.44,2098.44,2098.44,2098.44,0.0,2026-03-05 08:20:00
1772699100000,2097.58,2097.58,2097.4,2097.4,0.8981,2026-03-05 08:25:00
1772699400000,2101.43,2108.5,2101.43,2108.5,6.2239,2026-03-05 08:30:00
1772699700000,2105.47,2106.68,2105.47,2106.68,0.8378,2026-03-05 08:35:00
1772700000000,2101.36,2114.93,2101.36,2114.17,1.7626,2026-03-05 08:40:00
1772700300000,2112.64,2114.0,2110.17,2112.79,3.1819,2026-03-05 08:45:00
1772700600000,2111.78,2115.36,2111.6,2114.24,13.2688,2026-03-05 08:50:00
1772700900000,2115.27,2118.14,2115.27,2118.11,4.8962,2026-03-05 08:55:00
1772701200000,2117.33,2124.61,2117.33,2122.52,4.7682,2026-03-05 09:00:00
1772701500000,2126.02,2128.54,2121.93,2127.92,8.1828,2026-03-05 09:05:00
1772701800000,2126.75,2132.72,2126.75,2127.69,4.738,2026-03-05 09:10:00
1772702100000,2128.72,2129.55,2124.54,2126.85,8.5294,2026-03-05 09:15:00
1772702400000,2125.91,2133.62,2125.73,2129.77,9.5967,2026-03-05 09:20:00
1772702700000,2131.75,2132.32,2127.6,2128.94,5.0378,2026-03-05 09:25:00
1772703000000,2128.84,2130.69,2128.1,2130.69,1.23,2026-03-05 09:30:00
1772703300000,2132.8,2137.34,2129.32,2129.32,2.4889,2026-03-05 09:35:00
1772703600000,2125.87,2125.97,2125.81,2125.81,0.9236,2026-03-05 09:40:00
1772703900000,2126.4,2127.08,2124.09,2124.09,1.0082,2026-03-05 09:45:00
1772704200000,2124.91,2124.91,2124.89,2124.89,1.8,2026-03-05 09:50:00
1772704500000,2127.01,2127.01,2127.01,2127.01,0.0028,2026-03-05 09:55:00
1772704800000,2124.41,2124.62,2122.61,2122.61,6.3546,2026-03-05 10:00:00
1772705100000,2120.35,2125.77,2120.35,2125.77,2.8752,2026-03-05 10:05:00
1772705400000,2127.62,2127.62,2126.79,2127.41,2.5556,2026-03-05 10:10:00
1772705700000,2127.57,2130.02,2127.57,2130.02,3.6705,2026-03-05 10:15:00
1772706000000,2129.86,2135.78,2129.86,2135.78,3.6936,2026-03-05 10:20:00
1772706300000,2134.52,2147.88,2134.52,2144.56,13.8652,2026-03-05 10:25:00
1772706600000,2143.49,2159.84,2143.49,2159.65,13.211,2026-03-05 10:30:00
1772706900000,2159.72,2159.72,2150.48,2150.48,5.3919,2026-03-05 10:35:00
1772707200000,2149.53,2153.21,2148.89,2152.95,15.2145,2026-03-05 10:40:00
1772707500000,2151.6,2154.02,2149.95,2153.88,8.8556,2026-03-05 10:45:00
1772707800000,2154.34,2162.56,2154.34,2156.56,5.5933,2026-03-05 10:50:00
1772708100000,2157.8,2162.7,2155.31,2155.48,23.8375,2026-03-05 10:55:00
1772708400000,2156.47,2158.68,2151.58,2152.84,14.5671,2026-03-05 11:00:00
1772708700000,2152.25,2152.25,2146.11,2149.56,12.0905,2026-03-05 11:05:00
1772709000000,2149.53,2150.56,2147.42,2150.56,4.9648,2026-03-05 11:10:00
1772709300000,2150.56,2151.07,2147.49,2147.49,9.7147,2026-03-05 11:15:00
1772709600000,2146.3,2148.95,2145.58,2145.58,4.9693,2026-03-05 11:20:00
1772709900000,2143.26,2149.52,2143.26,2149.52,2.5671,2026-03-05 11:25:00
1772710200000,2147.84,2147.84,2145.37,2145.37,6.1952,2026-03-05 11:30:00
1772710500000,2147.0,2147.71,2137.65,2137.65,6.816,2026-03-05 11:35:00
1772710800000,2135.8,2137.02,2134.12,2134.49,10.07,2026-03-05 11:40:00
1772711100000,2135.34,2137.65,2135.34,2137.38,3.6721,2026-03-05 11:45:00
1772711400000,2139.3,2139.3,2136.44,2136.61,0.4515,2026-03-05 11:50:00
1772711700000,2138.07,2138.1,2138.07,2138.1,0.4677,2026-03-05 11:55:00
1772712000000,2138.45,2138.45,2127.54,2130.8,10.2305,2026-03-05 12:00:00
1772712300000,2131.22,2136.36,2129.85,2135.66,6.1077,2026-03-05 12:05:00
1772712600000,2133.46,2135.99,2132.11,2134.39,3.9411,2026-03-05 12:10:00
1772712900000,2132.77,2133.38,2124.57,2132.23,14.881,2026-03-05 12:15:00
1772713200000,2131.35,2132.77,2131.3,2131.76,8.8382,2026-03-05 12:20:00
1772713500000,2132.66,2132.66,2128.73,2130.91,3.5602,2026-03-05 12:25:00
1772713800000,2130.85,2131.45,2129.96,2129.96,3.9093,2026-03-05 12:30:00
1772714100000,2130.71,2130.92,2128.15,2130.75,4.3297,2026-03-05 12:35:00
1772714400000,2131.15,2136.48,2131.15,2135.55,10.7279,2026-03-05 12:40:00
1772714700000,2134.33,2142.84,2134.33,2141.06,14.2494,2026-03-05 12:45:00
1772715000000,2140.18,2140.18,2137.73,2137.73,3.4491,2026-03-05 12:50:00
1772715300000,2140.61,2140.61,2138.28,2138.28,2.8112,2026-03-05 12:55:00
1772715600000,2139.85,2139.85,2128.92,2128.92,6.1421,2026-03-05 13:00:00
1772715900000,2126.89,2128.43,2125.38,2128.43,3.643,2026-03-05 13:05:00
1772716200000,2127.86,2127.86,2123.81,2127.08,11.3794,2026-03-05 13:10:00
1772716500000,2126.56,2129.75,2124.53,2127.75,12.8943,2026-03-05 13:15:00
1772716800000,2129.33,2129.51,2120.23,2120.23,11.4536,2026-03-05 13:20:00
1772717100000,2119.02,2121.48,2115.02,2121.48,5.6571,2026-03-05 13:25:00
1772717400000,2123.31,2123.31,2109.63,2110.86,22.6979,2026-03-05 13:30:00
1772717700000,2111.71,2115.33,2111.71,2114.26,17.3088,2026-03-05 13:35:00
1772718000000,2113.52,2119.75,2113.3,2119.13,11.5385,2026-03-05 13:40:00
1772718300000,2118.75,2126.08,2118.44,2124.98,37.4957,2026-03-05 13:45:00
1772718600000,2124.96,2126.94,2123.2,2123.27,6.4595,2026-03-05 13:50:00
1772718900000,2123.39,2123.39,2114.75,2116.94,14.6958,2026-03-05 13:55:00
1772719200000,2119.01,2119.59,2116.17,2119.59,13.4049,2026-03-05 14:00:00
1772719500000,2119.97,2121.82,2114.79,2120.05,11.9562,2026-03-05 14:05:00
1772719800000,2121.39,2121.73,2120.28,2120.28,2.4233,2026-03-05 14:10:00
1772720100000,2120.32,2120.94,2115.67,2116.09,3.3075,2026-03-05 14:15:00
1772720400000,2115.63,2119.16,2114.78,2116.41,19.3485,2026-03-05 14:20:00
1772720700000,2118.18,2118.58,2115.75,2117.93,8.8472,2026-03-05 14:25:00
1772721000000,2117.28,2130.43,2110.94,2124.17,23.3813,2026-03-05 14:30:00
1772721300000,2126.36,2126.36,2104.98,2105.95,20.2218,2026-03-05 14:35:00
1772721600000,2111.48,2111.48,2097.77,2101.83,31.5975,2026-03-05 14:40:00
1772721900000,2098.81,2108.77,2098.18,2102.46,15.1113,2026-03-05 14:45:00
1772722200000,2104.53,2117.45,2104.53,2114.18,17.4009,2026-03-05 14:50:00
1772722500000,2114.22,2123.49,2110.08,2118.84,14.7094,2026-03-05 14:55:00
1772722800000,2121.04,2121.04,2106.59,2106.59,8.4295,2026-03-05 15:00:00
1772723100000,2106.56,2106.92,2085.99,2086.39,14.7197,2026-03-05 15:05:00
1772723400000,2089.75,2094.11,2084.28,2089.8,27.3398,2026-03-05 15:10:00
1772723700000,2090.16,2093.53,2080.08,2086.56,24.4178,2026-03-05 15:15:00
1772724000000,2085.61,2090.12,2077.46,2081.14,23.4521,2026-03-05 15:20:00
1772724300000,2080.09,2080.6,2073.07,2073.8,31.9053,2026-03-05 15:25:00
1772724600000,2074.34,2078.1,2068.44,2075.57,15.0765,2026-03-05 15:30:00
1772724900000,2074.6,2085.05,2074.0,2085.05,13.3234,2026-03-05 15:35:00
1772725200000,2088.02,2088.04,2079.78,2080.79,24.9409,2026-03-05 15:40:00
1772725500000,2081.02,2085.03,2079.98,2081.05,16.3511,2026-03-05 15:45:00
1772725800000,2082.13,2089.48,2082.13,2089.48,5.6287,2026-03-05 15:50:00
1772726100000,2087.07,2087.07,2079.65,2080.98,25.2483,2026-03-05 15:55:00
1772726400000,2087.21,2087.21,2075.35,2075.8,10.2523,2026-03-05 16:00:00
1772726700000,2076.91,2076.91,2061.7,2061.7,19.5933,2026-03-05 16:05:00
1772727000000,2062.15,2067.04,2056.83,2064.09,16.3688,2026-03-05 16:10:00
1772727300000,2063.9,2069.31,2061.17,2065.76,18.5344,2026-03-05 16:15:00
1772727600000,2065.42,2074.03,2065.42,2074.03,9.4517,2026-03-05 16:20:00
1772727900000,2073.37,2075.8,2072.12,2072.27,14.8897,2026-03-05 16:25:00
1772728200000,2074.13,2079.21,2071.94,2078.65,10.8044,2026-03-05 16:30:00
1772728500000,2079.18,2082.89,2078.41,2082.29,16.2763,2026-03-05 16:35:00
1772728800000,2082.99,2084.94,2079.53,2080.7,18.1949,2026-03-05 16:40:00
1772729100000,2079.93,2081.73,2078.38,2079.06,9.7584,2026-03-05 16:45:00
1772729400000,2079.03,2080.11,2075.63,2078.4,9.9741,2026-03-05 16:50:00
1772729700000,2078.31,2081.72,2078.31,2080.13,14.8989,2026-03-05 16:55:00
1772730000000,2079.45,2093.41,2079.45,2091.41,30.097,2026-03-05 17:00:00
1772730300000,2091.17,2091.17,2074.47,2074.58,22.6425,2026-03-05 17:05:00
1772730600000,2072.51,2079.36,2071.67,2079.36,11.5086,2026-03-05 17:10:00
1772730900000,2076.56,2076.56,2070.44,2071.06,17.0838,2026-03-05 17:15:00
1772731200000,2071.31,2076.36,2069.59,2076.36,19.4283,2026-03-05 17:20:00
1772731500000,2075.4,2076.79,2070.07,2071.93,12.9363,2026-03-05 17:25:00
1772731800000,2069.25,2069.58,2060.77,2065.13,13.4928,2026-03-05 17:30:00
1772732100000,2062.42,2068.39,2059.46,2066.39,11.0303,2026-03-05 17:35:00
1772732400000,2068.3,2070.12,2065.77,2067.44,9.656,2026-03-05 17:40:00
1772732700000,2065.72,2065.72,2056.83,2056.83,2.345,2026-03-05 17:45:00
1772733000000,2057.54,2063.65,2055.33,2061.41,7.3666,2026-03-05 17:50:00
1772733300000,2060.14,2060.87,2056.09,2060.87,4.9125,2026-03-05 17:55:00
1772733600000,2058.5,2064.09,2058.15,2062.93,10.8475,2026-03-05 18:00:00
1772733900000,2061.73,2067.11,2061.73,2066.52,26.8929,2026-03-05 18:05:00
1772734200000,2067.25,2069.42,2066.87,2069.2,8.4092,2026-03-05 18:10:00
1772734500000,2070.7,2071.48,2066.12,2066.12,10.5307,2026-03-05 18:15:00
1772734800000,2067.61,2071.52,2063.85,2067.84,11.1311,2026-03-05 18:20:00
1772735100000,2068.19,2068.19,2065.83,2067.32,8.5095,2026-03-05 18:25:00
1772735400000,2066.25,2075.56,2066.25,2074.75,10.9935,2026-03-05 18:30:00
1772735700000,2075.66,2077.42,2072.1,2072.25,6.2269,2026-03-05 18:35:00
1772736000000,2071.41,2077.79,2071.41,2074.72,13.7782,2026-03-05 18:40:00
1772736300000,2075.33,2076.7,2073.24,2075.12,13.181,2026-03-05 18:45:00
1772736600000,2075.37,2075.37,2071.26,2073.24,12.5664,2026-03-05 18:50:00
1772736900000,2072.41,2077.17,2072.41,2076.45,10.65,2026-03-05 18:55:00
1772737200000,2076.81,2083.71,2076.81,2080.98,9.6172,2026-03-05 19:00:00
1772737500000,2080.92,2081.67,2079.1,2079.1,12.2052,2026-03-05 19:05:00
1772737800000,2079.8,2089.03,2077.8,2089.03,21.1295,2026-03-05 19:10:00
1772738100000,2088.18,2088.18,2081.84,2085.22,10.6018,2026-03-05 19:15:00
1772738400000,2087.46,2091.95,2082.61,2082.61,12.4177,2026-03-05 19:20:00
1772738700000,2083.27,2083.27,2074.06,2078.82,28.2061,2026-03-05 19:25:00
1772739000000,2077.63,2077.63,2073.51,2075.34,14.3672,2026-03-05 19:30:00
1772739300000,2076.94,2076.98,2072.5,2074.73,9.7592,2026-03-05 19:35:00
1772739600000,2076.87,2080.62,2076.87,2080.62,7.1834,2026-03-05 19:40:00
1772739900000,2079.4,2082.85,2078.77,2082.62,3.6684,2026-03-05 19:45:00
1772740200000,2082.41,2082.77,2076.41,2076.41,15.8818,2026-03-05 19:50:00
1772740500000,2073.52,2075.07,2072.8,2074.21,5.6887,2026-03-05 19:55:00
1772740800000,2076.68,2078.93,2071.0,2078.64,12.3176,2026-03-05 20:00:00
1772741100000,2078.01,2080.35,2072.48,2079.27,24.6987,2026-03-05 20:05:00
1772741400000,2078.52,2080.78,2078.52,2079.52,19.3419,2026-03-05 20:10:00
1772741700000,2081.93,2088.57,2081.02,2087.84,27.0098,2026-03-05 20:15:00
1772742000000,2087.54,2091.82,2087.26,2089.73,9.6074,2026-03-05 20:20:00
1772742300000,2092.82,2093.71,2086.22,2086.22,6.9915,2026-03-05 20:25:00
1772742600000,2087.65,2091.51,2087.47,2090.14,16.6428,2026-03-05 20:30:00
1772742900000,2091.56,2096.72,2089.75,2089.8,14.0806,2026-03-05 20:35:00
1772743200000,2089.73,2089.79,2086.11,2087.74,12.342,2026-03-05 20:40:00
1772743500000,2088.68,2091.4,2086.61,2091.4,12.3636,2026-03-05 20:45:00
1772743800000,2091.0,2092.23,2085.66,2092.23,5.1622,2026-03-05 20:50:00
1772744100000,2092.52,2097.85,2092.1,2092.11,10.3547,2026-03-05 20:55:00
1772744400000,2094.85,2096.82,2093.8,2096.82,10.1501,2026-03-05 21:00:00
1772744700000,2096.18,2096.85,2093.84,2094.6,7.0368,2026-03-05 21:05:00
1772745000000,2094.71,2094.71,2092.46,2093.6,8.3389,2026-03-05 21:10:00
1772745300000,2093.83,2098.28,2093.77,2095.4,8.1469,2026-03-05 21:15:00
1772745600000,2096.97,2097.57,2093.18,2094.04,18.1199,2026-03-05 21:20:00
1772745900000,2094.52,2094.52,2090.1,2092.59,4.3355,2026-03-05 21:25:00
1772746200000,2093.46,2093.5,2085.67,2085.67,11.4945,2026-03-05 21:30:00
1772746500000,2083.12,2084.9,2077.3,2077.84,20.036,2026-03-05 21:35:00
1772746800000,2080.73,2080.73,2080.73,2080.73,0.2481,2026-03-05 21:40:00
1772747100000,2081.81,2082.5,2081.04,2082.5,2.5251,2026-03-05 21:45:00
1772747400000,2083.9,2083.9,2075.94,2076.52,3.1411,2026-03-05 21:50:00
1772747700000,2076.88,2080.3,2076.88,2080.3,5.8437,2026-03-05 21:55:00
1772748000000,2079.46,2080.34,2077.84,2077.84,1.8232,2026-03-05 22:00:00
1772748300000,2078.02,2082.97,2078.02,2082.97,8.1896,2026-03-05 22:05:00
1772748600000,2080.28,2080.68,2079.41,2079.51,5.9454,2026-03-05 22:10:00
1772748900000,2081.45,2082.6,2080.0,2082.6,6.7221,2026-03-05 22:15:00
1772749200000,2081.32,2082.85,2079.76,2082.85,3.9512,2026-03-05 22:20:00
1772749500000,2082.75,2082.75,2079.21,2079.21,5.2901,2026-03-05 22:25:00
1772749800000,2079.59,2080.56,2079.23,2079.23,2.2525,2026-03-05 22:30:00
1772750100000,2081.98,2082.82,2081.98,2082.82,1.9286,2026-03-05 22:35:00
1772750400000,2081.49,2083.81,2081.49,2082.15,5.131,2026-03-05 22:40:00
1772750700000,2082.51,2083.51,2082.51,2082.52,2.3397,2026-03-05 22:45:00
1772751000000,2082.52,2082.52,2082.52,2082.52,0.0,2026-03-05 22:50:00
1772751300000,2081.58,2083.97,2080.27,2081.1,4.4962,2026-03-05 22:55:00
1772751600000,2080.46,2082.23,2080.22,2080.22,7.1717,2026-03-05 23:00:00
1772751900000,2079.9,2079.9,2079.9,2079.9,0.0149,2026-03-05 23:05:00
1772752200000,2079.9,2079.9,2079.9,2079.9,0.0,2026-03-05 23:10:00
1772752500000,2078.68,2080.42,2078.68,2080.42,0.7633,2026-03-05 23:15:00
1772752800000,2081.15,2082.52,2081.15,2082.52,2.5278,2026-03-05 23:20:00
1772753100000,2081.96,2084.07,2081.96,2084.07,0.8035,2026-03-05 23:25:00
1772753400000,2082.99,2082.99,2074.07,2075.05,4.3344,2026-03-05 23:30:00
1772753700000,2075.51,2077.15,2075.51,2077.15,1.0458,2026-03-05 23:35:00
1772754000000,2076.14,2076.14,2074.27,2074.41,1.5156,2026-03-05 23:40:00
1772754300000,2074.41,2074.41,2074.41,2074.41,0.0,2026-03-05 23:45:00
1772754600000,2073.1,2073.87,2073.1,2073.75,14.536,2026-03-05 23:50:00
1772754900000,2073.32,2073.62,2068.44,2072.95,15.5114,2026-03-05 23:55:00
1772755200000,2072.9,2073.64,2072.9,2073.64,3.3839,2026-03-06 00:00:00
1772755500000,2074.06,2075.97,2073.37,2075.59,9.1641,2026-03-06 00:05:00
1772755800000,2074.87,2080.51,2074.87,2080.51,3.2001,2026-03-06 00:10:00
1772756100000,2080.01,2080.01,2074.45,2076.31,4.3232,2026-03-06 00:15:00
1772756400000,2075.4,2076.93,2073.65,2076.93,7.6456,2026-03-06 00:20:00
1772756700000,2074.82,2074.82,2071.95,2072.23,1.675,2026-03-06 00:25:00
1772757000000,2072.63,2073.75,2071.57,2072.36,3.2131,2026-03-06 00:30:00
1772757300000,2070.51,2072.04,2070.27,2070.98,7.4565,2026-03-06 00:35:00
1772757600000,2071.23,2071.98,2071.02,2071.3,8.4703,2026-03-06 00:40:00
1772757900000,2071.14,2076.22,2071.14,2075.13,8.0251,2026-03-06 00:45:00
1772758200000,2074.24,2074.24,2068.0,2072.5,2.7026,2026-03-06 00:50:00
1772758500000,2074.27,2074.64,2074.27,2074.64,0.2557,2026-03-06 00:55:00
1772758800000,2074.84,2077.65,2073.68,2075.19,11.4803,2026-03-06 01:00:00
1772759100000,2075.24,2078.08,2075.24,2077.52,16.8822,2026-03-06 01:05:00
1772759400000,2078.09,2078.09,2072.67,2072.67,30.8219,2026-03-06 01:10:00
1772759700000,2074.4,2077.67,2073.96,2077.67,8.2716,2026-03-06 01:15:00
1772760000000,2077.3,2077.3,2075.45,2075.45,3.8539,2026-03-06 01:20:00
1772760300000,2076.39,2076.39,2062.63,2065.38,27.8779,2026-03-06 01:25:00
1772760600000,2067.21,2082.55,2066.29,2082.25,18.8554,2026-03-06 01:30:00
1772760900000,2084.24,2086.61,2080.87,2086.61,9.5829,2026-03-06 01:35:00
1772761200000,2084.76,2088.03,2084.76,2085.81,14.7217,2026-03-06 01:40:00
1772761500000,2086.14,2087.36,2082.5,2085.93,7.937,2026-03-06 01:45:00
1772761800000,2086.9,2091.38,2086.88,2086.88,8.1262,2026-03-06 01:50:00
1772762100000,2088.61,2088.61,2087.01,2088.43,4.543,2026-03-06 01:55:00
1772762400000,2087.42,2088.56,2086.0,2086.29,11.1092,2026-03-06 02:00:00
1772762700000,2085.28,2089.08,2085.28,2087.27,7.0368,2026-03-06 02:05:00
1772763000000,2088.09,2093.0,2087.04,2092.24,5.146,2026-03-06 02:10:00
1772763300000,2092.0,2093.03,2085.27,2085.35,16.3804,2026-03-06 02:15:00
1772763600000,2085.15,2085.15,2080.82,2083.67,6.0197,2026-03-06 02:20:00
1772763900000,2084.84,2089.4,2084.62,2087.15,6.9554,2026-03-06 02:25:00
1772764200000,2087.01,2087.01,2084.42,2084.42,3.9566,2026-03-06 02:30:00
1772764500000,2083.79,2084.83,2083.43,2084.83,4.9135,2026-03-06 02:35:00
1772764800000,2086.1,2087.79,2085.25,2087.79,8.3933,2026-03-06 02:40:00
1772765100000,2087.74,2087.78,2086.95,2086.95,3.2965,2026-03-06 02:45:00
1772765400000,2084.65,2084.89,2083.78,2083.78,1.8999,2026-03-06 02:50:00
1772765700000,2083.09,2083.46,2083.09,2083.46,0.0497,2026-03-06 02:55:00
1772766000000,2084.12,2084.49,2083.36,2084.49,0.2567,2026-03-06 03:00:00
1772766300000,2085.37,2085.38,2084.76,2085.21,6.729,2026-03-06 03:05:00
1772766600000,2085.3,2086.11,2077.14,2077.14,1.6746,2026-03-06 03:10:00
1772766900000,2077.66,2078.94,2075.24,2076.92,2.3178,2026-03-06 03:15:00
1772767200000,2086.28,2086.28,2086.17,2086.17,0.0128,2026-03-06 03:20:00
1772767500000,2086.71,2086.9,2086.32,2086.43,5.3553,2026-03-06 03:25:00
1772767800000,2086.88,2087.79,2085.91,2085.91,5.5052,2026-03-06 03:30:00
1772768100000,2086.64,2087.26,2084.1,2085.58,7.4282,2026-03-06 03:35:00
1772768400000,2084.34,2085.03,2084.34,2085.03,2.4569,2026-03-06 03:40:00
1772768700000,2083.2,2083.2,2083.19,2083.19,2.5741,2026-03-06 03:45:00
1772769000000,2084.12,2084.12,2081.28,2081.28,1.5442,2026-03-06 03:50:00
1772769300000,2082.62,2084.14,2082.23,2083.26,2.5174,2026-03-06 03:55:00
1772769600000,2081.63,2084.06,2080.52,2083.51,3.4703,2026-03-06 04:00:00
1772769900000,2083.32,2083.32,2080.75,2080.75,3.1877,2026-03-06 04:05:00
1772770200000,2079.44,2079.57,2078.44,2078.44,5.4658,2026-03-06 04:10:00
1772770500000,2078.07,2078.07,2075.61,2076.07,4.5838,2026-03-06 04:15:00
1772770800000,2076.88,2076.88,2076.27,2076.42,2.3797,2026-03-06 04:20:00
1772771100000,2078.91,2078.91,2076.9,2076.9,1.7336,2026-03-06 04:25:00
1772771400000,2073.11,2073.9,2073.11,2073.23,2.552,2026-03-06 04:30:00
1772771700000,2075.91,2075.91,2070.6,2070.6,3.326,2026-03-06 04:35:00
1772772000000,2069.96,2069.96,2059.47,2069.02,6.1084,2026-03-06 04:40:00
1772772300000,2068.75,2069.68,2067.93,2068.25,4.96,2026-03-06 04:45:00
1772772600000,2068.76,2070.73,2068.76,2070.24,1.9942,2026-03-06 04:50:00
1772772900000,2068.69,2070.78,2068.41,2070.78,2.1338,2026-03-06 04:55:00
1772773200000,2071.25,2071.25,2069.67,2070.7,2.3819,2026-03-06 05:00:00
1772773500000,2070.86,2070.86,2066.26,2068.05,2.1477,2026-03-06 05:05:00
1772773800000,2069.45,2069.45,2067.37,2067.7,1.0207,2026-03-06 05:10:00
1772774100000,2073.88,2074.39,2073.72,2073.72,1.7104,2026-03-06 05:15:00
1772774400000,2071.11,2071.11,2064.99,2065.75,0.795,2026-03-06 05:20:00
1772774700000,2066.0,2066.0,2066.0,2066.0,0.254,2026-03-06 05:25:00
1772775000000,2065.4,2068.84,2065.19,2065.19,1.6604,2026-03-06 05:30:00
1772775300000,2064.13,2066.41,2061.88,2062.2,3.194,2026-03-06 05:35:00
1772775600000,2062.11,2062.94,2059.99,2061.75,8.0738,2026-03-06 05:40:00
1772775900000,2060.14,2063.16,2060.14,2060.52,4.3268,2026-03-06 05:45:00
1772776200000,2060.22,2067.4,2060.22,2067.4,4.3319,2026-03-06 05:50:00
1772776500000,2066.63,2071.01,2066.63,2069.53,8.3617,2026-03-06 05:55:00
1772776800000,2068.77,2070.36,2068.3,2069.95,1.7818,2026-03-06 06:00:00
1772777100000,2067.35,2067.72,2064.79,2064.79,1.5912,2026-03-06 06:05:00
1772777400000,2064.99,2064.99,2064.99,2064.99,0.059,2026-03-06 06:10:00
1772777700000,2065.36,2065.36,2064.34,2064.34,2.5276,2026-03-06 06:15:00
1772778000000,2066.7,2070.49,2066.7,2070.49,2.8932,2026-03-06 06:20:00
1772778300000,2071.19,2071.19,2069.88,2069.88,3.2387,2026-03-06 06:25:00
1772778600000,2070.05,2070.05,2069.67,2069.67,1.5,2026-03-06 06:30:00
1772778900000,2067.89,2071.16,2067.89,2070.94,3.1031,2026-03-06 06:35:00
1772779200000,2070.97,2074.67,2069.63,2074.67,7.9549,2026-03-06 06:40:00
1772779500000,2075.54,2080.29,2075.14,2076.99,6.1729,2026-03-06 06:45:00
1772779800000,2076.36,2076.36,2075.55,2075.55,0.6458,2026-03-06 06:50:00
1772780100000,2075.31,2075.31,2074.27,2074.27,1.5963,2026-03-06 06:55:00
1772780400000,2076.13,2078.85,2076.01,2077.85,15.0226,2026-03-06 07:00:00
1772780700000,2079.11,2079.11,2074.79,2074.79,5.5002,2026-03-06 07:05:00
1772781000000,2071.73,2072.11,2069.33,2072.11,2.2976,2026-03-06 07:10:00
1772781300000,2072.38,2073.61,2072.38,2073.61,0.2598,2026-03-06 07:15:00
1772781600000,2076.23,2078.57,2076.23,2078.57,2.4627,2026-03-06 07:20:00
1772781900000,2079.2,2083.74,2079.2,2083.5,6.1575,2026-03-06 07:25:00
1772782200000,2084.94,2085.34,2084.37,2084.37,1.1694,2026-03-06 07:30:00
1772782500000,2082.42,2082.96,2082.42,2082.96,2.4013,2026-03-06 07:35:00
1772782800000,2082.92,2086.47,2082.92,2086.47,1.152,2026-03-06 07:40:00
1772783100000,2084.08,2087.39,2083.3,2083.75,3.7906,2026-03-06 07:45:00
1772783400000,2084.16,2084.16,2083.61,2083.61,0.2603,2026-03-06 07:50:00
1772783700000,2083.81,2083.81,2082.04,2082.54,1.8689,2026-03-06 07:55:00
1772784000000,2082.54,2082.54,2082.54,2082.54,0.0,2026-03-06 08:00:00
1772784300000,2079.85,2080.48,2079.85,2080.48,0.9019,2026-03-06 08:05:00
1772784600000,2080.63,2080.69,2079.58,2080.69,1.3982,2026-03-06 08:10:00
1772784900000,2081.46,2081.46,2081.46,2081.46,0.007,2026-03-06 08:15:00
1772785200000,2081.93,2081.93,2079.51,2080.49,6.1849,2026-03-06 08:20:00
1772785500000,2079.8,2079.8,2076.88,2078.82,1.8233,2026-03-06 08:25:00
1772785800000,2076.67,2078.05,2075.63,2078.05,4.5643,2026-03-06 08:30:00
1772786100000,2079.39,2080.09,2079.12,2079.12,2.9335,2026-03-06 08:35:00
1772786400000,2079.32,2081.24,2079.32,2080.75,3.4429,2026-03-06 08:40:00
1772786700000,2082.3,2082.3,2081.56,2081.56,1.9706,2026-03-06 08:45:00
1772787000000,2081.04,2081.04,2078.12,2078.12,7.1848,2026-03-06 08:50:00
1772787300000,2077.9,2078.02,2075.59,2075.62,2.657,2026-03-06 08:55:00
1772787600000,2075.02,2076.92,2074.11,2075.81,8.7247,2026-03-06 09:00:00
1772787900000,2075.34,2076.25,2070.0,2070.0,6.0867,2026-03-06 09:05:00
1772788200000,2068.74,2068.74,2064.22,2064.96,5.9154,2026-03-06 09:10:00
1772788500000,2065.24,2065.24,2055.33,2063.26,10.627,2026-03-06 09:15:00
1772788800000,2062.72,2063.12,2059.31,2060.53,10.9725,2026-03-06 09:20:00
1772789100000,2057.75,2057.75,2056.04,2056.22,4.2083,2026-03-06 09:25:00
1772789400000,2058.45,2058.45,2049.16,2050.26,12.5839,2026-03-06 09:30:00
1772789700000,2051.97,2052.59,2047.23,2048.43,10.0453,2026-03-06 09:35:00
1772790000000,2047.23,2053.51,2046.17,2053.51,8.1441,2026-03-06 09:40:00
1772790300000,2054.97,2054.97,2052.52,2052.52,3.8145,2026-03-06 09:45:00
1772790600000,2054.05,2058.46,2054.05,2057.69,5.3183,2026-03-06 09:50:00
1772790900000,2056.95,2061.11,2056.75,2059.46,6.4556,2026-03-06 09:55:00
1772791200000,2059.1,2063.3,2059.1,2061.05,14.2394,2026-03-06 10:00:00
1772791500000,2061.79,2063.29,2061.79,2063.29,1.5809,2026-03-06 10:05:00
1772791800000,2062.94,2064.0,2062.38,2063.62,6.7162,2026-03-06 10:10:00
1772792100000,2063.62,2065.67,2063.2,2065.67,6.3083,2026-03-06 10:15:00
1772792400000,2064.71,2067.77,2064.56,2067.25,2.2953,2026-03-06 10:20:00
1772792700000,2066.87,2068.51,2066.16,2068.12,5.2316,2026-03-06 10:25:00
1772793000000,2068.26,2068.26,2063.07,2063.07,6.7979,2026-03-06 10:30:00
1772793300000,2062.33,2062.33,2062.33,2062.33,0.75,2026-03-06 10:35:00
1772793600000,2062.81,2063.16,2062.81,2063.16,0.5251,2026-03-06 10:40:00
1772793900000,2063.84,2065.75,2063.84,2065.75,1.6691,2026-03-06 10:45:00
1772794200000,2065.35,2065.39,2065.35,2065.39,1.0149,2026-03-06 10:50:00
1772794500000,2064.4,2064.4,2064.4,2064.4,0.0056,2026-03-06 10:55:00
1772794800000,2062.76,2062.76,2060.72,2060.72,3.1915,2026-03-06 11:00:00
1772795100000,2059.52,2060.15,2058.86,2059.34,4.2829,2026-03-06 11:05:00
1772795400000,2060.12,2065.72,2058.5,2064.85,4.971,2026-03-06 11:10:00
1772795700000,2064.1,2065.09,2063.28,2063.28,2.7326,2026-03-06 11:15:00
1772796000000,2063.69,2065.9,2063.69,2065.9,1.1472,2026-03-06 11:20:00
1772796300000,2066.59,2066.91,2066.26,2066.26,3.45,2026-03-06 11:25:00
1772796600000,2064.82,2064.99,2062.44,2062.44,4.6742,2026-03-06 11:30:00
1772796900000,2063.89,2064.36,2063.89,2064.36,0.5137,2026-03-06 11:35:00
1772797200000,2062.6,2062.6,2054.84,2057.46,3.6519,2026-03-06 11:40:00
1772797500000,2055.17,2055.64,2053.52,2053.84,12.1288,2026-03-06 11:45:00
1772797800000,2053.65,2053.69,2052.42,2053.65,11.1845,2026-03-06 11:50:00
1772798100000,2052.24,2052.38,2050.19,2051.2,11.2936,2026-03-06 11:55:00
1772798400000,2050.66,2052.14,2048.95,2048.95,12.6431,2026-03-06 12:00:00
1772798700000,2049.58,2050.2,2038.57,2038.57,10.1177,2026-03-06 12:05:00
1772799000000,2039.34,2043.9,2036.77,2043.9,10.372,2026-03-06 12:10:00
1772799300000,2044.44,2054.05,2044.44,2054.05,4.5691,2026-03-06 12:15:00
1772799600000,2053.63,2053.76,2051.94,2053.65,5.3581,2026-03-06 12:20:00
1772799900000,2054.42,2054.42,2052.62,2052.62,4.1229,2026-03-06 12:25:00
1772800200000,2052.04,2052.75,2045.29,2046.59,4.9673,2026-03-06 12:30:00
1772800500000,2043.44,2043.47,2039.49,2042.03,16.7315,2026-03-06 12:35:00
1772800800000,2040.9,2044.02,2040.69,2043.95,4.5873,2026-03-06 12:40:00
1772801100000,2044.42,2044.69,2040.9,2042.66,6.3833,2026-03-06 12:45:00
1772801400000,2050.11,2050.11,2048.08,2048.31,4.95,2026-03-06 12:50:00
1772801700000,2048.86,2051.99,2048.81,2048.81,11.8892,2026-03-06 12:55:00
1772802000000,2049.2,2051.29,2047.04,2049.82,6.3374,2026-03-06 13:00:00
1772802300000,2048.33,2049.81,2048.33,2049.14,0.4085,2026-03-06 13:05:00
1772802600000,2050.89,2052.01,2049.22,2049.61,2.7525,2026-03-06 13:10:00
1772802900000,2049.35,2049.35,2049.07,2049.07,1.1681,2026-03-06 13:15:00
1772803200000,2045.42,2047.04,2040.87,2047.04,1.3647,2026-03-06 13:20:00
1772803500000,2049.73,2049.73,2047.81,2048.26,0.2919,2026-03-06 13:25:00
1772803800000,2049.02,2056.86,2037.76,2053.74,6.0416,2026-03-06 13:30:00
1772804100000,2061.02,2061.58,2053.6,2053.6,1.4979,2026-03-06 13:35:00
1772804400000,2052.05,2052.05,2052.05,2052.05,0.2694,2026-03-06 13:40:00
1772804700000,2050.79,2050.79,2044.86,2045.58,0.8267,2026-03-06 13:45:00
1772805000000,2048.97,2048.97,2042.96,2043.45,4.4902,2026-03-06 13:50:00
1772805300000,2041.8,2041.8,2019.39,2019.39,14.6158,2026-03-06 13:55:00
1772805600000,2019.12,2022.61,2011.9,2022.26,9.5676,2026-03-06 14:00:00
1772805900000,2020.67,2020.67,2007.45,2007.45,1.3087,2026-03-06 14:05:00
1772806200000,2005.35,2007.25,1998.58,2003.83,1.4993,2026-03-06 14:10:00
1772806500000,2006.38,2010.96,2004.56,2010.91,0.6469,2026-03-06 14:15:00
1772806800000,2010.91,2010.91,2010.91,2010.91,0.0,2026-03-06 14:20:00
1772807100000,2013.91,2013.91,2012.1,2012.1,0.2785,2026-03-06 14:25:00
1772807400000,2009.28,2009.77,1998.92,2002.85,12.5512,2026-03-06 14:30:00
1772807700000,1998.46,1998.46,1984.37,1993.72,13.7137,2026-03-06 14:35:00
1772808000000,1994.81,1996.75,1989.73,1993.84,1.5147,2026-03-06 14:40:00
1772808300000,1984.0,1984.14,1981.66,1981.68,0.9556,2026-03-06 14:45:00
1772808600000,1979.3,1985.99,1977.31,1979.83,5.8894,2026-03-06 14:50:00
1772808900000,1975.78,1984.32,1973.13,1984.32,2.1107,2026-03-06 14:55:00
1772809200000,1982.77,1989.58,1982.74,1985.18,2.0033,2026-03-06 15:00:00
1772809500000,1984.23,1988.01,1981.6,1982.7,0.374,2026-03-06 15:05:00
1772809800000,1976.78,1985.34,1976.78,1985.34,1.0865,2026-03-06 15:10:00
1772810100000,1985.34,1992.35,1985.34,1992.35,0.9115,2026-03-06 15:15:00
1772810400000,1991.57,1996.47,1990.77,1995.55,1.2932,2026-03-06 15:20:00
1772810700000,1991.61,1991.84,1988.89,1990.89,2.3179,2026-03-06 15:25:00
1772811000000,1993.64,1993.64,1990.07,1990.07,0.2735,2026-03-06 15:30:00
1772811300000,1989.81,1995.19,1989.81,1995.19,0.6925,2026-03-06 15:35:00
1772811600000,1991.06,1991.06,1982.7,1985.39,8.6282,2026-03-06 15:40:00
1772811900000,1983.16,1983.16,1979.44,1979.67,6.2831,2026-03-06 15:45:00
1772812200000,1980.0,1980.5,1967.2,1971.67,5.6059,2026-03-06 15:50:00
1772812500000,1977.65,1978.43,1976.47,1978.43,1.7189,2026-03-06 15:55:00
1772812800000,1976.82,1982.7,1976.57,1982.01,5.9031,2026-03-06 16:00:00
1772813100000,1983.34,1983.53,1971.27,1971.27,6.0364,2026-03-06 16:05:00
1772813400000,1971.67,1973.19,1968.12,1970.0,9.8515,2026-03-06 16:10:00
1772813700000,1969.83,1973.5,1969.8,1970.93,10.6047,2026-03-06 16:15:00
1772814000000,1971.0,1971.0,1967.9,1969.26,6.6109,2026-03-06 16:20:00
1772814300000,1974.09,1974.5,1971.74,1974.34,7.6428,2026-03-06 16:25:00
1772814600000,1974.74,1976.34,1969.58,1969.58,8.1043,2026-03-06 16:30:00
1772814900000,1969.73,1979.99,1969.73,1979.16,8.5806,2026-03-06 16:35:00
1772815200000,1976.02,1976.04,1974.22,1974.51,4.8129,2026-03-06 16:40:00
1772815500000,1977.83,1978.91,1972.86,1975.34,6.6262,2026-03-06 16:45:00
1772815800000,1975.0,1977.13,1970.22,1970.22,3.1997,2026-03-06 16:50:00
1772816100000,1971.54,1972.82,1971.54,1971.71,2.6889,2026-03-06 16:55:00
1772816400000,1970.23,1975.42,1969.27,1975.42,7.396,2026-03-06 17:00:00
1772816700000,1974.72,1975.99,1971.62,1971.82,6.9291,2026-03-06 17:05:00
1772817000000,1973.78,1975.47,1973.67,1974.7,6.3153,2026-03-06 17:10:00
1772817300000,1973.77,1975.69,1971.05,1973.32,5.5661,2026-03-06 17:15:00
1772817600000,1975.89,1980.4,1973.74,1973.74,3.0501,2026-03-06 17:20:00
1772817900000,1972.44,1975.86,1969.41,1974.32,8.2964,2026-03-06 17:25:00
1772818200000,1973.52,1975.05,1972.14,1972.14,9.122,2026-03-06 17:30:00
1772818500000,1971.42,1971.42,1956.09,1959.64,11.8279,2026-03-06 17:35:00
1772818800000,1960.35,1960.35,1957.44,1958.7,15.1639,2026-03-06 17:40:00
1772819100000,1960.41,1965.03,1959.65,1965.03,3.8438,2026-03-06 17:45:00
1772819400000,1965.43,1966.57,1964.12,1966.13,5.4351,2026-03-06 17:50:00
1772819700000,1966.6,1969.07,1965.83,1967.5,5.1786,2026-03-06 17:55:00
1772820000000,1966.19,1974.13,1966.19,1970.76,8.6935,2026-03-06 18:00:00
1772820300000,1972.01,1976.84,1972.01,1975.09,8.934,2026-03-06 18:05:00
1772820600000,1975.34,1979.82,1975.34,1979.82,7.9862,2026-03-06 18:10:00
1772820900000,1979.97,1979.98,1975.87,1977.94,18.208,2026-03-06 18:15:00
1772821200000,1977.37,1977.6,1974.91,1975.55,5.004,2026-03-06 18:20:00
1772821500000,1976.73,1978.52,1976.68,1976.71,7.736,2026-03-06 18:25:00
1772821800000,1976.47,1983.14,1976.47,1982.16,8.7367,2026-03-06 18:30:00
1772822100000,1981.1,1981.1,1978.72,1980.43,11.6135,2026-03-06 18:35:00
1772822400000,1980.56,1981.88,1980.0,1980.0,5.7291,2026-03-06 18:40:00
1772822700000,1980.93,1982.17,1980.46,1980.53,3.422,2026-03-06 18:45:00
1772823000000,1980.19,1980.19,1975.8,1976.55,7.1447,2026-03-06 18:50:00
1772823300000,1975.19,1975.23,1974.21,1975.05,2.8617,2026-03-06 18:55:00
1772823600000,1976.56,1979.92,1976.56,1977.14,7.9723,2026-03-06 19:00:00
1772823900000,1977.78,1979.04,1977.77,1979.04,3.2844,2026-03-06 19:05:00
1772824200000,1980.52,1987.41,1980.52,1985.43,5.7257,2026-03-06 19:10:00
1772824500000,1987.48,1991.95,1987.19,1991.95,7.8019,2026-03-06 19:15:00
1772824800000,1990.14,1990.92,1983.71,1986.08,7.0015,2026-03-06 19:20:00
1772825100000,1983.3,1987.37,1983.3,1985.86,4.9557,2026-03-06 19:25:00
1772825400000,1985.93,1988.18,1985.78,1987.01,5.4941,2026-03-06 19:30:00
1772825700000,1988.78,1988.78,1985.4,1985.4,2.9241,2026-03-06 19:35:00
1772826000000,1986.04,1989.98,1986.04,1989.98,3.15,2026-03-06 19:40:00
1772826300000,1983.93,1983.93,1981.52,1982.84,4.9567,2026-03-06 19:45:00
1772826600000,1983.02,1983.45,1981.67,1982.72,11.6212,2026-03-06 19:50:00
1772826900000,1982.95,1984.84,1982.95,1984.56,12.33,2026-03-06 19:55:00
1772827200000,1984.15,1987.2,1983.36,1986.25,10.8331,2026-03-06 20:00:00
1772827500000,1985.32,1986.1,1983.81,1983.88,8.2612,2026-03-06 20:05:00
1772827800000,1983.47,1983.47,1978.02,1978.02,4.955,2026-03-06 20:10:00
1772828100000,1978.57,1980.82,1978.57,1979.67,5.427,2026-03-06 20:15:00
1772828400000,1978.52,1980.01,1978.52,1979.65,11.3959,2026-03-06 20:20:00
1772828700000,1977.55,1977.55,1973.0,1973.53,10.8586,2026-03-06 20:25:00
1772829000000,1973.21,1974.14,1970.68,1971.71,14.4745,2026-03-06 20:30:00
1772829300000,1971.36,1976.43,1969.57,1976.43,12.0972,2026-03-06 20:35:00
1772829600000,1976.18,1982.62,1974.87,1980.11,5.7571,2026-03-06 20:40:00
1772829900000,1978.63,1979.42,1977.79,1979.1,4.1878,2026-03-06 20:45:00
1772830200000,1981.28,1981.28,1978.81,1981.16,18.1096,2026-03-06 20:50:00
1772830500000,1980.73,1981.41,1978.04,1979.32,22.0273,2026-03-06 20:55:00
1772830800000,1979.18,1981.77,1975.82,1980.45,12.1889,2026-03-06 21:00:00
1772831100000,1980.36,1980.7,1979.86,1979.86,1.6636,2026-03-06 21:05:00
1772831400000,1980.02,1980.21,1980.02,1980.21,0.8805,2026-03-06 21:10:00
1772831700000,1980.66,1980.93,1978.6,1978.76,6.6009,2026-03-06 21:15:00
1772832000000,1978.9,1978.9,1974.89,1974.92,5.3986,2026-03-06 21:20:00
1772832300000,1972.98,1975.3,1971.95,1975.3,6.064,2026-03-06 21:25:00
1772832600000,1974.7,1975.79,1974.42,1975.79,4.6623,2026-03-06 21:30:00
1772832900000,1976.76,1978.83,1976.57,1977.52,2.9462,2026-03-06 21:35:00
1772833200000,1977.46,1977.86,1977.46,1977.86,0.0042,2026-03-06 21:40:00
1772833500000,1978.53,1978.53,1978.46,1978.46,1.65,2026-03-06 21:45:00
1772833800000,1980.15,1980.15,1980.15,1980.15,0.9,2026-03-06 21:50:00
1772834100000,1980.89,1984.45,1980.89,1984.17,2.5699,2026-03-06 21:55:00
1772834400000,1983.63,1985.37,1983.4,1984.36,3.9822,2026-03-06 22:00:00
1772834700000,1983.42,1983.58,1982.51,1983.58,0.7776,2026-03-06 22:05:00
1772835000000,1983.89,1984.39,1983.77,1983.77,2.1114,2026-03-06 22:10:00
1772835300000,1983.61,1985.59,1983.61,1985.59,0.9753,2026-03-06 22:15:00
1772835600000,1985.96,1986.24,1983.33,1983.76,3.0549,2026-03-06 22:20:00
1772835900000,1984.44,1984.48,1984.39,1984.48,2.4,2026-03-06 22:25:00
1772836200000,1983.0,1983.0,1982.38,1982.55,0.8316,2026-03-06 22:30:00
1772836500000,1982.66,1983.45,1982.66,1983.45,1.5677,2026-03-06 22:35:00
1772836800000,1984.58,1986.46,1984.49,1984.49,8.2128,2026-03-06 22:40:00
1772837100000,1986.18,1986.18,1986.18,1986.18,0.8215,2026-03-06 22:45:00
1772837400000,1988.16,1988.16,1988.16,1988.16,0.002,2026-03-06 22:50:00
1772837700000,1987.34,1989.3,1987.34,1987.37,1.6732,2026-03-06 22:55:00
1772838000000,1986.05,1986.54,1984.73,1986.54,3.5501,2026-03-06 23:00:00
1772838300000,1985.51,1985.51,1985.51,1985.51,0.75,2026-03-06 23:05:00
1772838600000,1986.27,1986.27,1984.65,1986.18,2.2249,2026-03-06 23:10:00
1772838900000,1984.97,1985.92,1984.97,1985.92,0.1407,2026-03-06 23:15:00
1772839200000,1987.01,1987.01,1985.66,1985.66,0.8487,2026-03-06 23:20:00
1772839500000,1987.2,1987.2,1986.84,1986.84,0.7525,2026-03-06 23:25:00
1772839800000,1986.69,1986.69,1986.69,1986.69,0.0151,2026-03-06 23:30:00
1772840100000,1984.98,1984.98,1984.14,1984.14,0.7555,2026-03-06 23:35:00
1772840400000,1982.0,1982.08,1982.0,1982.08,1.5937,2026-03-06 23:40:00
1772840700000,1982.41,1982.62,1982.4,1982.62,2.55,2026-03-06 23:45:00
1772841000000,1981.56,1981.56,1980.57,1980.57,0.8238,2026-03-06 23:50:00
1772841300000,1980.92,1980.92,1977.36,1978.08,4.1099,2026-03-06 23:55:00
1772841600000,1977.86,1979.56,1977.63,1978.31,1.7679,2026-03-07 00:00:00
1772841900000,1978.09,1980.77,1978.09,1980.77,0.7651,2026-03-07 00:05:00
1772842200000,1980.11,1982.03,1980.11,1982.03,1.0388,2026-03-07 00:10:00
1772842500000,1980.1,1981.3,1980.1,1981.18,0.0115,2026-03-07 00:15:00
1772842800000,1981.46,1981.46,1978.17,1979.63,0.9436,2026-03-07 00:20:00
1772843100000,1980.08,1980.25,1979.43,1979.43,0.0034,2026-03-07 00:25:00
1772843400000,1978.59,1983.23,1978.42,1983.02,1.3415,2026-03-07 00:30:00
1772843700000,1981.57,1981.57,1980.97,1980.97,1.1231,2026-03-07 00:35:00
1772844000000,1980.99,1981.09,1980.99,1981.09,0.7515,2026-03-07 00:40:00
1772844300000,1980.82,1981.49,1980.17,1981.49,0.5108,2026-03-07 00:45:00
1772844600000,1981.83,1983.44,1981.83,1983.44,0.7556,2026-03-07 00:50:00
1772844900000,1982.82,1982.82,1982.82,1982.82,0.75,2026-03-07 00:55:00
1772845200000,1981.45,1983.73,1981.45,1983.73,0.9201,2026-03-07 01:00:00
1772845500000,1982.7,1983.05,1982.7,1983.05,1.614,2026-03-07 01:05:00
1772845800000,1983.34,1983.34,1979.61,1980.0,4.1723,2026-03-07 01:10:00
1772846100000,1980.83,1981.2,1979.77,1980.2,4.8179,2026-03-07 01:15:00
1772846400000,1979.69,1979.69,1976.89,1977.68,2.1983,2026-03-07 01:20:00
1772846700000,1978.37,1978.37,1978.37,1978.37,0.0596,2026-03-07 01:25:00
1772847000000,1978.68,1978.68,1978.27,1978.27,3.8589,2026-03-07 01:30:00
1772847300000,1979.71,1979.97,1979.43,1979.55,2.7326,2026-03-07 01:35:00
1772847600000,1979.09,1979.09,1977.02,1977.53,2.0471,2026-03-07 01:40:00
1772847900000,1980.97,1981.48,1978.6,1979.79,0.3126,2026-03-07 01:45:00
1772848200000,1981.17,1981.79,1981.17,1981.73,0.1576,2026-03-07 01:50:00
1772848500000,1981.73,1981.73,1981.73,1981.73,0.0,2026-03-07 01:55:00
1772848800000,1980.64,1980.64,1980.59,1980.59,0.5428,2026-03-07 02:00:00
1772849100000,1979.08,1979.08,1978.42,1978.42,0.8813,2026-03-07 02:05:00
1772849400000,1980.72,1980.74,1980.13,1980.74,0.3175,2026-03-07 02:10:00
1772849700000,1979.15,1979.15,1979.15,1979.15,0.9,2026-03-07 02:15:00
1772850000000,1977.74,1978.2,1975.83,1976.17,2.341,2026-03-07 02:20:00
1772850300000,1978.06,1978.06,1975.91,1975.91,1.8138,2026-03-07 02:25:00
1772850600000,1975.47,1976.01,1974.93,1975.11,2.3352,2026-03-07 02:30:00
1772850900000,1976.77,1976.77,1973.21,1973.32,9.9019,2026-03-07 02:35:00
1772851200000,1976.48,1976.82,1975.08,1975.08,4.8895,2026-03-07 02:40:00
1772851500000,1976.35,1977.94,1975.83,1977.88,4.578,2026-03-07 02:45:00
1772851800000,1978.93,1981.07,1978.58,1980.63,10.2551,2026-03-07 02:50:00
1772852100000,1980.43,1984.25,1980.43,1983.32,10.973,2026-03-07 02:55:00
1772852400000,1983.56,1985.05,1982.24,1982.24,8.3356,2026-03-07 03:00:00
1772852700000,1982.79,1982.79,1982.79,1982.79,0.005,2026-03-07 03:05:00
1772853000000,1983.02,1995.98,1983.02,1995.42,19.9682,2026-03-07 03:10:00
1772853300000,1993.51,1993.51,1987.87,1987.87,18.6874,2026-03-07 03:15:00
1772853600000,1988.83,1988.83,1986.86,1986.86,0.0184,2026-03-07 03:20:00
1772853900000,1984.34,1984.71,1984.31,1984.71,0.2596,2026-03-07 03:25:00
1772854200000,1983.86,1984.44,1983.86,1984.44,0.2746,2026-03-07 03:30:00
1772854500000,1984.44,1984.44,1984.44,1984.44,0.0,2026-03-07 03:35:00
1772854800000,1983.7,1983.7,1983.7,1983.7,0.0025,2026-03-07 03:40:00
1772855100000,1983.37,1983.37,1983.37,1983.37,0.002,2026-03-07 03:45:00
1772855400000,1983.37,1983.37,1983.37,1983.37,0.0,2026-03-07 03:50:00
1772855700000,1983.37,1983.37,1983.37,1983.37,0.0,2026-03-07 03:55:00
1772856000000,1979.81,1980.12,1965.14,1966.2,15.3574,2026-03-07 04:00:00
1772856300000,1968.82,1970.95,1968.82,1968.88,4.2603,2026-03-07 04:05:00
1772856600000,1970.59,1971.39,1969.92,1971.39,1.7741,2026-03-07 04:10:00
1772856900000,1971.62,1972.7,1971.62,1972.22,0.0044,2026-03-07 04:15:00
1772857200000,1972.07,1973.23,1972.07,1973.22,5.5172,2026-03-07 04:20:00
1772857500000,1973.22,1973.22,1973.22,1973.22,0.0,2026-03-07 04:25:00
1772857800000,1974.25,1974.44,1974.25,1974.44,1.0281,2026-03-07 04:30:00
1772858100000,1974.44,1976.27,1974.44,1976.27,0.5394,2026-03-07 04:35:00
1772858400000,1977.77,1977.77,1977.3,1977.3,0.2851,2026-03-07 04:40:00
1772858700000,1977.3,1977.3,1977.3,1977.3,0.0,2026-03-07 04:45:00
1772859000000,1977.3,1977.3,1977.3,1977.3,0.0,2026-03-07 04:50:00
1772859300000,1976.23,1976.23,1976.23,1976.23,0.016,2026-03-07 04:55:00
1772859600000,1975.72,1976.97,1975.72,1976.97,0.0246,2026-03-07 05:00:00
1772859900000,1978.22,1978.22,1978.22,1978.22,0.75,2026-03-07 05:05:00
1772860200000,1977.65,1977.65,1975.49,1975.49,3.8539,2026-03-07 05:10:00
1772860500000,1976.84,1976.84,1972.84,1972.84,2.8376,2026-03-07 05:15:00
1772860800000,1973.19,1973.19,1973.19,1973.19,0.75,2026-03-07 05:20:00
1772861100000,1974.55,1974.55,1974.55,1974.55,0.75,2026-03-07 05:25:00
1772861400000,1974.55,1974.55,1974.55,1974.55,0.0,2026-03-07 05:30:00
1772861700000,1974.07,1977.59,1974.07,1977.59,1.6895,2026-03-07 05:35:00
1772862000000,1977.75,1977.75,1977.75,1977.75,0.75,2026-03-07 05:40:00
1772862300000,1978.69,1978.69,1978.0,1978.0,2.9128,2026-03-07 05:45:00
1772862600000,1978.6,1979.55,1978.6,1979.08,2.553,2026-03-07 05:50:00
1772862900000,1978.06,1978.56,1977.86,1978.56,1.5045,2026-03-07 05:55:00
1772863200000,1978.6,1978.63,1977.36,1977.36,1.655,2026-03-07 06:00:00
1772863500000,1977.43,1977.43,1976.77,1976.77,1.9188,2026-03-07 06:05:00
1772863800000,1976.84,1976.84,1976.14,1976.14,0.7984,2026-03-07 06:10:00
1772864100000,1976.01,1977.43,1976.01,1976.24,1.8252,2026-03-07 06:15:00
1772864400000,1974.36,1976.13,1974.36,1976.13,1.6821,2026-03-07 06:20:00
1772864700000,1975.06,1975.06,1975.06,1975.06,0.1013,2026-03-07 06:25:00
1772865000000,1974.38,1975.52,1973.94,1974.49,2.1775,2026-03-07 06:30:00
1772865300000,1973.73,1973.73,1973.73,1973.73,0.75,2026-03-07 06:35:00
1772865600000,1973.51,1974.76,1973.51,1974.76,1.5,2026-03-07 06:40:00
1772865900000,1976.5,1976.5,1974.54,1974.54,3.3,2026-03-07 06:45:00
1772866200000,1973.87,1973.87,1970.12,1971.11,3.2242,2026-03-07 06:50:00
1772866500000,1973.62,1973.62,1971.85,1971.85,0.3246,2026-03-07 06:55:00
1772866800000,1971.17,1971.54,1970.96,1970.96,2.4059,2026-03-07 07:00:00
1772867100000,1971.73,1971.73,1967.69,1969.63,9.0909,2026-03-07 07:05:00
1772867400000,1969.2,1971.29,1969.2,1971.29,2.416,2026-03-07 07:10:00
1772867700000,1971.29,1971.29,1971.29,1971.29,0.0,2026-03-07 07:15:00
1772868000000,1972.59,1975.94,1972.59,1975.94,0.9379,2026-03-07 07:20:00
1772868300000,1975.94,1975.94,1975.94,1975.94,0.0,2026-03-07 07:25:00
1772868600000,1976.72,1976.72,1976.72,1976.72,0.2704,2026-03-07 07:30:00
1772868900000,1976.72,1976.72,1976.72,1976.72,0.0,2026-03-07 07:35:00
1772869200000,1977.7,1978.87,1977.7,1978.87,0.006,2026-03-07 07:40:00
1772869500000,1978.32,1978.68,1978.32,1978.68,0.9126,2026-03-07 07:45:00
1772869800000,1979.51,1981.06,1979.51,1980.22,1.1808,2026-03-07 07:50:00
1772870100000,1981.32,1982.87,1981.32,1982.87,0.2535,2026-03-07 07:55:00
1772870400000,1981.74,1983.04,1981.74,1982.7,2.9647,2026-03-07 08:00:00
1772870700000,1982.89,1982.89,1982.89,1982.89,0.0025,2026-03-07 08:05:00
1772871000000,1982.89,1982.89,1982.89,1982.89,0.0,2026-03-07 08:10:00
1772871300000,1984.45,1984.45,1984.45,1984.45,0.0102,2026-03-07 08:15:00
1772871600000,1986.05,1987.75,1986.0,1986.54,2.9568,2026-03-07 08:20:00
1772871900000,1985.69,1985.85,1985.69,1985.85,1.5,2026-03-07 08:25:00
1772872200000,1985.85,1985.85,1985.85,1985.85,0.0,2026-03-07 08:30:00
1772872500000,1984.09,1985.44,1982.8,1983.14,2.8535,2026-03-07 08:35:00
1772872800000,1982.17,1982.17,1982.17,1982.17,0.8405,2026-03-07 08:40:00
1772873100000,1981.28,1981.69,1981.28,1981.69,0.9554,2026-03-07 08:45:00
1772873400000,1981.69,1981.69,1981.69,1981.69,0.2018,2026-03-07 08:50:00
1772873700000,1975.69,1978.22,1975.69,1978.22,2.1316,2026-03-07 08:55:00
1772874000000,1977.69,1977.69,1977.03,1977.03,1.65,2026-03-07 09:00:00
1772874300000,1977.03,1977.03,1977.03,1977.03,0.0,2026-03-07 09:05:00
1772874600000,1980.36,1983.27,1980.36,1982.98,1.7406,2026-03-07 09:10:00
1772874900000,1984.14,1988.29,1984.11,1987.23,7.8558,2026-03-07 09:15:00
1772875200000,1985.47,1986.0,1984.31,1984.31,6.4154,2026-03-07 09:20:00
1772875500000,1984.01,1984.01,1984.01,1984.01,0.2264,2026-03-07 09:25:00
1772875800000,1985.21,1985.21,1985.19,1985.19,1.8,2026-03-07 09:30:00
1772876100000,1985.19,1985.19,1985.19,1985.19,0.0,2026-03-07 09:35:00
1772876400000,1984.77,1984.77,1984.17,1984.17,0.543,2026-03-07 09:40:00
1772876700000,1984.17,1984.17,1984.17,1984.17,0.0,2026-03-07 09:45:00
1772877000000,1984.17,1984.17,1984.17,1984.17,0.0,2026-03-07 09:50:00
1772877300000,1984.17,1984.17,1984.17,1984.17,0.0,2026-03-07 09:55:00
1772877600000,1987.03,1987.37,1986.51,1986.51,1.9554,2026-03-07 10:00:00
1772877900000,1986.98,1986.98,1986.98,1986.98,0.0014,2026-03-07 10:05:00
1772878200000,1988.47,1988.47,1988.47,1988.47,0.75,2026-03-07 10:10:00
1772878500000,1988.46,1988.46,1986.36,1986.36,2.064,2026-03-07 10:15:00
1772878800000,1986.36,1986.36,1986.36,1986.36,0.0,2026-03-07 10:20:00
1772879100000,1985.04,1985.04,1985.04,1985.04,0.452,2026-03-07 10:25:00
1772879400000,1984.82,1985.01,1984.07,1984.07,2.1594,2026-03-07 10:30:00
1772879700000,1985.41,1985.41,1985.16,1985.16,0.9955,2026-03-07 10:35:00
1772880000000,1984.64,1984.64,1984.64,1984.64,0.8867,2026-03-07 10:40:00
1772880300000,1984.64,1984.64,1984.64,1984.64,0.0,2026-03-07 10:45:00
1772880600000,1984.64,1984.64,1984.64,1984.64,0.0,2026-03-07 10:50:00
1772880900000,1984.97,1984.97,1984.97,1984.97,0.9,2026-03-07 10:55:00
1772881200000,1983.94,1983.94,1983.94,1983.94,0.9,2026-03-07 11:00:00
1772881500000,1982.76,1982.76,1982.76,1982.76,0.0255,2026-03-07 11:05:00
1772881800000,1984.05,1993.08,1984.05,1993.08,2.9823,2026-03-07 11:10:00
1772882100000,1993.65,1994.28,1991.16,1991.16,4.0724,2026-03-07 11:15:00
1772882400000,1989.63,1989.63,1988.37,1988.37,0.4831,2026-03-07 11:20:00
1772882700000,1989.77,1989.77,1989.44,1989.44,0.0333,2026-03-07 11:25:00
1772883000000,1989.44,1989.44,1989.44,1989.44,0.0,2026-03-07 11:30:00
1772883300000,1987.57,1987.57,1987.16,1987.16,1.3517,2026-03-07 11:35:00
1772883600000,1987.16,1987.16,1987.16,1987.16,0.0,2026-03-07 11:40:00
1772883900000,1987.16,1987.16,1987.16,1987.16,0.0,2026-03-07 11:45:00
1772884200000,1988.79,1990.34,1988.79,1990.34,1.9534,2026-03-07 11:50:00
1772884500000,1991.28,1991.28,1991.28,1991.28,0.0125,2026-03-07 11:55:00
1772884800000,1989.42,1991.14,1989.42,1991.14,0.0065,2026-03-07 12:00:00
1772885100000,1990.96,1990.96,1988.11,1988.11,0.0276,2026-03-07 12:05:00
1772885400000,1987.43,1987.43,1987.33,1987.33,0.7309,2026-03-07 12:10:00
1772885700000,1987.33,1987.33,1987.33,1987.33,0.0,2026-03-07 12:15:00
1772886000000,1989.2,1989.2,1989.2,1989.2,0.9,2026-03-07 12:20:00
1772886300000,1989.41,1989.41,1989.41,1989.41,0.4524,2026-03-07 12:25:00
1772886600000,1988.0,1988.0,1987.34,1987.34,2.2515,2026-03-07 12:30:00
1772886900000,1987.34,1987.34,1987.34,1987.34,0.0,2026-03-07 12:35:00
1772887200000,1984.12,1984.12,1984.12,1984.12,0.9,2026-03-07 12:40:00
1772887500000,1983.81,1983.83,1979.82,1981.17,9.1549,2026-03-07 12:45:00
1772887800000,1982.61,1982.61,1982.61,1982.61,0.9,2026-03-07 12:50:00
1772888100000,1981.91,1981.91,1981.91,1981.91,0.0061,2026-03-07 12:55:00
1772888400000,1983.46,1984.28,1983.46,1984.28,0.902,2026-03-07 13:00:00
1772888700000,1983.79,1983.79,1981.61,1981.61,6.2879,2026-03-07 13:05:00
1772889000000,1981.89,1982.31,1981.89,1982.13,1.8322,2026-03-07 13:10:00
1772889300000,1982.64,1982.64,1982.59,1982.59,1.1798,2026-03-07 13:15:00
1772889600000,1982.59,1982.59,1982.59,1982.59,0.0,2026-03-07 13:20:00
1772889900000,1982.59,1982.59,1982.07,1982.07,2.2822,2026-03-07 13:25:00
1772890200000,1982.58,1982.58,1981.58,1981.58,1.1864,2026-03-07 13:30:00
1772890500000,1981.58,1981.58,1981.58,1981.58,0.0,2026-03-07 13:35:00
1772890800000,1981.58,1981.58,1981.58,1981.58,0.0,2026-03-07 13:40:00
1772891100000,1982.72,1982.72,1982.72,1982.72,0.0251,2026-03-07 13:45:00
1772891400000,1982.72,1982.72,1982.72,1982.72,0.0,2026-03-07 13:50:00
1772891700000,1981.23,1981.23,1981.23,1981.23,0.0035,2026-03-07 13:55:00
1772892000000,1981.63,1981.63,1975.97,1978.16,15.3559,2026-03-07 14:00:00
1772892300000,1977.98,1977.98,1974.62,1974.65,6.0787,2026-03-07 14:05:00
1772892600000,1975.25,1975.25,1971.66,1974.14,2.7476,2026-03-07 14:10:00
1772892900000,1974.38,1975.74,1974.38,1975.35,5.1169,2026-03-07 14:15:00
1772893200000,1974.65,1975.88,1974.32,1975.87,3.0101,2026-03-07 14:20:00
1772893500000,1975.57,1975.57,1975.57,1975.57,0.0109,2026-03-07 14:25:00
1772893800000,1975.87,1976.65,1975.87,1976.65,0.8183,2026-03-07 14:30:00
1772894100000,1978.43,1987.04,1978.43,1987.04,5.0241,2026-03-07 14:35:00
1772894400000,1985.94,1987.51,1984.88,1985.25,10.7441,2026-03-07 14:40:00
1772894700000,1985.62,1986.26,1983.84,1985.8,7.8825,2026-03-07 14:45:00
1772895000000,1989.47,1990.0,1987.11,1987.11,11.1345,2026-03-07 14:50:00
1772895300000,1987.49,1987.89,1986.97,1986.97,4.2616,2026-03-07 14:55:00
1772895600000,1984.86,1986.07,1984.86,1986.07,2.4251,2026-03-07 15:00:00
1772895900000,1984.46,1987.13,1984.46,1986.85,5.1656,2026-03-07 15:05:00
1772896200000,1985.77,1985.77,1985.26,1985.26,0.8185,2026-03-07 15:10:00
1772896500000,1986.43,1986.43,1986.43,1986.43,0.0025,2026-03-07 15:15:00
1772896800000,1983.52,1984.01,1982.74,1984.01,1.9216,2026-03-07 15:20:00
1772897100000,1984.91,1984.91,1981.75,1982.42,5.6115,2026-03-07 15:25:00
1772897400000,1982.16,1985.36,1978.51,1985.36,7.1673,2026-03-07 15:30:00
1772897700000,1984.97,1985.61,1977.66,1977.98,21.4547,2026-03-07 15:35:00
1772898000000,1977.99,1978.29,1976.54,1977.56,7.8967,2026-03-07 15:40:00
1772898300000,1977.12,1980.12,1977.12,1980.12,4.0557,2026-03-07 15:45:00
1772898600000,1980.5,1981.26,1979.2,1981.26,4.521,2026-03-07 15:50:00
1772898900000,1981.26,1981.26,1981.26,1981.26,0.0,2026-03-07 15:55:00
1772899200000,1979.98,1979.98,1978.46,1978.75,9.1654,2026-03-07 16:00:00
1772899500000,1977.94,1979.77,1977.94,1979.77,2.7964,2026-03-07 16:05:00
1772899800000,1979.51,1979.51,1979.51,1979.51,0.005,2026-03-07 16:10:00
1772900100000,1978.17,1978.17,1976.22,1976.23,13.7264,2026-03-07 16:15:00
1772900400000,1977.07,1977.07,1976.19,1976.19,2.5804,2026-03-07 16:20:00
1772900700000,1976.19,1976.19,1976.19,1976.19,0.0,2026-03-07 16:25:00
1772901000000,1975.75,1978.47,1975.75,1977.61,0.335,2026-03-07 16:30:00
1772901300000,1978.29,1978.32,1978.29,1978.32,0.1243,2026-03-07 16:35:00
1772901600000,1974.89,1976.95,1974.89,1976.95,2.4,2026-03-07 16:40:00
1772901900000,1977.51,1977.51,1977.13,1977.13,1.4885,2026-03-07 16:45:00
1772902200000,1977.13,1977.13,1977.13,1977.13,0.0,2026-03-07 16:50:00
1772902500000,1976.96,1977.55,1976.84,1977.55,7.4616,2026-03-07 16:55:00
1772902800000,1977.29,1980.18,1977.26,1980.18,1.016,2026-03-07 17:00:00
1772903100000,1980.12,1980.29,1979.49,1980.29,5.7636,2026-03-07 17:05:00
1772903400000,1980.21,1980.21,1980.21,1980.21,0.9,2026-03-07 17:10:00
1772903700000,1980.52,1980.52,1979.96,1979.96,0.1539,2026-03-07 17:15:00
1772904000000,1982.33,1983.37,1981.64,1982.42,10.9949,2026-03-07 17:20:00
1772904300000,1982.48,1982.48,1982.48,1982.48,2.8747,2026-03-07 17:25:00
1772904600000,1981.56,1981.56,1981.56,1981.56,0.0126,2026-03-07 17:30:00
1772904900000,1980.79,1980.79,1980.57,1980.73,2.5215,2026-03-07 17:35:00
1772905200000,1981.17,1981.17,1981.08,1981.08,0.7823,2026-03-07 17:40:00
1772905500000,1981.48,1981.48,1981.48,1981.48,0.75,2026-03-07 17:45:00
1772905800000,1980.67,1980.67,1980.67,1980.67,0.3104,2026-03-07 17:50:00
1772906100000,1980.0,1980.0,1976.73,1976.92,2.453,2026-03-07 17:55:00
1772906400000,1974.94,1975.61,1966.21,1970.0,20.1201,2026-03-07 18:00:00
1772906700000,1969.61,1970.58,1968.75,1970.14,6.5975,2026-03-07 18:05:00
1772907000000,1970.86,1970.94,1970.74,1970.74,2.4021,2026-03-07 18:10:00
1772907300000,1972.61,1972.61,1972.61,1972.61,0.0506,2026-03-07 18:15:00
1772907600000,1969.67,1974.52,1969.67,1974.52,2.8017,2026-03-07 18:20:00
1772907900000,1974.05,1974.05,1972.94,1972.94,3.7726,2026-03-07 18:25:00
1772908200000,1974.32,1974.32,1971.34,1971.34,2.8834,2026-03-07 18:30:00
1772908500000,1971.4,1971.4,1969.88,1969.88,2.8466,2026-03-07 18:35:00
1772908800000,1972.67,1972.69,1972.67,1972.69,0.8718,2026-03-07 18:40:00
1772909100000,1972.92,1972.92,1971.29,1972.2,0.9378,2026-03-07 18:45:00
1772909400000,1971.5,1971.5,1971.5,1971.5,0.0059,2026-03-07 18:50:00
1772909700000,1972.12,1972.36,1972.12,1972.36,0.0329,2026-03-07 18:55:00
1772910000000,1970.11,1970.11,1969.07,1969.72,1.6601,2026-03-07 19:00:00
1772910300000,1969.16,1969.16,1969.16,1969.16,0.0227,2026-03-07 19:05:00
1772910600000,1970.4,1970.4,1970.4,1970.4,0.0481,2026-03-07 19:10:00
1772910900000,1970.75,1970.93,1963.24,1964.39,5.2827,2026-03-07 19:15:00
1772911200000,1964.12,1967.06,1964.12,1965.34,3.8877,2026-03-07 19:20:00
1772911500000,1963.7,1965.0,1955.62,1958.96,7.7835,2026-03-07 19:25:00
1772911800000,1958.76,1962.16,1958.76,1962.0,4.6124,2026-03-07 19:30:00
1772912100000,1962.67,1964.49,1962.4,1963.12,4.4332,2026-03-07 19:35:00
1772912400000,1961.87,1961.87,1961.87,1961.87,0.274,2026-03-07 19:40:00
1772912700000,1962.27,1962.27,1959.61,1959.61,1.2343,2026-03-07 19:45:00
1772913000000,1956.71,1956.71,1952.03,1954.33,7.4327,2026-03-07 19:50:00
1772913300000,1951.95,1954.41,1949.36,1954.35,6.4023,2026-03-07 19:55:00
1772913600000,1956.87,1960.86,1956.77,1960.86,3.5824,2026-03-07 20:00:00
1772913900000,1959.66,1963.76,1959.66,1962.46,6.1965,2026-03-07 20:05:00
1772914200000,1961.93,1965.15,1961.93,1963.43,2.4059,2026-03-07 20:10:00
1772914500000,1963.43,1963.43,1963.43,1963.43,0.0,2026-03-07 20:15:00
1772914800000,1962.93,1963.41,1962.93,1963.3,0.9084,2026-03-07 20:20:00
1772915100000,1963.3,1963.3,1963.3,1963.3,0.0,2026-03-07 20:25:00
1772915400000,1963.64,1964.15,1963.64,1964.15,1.8491,2026-03-07 20:30:00
1772915700000,1963.57,1966.67,1963.57,1966.67,2.2055,2026-03-07 20:35:00
1772916000000,1966.86,1966.86,1966.56,1966.63,1.9444,2026-03-07 20:40:00
1772916300000,1966.59,1966.59,1966.35,1966.42,2.4,2026-03-07 20:45:00
1772916600000,1966.44,1966.44,1964.55,1966.03,3.5779,2026-03-07 20:50:00
1772916900000,1965.91,1966.75,1965.91,1966.58,3.5479,2026-03-07 20:55:00
1772917200000,1967.5,1967.5,1965.08,1965.25,0.5768,2026-03-07 21:00:00
1772917500000,1966.38,1966.38,1966.38,1966.38,0.0025,2026-03-07 21:05:00
1772917800000,1968.94,1968.94,1968.94,1968.94,0.1081,2026-03-07 21:10:00
1772918100000,1968.75,1970.75,1968.75,1970.75,0.0298,2026-03-07 21:15:00
1772918400000,1968.82,1969.08,1967.78,1969.08,0.1348,2026-03-07 21:20:00
1772918700000,1969.75,1969.75,1969.75,1969.75,0.01,2026-03-07 21:25:00
1772919000000,1968.58,1968.58,1966.39,1966.88,5.3863,2026-03-07 21:30:00
1772919300000,1966.35,1966.35,1963.99,1964.63,2.4809,2026-03-07 21:35:00
1772919600000,1964.63,1964.63,1964.63,1964.63,0.0,2026-03-07 21:40:00
1772919900000,1964.63,1964.63,1964.63,1964.63,0.0,2026-03-07 21:45:00
1772920200000,1964.63,1964.63,1964.63,1964.63,0.0,2026-03-07 21:50:00
1772920500000,1971.03,1971.03,1971.03,1971.03,0.7978,2026-03-07 21:55:00
1772920800000,1969.83,1969.83,1969.83,1969.83,0.9,2026-03-07 22:00:00
1772921100000,1970.05,1970.46,1969.81,1970.13,0.0678,2026-03-07 22:05:00
1772921400000,1970.13,1970.13,1970.13,1970.13,0.0,2026-03-07 22:10:00
1772921700000,1970.13,1970.13,1970.13,1970.13,0.0,2026-03-07 22:15:00
1772922000000,1970.13,1970.13,1970.13,1970.13,0.0,2026-03-07 22:20:00
1772922300000,1967.23,1967.23,1967.23,1967.23,0.049,2026-03-07 22:25:00
1772922600000,1964.9,1964.9,1964.9,1964.9,0.2671,2026-03-07 22:30:00
1772922900000,1961.04,1963.8,1958.54,1963.8,2.3391,2026-03-07 22:35:00
1772923200000,1965.28,1965.28,1965.28,1965.28,0.0102,2026-03-07 22:40:00
1772923500000,1968.47,1968.79,1967.04,1968.3,2.7141,2026-03-07 22:45:00
1772923800000,1967.21,1968.05,1966.89,1967.39,5.2435,2026-03-07 22:50:00
1772924100000,1964.56,1964.56,1964.56,1964.56,0.0445,2026-03-07 22:55:00
1772924400000,1965.54,1969.28,1965.54,1968.78,3.833,2026-03-07 23:00:00
1772924700000,1968.84,1969.08,1968.2,1969.08,1.6289,2026-03-07 23:05:00
1772925000000,1968.91,1969.47,1968.91,1969.47,0.038,2026-03-07 23:10:00
1772925300000,1968.72,1969.59,1967.56,1969.59,2.7664,2026-03-07 23:15:00
1772925600000,1971.25,1971.97,1971.25,1971.97,5.3476,2026-03-07 23:20:00
1772925900000,1972.46,1972.46,1971.21,1971.21,0.2926,2026-03-07 23:25:00
1772926200000,1972.16,1972.17,1972.16,1972.17,1.5,2026-03-07 23:30:00
1772926500000,1973.21,1973.95,1970.4,1970.4,2.8224,2026-03-07 23:35:00
1772926800000,1970.4,1970.4,1970.4,1970.4,0.0,2026-03-07 23:40:00
1772927100000,1970.83,1970.83,1969.51,1969.51,1.9522,2026-03-07 23:45:00
1772927400000,1969.78,1969.78,1969.78,1969.78,0.0098,2026-03-07 23:50:00
1772927700000,1969.15,1970.1,1968.86,1968.86,0.0505,2026-03-07 23:55:00
1772928000000,1969.43,1972.41,1969.43,1972.41,1.6294,2026-03-08 00:00:00
1772928300000,1972.98,1972.98,1972.98,1972.98,0.0076,2026-03-08 00:05:00
1772928600000,1974.27,1974.27,1973.82,1973.82,0.9303,2026-03-08 00:10:00
1772928900000,1973.84,1974.89,1973.84,1973.89,0.0836,2026-03-08 00:15:00
1772929200000,1974.43,1976.63,1970.51,1970.76,2.2292,2026-03-08 00:20:00
1772929500000,1971.04,1971.51,1969.43,1970.37,0.2868,2026-03-08 00:25:00
1772929800000,1970.32,1970.79,1969.66,1970.79,0.0359,2026-03-08 00:30:00
1772930100000,1969.8,1970.57,1969.07,1969.07,0.9039,2026-03-08 00:35:00
1772930400000,1969.51,1970.0,1967.98,1967.98,2.7732,2026-03-08 00:40:00
1772930700000,1970.04,1970.14,1966.66,1966.66,2.9854,2026-03-08 00:45:00
1772931000000,1967.79,1967.79,1967.79,1967.79,0.0021,2026-03-08 00:50:00
1772931300000,1968.65,1969.46,1968.65,1969.46,0.002,2026-03-08 00:55:00
1772931600000,1968.23,1968.23,1967.85,1967.94,1.5025,2026-03-08 01:00:00
1772931900000,1966.77,1971.22,1966.77,1971.22,2.6523,2026-03-08 01:05:00
1772932200000,1968.83,1970.31,1968.83,1970.31,0.0102,2026-03-08 01:10:00
1772932500000,1970.1,1971.66,1969.6,1969.6,4.631,2026-03-08 01:15:00
1772932800000,1969.33,1969.33,1969.33,1969.33,0.75,2026-03-08 01:20:00
1772933100000,1970.25,1970.25,1969.06,1969.06,3.0788,2026-03-08 01:25:00
1772933400000,1967.6,1967.6,1963.95,1963.95,2.4528,2026-03-08 01:30:00
1772933700000,1964.12,1966.95,1964.12,1966.95,5.771,2026-03-08 01:35:00
1772934000000,1966.95,1966.95,1966.95,1966.95,0.0,2026-03-08 01:40:00
1772934300000,1970.88,1970.88,1970.88,1970.88,0.9,2026-03-08 01:45:00
1772934600000,1971.16,1971.16,1971.0,1971.0,0.9101,2026-03-08 01:50:00
1772934900000,1968.55,1968.55,1968.55,1968.55,0.8637,2026-03-08 01:55:00
1772935200000,1968.37,1968.99,1968.37,1968.99,0.0152,2026-03-08 02:00:00
1772935500000,1968.37,1968.99,1968.37,1968.99,0.5107,2026-03-08 02:05:00
1772935800000,1966.92,1967.97,1965.9,1967.47,3.2437,2026-03-08 02:10:00
1772936100000,1969.74,1969.74,1969.13,1969.13,1.6811,2026-03-08 02:15:00
1772936400000,1969.13,1969.13,1969.13,1969.13,0.0,2026-03-08 02:20:00
1772936700000,1967.78,1967.78,1963.94,1964.27,2.9513,2026-03-08 02:25:00
1772937000000,1962.94,1963.69,1961.62,1963.69,4.3523,2026-03-08 02:30:00
1772937300000,1963.57,1964.48,1962.14,1964.48,3.8379,2026-03-08 02:35:00
1772937600000,1964.73,1968.97,1964.31,1968.66,9.7158,2026-03-08 02:40:00
1772937900000,1968.33,1969.07,1950.73,1950.73,16.0153,2026-03-08 02:45:00
1772938200000,1949.66,1952.5,1936.55,1945.46,19.4307,2026-03-08 02:50:00
1772938500000,1945.34,1946.81,1940.56,1942.29,21.8039,2026-03-08 02:55:00
1772938800000,1944.65,1948.2,1944.57,1946.7,19.9181,2026-03-08 03:00:00
1772939100000,1946.61,1948.09,1946.61,1948.01,4.1253,2026-03-08 03:05:00
1772939400000,1946.65,1949.36,1946.42,1947.9,5.274,2026-03-08 03:10:00
1772939700000,1948.92,1949.43,1948.92,1948.93,4.1586,2026-03-08 03:15:00
1772940000000,1949.84,1949.84,1949.84,1949.84,0.75,2026-03-08 03:20:00
1772940300000,1948.1,1950.26,1948.1,1949.89,4.0467,2026-03-08 03:25:00
1772940600000,1950.39,1950.39,1945.99,1945.99,9.2891,2026-03-08 03:30:00
1772940900000,1946.68,1950.19,1946.68,1949.25,4.2103,2026-03-08 03:35:00
1772941200000,1948.27,1948.69,1948.22,1948.22,1.6836,2026-03-08 03:40:00
1772941500000,1948.74,1948.74,1948.74,1948.74,0.0062,2026-03-08 03:45:00
1772941800000,1948.22,1948.22,1947.93,1947.93,1.0692,2026-03-08 03:50:00
1772942100000,1948.21,1949.38,1947.76,1947.76,5.19,2026-03-08 03:55:00
1772942400000,1946.89,1950.69,1946.72,1950.48,3.2244,2026-03-08 04:00:00
1772942700000,1949.94,1952.08,1949.62,1951.73,19.112,2026-03-08 04:05:00
1772943000000,1950.68,1951.82,1948.67,1949.61,14.0493,2026-03-08 04:10:00
1772943300000,1950.49,1951.49,1949.73,1951.49,3.3,2026-03-08 04:15:00
1772943600000,1952.15,1952.15,1951.71,1951.71,3.1953,2026-03-08 04:20:00
1772943900000,1951.73,1951.73,1950.68,1951.44,5.0432,2026-03-08 04:25:00
1772944200000,1949.83,1949.83,1949.83,1949.83,2.4495,2026-03-08 04:30:00
1772944500000,1949.84,1949.84,1946.75,1946.75,10.9551,2026-03-08 04:35:00
1772944800000,1946.08,1947.6,1946.08,1947.46,6.5195,2026-03-08 04:40:00
1772945100000,1945.92,1946.07,1944.57,1945.19,10.0769,2026-03-08 04:45:00
1772945400000,1944.65,1944.69,1934.05,1934.05,23.8414,2026-03-08 04:50:00
1772945700000,1933.49,1937.74,1930.09,1937.74,8.0861,2026-03-08 04:55:00
1772946000000,1938.73,1941.07,1938.65,1941.07,3.5336,2026-03-08 05:00:00
1772946300000,1940.84,1944.53,1940.84,1944.53,7.0593,2026-03-08 05:05:00
1772946600000,1943.45,1944.63,1943.2,1944.63,1.6711,2026-03-08 05:10:00
1772946900000,1945.31,1946.81,1945.29,1946.81,6.6278,2026-03-08 05:15:00
1772947200000,1948.26,1948.91,1948.06,1948.06,4.5573,2026-03-08 05:20:00
1772947500000,1950.41,1950.47,1949.07,1949.07,7.2891,2026-03-08 05:25:00
1772947800000,1952.02,1952.23,1948.32,1948.32,7.5033,2026-03-08 05:30:00
1772948100000,1948.32,1948.32,1948.32,1948.32,0.0,2026-03-08 05:35:00
1772948400000,1950.64,1950.64,1950.64,1950.64,0.2692,2026-03-08 05:40:00
1772948700000,1950.79,1950.79,1950.79,1950.79,0.1169,2026-03-08 05:45:00
1772949000000,1949.72,1949.72,1949.01,1949.01,0.7591,2026-03-08 05:50:00
1772949300000,1949.01,1949.01,1949.01,1949.01,0.0,2026-03-08 05:55:00
1772949600000,1950.59,1950.59,1950.59,1950.59,0.128,2026-03-08 06:00:00
1772949900000,1950.59,1950.59,1950.59,1950.59,0.0,2026-03-08 06:05:00
1772950200000,1947.71,1947.71,1946.95,1946.95,0.0248,2026-03-08 06:10:00
1772950500000,1947.77,1947.77,1947.77,1947.77,0.0128,2026-03-08 06:15:00
1772950800000,1946.14,1946.14,1946.14,1946.14,0.75,2026-03-08 06:20:00
1772951100000,1946.14,1946.14,1946.14,1946.14,0.0,2026-03-08 06:25:00
1772951400000,1944.59,1944.59,1943.56,1944.32,4.0384,2026-03-08 06:30:00
1772951700000,1945.32,1945.32,1945.32,1945.32,0.0021,2026-03-08 06:35:00
1772952000000,1945.32,1945.32,1945.32,1945.32,0.0,2026-03-08 06:40:00
1772952300000,1948.09,1948.09,1948.06,1948.06,0.7654,2026-03-08 06:45:00
1772952600000,1948.06,1948.06,1948.06,1948.06,0.0,2026-03-08 06:50:00
1772952900000,1949.13,1949.13,1949.13,1949.13,0.0507,2026-03-08 06:55:00
1772953200000,1949.13,1949.13,1949.13,1949.13,0.0,2026-03-08 07:00:00
1772953500000,1954.17,1956.55,1954.17,1955.8,0.176,2026-03-08 07:05:00
1772953800000,1957.37,1957.65,1956.18,1957.65,12.7661,2026-03-08 07:10:00
1772954100000,1957.34,1957.34,1956.26,1957.23,2.361,2026-03-08 07:15:00
1772954400000,1959.26,1959.68,1955.46,1955.58,1.7817,2026-03-08 07:20:00
1772954700000,1954.89,1956.08,1954.76,1956.08,1.4835,2026-03-08 07:25:00
1772955000000,1956.17,1956.17,1953.96,1954.58,2.7168,2026-03-08 07:30:00
1772955300000,1953.58,1954.66,1953.58,1954.66,0.0748,2026-03-08 07:35:00
1772955600000,1953.69,1953.69,1953.69,1953.69,1.4583,2026-03-08 07:40:00
1772955900000,1954.6,1954.6,1954.54,1954.54,0.5465,2026-03-08 07:45:00
1772956200000,1954.84,1955.18,1954.84,1955.18,0.7525,2026-03-08 07:50:00
1772956500000,1955.01,1955.01,1955.01,1955.01,0.75,2026-03-08 07:55:00
1772956800000,1955.59,1955.59,1952.94,1952.94,2.3872,2026-03-08 08:00:00
1772957100000,1954.5,1954.5,1953.3,1953.3,1.1744,2026-03-08 08:05:00
1772957400000,1953.72,1953.75,1951.61,1951.61,2.186,2026-03-08 08:10:00
1772957700000,1951.45,1951.45,1951.45,1951.45,0.75,2026-03-08 08:15:00
1772958000000,1951.45,1951.45,1951.45,1951.45,0.0,2026-03-08 08:20:00
1772958300000,1951.45,1951.45,1951.45,1951.45,0.0,2026-03-08 08:25:00
1772958600000,1950.78,1950.78,1950.78,1950.78,0.75,2026-03-08 08:30:00
1772958900000,1953.33,1954.28,1953.33,1954.28,0.9255,2026-03-08 08:35:00
1772959200000,1955.24,1958.04,1955.24,1957.7,6.45,2026-03-08 08:40:00
1772959500000,1957.79,1960.41,1957.79,1958.4,5.7,2026-03-08 08:45:00
1772959800000,1957.82,1958.69,1956.89,1958.69,0.4086,2026-03-08 08:50:00
1772960100000,1959.89,1959.89,1958.86,1959.88,1.5655,2026-03-08 08:55:00
1772960400000,1959.56,1959.56,1957.73,1957.73,2.641,2026-03-08 09:00:00
1772960700000,1958.7,1958.7,1957.08,1957.08,3.222,2026-03-08 09:05:00
1772961000000,1959.59,1965.34,1959.34,1965.34,4.2913,2026-03-08 09:10:00
1772961300000,1964.69,1970.2,1964.14,1968.41,8.5418,2026-03-08 09:15:00
1772961600000,1966.15,1966.15,1965.21,1965.71,6.6536,2026-03-08 09:20:00
1772961900000,1967.18,1967.73,1966.29,1966.66,2.4011,2026-03-08 09:25:00
1772962200000,1967.2,1968.82,1966.94,1966.94,5.2181,2026-03-08 09:30:00
1772962500000,1966.32,1966.32,1966.32,1966.32,0.75,2026-03-08 09:35:00
1772962800000,1966.68,1966.68,1966.6,1966.6,0.7541,2026-03-08 09:40:00
1772963100000,1965.48,1966.35,1964.97,1965.39,3.3337,2026-03-08 09:45:00
1772963400000,1965.4,1965.4,1964.37,1964.37,0.9118,2026-03-08 09:50:00
1772963700000,1964.37,1964.37,1964.37,1964.37,0.0,2026-03-08 09:55:00
1772964000000,1965.68,1965.68,1965.68,1965.68,0.0025,2026-03-08 10:00:00
1772964300000,1966.14,1966.14,1966.1,1966.1,0.1476,2026-03-08 10:05:00
1772964600000,1966.1,1966.1,1966.1,1966.1,0.0,2026-03-08 10:10:00
1772964900000,1966.01,1966.01,1966.01,1966.01,0.9,2026-03-08 10:15:00
1772965200000,1967.66,1977.77,1967.49,1976.84,9.662,2026-03-08 10:20:00
1772965500000,1977.02,1978.75,1977.02,1978.75,33.6095,2026-03-08 10:25:00
1772965800000,1975.69,1976.9,1974.97,1976.86,3.7209,2026-03-08 10:30:00
1772966100000,1974.46,1975.56,1974.46,1974.7,3.274,2026-03-08 10:35:00
1772966400000,1973.12,1973.12,1972.51,1972.8,2.7059,2026-03-08 10:40:00
1772966700000,1972.14,1972.14,1971.76,1971.76,1.859,2026-03-08 10:45:00
1772967000000,1972.23,1972.23,1972.23,1972.23,0.1264,2026-03-08 10:50:00
1772967300000,1972.32,1974.12,1972.32,1974.12,0.5191,2026-03-08 10:55:00
1772967600000,1972.64,1972.64,1969.18,1969.18,0.1269,2026-03-08 11:00:00
1772967900000,1967.36,1967.36,1955.16,1955.16,0.171,2026-03-08 11:05:00
1772968200000,1958.24,1958.24,1957.3,1957.3,0.142,2026-03-08 11:10:00
1772968500000,1957.3,1957.3,1957.3,1957.3,0.0,2026-03-08 11:15:00
1772968800000,1958.52,1958.52,1958.52,1958.52,0.0509,2026-03-08 11:20:00
1772969100000,1958.52,1958.52,1958.52,1958.52,0.0,2026-03-08 11:25:00
1772969400000,1960.36,1960.94,1955.15,1955.15,1.1771,2026-03-08 11:30:00
1772969700000,1953.52,1953.52,1950.83,1951.95,3.0059,2026-03-08 11:35:00
1772970000000,1951.32,1951.32,1945.5,1949.49,2.8757,2026-03-08 11:40:00
1772970300000,1949.65,1949.68,1947.7,1948.24,2.5202,2026-03-08 11:45:00
1772970600000,1948.86,1952.58,1947.74,1952.58,7.2208,2026-03-08 11:50:00
1772970900000,1953.05,1953.05,1950.63,1950.63,1.911,2026-03-08 11:55:00
1772971200000,1951.78,1954.19,1951.41,1954.19,4.2677,2026-03-08 12:00:00
1772971500000,1953.08,1953.08,1939.29,1939.29,2.8985,2026-03-08 12:05:00
1772971800000,1942.86,1942.86,1932.88,1935.24,10.7957,2026-03-08 12:10:00
1772972100000,1934.98,1935.01,1927.3,1934.82,10.2478,2026-03-08 12:15:00
1772972400000,1939.41,1943.11,1939.04,1943.11,8.6297,2026-03-08 12:20:00
1772972700000,1942.19,1949.44,1942.19,1949.1,3.6429,2026-03-08 12:25:00
1772973000000,1948.47,1948.47,1945.8,1945.8,5.962,2026-03-08 12:30:00
1772973300000,1947.07,1947.92,1946.57,1947.7,6.5615,2026-03-08 12:35:00
1772973600000,1951.84,1951.84,1947.59,1947.59,3.1994,2026-03-08 12:40:00
1772973900000,1944.28,1944.86,1944.28,1944.45,3.0553,2026-03-08 12:45:00
1772974200000,1946.24,1947.31,1945.62,1946.89,7.5649,2026-03-08 12:50:00
1772974500000,1945.36,1946.53,1945.29,1946.49,5.7016,2026-03-08 12:55:00
1772974800000,1947.02,1947.82,1942.88,1942.88,1.187,2026-03-08 13:00:00
1772975100000,1942.11,1942.34,1942.11,1942.34,0.7669,2026-03-08 13:05:00
1772975400000,1941.54,1942.73,1932.09,1932.09,8.7776,2026-03-08 13:10:00
1772975700000,1933.63,1938.09,1931.95,1937.89,7.9371,2026-03-08 13:15:00
1772976000000,1937.91,1937.93,1933.61,1933.61,4.934,2026-03-08 13:20:00
1772976300000,1932.71,1938.23,1925.23,1937.69,6.4853,2026-03-08 13:25:00
1772976600000,1936.13,1936.13,1932.72,1932.72,6.3853,2026-03-08 13:30:00
1772976900000,1932.91,1935.71,1932.91,1934.7,6.7823,2026-03-08 13:35:00
1772977200000,1934.52,1935.35,1929.31,1935.2,12.2162,2026-03-08 13:40:00
1772977500000,1935.99,1945.57,1935.99,1945.57,7.5331,2026-03-08 13:45:00
1772977800000,1946.09,1946.29,1942.0,1942.0,5.7107,2026-03-08 13:50:00
1772978100000,1944.68,1945.69,1944.26,1944.52,11.239,2026-03-08 13:55:00
1772978400000,1943.74,1945.68,1942.22,1943.67,5.8026,2026-03-08 14:00:00
1772978700000,1945.4,1949.41,1944.32,1945.64,5.869,2026-03-08 14:05:00
1772979000000,1946.72,1947.72,1946.47,1947.72,4.4018,2026-03-08 14:10:00
1772979300000,1949.03,1949.03,1946.55,1946.93,2.6993,2026-03-08 14:15:00
1772979600000,1949.63,1949.69,1946.46,1947.07,3.2213,2026-03-08 14:20:00
1772979900000,1949.33,1949.33,1942.98,1942.98,3.1618,2026-03-08 14:25:00
1772980200000,1946.46,1946.46,1944.23,1944.23,2.4454,2026-03-08 14:30:00
1772980500000,1942.52,1945.5,1942.52,1944.99,3.3696,2026-03-08 14:35:00
1772980800000,1943.9,1943.9,1937.77,1938.61,3.0603,2026-03-08 14:40:00
1772981100000,1939.64,1940.62,1937.91,1940.57,9.9334,2026-03-08 14:45:00
1772981400000,1939.91,1944.84,1939.34,1944.84,8.442,2026-03-08 14:50:00
1772981700000,1945.38,1945.4,1945.38,1945.4,1.1563,2026-03-08 14:55:00
1772982000000,1945.01,1947.41,1941.61,1942.12,3.0187,2026-03-08 15:00:00
1772982300000,1944.75,1946.44,1941.77,1946.15,6.2331,2026-03-08 15:05:00
1772982600000,1947.4,1947.4,1945.12,1946.4,6.2545,2026-03-08 15:10:00
1772982900000,1946.32,1946.32,1944.16,1945.39,6.1207,2026-03-08 15:15:00
1772983200000,1944.84,1944.84,1941.98,1943.64,4.9213,2026-03-08 15:20:00
1772983500000,1942.77,1942.82,1941.38,1941.38,1.2418,2026-03-08 15:25:00
1772983800000,1937.08,1937.08,1937.08,1937.08,0.2472,2026-03-08 15:30:00
1772984100000,1940.15,1941.22,1940.15,1941.03,2.3807,2026-03-08 15:35:00
1772984400000,1941.29,1941.29,1940.93,1941.06,2.4979,2026-03-08 15:40:00
1772984700000,1943.36,1943.41,1939.42,1941.04,5.1545,2026-03-08 15:45:00
1772985000000,1940.72,1940.72,1937.91,1939.61,5.1443,2026-03-08 15:50:00
1772985300000,1940.35,1942.9,1940.35,1942.78,7.3531,2026-03-08 15:55:00
1772985600000,1943.67,1944.5,1942.08,1944.5,4.6786,2026-03-08 16:00:00
1772985900000,1943.37,1944.17,1942.91,1943.06,3.4659,2026-03-08 16:05:00
1772986200000,1944.93,1945.09,1941.48,1941.48,2.5164,2026-03-08 16:10:00
1772986500000,1941.14,1941.36,1939.52,1940.74,6.7182,2026-03-08 16:15:00
1772986800000,1941.27,1943.23,1941.04,1943.0,4.5938,2026-03-08 16:20:00
1772987100000,1943.54,1943.54,1942.69,1942.69,1.8776,2026-03-08 16:25:00
1772987400000,1941.56,1942.74,1939.33,1939.42,7.4124,2026-03-08 16:30:00
1772987700000,1935.24,1935.96,1933.94,1935.54,3.5833,2026-03-08 16:35:00
1772988000000,1939.53,1939.53,1939.53,1939.53,0.3267,2026-03-08 16:40:00
1772988300000,1938.54,1938.57,1934.76,1935.45,0.263,2026-03-08 16:45:00
1772988600000,1935.09,1937.9,1935.09,1937.39,2.8476,2026-03-08 16:50:00
1772988900000,1938.37,1938.37,1932.48,1936.81,5.9453,2026-03-08 16:55:00
1772989200000,1938.39,1943.55,1936.32,1942.79,7.7622,2026-03-08 17:00:00
1772989500000,1945.91,1945.95,1943.94,1944.21,3.5434,2026-03-08 17:05:00
1772989800000,1942.79,1942.9,1938.82,1940.2,4.798,2026-03-08 17:10:00
1772990100000,1941.19,1941.3,1940.89,1940.89,3.3552,2026-03-08 17:15:00
1772990400000,1941.09,1941.09,1937.93,1937.93,4.9338,2026-03-08 17:20:00
1772990700000,1939.05,1939.05,1938.64,1938.75,2.3537,2026-03-08 17:25:00
1772991000000,1940.64,1940.64,1934.17,1935.91,4.2999,2026-03-08 17:30:00
1772991300000,1936.93,1938.82,1935.44,1937.31,1.5484,2026-03-08 17:35:00
1772991600000,1936.63,1936.63,1936.63,1936.63,0.2759,2026-03-08 17:40:00
1772991900000,1936.01,1938.34,1936.01,1938.34,1.7202,2026-03-08 17:45:00
1772992200000,1937.51,1938.58,1936.0,1936.0,1.7171,2026-03-08 17:50:00
1772992500000,1936.41,1936.41,1934.6,1934.67,7.6099,2026-03-08 17:55:00
1772992800000,1935.04,1936.05,1934.39,1935.41,1.0377,2026-03-08 18:00:00
1772993100000,1935.05,1935.13,1933.22,1933.22,0.8042,2026-03-08 18:05:00
1772993400000,1933.71,1933.71,1932.88,1932.88,1.5875,2026-03-08 18:10:00
1772993700000,1930.78,1933.02,1929.97,1929.99,3.4829,2026-03-08 18:15:00
1772994000000,1930.82,1935.27,1930.82,1933.14,3.3081,2026-03-08 18:20:00
1772994300000,1935.48,1935.48,1935.48,1935.48,0.2657,2026-03-08 18:25:00
1772994600000,1936.59,1936.59,1936.59,1936.59,0.0005,2026-03-08 18:30:00
1772994900000,1931.45,1931.67,1931.45,1931.67,1.5832,2026-03-08 18:35:00
1772995200000,1930.55,1930.71,1929.3,1930.71,1.726,2026-03-08 18:40:00
1772995500000,1928.52,1931.68,1928.52,1928.56,1.7068,2026-03-08 18:45:00
1772995800000,1928.56,1928.56,1928.56,1928.56,0.0,2026-03-08 18:50:00
1772996100000,1932.25,1932.25,1930.84,1931.17,3.0145,2026-03-08 18:55:00
1772996400000,1930.44,1937.22,1930.19,1936.67,0.7634,2026-03-08 19:00:00
1772996700000,1935.49,1935.49,1935.49,1935.49,0.7942,2026-03-08 19:05:00
1772997000000,1942.22,1948.54,1940.84,1948.54,7.4219,2026-03-08 19:10:00
1772997300000,1946.73,1956.59,1945.58,1956.59,7.1492,2026-03-08 19:15:00
1772997600000,1955.43,1963.01,1955.43,1961.28,1.8633,2026-03-08 19:20:00
1772997900000,1959.65,1961.09,1958.35,1961.09,5.1969,2026-03-08 19:25:00
1772998200000,1961.86,1968.93,1959.21,1967.23,6.3456,2026-03-08 19:30:00
1772998500000,1967.01,1968.94,1963.75,1963.75,4.5493,2026-03-08 19:35:00
1772998800000,1964.59,1966.89,1964.59,1966.42,6.8839,2026-03-08 19:40:00
1772999100000,1966.63,1969.96,1965.06,1968.42,4.8449,2026-03-08 19:45:00
1772999400000,1965.5,1965.5,1963.22,1963.89,4.05,2026-03-08 19:50:00
1772999700000,1964.22,1964.64,1964.2,1964.64,7.3,2026-03-08 19:55:00
1773000000000,1965.08,1965.08,1959.17,1960.75,6.7229,2026-03-08 20:00:00
1773000300000,1960.42,1960.42,1959.72,1959.72,0.7653,2026-03-08 20:05:00
1773000600000,1958.89,1958.89,1955.17,1955.17,1.1387,2026-03-08 20:10:00
1773000900000,1956.4,1956.4,1954.26,1954.58,1.9319,2026-03-08 20:15:00
1773001200000,1958.77,1958.8,1954.26,1954.26,4.034,2026-03-08 20:20:00
1773001500000,1957.22,1957.22,1956.84,1956.84,0.8524,2026-03-08 20:25:00
1773001800000,1956.63,1964.87,1956.63,1964.87,5.2256,2026-03-08 20:30:00
1773002100000,1963.7,1970.75,1963.3,1965.95,5.2338,2026-03-08 20:35:00
1773002400000,1964.84,1968.15,1964.84,1965.25,5.9911,2026-03-08 20:40:00
1773002700000,1964.85,1965.65,1964.57,1965.65,3.7851,2026-03-08 20:45:00
1773003000000,1966.03,1966.03,1957.39,1960.4,8.0212,2026-03-08 20:50:00
1773003300000,1960.46,1960.46,1958.76,1958.76,1.8696,2026-03-08 20:55:00
1773003600000,1960.27,1960.52,1957.79,1957.79,2.1269,2026-03-08 21:00:00
1773003900000,1959.05,1959.05,1949.56,1949.56,5.8278,2026-03-08 21:05:00
1773004200000,1950.87,1952.85,1947.0,1951.06,10.4261,2026-03-08 21:10:00
1773004500000,1948.39,1949.82,1945.0,1947.88,11.0794,2026-03-08 21:15:00
1773004800000,1948.44,1951.93,1948.44,1951.93,1.5,2026-03-08 21:20:00
1773005100000,1951.93,1951.93,1951.93,1951.93,0.0,2026-03-08 21:25:00
1773005400000,1952.11,1953.0,1952.11,1953.0,0.0644,2026-03-08 21:30:00
1773005700000,1951.89,1953.79,1951.89,1953.79,0.2801,2026-03-08 21:35:00
1773006000000,1953.65,1953.65,1952.51,1952.51,2.55,2026-03-08 21:40:00
1773006300000,1955.07,1956.73,1953.6,1953.6,1.1846,2026-03-08 21:45:00
1773006600000,1952.98,1953.87,1952.98,1953.87,0.5224,2026-03-08 21:50:00
1773006900000,1953.87,1953.87,1953.87,1953.87,0.0,2026-03-08 21:55:00
1773007200000,1948.44,1948.44,1917.0,1917.0,45.1285,2026-03-08 22:00:00
1773007500000,1918.0,1937.22,1912.99,1930.63,11.5484,2026-03-08 22:05:00
1773007800000,1928.3,1934.81,1921.97,1929.43,1.1238,2026-03-08 22:10:00
1773008100000,1928.76,1935.08,1923.32,1923.88,10.4977,2026-03-08 22:15:00
1773008400000,1925.16,1926.1,1918.39,1922.32,2.836,2026-03-08 22:20:00
1773008700000,1922.48,1933.3,1921.37,1930.64,1.5972,2026-03-08 22:25:00
1773009000000,1928.82,1933.91,1925.19,1933.91,4.7312,2026-03-08 22:30:00
1773009300000,1934.26,1945.53,1933.72,1938.35,14.6807,2026-03-08 22:35:00
1773009600000,1939.11,1939.27,1936.29,1938.17,2.2762,2026-03-08 22:40:00
1773009900000,1941.84,1948.67,1940.26,1942.94,8.3625,2026-03-08 22:45:00
1773010200000,1940.85,1943.16,1940.85,1943.04,3.3061,2026-03-08 22:50:00
1773010500000,1942.7,1942.7,1940.89,1942.68,3.1622,2026-03-08 22:55:00
1773010800000,1943.99,1953.15,1941.79,1948.54,0.9175,2026-03-08 23:00:00
1773011100000,1951.34,1952.5,1945.76,1945.76,3.51,2026-03-08 23:05:00
1773011400000,1945.53,1948.16,1942.32,1948.16,4.063,2026-03-08 23:10:00
1773011700000,1948.84,1951.42,1945.98,1945.98,6.8018,2026-03-08 23:15:00
1773012000000,1944.93,1952.58,1943.73,1952.26,5.8805,2026-03-08 23:20:00
1773012300000,1954.17,1955.17,1950.6,1950.6,3.8122,2026-03-08 23:25:00
1773012600000,1950.93,1950.93,1949.68,1949.68,1.7194,2026-03-08 23:30:00
1773012900000,1948.33,1949.23,1941.41,1941.44,4.8245,2026-03-08 23:35:00
1773013200000,1939.81,1942.7,1939.03,1939.03,1.5632,2026-03-08 23:40:00
1773013500000,1938.26,1941.12,1936.07,1941.12,5.7198,2026-03-08 23:45:00
1773013800000,1943.15,1943.15,1937.74,1937.74,4.5044,2026-03-08 23:50:00
1773014100000,1939.56,1941.23,1935.01,1935.01,1.6732,2026-03-08 23:55:00
1773014400000,1935.77,1938.61,1935.77,1938.61,5.159,2026-03-09 00:00:00
1773014700000,1940.99,1948.53,1940.99,1946.93,12.293,2026-03-09 00:05:00
1773015000000,1946.86,1951.74,1945.99,1945.99,9.952,2026-03-09 00:10:00
1773015300000,1946.94,1947.47,1943.4,1943.4,5.1804,2026-03-09 00:15:00
1773015600000,1942.1,1943.78,1933.59,1933.59,4.0342,2026-03-09 00:20:00
1773015900000,1933.26,1942.7,1929.91,1942.7,9.3451,2026-03-09 00:25:00
1773016200000,1942.65,1955.17,1942.65,1951.27,11.7128,2026-03-09 00:30:00
1773016500000,1953.08,1966.88,1953.08,1958.56,20.2584,2026-03-09 00:35:00
1773016800000,1955.43,1955.72,1953.17,1954.66,0.7995,2026-03-09 00:40:00
1773017100000,1954.5,1958.13,1952.18,1952.86,5.1628,2026-03-09 00:45:00
1773017400000,1953.22,1954.33,1949.98,1949.98,8.4718,2026-03-09 00:50:00
1773017700000,1948.3,1951.7,1948.3,1951.19,7.0174,2026-03-09 00:55:00
1773018000000,1950.79,1952.81,1949.15,1949.5,8.6346,2026-03-09 01:00:00
1773018300000,1946.24,1948.6,1944.18,1945.14,17.0075,2026-03-09 01:05:00
1773018600000,1946.49,1951.39,1945.35,1949.64,7.7463,2026-03-09 01:10:00
1773018900000,1949.61,1954.91,1948.73,1952.42,6.3241,2026-03-09 01:15:00
1773019200000,1949.8,1953.65,1946.21,1953.65,4.0041,2026-03-09 01:20:00
1773019500000,1954.35,1956.01,1951.56,1951.56,8.0023,2026-03-09 01:25:00
1773019800000,1951.38,1962.84,1948.44,1962.72,28.3943,2026-03-09 01:30:00
1773020100000,1960.85,1962.55,1958.51,1958.81,12.807,2026-03-09 01:35:00
1773020400000,1957.79,1958.93,1957.79,1958.5,7.5666,2026-03-09 01:40:00
1773020700000,1958.38,1958.38,1955.18,1955.18,2.1234,2026-03-09 01:45:00
1773021000000,1955.18,1955.18,1952.27,1952.27,1.9313,2026-03-09 01:50:00
1773021300000,1953.03,1953.03,1945.24,1945.68,3.8144,2026-03-09 01:55:00
1773021600000,1944.26,1948.61,1944.26,1945.07,5.1456,2026-03-09 02:00:00
1773021900000,1944.34,1949.62,1941.41,1949.62,17.5311,2026-03-09 02:05:00
1773022200000,1948.3,1952.65,1944.51,1944.9,22.7808,2026-03-09 02:10:00
1773022500000,1944.5,1944.5,1938.71,1940.07,7.5223,2026-03-09 02:15:00
1773022800000,1940.9,1945.32,1938.64,1945.32,9.2207,2026-03-09 02:20:00
1773023100000,1944.57,1944.72,1943.13,1943.75,4.1078,2026-03-09 02:25:00
1773023400000,1944.86,1944.86,1942.15,1942.15,1.8831,2026-03-09 02:30:00
1773023700000,1948.96,1960.15,1948.96,1957.83,8.7104,2026-03-09 02:35:00
1773024000000,1958.19,1958.47,1957.14,1958.47,2.9186,2026-03-09 02:40:00
1773024300000,1959.02,1959.88,1957.7,1957.73,8.9127,2026-03-09 02:45:00
1773024600000,1961.56,1962.63,1959.49,1961.73,6.7606,2026-03-09 02:50:00
1773024900000,1963.08,1963.08,1960.68,1961.83,6.1222,2026-03-09 02:55:00
1773025200000,1962.72,1974.39,1962.72,1974.39,7.9786,2026-03-09 03:00:00
1773025500000,1970.95,1982.98,1968.45,1981.83,40.3965,2026-03-09 03:05:00
1773025800000,1981.64,1997.27,1981.15,1997.27,56.4246,2026-03-09 03:10:00
1773026100000,1998.7,2004.13,1992.3,2004.13,20.7643,2026-03-09 03:15:00
1773026400000,2004.17,2004.34,1981.03,1981.03,19.913,2026-03-09 03:20:00
1773026700000,1979.82,1984.44,1979.82,1984.44,8.2123,2026-03-09 03:25:00
1773027000000,1985.1,1985.94,1983.37,1984.95,3.224,2026-03-09 03:30:00
1773027300000,1984.88,1984.88,1977.31,1977.31,4.5308,2026-03-09 03:35:00
1773027600000,1977.24,1977.61,1977.19,1977.33,3.601,2026-03-09 03:40:00
1773027900000,1977.14,1977.14,1975.04,1976.68,5.3117,2026-03-09 03:45:00
1773028200000,1978.04,1978.54,1973.97,1973.97,2.9777,2026-03-09 03:50:00
1773028500000,1975.88,1977.4,1975.88,1977.4,1.1745,2026-03-09 03:55:00
1773028800000,1978.23,1980.69,1977.24,1978.19,4.3613,2026-03-09 04:00:00
1773029100000,1979.97,1981.36,1979.83,1979.83,3.8799,2026-03-09 04:05:00
1773029400000,1979.06,1981.67,1975.16,1975.16,3.1509,2026-03-09 04:10:00
1773029700000,1975.1,1976.47,1973.75,1973.75,1.74,2026-03-09 04:15:00
1773030000000,1978.09,1983.17,1977.85,1983.17,6.8715,2026-03-09 04:20:00
1773030300000,1983.49,1989.24,1983.49,1986.97,10.3827,2026-03-09 04:25:00
1773030600000,1986.38,1986.38,1984.6,1984.6,6.3115,2026-03-09 04:30:00
1773030900000,1985.61,1986.73,1985.16,1985.89,6.4304,2026-03-09 04:35:00
1773031200000,1986.59,1986.59,1983.59,1985.76,7.1336,2026-03-09 04:40:00
1773031500000,1986.16,1986.16,1983.53,1983.57,4.1188,2026-03-09 04:45:00
1773031800000,1983.69,1983.69,1979.04,1980.48,4.4825,2026-03-09 04:50:00
1773032100000,1980.79,1980.79,1977.64,1977.64,6.0688,2026-03-09 04:55:00
1773032400000,1977.34,1980.32,1976.48,1980.25,3.7731,2026-03-09 05:00:00
1773032700000,1981.28,1982.2,1979.98,1979.98,6.0596,2026-03-09 05:05:00
1773033000000,1981.2,1981.2,1979.16,1980.74,6.6675,2026-03-09 05:10:00
1773033300000,1980.54,1982.56,1980.54,1980.82,1.8408,2026-03-09 05:15:00
1773033600000,1979.33,1987.89,1979.28,1984.21,5.579,2026-03-09 05:20:00
1773033900000,1984.2,1989.08,1984.2,1987.76,6.8123,2026-03-09 05:25:00
1773034200000,1986.98,1996.53,1986.98,1992.73,13.4492,2026-03-09 05:30:00
1773034500000,1991.98,1992.24,1988.39,1989.57,7.8909,2026-03-09 05:35:00
1773034800000,1991.19,2007.61,1991.19,2001.32,18.6507,2026-03-09 05:40:00
1773035100000,2003.43,2011.26,1996.22,2011.26,22.8376,2026-03-09 05:45:00
1773035400000,2012.14,2013.4,2006.94,2009.37,19.7994,2026-03-09 05:50:00
1773035700000,2009.97,2010.27,2008.37,2010.27,4.4495,2026-03-09 05:55:00
1773036000000,2011.78,2011.78,2006.63,2007.28,14.6411,2026-03-09 06:00:00
1773036300000,2006.04,2006.11,2004.39,2004.83,4.9132,2026-03-09 06:05:00
1773036600000,2004.68,2007.6,2004.14,2007.06,8.6563,2026-03-09 06:10:00
1773036900000,2007.27,2010.02,2004.53,2005.29,6.3341,2026-03-09 06:15:00
1773037200000,2003.26,2003.26,2000.34,2001.89,2.6715,2026-03-09 06:20:00
1773037500000,2003.25,2003.76,1997.22,1998.62,5.3933,2026-03-09 06:25:00
1773037800000,1999.27,2000.63,1997.7,1997.74,4.5975,2026-03-09 06:30:00
1773038100000,1997.25,1997.25,1993.53,1993.53,8.0109,2026-03-09 06:35:00
1773038400000,1992.57,1993.46,1988.31,1990.43,5.6713,2026-03-09 06:40:00
1773038700000,1987.55,1989.07,1985.06,1988.99,4.1862,2026-03-09 06:45:00
1773039000000,1984.01,1986.64,1983.8,1986.64,1.0259,2026-03-09 06:50:00
1773039300000,1985.88,1985.88,1984.26,1984.3,4.3622,2026-03-09 06:55:00
1773039600000,1984.07,1985.2,1978.0,1980.44,12.5826,2026-03-09 07:00:00
1773039900000,1979.19,1979.56,1975.96,1976.36,7.7679,2026-03-09 07:05:00
1773040200000,1977.86,1979.41,1973.74,1973.74,4.9396,2026-03-09 07:10:00
1773040500000,1977.19,1977.19,1963.52,1966.76,10.2938,2026-03-09 07:15:00
1773040800000,1967.36,1973.96,1967.36,1972.46,3.7549,2026-03-09 07:20:00
1773041100000,1974.8,1977.65,1974.8,1976.5,3.4544,2026-03-09 07:25:00
1773041400000,1978.35,1978.51,1975.85,1976.77,4.2944,2026-03-09 07:30:00
1773041700000,1979.37,1982.7,1979.37,1981.98,5.4977,2026-03-09 07:35:00
1773042000000,1980.04,1985.24,1979.55,1983.83,7.0107,2026-03-09 07:40:00
1773042300000,1981.5,1982.29,1980.75,1981.82,3.2477,2026-03-09 07:45:00
1773042600000,1979.75,1982.45,1979.7,1982.42,1.0398,2026-03-09 07:50:00
1773042900000,1983.56,1983.74,1983.56,1983.71,3.1125,2026-03-09 07:55:00
1773043200000,1983.21,1986.66,1981.45,1981.83,6.5428,2026-03-09 08:00:00
1773043500000,1979.78,1988.94,1979.78,1988.59,4.0977,2026-03-09 08:05:00
1773043800000,1986.51,1987.29,1983.38,1987.15,4.6068,2026-03-09 08:10:00
1773044100000,1986.41,1986.95,1982.48,1985.43,3.1583,2026-03-09 08:15:00
1773044400000,1987.1,1995.26,1987.1,1991.96,6.03,2026-03-09 08:20:00
1773044700000,1989.84,1997.84,1989.84,1996.02,5.0851,2026-03-09 08:25:00
1773045000000,1996.14,1999.29,1996.14,1998.86,5.86,2026-03-09 08:30:00
1773045300000,1999.1,1999.1,1993.2,1994.89,5.0462,2026-03-09 08:35:00
1773045600000,1991.34,1994.15,1991.34,1992.65,2.7943,2026-03-09 08:40:00
1773045900000,1993.31,1997.07,1991.58,1994.47,8.7733,2026-03-09 08:45:00
1773046200000,1996.88,1998.42,1996.88,1998.42,1.6317,2026-03-09 08:50:00
1773046500000,1997.85,1997.85,1997.64,1997.64,1.1712,2026-03-09 08:55:00
1773046800000,1997.64,1997.64,1997.64,1997.64,0.0,2026-03-09 09:00:00
1773047100000,1991.6,1992.48,1988.64,1991.46,8.5971,2026-03-09 09:05:00
1773047400000,1990.49,1994.65,1990.49,1994.65,3.6607,2026-03-09 09:10:00
1773047700000,1997.25,2004.09,1996.3,1999.47,2.4225,2026-03-09 09:15:00
1773048000000,1998.46,2000.9,1998.46,2000.9,2.9893,2026-03-09 09:20:00
1773048300000,2001.23,2004.34,2001.23,2004.34,2.4356,2026-03-09 09:25:00
1773048600000,2002.98,2014.04,2000.14,2011.18,9.1904,2026-03-09 09:30:00
1773048900000,2014.04,2021.85,2008.97,2015.55,8.5303,2026-03-09 09:35:00
1773049200000,2015.22,2018.55,2014.71,2016.21,9.5912,2026-03-09 09:40:00
1773049500000,2016.2,2017.58,2009.73,2010.02,8.5015,2026-03-09 09:45:00
1773049800000,2010.32,2010.56,2006.31,2006.31,2.9797,2026-03-09 09:50:00
1773050100000,2006.93,2006.93,2004.64,2004.87,2.1229,2026-03-09 09:55:00
1773050400000,2004.58,2005.19,2000.68,2005.19,4.2242,2026-03-09 10:00:00
1773050700000,2003.31,2005.62,2003.23,2003.62,7.6929,2026-03-09 10:05:00
1773051000000,2004.15,2004.15,2001.72,2001.72,5.2018,2026-03-09 10:10:00
1773051300000,2002.28,2002.33,1999.71,2001.67,5.1701,2026-03-09 10:15:00
1773051600000,2003.57,2003.72,2003.57,2003.72,0.287,2026-03-09 10:20:00
1773051900000,2003.53,2003.53,2001.6,2001.6,0.0113,2026-03-09 10:25:00
1773052200000,2001.53,2001.88,1998.69,2001.46,8.6313,2026-03-09 10:30:00
1773052500000,2003.24,2003.24,1998.33,1999.64,4.5939,2026-03-09 10:35:00
1773052800000,2000.25,2001.27,1996.47,1997.2,2.2887,2026-03-09 10:40:00
1773053100000,1996.08,1997.96,1995.64,1996.55,1.8835,2026-03-09 10:45:00
1773053400000,1995.26,1995.26,1994.09,1994.09,1.3254,2026-03-09 10:50:00
1773053700000,1994.82,1995.19,1994.27,1995.19,2.6433,2026-03-09 10:55:00
1773054000000,1998.33,1998.67,1997.59,1997.59,1.6056,2026-03-09 11:00:00
1773054300000,1999.33,1999.33,1998.4,1998.73,2.8513,2026-03-09 11:05:00
1773054600000,1997.81,1997.81,1996.29,1997.76,1.5776,2026-03-09 11:10:00
1773054900000,1997.13,1997.13,1983.76,1985.43,7.3549,2026-03-09 11:15:00
1773055200000,1984.25,1987.88,1981.45,1987.88,5.8048,2026-03-09 11:20:00
1773055500000,1986.36,1986.55,1984.64,1984.64,2.7523,2026-03-09 11:25:00
1773055800000,1984.1,1986.89,1984.1,1986.89,4.8753,2026-03-09 11:30:00
1773056100000,1989.61,1990.66,1989.61,1990.66,1.6957,2026-03-09 11:35:00
1773056400000,1990.66,1990.66,1990.66,1990.66,0.0,2026-03-09 11:40:00
1773056700000,1994.12,1994.12,1989.98,1989.98,3.8916,2026-03-09 11:45:00
1773057000000,1988.83,1995.35,1988.83,1995.35,5.5764,2026-03-09 11:50:00
1773057300000,1996.47,1996.47,1992.31,1992.31,2.7071,2026-03-09 11:55:00
1773057600000,1992.55,1997.89,1992.55,1997.89,7.4674,2026-03-09 12:00:00
1773057900000,1998.25,1998.25,1995.46,1995.46,1.552,2026-03-09 12:05:00
1773058200000,1994.74,1994.74,1993.76,1993.76,0.2721,2026-03-09 12:10:00
1773058500000,1999.41,2001.58,1998.62,2001.58,2.3961,2026-03-09 12:15:00
1773058800000,2001.65,2004.91,2001.56,2004.32,16.0745,2026-03-09 12:20:00
1773059100000,2002.93,2008.27,2002.93,2008.27,2.9726,2026-03-09 12:25:00
1773059400000,2008.18,2008.18,2002.48,2002.53,14.118,2026-03-09 12:30:00
1773059700000,2003.51,2012.54,2003.3,2010.95,10.9448,2026-03-09 12:35:00
1773060000000,2006.81,2009.3,2002.66,2002.67,11.766,2026-03-09 12:40:00
1773060300000,2003.18,2003.18,2001.98,2001.98,2.7412,2026-03-09 12:45:00
1773060600000,2000.62,2003.61,2000.62,2003.53,1.9914,2026-03-09 12:50:00
1773060900000,2002.59,2004.14,2001.64,2004.14,6.9022,2026-03-09 12:55:00
1773061200000,2001.97,2004.7,2001.97,2004.7,3.0888,2026-03-09 13:00:00
1773061500000,2004.76,2005.73,2002.45,2003.37,7.3512,2026-03-09 13:05:00
1773061800000,2005.1,2011.65,2005.1,2010.88,14.5007,2026-03-09 13:10:00
1773062100000,2009.62,2009.63,2005.7,2005.7,10.6915,2026-03-09 13:15:00
1773062400000,2003.9,2003.9,2001.6,2002.25,5.7675,2026-03-09 13:20:00
1773062700000,2001.62,2018.22,2001.62,2015.57,7.0777,2026-03-09 13:25:00
1773063000000,2018.81,2024.04,2015.02,2024.04,6.6692,2026-03-09 13:30:00
1773063300000,2024.29,2026.19,2010.13,2011.54,7.1759,2026-03-09 13:35:00
1773063600000,2010.07,2028.51,2008.63,2028.5,17.3548,2026-03-09 13:40:00
1773063900000,2027.07,2030.0,2021.44,2025.92,10.0165,2026-03-09 13:45:00
1773064200000,2019.37,2022.94,2015.71,2015.71,8.5065,2026-03-09 13:50:00
1773064500000,2015.1,2024.16,2015.1,2019.54,18.3754,2026-03-09 13:55:00
1773064800000,2017.69,2025.9,2017.21,2023.37,3.4635,2026-03-09 14:00:00
1773065100000,2019.79,2019.79,2008.77,2010.79,6.0592,2026-03-09 14:05:00
1773065400000,2010.02,2015.08,2008.41,2014.45,16.3497,2026-03-09 14:10:00
1773065700000,2014.54,2030.6,2014.54,2023.07,18.6838,2026-03-09 14:15:00
1773066000000,2019.2,2024.78,2019.2,2022.16,5.3736,2026-03-09 14:20:00
1773066300000,2021.9,2025.47,2018.3,2020.52,4.3833,2026-03-09 14:25:00
1773066600000,2022.57,2024.65,2019.76,2021.74,6.7595,2026-03-09 14:30:00
1773066900000,2026.87,2026.87,2022.47,2025.79,1.9016,2026-03-09 14:35:00
1773067200000,2024.76,2033.01,2022.5,2029.01,14.398,2026-03-09 14:40:00
1773067500000,2030.73,2030.73,2024.37,2025.03,3.4613,2026-03-09 14:45:00
1773067800000,2029.78,2029.78,2029.78,2029.78,0.9,2026-03-09 14:50:00
1773068100000,2027.7,2027.7,2022.81,2022.81,1.035,2026-03-09 14:55:00
1773068400000,2023.37,2025.73,2020.0,2025.27,2.4263,2026-03-09 15:00:00
1773068700000,2022.83,2022.9,2018.44,2018.44,4.0873,2026-03-09 15:05:00
1773069000000,2016.36,2025.38,2016.36,2025.38,2.2939,2026-03-09 15:10:00
1773069300000,2026.64,2028.23,2026.51,2028.23,0.7803,2026-03-09 15:15:00
1773069600000,2025.14,2025.24,2024.0,2024.0,1.5487,2026-03-09 15:20:00
1773069900000,2025.23,2025.23,2025.23,2025.23,0.2613,2026-03-09 15:25:00
1773070200000,2025.23,2025.23,2025.23,2025.23,0.0,2026-03-09 15:30:00
1773070500000,2019.09,2020.71,2015.24,2020.71,4.1609,2026-03-09 15:35:00
1773070800000,2021.1,2021.54,2020.92,2021.54,0.9185,2026-03-09 15:40:00
1773071100000,2022.49,2022.49,2021.75,2021.75,0.8688,2026-03-09 15:45:00
1773071400000,2021.92,2023.29,2021.41,2023.29,4.4571,2026-03-09 15:50:00
1773071700000,2027.09,2028.34,2024.34,2024.88,3.0948,2026-03-09 15:55:00
1773072000000,2022.78,2024.76,2022.45,2024.76,1.6507,2026-03-09 16:00:00
1773072300000,2027.3,2032.28,2027.3,2030.51,3.5523,2026-03-09 16:05:00
1773072600000,2023.78,2023.9,2023.46,2023.68,2.5529,2026-03-09 16:10:00
1773072900000,2022.36,2022.37,2022.04,2022.37,2.5188,2026-03-09 16:15:00
1773073200000,2021.74,2023.54,2021.07,2023.54,1.0171,2026-03-09 16:20:00
1773073500000,2022.28,2029.54,2022.28,2029.54,3.4046,2026-03-09 16:25:00
1773073800000,2025.87,2027.85,2019.25,2019.25,3.6657,2026-03-09 16:30:00
1773074100000,2021.75,2026.1,2021.75,2026.1,5.6963,2026-03-09 16:35:00
1773074400000,2028.79,2029.07,2028.79,2029.07,1.65,2026-03-09 16:40:00
1773074700000,2026.21,2027.75,2024.09,2027.75,1.754,2026-03-09 16:45:00
1773075000000,2029.66,2038.5,2028.49,2028.49,2.0809,2026-03-09 16:50:00
1773075300000,2027.63,2029.71,2027.63,2029.71,0.7649,2026-03-09 16:55:00
1773075600000,2028.05,2028.05,2025.84,2027.93,0.2645,2026-03-09 17:00:00
1773075900000,2028.22,2029.94,2028.22,2028.74,1.0745,2026-03-09 17:05:00
1773076200000,2030.03,2030.15,2029.49,2029.49,0.9797,2026-03-09 17:10:00
1773076500000,2027.08,2027.08,2026.44,2026.44,1.9029,2026-03-09 17:15:00
1773076800000,2024.0,2024.85,2019.47,2023.07,2.4587,2026-03-09 17:20:00
1773077100000,2024.43,2024.75,2017.68,2019.76,6.4132,2026-03-09 17:25:00
1773077400000,2020.43,2022.47,2019.24,2019.24,4.2984,2026-03-09 17:30:00
1773077700000,2020.11,2020.21,2014.57,2015.0,13.7229,2026-03-09 17:35:00
1773078000000,2013.38,2013.38,2006.98,2011.32,10.2121,2026-03-09 17:40:00
1773078300000,2010.83,2013.33,2009.93,2013.33,2.5588,2026-03-09 17:45:00
1773078600000,2015.09,2020.84,2015.09,2020.21,5.9257,2026-03-09 17:50:00
1773078900000,2019.51,2019.51,2016.32,2016.78,6.9145,2026-03-09 17:55:00
1773079200000,2016.87,2016.87,2011.65,2011.65,2.0287,2026-03-09 18:00:00
1773079500000,2011.74,2013.28,2006.7,2008.68,3.1616,2026-03-09 18:05:00
1773079800000,2008.58,2010.56,2008.58,2010.56,1.1525,2026-03-09 18:10:00
1773080100000,2012.72,2023.01,2012.65,2023.01,7.0377,2026-03-09 18:15:00
1773080400000,2022.13,2022.13,2015.81,2015.81,0.7993,2026-03-09 18:20:00
1773080700000,2017.49,2018.85,2017.49,2018.85,0.7741,2026-03-09 18:25:00
1773081000000,2019.85,2019.85,2019.85,2019.85,0.2605,2026-03-09 18:30:00
1773081300000,2019.3,2019.3,2016.25,2016.25,1.8221,2026-03-09 18:35:00
1773081600000,2016.18,2016.69,2016.18,2016.69,1.65,2026-03-09 18:40:00
1773081900000,2017.7,2017.7,2016.62,2016.62,2.3701,2026-03-09 18:45:00
1773082200000,2014.0,2014.0,2013.17,2013.17,1.0495,2026-03-09 18:50:00
1773082500000,2013.75,2014.77,2011.35,2011.35,1.1611,2026-03-09 18:55:00
1773082800000,2012.08,2014.61,2012.08,2014.19,2.22,2026-03-09 19:00:00
1773083100000,2013.58,2014.18,2013.4,2013.4,1.1035,2026-03-09 19:05:00
1773083400000,2012.81,2014.25,2012.18,2012.18,1.2358,2026-03-09 19:10:00
1773083700000,2011.86,2025.31,2011.86,2025.31,4.9139,2026-03-09 19:15:00
1773084000000,2026.54,2033.01,2024.7,2032.31,10.2028,2026-03-09 19:20:00
1773084300000,2034.61,2050.21,2034.48,2049.2,9.4842,2026-03-09 19:25:00
1773084600000,2050.69,2053.64,2041.61,2041.9,3.4135,2026-03-09 19:30:00
1773084900000,2041.51,2041.51,2032.17,2035.49,1.9693,2026-03-09 19:35:00
1773085200000,2032.23,2032.28,2027.28,2032.18,7.9965,2026-03-09 19:40:00
1773085500000,2031.07,2032.71,2030.08,2032.71,3.5487,2026-03-09 19:45:00
1773085800000,2031.19,2033.91,2028.08,2032.33,4.9264,2026-03-09 19:50:00
1773086100000,2032.95,2035.87,2031.58,2035.87,4.4475,2026-03-09 19:55:00
1773086400000,2034.43,2036.54,2031.75,2031.75,4.31,2026-03-09 20:00:00
1773086700000,2035.03,2036.32,2033.08,2036.32,3.8501,2026-03-09 20:05:00
1773087000000,2033.5,2034.17,2031.97,2032.54,4.3855,2026-03-09 20:10:00
1773087300000,2032.27,2032.27,2030.7,2031.56,1.6435,2026-03-09 20:15:00
1773087600000,2031.56,2031.56,2031.56,2031.56,0.0,2026-03-09 20:20:00
1773087900000,2031.56,2031.56,2031.56,2031.56,0.0,2026-03-09 20:25:00
1773088200000,2028.73,2028.77,2023.46,2023.46,5.1604,2026-03-09 20:30:00
1773088500000,2024.33,2025.12,2022.36,2025.12,3.9404,2026-03-09 20:35:00
1773088800000,2023.6,2026.63,2023.16,2023.26,2.2549,2026-03-09 20:40:00
1773089100000,2023.0,2023.0,2020.58,2020.88,4.5264,2026-03-09 20:45:00
1773089400000,2020.83,2020.83,2018.96,2020.62,3.4211,2026-03-09 20:50:00
1773089700000,2023.72,2028.43,2023.72,2027.41,4.933,2026-03-09 20:55:00
1773090000000,2025.41,2030.84,2025.41,2030.84,3.0093,2026-03-09 21:00:00
1773090300000,2033.0,2033.39,2033.0,2033.39,1.6524,2026-03-09 21:05:00
1773090600000,2031.67,2034.08,2029.32,2030.68,1.9031,2026-03-09 21:10:00
1773090900000,2031.37,2031.37,2029.91,2029.93,1.1723,2026-03-09 21:15:00
1773091200000,2029.91,2029.91,2028.08,2029.53,1.6844,2026-03-09 21:20:00
1773091500000,2029.92,2029.93,2029.25,2029.26,2.8193,2026-03-09 21:25:00
1773091800000,2027.86,2028.13,2026.65,2028.13,3.2732,2026-03-09 21:30:00
1773092100000,2026.89,2026.89,2024.9,2025.9,3.121,2026-03-09 21:35:00
1773092400000,2026.38,2028.22,2024.07,2028.22,3.6815,2026-03-09 21:40:00
1773092700000,2026.94,2028.71,2026.94,2028.71,1.6037,2026-03-09 21:45:00
1773093000000,2029.01,2029.01,2027.03,2027.03,3.7231,2026-03-09 21:50:00
1773093300000,2027.01,2030.22,2025.68,2028.44,6.9258,2026-03-09 21:55:00
1773093600000,2029.1,2030.93,2024.5,2024.5,7.9652,2026-03-09 22:00:00
1773093900000,2024.4,2024.54,2020.98,2020.98,3.9967,2026-03-09 22:05:00
1773094200000,2020.44,2022.77,2018.44,2022.77,1.3485,2026-03-09 22:10:00
1773094500000,2022.08,2022.08,2022.08,2022.08,0.75,2026-03-09 22:15:00
1773094800000,2022.24,2022.24,2022.24,2022.24,0.9,2026-03-09 22:20:00
1773095100000,2021.59,2021.59,2021.59,2021.59,0.0227,2026-03-09 22:25:00
1773095400000,2021.83,2021.83,2019.39,2019.55,3.8231,2026-03-09 22:30:00
1773095700000,2018.83,2018.83,2007.27,2009.15,13.393,2026-03-09 22:35:00
1773096000000,2009.18,2010.79,2008.86,2010.79,5.5898,2026-03-09 22:40:00
1773096300000,2011.87,2011.87,2008.07,2009.78,6.459,2026-03-09 22:45:00
1773096600000,2009.35,2009.35,1999.71,2002.01,45.1076,2026-03-09 22:50:00
1773096900000,2001.39,2002.45,1999.97,2002.45,14.8224,2026-03-09 22:55:00
1773097200000,2002.62,2002.62,2000.2,2000.84,1.8995,2026-03-09 23:00:00
1773097500000,1999.97,2005.82,1997.56,2005.82,3.1691,2026-03-09 23:05:00
1773097800000,2006.7,2007.14,2001.23,2003.78,6.8985,2026-03-09 23:10:00
1773098100000,2003.51,2003.51,1999.6,1999.6,0.6574,2026-03-09 23:15:00
1773098400000,1999.9,2000.87,1998.54,2000.03,3.8754,2026-03-09 23:20:00
1773098700000,1999.85,2001.78,1999.19,2000.7,3.182,2026-03-09 23:25:00
1773099000000,1997.53,2001.51,1997.53,2000.79,1.1452,2026-03-09 23:30:00
1773099300000,1999.21,1999.9,1998.53,1998.89,1.7559,2026-03-09 23:35:00
1773099600000,1998.97,2000.89,1998.07,1998.07,2.1795,2026-03-09 23:40:00
1773099900000,1996.77,1997.7,1994.09,1995.22,7.6574,2026-03-09 23:45:00
1773100200000,1994.15,1994.25,1992.33,1992.33,3.7159,2026-03-09 23:50:00
1773100500000,1989.7,1994.75,1989.51,1994.71,4.5237,2026-03-09 23:55:00
1773100800000,1992.09,1995.17,1991.31,1993.88,6.0491,2026-03-10 00:00:00
1773101100000,1993.79,1994.45,1992.85,1994.13,0.9424,2026-03-10 00:05:00
1773101400000,1993.96,1996.62,1993.59,1996.62,3.3518,2026-03-10 00:10:00
1773101700000,1995.46,2004.32,1995.46,2004.08,5.9522,2026-03-10 00:15:00
1773102000000,2005.2,2009.01,2004.39,2008.8,1.9783,2026-03-10 00:20:00
1773102300000,2007.69,2015.64,2007.69,2013.27,5.5292,2026-03-10 00:25:00
1773102600000,2013.13,2013.13,2009.19,2012.33,29.4193,2026-03-10 00:30:00
1773102900000,2015.66,2019.92,2015.28,2017.7,5.3966,2026-03-10 00:35:00
1773103200000,2016.99,2018.77,2016.26,2018.77,2.4949,2026-03-10 00:40:00
1773103500000,2018.49,2021.35,2017.78,2020.07,3.1899,2026-03-10 00:45:00
1773103800000,2018.99,2018.99,2014.98,2014.98,4.6336,2026-03-10 00:50:00
1773104100000,2013.72,2014.6,2013.72,2014.05,3.6172,2026-03-10 00:55:00
1773104400000,2015.69,2022.36,2015.69,2015.91,3.1801,2026-03-10 01:00:00
1773104700000,2015.08,2019.7,2015.08,2019.2,3.9199,2026-03-10 01:05:00
1773105000000,2019.63,2020.95,2018.48,2018.58,0.5672,2026-03-10 01:10:00
1773105300000,2018.52,2018.52,2012.71,2012.71,5.8402,2026-03-10 01:15:00
1773105600000,2010.62,2014.43,2010.62,2014.05,3.6669,2026-03-10 01:20:00
1773105900000,2014.02,2015.71,2012.22,2012.22,6.103,2026-03-10 01:25:00
1773106200000,2012.84,2015.47,2011.46,2013.04,2.6475,2026-03-10 01:30:00
1773106500000,2012.09,2012.9,2007.31,2008.34,7.9014,2026-03-10 01:35:00
1773106800000,2009.32,2010.55,2008.96,2010.55,2.8187,2026-03-10 01:40:00
1773107100000,2012.71,2014.62,2012.71,2014.07,2.4289,2026-03-10 01:45:00
1773107400000,2017.82,2020.77,2017.82,2019.39,1.5484,2026-03-10 01:50:00
1773107700000,2022.14,2025.0,2019.37,2020.28,3.5472,2026-03-10 01:55:00
1773108000000,2019.91,2019.91,2019.69,2019.69,0.2736,2026-03-10 02:00:00
1773108300000,2017.33,2017.33,2017.33,2017.33,0.2714,2026-03-10 02:05:00
1773108600000,2017.81,2020.07,2017.81,2020.07,0.3073,2026-03-10 02:10:00
1773108900000,2019.31,2019.31,2018.18,2018.43,1.6648,2026-03-10 02:15:00
1773109200000,2021.72,2021.72,2021.55,2021.65,2.0235,2026-03-10 02:20:00
1773109500000,2016.75,2019.43,2016.75,2019.43,2.25,2026-03-10 02:25:00
1773109800000,2022.15,2038.5,2022.15,2038.5,14.2463,2026-03-10 02:30:00
1773110100000,2038.69,2051.53,2038.69,2040.87,9.1107,2026-03-10 02:35:00
1773110400000,2041.3,2053.07,2040.57,2049.27,9.7395,2026-03-10 02:40:00
1773110700000,2046.58,2052.28,2045.21,2052.28,15.0357,2026-03-10 02:45:00
1773111000000,2049.42,2049.42,2043.24,2043.69,6.772,2026-03-10 02:50:00
1773111300000,2044.35,2044.84,2042.32,2042.32,1.7096,2026-03-10 02:55:00
1773111600000,2042.32,2046.3,2038.87,2038.87,5.7746,2026-03-10 03:00:00
1773111900000,2038.92,2043.73,2038.92,2042.79,3.2167,2026-03-10 03:05:00
1773112200000,2044.47,2044.47,2042.56,2042.56,2.5698,2026-03-10 03:10:00
1773112500000,2041.52,2044.05,2041.52,2044.05,1.779,2026-03-10 03:15:00
1773112800000,2043.69,2046.34,2043.69,2046.34,1.867,2026-03-10 03:20:00
1773113100000,2046.34,2046.34,2046.34,2046.34,0.0,2026-03-10 03:25:00
1773113400000,2042.66,2042.66,2042.66,2042.66,0.0047,2026-03-10 03:30:00
1773113700000,2040.61,2040.61,2038.99,2038.99,0.5391,2026-03-10 03:35:00
1773114000000,2037.77,2037.77,2036.52,2036.66,3.2581,2026-03-10 03:40:00
1773114300000,2030.66,2030.77,2024.0,2027.71,2.6218,2026-03-10 03:45:00
1773114600000,2026.59,2030.64,2025.29,2030.64,2.7611,2026-03-10 03:50:00
1773114900000,2026.65,2026.81,2026.65,2026.79,2.0422,2026-03-10 03:55:00
1773115200000,2027.55,2028.73,2026.7,2028.73,0.3855,2026-03-10 04:00:00
1773115500000,2030.01,2031.42,2029.64,2031.42,2.1426,2026-03-10 04:05:00
1773115800000,2032.26,2034.96,2032.26,2034.96,3.7887,2026-03-10 04:10:00
1773116100000,2033.1,2034.64,2032.53,2032.53,1.5697,2026-03-10 04:15:00
1773116400000,2033.69,2037.76,2033.69,2037.76,1.7581,2026-03-10 04:20:00
1773116700000,2037.76,2037.76,2037.76,2037.76,0.0,2026-03-10 04:25:00
1773117000000,2037.95,2037.95,2037.71,2037.73,1.944,2026-03-10 04:30:00
1773117300000,2039.04,2040.37,2039.04,2040.12,1.721,2026-03-10 04:35:00
1773117600000,2042.07,2042.07,2040.66,2041.49,1.0937,2026-03-10 04:40:00
1773117900000,2041.97,2041.97,2040.12,2041.31,0.1195,2026-03-10 04:45:00
1773118200000,2042.06,2042.06,2042.06,2042.06,0.0103,2026-03-10 04:50:00
1773118500000,2042.96,2045.39,2042.96,2045.33,1.9219,2026-03-10 04:55:00
1773118800000,2045.65,2049.41,2045.06,2048.94,2.3371,2026-03-10 05:00:00
1773119100000,2048.7,2048.7,2048.7,2048.7,0.75,2026-03-10 05:05:00
1773119400000,2048.46,2053.97,2048.46,2048.81,25.6652,2026-03-10 05:10:00
1773119700000,2048.36,2052.17,2048.36,2050.88,1.5104,2026-03-10 05:15:00
1773120000000,2048.47,2048.47,2048.33,2048.39,1.17,2026-03-10 05:20:00
1773120300000,2046.42,2046.42,2042.83,2042.83,12.2768,2026-03-10 05:25:00
1773120600000,2046.26,2048.04,2046.26,2048.04,1.8049,2026-03-10 05:30:00
1773120900000,2047.87,2047.87,2041.7,2042.89,6.4599,2026-03-10 05:35:00
1773121200000,2042.36,2044.43,2042.35,2044.43,1.2468,2026-03-10 05:40:00
1773121500000,2041.41,2042.0,2040.49,2041.43,1.6636,2026-03-10 05:45:00
1773121800000,2041.33,2044.6,2041.33,2044.03,2.5599,2026-03-10 05:50:00
1773122100000,2044.1,2044.1,2043.53,2043.53,1.2567,2026-03-10 05:55:00
1773122400000,2042.38,2042.5,2042.38,2042.5,0.0074,2026-03-10 06:00:00
1773122700000,2041.08,2041.72,2041.08,2041.72,1.7599,2026-03-10 06:05:00
1773123000000,2041.72,2041.72,2040.3,2041.22,1.0811,2026-03-10 06:10:00
1773123300000,2039.17,2039.17,2039.17,2039.17,0.03,2026-03-10 06:15:00
1773123600000,2038.24,2038.24,2036.73,2037.83,0.9632,2026-03-10 06:20:00
1773123900000,2048.13,2048.13,2048.13,2048.13,0.9,2026-03-10 06:25:00
1773124200000,2048.38,2048.38,2045.8,2045.8,3.5791,2026-03-10 06:30:00
1773124500000,2046.71,2046.71,2046.71,2046.71,0.9,2026-03-10 06:35:00
1773124800000,2046.06,2046.06,2044.59,2044.59,2.0697,2026-03-10 06:40:00
1773125100000,2042.45,2045.51,2042.45,2045.51,4.464,2026-03-10 06:45:00
1773125400000,2045.11,2045.88,2043.03,2043.18,7.1761,2026-03-10 06:50:00
1773125700000,2041.83,2043.05,2041.83,2043.05,2.55,2026-03-10 06:55:00
1773126000000,2043.78,2043.78,2041.64,2041.64,2.1761,2026-03-10 07:00:00
1773126300000,2041.88,2049.91,2041.88,2046.16,10.3868,2026-03-10 07:05:00
1773126600000,2047.41,2052.15,2046.97,2047.61,3.7235,2026-03-10 07:10:00
1773126900000,2047.95,2051.39,2047.95,2051.39,2.3946,2026-03-10 07:15:00
1773127200000,2051.39,2059.42,2051.39,2057.78,4.0412,2026-03-10 07:20:00
1773127500000,2052.89,2054.17,2051.76,2051.76,2.0674,2026-03-10 07:25:00
1773127800000,2052.7,2053.11,2052.57,2053.11,1.4917,2026-03-10 07:30:00
1773128100000,2049.47,2049.47,2049.47,2049.47,0.0122,2026-03-10 07:35:00
1773128400000,2050.87,2050.87,2050.87,2050.87,0.9,2026-03-10 07:40:00
1773128700000,2050.71,2053.49,2050.5,2052.45,3.3115,2026-03-10 07:45:00
1773129000000,2050.44,2051.17,2050.44,2051.17,0.7557,2026-03-10 07:50:00
1773129300000,2048.52,2048.52,2048.52,2048.52,0.0095,2026-03-10 07:55:00
1773129600000,2054.36,2055.03,2053.6,2054.78,8.887,2026-03-10 08:00:00
1773129900000,2055.29,2064.98,2054.1,2061.42,10.6342,2026-03-10 08:05:00
1773130200000,2063.52,2063.52,2059.01,2059.4,2.8102,2026-03-10 08:10:00
1773130500000,2060.65,2061.94,2058.24,2059.62,7.7681,2026-03-10 08:15:00
1773130800000,2061.45,2066.44,2061.45,2061.75,4.7467,2026-03-10 08:20:00
1773131100000,2061.18,2062.42,2061.15,2062.42,3.3,2026-03-10 08:25:00
1773131400000,2063.35,2067.77,2063.35,2067.77,2.9962,2026-03-10 08:30:00
1773131700000,2067.75,2067.99,2065.08,2067.99,3.4465,2026-03-10 08:35:00
1773132000000,2066.62,2071.16,2066.62,2067.64,0.0677,2026-03-10 08:40:00
1773132300000,2061.73,2062.65,2061.73,2062.65,1.0516,2026-03-10 08:45:00
1773132600000,2059.81,2059.81,2057.92,2057.92,2.1668,2026-03-10 08:50:00
1773132900000,2059.58,2059.59,2056.45,2056.45,5.0611,2026-03-10 08:55:00
1773133200000,2057.32,2058.9,2056.93,2058.86,3.3522,2026-03-10 09:00:00
1773133500000,2059.71,2060.05,2059.25,2059.85,1.4502,2026-03-10 09:05:00
1773133800000,2058.62,2062.04,2058.62,2062.04,4.0709,2026-03-10 09:10:00
1773134100000,2058.57,2060.92,2058.57,2060.92,1.65,2026-03-10 09:15:00
1773134400000,2060.57,2074.63,2060.57,2071.46,3.8282,2026-03-10 09:20:00
1773134700000,2071.52,2071.68,2067.48,2070.28,9.3864,2026-03-10 09:25:00
1773135000000,2069.95,2070.27,2068.3,2069.1,1.1212,2026-03-10 09:30:00
1773135300000,2068.34,2068.34,2068.08,2068.08,1.5,2026-03-10 09:35:00
1773135600000,2068.96,2068.96,2067.72,2067.72,1.0075,2026-03-10 09:40:00
1773135900000,2066.15,2066.62,2065.59,2066.52,3.3,2026-03-10 09:45:00
1773136200000,2069.69,2069.73,2069.37,2069.37,2.4251,2026-03-10 09:50:00
1773136500000,2068.7,2068.7,2068.7,2068.7,0.0396,2026-03-10 09:55:00
1773136800000,2067.68,2067.68,2066.88,2066.88,0.0077,2026-03-10 10:00:00
1773137100000,2067.67,2067.74,2062.69,2062.69,3.3122,2026-03-10 10:05:00
1773137400000,2064.63,2064.63,2061.28,2063.13,1.9497,2026-03-10 10:10:00
1773137700000,2063.44,2063.76,2060.39,2061.97,2.4435,2026-03-10 10:15:00
1773138000000,2060.43,2061.4,2060.24,2060.63,4.0622,2026-03-10 10:20:00
1773138300000,2060.76,2061.73,2060.54,2061.73,4.05,2026-03-10 10:25:00
1773138600000,2061.08,2065.68,2061.08,2063.05,9.7099,2026-03-10 10:30:00
1773138900000,2061.33,2061.33,2056.59,2057.36,2.7784,2026-03-10 10:35:00
1773139200000,2058.45,2058.45,2057.28,2057.28,1.65,2026-03-10 10:40:00
1773139500000,2056.88,2057.31,2056.88,2057.31,1.5023,2026-03-10 10:45:00
1773139800000,2058.11,2064.47,2058.11,2064.23,1.2982,2026-03-10 10:50:00
1773140100000,2062.75,2062.95,2062.72,2062.95,1.4152,2026-03-10 10:55:00
1773140400000,2061.92,2065.72,2060.75,2064.64,1.4969,2026-03-10 11:00:00
1773140700000,2064.36,2066.89,2062.54,2065.24,10.3029,2026-03-10 11:05:00
1773141000000,2063.44,2063.44,2057.73,2057.73,1.192,2026-03-10 11:10:00
1773141300000,2057.25,2059.69,2057.25,2059.69,0.0167,2026-03-10 11:15:00
1773141600000,2058.1,2063.85,2058.1,2063.85,1.8318,2026-03-10 11:20:00
1773141900000,2064.6,2065.21,2063.32,2063.32,0.607,2026-03-10 11:25:00
1773142200000,2063.13,2064.04,2063.13,2064.04,1.65,2026-03-10 11:30:00
1773142500000,2064.25,2064.94,2064.24,2064.58,4.05,2026-03-10 11:35:00
1773142800000,2063.88,2063.88,2061.29,2061.29,1.0226,2026-03-10 11:40:00
1773143100000,2062.01,2064.31,2062.01,2063.28,13.8653,2026-03-10 11:45:00
1773143400000,2064.3,2064.3,2063.72,2063.72,0.0088,2026-03-10 11:50:00
1773143700000,2063.96,2063.96,2061.6,2061.6,3.4622,2026-03-10 11:55:00
1773144000000,2061.6,2061.6,2058.33,2059.01,2.686,2026-03-10 12:00:00
1773144300000,2057.9,2057.95,2054.99,2055.17,1.7322,2026-03-10 12:05:00
1773144600000,2055.38,2058.13,2055.38,2057.45,0.8033,2026-03-10 12:10:00
1773144900000,2057.34,2057.34,2057.34,2057.34,0.2423,2026-03-10 12:15:00
1773145200000,2057.94,2059.3,2057.94,2058.31,5.9249,2026-03-10 12:20:00
1773145500000,2054.83,2054.83,2053.55,2053.55,0.9244,2026-03-10 12:25:00
1773145800000,2051.53,2051.65,2049.39,2051.36,19.1272,2026-03-10 12:30:00
1773146100000,2053.39,2055.08,2052.23,2052.23,2.4973,2026-03-10 12:35:00
1773146400000,2050.76,2050.76,2050.31,2050.59,1.6731,2026-03-10 12:40:00
1773146700000,2050.65,2051.83,2050.65,2051.16,4.9702,2026-03-10 12:45:00
1773147000000,2051.8,2051.98,2051.34,2051.98,1.765,2026-03-10 12:50:00
1773147300000,2049.48,2049.48,2048.19,2048.19,1.2119,2026-03-10 12:55:00
1773147600000,2051.07,2052.57,2051.07,2051.99,0.5487,2026-03-10 13:00:00
1773147900000,2052.55,2056.77,2052.19,2056.77,3.4343,2026-03-10 13:05:00
1773148200000,2057.75,2057.75,2054.48,2054.48,0.843,2026-03-10 13:10:00
1773148500000,2055.87,2056.6,2053.75,2053.75,5.634,2026-03-10 13:15:00
1773148800000,2055.07,2059.83,2055.07,2059.83,0.1416,2026-03-10 13:20:00
1773149100000,2057.82,2058.29,2054.41,2054.41,4.6721,2026-03-10 13:25:00
1773149400000,2055.79,2058.24,2037.89,2037.98,9.2987,2026-03-10 13:30:00
1773149700000,2039.16,2039.61,2024.0,2028.24,9.661,2026-03-10 13:35:00
1773150000000,2026.78,2034.68,2025.2,2030.89,13.3818,2026-03-10 13:40:00
1773150300000,2029.37,2039.58,2028.05,2038.88,5.7188,2026-03-10 13:45:00
1773150600000,2039.74,2044.45,2037.57,2041.85,10.7479,2026-03-10 13:50:00
1773150900000,2040.05,2040.05,2032.89,2032.89,10.0143,2026-03-10 13:55:00
1773151200000,2034.04,2034.43,2023.04,2033.83,14.8952,2026-03-10 14:00:00
1773151500000,2033.81,2036.33,2016.68,2016.68,6.1995,2026-03-10 14:05:00
1773151800000,2018.87,2018.87,2012.49,2015.32,13.3372,2026-03-10 14:10:00
1773152100000,2014.07,2018.57,2009.0,2018.29,7.0407,2026-03-10 14:15:00
1773152400000,2021.27,2022.82,2020.64,2022.82,5.0451,2026-03-10 14:20:00
1773152700000,2023.2,2027.67,2022.35,2025.68,2.8883,2026-03-10 14:25:00
1773153000000,2026.25,2032.68,2025.46,2031.49,8.1281,2026-03-10 14:30:00
1773153300000,2029.11,2037.74,2029.11,2037.74,0.8562,2026-03-10 14:35:00
1773153600000,2037.76,2047.06,2037.74,2045.38,12.3232,2026-03-10 14:40:00
1773153900000,2045.04,2048.63,2042.82,2045.36,13.8075,2026-03-10 14:45:00
1773154200000,2050.01,2069.56,2048.26,2065.03,8.7048,2026-03-10 14:50:00
1773154500000,2069.56,2080.29,2066.24,2074.1,11.0289,2026-03-10 14:55:00
1773154800000,2074.83,2085.07,2074.8,2085.07,26.7326,2026-03-10 15:00:00
1773155100000,2084.73,2084.73,2065.29,2068.72,5.5225,2026-03-10 15:05:00
1773155400000,2065.92,2073.94,2065.92,2069.37,8.5374,2026-03-10 15:10:00
1773155700000,2066.76,2070.09,2061.32,2069.25,8.6875,2026-03-10 15:15:00
1773156000000,2073.14,2073.18,2067.63,2069.13,6.4816,2026-03-10 15:20:00
1773156300000,2069.31,2073.53,2067.94,2069.0,15.1904,2026-03-10 15:25:00
1773156600000,2069.43,2078.37,2065.26,2065.26,9.5559,2026-03-10 15:30:00
1773156900000,2066.97,2068.76,2066.28,2066.54,3.9923,2026-03-10 15:35:00
1773157200000,2064.78,2071.7,2063.57,2070.33,1.8888,2026-03-10 15:40:00
1773157500000,2071.28,2075.67,2071.28,2073.88,3.0374,2026-03-10 15:45:00
1773157800000,2073.97,2077.13,2069.48,2072.81,5.4467,2026-03-10 15:50:00
1773158100000,2070.09,2080.29,2070.09,2079.34,2.7359,2026-03-10 15:55:00
1773158400000,2079.68,2080.41,2075.34,2075.34,6.7807,2026-03-10 16:00:00
1773158700000,2075.84,2075.84,2070.01,2072.67,2.8988,2026-03-10 16:05:00
1773159000000,2072.56,2074.86,2070.64,2071.67,8.5042,2026-03-10 16:10:00
1773159300000,2073.84,2080.76,2073.17,2080.76,4.4978,2026-03-10 16:15:00
1773159600000,2081.64,2087.45,2080.45,2081.15,14.0632,2026-03-10 16:20:00
1773159900000,2081.61,2090.42,2079.8,2079.8,12.1594,2026-03-10 16:25:00
1773160200000,2080.01,2080.01,2077.76,2078.41,3.1694,2026-03-10 16:30:00
1773160500000,2081.72,2083.01,2080.01,2080.76,6.772,2026-03-10 16:35:00
1773160800000,2079.8,2085.65,2078.78,2085.65,2.8256,2026-03-10 16:40:00
1773161100000,2081.53,2082.57,2078.79,2080.88,3.2597,2026-03-10 16:45:00
1773161400000,2079.86,2085.58,2079.86,2084.0,5.4482,2026-03-10 16:50:00
1773161700000,2083.61,2083.61,2080.14,2080.29,3.3572,2026-03-10 16:55:00
1773162000000,2080.21,2082.12,2079.08,2079.08,3.3321,2026-03-10 17:00:00
1773162300000,2080.57,2084.34,2079.55,2080.65,9.0343,2026-03-10 17:05:00
1773162600000,2079.82,2080.92,2076.01,2076.26,9.8233,2026-03-10 17:10:00
1773162900000,2078.53,2080.61,2077.27,2078.36,8.1807,2026-03-10 17:15:00
1773163200000,2078.34,2080.04,2077.78,2080.04,9.5713,2026-03-10 17:20:00
1773163500000,2074.18,2074.18,2072.97,2072.97,0.279,2026-03-10 17:25:00
1773163800000,2074.17,2078.97,2071.89,2076.35,7.1992,2026-03-10 17:30:00
1773164100000,2072.44,2072.44,2058.27,2063.99,15.4681,2026-03-10 17:35:00
1773164400000,2063.99,2067.45,2061.45,2065.52,7.7548,2026-03-10 17:40:00
1773164700000,2064.27,2074.84,2062.42,2074.26,9.2822,2026-03-10 17:45:00
1773165000000,2074.08,2076.38,2073.23,2075.66,14.3288,2026-03-10 17:50:00
1773165300000,2074.23,2074.23,2070.18,2071.45,7.9409,2026-03-10 17:55:00
1773165600000,2071.47,2073.27,2069.14,2072.42,37.1719,2026-03-10 18:00:00
1773165900000,2069.54,2072.42,2064.14,2065.15,14.4262,2026-03-10 18:05:00
1773166200000,2064.69,2066.39,2049.06,2049.06,7.9785,2026-03-10 18:10:00
1773166500000,2050.1,2056.08,2039.52,2043.46,13.7452,2026-03-10 18:15:00
1773166800000,2039.86,2049.2,2039.86,2047.41,11.2102,2026-03-10 18:20:00
1773167100000,2047.38,2051.57,2047.11,2047.74,6.5867,2026-03-10 18:25:00
1773167400000,2047.21,2050.08,2043.23,2048.09,8.9293,2026-03-10 18:30:00
1773167700000,2051.59,2055.33,2041.94,2043.52,10.8816,2026-03-10 18:35:00
1773168000000,2044.05,2044.05,2040.93,2041.52,5.6479,2026-03-10 18:40:00
1773168300000,2037.76,2045.64,2037.76,2045.5,13.5824,2026-03-10 18:45:00
1773168600000,2044.89,2046.76,2039.94,2042.36,13.6541,2026-03-10 18:50:00
1773168900000,2042.06,2042.06,2036.61,2039.66,11.4067,2026-03-10 18:55:00
1773169200000,2038.92,2042.05,2038.6,2041.09,11.6198,2026-03-10 19:00:00
1773169500000,2037.35,2043.67,2036.33,2039.07,6.2057,2026-03-10 19:05:00
1773169800000,2039.32,2039.32,2030.88,2035.91,6.1862,2026-03-10 19:10:00
1773170100000,2035.96,2044.1,2035.96,2043.24,12.1434,2026-03-10 19:15:00
1773170400000,2040.18,2040.18,2033.49,2039.25,14.2645,2026-03-10 19:20:00
1773170700000,2038.39,2038.4,2030.0,2034.53,11.1525,2026-03-10 19:25:00
1773171000000,2031.45,2033.51,2028.53,2030.89,15.9496,2026-03-10 19:30:00
1773171300000,2029.1,2032.15,2027.72,2031.41,17.6606,2026-03-10 19:35:00
1773171600000,2033.77,2041.73,2032.88,2038.2,13.4322,2026-03-10 19:40:00
1773171900000,2037.35,2038.76,2034.62,2035.24,14.436,2026-03-10 19:45:00
1773172200000,2036.39,2036.9,2035.06,2036.5,12.2913,2026-03-10 19:50:00
1773172500000,2035.71,2037.72,2034.93,2036.98,7.013,2026-03-10 19:55:00
1773172800000,2037.17,2039.2,2035.9,2039.17,2.5154,2026-03-10 20:00:00
1773173100000,2042.05,2042.96,2039.06,2039.06,6.1986,2026-03-10 20:05:00
1773173400000,2039.16,2040.33,2037.62,2040.33,11.1476,2026-03-10 20:10:00
1773173700000,2040.12,2040.97,2038.28,2038.61,6.5711,2026-03-10 20:15:00
1773174000000,2041.95,2044.22,2041.95,2042.56,10.2049,2026-03-10 20:20:00
1773174300000,2043.2,2045.41,2043.2,2045.41,1.9134,2026-03-10 20:25:00
1773174600000,2045.14,2046.65,2044.41,2044.74,7.0774,2026-03-10 20:30:00
1773174900000,2044.5,2045.69,2041.38,2043.52,10.2241,2026-03-10 20:35:00
1773175200000,2044.52,2045.9,2041.72,2042.54,10.2908,2026-03-10 20:40:00
1773175500000,2043.65,2043.88,2041.55,2041.57,6.0373,2026-03-10 20:45:00
1773175800000,2042.63,2043.17,2041.16,2042.01,8.0503,2026-03-10 20:50:00
1773176100000,2042.61,2043.28,2042.27,2042.61,6.8802,2026-03-10 20:55:00
1773176400000,2042.8,2043.93,2042.8,2043.93,4.6684,2026-03-10 21:00:00
1773176700000,2043.72,2047.3,2043.4,2043.4,4.3105,2026-03-10 21:05:00
1773177000000,2042.67,2042.67,2038.37,2038.5,3.8887,2026-03-10 21:10:00
1773177300000,2038.91,2040.83,2038.29,2039.03,5.9085,2026-03-10 21:15:00
1773177600000,2039.27,2039.91,2038.91,2039.91,6.0552,2026-03-10 21:20:00
1773177900000,2039.48,2039.99,2039.48,2039.99,1.687,2026-03-10 21:25:00
1773178200000,2040.57,2040.74,2038.58,2038.91,11.3327,2026-03-10 21:30:00
1773178500000,2037.69,2037.69,2034.72,2034.8,4.8807,2026-03-10 21:35:00
1773178800000,2034.95,2035.15,2030.66,2030.66,34.7836,2026-03-10 21:40:00
1773179100000,2025.85,2027.78,2019.12,2027.43,15.5772,2026-03-10 21:45:00
1773179400000,2024.8,2028.04,2024.17,2028.04,2.0741,2026-03-10 21:50:00
1773179700000,2029.19,2031.06,2027.57,2029.9,2.5468,2026-03-10 21:55:00
1773180000000,2029.19,2031.97,2027.08,2027.08,18.17,2026-03-10 22:00:00
1773180300000,2026.94,2028.17,2023.34,2024.58,5.8146,2026-03-10 22:05:00
1773180600000,2024.29,2026.02,2021.6,2026.02,3.3831,2026-03-10 22:10:00
1773180900000,2024.99,2024.99,2021.58,2022.8,4.3042,2026-03-10 22:15:00
1773181200000,2022.9,2028.79,2021.09,2028.79,18.4208,2026-03-10 22:20:00
1773181500000,2029.63,2030.87,2027.89,2027.89,7.2452,2026-03-10 22:25:00
1773181800000,2027.77,2028.69,2025.45,2025.62,7.4963,2026-03-10 22:30:00
1773182100000,2025.0,2025.7,2022.81,2025.7,9.1832,2026-03-10 22:35:00
1773182400000,2026.73,2028.69,2026.73,2028.21,4.9521,2026-03-10 22:40:00
1773182700000,2029.14,2031.07,2028.88,2030.93,11.2603,2026-03-10 22:45:00
1773183000000,2030.84,2031.42,2029.48,2030.78,4.5855,2026-03-10 22:50:00
1773183300000,2026.06,2026.78,2026.06,2026.78,0.0503,2026-03-10 22:55:00
1773183600000,2028.71,2032.24,2028.71,2032.08,17.7745,2026-03-10 23:00:00
1773183900000,2032.4,2033.87,2032.15,2033.75,2.6066,2026-03-10 23:05:00
1773184200000,2034.84,2034.84,2032.99,2034.39,1.2719,2026-03-10 23:10:00
1773184500000,2033.91,2034.8,2033.91,2034.8,1.5182,2026-03-10 23:15:00
1773184800000,2033.8,2035.13,2029.86,2029.86,0.595,2026-03-10 23:20:00
1773185100000,2032.61,2032.61,2031.75,2031.75,0.9413,2026-03-10 23:25:00
1773185400000,2033.26,2034.28,2033.26,2033.6,2.6679,2026-03-10 23:30:00
1773185700000,2033.6,2033.6,2033.6,2033.6,0.0,2026-03-10 23:35:00
1773186000000,2034.06,2034.06,2034.06,2034.06,0.9,2026-03-10 23:40:00
1773186300000,2034.06,2034.06,2034.06,2034.06,0.0,2026-03-10 23:45:00
1773186600000,2034.06,2034.06,2034.06,2034.06,0.0,2026-03-10 23:50:00
1773186900000,2036.9,2036.9,2036.9,2036.9,0.0097,2026-03-10 23:55:00
1773187200000,2036.06,2036.06,2030.82,2030.82,0.9447,2026-03-11 00:00:00
1773187500000,2031.74,2037.76,2030.57,2037.76,6.139,2026-03-11 00:05:00
1773187800000,2034.64,2038.93,2034.64,2037.96,0.1321,2026-03-11 00:10:00
1773188100000,2037.74,2038.23,2033.48,2036.45,23.8461,2026-03-11 00:15:00
1773188400000,2036.5,2039.26,2035.89,2039.26,0.288,2026-03-11 00:20:00
1773188700000,2039.05,2040.6,2037.74,2038.18,2.4143,2026-03-11 00:25:00
1773189000000,2037.5,2037.5,2032.04,2032.04,2.6165,2026-03-11 00:30:00
1773189300000,2031.56,2032.27,2031.56,2032.27,0.1097,2026-03-11 00:35:00
1773189600000,2030.88,2031.0,2029.44,2029.44,1.3687,2026-03-11 00:40:00
1773189900000,2032.69,2032.69,2031.35,2031.35,0.7549,2026-03-11 00:45:00
1773190200000,2037.19,2041.06,2037.19,2037.92,8.9979,2026-03-11 00:50:00
1773190500000,2037.92,2037.92,2037.92,2037.92,0.0,2026-03-11 00:55:00
1773190800000,2037.67,2037.67,2037.22,2037.22,2.7691,2026-03-11 01:00:00
1773191100000,2039.02,2039.02,2039.02,2039.02,0.0024,2026-03-11 01:05:00
1773191400000,2038.57,2038.57,2037.5,2037.5,0.9106,2026-03-11 01:10:00
1773191700000,2038.05,2039.46,2037.9,2037.9,3.5536,2026-03-11 01:15:00
1773192000000,2036.33,2036.33,2034.26,2035.02,2.6186,2026-03-11 01:20:00
1773192300000,2032.85,2035.41,2032.85,2035.41,0.9039,2026-03-11 01:25:00
1773192600000,2035.41,2035.41,2035.41,2035.41,0.0,2026-03-11 01:30:00
1773192900000,2028.99,2031.01,2028.99,2031.01,2.1726,2026-03-11 01:35:00
1773193200000,2030.46,2031.26,2030.12,2031.26,1.8338,2026-03-11 01:40:00
1773193500000,2032.72,2032.86,2031.89,2032.86,0.6637,2026-03-11 01:45:00
1773193800000,2035.44,2035.73,2035.36,2035.73,1.6557,2026-03-11 01:50:00
1773194100000,2037.51,2037.59,2036.55,2036.55,1.0373,2026-03-11 01:55:00
1773194400000,2036.1,2036.78,2036.1,2036.78,0.3119,2026-03-11 02:00:00
1773194700000,2036.09,2038.49,2036.09,2038.49,1.7824,2026-03-11 02:05:00
1773195000000,2037.08,2037.08,2034.34,2034.34,0.0128,2026-03-11 02:10:00
1773195300000,2034.29,2035.63,2034.01,2035.63,1.9279,2026-03-11 02:15:00
1773195600000,2032.03,2033.58,2032.03,2033.58,2.7654,2026-03-11 02:20:00
1773195900000,2033.45,2033.45,2031.76,2033.35,1.9141,2026-03-11 02:25:00
1773196200000,2032.77,2033.37,2027.7,2027.7,5.7027,2026-03-11 02:30:00
1773196500000,2028.66,2028.66,2021.49,2021.49,5.6451,2026-03-11 02:35:00
1773196800000,2021.03,2022.43,2021.03,2022.23,4.2966,2026-03-11 02:40:00
1773197100000,2021.89,2021.89,2020.07,2020.07,2.1121,2026-03-11 02:45:00
1773197400000,2021.88,2026.25,2021.88,2025.16,1.8379,2026-03-11 02:50:00
1773197700000,2025.16,2025.16,2025.16,2025.16,0.0,2026-03-11 02:55:00
1773198000000,2028.41,2028.41,2024.51,2025.14,1.0586,2026-03-11 03:00:00
1773198300000,2024.92,2024.92,2024.05,2024.05,0.8166,2026-03-11 03:05:00
1773198600000,2023.78,2023.78,2023.78,2023.78,0.0049,2026-03-11 03:10:00
1773198900000,2023.98,2023.98,2023.43,2023.43,0.2316,2026-03-11 03:15:00
1773199200000,2020.84,2020.84,2018.88,2019.94,1.6644,2026-03-11 03:20:00
1773199500000,2019.57,2020.05,2019.57,2019.83,0.8003,2026-03-11 03:25:00
1773199800000,2019.52,2020.9,2019.52,2020.58,2.4425,2026-03-11 03:30:00
1773200100000,2021.64,2021.64,2021.64,2021.64,2.4948,2026-03-11 03:35:00
1773200400000,2020.94,2021.0,2020.0,2021.0,0.9604,2026-03-11 03:40:00
1773200700000,2020.67,2020.67,2018.44,2019.99,3.0975,2026-03-11 03:45:00
1773201000000,2021.5,2021.5,2021.5,2021.5,2.0,2026-03-11 03:50:00
1773201300000,2021.17,2021.69,2020.97,2021.69,1.7611,2026-03-11 03:55:00
1773201600000,2021.28,2021.31,2020.99,2020.99,1.6648,2026-03-11 04:00:00
1773201900000,2020.28,2020.28,2020.28,2020.28,0.0121,2026-03-11 04:05:00
1773202200000,2021.33,2022.0,2021.33,2022.0,1.9943,2026-03-11 04:10:00
1773202500000,2026.13,2026.13,2026.13,2026.13,0.9,2026-03-11 04:15:00
1773202800000,2026.81,2026.81,2026.81,2026.81,0.75,2026-03-11 04:20:00
1773203100000,2030.19,2036.8,2030.19,2035.31,6.8561,2026-03-11 04:25:00
1773203400000,2034.19,2036.34,2034.19,2036.34,5.3869,2026-03-11 04:30:00
1773203700000,2036.34,2036.34,2036.34,2036.34,0.0,2026-03-11 04:35:00
1773204000000,2033.72,2035.31,2033.64,2033.64,2.4893,2026-03-11 04:40:00
1773204300000,2035.3,2035.31,2035.3,2035.31,0.2532,2026-03-11 04:45:00
1773204600000,2037.54,2037.76,2037.54,2037.76,0.1095,2026-03-11 04:50:00
1773204900000,2037.76,2037.76,2037.76,2037.76,0.0,2026-03-11 04:55:00
1773205200000,2039.34,2041.15,2038.61,2039.67,23.4478,2026-03-11 05:00:00
1773205500000,2038.65,2039.95,2038.65,2039.95,0.0186,2026-03-11 05:05:00
1773205800000,2037.5,2037.5,2037.5,2037.5,0.024,2026-03-11 05:10:00
1773206100000,2037.5,2037.5,2037.5,2037.5,0.0,2026-03-11 05:15:00
1773206400000,2034.71,2034.71,2033.25,2033.25,0.3366,2026-03-11 05:20:00
1773206700000,2033.25,2033.25,2033.25,2033.25,0.0,2026-03-11 05:25:00
1773207000000,2031.62,2031.62,2031.62,2031.62,0.0299,2026-03-11 05:30:00
1773207300000,2028.36,2028.76,2024.0,2024.0,0.8576,2026-03-11 05:35:00
1773207600000,2022.46,2022.46,2013.0,2013.69,13.9139,2026-03-11 05:40:00
1773207900000,2015.21,2017.87,2015.21,2017.87,3.052,2026-03-11 05:45:00
1773208200000,2017.58,2017.58,2017.58,2017.58,0.75,2026-03-11 05:50:00
1773208500000,2015.46,2015.46,2015.46,2015.46,0.0013,2026-03-11 05:55:00
1773208800000,2015.97,2018.45,2015.97,2018.45,0.0199,2026-03-11 06:00:00
1773209100000,2017.36,2017.36,2017.36,2017.36,0.75,2026-03-11 06:05:00
1773209400000,2015.59,2018.1,2015.59,2018.1,2.5581,2026-03-11 06:10:00
1773209700000,2018.98,2019.64,2016.49,2017.85,0.9927,2026-03-11 06:15:00
1773210000000,2018.44,2018.68,2017.01,2018.68,1.2875,2026-03-11 06:20:00
1773210300000,2018.68,2018.68,2018.68,2018.68,0.0,2026-03-11 06:25:00
1773210600000,2024.04,2024.04,2024.04,2024.04,0.9,2026-03-11 06:30:00
1773210900000,2022.25,2022.25,2021.1,2021.1,2.9554,2026-03-11 06:35:00
1773211200000,2021.1,2021.1,2021.1,2021.1,0.0,2026-03-11 06:40:00
1773211500000,2021.1,2021.1,2021.1,2021.1,0.0,2026-03-11 06:45:00
1773211800000,2021.91,2024.74,2021.91,2024.34,3.45,2026-03-11 06:50:00
1773212100000,2024.34,2024.34,2024.34,2024.34,0.0,2026-03-11 06:55:00
1773212400000,2024.51,2024.83,2023.78,2023.78,0.8579,2026-03-11 07:00:00
1773212700000,2023.06,2024.8,2023.06,2024.1,0.781,2026-03-11 07:05:00
1773213000000,2024.16,2024.16,2023.96,2023.96,0.8536,2026-03-11 07:10:00
1773213300000,2020.62,2021.43,2020.62,2021.43,1.506,2026-03-11 07:15:00
1773213600000,2021.43,2021.43,2021.43,2021.43,0.0,2026-03-11 07:20:00
1773213900000,2021.67,2021.67,2021.67,2021.67,0.2446,2026-03-11 07:25:00
1773214200000,2021.67,2021.67,2021.67,2021.67,0.0,2026-03-11 07:30:00
1773214500000,2014.47,2014.47,2008.31,2009.29,6.9594,2026-03-11 07:35:00
1773214800000,2008.69,2008.69,2008.69,2008.69,0.75,2026-03-11 07:40:00
1773215100000,2014.28,2014.28,2014.28,2014.28,0.0496,2026-03-11 07:45:00
1773215400000,2014.28,2014.28,2014.28,2014.28,0.0,2026-03-11 07:50:00
1773215700000,2014.31,2014.31,2014.31,2014.31,0.75,2026-03-11 07:55:00
1773216000000,2014.7,2014.7,2014.02,2014.02,3.5841,2026-03-11 08:00:00
1773216300000,2013.52,2013.86,2013.52,2013.86,1.7669,2026-03-11 08:05:00
1773216600000,2013.86,2013.86,2013.86,2013.86,0.0,2026-03-11 08:10:00
1773216900000,2013.86,2013.86,2013.86,2013.86,0.0,2026-03-11 08:15:00
1773217200000,2012.74,2012.74,2012.15,2012.15,1.65,2026-03-11 08:20:00
1773217500000,2012.15,2012.15,2012.15,2012.15,0.0,2026-03-11 08:25:00
1773217800000,2012.03,2019.37,2012.03,2019.23,8.6231,2026-03-11 08:30:00
1773218100000,2017.74,2024.0,2017.74,2021.41,6.6393,2026-03-11 08:35:00
1773218400000,2022.88,2023.81,2022.71,2023.42,2.4946,2026-03-11 08:40:00
1773218700000,2023.42,2023.42,2023.42,2023.42,0.0,2026-03-11 08:45:00
1773219000000,2020.79,2020.79,2020.79,2020.79,0.9,2026-03-11 08:50:00
1773219300000,2025.36,2025.36,2023.06,2023.46,2.7636,2026-03-11 08:55:00
1773219600000,2023.34,2023.34,2021.83,2021.83,2.649,2026-03-11 09:00:00
1773219900000,2021.83,2021.83,2021.83,2021.83,0.0,2026-03-11 09:05:00
1773220200000,2021.83,2021.83,2021.83,2021.83,0.0,2026-03-11 09:10:00
1773220500000,2021.83,2021.83,2021.83,2021.83,0.0,2026-03-11 09:15:00
1773220800000,2021.83,2021.83,2021.83,2021.83,0.0,2026-03-11 09:20:00
1773221100000,2021.83,2021.83,2021.83,2021.83,0.0,2026-03-11 09:25:00
1773221400000,2017.83,2017.83,2017.83,2017.83,0.0027,2026-03-11 09:30:00
1773221700000,2019.12,2019.12,2014.73,2014.73,1.0195,2026-03-11 09:35:00
1773222000000,2017.99,2017.99,2017.99,2017.99,0.75,2026-03-11 09:40:00
1773222300000,2027.1,2027.1,2027.02,2027.02,0.2057,2026-03-11 09:45:00
1773222600000,2027.02,2027.02,2027.02,2027.02,0.0,2026-03-11 09:50:00
1773222900000,2019.48,2019.48,2019.48,2019.48,0.8973,2026-03-11 09:55:00
1773223200000,2017.92,2019.47,2017.92,2019.2,0.7574,2026-03-11 10:00:00
1773223500000,2020.37,2020.37,2019.42,2019.56,1.7371,2026-03-11 10:05:00
1773223800000,2021.9,2021.9,2021.9,2021.9,0.0025,2026-03-11 10:10:00
1773224100000,2021.9,2021.9,2021.9,2021.9,0.0,2026-03-11 10:15:00
1773224400000,2019.79,2019.79,2019.79,2019.79,0.2763,2026-03-11 10:20:00
1773224700000,2020.68,2020.68,2020.27,2020.27,1.1749,2026-03-11 10:25:00
1773225000000,2020.27,2020.27,2020.27,2020.27,0.0,2026-03-11 10:30:00
1773225300000,2022.18,2022.18,2022.18,2022.18,0.7682,2026-03-11 10:35:00
1773225600000,2027.0,2029.59,2027.0,2029.59,2.5101,2026-03-11 10:40:00
1773225900000,2027.82,2028.1,2027.42,2028.1,1.1415,2026-03-11 10:45:00
1773226200000,2027.63,2027.63,2027.63,2027.63,0.75,2026-03-11 10:50:00
1773226500000,2027.95,2027.95,2027.95,2027.95,0.9,2026-03-11 10:55:00
1773226800000,2028.74,2029.01,2028.74,2029.01,0.0246,2026-03-11 11:00:00
1773227100000,2029.68,2032.76,2029.68,2032.76,0.2811,2026-03-11 11:05:00
1773227400000,2033.98,2033.98,2033.98,2033.98,0.0034,2026-03-11 11:10:00
1773227700000,2033.98,2033.98,2033.98,2033.98,0.0,2026-03-11 11:15:00
1773228000000,2033.98,2033.98,2033.98,2033.98,0.0,2026-03-11 11:20:00
1773228300000,2026.59,2026.6,2024.38,2024.38,0.3345,2026-03-11 11:25:00
1773228600000,2024.38,2024.38,2024.38,2024.38,0.0,2026-03-11 11:30:00
1773228900000,2024.38,2024.38,2024.38,2024.38,0.2407,2026-03-11 11:35:00
1773229200000,2021.15,2023.37,2019.18,2021.15,0.4742,2026-03-11 11:40:00
1773229500000,2022.64,2022.64,2022.64,2022.64,0.0152,2026-03-11 11:45:00
1773229800000,2020.37,2020.37,2020.37,2020.37,0.2677,2026-03-11 11:50:00
1773230100000,2019.57,2019.57,2019.57,2019.57,0.0495,2026-03-11 11:55:00
1773230400000,2017.3,2018.44,2016.79,2017.04,0.7561,2026-03-11 12:00:00
1773230700000,2015.51,2015.51,2013.89,2015.29,0.023,2026-03-11 12:05:00
1773231000000,2017.51,2018.78,2017.17,2018.78,2.5525,2026-03-11 12:10:00
1773231300000,2020.2,2020.2,2020.2,2020.2,0.75,2026-03-11 12:15:00
1773231600000,2019.11,2027.02,2018.83,2026.71,1.1281,2026-03-11 12:20:00
1773231900000,2025.31,2025.31,2025.31,2025.31,0.4933,2026-03-11 12:25:00
1773232200000,2029.58,2033.86,2020.36,2020.36,0.7248,2026-03-11 12:30:00
1773232500000,2025.29,2025.29,2025.1,2025.1,0.0095,2026-03-11 12:35:00
1773232800000,2026.13,2026.13,2026.13,2026.13,0.0555,2026-03-11 12:40:00
1773233100000,2020.18,2021.59,2019.62,2021.59,3.2533,2026-03-11 12:45:00
1773233400000,2021.59,2021.82,2021.59,2021.82,0.1603,2026-03-11 12:50:00
1773233700000,2021.82,2021.82,2021.82,2021.82,0.0,2026-03-11 12:55:00
1773234000000,2022.66,2022.66,2022.66,2022.66,0.002,2026-03-11 13:00:00
1773234300000,2024.32,2026.29,2020.15,2026.29,12.7725,2026-03-11 13:05:00
1773234600000,2025.96,2037.76,2025.96,2035.19,31.1333,2026-03-11 13:10:00
1773234900000,2037.44,2040.19,2034.94,2040.16,0.7707,2026-03-11 13:15:00
1773235200000,2041.14,2049.05,2041.14,2044.77,12.2289,2026-03-11 13:20:00
1773235500000,2045.2,2046.07,2044.31,2046.07,9.8696,2026-03-11 13:25:00
1773235800000,2046.29,2065.55,2046.29,2065.55,36.3906,2026-03-11 13:30:00
1773236100000,2066.1,2081.66,2064.69,2081.13,10.91,2026-03-11 13:35:00
1773236400000,2081.04,2081.04,2065.29,2065.29,7.6954,2026-03-11 13:40:00
1773236700000,2066.02,2067.62,2054.91,2058.17,4.9539,2026-03-11 13:45:00
1773237000000,2054.73,2057.41,2044.39,2045.13,2.8814,2026-03-11 13:50:00
1773237300000,2046.22,2051.46,2039.52,2050.66,70.2748,2026-03-11 13:55:00
1773237600000,2051.09,2065.29,2049.17,2051.54,69.4441,2026-03-11 14:00:00
1773237900000,2056.48,2063.26,2050.28,2053.54,4.5432,2026-03-11 14:05:00
1773238200000,2052.54,2053.08,2043.71,2050.04,11.7598,2026-03-11 14:10:00
1773238500000,2050.36,2061.38,2049.31,2058.92,3.1228,2026-03-11 14:15:00
1773238800000,2058.92,2061.96,2053.51,2058.34,6.1558,2026-03-11 14:20:00
1773239100000,2053.35,2064.67,2047.19,2063.2,15.6275,2026-03-11 14:25:00
1773239400000,2063.43,2066.66,2056.43,2057.78,19.6375,2026-03-11 14:30:00
1773239700000,2061.82,2073.87,2060.98,2069.19,32.5279,2026-03-11 14:35:00
1773240000000,2069.95,2072.78,2067.49,2072.62,1.0152,2026-03-11 14:40:00
1773240300000,2072.11,2076.81,2067.04,2069.17,16.1118,2026-03-11 14:45:00
1773240600000,2068.43,2070.74,2066.04,2067.91,8.795,2026-03-11 14:50:00
1773240900000,2064.79,2066.24,2060.61,2061.92,9.5602,2026-03-11 14:55:00
1773241200000,2062.43,2062.49,2055.33,2055.94,1.3544,2026-03-11 15:00:00
1773241500000,2058.12,2060.26,2048.44,2051.9,21.4615,2026-03-11 15:05:00
1773241800000,2050.86,2054.45,2041.76,2041.76,1.4038,2026-03-11 15:10:00
1773242100000,2046.8,2048.36,2045.32,2047.57,1.5284,2026-03-11 15:15:00
1773242400000,2049.21,2057.51,2049.21,2056.99,51.9151,2026-03-11 15:20:00
1773242700000,2057.25,2058.64,2055.58,2057.31,1.2404,2026-03-11 15:25:00
1773243000000,2044.84,2044.84,2030.88,2042.15,1.6724,2026-03-11 15:30:00
1773243300000,2040.72,2045.33,2040.15,2042.07,14.9867,2026-03-11 15:35:00
1773243600000,2043.46,2046.6,2038.76,2038.76,36.4549,2026-03-11 15:40:00
1773243900000,2038.16,2041.95,2037.79,2038.69,37.2224,2026-03-11 15:45:00
1773244200000,2041.02,2049.42,2040.87,2048.46,52.9017,2026-03-11 15:50:00
1773244500000,2048.11,2051.36,2047.69,2049.15,21.913,2026-03-11 15:55:00
1773244800000,2045.78,2053.25,2045.78,2052.36,19.2939,2026-03-11 16:00:00
1773245100000,2045.93,2054.26,2045.93,2054.26,0.0318,2026-03-11 16:05:00
1773245400000,2051.98,2054.98,2051.79,2054.37,11.341,2026-03-11 16:10:00
1773245700000,2053.37,2055.78,2052.16,2053.85,1.4468,2026-03-11 16:15:00
1773246000000,2052.18,2062.24,2050.89,2055.22,19.3795,2026-03-11 16:20:00
1773246300000,2055.74,2057.74,2054.6,2055.7,5.991,2026-03-11 16:25:00
1773246600000,2056.36,2063.97,2054.64,2063.78,51.9159,2026-03-11 16:30:00
1773246900000,2063.88,2067.29,2061.02,2063.55,6.6479,2026-03-11 16:35:00
1773247200000,2060.64,2069.8,2060.64,2068.02,0.2809,2026-03-11 16:40:00
1773247500000,2067.05,2071.49,2067.05,2069.41,0.0219,2026-03-11 16:45:00
1773247800000,2067.79,2070.27,2063.32,2066.16,46.9181,2026-03-11 16:50:00
1773248100000,2067.76,2067.83,2062.42,2066.14,20.2513,2026-03-11 16:55:00
1773248400000,2066.24,2076.18,2055.34,2074.61,114.9092,2026-03-11 17:00:00
1773248700000,2074.21,2075.47,2068.83,2073.65,16.6216,2026-03-11 17:05:00
1773249000000,2073.39,2074.84,2070.92,2074.82,3.2119,2026-03-11 17:10:00
1773249300000,2073.37,2073.79,2072.06,2072.45,1.5361,2026-03-11 17:15:00
1773249600000,2074.17,2080.94,2074.17,2080.94,8.8705,2026-03-11 17:20:00
1773249900000,2080.99,2084.77,2077.8,2082.32,0.1871,2026-03-11 17:25:00
1773250200000,2083.67,2084.78,2073.55,2073.55,0.0507,2026-03-11 17:30:00
1773250500000,2075.02,2076.67,2061.64,2061.69,0.1623,2026-03-11 17:35:00
1773250800000,2066.56,2071.02,2066.17,2071.02,0.3591,2026-03-11 17:40:00
1773251100000,2067.39,2072.31,2063.1,2066.61,1.3818,2026-03-11 17:45:00
1773251400000,2067.82,2070.0,2066.73,2067.58,0.2021,2026-03-11 17:50:00
1773251700000,2063.75,2067.79,2060.64,2067.79,4.9041,2026-03-11 17:55:00
1773252000000,2067.27,2070.46,2067.27,2070.46,2.327,2026-03-11 18:00:00
1773252300000,2069.98,2069.98,2066.06,2066.1,0.2188,2026-03-11 18:05:00
1773252600000,2065.18,2067.62,2062.65,2065.77,9.1182,2026-03-11 18:10:00
1773252900000,2066.22,2069.79,2066.22,2069.69,1.8832,2026-03-11 18:15:00
1773253200000,2069.85,2069.85,2069.85,2069.85,0.2213,2026-03-11 18:20:00
1773253500000,2072.49,2073.3,2071.11,2071.11,0.0595,2026-03-11 18:25:00
1773253800000,2073.01,2073.01,2072.58,2072.58,0.2815,2026-03-11 18:30:00
1773254100000,2074.28,2075.7,2074.28,2075.7,0.0083,2026-03-11 18:35:00
1773254400000,2066.45,2069.08,2066.45,2068.75,0.9367,2026-03-11 18:40:00
1773254700000,2070.74,2073.71,2070.74,2073.71,0.0118,2026-03-11 18:45:00
1773255000000,2073.87,2079.06,2073.87,2077.02,0.4821,2026-03-11 18:50:00
1773255300000,2078.28,2079.03,2075.85,2076.67,0.3228,2026-03-11 18:55:00
1773255600000,2076.84,2076.84,2072.75,2074.99,3.5028,2026-03-11 19:00:00
1773255900000,2072.56,2074.11,2071.25,2071.25,0.7453,2026-03-11 19:05:00
1773256200000,2071.06,2075.13,2069.27,2071.98,8.8684,2026-03-11 19:10:00
1773256500000,2070.6,2072.18,2068.56,2072.17,4.9975,2026-03-11 19:15:00
1773256800000,2071.05,2075.69,2070.79,2075.69,1.7961,2026-03-11 19:20:00
1773257100000,2075.29,2075.64,2074.35,2074.35,0.0236,2026-03-11 19:25:00
1773257400000,2071.58,2076.66,2070.13,2076.66,1.2632,2026-03-11 19:30:00
1773257700000,2076.68,2077.1,2075.12,2077.08,0.5051,2026-03-11 19:35:00
1773258000000,2073.62,2074.43,2072.42,2073.47,6.2839,2026-03-11 19:40:00
1773258300000,2075.0,2075.0,2074.25,2074.92,0.25,2026-03-11 19:45:00
1773258600000,2073.73,2076.86,2073.73,2076.86,2.0387,2026-03-11 19:50:00
1773258900000,2074.11,2075.08,2074.11,2075.08,0.0078,2026-03-11 19:55:00
1773259200000,2073.0,2073.42,2073.0,2073.42,0.0506,2026-03-11 20:00:00
1773259500000,2072.15,2072.15,2071.3,2071.3,0.0459,2026-03-11 20:05:00
1773259800000,2068.69,2068.69,2068.69,2068.69,0.0255,2026-03-11 20:10:00
1773260100000,2069.16,2070.31,2069.16,2069.85,0.2681,2026-03-11 20:15:00
1773260400000,2071.53,2071.53,2071.53,2071.53,0.0059,2026-03-11 20:20:00
1773260700000,2068.06,2069.18,2068.06,2069.18,0.0711,2026-03-11 20:25:00
1773261000000,2070.28,2070.28,2070.28,2070.28,0.0059,2026-03-11 20:30:00
1773261300000,2069.2,2069.2,2069.2,2069.2,0.002,2026-03-11 20:35:00
1773261600000,2069.36,2070.66,2069.36,2070.66,0.0095,2026-03-11 20:40:00
1773261900000,2071.02,2071.02,2070.29,2070.67,0.9768,2026-03-11 20:45:00
1773262200000,2070.39,2070.39,2066.7,2067.28,0.4724,2026-03-11 20:50:00
1773262500000,2067.26,2068.77,2067.26,2068.77,0.8525,2026-03-11 20:55:00
1773262800000,2069.15,2070.25,2068.4,2068.4,0.7583,2026-03-11 21:00:00
1773263100000,2070.43,2070.43,2070.07,2070.07,0.2807,2026-03-11 21:05:00
1773263400000,2068.43,2068.43,2063.8,2064.99,0.2134,2026-03-11 21:10:00
1773263700000,2065.41,2065.41,2065.41,2065.41,0.0048,2026-03-11 21:15:00
1773264000000,2065.41,2065.41,2065.41,2065.41,0.0,2026-03-11 21:20:00
1773264300000,2066.19,2066.19,2065.76,2065.76,0.0862,2026-03-11 21:25:00
1773264600000,2068.29,2069.25,2068.29,2068.52,1.0138,2026-03-11 21:30:00
1773264900000,2070.82,2070.82,2070.82,2070.82,0.0048,2026-03-11 21:35:00
1773265200000,2070.37,2070.37,2068.53,2068.53,0.2349,2026-03-11 21:40:00
1773265500000,2068.53,2068.53,2068.53,2068.53,0.0,2026-03-11 21:45:00
1773265800000,2071.37,2073.95,2071.37,2073.75,0.3064,2026-03-11 21:50:00
1773266100000,2073.61,2073.61,2072.52,2072.52,0.2143,2026-03-11 21:55:00
1773266400000,2072.7,2072.81,2071.48,2072.81,0.0635,2026-03-11 22:00:00
1773266700000,2072.18,2072.18,2071.44,2071.75,0.4615,2026-03-11 22:05:00
1773267000000,2070.67,2083.0,2070.67,2082.99,5.4349,2026-03-11 22:10:00
1773267300000,2080.23,2080.23,2076.06,2077.06,1.4012,2026-03-11 22:15:00
1773267600000,2074.93,2074.93,2072.41,2072.41,0.7584,2026-03-11 22:20:00
1773267900000,2071.99,2072.17,2070.54,2072.17,0.9291,2026-03-11 22:25:00
1773268200000,2069.77,2069.77,2067.61,2067.61,0.7434,2026-03-11 22:30:00
1773268500000,2065.29,2065.29,2062.36,2062.36,3.5468,2026-03-11 22:35:00
1773268800000,2064.01,2064.01,2062.54,2062.54,0.5203,2026-03-11 22:40:00
1773269100000,2065.28,2065.28,2063.47,2063.72,0.4568,2026-03-11 22:45:00
1773269400000,2062.79,2062.79,2060.38,2060.38,0.7238,2026-03-11 22:50:00
1773269700000,2061.21,2061.21,2059.4,2060.62,1.2831,2026-03-11 22:55:00
1773270000000,2062.09,2064.03,2062.09,2064.03,0.5368,2026-03-11 23:00:00
1773270300000,2063.11,2064.16,2062.02,2062.02,0.3021,2026-03-11 23:05:00
1773270600000,2062.54,2063.14,2062.54,2063.14,0.0303,2026-03-11 23:10:00
1773270900000,2060.3,2060.3,2060.3,2060.3,0.4914,2026-03-11 23:15:00
1773271200000,2060.3,2060.3,2060.3,2060.3,0.0,2026-03-11 23:20:00
1773271500000,2058.24,2058.62,2058.0,2058.62,1.282,2026-03-11 23:25:00
1773271800000,2057.08,2057.08,2056.33,2056.33,0.5242,2026-03-11 23:30:00
1773272100000,2057.16,2057.16,2057.16,2057.16,0.2692,2026-03-11 23:35:00
1773272400000,2058.31,2058.31,2055.33,2055.33,0.0364,2026-03-11 23:40:00
1773272700000,2055.5,2055.96,2046.04,2046.04,2.8594,2026-03-11 23:45:00
1773273000000,2051.92,2052.32,2051.32,2051.32,0.0991,2026-03-11 23:50:00
1773273300000,2049.74,2051.42,2049.74,2051.42,0.2701,2026-03-11 23:55:00
1773273600000,2052.17,2052.17,2050.27,2050.27,0.0349,2026-03-12 00:00:00
1773273900000,2050.04,2053.41,2047.74,2053.41,0.5817,2026-03-12 00:05:00
1773274200000,2053.24,2053.24,2052.45,2052.45,0.3026,2026-03-12 00:10:00
1773274500000,2048.72,2054.6,2048.72,2052.43,0.5151,2026-03-12 00:15:00
1773274800000,2053.26,2056.09,2052.44,2056.09,1.5643,2026-03-12 00:20:00
1773275100000,2054.42,2054.42,2053.31,2054.29,0.0021,2026-03-12 00:25:00
1773275400000,2053.82,2053.82,2049.45,2050.56,0.0127,2026-03-12 00:30:00
1773275700000,2054.11,2054.45,2052.37,2052.37,0.3836,2026-03-12 00:35:00
1773276000000,2055.93,2055.93,2055.93,2055.93,0.0006,2026-03-12 00:40:00
1773276300000,2054.63,2056.32,2054.63,2056.32,0.5468,2026-03-12 00:45:00
1773276600000,2055.11,2056.31,2054.76,2056.31,0.1168,2026-03-12 00:50:00
1773276900000,2055.13,2056.4,2055.13,2056.4,0.0082,2026-03-12 00:55:00
1773277200000,2048.94,2048.94,2048.26,2048.26,0.2087,2026-03-12 01:00:00
1773277500000,2045.27,2045.45,2042.98,2045.45,0.4275,2026-03-12 01:05:00
1773277800000,2048.6,2048.6,2047.97,2048.31,0.0979,2026-03-12 01:10:00
1773278100000,2048.94,2049.89,2047.75,2049.16,2.0866,2026-03-12 01:15:00
1773278400000,2048.64,2050.41,2047.99,2050.13,4.3359,2026-03-12 01:20:00
1773278700000,2049.56,2050.84,2048.23,2050.07,9.7499,2026-03-12 01:25:00
1773279000000,2048.59,2051.46,2044.59,2046.83,8.0846,2026-03-12 01:30:00
1773279300000,2046.99,2046.99,2045.93,2045.93,0.249,2026-03-12 01:35:00
1773279600000,2047.76,2051.38,2047.76,2051.38,0.3322,2026-03-12 01:40:00
1773279900000,2051.38,2051.38,2051.38,2051.38,0.0,2026-03-12 01:45:00
1773280200000,2045.81,2045.81,2044.48,2044.48,0.0481,2026-03-12 01:50:00
1773280500000,2047.06,2047.06,2047.06,2047.06,0.2438,2026-03-12 01:55:00
1773280800000,2043.91,2047.46,2043.91,2046.17,0.1452,2026-03-12 02:00:00
1773281100000,2046.41,2046.41,2046.41,2046.41,0.0171,2026-03-12 02:05:00
1773281400000,2044.57,2045.67,2044.57,2044.62,0.0112,2026-03-12 02:10:00
1773281700000,2045.03,2045.03,2041.31,2041.31,2.3697,2026-03-12 02:15:00
1773282000000,2040.0,2040.0,2036.54,2038.75,1.716,2026-03-12 02:20:00
1773282300000,2038.75,2038.75,2038.75,2038.75,0.0,2026-03-12 02:25:00
1773282600000,2038.3,2038.3,2037.82,2037.82,0.5216,2026-03-12 02:30:00
1773282900000,2036.2,2036.2,2030.88,2030.88,2.1981,2026-03-12 02:35:00
1773283200000,2030.66,2030.66,2026.88,2029.38,0.3068,2026-03-12 02:40:00
1773283500000,2033.11,2033.11,2030.4,2032.09,0.3772,2026-03-12 02:45:00
1773283800000,2027.75,2029.56,2022.36,2022.36,1.6667,2026-03-12 02:50:00
1773284100000,2022.36,2022.36,2022.36,2022.36,0.0,2026-03-12 02:55:00
1773284400000,2023.17,2027.46,2022.31,2027.46,0.7917,2026-03-12 03:00:00
1773284700000,2027.46,2027.46,2027.46,2027.46,0.0,2026-03-12 03:05:00
1773285000000,2024.61,2025.75,2024.61,2025.75,0.0123,2026-03-12 03:10:00
1773285300000,2026.76,2026.76,2026.58,2026.58,0.006,2026-03-12 03:15:00
1773285600000,2030.27,2030.7,2030.27,2030.7,0.0295,2026-03-12 03:20:00
1773285900000,2029.41,2029.41,2029.41,2029.41,0.0123,2026-03-12 03:25:00
1773286200000,2033.04,2033.66,2033.04,2033.66,1.5019,2026-03-12 03:30:00
1773286500000,2032.68,2032.68,2031.54,2031.89,0.2229,2026-03-12 03:35:00
1773286800000,2031.89,2031.89,2031.89,2031.89,0.0,2026-03-12 03:40:00
1773287100000,2022.71,2022.71,2018.44,2020.84,4.0709,2026-03-12 03:45:00
1773287400000,2022.98,2022.98,2022.98,2022.98,0.0459,2026-03-12 03:50:00
1773287700000,2022.98,2022.98,2022.98,2022.98,0.0,2026-03-12 03:55:00
1773288000000,2023.5,2025.17,2023.5,2024.66,1.9523,2026-03-12 04:00:00
1773288300000,2024.28,2029.04,2024.28,2029.04,0.2514,2026-03-12 04:05:00
1773288600000,2028.95,2028.95,2027.95,2027.95,0.4294,2026-03-12 04:10:00
1773288900000,2027.95,2027.95,2027.95,2027.95,0.0,2026-03-12 04:15:00
1773289200000,2028.65,2028.65,2026.72,2027.16,0.0157,2026-03-12 04:20:00
1773289500000,2026.98,2026.98,2026.98,2026.98,0.001,2026-03-12 04:25:00
1773289800000,2026.98,2026.98,2026.98,2026.98,0.0,2026-03-12 04:30:00
1773290100000,2024.07,2024.58,2021.79,2024.58,0.0144,2026-03-12 04:35:00
1773290400000,2024.58,2024.58,2024.58,2024.58,0.0,2026-03-12 04:40:00
1773290700000,2024.58,2024.58,2021.64,2022.15,0.063,2026-03-12 04:45:00
1773291000000,2022.05,2022.05,2022.05,2022.05,0.0493,2026-03-12 04:50:00
1773291300000,2022.58,2023.92,2022.58,2023.92,5.6794,2026-03-12 04:55:00
1773291600000,2023.15,2026.33,2022.84,2025.56,0.1137,2026-03-12 05:00:00
1773291900000,2024.82,2024.86,2024.82,2024.86,0.0128,2026-03-12 05:05:00
1773292200000,2024.0,2024.21,2024.0,2024.0,0.2044,2026-03-12 05:10:00
1773292500000,2023.88,2023.88,2023.88,2023.88,0.0092,2026-03-12 05:15:00
1773292800000,2023.57,2023.57,2019.79,2020.46,1.266,2026-03-12 05:20:00
1773293100000,2019.91,2020.05,2019.91,2020.05,0.1,2026-03-12 05:25:00
1773293400000,2023.98,2024.54,2023.98,2024.54,0.0088,2026-03-12 05:30:00
1773293700000,2025.1,2025.1,2025.1,2025.1,0.0123,2026-03-12 05:35:00
1773294000000,2024.95,2024.95,2024.95,2024.95,0.0049,2026-03-12 05:40:00
1773294300000,2025.84,2026.01,2025.71,2025.71,1.4318,2026-03-12 05:45:00
1773294600000,2024.63,2024.63,2024.63,2024.63,0.012,2026-03-12 05:50:00
1773294900000,2024.63,2024.63,2024.63,2024.63,0.0,2026-03-12 05:55:00
1773295200000,2026.09,2026.49,2026.09,2026.49,0.0494,2026-03-12 06:00:00
1773295500000,2026.74,2026.74,2026.74,2026.74,0.1477,2026-03-12 06:05:00
1773295800000,2027.27,2027.27,2027.27,2027.27,0.0289,2026-03-12 06:10:00
1773296100000,2027.27,2027.27,2027.27,2027.27,0.0,2026-03-12 06:15:00
1773296400000,2028.17,2028.19,2028.17,2028.19,0.2565,2026-03-12 06:20:00
1773296700000,2029.14,2030.34,2029.14,2030.32,0.4661,2026-03-12 06:25:00
1773297000000,2030.66,2030.66,2030.66,2030.66,0.0709,2026-03-12 06:30:00
1773297300000,2029.31,2029.31,2029.31,2029.31,0.017,2026-03-12 06:35:00
1773297600000,2026.49,2026.49,2026.49,2026.49,0.2334,2026-03-12 06:40:00
1773297900000,2026.49,2026.49,2026.49,2026.49,0.0,2026-03-12 06:45:00
1773298200000,2026.49,2026.49,2026.49,2026.49,0.0,2026-03-12 06:50:00
1773298500000,2026.49,2026.49,2026.49,2026.49,0.0,2026-03-12 06:55:00
1773298800000,2030.86,2030.86,2030.86,2030.86,0.0491,2026-03-12 07:00:00
1773299100000,2029.83,2029.83,2026.49,2026.49,0.5119,2026-03-12 07:05:00
1773299400000,2026.49,2026.49,2026.49,2026.49,0.0,2026-03-12 07:10:00
1773299700000,2028.05,2028.05,2028.05,2028.05,0.0049,2026-03-12 07:15:00
1773300000000,2031.41,2031.41,2031.41,2031.41,0.0212,2026-03-12 07:20:00
1773300300000,2031.73,2034.3,2031.73,2034.3,0.8278,2026-03-12 07:25:00
1773300600000,2034.5,2039.73,2034.5,2039.73,0.1461,2026-03-12 07:30:00
1773300900000,2036.0,2038.64,2036.0,2038.64,2.6002,2026-03-12 07:35:00
1773301200000,2037.51,2037.51,2037.51,2037.51,0.0049,2026-03-12 07:40:00
1773301500000,2040.04,2040.04,2040.04,2040.04,0.75,2026-03-12 07:45:00
1773301800000,2038.33,2040.94,2038.33,2040.94,2.3899,2026-03-12 07:50:00
1773302100000,2039.21,2039.21,2039.21,2039.21,0.3369,2026-03-12 07:55:00
1773302400000,2042.41,2044.24,2042.41,2044.24,0.6577,2026-03-12 08:00:00
1773302700000,2044.09,2044.09,2040.5,2040.5,0.4313,2026-03-12 08:05:00
1773303000000,2040.5,2040.5,2040.5,2040.5,0.0,2026-03-12 08:10:00
1773303300000,2045.0,2051.53,2045.0,2051.53,0.232,2026-03-12 08:15:00
1773303600000,2048.68,2048.86,2048.68,2048.86,0.0184,2026-03-12 08:20:00
1773303900000,2044.85,2044.85,2044.44,2044.45,1.1265,2026-03-12 08:25:00
1773304200000,2045.22,2045.9,2045.22,2045.9,0.7558,2026-03-12 08:30:00
1773304500000,2046.12,2046.12,2046.12,2046.12,0.0148,2026-03-12 08:35:00
1773304800000,2046.12,2046.12,2046.12,2046.12,0.0,2026-03-12 08:40:00
1773305100000,2046.12,2046.12,2046.12,2046.12,0.0,2026-03-12 08:45:00
1773305400000,2046.12,2046.12,2046.12,2046.12,0.0,2026-03-12 08:50:00
1773305700000,2046.12,2046.12,2046.12,2046.12,0.0,2026-03-12 08:55:00
1773306000000,2046.75,2046.75,2046.75,2046.75,0.2264,2026-03-12 09:00:00
1773306300000,2046.75,2046.75,2046.75,2046.75,0.0,2026-03-12 09:05:00
1773306600000,2044.87,2044.87,2042.9,2042.9,0.9024,2026-03-12 09:10:00
1773306900000,2042.9,2042.9,2042.9,2042.9,0.0,2026-03-12 09:15:00
1773307200000,2040.66,2040.66,2040.66,2040.66,0.9,2026-03-12 09:20:00
1773307500000,2042.72,2042.72,2039.89,2039.89,0.2685,2026-03-12 09:25:00
1773307800000,2040.9,2041.56,2040.9,2041.05,3.1087,2026-03-12 09:30:00
1773308100000,2041.45,2043.59,2040.82,2043.59,0.7761,2026-03-12 09:35:00
1773308400000,2045.34,2061.58,2045.34,2061.58,1.0346,2026-03-12 09:40:00
1773308700000,2064.98,2065.28,2052.87,2052.87,2.0478,2026-03-12 09:45:00
1773309000000,2052.87,2052.87,2052.87,2052.87,0.0,2026-03-12 09:50:00
1773309300000,2054.51,2054.51,2054.51,2054.51,0.004,2026-03-12 09:55:00
1773309600000,2056.04,2056.99,2056.04,2056.37,0.9908,2026-03-12 10:00:00
1773309900000,2056.37,2056.37,2056.37,2056.37,0.0,2026-03-12 10:05:00
1773310200000,2054.97,2054.97,2053.38,2053.66,0.3234,2026-03-12 10:10:00
1773310500000,2054.49,2054.49,2054.49,2054.49,0.018,2026-03-12 10:15:00
1773310800000,2054.49,2054.49,2054.49,2054.49,0.0,2026-03-12 10:20:00
1773311100000,2061.01,2061.01,2061.01,2061.01,0.3038,2026-03-12 10:25:00
1773311400000,2065.29,2067.39,2063.19,2065.69,0.7088,2026-03-12 10:30:00
1773311700000,2067.76,2069.56,2067.76,2069.56,0.1088,2026-03-12 10:35:00
1773312000000,2072.16,2073.23,2072.16,2073.23,0.2547,2026-03-12 10:40:00
1773312300000,2072.16,2074.63,2072.16,2074.15,0.5416,2026-03-12 10:45:00
1773312600000,2073.1,2073.1,2068.89,2068.89,1.4343,2026-03-12 10:50:00
1773312900000,2071.74,2071.74,2071.74,2071.74,0.0032,2026-03-12 10:55:00
1773313200000,2070.58,2070.58,2070.58,2070.58,0.266,2026-03-12 11:00:00
1773313500000,2071.3,2071.3,2070.7,2070.7,0.0096,2026-03-12 11:05:00
1773313800000,2071.52,2071.52,2070.37,2070.37,0.0154,2026-03-12 11:10:00
1773314100000,2071.18,2071.18,2071.18,2071.18,0.229,2026-03-12 11:15:00
1773314400000,2071.18,2071.18,2071.18,2071.18,0.0,2026-03-12 11:20:00
1773314700000,2071.18,2071.18,2071.18,2071.18,0.0,2026-03-12 11:25:00
1773315000000,2071.18,2071.18,2071.18,2071.18,0.0,2026-03-12 11:30:00
1773315300000,2071.1,2071.1,2071.1,2071.1,0.2,2026-03-12 11:35:00
1773315600000,2073.25,2074.45,2073.25,2073.64,0.4544,2026-03-12 11:40:00
1773315900000,2075.36,2076.41,2075.36,2076.41,0.0721,2026-03-12 11:45:00
1773316200000,2068.75,2068.96,2062.16,2062.16,3.8978,2026-03-12 11:50:00
1773316500000,2062.13,2062.36,2060.31,2062.36,3.8231,2026-03-12 11:55:00
1773316800000,2063.25,2064.58,2062.62,2062.69,1.1556,2026-03-12 12:00:00
1773317100000,2060.48,2060.48,2057.93,2057.93,0.3556,2026-03-12 12:05:00
1773317400000,2058.9,2059.94,2058.48,2059.94,0.0095,2026-03-12 12:10:00
1773317700000,2059.94,2059.94,2059.94,2059.94,0.0,2026-03-12 12:15:00
1773318000000,2061.74,2061.74,2061.74,2061.74,0.0035,2026-03-12 12:20:00
1773318300000,2061.74,2061.74,2061.74,2061.74,0.0,2026-03-12 12:25:00
1773318600000,2061.74,2061.74,2061.74,2061.74,0.0,2026-03-12 12:30:00
1773318900000,2061.74,2061.74,2061.74,2061.74,0.0,2026-03-12 12:35:00
1773319200000,2062.65,2062.65,2062.65,2062.65,0.014,2026-03-12 12:40:00
1773319500000,2070.0,2070.0,2070.0,2070.0,0.0999,2026-03-12 12:45:00
1773319800000,2070.0,2070.0,2070.0,2070.0,0.0,2026-03-12 12:50:00
1773320100000,2070.0,2070.0,2070.0,2070.0,0.0,2026-03-12 12:55:00
1773320400000,2065.28,2067.19,2065.28,2067.19,0.014,2026-03-12 13:00:00
1773320700000,2067.86,2067.86,2067.86,2067.86,0.0106,2026-03-12 13:05:00
1773321000000,2067.38,2067.38,2065.52,2065.52,0.043,2026-03-12 13:10:00
1773321300000,2065.9,2065.9,2059.02,2059.02,0.2283,2026-03-12 13:15:00
1773321600000,2060.0,2060.0,2052.45,2052.58,0.1585,2026-03-12 13:20:00
1773321900000,2057.03,2057.03,2057.03,2057.03,0.0009,2026-03-12 13:25:00
1773322200000,2055.78,2072.6,2052.41,2072.6,4.3573,2026-03-12 13:30:00
1773322500000,2072.04,2079.99,2064.31,2071.48,5.5207,2026-03-12 13:35:00
1773322800000,2075.0,2075.96,2069.1,2069.1,1.9461,2026-03-12 13:40:00
1773323100000,2066.92,2066.92,2056.83,2059.2,2.596,2026-03-12 13:45:00
1773323400000,2070.74,2070.74,2061.81,2061.81,1.3554,2026-03-12 13:50:00
1773323700000,2058.82,2063.97,2058.82,2062.0,24.5811,2026-03-12 13:55:00
1773324000000,2067.52,2082.05,2067.52,2078.76,4.7536,2026-03-12 14:00:00
1773324300000,2078.87,2078.87,2074.93,2076.41,1.506,2026-03-12 14:05:00
1773324600000,2077.04,2081.35,2077.04,2079.04,0.0801,2026-03-12 14:10:00
1773324900000,2082.87,2095.63,2078.12,2078.12,16.4125,2026-03-12 14:15:00
1773325200000,2072.99,2072.99,2068.57,2068.57,0.6712,2026-03-12 14:20:00
1773325500000,2070.28,2070.28,2059.11,2059.11,4.0255,2026-03-12 14:25:00
1773325800000,2060.56,2060.56,2048.11,2048.11,28.4432,2026-03-12 14:30:00
1773326100000,2052.48,2052.48,2042.96,2042.96,2.1752,2026-03-12 14:35:00
1773326400000,2044.59,2044.59,2038.81,2039.18,3.6131,2026-03-12 14:40:00
1773326700000,2044.38,2051.89,2044.38,2047.63,0.7951,2026-03-12 14:45:00
1773327000000,2047.63,2047.63,2047.63,2047.63,0.0,2026-03-12 14:50:00
1773327300000,2043.14,2043.14,2043.14,2043.14,0.2161,2026-03-12 14:55:00
1773327600000,2044.55,2052.17,2044.55,2052.17,0.4564,2026-03-12 15:00:00
1773327900000,2049.53,2049.53,2046.61,2047.6,0.3913,2026-03-12 15:05:00
1773328200000,2043.38,2048.14,2039.66,2048.14,0.5144,2026-03-12 15:10:00
1773328500000,2050.91,2051.29,2049.9,2051.28,0.3736,2026-03-12 15:15:00
1773328800000,2055.33,2055.33,2055.33,2055.33,0.0701,2026-03-12 15:20:00
1773329100000,2055.68,2070.25,2055.68,2068.24,3.2581,2026-03-12 15:25:00
1773329400000,2067.65,2068.1,2066.57,2068.1,0.0772,2026-03-12 15:30:00
1773329700000,2070.27,2080.29,2070.27,2080.29,3.0848,2026-03-12 15:35:00
1773330000000,2071.65,2077.64,2071.61,2076.47,1.0619,2026-03-12 15:40:00
1773330300000,2075.37,2075.37,2071.0,2071.0,0.56,2026-03-12 15:45:00
1773330600000,2072.96,2072.96,2071.77,2071.77,0.3361,2026-03-12 15:50:00
1773330900000,2069.21,2069.21,2069.21,2069.21,0.0106,2026-03-12 15:55:00
1773331200000,2072.44,2072.82,2070.68,2070.68,1.0134,2026-03-12 16:00:00
1773331500000,2074.17,2076.79,2056.41,2056.41,1.1358,2026-03-12 16:05:00
1773331800000,2062.11,2062.11,2062.11,2062.11,0.2508,2026-03-12 16:10:00
1773332100000,2065.04,2073.53,2064.49,2073.53,0.2414,2026-03-12 16:15:00
1773332400000,2076.88,2077.43,2071.77,2071.77,1.175,2026-03-12 16:20:00
1773332700000,2067.97,2067.97,2067.97,2067.97,0.2367,2026-03-12 16:25:00
1773333000000,2066.15,2069.44,2064.94,2069.44,0.7488,2026-03-12 16:30:00
1773333300000,2072.37,2074.08,2072.37,2074.08,0.0206,2026-03-12 16:35:00
1773333600000,2075.41,2075.41,2070.81,2070.81,1.7291,2026-03-12 16:40:00
1773333900000,2070.57,2073.05,2065.2,2073.05,0.9525,2026-03-12 16:45:00
1773334200000,2071.55,2071.55,2071.55,2071.55,0.2493,2026-03-12 16:50:00
1773334500000,2069.28,2069.28,2069.28,2069.28,0.2972,2026-03-12 16:55:00
1773334800000,2070.15,2070.78,2069.7,2069.91,0.2919,2026-03-12 17:00:00
1773335100000,2072.1,2072.19,2071.75,2071.75,0.0415,2026-03-12 17:05:00
1773335400000,2070.94,2070.94,2070.94,2070.94,0.0966,2026-03-12 17:10:00
1773335700000,2066.65,2067.18,2066.65,2067.18,0.0086,2026-03-12 17:15:00
1773336000000,2060.59,2060.59,2060.59,2060.59,0.8382,2026-03-12 17:20:00
1773336300000,2062.09,2062.09,2061.0,2061.0,0.6537,2026-03-12 17:25:00
1773336600000,2060.84,2061.14,2059.27,2061.14,0.2688,2026-03-12 17:30:00
1773336900000,2064.68,2065.3,2064.68,2064.93,1.0344,2026-03-12 17:35:00
1773337200000,2065.38,2065.38,2065.38,2065.38,0.0227,2026-03-12 17:40:00
1773337500000,2062.4,2063.01,2062.4,2063.01,0.0206,2026-03-12 17:45:00
1773337800000,2065.03,2066.06,2065.03,2065.59,1.0651,2026-03-12 17:50:00
1773338100000,2055.97,2057.13,2055.97,2057.13,0.2732,2026-03-12 17:55:00
1773338400000,2059.06,2059.16,2058.58,2059.16,0.0967,2026-03-12 18:00:00
1773338700000,2055.33,2058.69,2055.33,2058.69,0.072,2026-03-12 18:05:00
1773339000000,2057.0,2057.04,2057.0,2057.04,0.2503,2026-03-12 18:10:00
1773339300000,2057.04,2057.04,2057.04,2057.04,0.0,2026-03-12 18:15:00
1773339600000,2051.53,2051.53,2047.6,2047.6,0.384,2026-03-12 18:20:00
1773339900000,2054.35,2054.35,2054.35,2054.35,0.0243,2026-03-12 18:25:00
1773340200000,2056.01,2056.01,2056.01,2056.01,0.0063,2026-03-12 18:30:00
1773340500000,2058.26,2058.26,2058.26,2058.26,0.1321,2026-03-12 18:35:00
1773340800000,2058.26,2058.26,2058.26,2058.26,0.0,2026-03-12 18:40:00
1773341100000,2052.94,2052.94,2051.96,2051.96,0.2916,2026-03-12 18:45:00
1773341400000,2049.89,2052.73,2049.89,2052.73,0.7563,2026-03-12 18:50:00
1773341700000,2049.51,2049.51,2049.51,2049.51,0.0063,2026-03-12 18:55:00
1773342000000,2053.09,2053.09,2048.84,2051.48,1.3966,2026-03-12 19:00:00
1773342300000,2046.16,2051.62,2046.16,2051.62,0.3878,2026-03-12 19:05:00
1773342600000,2046.0,2049.37,2045.99,2049.37,0.1021,2026-03-12 19:10:00
1773342900000,2051.1,2056.94,2051.1,2056.94,1.5912,2026-03-12 19:15:00
1773343200000,2058.51,2058.86,2057.66,2057.71,0.7626,2026-03-12 19:20:00
1773343500000,2057.32,2062.67,2057.32,2062.67,0.9118,2026-03-12 19:25:00
1773343800000,2062.5,2066.95,2062.5,2066.95,0.3487,2026-03-12 19:30:00
1773344100000,2066.97,2067.77,2066.97,2067.77,0.0169,2026-03-12 19:35:00
1773344400000,2066.25,2068.77,2066.25,2068.77,1.3432,2026-03-12 19:40:00
1773344700000,2067.27,2073.22,2066.9,2073.22,0.1229,2026-03-12 19:45:00
1773345000000,2073.23,2073.23,2073.23,2073.23,0.0024,2026-03-12 19:50:00
1773345300000,2072.28,2072.28,2072.28,2072.28,0.3664,2026-03-12 19:55:00
1773345600000,2070.68,2070.68,2070.68,2070.68,0.0019,2026-03-12 20:00:00
1773345900000,2069.7,2070.42,2069.7,2070.42,0.0207,2026-03-12 20:05:00
1773346200000,2068.36,2068.36,2066.92,2066.92,0.706,2026-03-12 20:10:00
1773346500000,2065.76,2065.76,2065.39,2065.39,0.0537,2026-03-12 20:15:00
1773346800000,2065.2,2068.39,2065.2,2068.16,0.3578,2026-03-12 20:20:00
1773347100000,2068.14,2068.14,2068.14,2068.14,0.1471,2026-03-12 20:25:00
1773347400000,2063.62,2063.62,2063.62,2063.62,0.2926,2026-03-12 20:30:00
1773347700000,2063.62,2063.62,2063.62,2063.62,0.0,2026-03-12 20:35:00
1773348000000,2062.1,2062.1,2062.1,2062.1,0.4835,2026-03-12 20:40:00
1773348300000,2062.1,2062.1,2062.1,2062.1,0.0,2026-03-12 20:45:00
1773348600000,2063.53,2063.53,2063.53,2063.53,0.0104,2026-03-12 20:50:00
1773348900000,2062.58,2063.2,2062.07,2062.79,0.6303,2026-03-12 20:55:00
1773349200000,2065.6,2065.94,2065.6,2065.94,0.0053,2026-03-12 21:00:00
1773349500000,2065.51,2065.51,2065.19,2065.19,0.0136,2026-03-12 21:05:00
1773349800000,2067.35,2067.35,2066.94,2067.22,0.1117,2026-03-12 21:10:00
1773350100000,2066.62,2066.62,2065.7,2065.7,0.0193,2026-03-12 21:15:00
1773350400000,2065.7,2065.7,2065.7,2065.7,0.0,2026-03-12 21:20:00
1773350700000,2062.0,2062.0,2060.97,2061.2,0.6626,2026-03-12 21:25:00
1773351000000,2057.97,2058.58,2057.97,2058.58,0.0182,2026-03-12 21:30:00
1773351300000,2058.58,2058.58,2058.58,2058.58,0.0,2026-03-12 21:35:00
1773351600000,2057.71,2057.71,2057.71,2057.71,0.0905,2026-03-12 21:40:00
1773351900000,2060.85,2060.85,2060.85,2060.85,0.0029,2026-03-12 21:45:00
1773352200000,2063.97,2063.99,2062.19,2063.49,1.237,2026-03-12 21:50:00
1773352500000,2065.02,2065.02,2064.73,2064.73,0.2168,2026-03-12 21:55:00
1773352800000,2063.89,2065.19,2063.35,2064.95,0.8103,2026-03-12 22:00:00
1773353100000,2065.54,2066.35,2065.16,2066.35,0.0585,2026-03-12 22:05:00
1773353400000,2063.75,2064.82,2063.75,2064.82,0.6866,2026-03-12 22:10:00
1773353700000,2063.79,2063.79,2062.39,2062.39,0.0299,2026-03-12 22:15:00
1773354000000,2062.09,2062.82,2062.09,2062.82,0.0322,2026-03-12 22:20:00
1773354300000,2066.48,2066.48,2066.48,2066.48,0.0241,2026-03-12 22:25:00
1773354600000,2066.48,2066.48,2066.48,2066.48,0.0,2026-03-12 22:30:00
1773354900000,2066.48,2066.48,2066.48,2066.48,0.0,2026-03-12 22:35:00
1773355200000,2061.62,2063.57,2060.72,2060.72,3.9089,2026-03-12 22:40:00
1773355500000,2061.09,2061.09,2060.77,2060.77,1.1482,2026-03-12 22:45:00
1773355800000,2057.78,2057.78,2055.0,2055.0,2.9768,2026-03-12 22:50:00
1773356100000,2059.04,2066.39,2059.04,2065.98,2.2501,2026-03-12 22:55:00
1773356400000,2067.75,2082.02,2067.59,2082.02,5.9001,2026-03-12 23:00:00
1773356700000,2083.04,2083.58,2083.04,2083.58,0.5419,2026-03-12 23:05:00
1773357000000,2080.96,2080.96,2080.96,2080.96,0.0851,2026-03-12 23:10:00
1773357300000,2081.09,2088.62,2081.09,2086.45,10.7148,2026-03-12 23:15:00
1773357600000,2090.26,2092.88,2083.89,2083.89,2.2647,2026-03-12 23:20:00
1773357900000,2080.99,2081.0,2080.99,2081.0,12.9625,2026-03-12 23:25:00
1773358200000,2081.26,2082.4,2080.09,2080.09,1.375,2026-03-12 23:30:00
1773358500000,2080.09,2080.09,2080.09,2080.09,0.0,2026-03-12 23:35:00
1773358800000,2079.06,2081.78,2079.06,2081.78,0.4156,2026-03-12 23:40:00
1773359100000,2075.6,2077.36,2075.6,2077.0,1.9819,2026-03-12 23:45:00
1773359400000,2077.0,2077.0,2077.0,2077.0,0.0,2026-03-12 23:50:00
1773359700000,2074.0,2074.0,2073.25,2073.25,0.5281,2026-03-12 23:55:00
1773360000000,2070.82,2070.82,2069.98,2069.98,0.2603,2026-03-13 00:00:00
1773360300000,2069.98,2069.98,2069.98,2069.98,0.0,2026-03-13 00:05:00
1773360600000,2088.0,2089.1,2088.0,2088.98,24.5944,2026-03-13 00:10:00
1773360900000,2091.14,2120.68,2091.14,2107.13,17.3815,2026-03-13 00:15:00
1773361200000,2108.46,2140.55,2108.45,2129.43,12.4121,2026-03-13 00:20:00
1773361500000,2129.9,2131.6,2126.32,2130.48,0.4649,2026-03-13 00:25:00
1773361800000,2134.08,2147.88,2129.28,2143.6,9.6347,2026-03-13 00:30:00
1773362100000,2144.64,2144.64,2131.1,2131.79,4.9442,2026-03-13 00:35:00
1773362400000,2132.83,2132.83,2125.32,2126.52,1.1685,2026-03-13 00:40:00
1773362700000,2127.61,2127.61,2120.35,2120.35,0.2256,2026-03-13 00:45:00
1773363000000,2120.72,2122.21,2110.43,2111.15,3.276,2026-03-13 00:50:00
1773363300000,2113.96,2117.96,2111.15,2117.96,5.0265,2026-03-13 00:55:00
1773363600000,2121.78,2124.6,2119.32,2120.23,0.3172,2026-03-13 01:00:00
1773363900000,2124.19,2128.9,2124.19,2127.18,2.4055,2026-03-13 01:05:00
1773364200000,2128.11,2130.44,2127.81,2127.81,0.0408,2026-03-13 01:10:00
1773364500000,2125.14,2126.61,2124.92,2126.61,4.2856,2026-03-13 01:15:00
1773364800000,2124.62,2126.14,2120.27,2120.27,0.2329,2026-03-13 01:20:00
1773365100000,2119.83,2124.01,2119.83,2124.01,0.0188,2026-03-13 01:25:00
1773365400000,2123.41,2123.41,2122.26,2123.21,0.3674,2026-03-13 01:30:00
1773365700000,2119.66,2119.66,2112.58,2112.58,0.9057,2026-03-13 01:35:00
1773366000000,2121.67,2128.22,2121.67,2127.63,1.5981,2026-03-13 01:40:00
1773366300000,2127.63,2127.63,2127.63,2127.63,0.0,2026-03-13 01:45:00
1773366600000,2126.43,2126.43,2126.43,2126.43,0.3204,2026-03-13 01:50:00
1773366900000,2127.12,2127.12,2127.12,2127.12,0.0047,2026-03-13 01:55:00
1773367200000,2123.93,2124.09,2122.2,2124.09,2.5086,2026-03-13 02:00:00
1773367500000,2124.09,2124.09,2124.09,2124.09,0.0,2026-03-13 02:05:00
1773367800000,2124.72,2124.79,2122.76,2122.76,0.0224,2026-03-13 02:10:00
1773368100000,2122.56,2124.06,2115.26,2116.02,0.8599,2026-03-13 02:15:00
1773368400000,2116.02,2116.02,2116.02,2116.02,0.0,2026-03-13 02:20:00
1773368700000,2116.02,2116.02,2116.02,2116.02,0.0,2026-03-13 02:25:00
1773369000000,2116.82,2116.82,2116.82,2116.82,0.2531,2026-03-13 02:30:00
1773369300000,2112.77,2113.19,2109.33,2110.35,1.1804,2026-03-13 02:35:00
1773369600000,2112.18,2112.18,2108.66,2109.3,0.9049,2026-03-13 02:40:00
1773369900000,2106.59,2109.68,2105.54,2109.68,2.6072,2026-03-13 02:45:00
1773370200000,2110.0,2110.0,2103.01,2104.9,4.4199,2026-03-13 02:50:00
1773370500000,2106.21,2106.21,2106.21,2106.21,0.0028,2026-03-13 02:55:00
1773370800000,2107.0,2109.08,2105.94,2108.0,0.8321,2026-03-13 03:00:00
1773371100000,2103.53,2109.05,2103.53,2108.27,0.8127,2026-03-13 03:05:00
1773371400000,2108.83,2108.83,2107.34,2107.34,0.0284,2026-03-13 03:10:00
1773371700000,2109.65,2110.03,2109.65,2110.03,0.0112,2026-03-13 03:15:00
1773372000000,2110.31,2111.37,2110.03,2110.03,0.334,2026-03-13 03:20:00
1773372300000,2112.79,2112.79,2112.79,2112.79,0.2604,2026-03-13 03:25:00
1773372600000,2104.52,2110.21,2104.52,2110.21,0.3518,2026-03-13 03:30:00
1773372900000,2106.74,2106.74,2106.74,2106.74,0.0038,2026-03-13 03:35:00
1773373200000,2109.27,2109.27,2109.27,2109.27,0.0047,2026-03-13 03:40:00
1773373500000,2112.9,2112.9,2112.9,2112.9,0.0472,2026-03-13 03:45:00
1773373800000,2110.82,2118.29,2110.82,2118.29,1.2485,2026-03-13 03:50:00
1773374100000,2120.35,2120.98,2119.3,2119.3,0.1166,2026-03-13 03:55:00
1773374400000,2119.09,2119.09,2117.74,2118.2,1.7366,2026-03-13 04:00:00
1773374700000,2117.37,2118.26,2116.97,2118.05,0.4426,2026-03-13 04:05:00
1773375000000,2116.17,2116.17,2116.11,2116.11,1.0781,2026-03-13 04:10:00
1773375300000,2114.71,2114.71,2113.83,2113.83,1.5924,2026-03-13 04:15:00
1773375600000,2113.83,2113.83,2113.83,2113.83,0.0,2026-03-13 04:20:00
1773375900000,2111.64,2111.64,2111.64,2111.64,0.0251,2026-03-13 04:25:00
1773376200000,2111.5,2111.5,2111.5,2111.5,0.0046,2026-03-13 04:30:00
1773376500000,2111.36,2112.02,2110.62,2112.02,0.2933,2026-03-13 04:35:00
1773376800000,2113.49,2113.96,2113.03,2113.03,0.0541,2026-03-13 04:40:00
1773377100000,2113.1,2113.1,2113.1,2113.1,0.003,2026-03-13 04:45:00
1773377400000,2113.14,2113.14,2111.65,2111.65,0.0354,2026-03-13 04:50:00
1773377700000,2111.08,2111.08,2110.75,2110.75,0.099,2026-03-13 04:55:00
1773378000000,2110.83,2110.83,2106.59,2106.59,2.1397,2026-03-13 05:00:00
1773378300000,2105.54,2110.03,2104.75,2107.94,0.1739,2026-03-13 05:05:00
1773378600000,2105.49,2105.49,2104.46,2104.46,0.2249,2026-03-13 05:10:00
1773378900000,2104.46,2104.46,2104.46,2104.46,0.0,2026-03-13 05:15:00
1773379200000,2109.58,2109.58,2109.58,2109.58,0.0474,2026-03-13 05:20:00
1773379500000,2109.71,2110.15,2109.71,2110.15,0.016,2026-03-13 05:25:00
1773379800000,2110.07,2113.92,2110.07,2113.92,0.0503,2026-03-13 05:30:00
1773380100000,2113.37,2114.17,2113.37,2114.17,0.2776,2026-03-13 05:35:00
1773380400000,2114.17,2114.17,2114.17,2114.17,0.0,2026-03-13 05:40:00
1773380700000,2112.62,2112.62,2111.63,2111.63,0.2592,2026-03-13 05:45:00
1773381000000,2111.79,2111.79,2111.79,2111.79,0.0014,2026-03-13 05:50:00
1773381300000,2112.24,2112.24,2112.24,2112.24,0.008,2026-03-13 05:55:00
1773381600000,2106.44,2108.64,2106.44,2108.64,0.0066,2026-03-13 06:00:00
1773381900000,2111.35,2112.08,2111.35,2112.08,1.0068,2026-03-13 06:05:00
1773382200000,2112.23,2112.23,2112.23,2112.23,0.0261,2026-03-13 06:10:00
1773382500000,2109.64,2109.64,2109.64,2109.64,0.0331,2026-03-13 06:15:00
1773382800000,2109.56,2109.56,2109.56,2109.56,0.0194,2026-03-13 06:20:00
1773383100000,2100.59,2100.59,2092.82,2096.95,3.078,2026-03-13 06:25:00
1773383400000,2095.96,2097.52,2091.48,2091.74,1.9663,2026-03-13 06:30:00
1773383700000,2091.74,2091.74,2091.74,2091.74,0.0,2026-03-13 06:35:00
1773384000000,2095.65,2095.65,2095.65,2095.65,0.0131,2026-03-13 06:40:00
1773384300000,2093.33,2093.34,2091.91,2092.93,1.0319,2026-03-13 06:45:00
1773384600000,2092.42,2092.42,2092.42,2092.42,0.0131,2026-03-13 06:50:00
1773384900000,2092.42,2092.42,2092.42,2092.42,0.0,2026-03-13 06:55:00
1773385200000,2099.7,2099.7,2099.7,2099.7,0.0057,2026-03-13 07:00:00
1773385500000,2097.5,2101.68,2097.5,2099.17,0.7798,2026-03-13 07:05:00
1773385800000,2101.73,2101.73,2099.67,2099.67,0.145,2026-03-13 07:10:00
1773386100000,2100.41,2100.41,2100.41,2100.41,0.0032,2026-03-13 07:15:00
1773386400000,2101.19,2101.19,2101.19,2101.19,0.75,2026-03-13 07:20:00
1773386700000,2102.23,2103.84,2102.23,2103.84,0.0216,2026-03-13 07:25:00
1773387000000,2102.13,2102.13,2102.13,2102.13,0.0026,2026-03-13 07:30:00
1773387300000,2097.25,2097.25,2097.25,2097.25,0.0057,2026-03-13 07:35:00
1773387600000,2097.25,2097.25,2097.25,2097.25,0.0,2026-03-13 07:40:00
1773387900000,2097.25,2097.25,2097.25,2097.25,0.0,2026-03-13 07:45:00
1773388200000,2098.14,2098.38,2098.14,2098.38,0.0048,2026-03-13 07:50:00
1773388500000,2098.38,2098.38,2098.38,2098.38,0.0,2026-03-13 07:55:00
1773388800000,2099.42,2099.42,2099.42,2099.42,0.0953,2026-03-13 08:00:00
1773389100000,2097.76,2097.76,2097.76,2097.76,0.0024,2026-03-13 08:05:00
1773389400000,2093.49,2093.49,2092.54,2092.54,0.2492,2026-03-13 08:10:00
1773389700000,2098.76,2098.76,2098.76,2098.76,0.0095,2026-03-13 08:15:00
1773390000000,2098.76,2098.76,2098.76,2098.76,0.0,2026-03-13 08:20:00
1773390300000,2098.76,2098.76,2098.76,2098.76,0.0,2026-03-13 08:25:00
1773390600000,2098.76,2098.76,2098.76,2098.76,0.0,2026-03-13 08:30:00
1773390900000,2105.54,2114.5,2105.54,2111.37,3.4521,2026-03-13 08:35:00
1773391200000,2109.9,2109.9,2109.9,2109.9,0.0009,2026-03-13 08:40:00
1773391500000,2109.08,2109.08,2100.84,2102.24,0.9519,2026-03-13 08:45:00
1773391800000,2102.24,2102.24,2102.24,2102.24,0.0,2026-03-13 08:50:00
1773392100000,2096.6,2099.8,2096.6,2099.8,0.0056,2026-03-13 08:55:00
1773392400000,2102.13,2104.62,2102.13,2104.62,0.2456,2026-03-13 09:00:00
1773392700000,2103.72,2103.8,2103.72,2103.8,0.2197,2026-03-13 09:05:00
1773393000000,2103.8,2103.8,2103.8,2103.8,0.0,2026-03-13 09:10:00
1773393300000,2103.8,2103.8,2103.8,2103.8,0.0,2026-03-13 09:15:00
1773393600000,2103.8,2103.8,2103.8,2103.8,0.0,2026-03-13 09:20:00
1773393900000,2101.29,2101.29,2101.29,2101.29,0.0012,2026-03-13 09:25:00
1773394200000,2104.04,2106.68,2103.56,2106.54,1.2602,2026-03-13 09:30:00
1773394500000,2106.54,2106.54,2106.54,2106.54,0.0,2026-03-13 09:35:00
1773394800000,2107.94,2109.77,2107.81,2109.77,0.0481,2026-03-13 09:40:00
1773395100000,2109.77,2109.77,2109.77,2109.77,0.0,2026-03-13 09:45:00
1773395400000,2113.8,2115.41,2113.8,2113.89,0.0348,2026-03-13 09:50:00
1773395700000,2112.1,2112.1,2112.1,2112.1,0.0056,2026-03-13 09:55:00
1773396000000,2118.06,2123.95,2115.1,2123.25,3.9082,2026-03-13 10:00:00
1773396300000,2121.67,2122.25,2120.32,2120.8,0.2094,2026-03-13 10:05:00
1773396600000,2121.94,2126.22,2121.7,2124.1,3.1501,2026-03-13 10:10:00
1773396900000,2126.39,2129.31,2123.84,2127.66,1.4764,2026-03-13 10:15:00
1773397200000,2130.89,2131.1,2124.48,2125.0,0.9122,2026-03-13 10:20:00
1773397500000,2125.0,2125.0,2124.8,2124.8,23.8501,2026-03-13 10:25:00
1773397800000,2125.57,2127.79,2125.57,2127.69,1.6059,2026-03-13 10:30:00
1773398100000,2128.67,2131.14,2128.67,2130.16,1.1552,2026-03-13 10:35:00
1773398400000,2128.59,2129.24,2128.59,2129.24,0.0112,2026-03-13 10:40:00
1773398700000,2126.91,2132.45,2126.91,2132.16,0.0355,2026-03-13 10:45:00
1773399000000,2132.17,2132.17,2129.49,2129.49,0.0269,2026-03-13 10:50:00
1773399300000,2126.87,2126.87,2126.87,2126.87,0.3153,2026-03-13 10:55:00
1773399600000,2125.4,2128.18,2125.4,2126.69,0.0581,2026-03-13 11:00:00
1773399900000,2126.96,2127.76,2125.13,2125.13,0.0165,2026-03-13 11:05:00
1773400200000,2126.91,2126.91,2123.71,2123.71,0.2056,2026-03-13 11:10:00
1773400500000,2123.71,2123.71,2123.71,2123.71,0.0,2026-03-13 11:15:00
1773400800000,2124.85,2124.85,2124.85,2124.85,0.0166,2026-03-13 11:20:00
1773401100000,2124.85,2124.85,2124.85,2124.85,0.0,2026-03-13 11:25:00
1773401400000,2123.94,2123.94,2123.94,2123.94,0.144,2026-03-13 11:30:00
1773401700000,2123.94,2123.94,2123.94,2123.94,0.0,2026-03-13 11:35:00
1773402000000,2123.94,2123.94,2123.94,2123.94,0.0,2026-03-13 11:40:00
1773402300000,2122.04,2122.04,2122.04,2122.04,0.002,2026-03-13 11:45:00
1773402600000,2120.23,2120.23,2120.0,2120.0,23.7139,2026-03-13 11:50:00
1773402900000,2121.4,2121.4,2121.4,2121.4,0.0476,2026-03-13 11:55:00
1773403200000,2121.48,2123.32,2121.48,2123.15,0.0117,2026-03-13 12:00:00
1773403500000,2127.37,2131.22,2127.37,2131.22,0.0463,2026-03-13 12:05:00
1773403800000,2132.21,2132.89,2130.06,2132.89,23.9714,2026-03-13 12:10:00
1773404100000,2130.09,2130.54,2130.09,2130.54,0.0116,2026-03-13 12:15:00
1773404400000,2130.07,2137.39,2127.37,2134.36,5.6154,2026-03-13 12:20:00
1773404700000,2132.67,2132.67,2127.88,2129.64,0.0229,2026-03-13 12:25:00
1773405000000,2130.46,2131.23,2129.16,2129.16,0.736,2026-03-13 12:30:00
1773405300000,2129.0,2132.96,2129.0,2129.81,0.9686,2026-03-13 12:35:00
1773405600000,2129.71,2131.21,2129.71,2131.21,0.4859,2026-03-13 12:40:00
1773405900000,2129.6,2151.0,2129.6,2146.73,17.1202,2026-03-13 12:45:00
1773406200000,2148.03,2148.03,2142.59,2142.59,1.1262,2026-03-13 12:50:00
1773406500000,2144.47,2146.3,2144.47,2146.3,0.7235,2026-03-13 12:55:00
1773406800000,2146.38,2149.28,2145.06,2147.55,0.3443,2026-03-13 13:00:00
1773407100000,2149.51,2151.0,2145.9,2145.9,1.5013,2026-03-13 13:05:00
1773407400000,2148.25,2157.28,2148.25,2152.47,9.7583,2026-03-13 13:10:00
1773407700000,2153.96,2200.0,2153.96,2200.0,13.3003,2026-03-13 13:15:00
1773408000000,2187.3,2192.03,2183.94,2191.21,0.2727,2026-03-13 13:20:00
1773408300000,2183.15,2183.15,2183.15,2183.15,0.0656,2026-03-13 13:25:00
1773408600000,2187.24,2187.3,2180.53,2180.53,1.2397,2026-03-13 13:30:00
1773408900000,2179.85,2181.32,2174.03,2180.0,2.9377,2026-03-13 13:35:00
1773409200000,2180.17,2188.75,2180.17,2188.75,0.3967,2026-03-13 13:40:00
1773409500000,2188.78,2190.97,2185.86,2188.0,1.4355,2026-03-13 13:45:00
1773409800000,2189.36,2189.47,2186.17,2189.47,0.5792,2026-03-13 13:50:00
1773410100000,2192.22,2192.22,2191.42,2191.42,0.2437,2026-03-13 13:55:00
1773410400000,2191.42,2191.42,2191.42,2191.42,0.0,2026-03-13 14:00:00
1773410700000,2190.55,2190.55,2185.26,2187.19,0.0859,2026-03-13 14:05:00
1773411000000,2190.37,2193.33,2190.09,2193.33,0.3879,2026-03-13 14:10:00
1773411300000,2192.1,2192.1,2187.63,2191.02,1.4278,2026-03-13 14:15:00
1773411600000,2194.71,2202.94,2189.57,2200.61,9.1632,2026-03-13 14:20:00
1773411900000,2197.69,2207.86,2196.36,2196.36,1.3476,2026-03-13 14:25:00
1773412200000,2196.83,2203.12,2196.83,2203.12,4.6947,2026-03-13 14:30:00
1773412500000,2194.14,2194.14,2185.19,2191.26,2.236,2026-03-13 14:35:00
1773412800000,2190.0,2190.0,2175.07,2175.07,25.4015,2026-03-13 14:40:00
1773413100000,2173.68,2173.68,2163.12,2167.8,25.6775,2026-03-13 14:45:00
1773413400000,2169.0,2169.6,2151.66,2152.37,8.5319,2026-03-13 14:50:00
1773413700000,2153.05,2156.69,2147.56,2152.54,3.8462,2026-03-13 14:55:00
1773414000000,2151.3,2154.99,2142.39,2149.52,7.942,2026-03-13 15:00:00
1773414300000,2151.66,2156.97,2151.66,2156.97,0.2445,2026-03-13 15:05:00
1773414600000,2155.69,2155.69,2155.69,2155.69,0.0185,2026-03-13 15:10:00
1773414900000,2160.46,2163.57,2159.67,2163.57,2.1246,2026-03-13 15:15:00
1773415200000,2160.6,2162.91,2157.15,2157.15,23.1152,2026-03-13 15:20:00
1773415500000,2154.9,2156.88,2150.83,2153.44,1.4044,2026-03-13 15:25:00
1773415800000,2151.75,2154.71,2151.75,2154.71,0.3278,2026-03-13 15:30:00
1773416100000,2154.21,2154.21,2146.58,2146.58,3.0677,2026-03-13 15:35:00
1773416400000,2147.82,2147.82,2131.32,2139.86,28.7472,2026-03-13 15:40:00
1773416700000,2141.35,2144.04,2136.7,2144.04,1.5661,2026-03-13 15:45:00
1773417000000,2131.31,2131.31,2131.31,2131.31,0.0141,2026-03-13 15:50:00
1773417300000,2131.1,2131.1,2126.0,2126.74,1.3823,2026-03-13 15:55:00
1773417600000,2128.78,2128.78,2125.36,2127.66,0.4761,2026-03-13 16:00:00
1773417900000,2124.87,2129.49,2120.36,2129.49,4.1136,2026-03-13 16:05:00
1773418200000,2129.35,2129.35,2125.7,2125.99,0.5504,2026-03-13 16:10:00
1773418500000,2120.43,2122.37,2116.52,2116.52,1.2229,2026-03-13 16:15:00
1773418800000,2117.72,2121.08,2117.63,2121.08,0.9963,2026-03-13 16:20:00
1773419100000,2118.75,2119.28,2112.4,2119.28,1.3655,2026-03-13 16:25:00
1773419400000,2119.28,2119.28,2119.28,2119.28,0.0,2026-03-13 16:30:00
1773419700000,2131.1,2131.1,2129.83,2130.14,0.3457,2026-03-13 16:35:00
1773420000000,2130.76,2133.9,2130.76,2133.05,1.7975,2026-03-13 16:40:00
1773420300000,2132.45,2134.64,2132.45,2134.64,0.4464,2026-03-13 16:45:00
1773420600000,2138.19,2138.47,2136.84,2137.84,1.3129,2026-03-13 16:50:00
1773420900000,2139.82,2139.82,2136.43,2136.43,0.6036,2026-03-13 16:55:00
1773421200000,2136.85,2136.85,2134.81,2136.29,0.0266,2026-03-13 17:00:00
1773421500000,2136.91,2136.91,2135.63,2135.63,0.2273,2026-03-13 17:05:00
1773421800000,2136.59,2136.59,2134.14,2134.14,0.4199,2026-03-13 17:10:00
1773422100000,2137.17,2137.67,2136.14,2137.67,0.6565,2026-03-13 17:15:00
1773422400000,2135.7,2135.7,2135.7,2135.7,0.216,2026-03-13 17:20:00
1773422700000,2129.49,2129.49,2121.24,2121.24,0.7186,2026-03-13 17:25:00
1773423000000,2120.35,2120.35,2118.29,2118.38,0.9483,2026-03-13 17:30:00
1773423300000,2117.95,2117.95,2113.0,2113.18,2.0368,2026-03-13 17:35:00
1773423600000,2111.52,2111.52,2103.69,2107.21,1.9994,2026-03-13 17:40:00
1773423900000,2108.32,2108.32,2095.2,2095.2,28.2356,2026-03-13 17:45:00
1773424200000,2094.93,2097.32,2091.87,2097.32,1.0891,2026-03-13 17:50:00
1773424500000,2101.35,2102.68,2094.84,2102.68,1.6265,2026-03-13 17:55:00
1773424800000,2105.54,2106.65,2104.45,2106.65,1.0429,2026-03-13 18:00:00
1773425100000,2102.27,2102.76,2102.27,2102.76,0.0071,2026-03-13 18:05:00
1773425400000,2102.15,2104.83,2100.72,2104.83,0.6049,2026-03-13 18:10:00
1773425700000,2098.94,2098.94,2091.23,2091.23,0.626,2026-03-13 18:15:00
1773426000000,2096.85,2096.85,2091.36,2093.44,23.7822,2026-03-13 18:20:00
1773426300000,2102.41,2102.41,2102.41,2102.41,0.0019,2026-03-13 18:25:00
1773426600000,2104.44,2107.16,2104.44,2105.01,0.7437,2026-03-13 18:30:00
1773426900000,2106.53,2106.53,2103.58,2103.58,0.0302,2026-03-13 18:35:00
1773427200000,2104.23,2104.23,2104.23,2104.23,0.0117,2026-03-13 18:40:00
1773427500000,2100.93,2100.93,2100.93,2100.93,1.0227,2026-03-13 18:45:00
1773427800000,2100.93,2100.93,2099.69,2099.69,0.3035,2026-03-13 18:50:00
1773428100000,2099.69,2099.69,2099.69,2099.69,0.0,2026-03-13 18:55:00
1773428400000,2100.88,2100.91,2097.2,2097.2,0.0977,2026-03-13 19:00:00
1773428700000,2099.1,2107.9,2098.56,2103.73,0.1005,2026-03-13 19:05:00
1773429000000,2104.58,2105.53,2103.68,2103.68,9.8002,2026-03-13 19:10:00
1773429300000,2104.32,2106.05,2104.32,2106.05,0.0075,2026-03-13 19:15:00
1773429600000,2101.73,2103.21,2099.52,2103.21,0.3656,2026-03-13 19:20:00
1773429900000,2103.21,2103.21,2103.21,2103.21,0.0,2026-03-13 19:25:00
1773430200000,2103.21,2103.21,2103.21,2103.21,0.0,2026-03-13 19:30:00
1773430500000,2103.21,2103.21,2103.21,2103.21,0.0,2026-03-13 19:35:00
1773430800000,2103.21,2103.21,2103.21,2103.21,0.0,2026-03-13 19:40:00
1773431100000,2104.48,2105.07,2104.48,2105.07,1.0055,2026-03-13 19:45:00
1773431400000,2105.09,2105.09,2105.09,2105.09,0.2594,2026-03-13 19:50:00
1773431700000,2105.09,2105.09,2105.09,2105.09,0.0,2026-03-13 19:55:00
1773432000000,2102.62,2102.62,2102.62,2102.62,0.3153,2026-03-13 20:00:00
1773432300000,2106.18,2106.18,2106.18,2106.18,0.0142,2026-03-13 20:05:00
1773432600000,2106.12,2106.12,2106.12,2106.12,0.0047,2026-03-13 20:10:00
1773432900000,2109.23,2109.68,2109.23,2109.68,0.068,2026-03-13 20:15:00
1773433200000,2111.82,2114.49,2111.82,2112.42,2.5026,2026-03-13 20:20:00
1773433500000,2111.79,2111.79,2111.79,2111.79,0.0009,2026-03-13 20:25:00
1773433800000,2110.73,2110.73,2110.73,2110.73,0.0514,2026-03-13 20:30:00
1773434100000,2110.03,2110.18,2109.52,2109.78,0.1002,2026-03-13 20:35:00
1773434400000,2109.78,2109.78,2109.78,2109.78,0.0,2026-03-13 20:40:00
1773434700000,2109.78,2109.78,2109.78,2109.78,0.0,2026-03-13 20:45:00
1773435000000,2109.78,2109.78,2109.78,2109.78,0.0,2026-03-13 20:50:00
1773435300000,2109.78,2109.78,2109.78,2109.78,0.0,2026-03-13 20:55:00
1773435600000,2112.44,2114.37,2112.44,2114.32,0.3107,2026-03-13 21:00:00
1773435900000,2114.43,2116.0,2114.43,2115.15,0.0761,2026-03-13 21:05:00
1773436200000,2115.15,2115.15,2115.15,2115.15,0.0,2026-03-13 21:10:00
1773436500000,2113.04,2113.04,2112.72,2112.72,0.0094,2026-03-13 21:15:00
1773436800000,2112.43,2112.43,2112.43,2112.43,0.0053,2026-03-13 21:20:00
1773437100000,2111.24,2111.24,2106.75,2106.75,0.5285,2026-03-13 21:25:00
1773437400000,2105.71,2105.94,2104.99,2104.99,0.7607,2026-03-13 21:30:00
1773437700000,2107.77,2107.77,2102.69,2102.69,0.5097,2026-03-13 21:35:00
1773438000000,2102.52,2106.01,2102.5,2104.72,3.0453,2026-03-13 21:40:00
1773438300000,2105.17,2105.17,2105.17,2105.17,0.0076,2026-03-13 21:45:00
1773438600000,2106.85,2106.85,2105.24,2105.75,0.0809,2026-03-13 21:50:00
1773438900000,2105.27,2105.87,2104.39,2105.41,2.0293,2026-03-13 21:55:00
1773439200000,2103.33,2103.33,2085.47,2086.27,18.1411,2026-03-13 22:00:00
1773439500000,2091.46,2091.46,2088.67,2088.67,0.2835,2026-03-13 22:05:00
1773439800000,2092.82,2092.82,2091.08,2091.08,0.0104,2026-03-13 22:10:00
1773440100000,2089.81,2089.81,2089.81,2089.81,0.246,2026-03-13 22:15:00
1773440400000,2087.47,2087.47,2086.36,2086.36,0.3347,2026-03-13 22:20:00
1773440700000,2084.74,2084.74,2082.44,2082.44,4.4896,2026-03-13 22:25:00
1773441000000,2082.58,2083.08,2079.06,2082.5,1.0275,2026-03-13 22:30:00
1773441300000,2085.38,2085.38,2081.61,2081.61,1.0751,2026-03-13 22:35:00
1773441600000,2085.06,2085.06,2085.03,2085.03,0.0838,2026-03-13 22:40:00
1773441900000,2083.85,2085.95,2083.85,2085.95,0.0375,2026-03-13 22:45:00
1773442200000,2085.78,2087.69,2085.78,2087.69,0.4467,2026-03-13 22:50:00
1773442500000,2087.69,2087.69,2087.69,2087.69,0.0,2026-03-13 22:55:00
1773442800000,2087.57,2089.13,2086.14,2089.13,1.5203,2026-03-13 23:00:00
1773443100000,2089.51,2089.51,2089.51,2089.51,0.0168,2026-03-13 23:05:00
1773443400000,2088.51,2089.43,2088.51,2089.43,0.0263,2026-03-13 23:10:00
1773443700000,2089.69,2093.74,2089.69,2092.51,0.2687,2026-03-13 23:15:00
1773444000000,2092.51,2092.51,2092.51,2092.51,0.0,2026-03-13 23:20:00
1773444300000,2093.17,2094.02,2093.17,2094.02,0.9172,2026-03-13 23:25:00
1773444600000,2094.02,2094.02,2094.02,2094.02,0.0,2026-03-13 23:30:00
1773444900000,2091.58,2091.58,2091.58,2091.58,0.244,2026-03-13 23:35:00
1773445200000,2091.58,2091.58,2091.58,2091.58,0.0,2026-03-13 23:40:00
1773445500000,2091.58,2091.58,2091.58,2091.58,0.0,2026-03-13 23:45:00
1773445800000,2091.58,2091.58,2091.58,2091.58,0.0,2026-03-13 23:50:00
1773446100000,2092.26,2093.02,2092.26,2093.02,0.0129,2026-03-13 23:55:00
1773446400000,2089.61,2089.61,2089.61,2089.61,0.0223,2026-03-14 00:00:00
1773446700000,2089.61,2089.61,2089.61,2089.61,0.0,2026-03-14 00:05:00
1773447000000,2092.28,2092.28,2092.28,2092.28,0.0954,2026-03-14 00:10:00
1773447300000,2092.87,2093.22,2092.87,2093.22,0.0149,2026-03-14 00:15:00
1773447600000,2093.96,2094.83,2093.96,2094.83,0.0178,2026-03-14 00:20:00
1773447900000,2092.1,2092.1,2088.53,2090.45,0.8129,2026-03-14 00:25:00
1773448200000,2091.03,2092.55,2090.19,2092.55,0.2872,2026-03-14 00:30:00
1773448500000,2093.02,2093.02,2093.02,2093.02,0.3692,2026-03-14 00:35:00
1773448800000,2088.2,2088.2,2088.19,2088.19,1.8,2026-03-14 00:40:00
1773449100000,2085.77,2085.77,2084.6,2084.6,0.2629,2026-03-14 00:45:00
1773449400000,2084.62,2084.62,2084.62,2084.62,0.0239,2026-03-14 00:50:00
1773449700000,2084.62,2084.62,2084.62,2084.62,0.0,2026-03-14 00:55:00
1773450000000,2087.27,2089.27,2086.72,2089.27,0.1913,2026-03-14 01:00:00
1773450300000,2089.27,2089.27,2089.27,2089.27,0.0,2026-03-14 01:05:00
1773450600000,2089.17,2089.17,2086.89,2087.7,0.0286,2026-03-14 01:10:00
1773450900000,2087.7,2087.7,2087.7,2087.7,0.0,2026-03-14 01:15:00
1773451200000,2090.47,2090.47,2090.47,2090.47,0.0125,2026-03-14 01:20:00
1773451500000,2090.47,2090.47,2090.47,2090.47,0.0,2026-03-14 01:25:00
1773451800000,2090.5,2090.5,2090.5,2090.5,0.032,2026-03-14 01:30:00
1773452100000,2087.46,2088.19,2084.35,2088.19,1.6389,2026-03-14 01:35:00
1773452400000,2087.54,2087.54,2087.53,2087.53,0.4033,2026-03-14 01:40:00
1773452700000,2090.5,2090.5,2090.5,2090.5,0.6751,2026-03-14 01:45:00
1773453000000,2093.54,2093.77,2093.51,2093.51,0.2867,2026-03-14 01:50:00
1773453300000,2093.56,2094.97,2092.7,2092.7,0.2959,2026-03-14 01:55:00
1773453600000,2092.7,2092.7,2092.7,2092.7,0.0,2026-03-14 02:00:00
1773453900000,2095.17,2095.17,2094.14,2094.32,0.0508,2026-03-14 02:05:00
1773454200000,2093.59,2094.88,2093.59,2094.37,0.0804,2026-03-14 02:10:00
1773454500000,2094.37,2094.37,2094.37,2094.37,0.0,2026-03-14 02:15:00
1773454800000,2092.7,2092.7,2092.7,2092.7,0.0048,2026-03-14 02:20:00
1773455100000,2090.27,2090.88,2090.27,2090.88,1.3073,2026-03-14 02:25:00
1773455400000,2090.88,2090.88,2090.88,2090.88,0.0,2026-03-14 02:30:00
1773455700000,2092.53,2092.76,2090.26,2090.26,1.0163,2026-03-14 02:35:00
1773456000000,2093.07,2093.07,2092.64,2092.64,0.1863,2026-03-14 02:40:00
1773456300000,2091.79,2091.79,2091.79,2091.79,0.0126,2026-03-14 02:45:00
1773456600000,2091.79,2091.79,2091.79,2091.79,0.0,2026-03-14 02:50:00
1773456900000,2091.79,2091.79,2091.79,2091.79,0.0,2026-03-14 02:55:00
1773457200000,2093.18,2094.12,2093.18,2093.33,0.6606,2026-03-14 03:00:00
1773457500000,2095.69,2097.58,2095.69,2097.58,0.0543,2026-03-14 03:05:00
1773457800000,2098.09,2098.17,2098.07,2098.17,0.0091,2026-03-14 03:10:00
1773458100000,2099.3,2100.24,2097.93,2097.93,1.0354,2026-03-14 03:15:00
1773458400000,2097.93,2097.93,2096.61,2096.61,0.4835,2026-03-14 03:20:00
1773458700000,2096.61,2096.61,2096.61,2096.61,0.0,2026-03-14 03:25:00
1773459000000,2100.85,2102.72,2100.85,2102.72,1.0519,2026-03-14 03:30:00
1773459300000,2099.46,2099.7,2099.46,2099.7,0.0534,2026-03-14 03:35:00
1773459600000,2099.7,2099.7,2099.7,2099.7,0.0,2026-03-14 03:40:00
1773459900000,2101.6,2101.6,2100.75,2101.0,0.4876,2026-03-14 03:45:00
1773460200000,2100.88,2100.88,2100.88,2100.88,0.1044,2026-03-14 03:50:00
1773460500000,2101.15,2101.15,2101.15,2101.15,0.4746,2026-03-14 03:55:00
1773460800000,2100.77,2100.77,2100.23,2100.23,0.0285,2026-03-14 04:00:00
1773461100000,2104.16,2104.16,2103.96,2103.96,0.477,2026-03-14 04:05:00
1773461400000,2103.96,2103.96,2103.96,2103.96,0.0,2026-03-14 04:10:00
1773461700000,2103.96,2103.96,2103.96,2103.96,0.0,2026-03-14 04:15:00
1773462000000,2103.96,2103.96,2103.96,2103.96,0.0,2026-03-14 04:20:00
1773462300000,2102.95,2102.95,2102.95,2102.95,0.0104,2026-03-14 04:25:00
1773462600000,2102.27,2102.27,2102.27,2102.27,0.0114,2026-03-14 04:30:00
1773462900000,2104.97,2104.97,2104.97,2104.97,0.036,2026-03-14 04:35:00
1773463200000,2104.97,2104.97,2104.97,2104.97,0.0,2026-03-14 04:40:00
1773463500000,2104.97,2104.97,2104.97,2104.97,0.0,2026-03-14 04:45:00
1773463800000,2102.94,2102.94,2089.48,2089.48,3.8499,2026-03-14 04:50:00
1773464100000,2088.5,2090.43,2088.5,2090.43,0.2286,2026-03-14 04:55:00
1773464400000,2091.02,2092.18,2091.02,2092.18,0.0181,2026-03-14 05:00:00
1773464700000,2092.18,2092.18,2092.18,2092.18,0.0,2026-03-14 05:05:00
1773465000000,2093.69,2093.69,2093.69,2093.69,0.0095,2026-03-14 05:10:00
1773465300000,2093.69,2093.69,2093.69,2093.69,0.0,2026-03-14 05:15:00
1773465600000,2093.69,2093.69,2093.69,2093.69,0.0,2026-03-14 05:20:00
1773465900000,2093.69,2093.69,2093.69,2093.69,0.0,2026-03-14 05:25:00
1773466200000,2090.02,2090.02,2089.87,2089.87,1.4764,2026-03-14 05:30:00
1773466500000,2089.71,2089.71,2089.71,2089.71,0.0014,2026-03-14 05:35:00
1773466800000,2090.01,2090.01,2090.01,2090.01,0.0024,2026-03-14 05:40:00
1773467100000,2090.31,2090.31,2090.31,2090.31,0.0048,2026-03-14 05:45:00
1773467400000,2091.39,2091.39,2091.39,2091.39,0.0419,2026-03-14 05:50:00
1773467700000,2091.39,2091.39,2091.39,2091.39,0.0,2026-03-14 05:55:00
1773468000000,2091.16,2091.16,2089.23,2089.7,0.1421,2026-03-14 06:00:00
1773468300000,2089.7,2089.7,2089.7,2089.7,0.0,2026-03-14 06:05:00
1773468600000,2088.03,2088.03,2087.86,2087.86,0.0071,2026-03-14 06:10:00
1773468900000,2084.73,2084.73,2084.73,2084.73,0.0054,2026-03-14 06:15:00
1773469200000,2084.73,2084.73,2084.73,2084.73,0.0,2026-03-14 06:20:00
1773469500000,2084.15,2086.18,2084.15,2086.18,0.4886,2026-03-14 06:25:00
1773469800000,2080.29,2080.29,2080.13,2080.13,0.1038,2026-03-14 06:30:00
1773470100000,2081.1,2081.1,2073.87,2074.29,1.4624,2026-03-14 06:35:00
1773470400000,2075.63,2075.63,2070.44,2075.35,4.1827,2026-03-14 06:40:00
1773470700000,2078.02,2078.02,2078.02,2078.02,0.0096,2026-03-14 06:45:00
1773471000000,2078.02,2078.02,2078.02,2078.02,0.0,2026-03-14 06:50:00
1773471300000,2078.02,2078.02,2078.02,2078.02,0.0,2026-03-14 06:55:00
1773471600000,2078.02,2078.02,2078.02,2078.02,0.0,2026-03-14 07:00:00
1773471900000,2078.02,2078.21,2076.56,2077.68,1.9129,2026-03-14 07:05:00
1773472200000,2078.98,2078.98,2078.98,2078.98,0.0096,2026-03-14 07:10:00
1773472500000,2078.98,2078.98,2078.98,2078.98,0.0,2026-03-14 07:15:00
1773472800000,2078.98,2078.98,2078.98,2078.98,0.0,2026-03-14 07:20:00
1773473100000,2078.98,2078.98,2078.98,2078.98,0.0,2026-03-14 07:25:00
1773473400000,2078.98,2078.98,2078.98,2078.98,0.0,2026-03-14 07:30:00
1773473700000,2078.98,2078.98,2078.98,2078.98,0.0,2026-03-14 07:35:00
1773474000000,2078.98,2078.98,2078.98,2078.98,0.0,2026-03-14 07:40:00
1773474300000,2078.98,2078.98,2078.98,2078.98,0.0,2026-03-14 07:45:00
1773474600000,2078.98,2078.98,2078.98,2078.98,0.0,2026-03-14 07:50:00
1773474900000,2078.98,2078.98,2078.98,2078.98,0.0,2026-03-14 07:55:00
1773475200000,2077.01,2077.01,2077.01,2077.01,0.0264,2026-03-14 08:00:00
1773475500000,2078.75,2078.75,2078.75,2078.75,0.0024,2026-03-14 08:05:00
1773475800000,2078.75,2078.75,2078.75,2078.75,0.0,2026-03-14 08:10:00
1773476100000,2078.75,2078.75,2078.75,2078.75,0.0,2026-03-14 08:15:00
1773476400000,2078.75,2078.75,2078.75,2078.75,0.0,2026-03-14 08:20:00
1773476700000,2080.39,2080.39,2080.39,2080.39,0.0048,2026-03-14 08:25:00
1773477000000,2080.39,2080.39,2080.39,2080.39,0.0,2026-03-14 08:30:00
1773477300000,2080.39,2080.39,2080.39,2080.39,0.0,2026-03-14 08:35:00
1773477600000,2080.39,2080.39,2080.39,2080.39,0.0,2026-03-14 08:40:00
1773477900000,2080.39,2080.39,2080.39,2080.39,0.0,2026-03-14 08:45:00
1773478200000,2073.73,2073.73,2073.73,2073.73,0.0481,2026-03-14 08:50:00
1773478500000,2073.57,2073.57,2073.57,2073.57,0.0217,2026-03-14 08:55:00
1773478800000,2073.57,2073.57,2073.57,2073.57,0.0,2026-03-14 09:00:00
1773479100000,2076.61,2076.61,2076.61,2076.61,0.002,2026-03-14 09:05:00
1773479400000,2076.61,2076.61,2076.61,2076.61,0.0,2026-03-14 09:10:00
1773479700000,2076.3,2076.45,2076.3,2076.45,0.3533,2026-03-14 09:15:00
1773480000000,2076.45,2076.45,2076.45,2076.45,0.0,2026-03-14 09:20:00
1773480300000,2076.45,2076.45,2076.45,2076.45,0.0,2026-03-14 09:25:00
1773480600000,2076.15,2076.15,2076.15,2076.15,0.0333,2026-03-14 09:30:00
1773480900000,2073.36,2073.36,2073.36,2073.36,0.017,2026-03-14 09:35:00
1773481200000,2073.36,2073.36,2073.36,2073.36,0.0,2026-03-14 09:40:00
1773481500000,2071.68,2071.68,2064.75,2064.75,0.7288,2026-03-14 09:45:00
1773481800000,2066.75,2069.18,2066.75,2068.33,0.4024,2026-03-14 09:50:00
1773482100000,2068.53,2068.53,2068.53,2068.53,0.0009,2026-03-14 09:55:00
1773482400000,2068.18,2068.18,2068.18,2068.18,0.0024,2026-03-14 10:00:00
1773482700000,2068.18,2068.18,2068.18,2068.18,0.0,2026-03-14 10:05:00
1773483000000,2068.18,2068.18,2068.18,2068.18,0.0,2026-03-14 10:10:00
1773483300000,2064.51,2064.51,2064.51,2064.51,0.0764,2026-03-14 10:15:00
1773483600000,2067.0,2067.0,2066.34,2066.34,0.0357,2026-03-14 10:20:00
1773483900000,2066.34,2066.34,2066.34,2066.34,0.0,2026-03-14 10:25:00
1773484200000,2062.73,2064.46,2062.63,2064.46,0.0499,2026-03-14 10:30:00
1773484500000,2064.46,2064.46,2064.46,2064.46,0.0,2026-03-14 10:35:00
1773484800000,2064.46,2064.46,2064.46,2064.46,0.0,2026-03-14 10:40:00
1773485100000,2064.46,2064.46,2064.46,2064.46,0.0,2026-03-14 10:45:00
1773485400000,2065.32,2065.32,2065.32,2065.32,0.216,2026-03-14 10:50:00
1773485700000,2065.32,2065.32,2065.32,2065.32,0.0,2026-03-14 10:55:00
1773486000000,2067.91,2069.39,2067.91,2069.39,0.0627,2026-03-14 11:00:00
1773486300000,2070.72,2070.72,2070.72,2070.72,0.0048,2026-03-14 11:05:00
1773486600000,2070.36,2070.36,2070.36,2070.36,0.0034,2026-03-14 11:10:00
1773486900000,2070.7,2070.81,2069.81,2069.81,2.9576,2026-03-14 11:15:00
1773487200000,2069.81,2069.81,2069.81,2069.81,0.0,2026-03-14 11:20:00
1773487500000,2069.81,2069.81,2069.81,2069.81,0.0,2026-03-14 11:25:00
1773487800000,2073.27,2073.27,2073.27,2073.27,0.024,2026-03-14 11:30:00
1773488100000,2073.27,2073.27,2073.27,2073.27,0.0,2026-03-14 11:35:00
1773488400000,2073.27,2073.27,2073.27,2073.27,0.0,2026-03-14 11:40:00
1773488700000,2073.27,2073.27,2073.27,2073.27,0.0,2026-03-14 11:45:00
1773489000000,2076.13,2076.13,2076.13,2076.13,0.3469,2026-03-14 11:50:00
1773489300000,2072.77,2072.77,2072.75,2072.75,0.3395,2026-03-14 11:55:00
1773489600000,2073.47,2075.41,2073.47,2075.41,0.9351,2026-03-14 12:00:00
1773489900000,2077.05,2077.05,2077.05,2077.05,0.0024,2026-03-14 12:05:00
1773490200000,2076.51,2076.51,2075.59,2075.59,0.3075,2026-03-14 12:10:00
1773490500000,2075.59,2075.59,2075.59,2075.59,0.0,2026-03-14 12:15:00
1773490800000,2075.32,2076.1,2075.32,2076.1,0.4467,2026-03-14 12:20:00
1773491100000,2076.1,2076.1,2076.1,2076.1,0.0,2026-03-14 12:25:00
1773491400000,2076.1,2076.1,2076.1,2076.1,0.0,2026-03-14 12:30:00
1773491700000,2076.1,2076.1,2076.1,2076.1,0.0,2026-03-14 12:35:00
1773492000000,2071.7,2071.7,2071.7,2071.7,0.0507,2026-03-14 12:40:00
1773492300000,2071.7,2071.7,2071.7,2071.7,0.0,2026-03-14 12:45:00
1773492600000,2076.67,2076.67,2076.67,2076.67,0.0188,2026-03-14 12:50:00
1773492900000,2076.67,2076.67,2076.67,2076.67,0.0,2026-03-14 12:55:00
1773493200000,2074.16,2074.16,2074.16,2074.16,0.0019,2026-03-14 13:00:00
1773493500000,2074.45,2074.45,2074.21,2074.21,0.1067,2026-03-14 13:05:00
1773493800000,2073.99,2073.99,2073.94,2073.94,0.0308,2026-03-14 13:10:00
1773494100000,2073.94,2073.94,2073.94,2073.94,0.0,2026-03-14 13:15:00
1773494400000,2073.94,2073.94,2073.94,2073.94,0.0,2026-03-14 13:20:00
1773494700000,2079.06,2080.38,2079.06,2080.38,0.5463,2026-03-14 13:25:00
1773495000000,2078.54,2078.54,2078.54,2078.54,0.0096,2026-03-14 13:30:00
1773495300000,2077.9,2077.9,2077.9,2077.9,0.0229,2026-03-14 13:35:00
1773495600000,2077.9,2077.9,2077.9,2077.9,0.0,2026-03-14 13:40:00
1773495900000,2077.9,2077.9,2077.9,2077.9,0.0,2026-03-14 13:45:00
1773496200000,2077.43,2077.43,2077.43,2077.43,0.4812,2026-03-14 13:50:00
1773496500000,2078.86,2079.3,2077.97,2077.97,0.1306,2026-03-14 13:55:00
1773496800000,2078.93,2078.93,2077.93,2077.93,0.2868,2026-03-14 14:00:00
1773497100000,2076.81,2076.81,2076.81,2076.81,0.06,2026-03-14 14:05:00
1773497400000,2073.83,2075.21,2073.83,2075.21,0.0727,2026-03-14 14:10:00
1773497700000,2074.8,2074.84,2074.8,2074.84,0.0351,2026-03-14 14:15:00
1773498000000,2074.84,2074.84,2074.84,2074.84,0.0,2026-03-14 14:20:00
1773498300000,2074.84,2074.84,2074.84,2074.84,0.0,2026-03-14 14:25:00
1773498600000,2077.82,2077.82,2076.57,2076.57,0.0604,2026-03-14 14:30:00
1773498900000,2075.62,2076.2,2075.62,2075.69,0.1509,2026-03-14 14:35:00
1773499200000,2075.69,2075.69,2075.69,2075.69,0.0,2026-03-14 14:40:00
1773499500000,2075.69,2075.69,2075.69,2075.69,0.0,2026-03-14 14:45:00
1773499800000,2075.69,2075.69,2075.69,2075.69,0.0,2026-03-14 14:50:00
1773500100000,2075.69,2075.69,2075.69,2075.69,0.0,2026-03-14 14:55:00
1773500400000,2071.27,2071.27,2071.27,2071.27,0.0241,2026-03-14 15:00:00
1773500700000,2074.09,2074.09,2074.09,2074.09,0.0048,2026-03-14 15:05:00
1773501000000,2073.98,2073.98,2073.98,2073.98,0.0192,2026-03-14 15:10:00
1773501300000,2075.9,2075.9,2075.9,2075.9,0.0024,2026-03-14 15:15:00
1773501600000,2075.9,2075.9,2075.9,2075.9,0.0,2026-03-14 15:20:00
1773501900000,2076.18,2076.18,2076.18,2076.18,0.3591,2026-03-14 15:25:00
1773502200000,2071.56,2073.15,2071.56,2072.65,0.133,2026-03-14 15:30:00
1773502500000,2072.65,2072.65,2072.65,2072.65,0.0,2026-03-14 15:35:00
1773502800000,2072.65,2072.65,2072.65,2072.65,0.0,2026-03-14 15:40:00
1773503100000,2072.65,2072.65,2072.65,2072.65,0.0,2026-03-14 15:45:00
1773503400000,2072.65,2072.65,2072.65,2072.65,0.0,2026-03-14 15:50:00
1773503700000,2074.19,2074.19,2074.19,2074.19,0.001,2026-03-14 15:55:00
1773504000000,2074.19,2074.19,2074.19,2074.19,0.0,2026-03-14 16:00:00
1773504300000,2070.97,2070.97,2070.95,2070.95,0.0207,2026-03-14 16:05:00
1773504600000,2073.22,2073.22,2072.62,2073.08,0.1185,2026-03-14 16:10:00
1773504900000,2073.08,2073.08,2073.08,2073.08,0.0,2026-03-14 16:15:00
1773505200000,2073.08,2073.08,2073.08,2073.08,0.0,2026-03-14 16:20:00
1773505500000,2073.08,2073.08,2073.08,2073.08,0.0,2026-03-14 16:25:00
1773505800000,2075.62,2075.62,2075.62,2075.62,0.012,2026-03-14 16:30:00
1773506100000,2076.47,2076.47,2075.6,2075.6,0.024,2026-03-14 16:35:00
1773506400000,2075.91,2076.13,2075.91,2076.13,0.3604,2026-03-14 16:40:00
1773506700000,2077.12,2077.12,2077.12,2077.12,0.0327,2026-03-14 16:45:00
1773507000000,2077.12,2077.12,2077.12,2077.12,0.0,2026-03-14 16:50:00
1773507300000,2077.53,2077.53,2077.53,2077.53,0.001,2026-03-14 16:55:00
1773507600000,2077.08,2077.84,2077.08,2077.27,0.0901,2026-03-14 17:00:00
1773507900000,2077.04,2077.91,2077.04,2077.4,0.059,2026-03-14 17:05:00
1773508200000,2076.86,2077.37,2076.69,2077.21,0.4175,2026-03-14 17:10:00
1773508500000,2077.48,2077.68,2077.48,2077.68,2.1603,2026-03-14 17:15:00
1773508800000,2076.5,2076.5,2076.5,2076.5,0.0014,2026-03-14 17:20:00
1773509100000,2077.27,2077.27,2077.27,2077.27,0.0048,2026-03-14 17:25:00
1773509400000,2076.94,2076.94,2076.49,2076.49,0.0618,2026-03-14 17:30:00
1773509700000,2076.35,2076.35,2076.35,2076.35,0.0048,2026-03-14 17:35:00
1773510000000,2076.35,2076.35,2076.35,2076.35,0.057,2026-03-14 17:40:00
1773510300000,2076.35,2076.35,2076.35,2076.35,0.0698,2026-03-14 17:45:00
1773510600000,2076.35,2076.35,2076.35,2076.35,0.0,2026-03-14 17:50:00
1773510900000,2076.35,2076.35,2076.35,2076.35,0.0,2026-03-14 17:55:00
1773511200000,2074.13,2074.13,2074.11,2074.11,0.4853,2026-03-14 18:00:00
1773511500000,2074.41,2074.88,2074.41,2074.88,0.0144,2026-03-14 18:05:00
1773511800000,2074.57,2074.89,2074.57,2074.89,0.1365,2026-03-14 18:10:00
1773512100000,2074.89,2074.89,2074.89,2074.89,0.0,2026-03-14 18:15:00
1773512400000,2073.74,2073.74,2073.74,2073.74,0.0207,2026-03-14 18:20:00
1773512700000,2073.74,2073.74,2073.74,2073.74,0.0,2026-03-14 18:25:00
1773513000000,2073.74,2073.74,2073.74,2073.74,0.0,2026-03-14 18:30:00
1773513300000,2076.25,2076.38,2076.25,2076.38,0.0253,2026-03-14 18:35:00
1773513600000,2076.59,2076.59,2076.59,2076.59,0.0144,2026-03-14 18:40:00
1773513900000,2075.87,2076.27,2075.87,2076.27,0.0427,2026-03-14 18:45:00
1773514200000,2076.69,2076.69,2076.69,2076.69,0.0236,2026-03-14 18:50:00
1773514500000,2077.48,2077.48,2077.48,2077.48,0.8499,2026-03-14 18:55:00
1773514800000,2076.6,2076.6,2075.35,2076.21,0.1589,2026-03-14 19:00:00
1773515100000,2076.18,2076.18,2076.18,2076.18,0.0485,2026-03-14 19:05:00
1773515400000,2076.97,2076.97,2076.97,2076.97,0.0481,2026-03-14 19:10:00
1773515700000,2077.12,2078.39,2077.12,2078.39,0.0194,2026-03-14 19:15:00
1773516000000,2077.23,2077.23,2077.23,2077.23,0.0019,2026-03-14 19:20:00
1773516300000,2077.23,2077.23,2077.23,2077.23,0.0,2026-03-14 19:25:00
1773516600000,2077.23,2077.23,2077.23,2077.23,0.0,2026-03-14 19:30:00
1773516900000,2077.23,2077.23,2077.23,2077.23,0.0,2026-03-14 19:35:00
1773517200000,2077.23,2077.23,2077.23,2077.23,0.0,2026-03-14 19:40:00
1773517500000,2077.23,2077.23,2077.23,2077.23,0.0,2026-03-14 19:45:00
1773517800000,2077.23,2077.23,2077.23,2077.23,0.0,2026-03-14 19:50:00
1773518100000,2076.71,2076.71,2076.71,2076.71,0.0023,2026-03-14 19:55:00
1773518400000,2077.9,2077.91,2077.9,2077.91,0.0048,2026-03-14 20:00:00
1773518700000,2078.11,2078.11,2078.11,2078.11,0.0144,2026-03-14 20:05:00
1773519000000,2078.11,2078.11,2078.11,2078.11,0.0,2026-03-14 20:10:00
1773519300000,2078.11,2078.11,2078.11,2078.11,0.0,2026-03-14 20:15:00
1773519600000,2079.76,2079.76,2079.76,2079.76,0.2397,2026-03-14 20:20:00
1773519900000,2079.46,2079.46,2079.46,2079.46,0.9759,2026-03-14 20:25:00
1773520200000,2079.45,2079.45,2079.45,2079.45,0.1396,2026-03-14 20:30:00
1773520500000,2079.45,2079.45,2079.45,2079.45,0.0,2026-03-14 20:35:00
1773520800000,2079.45,2079.45,2079.45,2079.45,0.0,2026-03-14 20:40:00
1773521100000,2084.94,2085.9,2084.94,2085.9,0.0338,2026-03-14 20:45:00
1773521400000,2085.9,2085.9,2085.9,2085.9,0.0,2026-03-14 20:50:00
1773521700000,2086.42,2086.42,2086.42,2086.42,0.0096,2026-03-14 20:55:00
1773522000000,2085.55,2086.48,2085.55,2086.16,0.3411,2026-03-14 21:00:00
1773522300000,2085.25,2085.25,2085.25,2085.25,0.0024,2026-03-14 21:05:00
1773522600000,2084.02,2084.05,2083.45,2083.45,2.4157,2026-03-14 21:10:00
1773522900000,2083.38,2083.38,2083.38,2083.38,0.0048,2026-03-14 21:15:00
1773523200000,2083.43,2083.43,2083.43,2083.43,0.0047,2026-03-14 21:20:00
1773523500000,2083.53,2083.53,2083.53,2083.53,0.0014,2026-03-14 21:25:00
1773523800000,2083.24,2083.75,2083.24,2083.75,0.2406,2026-03-14 21:30:00
1773524100000,2083.75,2083.75,2083.75,2083.75,0.0,2026-03-14 21:35:00
1773524400000,2085.59,2085.59,2085.59,2085.59,0.0024,2026-03-14 21:40:00
1773524700000,2085.59,2085.59,2085.59,2085.59,0.0,2026-03-14 21:45:00
1773525000000,2085.59,2085.59,2085.59,2085.59,0.0,2026-03-14 21:50:00
1773525300000,2086.92,2087.64,2086.92,2087.64,0.0499,2026-03-14 21:55:00
1773525600000,2087.64,2087.64,2087.64,2087.64,0.0,2026-03-14 22:00:00
1773525900000,2087.22,2087.22,2086.7,2086.7,0.0263,2026-03-14 22:05:00
1773526200000,2086.7,2086.7,2086.7,2086.7,0.0,2026-03-14 22:10:00
1773526500000,2086.7,2086.7,2086.7,2086.7,0.0,2026-03-14 22:15:00
1773526800000,2086.11,2086.11,2084.64,2084.64,2.4173,2026-03-14 22:20:00
1773527100000,2086.13,2086.13,2086.13,2086.13,0.0024,2026-03-14 22:25:00
1773527400000,2086.78,2086.78,2086.78,2086.78,0.0022,2026-03-14 22:30:00
1773527700000,2086.78,2086.78,2086.78,2086.78,0.0,2026-03-14 22:35:00
1773528000000,2086.78,2086.78,2086.78,2086.78,0.0,2026-03-14 22:40:00
1773528300000,2086.78,2086.78,2086.78,2086.78,0.0,2026-03-14 22:45:00
1773528600000,2084.3,2084.3,2084.3,2084.3,0.0447,2026-03-14 22:50:00
1773528900000,2083.75,2083.75,2083.75,2083.75,0.0153,2026-03-14 22:55:00
1773529200000,2090.82,2092.82,2090.82,2092.29,3.9382,2026-03-14 23:00:00
1773529500000,2092.82,2098.39,2092.82,2098.39,8.1735,2026-03-14 23:05:00
1773529800000,2096.55,2096.55,2093.69,2093.69,1.9842,2026-03-14 23:10:00
1773530100000,2094.09,2094.09,2087.31,2090.31,1.8945,2026-03-14 23:15:00
1773530400000,2090.85,2090.86,2090.85,2090.86,0.5788,2026-03-14 23:20:00
1773530700000,2090.86,2090.86,2090.86,2090.86,0.0,2026-03-14 23:25:00
1773531000000,2090.86,2090.86,2090.86,2090.86,0.0,2026-03-14 23:30:00
1773531300000,2090.86,2090.86,2090.86,2090.86,0.0,2026-03-14 23:35:00
1773531600000,2090.86,2090.86,2090.86,2090.86,0.0,2026-03-14 23:40:00
1773531900000,2097.59,2097.59,2097.59,2097.59,0.1433,2026-03-14 23:45:00
1773532200000,2097.59,2097.59,2097.59,2097.59,0.0,2026-03-14 23:50:00
1773532500000,2097.59,2097.59,2097.59,2097.59,0.0,2026-03-14 23:55:00
1773532800000,2093.89,2093.89,2093.89,2093.89,0.0476,2026-03-15 00:00:00
1773533100000,2093.89,2093.89,2093.89,2093.89,0.0,2026-03-15 00:05:00
1773533400000,2093.51,2093.51,2093.51,2093.51,0.0576,2026-03-15 00:10:00
1773533700000,2092.31,2093.34,2092.31,2092.59,0.0028,2026-03-15 00:15:00
1773534000000,2092.99,2092.99,2089.41,2091.31,1.7757,2026-03-15 00:20:00
1773534300000,2091.99,2094.8,2090.17,2090.17,1.6507,2026-03-15 00:25:00
1773534600000,2089.08,2090.86,2088.88,2089.6,0.0094,2026-03-15 00:30:00
1773534900000,2089.28,2089.28,2087.49,2087.49,0.0029,2026-03-15 00:35:00
1773535200000,2090.14,2090.14,2090.14,2090.14,0.0591,2026-03-15 00:40:00
1773535500000,2087.45,2088.09,2085.54,2087.72,5.0102,2026-03-15 00:45:00
1773535800000,2087.12,2087.12,2087.12,2087.12,0.0007,2026-03-15 00:50:00
1773536100000,2086.7,2088.4,2086.7,2088.4,1.2821,2026-03-15 00:55:00
1773536400000,2088.62,2088.62,2087.77,2088.38,0.0092,2026-03-15 01:00:00
1773536700000,2088.38,2088.38,2088.38,2088.38,0.0,2026-03-15 01:05:00
1773537000000,2084.74,2084.74,2084.74,2084.74,0.0048,2026-03-15 01:10:00
1773537300000,2087.77,2087.77,2087.77,2087.77,0.0014,2026-03-15 01:15:00
1773537600000,2085.29,2085.29,2085.29,2085.29,0.138,2026-03-15 01:20:00
1773537900000,2085.29,2085.29,2085.29,2085.29,0.0,2026-03-15 01:25:00
1773538200000,2084.7,2084.7,2084.7,2084.7,0.0024,2026-03-15 01:30:00
1773538500000,2084.46,2084.46,2084.34,2084.34,0.0096,2026-03-15 01:35:00
1773538800000,2085.76,2085.76,2085.39,2085.39,0.0291,2026-03-15 01:40:00
1773539100000,2085.39,2085.39,2085.39,2085.39,0.0,2026-03-15 01:45:00
1773539400000,2089.62,2090.35,2089.62,2090.35,2.0606,2026-03-15 01:50:00
1773539700000,2090.35,2090.35,2090.35,2090.35,0.0,2026-03-15 01:55:00
1773540000000,2096.69,2098.07,2095.25,2095.25,1.0453,2026-03-15 02:00:00
1773540300000,2095.84,2096.59,2095.84,2095.86,0.0595,2026-03-15 02:05:00
1773540600000,2095.79,2096.36,2095.61,2095.61,0.0383,2026-03-15 02:10:00
1773540900000,2096.69,2096.69,2094.73,2094.73,0.3501,2026-03-15 02:15:00
1773541200000,2095.76,2095.77,2093.18,2093.18,3.4827,2026-03-15 02:20:00
1773541500000,2094.19,2094.19,2094.19,2094.19,0.0014,2026-03-15 02:25:00
1773541800000,2094.19,2094.19,2094.19,2094.19,0.0,2026-03-15 02:30:00
1773542100000,2094.19,2094.19,2094.19,2094.19,0.0,2026-03-15 02:35:00
1773542400000,2100.58,2102.66,2100.58,2102.62,0.5495,2026-03-15 02:40:00
1773542700000,2101.52,2106.71,2101.28,2106.23,3.1435,2026-03-15 02:45:00
1773543000000,2105.16,2105.16,2101.54,2102.46,1.0767,2026-03-15 02:50:00
1773543300000,2101.28,2101.28,2100.6,2100.6,2.6454,2026-03-15 02:55:00
1773543600000,2103.06,2104.93,2103.06,2103.59,0.0983,2026-03-15 03:00:00
1773543900000,2102.2,2102.25,2102.2,2102.25,0.2523,2026-03-15 03:05:00
1773544200000,2101.96,2103.76,2101.96,2103.15,0.0564,2026-03-15 03:10:00
1773544500000,2102.21,2102.21,2097.36,2098.6,3.6347,2026-03-15 03:15:00
1773544800000,2097.44,2097.44,2097.44,2097.44,0.0433,2026-03-15 03:20:00
1773545100000,2096.35,2096.35,2096.35,2096.35,0.0172,2026-03-15 03:25:00
1773545400000,2094.9,2098.87,2094.9,2098.87,0.0602,2026-03-15 03:30:00
1773545700000,2097.96,2097.96,2097.96,2097.96,0.0008,2026-03-15 03:35:00
1773546000000,2097.96,2097.96,2097.96,2097.96,0.0,2026-03-15 03:40:00
1773546300000,2094.5,2094.5,2094.5,2094.5,0.0917,2026-03-15 03:45:00
1773546600000,2094.63,2094.63,2094.63,2094.63,0.0406,2026-03-15 03:50:00
1773546900000,2095.99,2095.99,2095.99,2095.99,0.0157,2026-03-15 03:55:00
1773547200000,2097.01,2100.08,2097.01,2100.08,0.2699,2026-03-15 04:00:00
1773547500000,2100.7,2102.78,2100.7,2101.76,0.0248,2026-03-15 04:05:00
1773547800000,2100.9,2100.9,2100.9,2100.9,0.0596,2026-03-15 04:10:00
1773548100000,2103.31,2104.28,2101.46,2104.28,0.0131,2026-03-15 04:15:00
1773548400000,2104.28,2104.28,2104.28,2104.28,0.0,2026-03-15 04:20:00
1773548700000,2100.7,2100.7,2100.7,2100.7,0.0063,2026-03-15 04:25:00
1773549000000,2100.52,2100.52,2100.52,2100.52,0.0019,2026-03-15 04:30:00
1773549300000,2100.52,2100.52,2100.52,2100.52,0.0,2026-03-15 04:35:00
1773549600000,2100.31,2100.31,2100.31,2100.31,0.0019,2026-03-15 04:40:00
1773549900000,2100.27,2100.27,2100.27,2100.27,0.0476,2026-03-15 04:45:00
1773550200000,2100.27,2100.27,2100.27,2100.27,0.0,2026-03-15 04:50:00
1773550500000,2101.96,2102.85,2101.96,2102.54,0.0101,2026-03-15 04:55:00
1773550800000,2103.84,2103.92,2103.67,2103.92,0.0053,2026-03-15 05:00:00
1773551100000,2102.83,2103.57,2102.83,2103.57,0.0308,2026-03-15 05:05:00
1773551400000,2103.1,2103.63,2103.1,2103.6,0.0326,2026-03-15 05:10:00
1773551700000,2105.66,2114.5,2105.66,2111.86,2.4218,2026-03-15 05:15:00
1773552000000,2110.1,2110.1,2110.1,2110.1,0.0149,2026-03-15 05:20:00
1773552300000,2110.1,2110.1,2110.1,2110.1,0.0,2026-03-15 05:25:00
1773552600000,2110.1,2110.1,2110.1,2110.1,0.0,2026-03-15 05:30:00
1773552900000,2110.05,2111.28,2110.05,2111.28,1.4471,2026-03-15 05:35:00
1773553200000,2113.72,2115.69,2113.72,2115.69,0.3964,2026-03-15 05:40:00
1773553500000,2110.86,2110.86,2108.15,2108.49,1.7763,2026-03-15 05:45:00
1773553800000,2109.68,2109.68,2108.39,2108.51,0.268,2026-03-15 05:50:00
1773554100000,2108.05,2108.59,2108.05,2108.59,0.0033,2026-03-15 05:55:00
1773554400000,2108.74,2108.74,2108.74,2108.74,0.2984,2026-03-15 06:00:00
1773554700000,2109.85,2109.85,2109.85,2109.85,0.0133,2026-03-15 06:05:00
1773555000000,2109.86,2110.04,2109.86,2110.04,0.0901,2026-03-15 06:10:00
1773555300000,2109.36,2109.36,2109.36,2109.36,0.2546,2026-03-15 06:15:00
1773555600000,2106.69,2106.69,2106.69,2106.69,0.0156,2026-03-15 06:20:00
1773555900000,2106.69,2106.69,2106.69,2106.69,0.0,2026-03-15 06:25:00
1773556200000,2106.69,2106.69,2106.69,2106.69,0.0,2026-03-15 06:30:00
1773556500000,2104.78,2104.78,2104.78,2104.78,0.0039,2026-03-15 06:35:00
1773556800000,2104.78,2104.78,2104.78,2104.78,0.0,2026-03-15 06:40:00
1773557100000,2104.78,2104.78,2104.78,2104.78,0.0,2026-03-15 06:45:00
1773557400000,2104.78,2104.78,2104.78,2104.78,0.0,2026-03-15 06:50:00
1773557700000,2104.78,2104.78,2104.78,2104.78,0.0,2026-03-15 06:55:00
1773558000000,2107.55,2108.91,2107.55,2108.91,0.0439,2026-03-15 07:00:00
1773558300000,2110.08,2110.15,2109.22,2109.22,0.0297,2026-03-15 07:05:00
1773558600000,2112.78,2113.15,2112.78,2112.94,0.2722,2026-03-15 07:10:00
1773558900000,2112.94,2112.94,2112.94,2112.94,0.0,2026-03-15 07:15:00
1773559200000,2112.94,2112.94,2112.94,2112.94,0.0,2026-03-15 07:20:00
1773559500000,2112.94,2112.94,2112.94,2112.94,0.0,2026-03-15 07:25:00
1773559800000,2107.68,2107.68,2106.44,2107.11,0.2865,2026-03-15 07:30:00
1773560100000,2107.11,2107.11,2107.11,2107.11,0.0,2026-03-15 07:35:00
1773560400000,2107.11,2107.11,2107.11,2107.11,0.0,2026-03-15 07:40:00
1773560700000,2107.11,2107.11,2107.11,2107.11,0.0,2026-03-15 07:45:00
1773561000000,2104.0,2104.0,2104.0,2104.0,0.3584,2026-03-15 07:50:00
1773561300000,2104.0,2104.0,2104.0,2104.0,0.0,2026-03-15 07:55:00
1773561600000,2104.0,2104.0,2104.0,2104.0,0.0,2026-03-15 08:00:00
1773561900000,2108.51,2108.68,2108.51,2108.68,0.0044,2026-03-15 08:05:00
1773562200000,2108.95,2111.41,2108.95,2109.79,1.0968,2026-03-15 08:10:00
1773562500000,2110.94,2110.94,2110.94,2110.94,0.4317,2026-03-15 08:15:00
1773562800000,2110.94,2110.94,2110.94,2110.94,0.0,2026-03-15 08:20:00
1773563100000,2110.45,2110.45,2110.45,2110.45,0.0469,2026-03-15 08:25:00
1773563400000,2110.45,2110.45,2110.45,2110.45,0.0,2026-03-15 08:30:00
1773563700000,2110.45,2110.45,2110.45,2110.45,0.0,2026-03-15 08:35:00
1773564000000,2109.01,2109.01,2109.01,2109.01,0.0033,2026-03-15 08:40:00
1773564300000,2109.01,2109.01,2109.01,2109.01,0.0,2026-03-15 08:45:00
1773564600000,2109.01,2109.01,2109.01,2109.01,0.0,2026-03-15 08:50:00
1773564900000,2109.01,2109.01,2109.01,2109.01,0.0,2026-03-15 08:55:00
1773565200000,2114.96,2118.29,2114.96,2117.84,0.0925,2026-03-15 09:00:00
1773565500000,2115.75,2122.62,2115.75,2121.44,2.1448,2026-03-15 09:05:00
1773565800000,2120.91,2121.73,2119.93,2121.4,2.6396,2026-03-15 09:10:00
1773566100000,2121.4,2121.4,2121.4,2121.4,0.0,2026-03-15 09:15:00
1773566400000,2121.4,2121.4,2121.4,2121.4,0.0,2026-03-15 09:20:00
1773566700000,2117.63,2117.64,2117.63,2117.64,0.2354,2026-03-15 09:25:00
1773567000000,2117.64,2117.64,2117.64,2117.64,0.0,2026-03-15 09:30:00
1773567300000,2117.64,2117.64,2117.64,2117.64,0.0,2026-03-15 09:35:00
1773567600000,2117.23,2117.23,2117.23,2117.23,0.0033,2026-03-15 09:40:00
1773567900000,2117.23,2117.23,2117.23,2117.23,0.0,2026-03-15 09:45:00
1773568200000,2117.23,2117.23,2117.23,2117.23,0.0,2026-03-15 09:50:00
1773568500000,2117.81,2117.81,2117.06,2117.06,0.3305,2026-03-15 09:55:00
1773568800000,2117.35,2118.14,2117.35,2118.14,0.0206,2026-03-15 10:00:00
1773569100000,2115.66,2115.66,2115.66,2115.66,0.0236,2026-03-15 10:05:00
1773569400000,2115.66,2115.66,2115.66,2115.66,0.0,2026-03-15 10:10:00
1773569700000,2115.66,2115.66,2115.66,2115.66,0.0,2026-03-15 10:15:00
1773570000000,2115.66,2115.66,2115.66,2115.66,0.0,2026-03-15 10:20:00
1773570300000,2115.66,2115.66,2115.66,2115.66,0.0,2026-03-15 10:25:00
1773570600000,2118.59,2118.59,2117.95,2117.95,0.0046,2026-03-15 10:30:00
1773570900000,2117.95,2117.95,2117.95,2117.95,0.0,2026-03-15 10:35:00
1773571200000,2119.95,2120.45,2119.95,2120.45,0.8219,2026-03-15 10:40:00
1773571500000,2120.45,2120.45,2120.45,2120.45,0.0,2026-03-15 10:45:00
1773571800000,2120.45,2120.45,2120.45,2120.45,0.0,2026-03-15 10:50:00
1773572100000,2120.45,2120.45,2120.45,2120.45,0.0,2026-03-15 10:55:00
1773572400000,2120.19,2120.19,2120.19,2120.19,0.0047,2026-03-15 11:00:00
1773572700000,2119.26,2120.15,2118.68,2118.84,0.3524,2026-03-15 11:05:00
1773573000000,2118.82,2118.82,2116.96,2116.96,0.0066,2026-03-15 11:10:00
1773573300000,2119.17,2119.83,2119.17,2119.83,0.0066,2026-03-15 11:15:00
1773573600000,2119.83,2119.83,2119.83,2119.83,0.0,2026-03-15 11:20:00
1773573900000,2119.83,2119.83,2119.83,2119.83,0.0,2026-03-15 11:25:00
1773574200000,2116.99,2117.21,2116.99,2117.01,2.528,2026-03-15 11:30:00
1773574500000,2117.01,2117.01,2117.01,2117.01,0.0,2026-03-15 11:35:00
1773574800000,2116.25,2116.25,2116.25,2116.25,0.2624,2026-03-15 11:40:00
1773575100000,2116.25,2116.25,2116.25,2116.25,0.0,2026-03-15 11:45:00
1773575400000,2120.59,2120.59,2120.59,2120.59,0.1618,2026-03-15 11:50:00
1773575700000,2120.59,2120.59,2120.59,2120.59,0.0,2026-03-15 11:55:00
1773576000000,2119.16,2119.16,2118.25,2118.25,0.0485,2026-03-15 12:00:00
1773576300000,2118.28,2118.28,2118.28,2118.28,0.0023,2026-03-15 12:05:00
1773576600000,2116.64,2116.64,2116.64,2116.64,0.0024,2026-03-15 12:10:00
1773576900000,2117.97,2117.97,2117.97,2117.97,0.2323,2026-03-15 12:15:00
1773577200000,2117.97,2117.97,2117.97,2117.97,0.0,2026-03-15 12:20:00
1773577500000,2115.77,2116.52,2115.43,2116.52,3.5286,2026-03-15 12:25:00
1773577800000,2116.27,2116.27,2116.27,2116.27,0.0033,2026-03-15 12:30:00
1773578100000,2116.27,2116.27,2116.27,2116.27,0.0,2026-03-15 12:35:00
1773578400000,2112.77,2112.77,2111.82,2111.82,0.9534,2026-03-15 12:40:00
1773578700000,2111.82,2111.82,2111.82,2111.82,0.0,2026-03-15 12:45:00
1773579000000,2108.86,2108.86,2108.72,2108.72,0.8968,2026-03-15 12:50:00
1773579300000,2109.49,2109.49,2109.48,2109.48,0.0157,2026-03-15 12:55:00
1773579600000,2110.78,2112.14,2110.78,2112.14,0.0927,2026-03-15 13:00:00
1773579900000,2111.2,2111.2,2096.51,2096.51,0.9938,2026-03-15 13:05:00
1773580200000,2097.05,2098.31,2092.82,2098.31,0.512,2026-03-15 13:10:00
1773580500000,2096.47,2096.87,2090.03,2090.03,0.7906,2026-03-15 13:15:00
1773580800000,2092.16,2092.16,2092.16,2092.16,0.0476,2026-03-15 13:20:00
1773581100000,2095.05,2095.05,2095.05,2095.05,0.0151,2026-03-15 13:25:00
1773581400000,2094.15,2094.15,2090.6,2091.14,1.2255,2026-03-15 13:30:00
1773581700000,2092.46,2092.78,2087.99,2089.56,0.6096,2026-03-15 13:35:00
1773582000000,2088.66,2090.06,2088.66,2090.06,0.8634,2026-03-15 13:40:00
1773582300000,2090.06,2094.35,2090.06,2093.96,0.0217,2026-03-15 13:45:00
1773582600000,2095.31,2096.12,2095.31,2096.12,0.0056,2026-03-15 13:50:00
1773582900000,2094.89,2097.49,2094.89,2097.49,0.0531,2026-03-15 13:55:00
1773583200000,2097.55,2098.71,2096.6,2096.6,0.7716,2026-03-15 14:00:00
1773583500000,2096.37,2096.95,2096.37,2096.95,0.0595,2026-03-15 14:05:00
1773583800000,2097.01,2097.01,2094.56,2096.09,0.046,2026-03-15 14:10:00
1773584100000,2094.43,2094.43,2094.43,2094.43,0.0047,2026-03-15 14:15:00
1773584400000,2094.43,2094.43,2094.43,2094.43,0.0,2026-03-15 14:20:00
1773584700000,2092.24,2093.39,2092.24,2093.39,0.0677,2026-03-15 14:25:00
1773585000000,2093.39,2093.39,2093.39,2093.39,0.0,2026-03-15 14:30:00
1773585300000,2090.87,2090.87,2090.87,2090.87,0.9,2026-03-15 14:35:00
1773585600000,2091.83,2091.83,2091.83,2091.83,0.4269,2026-03-15 14:40:00
1773585900000,2092.28,2092.28,2092.28,2092.28,0.0477,2026-03-15 14:45:00
1773586200000,2094.23,2094.23,2094.23,2094.23,0.2293,2026-03-15 14:50:00
1773586500000,2095.08,2095.08,2095.08,2095.08,1.0,2026-03-15 14:55:00
1773586800000,2096.18,2096.18,2094.71,2094.71,0.3123,2026-03-15 15:00:00
1773587100000,2094.61,2094.61,2092.51,2093.31,0.2676,2026-03-15 15:05:00
1773587400000,2094.01,2094.81,2094.01,2094.07,0.1142,2026-03-15 15:10:00
1773587700000,2093.62,2093.62,2092.75,2092.75,0.5022,2026-03-15 15:15:00
1773588000000,2093.58,2094.74,2093.58,2094.74,0.2919,2026-03-15 15:20:00
1773588300000,2094.75,2094.75,2093.5,2093.5,23.1649,2026-03-15 15:25:00
1773588600000,2090.56,2093.85,2090.56,2093.85,0.0037,2026-03-15 15:30:00
1773588900000,2093.85,2093.85,2093.85,2093.85,0.0,2026-03-15 15:35:00
1773589200000,2093.07,2093.26,2093.07,2093.26,0.0182,2026-03-15 15:40:00
1773589500000,2093.26,2093.26,2093.26,2093.26,0.0,2026-03-15 15:45:00
1773589800000,2095.13,2095.14,2095.13,2095.14,0.0314,2026-03-15 15:50:00
1773590100000,2094.74,2095.32,2094.74,2095.32,0.9569,2026-03-15 15:55:00
1773590400000,2093.92,2093.92,2093.47,2093.47,0.1441,2026-03-15 16:00:00
1773590700000,2096.4,2098.88,2096.4,2097.94,0.0683,2026-03-15 16:05:00
1773591000000,2097.43,2097.44,2096.92,2097.38,0.0361,2026-03-15 16:10:00
1773591300000,2098.16,2098.29,2089.97,2090.43,0.4621,2026-03-15 16:15:00
1773591600000,2090.43,2090.43,2090.43,2090.43,0.0,2026-03-15 16:20:00
1773591900000,2092.49,2092.49,2092.49,2092.49,0.3094,2026-03-15 16:25:00
1773592200000,2092.1,2092.1,2091.92,2091.92,1.6002,2026-03-15 16:30:00
1773592500000,2092.59,2092.59,2092.59,2092.59,0.0052,2026-03-15 16:35:00
1773592800000,2093.76,2093.76,2093.76,2093.76,0.493,2026-03-15 16:40:00
1773593100000,2094.27,2094.27,2092.73,2092.73,0.0139,2026-03-15 16:45:00
1773593400000,2092.73,2092.73,2092.73,2092.73,0.0,2026-03-15 16:50:00
1773593700000,2092.73,2092.73,2092.73,2092.73,0.0,2026-03-15 16:55:00
1773594000000,2091.32,2095.82,2091.32,2095.26,0.083,2026-03-15 17:00:00
1773594300000,2095.58,2096.2,2095.36,2096.08,0.1894,2026-03-15 17:05:00
1773594600000,2095.5,2095.5,2095.42,2095.42,0.0309,2026-03-15 17:10:00
1773594900000,2094.9,2094.9,2094.9,2094.9,0.0476,2026-03-15 17:15:00
1773595200000,2095.53,2096.21,2095.53,2096.21,0.1333,2026-03-15 17:20:00
1773595500000,2096.17,2096.17,2095.67,2095.67,0.0495,2026-03-15 17:25:00
1773595800000,2094.05,2094.05,2094.05,2094.05,0.1433,2026-03-15 17:30:00
1773596100000,2096.33,2096.69,2096.33,2096.69,0.1454,2026-03-15 17:35:00
1773596400000,2096.69,2096.69,2096.69,2096.69,0.0,2026-03-15 17:40:00
1773596700000,2096.69,2096.69,2096.69,2096.69,0.0,2026-03-15 17:45:00
1773597000000,2098.68,2117.32,2098.68,2117.32,2.9915,2026-03-15 17:50:00
1773597300000,2117.46,2117.46,2110.63,2110.63,0.0253,2026-03-15 17:55:00
1773597600000,2111.63,2113.4,2109.43,2110.71,0.3785,2026-03-15 18:00:00
1773597900000,2109.89,2110.92,2109.89,2110.0,0.1095,2026-03-15 18:05:00
1773598200000,2109.85,2109.85,2109.0,2109.18,0.0438,2026-03-15 18:10:00
1773598500000,2107.97,2107.97,2107.97,2107.97,0.0118,2026-03-15 18:15:00
1773598800000,2110.27,2110.27,2107.05,2107.05,0.2597,2026-03-15 18:20:00
1773599100000,2109.77,2109.83,2108.5,2108.5,0.0406,2026-03-15 18:25:00
1773599400000,2108.5,2108.5,2108.5,2108.5,0.0,2026-03-15 18:30:00
1773599700000,2111.38,2111.38,2111.3,2111.3,0.3568,2026-03-15 18:35:00
1773600000000,2109.77,2111.5,2109.77,2111.5,0.0216,2026-03-15 18:40:00
1773600300000,2109.08,2109.08,2099.83,2100.17,1.5936,2026-03-15 18:45:00
1773600600000,2097.56,2100.42,2097.56,2099.6,0.2568,2026-03-15 18:50:00
1773600900000,2099.6,2099.6,2099.6,2099.6,0.0,2026-03-15 18:55:00
1773601200000,2097.96,2104.44,2097.96,2104.44,0.3696,2026-03-15 19:00:00
1773601500000,2103.77,2105.38,2102.79,2102.79,0.0403,2026-03-15 19:05:00
1773601800000,2103.67,2111.52,2101.99,2110.95,1.9096,2026-03-15 19:10:00
1773602100000,2111.7,2111.7,2109.92,2109.92,0.0201,2026-03-15 19:15:00
1773602400000,2111.0,2111.0,2111.0,2111.0,0.0174,2026-03-15 19:20:00
1773602700000,2112.43,2112.7,2111.59,2111.59,0.0176,2026-03-15 19:25:00
1773603000000,2112.13,2114.31,2110.76,2112.38,0.3132,2026-03-15 19:30:00
1773603300000,2112.38,2112.38,2112.38,2112.38,0.0,2026-03-15 19:35:00
1773603600000,2112.38,2112.38,2112.38,2112.38,0.0,2026-03-15 19:40:00
1773603900000,2112.38,2112.38,2112.38,2112.38,0.0,2026-03-15 19:45:00
1773604200000,2110.27,2110.27,2110.27,2110.27,0.4887,2026-03-15 19:50:00
1773604500000,2112.02,2112.02,2112.02,2112.02,0.253,2026-03-15 19:55:00
1773604800000,2112.23,2112.43,2112.23,2112.43,0.0378,2026-03-15 20:00:00
1773605100000,2112.72,2112.72,2112.72,2112.72,0.0142,2026-03-15 20:05:00
1773605400000,2113.32,2113.34,2112.34,2112.68,0.3233,2026-03-15 20:10:00
1773605700000,2112.33,2113.4,2112.08,2112.08,1.3822,2026-03-15 20:15:00
1773606000000,2111.77,2112.9,2111.65,2112.9,0.24,2026-03-15 20:20:00
1773606300000,2110.53,2114.19,2109.68,2114.19,0.2916,2026-03-15 20:25:00
1773606600000,2114.24,2127.85,2114.24,2126.21,11.388,2026-03-15 20:30:00
1773606900000,2124.7,2138.47,2124.7,2136.91,4.0489,2026-03-15 20:35:00
1773607200000,2137.6,2138.49,2131.29,2131.29,2.1136,2026-03-15 20:40:00
1773607500000,2131.29,2131.29,2131.29,2131.29,0.0,2026-03-15 20:45:00
1773607800000,2129.21,2130.17,2128.84,2130.17,0.2814,2026-03-15 20:50:00
1773608100000,2130.65,2130.65,2130.65,2130.65,0.75,2026-03-15 20:55:00
1773608400000,2129.95,2129.95,2129.95,2129.95,0.0023,2026-03-15 21:00:00
1773608700000,2129.55,2130.09,2125.73,2125.73,1.8259,2026-03-15 21:05:00
1773609000000,2124.67,2124.67,2124.67,2124.67,0.0324,2026-03-15 21:10:00
1773609300000,2124.46,2126.19,2124.46,2126.18,0.5697,2026-03-15 21:15:00
1773609600000,2126.18,2126.18,2126.18,2126.18,0.0,2026-03-15 21:20:00
1773609900000,2131.19,2131.19,2131.19,2131.19,0.0033,2026-03-15 21:25:00
1773610200000,2133.33,2135.0,2132.53,2135.0,0.1869,2026-03-15 21:30:00
1773610500000,2134.97,2144.0,2134.97,2143.86,2.6757,2026-03-15 21:35:00
1773610800000,2137.72,2139.06,2137.72,2138.54,1.4365,2026-03-15 21:40:00
1773611100000,2142.9,2142.9,2138.15,2138.15,0.4866,2026-03-15 21:45:00
1773611400000,2138.26,2138.26,2135.59,2136.68,1.6594,2026-03-15 21:50:00
1773611700000,2137.49,2137.49,2137.49,2137.49,0.0047,2026-03-15 21:55:00
1773612000000,2138.76,2148.23,2137.71,2144.43,2.3373,2026-03-15 22:00:00
1773612300000,2146.96,2146.96,2138.53,2138.53,0.8475,2026-03-15 22:05:00
1773612600000,2135.66,2135.66,2131.1,2131.1,0.4919,2026-03-15 22:10:00
1773612900000,2127.69,2128.52,2125.88,2128.52,0.8011,2026-03-15 22:15:00
1773613200000,2132.58,2132.58,2132.58,2132.58,0.2039,2026-03-15 22:20:00
1773613500000,2132.58,2132.58,2132.58,2132.58,0.0,2026-03-15 22:25:00
1773613800000,2137.71,2155.95,2137.71,2151.96,9.5519,2026-03-15 22:30:00
1773614100000,2152.55,2166.1,2150.44,2164.61,2.8145,2026-03-15 22:35:00
1773614400000,2166.1,2176.87,2166.1,2176.87,5.835,2026-03-15 22:40:00
1773614700000,2179.03,2181.45,2177.12,2177.12,8.6303,2026-03-15 22:45:00
1773615000000,2179.59,2191.26,2179.03,2180.49,5.3708,2026-03-15 22:50:00
1773615300000,2180.33,2185.15,2179.99,2182.43,3.3497,2026-03-15 22:55:00
1773615600000,2189.25,2190.42,2186.97,2190.42,2.1385,2026-03-15 23:00:00
1773615900000,2191.5,2201.08,2190.87,2195.61,27.3086,2026-03-15 23:05:00
1773616200000,2198.7,2201.8,2193.33,2193.33,0.7609,2026-03-15 23:10:00
1773616500000,2197.57,2198.21,2183.16,2185.63,5.5454,2026-03-15 23:15:00
1773616800000,2184.59,2187.68,2175.41,2177.33,2.6777,2026-03-15 23:20:00
1773617100000,2177.13,2177.13,2175.93,2175.93,0.0464,2026-03-15 23:25:00
1773617400000,2175.27,2175.27,2168.87,2168.87,1.4944,2026-03-15 23:30:00
1773617700000,2169.97,2171.55,2166.19,2168.09,1.4988,2026-03-15 23:35:00
1773618000000,2170.31,2180.57,2170.31,2178.05,1.032,2026-03-15 23:40:00
1773618300000,2179.64,2179.64,2176.46,2176.46,1.0777,2026-03-15 23:45:00
1773618600000,2173.5,2173.76,2170.29,2173.76,0.3386,2026-03-15 23:50:00
1773618900000,2175.16,2178.63,2175.16,2178.63,0.288,2026-03-15 23:55:00
1773619200000,2181.71,2186.26,2179.0,2179.0,16.6006,2026-03-16 00:00:00
1773619500000,2184.78,2184.78,2182.08,2182.08,0.2512,2026-03-16 00:05:00
1773619800000,2183.54,2183.55,2175.93,2175.93,1.2081,2026-03-16 00:10:00
1773620100000,2176.34,2179.58,2173.33,2173.33,0.0266,2026-03-16 00:15:00
1773620400000,2172.47,2172.77,2170.5,2171.09,0.3951,2026-03-16 00:20:00
1773620700000,2170.71,2170.71,2167.78,2168.69,1.5878,2026-03-16 00:25:00
1773621000000,2168.72,2169.4,2167.07,2168.51,1.1696,2026-03-16 00:30:00
1773621300000,2171.82,2173.22,2170.91,2171.62,0.0867,2026-03-16 00:35:00
1773621600000,2168.79,2170.29,2166.09,2170.29,0.0143,2026-03-16 00:40:00
1773621900000,2171.94,2171.94,2171.93,2171.94,1.2059,2026-03-16 00:45:00
1773622200000,2173.48,2173.48,2173.48,2173.48,0.0225,2026-03-16 00:50:00
1773622500000,2171.81,2171.81,2171.47,2171.62,0.0083,2026-03-16 00:55:00
1773622800000,2171.7,2171.7,2167.82,2167.82,0.0702,2026-03-16 01:00:00
1773623100000,2168.43,2168.76,2168.43,2168.76,0.2264,2026-03-16 01:05:00
1773623400000,2170.17,2170.31,2170.17,2170.31,0.1262,2026-03-16 01:10:00
1773623700000,2166.67,2166.67,2166.51,2166.51,0.0163,2026-03-16 01:15:00
1773624000000,2173.86,2178.81,2173.86,2178.81,0.3712,2026-03-16 01:20:00
1773624300000,2181.15,2181.15,2181.12,2181.12,0.2737,2026-03-16 01:25:00
1773624600000,2178.73,2178.73,2178.73,2178.73,0.0451,2026-03-16 01:30:00
1773624900000,2179.57,2180.32,2179.57,2180.23,0.7351,2026-03-16 01:35:00
1773625200000,2178.36,2178.56,2178.36,2178.56,1.8433,2026-03-16 01:40:00
1773625500000,2178.56,2178.56,2178.56,2178.56,0.0,2026-03-16 01:45:00
1773625800000,2181.1,2189.18,2181.1,2189.18,0.5149,2026-03-16 01:50:00
1773626100000,2188.44,2188.44,2188.44,2188.44,0.0027,2026-03-16 01:55:00
1773626400000,2186.58,2188.59,2185.33,2188.59,1.3072,2026-03-16 02:00:00
1773626700000,2183.83,2183.83,2183.83,2183.83,0.0027,2026-03-16 02:05:00
1773627000000,2182.72,2183.26,2179.42,2179.42,0.0799,2026-03-16 02:10:00
1773627300000,2180.96,2180.96,2180.96,2180.96,0.0027,2026-03-16 02:15:00
1773627600000,2177.23,2177.23,2177.23,2177.23,0.2392,2026-03-16 02:20:00
1773627900000,2176.35,2176.35,2172.06,2172.74,2.3513,2026-03-16 02:25:00
1773628200000,2171.34,2172.98,2171.34,2172.98,0.2156,2026-03-16 02:30:00
1773628500000,2173.0,2173.0,2173.0,2173.0,0.4933,2026-03-16 02:35:00
1773628800000,2176.35,2176.35,2176.35,2176.35,0.0257,2026-03-16 02:40:00
1773629100000,2176.65,2176.65,2176.65,2176.65,0.2617,2026-03-16 02:45:00
1773629400000,2177.93,2177.93,2177.93,2177.93,0.341,2026-03-16 02:50:00
1773629700000,2177.93,2177.93,2177.93,2177.93,0.0,2026-03-16 02:55:00
1773630000000,2178.69,2179.83,2178.69,2179.83,0.0099,2026-03-16 03:00:00
1773630300000,2181.3,2181.34,2179.91,2181.34,0.9267,2026-03-16 03:05:00
1773630600000,2182.69,2183.14,2182.69,2183.14,0.1194,2026-03-16 03:10:00
1773630900000,2180.88,2184.77,2180.45,2184.77,0.9107,2026-03-16 03:15:00
1773631200000,2187.66,2207.86,2187.66,2207.84,7.3355,2026-03-16 03:20:00
1773631500000,2206.79,2208.97,2200.08,2200.08,0.7608,2026-03-16 03:25:00
1773631800000,2206.76,2246.12,2206.76,2246.12,20.1991,2026-03-16 03:30:00
1773632100000,2243.59,2248.65,2232.81,2244.57,7.0679,2026-03-16 03:35:00
1773632400000,2247.37,2251.65,2236.21,2237.86,33.7478,2026-03-16 03:40:00
1773632700000,2239.82,2242.2,2230.0,2232.19,9.2858,2026-03-16 03:45:00
1773633000000,2235.22,2238.85,2235.22,2238.85,4.1767,2026-03-16 03:50:00
1773633300000,2235.95,2235.95,2235.95,2235.95,0.0045,2026-03-16 03:55:00
1773633600000,2237.6,2243.24,2237.6,2243.24,0.6233,2026-03-16 04:00:00
1773633900000,2240.32,2244.09,2240.32,2243.84,0.2713,2026-03-16 04:05:00
1773634200000,2240.98,2243.11,2240.55,2243.11,0.1613,2026-03-16 04:10:00
1773634500000,2246.25,2249.81,2244.46,2244.46,0.1378,2026-03-16 04:15:00
1773634800000,2244.65,2264.45,2244.5,2253.01,18.9278,2026-03-16 04:20:00
1773635100000,2250.6,2250.6,2246.54,2248.23,2.3612,2026-03-16 04:25:00
1773635400000,2249.45,2258.12,2249.45,2257.56,3.7055,2026-03-16 04:30:00
1773635700000,2253.93,2268.46,2253.93,2265.17,12.5392,2026-03-16 04:35:00
1773636000000,2264.96,2268.85,2262.42,2266.84,4.3463,2026-03-16 04:40:00
1773636300000,2260.78,2267.0,2259.71,2267.0,3.7371,2026-03-16 04:45:00
1773636600000,2268.04,2269.72,2263.34,2268.81,4.6029,2026-03-16 04:50:00
1773636900000,2269.23,2277.15,2262.75,2263.02,6.7885,2026-03-16 04:55:00
1773637200000,2263.79,2263.79,2260.86,2261.19,3.8336,2026-03-16 05:00:00
1773637500000,2259.7,2262.1,2258.26,2262.1,4.4803,2026-03-16 05:05:00
1773637800000,2264.19,2268.65,2264.19,2264.28,2.2536,2026-03-16 05:10:00
1773638100000,2262.91,2262.91,2260.65,2261.47,1.0673,2026-03-16 05:15:00
1773638400000,2265.61,2268.51,2265.61,2268.51,5.7532,2026-03-16 05:20:00
1773638700000,2268.8,2268.8,2267.74,2267.74,0.2372,2026-03-16 05:25:00
1773639000000,2265.61,2265.74,2261.22,2261.22,3.5764,2026-03-16 05:30:00
1773639300000,2260.82,2266.55,2260.82,2265.41,0.9822,2026-03-16 05:35:00
1773639600000,2267.42,2271.32,2267.42,2269.52,0.3367,2026-03-16 05:40:00
1773639900000,2270.26,2275.02,2268.57,2274.15,4.7322,2026-03-16 05:45:00
1773640200000,2272.41,2273.72,2269.97,2272.54,3.294,2026-03-16 05:50:00
1773640500000,2277.3,2286.92,2277.3,2282.41,3.632,2026-03-16 05:55:00
1773640800000,2279.87,2279.87,2269.72,2269.72,1.7534,2026-03-16 06:00:00
1773641100000,2268.52,2268.53,2263.61,2263.73,3.0331,2026-03-16 06:05:00
1773641400000,2264.56,2265.5,2260.98,2261.53,3.6144,2026-03-16 06:10:00
1773641700000,2263.32,2267.13,2263.32,2267.13,0.4059,2026-03-16 06:15:00
1773642000000,2265.72,2265.72,2265.71,2265.71,0.0085,2026-03-16 06:20:00
1773642300000,2266.06,2266.06,2266.04,2266.04,1.7759,2026-03-16 06:25:00
1773642600000,2266.04,2266.04,2266.04,2266.04,0.0,2026-03-16 06:30:00
1773642900000,2265.79,2265.79,2265.79,2265.79,0.0249,2026-03-16 06:35:00
1773643200000,2266.23,2270.84,2265.0,2268.0,29.8756,2026-03-16 06:40:00
1773643500000,2264.66,2264.66,2264.17,2264.18,12.4108,2026-03-16 06:45:00
1773643800000,2263.1,2263.1,2262.56,2262.79,0.3331,2026-03-16 06:50:00
1773644100000,2262.79,2262.79,2262.79,2262.79,0.0,2026-03-16 06:55:00
1773644400000,2261.33,2267.13,2261.33,2267.13,0.8654,2026-03-16 07:00:00
1773644700000,2266.31,2266.93,2266.31,2266.93,0.01,2026-03-16 07:05:00
1773645000000,2268.22,2268.22,2266.99,2266.99,0.2604,2026-03-16 07:10:00
1773645300000,2261.33,2262.11,2261.22,2262.11,0.267,2026-03-16 07:15:00
1773645600000,2267.53,2267.77,2267.14,2267.14,0.4469,2026-03-16 07:20:00
1773645900000,2266.48,2266.48,2266.48,2266.48,0.011,2026-03-16 07:25:00
1773646200000,2267.23,2267.23,2263.97,2263.97,0.0052,2026-03-16 07:30:00
1773646500000,2259.76,2259.76,2251.0,2251.0,2.8176,2026-03-16 07:35:00
1773646800000,2252.93,2252.93,2252.93,2252.93,0.0222,2026-03-16 07:40:00
1773647100000,2252.93,2252.93,2252.93,2252.93,0.0,2026-03-16 07:45:00
1773647400000,2250.9,2250.9,2246.69,2246.69,0.5123,2026-03-16 07:50:00
1773647700000,2246.69,2246.69,2246.69,2246.69,0.0,2026-03-16 07:55:00
1773648000000,2251.01,2255.81,2251.01,2253.75,6.9593,2026-03-16 08:00:00
1773648300000,2257.31,2259.02,2257.31,2257.48,1.0717,2026-03-16 08:05:00
1773648600000,2253.88,2253.88,2251.02,2251.02,0.2118,2026-03-16 08:10:00
1773648900000,2250.22,2252.49,2246.42,2252.49,0.0701,2026-03-16 08:15:00
1773649200000,2252.85,2256.39,2252.85,2256.39,0.0508,2026-03-16 08:20:00
1773649500000,2255.3,2255.3,2255.3,2255.3,0.0244,2026-03-16 08:25:00
1773649800000,2251.47,2251.47,2251.47,2251.47,0.4743,2026-03-16 08:30:00
1773650100000,2244.57,2244.57,2242.64,2242.64,1.0408,2026-03-16 08:35:00
1773650400000,2243.33,2244.42,2238.25,2238.25,1.4878,2026-03-16 08:40:00
1773650700000,2237.21,2242.13,2236.33,2241.66,0.5186,2026-03-16 08:45:00
1773651000000,2240.97,2240.97,2240.97,2240.97,0.2374,2026-03-16 08:50:00
1773651300000,2240.97,2240.97,2240.97,2240.97,0.0,2026-03-16 08:55:00
1773651600000,2243.78,2244.02,2243.19,2243.19,1.3804,2026-03-16 09:00:00
1773651900000,2243.19,2243.19,2243.19,2243.19,0.0,2026-03-16 09:05:00
1773652200000,2243.19,2243.19,2243.19,2243.19,0.0,2026-03-16 09:10:00
1773652500000,2247.93,2248.28,2247.93,2248.18,0.4415,2026-03-16 09:15:00
1773652800000,2247.68,2250.0,2247.46,2250.0,0.3507,2026-03-16 09:20:00
1773653100000,2251.47,2255.72,2251.47,2255.72,6.3461,2026-03-16 09:25:00
1773653400000,2251.94,2255.27,2251.94,2253.17,6.642,2026-03-16 09:30:00
1773653700000,2253.17,2253.17,2253.17,2253.17,0.0,2026-03-16 09:35:00
1773654000000,2253.17,2253.17,2253.17,2253.17,0.0,2026-03-16 09:40:00
1773654300000,2253.17,2264.32,2253.17,2264.32,0.8301,2026-03-16 09:45:00
1773654600000,2263.59,2264.92,2263.59,2264.92,0.3339,2026-03-16 09:50:00
1773654900000,2264.92,2264.92,2264.92,2264.92,0.0,2026-03-16 09:55:00
1773655200000,2262.34,2266.52,2262.34,2266.52,0.79,2026-03-16 10:00:00
1773655500000,2265.66,2268.85,2265.5,2267.55,1.9099,2026-03-16 10:05:00
1773655800000,2267.55,2267.55,2267.55,2267.55,0.0,2026-03-16 10:10:00
1773656100000,2266.43,2267.18,2266.43,2267.18,0.6491,2026-03-16 10:15:00
1773656400000,2269.72,2271.53,2269.72,2271.53,0.3219,2026-03-16 10:20:00
1773656700000,2271.53,2271.53,2271.53,2271.53,0.0,2026-03-16 10:25:00
1773657000000,2259.54,2260.25,2259.54,2260.25,0.2577,2026-03-16 10:30:00
1773657300000,2257.82,2257.82,2256.61,2257.3,0.4889,2026-03-16 10:35:00
1773657600000,2257.3,2257.3,2257.3,2257.3,0.0,2026-03-16 10:40:00
1773657900000,2259.24,2263.87,2259.24,2263.87,0.4597,2026-03-16 10:45:00
1773658200000,2263.87,2263.87,2263.87,2263.87,0.0,2026-03-16 10:50:00
1773658500000,2275.25,2277.3,2275.25,2277.3,0.3722,2026-03-16 10:55:00
1773658800000,2277.67,2280.11,2276.46,2276.75,0.7743,2026-03-16 11:00:00
1773659100000,2275.82,2275.82,2275.8,2275.8,0.2429,2026-03-16 11:05:00
1773659400000,2277.15,2277.15,2276.34,2276.34,0.3536,2026-03-16 11:10:00
1773659700000,2274.16,2279.16,2274.16,2279.16,0.0694,2026-03-16 11:15:00
1773660000000,2270.14,2270.14,2270.14,2270.14,0.0013,2026-03-16 11:20:00
1773660300000,2270.14,2270.14,2270.14,2270.14,0.0,2026-03-16 11:25:00
1773660600000,2268.66,2269.78,2268.66,2269.78,0.489,2026-03-16 11:30:00
1773660900000,2268.0,2268.0,2268.0,2268.0,1.0,2026-03-16 11:35:00
1773661200000,2270.12,2271.95,2270.12,2271.03,0.9066,2026-03-16 11:40:00
1773661500000,2273.14,2273.14,2273.14,2273.14,0.4613,2026-03-16 11:45:00
1773661800000,2273.15,2273.15,2271.81,2271.81,2.258,2026-03-16 11:50:00
1773662100000,2271.24,2271.24,2271.24,2271.24,0.009,2026-03-16 11:55:00
1773662400000,2269.88,2291.24,2269.88,2279.64,4.0998,2026-03-16 12:00:00
1773662700000,2280.0,2280.69,2275.68,2277.58,2.8578,2026-03-16 12:05:00
1773663000000,2276.84,2279.39,2273.72,2279.39,1.4507,2026-03-16 12:10:00
1773663300000,2278.68,2286.4,2278.68,2286.4,3.8633,2026-03-16 12:15:00
1773663600000,2290.39,2296.0,2285.21,2286.25,7.4862,2026-03-16 12:20:00
1773663900000,2286.77,2303.12,2283.24,2301.0,15.2986,2026-03-16 12:25:00
1773664200000,2293.99,2298.85,2292.84,2292.84,5.7356,2026-03-16 12:30:00
1773664500000,2290.75,2290.75,2287.02,2288.06,0.2498,2026-03-16 12:35:00
1773664800000,2287.51,2288.05,2282.31,2283.67,0.4372,2026-03-16 12:40:00
1773665100000,2283.1,2283.6,2278.33,2278.48,1.1766,2026-03-16 12:45:00
1773665400000,2279.85,2279.85,2279.85,2279.85,0.2283,2026-03-16 12:50:00
1773665700000,2279.92,2279.92,2279.51,2279.51,0.0241,2026-03-16 12:55:00
1773666000000,2280.13,2280.13,2277.76,2279.1,3.519,2026-03-16 13:00:00
1773666300000,2281.81,2281.81,2276.02,2276.02,0.1301,2026-03-16 13:05:00
1773666600000,2274.17,2279.11,2273.64,2279.11,3.7158,2026-03-16 13:10:00
1773666900000,2280.53,2280.53,2275.54,2275.54,1.0234,2026-03-16 13:15:00
1773667200000,2276.0,2282.33,2276.0,2282.33,0.4537,2026-03-16 13:20:00
1773667500000,2282.33,2282.33,2282.33,2282.33,0.0,2026-03-16 13:25:00
1773667800000,2279.91,2297.14,2279.91,2297.14,3.1626,2026-03-16 13:30:00
1773668100000,2295.82,2299.0,2290.19,2294.6,3.5364,2026-03-16 13:35:00
1773668400000,2298.8,2309.0,2288.73,2291.63,26.7638,2026-03-16 13:40:00
1773668700000,2291.75,2302.0,2291.75,2298.0,7.4538,2026-03-16 13:45:00
1773669000000,2291.61,2292.0,2277.13,2277.13,23.7663,2026-03-16 13:50:00
1773669300000,2278.92,2286.59,2278.39,2286.59,0.9462,2026-03-16 13:55:00
1773669600000,2286.11,2298.88,2286.11,2294.77,18.6524,2026-03-16 14:00:00
1773669900000,2293.87,2302.18,2293.84,2302.18,1.6457,2026-03-16 14:05:00
1773670200000,2301.98,2304.22,2295.49,2298.29,1.7077,2026-03-16 14:10:00
1773670500000,2297.68,2297.72,2294.18,2294.18,0.4727,2026-03-16 14:15:00
1773670800000,2294.18,2294.18,2294.18,2294.18,0.0,2026-03-16 14:20:00
1773671100000,2293.99,2293.99,2281.08,2281.08,5.1033,2026-03-16 14:25:00
1773671400000,2278.66,2281.0,2260.0,2267.39,27.7424,2026-03-16 14:30:00
1773671700000,2267.74,2271.64,2257.25,2264.25,1.3482,2026-03-16 14:35:00
1773672000000,2266.39,2266.39,2256.14,2264.05,5.9561,2026-03-16 14:40:00
1773672300000,2263.56,2265.01,2261.97,2265.01,0.2513,2026-03-16 14:45:00
1773672600000,2259.91,2270.42,2259.65,2270.42,1.1317,2026-03-16 14:50:00
1773672900000,2272.21,2290.6,2272.21,2283.4,0.7995,2026-03-16 14:55:00
1773673200000,2290.1,2290.1,2281.0,2283.63,16.5448,2026-03-16 15:00:00
1773673500000,2284.72,2286.53,2277.88,2286.53,1.3864,2026-03-16 15:05:00
1773673800000,2287.01,2292.42,2284.19,2292.42,2.5812,2026-03-16 15:10:00
1773674100000,2285.71,2289.16,2283.57,2289.16,1.6355,2026-03-16 15:15:00
1773674400000,2291.91,2292.99,2291.91,2291.96,0.5018,2026-03-16 15:20:00
1773674700000,2290.94,2290.94,2290.66,2290.66,0.496,2026-03-16 15:25:00
1773675000000,2294.57,2297.14,2288.53,2288.53,0.5987,2026-03-16 15:30:00
1773675300000,2288.13,2290.83,2285.78,2286.17,6.9433,2026-03-16 15:35:00
1773675600000,2283.72,2285.55,2283.39,2284.98,0.8279,2026-03-16 15:40:00
1773675900000,2285.88,2285.88,2283.42,2284.48,0.3216,2026-03-16 15:45:00
1773676200000,2281.09,2281.09,2274.88,2274.88,1.1293,2026-03-16 15:50:00
1773676500000,2274.79,2274.79,2270.01,2270.01,0.4636,2026-03-16 15:55:00
1773676800000,2272.87,2274.47,2270.61,2273.08,1.5544,2026-03-16 16:00:00
1773677100000,2279.29,2279.33,2278.73,2278.73,0.4061,2026-03-16 16:05:00
1773677400000,2277.78,2277.78,2277.16,2277.16,0.5293,2026-03-16 16:10:00
1773677700000,2280.6,2287.0,2280.13,2284.43,2.094,2026-03-16 16:15:00
1773678000000,2284.0,2284.0,2282.67,2282.67,40.0057,2026-03-16 16:20:00
1773678300000,2277.9,2282.84,2277.9,2282.84,1.4478,2026-03-16 16:25:00
1773678600000,2281.77,2283.63,2278.78,2282.82,2.3235,2026-03-16 16:30:00
1773678900000,2282.62,2284.28,2282.62,2284.28,0.4817,2026-03-16 16:35:00
1773679200000,2285.77,2291.7,2285.77,2291.7,0.808,2026-03-16 16:40:00
1773679500000,2290.5,2295.29,2290.5,2295.29,3.518,2026-03-16 16:45:00
1773679800000,2295.3,2297.14,2295.3,2297.14,1.0563,2026-03-16 16:50:00
1773680100000,2295.01,2299.62,2294.86,2299.62,1.4964,2026-03-16 16:55:00
1773680400000,2296.25,2302.96,2294.22,2299.36,2.0629,2026-03-16 17:00:00
1773680700000,2301.63,2307.33,2300.04,2300.04,0.8967,2026-03-16 17:05:00
1773681000000,2303.33,2307.54,2303.33,2307.54,4.6398,2026-03-16 17:10:00
1773681300000,2304.12,2304.12,2301.04,2304.08,0.6724,2026-03-16 17:15:00
1773681600000,2302.05,2304.09,2302.05,2304.09,0.6948,2026-03-16 17:20:00
1773681900000,2302.84,2302.84,2300.99,2300.99,0.5348,2026-03-16 17:25:00
1773682200000,2303.04,2314.34,2303.04,2306.33,3.1691,2026-03-16 17:30:00
1773682500000,2306.62,2312.44,2305.98,2312.44,1.5729,2026-03-16 17:35:00
1773682800000,2311.24,2314.04,2311.0,2314.04,0.6574,2026-03-16 17:40:00
1773683100000,2313.0,2321.66,2313.0,2316.24,2.3593,2026-03-16 17:45:00
1773683400000,2315.91,2315.91,2308.75,2312.44,1.0035,2026-03-16 17:50:00
1773683700000,2311.92,2314.75,2311.92,2314.17,0.7783,2026-03-16 17:55:00
1773684000000,2315.63,2317.55,2315.63,2317.55,0.0907,2026-03-16 18:00:00
1773684300000,2317.35,2337.13,2315.89,2337.13,5.5408,2026-03-16 18:05:00
1773684600000,2334.89,2342.07,2329.48,2335.09,8.4713,2026-03-16 18:10:00
1773684900000,2335.23,2338.88,2334.08,2338.65,9.3644,2026-03-16 18:15:00
1773685200000,2332.03,2336.61,2331.72,2335.55,1.1338,2026-03-16 18:20:00
1773685500000,2342.96,2346.89,2333.67,2335.96,1.508,2026-03-16 18:25:00
1773685800000,2336.04,2342.16,2335.35,2341.49,1.2931,2026-03-16 18:30:00
1773686100000,2344.68,2344.85,2334.48,2335.25,1.5951,2026-03-16 18:35:00
1773686400000,2337.73,2338.79,2337.73,2338.79,0.9883,2026-03-16 18:40:00
1773686700000,2339.48,2339.48,2334.33,2334.33,0.403,2026-03-16 18:45:00
1773687000000,2335.02,2335.02,2325.15,2325.15,3.2621,2026-03-16 18:50:00
1773687300000,2324.01,2324.01,2321.36,2321.36,0.5578,2026-03-16 18:55:00
1773687600000,2320.76,2327.02,2318.86,2321.49,1.197,2026-03-16 19:00:00
1773687900000,2323.06,2344.05,2323.06,2344.05,3.0088,2026-03-16 19:05:00
1773688200000,2345.7,2347.53,2334.41,2334.41,3.3489,2026-03-16 19:10:00
1773688500000,2337.6,2340.63,2331.98,2331.98,1.3612,2026-03-16 19:15:00
1773688800000,2330.89,2332.46,2330.89,2332.46,0.6645,2026-03-16 19:20:00
1773689100000,2326.85,2332.0,2325.15,2332.0,1.0502,2026-03-16 19:25:00
1773689400000,2334.1,2336.29,2334.1,2335.42,0.0661,2026-03-16 19:30:00
1773689700000,2333.14,2333.14,2329.58,2330.2,5.9509,2026-03-16 19:35:00
1773690000000,2335.52,2335.52,2335.52,2335.52,0.0427,2026-03-16 19:40:00
1773690300000,2330.43,2330.43,2325.15,2327.99,2.2114,2026-03-16 19:45:00
1773690600000,2330.35,2330.96,2327.41,2328.25,0.7713,2026-03-16 19:50:00
1773690900000,2330.49,2330.49,2330.49,2330.49,0.2199,2026-03-16 19:55:00
1773691200000,2329.78,2329.78,2327.29,2327.29,0.4407,2026-03-16 20:00:00
1773691500000,2325.28,2326.45,2324.6,2326.45,1.1588,2026-03-16 20:05:00
1773691800000,2327.08,2327.08,2327.08,2327.08,0.0086,2026-03-16 20:10:00
1773692100000,2325.44,2325.44,2325.44,2325.44,0.005,2026-03-16 20:15:00
1773692400000,2325.44,2325.44,2325.44,2325.44,0.0,2026-03-16 20:20:00
1773692700000,2329.86,2332.87,2329.86,2331.65,0.2675,2026-03-16 20:25:00
1773693000000,2331.66,2335.79,2331.66,2335.59,0.7866,2026-03-16 20:30:00
1773693300000,2336.13,2341.92,2334.91,2341.88,1.1348,2026-03-16 20:35:00
1773693600000,2340.99,2340.99,2337.64,2337.64,0.3762,2026-03-16 20:40:00
1773693900000,2341.33,2341.33,2341.33,2341.33,0.2938,2026-03-16 20:45:00
1773694200000,2343.19,2346.91,2342.54,2344.3,2.1237,2026-03-16 20:50:00
1773694500000,2346.45,2346.45,2346.45,2346.45,0.02,2026-03-16 20:55:00
1773694800000,2346.26,2358.47,2345.0,2356.27,41.6125,2026-03-16 21:00:00
1773695100000,2355.0,2357.46,2347.42,2348.24,3.9516,2026-03-16 21:05:00
1773695400000,2347.98,2351.96,2347.98,2349.88,3.9245,2026-03-16 21:10:00
1773695700000,2351.43,2352.7,2347.93,2348.61,2.4578,2026-03-16 21:15:00
1773696000000,2349.74,2350.6,2345.34,2350.6,8.0322,2026-03-16 21:20:00
1773696300000,2348.36,2348.36,2348.36,2348.36,0.0042,2026-03-16 21:25:00
1773696600000,2347.22,2352.7,2347.22,2352.61,2.3838,2026-03-16 21:30:00
1773696900000,2358.52,2375.65,2358.52,2360.19,13.8156,2026-03-16 21:35:00
1773697200000,2363.81,2363.81,2358.64,2361.11,12.3254,2026-03-16 21:40:00
1773697500000,2362.0,2365.13,2359.67,2365.13,1.8244,2026-03-16 21:45:00
1773697800000,2367.88,2369.74,2363.42,2363.99,0.265,2026-03-16 21:50:00
1773698100000,2361.01,2363.21,2358.05,2363.21,1.0324,2026-03-16 21:55:00
1773698400000,2365.33,2372.87,2365.33,2372.87,1.8997,2026-03-16 22:00:00
1773698700000,2371.95,2385.0,2371.95,2379.41,6.4076,2026-03-16 22:05:00
1773699000000,2380.76,2380.76,2375.82,2375.82,2.4922,2026-03-16 22:10:00
1773699300000,2370.71,2370.71,2370.71,2370.71,0.084,2026-03-16 22:15:00
1773699600000,2370.22,2370.22,2358.29,2360.75,1.6644,2026-03-16 22:20:00
1773699900000,2358.76,2360.97,2355.41,2360.32,1.679,2026-03-16 22:25:00
1773700200000,2359.39,2364.45,2359.39,2360.01,5.9232,2026-03-16 22:30:00
1773700500000,2361.05,2366.04,2361.05,2366.04,0.265,2026-03-16 22:35:00
1773700800000,2364.05,2366.15,2364.05,2365.84,0.3185,2026-03-16 22:40:00
1773701100000,2369.5,2369.5,2366.62,2367.3,0.2152,2026-03-16 22:45:00
1773701400000,2366.03,2366.67,2359.63,2359.63,1.3382,2026-03-16 22:50:00
1773701700000,2358.45,2358.58,2356.83,2357.9,2.1642,2026-03-16 22:55:00
1773702000000,2354.72,2354.72,2344.18,2344.18,4.9563,2026-03-16 23:00:00
1773702300000,2344.18,2347.33,2331.98,2332.37,3.3435,2026-03-16 23:05:00
1773702600000,2334.73,2334.73,2334.73,2334.73,0.0034,2026-03-16 23:10:00
1773702900000,2334.73,2334.73,2334.73,2334.73,0.0,2026-03-16 23:15:00
1773703200000,2340.6,2343.01,2338.47,2343.01,0.5571,2026-03-16 23:20:00
1773703500000,2346.04,2351.54,2346.04,2351.54,1.6908,2026-03-16 23:25:00
1773703800000,2352.99,2357.59,2352.83,2357.59,1.6391,2026-03-16 23:30:00
1773704100000,2354.53,2355.56,2354.53,2355.49,1.1196,2026-03-16 23:35:00
1773704400000,2355.6,2358.07,2355.6,2358.07,0.0203,2026-03-16 23:40:00
1773704700000,2358.68,2360.19,2353.4,2353.4,1.0138,2026-03-16 23:45:00
1773705000000,2353.74,2353.74,2348.83,2348.83,0.2797,2026-03-16 23:50:00
1773705300000,2351.81,2351.81,2351.45,2351.45,0.0055,2026-03-16 23:55:00
1773705600000,2352.49,2352.49,2341.83,2342.23,2.449,2026-03-17 00:00:00
1773705900000,2343.67,2350.1,2343.67,2348.24,1.967,2026-03-17 00:05:00
1773706200000,2351.28,2371.29,2350.32,2366.54,9.6158,2026-03-17 00:10:00
1773706500000,2370.95,2374.42,2362.57,2365.46,2.8044,2026-03-17 00:15:00
1773706800000,2361.21,2361.21,2348.09,2348.09,1.3057,2026-03-17 00:20:00
1773707100000,2346.04,2353.05,2343.73,2353.05,0.1104,2026-03-17 00:25:00
1773707400000,2356.1,2365.89,2356.1,2363.31,2.1478,2026-03-17 00:30:00
1773707700000,2364.48,2364.48,2354.31,2354.34,0.779,2026-03-17 00:35:00
1773708000000,2352.69,2356.02,2349.77,2356.02,0.855,2026-03-17 00:40:00
1773708300000,2353.55,2356.66,2353.55,2355.16,0.0424,2026-03-17 00:45:00
1773708600000,2350.82,2350.82,2347.65,2350.0,0.6026,2026-03-17 00:50:00
1773708900000,2348.62,2356.5,2348.62,2356.5,0.0081,2026-03-17 00:55:00
1773709200000,2356.5,2356.5,2348.52,2348.52,3.4551,2026-03-17 01:00:00
1773709500000,2352.84,2360.77,2352.6,2360.77,0.5793,2026-03-17 01:05:00
1773709800000,2367.69,2373.46,2362.54,2362.54,5.7222,2026-03-17 01:10:00
1773710100000,2367.15,2367.15,2361.94,2362.73,0.2362,2026-03-17 01:15:00
1773710400000,2363.86,2364.86,2358.49,2360.69,1.6643,2026-03-17 01:20:00
1773710700000,2361.2,2365.96,2361.2,2364.58,0.1305,2026-03-17 01:25:00
1773711000000,2362.98,2366.09,2359.78,2365.0,26.6385,2026-03-17 01:30:00
1773711300000,2369.03,2374.42,2366.89,2366.89,9.194,2026-03-17 01:35:00
1773711600000,2363.09,2364.04,2351.91,2357.8,8.0562,2026-03-17 01:40:00
1773711900000,2358.92,2364.3,2358.92,2363.72,0.0158,2026-03-17 01:45:00
1773712200000,2361.88,2361.88,2357.83,2357.83,1.6557,2026-03-17 01:50:00
1773712500000,2361.15,2361.15,2361.15,2361.15,0.2472,2026-03-17 01:55:00
1773712800000,2359.12,2359.46,2358.08,2358.12,1.1197,2026-03-17 02:00:00
1773713100000,2358.31,2358.31,2350.0,2350.0,22.5873,2026-03-17 02:05:00
1773713400000,2348.09,2349.26,2346.04,2349.26,2.4985,2026-03-17 02:10:00
1773713700000,2349.71,2349.71,2345.42,2345.42,0.8304,2026-03-17 02:15:00
1773714000000,2346.33,2346.33,2346.33,2346.33,0.0214,2026-03-17 02:20:00
1773714300000,2346.33,2346.33,2346.33,2346.33,0.0,2026-03-17 02:25:00
1773714600000,2348.63,2351.22,2348.63,2351.22,1.3536,2026-03-17 02:30:00
1773714900000,2353.81,2355.52,2353.81,2355.52,0.0222,2026-03-17 02:35:00
1773715200000,2360.19,2360.19,2357.42,2358.94,0.786,2026-03-17 02:40:00
1773715500000,2356.13,2360.5,2356.13,2357.99,2.8548,2026-03-17 02:45:00
1773715800000,2357.99,2357.99,2357.99,2357.99,0.0,2026-03-17 02:50:00
1773716100000,2355.12,2355.74,2354.03,2354.03,0.125,2026-03-17 02:55:00
1773716400000,2351.79,2355.61,2351.79,2355.61,0.5402,2026-03-17 03:00:00
1773716700000,2352.51,2352.51,2352.51,2352.51,0.0613,2026-03-17 03:05:00
1773717000000,2348.32,2348.6,2343.07,2343.07,1.4783,2026-03-17 03:10:00
1773717300000,2342.52,2342.52,2341.48,2342.44,1.1851,2026-03-17 03:15:00
1773717600000,2338.8,2338.8,2336.6,2336.6,2.1368,2026-03-17 03:20:00
1773717900000,2335.94,2337.01,2334.52,2337.01,2.0588,2026-03-17 03:25:00
1773718200000,2335.81,2335.81,2324.98,2324.98,5.2695,2026-03-17 03:30:00
1773718500000,2322.69,2322.69,2318.8,2321.78,0.5824,2026-03-17 03:35:00
1773718800000,2318.5,2318.94,2315.01,2318.94,1.392,2026-03-17 03:40:00
1773719100000,2312.54,2312.79,2309.88,2311.19,3.4697,2026-03-17 03:45:00
1773719400000,2309.72,2317.39,2308.72,2313.13,3.2011,2026-03-17 03:50:00
1773719700000,2313.63,2318.1,2313.63,2318.1,2.0462,2026-03-17 03:55:00
1773720000000,2323.51,2326.56,2320.93,2323.31,4.856,2026-03-17 04:00:00
1773720300000,2323.31,2326.61,2323.31,2326.61,0.368,2026-03-17 04:05:00
1773720600000,2328.22,2328.22,2324.3,2324.3,1.8663,2026-03-17 04:10:00
1773720900000,2326.84,2326.84,2323.26,2323.26,1.6898,2026-03-17 04:15:00
1773721200000,2320.16,2320.16,2305.0,2312.3,38.6011,2026-03-17 04:20:00
1773721500000,2313.32,2313.44,2313.32,2313.44,0.2445,2026-03-17 04:25:00
1773721800000,2312.17,2312.17,2306.01,2308.51,9.184,2026-03-17 04:30:00
1773722100000,2308.77,2313.39,2303.0,2303.0,17.0331,2026-03-17 04:35:00
1773722400000,2303.86,2303.86,2297.48,2303.32,3.3788,2026-03-17 04:40:00
1773722700000,2303.32,2303.32,2303.32,2303.32,0.0,2026-03-17 04:45:00
1773723000000,2303.32,2303.32,2303.32,2303.32,0.0,2026-03-17 04:50:00
1773723300000,2312.21,2313.14,2311.15,2311.15,0.7153,2026-03-17 04:55:00
1773723600000,2310.43,2311.27,2308.03,2311.27,1.3846,2026-03-17 05:00:00
1773723900000,2315.17,2315.74,2312.34,2313.65,0.6243,2026-03-17 05:05:00
1773724200000,2311.94,2315.17,2311.65,2315.17,0.4662,2026-03-17 05:10:00
1773724500000,2313.23,2317.08,2311.77,2317.08,1.2558,2026-03-17 05:15:00
1773724800000,2312.1,2314.88,2311.26,2314.28,2.6622,2026-03-17 05:20:00
1773725100000,2315.22,2317.8,2315.22,2315.76,11.1525,2026-03-17 05:25:00
1773725400000,2315.87,2317.76,2313.03,2313.64,10.2873,2026-03-17 05:30:00
1773725700000,2313.89,2313.91,2308.21,2311.01,2.1498,2026-03-17 05:35:00
1773726000000,2306.68,2306.7,2303.29,2303.29,6.8026,2026-03-17 05:40:00
1773726300000,2301.69,2301.69,2299.35,2299.35,0.443,2026-03-17 05:45:00
1773726600000,2300.25,2308.73,2300.25,2307.13,6.916,2026-03-17 05:50:00
1773726900000,2308.34,2310.08,2304.81,2304.81,1.6086,2026-03-17 05:55:00
1773727200000,2308.85,2308.85,2299.91,2302.25,5.6285,2026-03-17 06:00:00
1773727500000,2301.69,2305.04,2299.73,2304.33,7.2575,2026-03-17 06:05:00
1773727800000,2305.11,2317.5,2303.56,2316.32,7.5033,2026-03-17 06:10:00
1773728100000,2316.29,2316.64,2315.04,2315.8,2.5534,2026-03-17 06:15:00
1773728400000,2314.73,2322.68,2314.73,2320.6,3.9947,2026-03-17 06:20:00
1773728700000,2320.43,2322.4,2318.68,2322.4,1.7787,2026-03-17 06:25:00
1773729000000,2321.34,2324.17,2317.07,2318.62,1.1779,2026-03-17 06:30:00
1773729300000,2319.87,2321.09,2319.56,2321.09,0.9129,2026-03-17 06:35:00
1773729600000,2321.18,2321.4,2310.37,2310.89,1.8001,2026-03-17 06:40:00
1773729900000,2311.37,2312.43,2309.28,2311.32,3.1818,2026-03-17 06:45:00
1773730200000,2312.95,2314.34,2312.95,2313.26,0.9743,2026-03-17 06:50:00
1773730500000,2315.73,2315.73,2313.87,2314.9,6.5047,2026-03-17 06:55:00
1773730800000,2315.28,2320.89,2313.89,2319.34,4.4098,2026-03-17 07:00:00
1773731100000,2320.03,2321.18,2318.05,2318.86,1.6799,2026-03-17 07:05:00
1773731400000,2320.33,2325.45,2320.33,2325.21,1.8127,2026-03-17 07:10:00
1773731700000,2325.13,2335.45,2324.93,2335.45,4.7959,2026-03-17 07:15:00
1773732000000,2334.63,2338.25,2334.63,2336.69,2.0896,2026-03-17 07:20:00
1773732300000,2336.75,2337.21,2335.39,2336.8,0.8304,2026-03-17 07:25:00
1773732600000,2336.06,2336.06,2331.1,2331.43,1.1438,2026-03-17 07:30:00
1773732900000,2332.33,2332.48,2329.61,2331.03,3.3659,2026-03-17 07:35:00
1773733200000,2332.61,2334.17,2328.48,2329.66,1.8852,2026-03-17 07:40:00
1773733500000,2330.19,2332.24,2329.26,2329.81,9.5998,2026-03-17 07:45:00
1773733800000,2328.72,2328.72,2327.28,2327.28,0.4658,2026-03-17 07:50:00
1773734100000,2325.8,2325.82,2324.97,2325.55,1.2156,2026-03-17 07:55:00
1773734400000,2330.73,2334.37,2330.38,2331.38,1.9176,2026-03-17 08:00:00
1773734700000,2330.99,2331.18,2328.27,2328.27,0.8826,2026-03-17 08:05:00
1773735000000,2323.64,2323.64,2320.5,2322.28,2.325,2026-03-17 08:10:00
1773735300000,2322.34,2327.03,2322.34,2327.03,0.6367,2026-03-17 08:15:00
1773735600000,2329.56,2329.56,2329.56,2329.56,0.1687,2026-03-17 08:20:00
1773735900000,2327.24,2327.24,2326.56,2326.56,0.6644,2026-03-17 08:25:00
1773736200000,2326.86,2326.86,2322.93,2322.93,0.4158,2026-03-17 08:30:00
1773736500000,2322.71,2323.64,2321.36,2323.64,0.155,2026-03-17 08:35:00
1773736800000,2323.22,2332.16,2323.18,2330.82,0.595,2026-03-17 08:40:00
1773737100000,2330.82,2330.82,2330.82,2330.82,0.0,2026-03-17 08:45:00
1773737400000,2330.82,2330.82,2330.82,2330.82,0.0457,2026-03-17 08:50:00
1773737700000,2327.25,2327.25,2315.96,2316.86,6.4509,2026-03-17 08:55:00
1773738000000,2323.34,2323.34,2319.53,2319.53,2.2675,2026-03-17 09:00:00
1773738300000,2311.93,2314.0,2311.4,2311.4,0.9099,2026-03-17 09:05:00
1773738600000,2311.4,2311.4,2311.4,2311.4,0.0,2026-03-17 09:10:00
1773738900000,2310.36,2310.36,2308.21,2308.63,2.6244,2026-03-17 09:15:00
1773739200000,2317.55,2317.56,2317.28,2317.56,2.9479,2026-03-17 09:20:00
1773739500000,2320.91,2329.02,2320.6,2320.6,11.4345,2026-03-17 09:25:00
1773739800000,2324.11,2324.11,2324.11,2324.11,0.01,2026-03-17 09:30:00
1773740100000,2321.85,2323.38,2321.85,2323.38,1.8492,2026-03-17 09:35:00
1773740400000,2323.38,2323.38,2323.38,2323.38,0.0,2026-03-17 09:40:00
1773740700000,2323.38,2323.38,2323.38,2323.38,0.0,2026-03-17 09:45:00
1773741000000,2320.23,2320.23,2313.68,2316.01,0.4283,2026-03-17 09:50:00
1773741300000,2312.98,2315.86,2312.35,2315.86,0.0165,2026-03-17 09:55:00
1773741600000,2315.18,2315.18,2315.18,2315.18,0.0021,2026-03-17 10:00:00
1773741900000,2309.83,2309.83,2309.83,2309.83,0.561,2026-03-17 10:05:00
1773742200000,2311.6,2314.82,2311.6,2314.82,0.0234,2026-03-17 10:10:00
1773742500000,2309.43,2309.43,2307.52,2307.52,1.259,2026-03-17 10:15:00
1773742800000,2310.08,2310.08,2310.08,2310.08,0.0033,2026-03-17 10:20:00
1773743100000,2312.38,2312.38,2312.17,2312.17,0.0095,2026-03-17 10:25:00
1773743400000,2312.17,2312.17,2312.17,2312.17,0.0,2026-03-17 10:30:00
1773743700000,2312.17,2312.17,2312.17,2312.17,0.0,2026-03-17 10:35:00
1773744000000,2312.17,2312.17,2312.17,2312.17,0.0,2026-03-17 10:40:00
1773744300000,2312.17,2312.17,2312.17,2312.17,0.0,2026-03-17 10:45:00
1773744600000,2312.17,2312.17,2312.17,2312.17,0.0,2026-03-17 10:50:00
1773744900000,2312.17,2312.17,2312.17,2312.17,0.0,2026-03-17 10:55:00
1773745200000,2313.78,2316.37,2311.94,2316.37,0.0125,2026-03-17 11:00:00
1773745500000,2320.33,2320.33,2320.33,2320.33,0.0043,2026-03-17 11:05:00
1773745800000,2321.8,2322.46,2321.8,2322.46,0.0144,2026-03-17 11:10:00
1773746100000,2325.25,2329.38,2324.62,2329.38,3.5324,2026-03-17 11:15:00
1773746400000,2329.38,2329.38,2329.38,2329.38,0.0,2026-03-17 11:20:00
1773746700000,2331.97,2331.98,2327.69,2327.69,1.6126,2026-03-17 11:25:00
1773747000000,2326.04,2327.02,2326.04,2327.02,0.7194,2026-03-17 11:30:00
1773747300000,2327.02,2327.02,2327.02,2327.02,0.0,2026-03-17 11:35:00
1773747600000,2327.02,2327.02,2327.02,2327.02,0.0,2026-03-17 11:40:00
1773747900000,2327.02,2327.02,2327.02,2327.02,0.0,2026-03-17 11:45:00
1773748200000,2332.27,2332.27,2328.13,2330.26,9.5049,2026-03-17 11:50:00
1773748500000,2326.67,2326.67,2326.67,2326.67,0.0034,2026-03-17 11:55:00
1773748800000,2327.66,2328.29,2327.66,2327.78,0.0248,2026-03-17 12:00:00
1773749100000,2330.55,2330.55,2330.55,2330.55,0.0021,2026-03-17 12:05:00
1773749400000,2331.19,2331.44,2325.83,2326.91,0.6275,2026-03-17 12:10:00
1773749700000,2324.45,2333.7,2324.45,2333.7,0.1691,2026-03-17 12:15:00
1773750000000,2331.77,2331.77,2331.62,2331.62,0.7307,2026-03-17 12:20:00
1773750300000,2322.8,2322.8,2318.0,2320.74,2.7608,2026-03-17 12:25:00
1773750600000,2322.63,2322.63,2322.63,2322.63,0.0429,2026-03-17 12:30:00
1773750900000,2317.15,2322.99,2317.15,2322.99,0.0552,2026-03-17 12:35:00
1773751200000,2321.42,2321.42,2321.42,2321.42,0.0089,2026-03-17 12:40:00
1773751500000,2321.42,2321.42,2321.42,2321.42,0.0,2026-03-17 12:45:00
1773751800000,2317.37,2317.37,2314.22,2315.32,2.3984,2026-03-17 12:50:00
1773752100000,2315.32,2315.32,2315.32,2315.32,0.0,2026-03-17 12:55:00
1773752400000,2312.34,2318.41,2312.33,2318.41,1.8157,2026-03-17 13:00:00
1773752700000,2318.86,2318.92,2318.56,2318.92,0.4776,2026-03-17 13:05:00
1773753000000,2319.28,2320.39,2318.0,2318.0,0.7831,2026-03-17 13:10:00
1773753300000,2318.76,2318.76,2318.76,2318.76,0.2287,2026-03-17 13:15:00
1773753600000,2320.55,2321.15,2319.74,2321.15,1.0099,2026-03-17 13:20:00
1773753900000,2318.42,2318.42,2318.42,2318.42,0.3476,2026-03-17 13:25:00
1773754200000,2319.53,2340.29,2319.53,2340.28,4.2994,2026-03-17 13:30:00
1773754500000,2338.35,2342.67,2333.61,2342.62,3.3412,2026-03-17 13:35:00
1773754800000,2343.0,2344.61,2332.13,2333.23,0.6816,2026-03-17 13:40:00
1773755100000,2331.34,2331.51,2326.05,2331.51,2.7313,2026-03-17 13:45:00
1773755400000,2331.74,2331.74,2318.0,2318.0,0.9407,2026-03-17 13:50:00
1773755700000,2326.32,2329.95,2326.32,2329.95,1.3113,2026-03-17 13:55:00
1773756000000,2323.12,2323.12,2323.12,2323.12,0.9937,2026-03-17 14:00:00
1773756300000,2324.25,2333.37,2324.25,2333.37,0.8585,2026-03-17 14:05:00
1773756600000,2334.76,2334.76,2328.59,2334.03,0.6893,2026-03-17 14:10:00
1773756900000,2330.32,2330.32,2330.32,2330.32,0.2327,2026-03-17 14:15:00
1773757200000,2328.19,2331.74,2328.12,2331.28,0.2452,2026-03-17 14:20:00
1773757500000,2328.89,2335.46,2328.89,2333.92,0.518,2026-03-17 14:25:00
1773757800000,2335.0,2345.91,2335.0,2343.0,4.9383,2026-03-17 14:30:00
1773758100000,2343.0,2347.91,2341.57,2341.57,12.1242,2026-03-17 14:35:00
1773758400000,2343.8,2344.79,2341.25,2343.32,9.2074,2026-03-17 14:40:00
1773758700000,2344.0,2346.94,2344.0,2344.08,10.1647,2026-03-17 14:45:00
1773759000000,2338.45,2341.11,2338.45,2341.11,0.45,2026-03-17 14:50:00
1773759300000,2342.01,2344.68,2342.01,2342.92,1.8337,2026-03-17 14:55:00
1773759600000,2345.22,2356.75,2345.22,2352.51,8.922,2026-03-17 15:00:00
1773759900000,2350.01,2350.01,2338.45,2338.45,1.0978,2026-03-17 15:05:00
1773760200000,2334.4,2336.49,2329.43,2329.43,4.4926,2026-03-17 15:10:00
1773760500000,2328.32,2333.77,2328.32,2328.51,0.6351,2026-03-17 15:15:00
1773760800000,2324.96,2324.96,2324.96,2324.96,0.0057,2026-03-17 15:20:00
1773761100000,2321.77,2326.71,2321.77,2326.71,0.2504,2026-03-17 15:25:00
1773761400000,2324.36,2325.63,2318.0,2319.49,1.6031,2026-03-17 15:30:00
1773761700000,2317.35,2319.17,2304.53,2305.95,5.4396,2026-03-17 15:35:00
1773762000000,2310.4,2313.31,2302.89,2313.31,13.7846,2026-03-17 15:40:00
1773762300000,2311.41,2312.69,2308.59,2308.96,0.7905,2026-03-17 15:45:00
1773762600000,2311.81,2318.0,2311.81,2318.0,0.3671,2026-03-17 15:50:00
1773762900000,2317.95,2317.95,2315.21,2316.17,0.3219,2026-03-17 15:55:00
1773763200000,2315.82,2318.62,2314.5,2317.32,0.3525,2026-03-17 16:00:00
1773763500000,2318.06,2321.37,2316.48,2320.33,0.7345,2026-03-17 16:05:00
1773763800000,2321.38,2324.98,2320.24,2320.24,0.4842,2026-03-17 16:10:00
1773764100000,2320.24,2320.24,2320.24,2320.24,0.0,2026-03-17 16:15:00
1773764400000,2326.93,2334.38,2326.88,2334.38,0.3178,2026-03-17 16:20:00
1773764700000,2335.21,2336.41,2331.85,2332.22,5.6046,2026-03-17 16:25:00
1773765000000,2331.63,2331.63,2321.91,2324.31,1.9555,2026-03-17 16:30:00
1773765300000,2324.31,2324.31,2324.31,2324.31,0.0,2026-03-17 16:35:00
1773765600000,2324.31,2324.31,2324.31,2324.31,0.0,2026-03-17 16:40:00
1773765900000,2326.34,2326.39,2324.31,2326.39,0.6333,2026-03-17 16:45:00
1773766200000,2329.15,2329.15,2329.15,2329.15,0.2201,2026-03-17 16:50:00
1773766500000,2328.58,2328.58,2327.87,2327.87,0.2536,2026-03-17 16:55:00
1773766800000,2327.23,2333.63,2327.23,2333.63,0.0416,2026-03-17 17:00:00
1773767100000,2330.12,2331.07,2328.81,2329.93,1.1707,2026-03-17 17:05:00
1773767400000,2326.4,2326.4,2326.4,2326.4,0.0643,2026-03-17 17:10:00
1773767700000,2328.21,2328.21,2328.21,2328.21,0.1219,2026-03-17 17:15:00
1773768000000,2329.84,2334.67,2329.84,2334.67,1.1121,2026-03-17 17:20:00
1773768300000,2330.0,2330.0,2330.0,2330.0,0.4699,2026-03-17 17:25:00
1773768600000,2331.64,2331.64,2326.84,2326.84,0.661,2026-03-17 17:30:00
1773768900000,2328.3,2331.75,2328.3,2331.75,0.6804,2026-03-17 17:35:00
1773769200000,2334.5,2334.5,2334.5,2334.5,0.002,2026-03-17 17:40:00
1773769500000,2334.5,2336.44,2332.85,2336.44,8.6681,2026-03-17 17:45:00
1773769800000,2338.31,2341.29,2338.31,2340.68,0.3742,2026-03-17 17:50:00
1773770100000,2338.44,2340.39,2338.44,2340.05,0.7266,2026-03-17 17:55:00
1773770400000,2338.72,2339.72,2337.66,2339.04,0.3016,2026-03-17 18:00:00
1773770700000,2338.24,2341.55,2338.24,2341.55,0.5636,2026-03-17 18:05:00
1773771000000,2342.3,2342.46,2339.33,2339.33,0.5384,2026-03-17 18:10:00
1773771300000,2339.71,2341.12,2338.37,2338.37,0.1319,2026-03-17 18:15:00
1773771600000,2337.74,2337.86,2336.08,2337.86,1.0577,2026-03-17 18:20:00
1773771900000,2337.86,2337.86,2337.86,2337.86,0.0,2026-03-17 18:25:00
1773772200000,2335.49,2339.96,2331.48,2338.32,26.1606,2026-03-17 18:30:00
1773772500000,2338.83,2341.77,2338.23,2338.23,23.7405,2026-03-17 18:35:00
1773772800000,2339.74,2340.04,2339.74,2340.04,0.008,2026-03-17 18:40:00
1773773100000,2338.61,2338.61,2338.61,2338.61,0.0064,2026-03-17 18:45:00
1773773400000,2336.96,2336.96,2336.63,2336.64,0.2695,2026-03-17 18:50:00
1773773700000,2331.27,2331.27,2331.27,2331.27,0.1127,2026-03-17 18:55:00
1773774000000,2332.58,2332.58,2332.58,2332.58,0.0047,2026-03-17 19:00:00
1773774300000,2334.9,2334.9,2334.9,2334.9,0.0107,2026-03-17 19:05:00
1773774600000,2335.78,2335.78,2335.78,2335.78,0.0021,2026-03-17 19:10:00
1773774900000,2338.57,2339.88,2338.57,2339.88,0.0256,2026-03-17 19:15:00
1773775200000,2335.93,2336.7,2335.93,2336.7,0.0074,2026-03-17 19:20:00
1773775500000,2337.81,2337.81,2337.8,2337.8,0.005,2026-03-17 19:25:00
1773775800000,2332.78,2332.78,2332.78,2332.78,0.0287,2026-03-17 19:30:00
1773776100000,2334.71,2334.71,2334.71,2334.71,0.0021,2026-03-17 19:35:00
1773776400000,2334.71,2334.71,2334.71,2334.71,0.0,2026-03-17 19:40:00
1773776700000,2324.96,2325.6,2318.0,2325.16,0.2107,2026-03-17 19:45:00
1773777000000,2319.28,2319.28,2319.28,2319.28,0.9378,2026-03-17 19:50:00
1773777300000,2320.78,2321.42,2318.0,2321.42,0.1222,2026-03-17 19:55:00
1773777600000,2319.45,2323.06,2319.45,2322.38,0.0769,2026-03-17 20:00:00
1773777900000,2319.35,2322.79,2319.35,2320.06,0.1102,2026-03-17 20:05:00
1773778200000,2318.15,2318.91,2318.15,2318.91,0.005,2026-03-17 20:10:00
1773778500000,2319.44,2322.43,2319.44,2322.43,0.0238,2026-03-17 20:15:00
1773778800000,2322.01,2328.12,2322.01,2328.12,0.7222,2026-03-17 20:20:00
1773779100000,2329.03,2329.91,2328.78,2329.14,0.9971,2026-03-17 20:25:00
1773779400000,2327.46,2328.09,2327.46,2328.09,0.0075,2026-03-17 20:30:00
1773779700000,2327.31,2329.25,2327.08,2329.25,0.9257,2026-03-17 20:35:00
1773780000000,2328.56,2328.56,2326.31,2326.31,0.5234,2026-03-17 20:40:00
1773780300000,2326.31,2326.31,2326.31,2326.31,0.0,2026-03-17 20:45:00
1773780600000,2326.31,2326.31,2326.31,2326.31,0.0,2026-03-17 20:50:00
1773780900000,2326.31,2326.31,2326.31,2326.31,0.0,2026-03-17 20:55:00
1773781200000,2328.3,2328.3,2328.3,2328.3,0.0021,2026-03-17 21:00:00
1773781500000,2330.61,2331.98,2330.26,2331.98,0.1041,2026-03-17 21:05:00
1773781800000,2333.7,2343.78,2333.7,2340.2,1.4471,2026-03-17 21:10:00
1773782100000,2339.35,2339.35,2338.46,2338.46,0.4666,2026-03-17 21:15:00
1773782400000,2337.76,2338.91,2337.76,2338.81,0.6147,2026-03-17 21:20:00
1773782700000,2338.23,2338.23,2338.23,2338.23,0.0085,2026-03-17 21:25:00
1773783000000,2336.61,2336.61,2334.74,2334.96,0.0112,2026-03-17 21:30:00
1773783300000,2336.37,2340.77,2336.37,2340.77,0.2322,2026-03-17 21:35:00
1773783600000,2340.77,2340.77,2340.77,2340.77,0.0,2026-03-17 21:40:00
1773783900000,2339.0,2339.0,2338.22,2338.22,14.2665,2026-03-17 21:45:00
1773784200000,2338.22,2338.22,2338.22,2338.22,0.0,2026-03-17 21:50:00
1773784500000,2338.57,2338.57,2338.57,2338.57,0.0029,2026-03-17 21:55:00
1773784800000,2340.91,2340.91,2340.91,2340.91,0.0051,2026-03-17 22:00:00
1773785100000,2341.65,2341.65,2336.85,2336.85,0.0554,2026-03-17 22:05:00
1773785400000,2335.06,2335.06,2333.0,2333.0,0.0358,2026-03-17 22:10:00
1773785700000,2333.0,2333.0,2333.0,2333.0,0.0,2026-03-17 22:15:00
1773786000000,2332.91,2333.26,2332.91,2333.26,0.0123,2026-03-17 22:20:00
1773786300000,2333.26,2333.26,2333.26,2333.26,0.0,2026-03-17 22:25:00
1773786600000,2328.69,2328.69,2328.69,2328.69,0.2085,2026-03-17 22:30:00
1773786900000,2322.84,2322.84,2319.02,2319.02,0.2549,2026-03-17 22:35:00
1773787200000,2325.55,2325.55,2325.55,2325.55,0.0064,2026-03-17 22:40:00
1773787500000,2325.42,2325.42,2325.15,2325.15,0.2084,2026-03-17 22:45:00
1773787800000,2328.14,2328.14,2327.34,2327.34,0.0061,2026-03-17 22:50:00
1773788100000,2328.03,2329.87,2328.03,2329.87,0.0125,2026-03-17 22:55:00
1773788400000,2328.94,2329.45,2328.94,2329.45,0.0056,2026-03-17 23:00:00
1773788700000,2329.45,2329.45,2329.45,2329.45,0.1101,2026-03-17 23:05:00
1773789000000,2329.45,2329.45,2329.45,2329.45,0.0,2026-03-17 23:10:00
1773789300000,2329.68,2333.28,2329.68,2333.28,0.2521,2026-03-17 23:15:00
1773789600000,2332.94,2332.94,2326.95,2329.15,0.6263,2026-03-17 23:20:00
1773789900000,2329.86,2329.86,2329.86,2329.86,0.0243,2026-03-17 23:25:00
1773790200000,2326.21,2326.83,2320.08,2323.15,14.0509,2026-03-17 23:30:00
1773790500000,2323.15,2323.15,2323.15,2323.15,0.0,2026-03-17 23:35:00
1773790800000,2321.04,2322.09,2318.0,2319.99,0.8589,2026-03-17 23:40:00
1773791100000,2321.01,2322.57,2320.08,2322.57,0.6685,2026-03-17 23:45:00
1773791400000,2318.74,2319.1,2318.17,2318.59,0.2405,2026-03-17 23:50:00
1773791700000,2319.86,2319.86,2318.0,2318.0,0.1275,2026-03-17 23:55:00
1773792000000,2320.67,2321.33,2318.34,2318.89,0.0298,2026-03-18 00:00:00
1773792300000,2321.45,2322.48,2321.45,2322.48,0.0366,2026-03-18 00:05:00
1773792600000,2321.27,2321.27,2321.27,2321.27,0.0051,2026-03-18 00:10:00
1773792900000,2319.02,2319.43,2313.83,2317.69,1.1988,2026-03-18 00:15:00
1773793200000,2316.97,2319.21,2310.83,2311.48,2.1802,2026-03-18 00:20:00
1773793500000,2310.1,2314.05,2310.1,2314.05,0.0273,2026-03-18 00:25:00
1773793800000,2311.84,2314.35,2310.62,2312.84,0.0453,2026-03-18 00:30:00
1773794100000,2311.44,2312.01,2308.72,2309.03,0.039,2026-03-18 00:35:00
1773794400000,2309.46,2314.39,2308.0,2314.39,14.4337,2026-03-18 00:40:00
1773794700000,2315.86,2320.73,2315.86,2320.73,0.512,2026-03-18 00:45:00
1773795000000,2320.74,2323.3,2320.74,2323.3,0.0319,2026-03-18 00:50:00
1773795300000,2322.07,2325.44,2322.07,2325.44,0.0138,2026-03-18 00:55:00
1773795600000,2325.46,2329.75,2325.46,2327.97,0.2826,2026-03-18 01:00:00
1773795900000,2326.42,2329.32,2326.42,2328.74,0.0227,2026-03-18 01:05:00
1773796200000,2324.75,2325.63,2324.75,2325.63,0.0126,2026-03-18 01:10:00
1773796500000,2324.52,2324.52,2324.52,2324.52,0.0051,2026-03-18 01:15:00
1773796800000,2328.33,2328.85,2327.56,2327.56,0.0161,2026-03-18 01:20:00
1773797100000,2330.09,2330.09,2328.75,2329.39,0.2413,2026-03-18 01:25:00
1773797400000,2331.34,2334.77,2331.34,2333.99,0.1593,2026-03-18 01:30:00
1773797700000,2331.38,2332.94,2328.99,2332.94,0.0294,2026-03-18 01:35:00
1773798000000,2332.19,2332.19,2330.52,2330.97,0.0109,2026-03-18 01:40:00
1773798300000,2329.93,2329.93,2329.93,2329.93,0.226,2026-03-18 01:45:00
1773798600000,2328.24,2328.9,2327.27,2327.27,0.5416,2026-03-18 01:50:00
1773798900000,2324.13,2325.0,2324.13,2324.89,0.855,2026-03-18 01:55:00
1773799200000,2326.17,2328.27,2326.17,2328.27,0.2412,2026-03-18 02:00:00
1773799500000,2329.97,2334.95,2329.97,2334.95,1.1038,2026-03-18 02:05:00
1773799800000,2332.78,2334.19,2332.78,2333.27,0.0098,2026-03-18 02:10:00
1773800100000,2334.24,2334.24,2334.24,2334.24,0.0085,2026-03-18 02:15:00
1773800400000,2331.06,2331.06,2331.06,2331.06,0.2197,2026-03-18 02:20:00
1773800700000,2331.06,2331.06,2331.06,2331.06,0.0,2026-03-18 02:25:00
1773801000000,2332.11,2340.33,2332.11,2339.95,2.8463,2026-03-18 02:30:00
1773801300000,2336.26,2336.68,2336.26,2336.68,0.0849,2026-03-18 02:35:00
1773801600000,2336.68,2336.68,2336.68,2336.68,0.0,2026-03-18 02:40:00
1773801900000,2336.68,2336.68,2336.68,2336.68,0.0,2026-03-18 02:45:00
1773802200000,2333.72,2333.72,2333.72,2333.72,0.2052,2026-03-18 02:50:00
1773802500000,2333.41,2333.41,2333.41,2333.41,0.0116,2026-03-18 02:55:00
1773802800000,2330.1,2333.0,2330.1,2332.74,0.7599,2026-03-18 03:00:00
1773803100000,2331.4,2331.4,2331.39,2331.39,0.072,2026-03-18 03:05:00
1773803400000,2330.77,2330.77,2330.77,2330.77,0.0043,2026-03-18 03:10:00
1773803700000,2331.56,2331.56,2331.56,2331.56,0.3423,2026-03-18 03:15:00
1773804000000,2330.68,2337.81,2330.68,2337.81,0.8546,2026-03-18 03:20:00
1773804300000,2339.16,2342.0,2337.81,2342.0,0.9528,2026-03-18 03:25:00
1773804600000,2343.36,2346.15,2342.23,2346.15,0.8846,2026-03-18 03:30:00
1773804900000,2344.77,2349.85,2344.77,2349.85,2.6773,2026-03-18 03:35:00
1773805200000,2342.79,2342.79,2341.29,2342.55,0.0418,2026-03-18 03:40:00
1773805500000,2342.55,2342.55,2342.55,2342.55,0.0,2026-03-18 03:45:00
1773805800000,2342.55,2342.55,2342.55,2342.55,0.0,2026-03-18 03:50:00
1773806100000,2340.99,2341.94,2340.99,2341.94,0.0583,2026-03-18 03:55:00
1773806400000,2342.19,2342.19,2342.19,2342.19,0.0085,2026-03-18 04:00:00
1773806700000,2339.35,2339.35,2336.72,2336.72,6.0703,2026-03-18 04:05:00
1773807000000,2336.72,2336.72,2336.72,2336.72,0.0,2026-03-18 04:10:00
1773807300000,2336.72,2336.72,2336.72,2336.72,0.0,2026-03-18 04:15:00
1773807600000,2336.72,2336.72,2336.72,2336.72,0.0,2026-03-18 04:20:00
1773807900000,2336.72,2336.72,2336.72,2336.72,0.0,2026-03-18 04:25:00
1773808200000,2331.98,2331.98,2331.98,2331.98,0.0959,2026-03-18 04:30:00
1773808500000,2327.95,2327.95,2327.95,2327.95,0.012,2026-03-18 04:35:00
1773808800000,2327.95,2327.95,2327.95,2327.95,0.0,2026-03-18 04:40:00
1773809100000,2327.95,2327.95,2327.95,2327.95,0.0,2026-03-18 04:45:00
1773809400000,2327.95,2327.95,2327.95,2327.95,0.0,2026-03-18 04:50:00
1773809700000,2327.95,2327.95,2327.95,2327.95,0.0,2026-03-18 04:55:00
1773810000000,2327.39,2327.39,2327.39,2327.39,0.0013,2026-03-18 05:00:00
1773810300000,2330.26,2330.26,2330.26,2330.26,0.0107,2026-03-18 05:05:00
1773810600000,2330.05,2330.47,2330.05,2330.41,0.4873,2026-03-18 05:10:00
1773810900000,2330.37,2330.37,2330.37,2330.37,0.0856,2026-03-18 05:15:00
1773811200000,2328.28,2328.28,2328.28,2328.28,0.0034,2026-03-18 05:20:00
1773811500000,2328.07,2328.07,2328.07,2328.07,0.0642,2026-03-18 05:25:00
1773811800000,2328.07,2328.07,2328.07,2328.07,0.0,2026-03-18 05:30:00
1773812100000,2324.77,2324.77,2324.77,2324.77,0.0025,2026-03-18 05:35:00
1773812400000,2324.77,2324.77,2324.77,2324.77,0.0,2026-03-18 05:40:00
1773812700000,2321.77,2321.77,2321.77,2321.77,0.0221,2026-03-18 05:45:00
1773813000000,2322.16,2322.16,2315.24,2315.25,3.3009,2026-03-18 05:50:00
1773813300000,2315.36,2317.31,2315.36,2317.31,0.1869,2026-03-18 05:55:00
1773813600000,2317.31,2317.31,2317.31,2317.31,0.0,2026-03-18 06:00:00
1773813900000,2320.4,2321.31,2320.37,2321.21,0.2532,2026-03-18 06:05:00
1773814200000,2321.14,2323.15,2321.14,2323.15,1.6335,2026-03-18 06:10:00
1773814500000,2322.1,2323.85,2322.1,2323.85,0.0204,2026-03-18 06:15:00
1773814800000,2327.19,2328.35,2327.19,2328.35,0.0109,2026-03-18 06:20:00
1773815100000,2328.35,2328.35,2328.35,2328.35,0.0,2026-03-18 06:25:00
1773815400000,2328.35,2328.35,2328.35,2328.35,0.0,2026-03-18 06:30:00
1773815700000,2328.0,2328.25,2326.89,2328.25,3.3387,2026-03-18 06:35:00
1773816000000,2323.98,2323.98,2323.98,2323.98,0.0858,2026-03-18 06:40:00
1773816300000,2323.98,2323.98,2323.98,2323.98,0.0,2026-03-18 06:45:00
1773816600000,2324.9,2324.9,2324.9,2324.9,0.11,2026-03-18 06:50:00
1773816900000,2324.9,2324.9,2324.9,2324.9,0.0,2026-03-18 06:55:00
1773817200000,2324.9,2324.9,2324.9,2324.9,0.0,2026-03-18 07:00:00
1773817500000,2320.57,2320.57,2319.41,2319.87,0.0156,2026-03-18 07:05:00
1773817800000,2319.83,2320.28,2319.73,2319.73,2.242,2026-03-18 07:10:00
1773818100000,2319.73,2319.73,2319.73,2319.73,0.0,2026-03-18 07:15:00
1773818400000,2318.97,2318.97,2318.97,2318.97,0.0026,2026-03-18 07:20:00
1773818700000,2318.97,2318.97,2318.97,2318.97,0.0,2026-03-18 07:25:00
1773819000000,2318.97,2318.97,2318.97,2318.97,0.0,2026-03-18 07:30:00
1773819300000,2316.71,2316.71,2316.71,2316.71,0.0062,2026-03-18 07:35:00
1773819600000,2313.31,2313.31,2313.31,2313.31,0.0014,2026-03-18 07:40:00
1773819900000,2313.48,2313.48,2313.48,2313.48,0.0775,2026-03-18 07:45:00
1773820200000,2317.16,2317.16,2317.16,2317.16,0.0108,2026-03-18 07:50:00
1773820500000,2317.91,2317.91,2317.91,2317.91,0.086,2026-03-18 07:55:00
1773820800000,2317.91,2317.91,2317.91,2317.91,0.0,2026-03-18 08:00:00
1773821100000,2323.29,2323.29,2323.29,2323.29,0.0021,2026-03-18 08:05:00
1773821400000,2319.31,2321.11,2319.31,2321.11,0.2937,2026-03-18 08:10:00
1773821700000,2321.11,2321.11,2321.11,2321.11,0.0,2026-03-18 08:15:00
1773822000000,2321.11,2321.11,2321.11,2321.11,0.0,2026-03-18 08:20:00
1773822300000,2321.08,2321.08,2320.88,2320.98,1.588,2026-03-18 08:25:00
1773822600000,2319.99,2321.93,2319.99,2321.93,0.5192,2026-03-18 08:30:00
1773822900000,2321.11,2321.69,2321.11,2321.69,0.7381,2026-03-18 08:35:00
1773823200000,2321.69,2321.69,2321.69,2321.69,0.0,2026-03-18 08:40:00
1773823500000,2323.11,2323.11,2323.11,2323.11,0.0146,2026-03-18 08:45:00
1773823800000,2324.79,2324.79,2324.79,2324.79,0.806,2026-03-18 08:50:00
1773824100000,2324.79,2324.79,2324.79,2324.79,0.0,2026-03-18 08:55:00
1773824400000,2324.79,2324.79,2324.79,2324.79,0.0,2026-03-18 09:00:00
1773824700000,2325.07,2328.0,2325.07,2328.0,0.3932,2026-03-18 09:05:00
1773825000000,2328.0,2328.0,2328.0,2328.0,0.0,2026-03-18 09:10:00
1773825300000,2329.89,2329.89,2329.89,2329.89,0.1683,2026-03-18 09:15:00
1773825600000,2330.61,2331.4,2330.61,2331.4,0.2842,2026-03-18 09:20:00
1773825900000,2331.4,2331.4,2331.4,2331.4,0.0,2026-03-18 09:25:00
1773826200000,2331.4,2331.4,2331.4,2331.4,0.0,2026-03-18 09:30:00
1773826500000,2331.4,2331.98,2331.4,2331.98,0.1325,2026-03-18 09:35:00
1773826800000,2331.98,2331.98,2331.98,2331.98,0.0,2026-03-18 09:40:00
1773827100000,2331.98,2331.98,2331.98,2331.98,0.0,2026-03-18 09:45:00
1773827400000,2331.98,2331.98,2331.98,2331.98,0.0,2026-03-18 09:50:00
1773827700000,2329.0,2329.0,2329.0,2329.0,0.0014,2026-03-18 09:55:00
1773828000000,2328.62,2328.72,2328.62,2328.72,0.0035,2026-03-18 10:00:00
1773828300000,2328.72,2328.72,2328.72,2328.72,0.0,2026-03-18 10:05:00
1773828600000,2327.71,2330.86,2327.71,2330.86,0.0061,2026-03-18 10:10:00
1773828900000,2330.64,2330.9,2330.64,2330.9,0.0041,2026-03-18 10:15:00
1773829200000,2329.28,2329.28,2329.28,2329.28,0.0043,2026-03-18 10:20:00
1773829500000,2328.88,2330.49,2328.88,2330.42,0.0348,2026-03-18 10:25:00
1773829800000,2330.42,2330.42,2330.42,2330.42,0.0,2026-03-18 10:30:00
1773830100000,2330.42,2330.42,2330.42,2330.42,0.0,2026-03-18 10:35:00
1773830400000,2320.57,2320.57,2313.3,2313.61,0.1323,2026-03-18 10:40:00
1773830700000,2313.38,2313.38,2311.31,2312.85,1.2566,2026-03-18 10:45:00
1773831000000,2312.85,2312.85,2312.85,2312.85,0.0,2026-03-18 10:50:00
1773831300000,2312.85,2312.85,2312.85,2312.85,0.0,2026-03-18 10:55:00
1773831600000,2309.0,2309.7,2307.27,2309.64,0.2972,2026-03-18 11:00:00
1773831900000,2308.75,2309.02,2308.75,2309.02,0.0143,2026-03-18 11:05:00
1773832200000,2313.07,2313.07,2313.07,2313.07,0.003,2026-03-18 11:10:00
1773832500000,2315.08,2315.08,2314.0,2314.54,0.0508,2026-03-18 11:15:00
1773832800000,2314.54,2314.54,2314.54,2314.54,0.0,2026-03-18 11:20:00
1773833100000,2309.21,2309.22,2288.68,2294.86,2.9437,2026-03-18 11:25:00
1773833400000,2292.47,2297.05,2274.17,2276.35,24.5592,2026-03-18 11:30:00
1773833700000,2274.45,2279.62,2263.62,2268.06,3.4086,2026-03-18 11:35:00
1773834000000,2264.89,2275.55,2264.89,2274.93,0.4687,2026-03-18 11:40:00
1773834300000,2276.07,2276.07,2270.85,2271.74,2.0591,2026-03-18 11:45:00
1773834600000,2276.56,2276.56,2268.58,2271.91,1.0892,2026-03-18 11:50:00
1773834900000,2270.26,2270.26,2269.27,2269.27,1.0268,2026-03-18 11:55:00
1773835200000,2265.89,2269.95,2263.62,2264.31,1.1505,2026-03-18 12:00:00
1773835500000,2263.48,2265.6,2256.66,2258.0,5.7352,2026-03-18 12:05:00
1773835800000,2257.47,2257.47,2255.03,2256.14,8.9426,2026-03-18 12:10:00
1773836100000,2260.16,2261.55,2256.6,2258.35,0.4852,2026-03-18 12:15:00
1773836400000,2259.42,2260.13,2256.42,2256.42,0.2499,2026-03-18 12:20:00
1773836700000,2260.85,2261.36,2260.85,2261.07,0.5713,2026-03-18 12:25:00
1773837000000,2256.42,2256.42,2241.67,2243.54,1.363,2026-03-18 12:30:00
1773837300000,2241.96,2245.97,2241.96,2245.97,0.4946,2026-03-18 12:35:00
1773837600000,2244.47,2244.47,2238.25,2241.63,0.4438,2026-03-18 12:40:00
1773837900000,2238.37,2239.39,2235.98,2235.98,1.1101,2026-03-18 12:45:00
1773838200000,2241.29,2244.31,2241.29,2244.31,0.4821,2026-03-18 12:50:00
1773838500000,2244.31,2244.31,2244.31,2244.31,0.0,2026-03-18 12:55:00
1773838800000,2235.87,2235.96,2225.0,2235.96,2.2894,2026-03-18 13:00:00
1773839100000,2238.23,2238.42,2235.66,2236.67,0.0465,2026-03-18 13:05:00
1773839400000,2237.0,2238.83,2235.77,2238.83,0.038,2026-03-18 13:10:00
1773839700000,2235.33,2235.71,2232.43,2233.3,0.3578,2026-03-18 13:15:00
1773840000000,2235.31,2241.14,2235.31,2240.43,0.494,2026-03-18 13:20:00
1773840300000,2239.57,2239.91,2237.34,2237.72,0.4737,2026-03-18 13:25:00
1773840600000,2238.43,2238.43,2233.06,2233.06,2.8435,2026-03-18 13:30:00
1773840900000,2240.38,2241.67,2235.23,2240.27,0.4052,2026-03-18 13:35:00
1773841200000,2241.22,2243.59,2239.52,2239.95,3.7945,2026-03-18 13:40:00
1773841500000,2239.14,2239.14,2236.88,2238.36,0.5456,2026-03-18 13:45:00
1773841800000,2235.13,2236.9,2235.13,2235.24,0.2378,2026-03-18 13:50:00
1773842100000,2233.45,2233.45,2230.55,2230.55,0.2482,2026-03-18 13:55:00
1773842400000,2234.17,2235.84,2228.07,2232.79,0.7774,2026-03-18 14:00:00
1773842700000,2229.72,2234.01,2228.67,2234.01,0.542,2026-03-18 14:05:00
1773843000000,2227.8,2228.73,2221.8,2222.64,0.3289,2026-03-18 14:10:00
1773843300000,2226.0,2226.0,2220.84,2222.94,2.7174,2026-03-18 14:15:00
1773843600000,2224.01,2226.3,2224.01,2226.3,0.6787,2026-03-18 14:20:00
1773843900000,2221.34,2221.34,2210.71,2215.45,0.6251,2026-03-18 14:25:00
1773844200000,2215.77,2222.24,2213.65,2222.24,0.4836,2026-03-18 14:30:00
1773844500000,2221.0,2222.24,2219.34,2220.35,63.6146,2026-03-18 14:35:00
1773844800000,2216.08,2216.08,2204.41,2204.41,3.3806,2026-03-18 14:40:00
1773845100000,2206.0,2209.23,2205.18,2209.23,8.0377,2026-03-18 14:45:00
1773845400000,2211.22,2211.26,2195.25,2198.0,4.2927,2026-03-18 14:50:00
1773845700000,2196.77,2198.33,2188.16,2189.88,1.8316,2026-03-18 14:55:00
1773846000000,2187.69,2188.16,2169.66,2188.16,8.8246,2026-03-18 15:00:00
1773846300000,2186.38,2194.82,2186.02,2194.82,51.1059,2026-03-18 15:05:00
1773846600000,2189.56,2189.63,2178.15,2178.15,0.421,2026-03-18 15:10:00
1773846900000,2182.38,2186.41,2179.39,2184.07,2.5984,2026-03-18 15:15:00
1773847200000,2183.32,2183.32,2175.58,2176.56,0.7075,2026-03-18 15:20:00
1773847500000,2180.86,2183.32,2180.86,2183.32,0.7987,2026-03-18 15:25:00
1773847800000,2182.64,2188.99,2180.83,2188.99,1.1784,2026-03-18 15:30:00
1773848100000,2186.13,2186.14,2184.45,2184.45,1.3661,2026-03-18 15:35:00
1773848400000,2183.42,2186.09,2180.86,2184.85,0.1434,2026-03-18 15:40:00
1773848700000,2182.82,2182.82,2178.84,2181.98,22.5544,2026-03-18 15:45:00
1773849000000,2180.75,2180.75,2180.75,2180.75,0.011,2026-03-18 15:50:00
1773849300000,2184.25,2189.28,2184.25,2187.9,0.8367,2026-03-18 15:55:00
1773849600000,2187.03,2190.73,2184.78,2184.78,3.5224,2026-03-18 16:00:00
1773849900000,2184.78,2185.26,2179.08,2179.08,1.5162,2026-03-18 16:05:00
1773850200000,2180.4,2181.79,2178.4,2178.76,0.8024,2026-03-18 16:10:00
1773850500000,2178.67,2178.67,2177.91,2177.92,1.2928,2026-03-18 16:15:00
1773850800000,2174.99,2175.66,2172.57,2172.57,0.7637,2026-03-18 16:20:00
1773851100000,2171.86,2175.76,2167.72,2174.8,4.4578,2026-03-18 16:25:00
1773851400000,2175.8,2177.64,2175.8,2176.54,0.7056,2026-03-18 16:30:00
1773851700000,2168.35,2178.38,2168.35,2178.38,1.8922,2026-03-18 16:35:00
1773852000000,2175.41,2178.84,2175.41,2178.84,0.4509,2026-03-18 16:40:00
1773852300000,2180.86,2181.45,2179.78,2179.78,0.0221,2026-03-18 16:45:00
1773852600000,2182.2,2186.31,2182.2,2186.31,0.9668,2026-03-18 16:50:00
1773852900000,2180.86,2180.86,2180.86,2180.86,0.0061,2026-03-18 16:55:00
1773853200000,2182.59,2182.79,2177.15,2182.79,3.1645,2026-03-18 17:00:00
1773853500000,2183.15,2183.15,2181.08,2181.08,0.0608,2026-03-18 17:05:00
1773853800000,2181.01,2183.11,2181.01,2183.0,0.2432,2026-03-18 17:10:00
1773854100000,2183.45,2184.25,2183.45,2184.25,0.0181,2026-03-18 17:15:00
1773854400000,2185.93,2193.76,2185.93,2193.76,0.7095,2026-03-18 17:20:00
1773854700000,2193.9,2199.28,2193.9,2199.28,0.9828,2026-03-18 17:25:00
1773855000000,2194.73,2195.62,2193.03,2195.62,8.421,2026-03-18 17:30:00
1773855300000,2197.81,2212.0,2197.81,2210.23,7.5163,2026-03-18 17:35:00
1773855600000,2202.17,2205.46,2200.99,2204.47,0.9448,2026-03-18 17:40:00
1773855900000,2206.85,2207.87,2206.85,2207.87,0.0122,2026-03-18 17:45:00
1773856200000,2201.81,2201.81,2201.81,2201.81,0.0126,2026-03-18 17:50:00
1773856500000,2203.32,2203.32,2203.32,2203.32,0.3604,2026-03-18 17:55:00
1773856800000,2206.71,2218.27,2206.71,2218.27,1.4264,2026-03-18 18:00:00
1773857100000,2217.38,2221.14,2215.56,2216.4,39.8895,2026-03-18 18:05:00
1773857400000,2214.53,2214.53,2214.53,2214.53,0.0093,2026-03-18 18:10:00
1773857700000,2214.22,2214.39,2193.91,2195.41,21.0541,2026-03-18 18:15:00
1773858000000,2199.7,2199.7,2194.2,2198.23,6.4848,2026-03-18 18:20:00
1773858300000,2195.72,2196.51,2193.87,2193.87,0.0439,2026-03-18 18:25:00
1773858600000,2197.33,2209.14,2195.92,2195.92,1.3015,2026-03-18 18:30:00
1773858900000,2194.76,2206.85,2194.76,2199.37,0.3532,2026-03-18 18:35:00
1773859200000,2199.28,2201.17,2199.19,2199.19,0.025,2026-03-18 18:40:00
1773859500000,2194.76,2198.25,2193.91,2193.91,0.0419,2026-03-18 18:45:00
1773859800000,2193.35,2193.35,2179.58,2179.58,5.2474,2026-03-18 18:50:00
1773860100000,2179.08,2180.75,2176.16,2180.75,0.0493,2026-03-18 18:55:00
1773860400000,2177.56,2191.77,2176.92,2191.77,1.4042,2026-03-18 19:00:00
1773860700000,2193.1,2193.12,2188.27,2192.93,2.1272,2026-03-18 19:05:00
1773861000000,2188.28,2190.04,2188.28,2188.78,1.0413,2026-03-18 19:10:00
1773861300000,2190.0,2195.9,2190.0,2195.9,8.3878,2026-03-18 19:15:00
1773861600000,2192.36,2192.36,2192.36,2192.36,0.2896,2026-03-18 19:20:00
1773861900000,2191.34,2191.34,2191.34,2191.34,0.0018,2026-03-18 19:25:00
1773862200000,2194.07,2194.85,2192.28,2194.36,2.0274,2026-03-18 19:30:00
1773862500000,2194.36,2194.36,2194.36,2194.36,0.0,2026-03-18 19:35:00
1773862800000,2191.85,2191.85,2189.92,2191.27,1.2325,2026-03-18 19:40:00
1773863100000,2191.89,2191.89,2185.75,2185.75,0.2625,2026-03-18 19:45:00
1773863400000,2185.22,2185.22,2180.86,2183.12,0.7555,2026-03-18 19:50:00
1773863700000,2184.91,2184.91,2184.91,2184.91,0.9791,2026-03-18 19:55:00
1773864000000,2184.91,2188.42,2183.1,2183.29,4.1279,2026-03-18 20:00:00
1773864300000,2179.08,2179.08,2165.75,2165.75,3.393,2026-03-18 20:05:00
1773864600000,2165.38,2170.23,2152.81,2169.72,6.2328,2026-03-18 20:10:00
1773864900000,2174.71,2174.71,2174.71,2174.71,0.023,2026-03-18 20:15:00
1773865200000,2172.18,2172.18,2172.18,2172.18,0.0045,2026-03-18 20:20:00
1773865500000,2173.5,2178.38,2173.5,2178.38,1.4983,2026-03-18 20:25:00
1773865800000,2177.69,2182.74,2177.69,2182.74,0.7649,2026-03-18 20:30:00
1773866100000,2183.45,2184.25,2182.04,2182.04,0.1095,2026-03-18 20:35:00
1773866400000,2183.13,2183.13,2182.03,2182.03,0.2337,2026-03-18 20:40:00
1773866700000,2179.57,2192.91,2179.47,2192.91,3.3753,2026-03-18 20:45:00
1773867000000,2189.4,2189.4,2187.74,2187.74,2.1293,2026-03-18 20:50:00
1773867300000,2187.92,2187.92,2187.92,2187.92,0.2507,2026-03-18 20:55:00
1773867600000,2187.49,2192.46,2187.49,2192.46,0.1517,2026-03-18 21:00:00
1773867900000,2192.3,2193.76,2192.3,2193.76,0.0485,2026-03-18 21:05:00
1773868200000,2192.73,2194.51,2189.32,2189.32,0.8152,2026-03-18 21:10:00
1773868500000,2188.35,2194.96,2188.35,2194.96,0.4532,2026-03-18 21:15:00
1773868800000,2195.33,2197.99,2195.33,2197.57,1.6164,2026-03-18 21:20:00
1773869100000,2196.45,2196.45,2196.45,2196.45,0.792,2026-03-18 21:25:00
1773869400000,2197.03,2197.03,2194.45,2194.45,0.2615,2026-03-18 21:30:00
1773869700000,2193.68,2201.09,2193.68,2199.29,0.3915,2026-03-18 21:35:00
1773870000000,2203.65,2203.65,2202.88,2203.59,0.927,2026-03-18 21:40:00
1773870300000,2201.04,2201.04,2201.04,2201.04,0.2526,2026-03-18 21:45:00
1773870600000,2201.04,2201.04,2201.04,2201.04,0.0,2026-03-18 21:50:00
1773870900000,2203.82,2206.36,2203.82,2206.34,4.2466,2026-03-18 21:55:00
1773871200000,2200.99,2200.99,2199.28,2200.01,0.7149,2026-03-18 22:00:00
1773871500000,2196.1,2196.1,2192.2,2192.2,0.0608,2026-03-18 22:05:00
1773871800000,2189.9,2191.87,2189.27,2191.87,1.7069,2026-03-18 22:10:00
1773872100000,2189.23,2193.23,2189.23,2193.23,0.4554,2026-03-18 22:15:00
1773872400000,2193.56,2193.56,2193.56,2193.56,0.7676,2026-03-18 22:20:00
1773872700000,2193.56,2193.56,2193.56,2193.56,0.0,2026-03-18 22:25:00
1773873000000,2191.41,2191.41,2188.06,2188.06,0.2864,2026-03-18 22:30:00
1773873300000,2190.9,2190.9,2190.03,2190.03,0.2345,2026-03-18 22:35:00
1773873600000,2190.03,2190.03,2190.03,2190.03,0.0,2026-03-18 22:40:00
1773873900000,2191.78,2191.78,2190.2,2190.2,0.3926,2026-03-18 22:45:00
1773874200000,2192.17,2192.17,2190.98,2191.34,0.0195,2026-03-18 22:50:00
1773874500000,2193.13,2193.23,2193.13,2193.23,0.0122,2026-03-18 22:55:00
1773874800000,2194.73,2198.3,2191.99,2192.47,1.1395,2026-03-18 23:00:00
1773875100000,2192.0,2195.12,2191.62,2194.79,1.7662,2026-03-18 23:05:00
1773875400000,2194.92,2195.7,2194.79,2194.84,0.4487,2026-03-18 23:10:00
1773875700000,2194.84,2194.84,2194.84,2194.84,0.0,2026-03-18 23:15:00
1773876000000,2191.15,2191.15,2191.03,2191.03,0.0672,2026-03-18 23:20:00
1773876300000,2194.16,2195.0,2194.16,2195.0,0.0194,2026-03-18 23:25:00
1773876600000,2199.28,2199.81,2199.28,2199.81,0.7623,2026-03-18 23:30:00
1773876900000,2200.99,2200.99,2200.99,2200.99,0.9,2026-03-18 23:35:00
1773877200000,2202.38,2202.38,2202.38,2202.38,0.0173,2026-03-18 23:40:00
1773877500000,2204.14,2206.0,2204.14,2206.0,0.3583,2026-03-18 23:45:00
1773877800000,2202.54,2203.07,2202.54,2203.06,0.196,2026-03-18 23:50:00
1773878100000,2205.84,2205.84,2205.84,2205.84,0.017,2026-03-18 23:55:00
1773878400000,2203.3,2206.06,2203.3,2206.06,0.0152,2026-03-19 00:00:00
1773878700000,2207.54,2207.86,2202.83,2202.83,0.3086,2026-03-19 00:05:00
1773879000000,2198.52,2201.54,2196.38,2201.54,1.3147,2026-03-19 00:10:00
1773879300000,2199.0,2199.81,2198.76,2199.08,0.0046,2026-03-19 00:15:00
1773879600000,2198.38,2198.38,2196.4,2196.4,0.0104,2026-03-19 00:20:00
1773879900000,2196.76,2202.55,2196.27,2202.55,0.0361,2026-03-19 00:25:00
1773880200000,2203.26,2203.45,2199.5,2199.5,0.2583,2026-03-19 00:30:00
1773880500000,2194.21,2195.91,2193.23,2194.18,0.2652,2026-03-19 00:35:00
1773880800000,2193.8,2193.8,2191.95,2193.29,0.2393,2026-03-19 00:40:00
1773881100000,2193.02,2193.02,2193.02,2193.02,0.2334,2026-03-19 00:45:00
1773881400000,2191.54,2193.66,2191.54,2193.66,0.7739,2026-03-19 00:50:00
1773881700000,2193.61,2193.61,2192.44,2192.44,1.4499,2026-03-19 00:55:00
1773882000000,2196.27,2197.19,2193.62,2193.62,14.1172,2026-03-19 01:00:00
1773882300000,2189.82,2195.36,2188.66,2195.36,6.674,2026-03-19 01:05:00
1773882600000,2191.69,2191.78,2191.58,2191.63,1.3631,2026-03-19 01:10:00
1773882900000,2191.92,2193.2,2191.92,2193.2,0.011,2026-03-19 01:15:00
1773883200000,2188.93,2189.31,2188.06,2189.31,0.7865,2026-03-19 01:20:00
1773883500000,2189.31,2189.31,2189.31,2189.31,0.0,2026-03-19 01:25:00
1773883800000,2193.02,2193.23,2191.86,2191.86,0.069,2026-03-19 01:30:00
1773884100000,2197.09,2197.1,2197.09,2197.1,0.4088,2026-03-19 01:35:00
1773884400000,2199.28,2199.69,2199.28,2199.69,0.0931,2026-03-19 01:40:00
1773884700000,2199.61,2199.61,2199.61,2199.61,0.0227,2026-03-19 01:45:00
1773885000000,2199.61,2199.71,2199.4,2199.71,0.1931,2026-03-19 01:50:00
1773885300000,2199.71,2199.71,2199.71,2199.71,0.0,2026-03-19 01:55:00
1773885600000,2194.21,2195.09,2193.91,2195.09,0.0691,2026-03-19 02:00:00
1773885900000,2199.28,2200.72,2198.45,2198.45,0.03,2026-03-19 02:05:00
1773886200000,2201.37,2201.37,2199.66,2201.03,0.0225,2026-03-19 02:10:00
1773886500000,2200.17,2200.17,2200.17,2200.17,1.0,2026-03-19 02:15:00
1773886800000,2202.12,2202.12,2200.69,2200.69,0.1015,2026-03-19 02:20:00
1773887100000,2199.94,2199.94,2199.94,2199.94,0.0077,2026-03-19 02:25:00
1773887400000,2202.21,2203.68,2201.48,2203.68,0.0228,2026-03-19 02:30:00
1773887700000,2203.58,2203.58,2203.58,2203.58,0.0007,2026-03-19 02:35:00
1773888000000,2203.58,2203.58,2203.58,2203.58,0.0,2026-03-19 02:40:00
1773888300000,2203.45,2203.45,2203.45,2203.45,0.1044,2026-03-19 02:45:00
1773888600000,2203.45,2203.45,2203.45,2203.45,0.0,2026-03-19 02:50:00
1773888900000,2197.69,2197.69,2197.69,2197.69,0.0295,2026-03-19 02:55:00
1773889200000,2197.69,2199.42,2197.69,2199.0,1.0804,2026-03-19 03:00:00
1773889500000,2204.32,2204.67,2204.32,2204.67,0.0136,2026-03-19 03:05:00
1773889800000,2204.97,2206.13,2204.97,2206.13,0.4377,2026-03-19 03:10:00
1773890100000,2206.95,2225.95,2206.8,2225.76,3.5723,2026-03-19 03:15:00
1773890400000,2222.93,2232.8,2222.93,2228.75,3.0719,2026-03-19 03:20:00
1773890700000,2228.75,2233.1,2228.75,2233.1,2.6231,2026-03-19 03:25:00
1773891000000,2228.72,2228.72,2221.48,2221.48,1.5755,2026-03-19 03:30:00
1773891300000,2220.73,2220.73,2216.08,2216.08,0.2944,2026-03-19 03:35:00
1773891600000,2213.69,2213.69,2211.92,2211.92,0.013,2026-03-19 03:40:00
1773891900000,2209.56,2213.41,2207.15,2213.41,0.8557,2026-03-19 03:45:00
1773892200000,2213.41,2213.41,2213.41,2213.41,0.0,2026-03-19 03:50:00
1773892500000,2213.41,2213.41,2213.41,2213.41,0.0,2026-03-19 03:55:00
1773892800000,2210.19,2211.79,2210.19,2211.79,0.2177,2026-03-19 04:00:00
1773893100000,2209.96,2209.96,2200.72,2200.82,1.3419,2026-03-19 04:05:00
1773893400000,2200.82,2200.82,2200.82,2200.82,0.0,2026-03-19 04:10:00
1773893700000,2201.85,2201.85,2198.34,2198.34,0.2783,2026-03-19 04:15:00
1773894000000,2197.06,2197.97,2197.0,2197.97,0.6525,2026-03-19 04:20:00
1773894300000,2196.14,2196.14,2193.91,2193.91,0.7265,2026-03-19 04:25:00
1773894600000,2195.67,2195.67,2195.67,2195.67,0.0372,2026-03-19 04:30:00
1773894900000,2195.35,2195.35,2195.35,2195.35,0.0227,2026-03-19 04:35:00
1773895200000,2192.5,2192.5,2191.53,2191.53,1.4642,2026-03-19 04:40:00
1773895500000,2191.53,2191.53,2191.53,2191.53,0.0,2026-03-19 04:45:00
1773895800000,2191.53,2191.53,2191.53,2191.53,0.0,2026-03-19 04:50:00
1773896100000,2197.87,2197.87,2195.11,2195.11,0.8748,2026-03-19 04:55:00
1773896400000,2193.71,2195.22,2193.71,2195.22,0.6221,2026-03-19 05:00:00
1773896700000,2192.82,2194.31,2191.53,2191.53,10.8329,2026-03-19 05:05:00
1773897000000,2194.53,2194.53,2193.9,2193.9,0.0341,2026-03-19 05:10:00
1773897300000,2193.9,2193.9,2193.9,2193.9,0.0,2026-03-19 05:15:00
1773897600000,2198.46,2198.46,2198.46,2198.46,0.0091,2026-03-19 05:20:00
1773897900000,2190.76,2190.76,2190.76,2190.76,0.068,2026-03-19 05:25:00
1773898200000,2190.0,2190.0,2188.06,2189.52,0.1308,2026-03-19 05:30:00
1773898500000,2189.52,2189.52,2189.52,2189.52,0.0,2026-03-19 05:35:00
1773898800000,2193.13,2193.23,2193.13,2193.23,0.0122,2026-03-19 05:40:00
1773899100000,2188.06,2191.74,2188.06,2191.74,0.0075,2026-03-19 05:45:00
1773899400000,2190.94,2190.94,2190.94,2190.94,0.0137,2026-03-19 05:50:00
1773899700000,2190.39,2190.77,2190.39,2190.77,0.0325,2026-03-19 05:55:00
1773900000000,2190.18,2190.18,2184.65,2184.65,1.2005,2026-03-19 06:00:00
1773900300000,2182.99,2190.92,2182.99,2190.92,0.1553,2026-03-19 06:05:00
1773900600000,2187.65,2188.17,2187.65,2188.17,0.0803,2026-03-19 06:10:00
1773900900000,2188.17,2188.17,2188.17,2188.17,0.0,2026-03-19 06:15:00
1773901200000,2191.62,2191.62,2191.62,2191.62,0.0172,2026-03-19 06:20:00
1773901500000,2191.62,2191.62,2191.62,2191.62,0.0,2026-03-19 06:25:00
1773901800000,2185.22,2185.22,2185.22,2185.22,0.0062,2026-03-19 06:30:00
1773902100000,2182.99,2185.52,2178.22,2185.52,8.2792,2026-03-19 06:35:00
1773902400000,2186.96,2186.96,2186.96,2186.96,0.0296,2026-03-19 06:40:00
1773902700000,2186.8,2186.8,2185.67,2185.67,1.0478,2026-03-19 06:45:00
1773903000000,2185.67,2185.67,2185.67,2185.67,0.0,2026-03-19 06:50:00
1773903300000,2179.06,2180.32,2178.9,2180.32,0.3891,2026-03-19 06:55:00
1773903600000,2178.49,2179.5,2173.77,2179.5,2.9581,2026-03-19 07:00:00
1773903900000,2180.15,2181.87,2170.68,2171.38,6.4089,2026-03-19 07:05:00
1773904200000,2173.46,2173.76,2160.53,2161.15,7.1819,2026-03-19 07:10:00
1773904500000,2163.06,2163.94,2155.16,2160.97,26.7566,2026-03-19 07:15:00
1773904800000,2158.18,2158.18,2142.01,2146.82,12.0234,2026-03-19 07:20:00
1773905100000,2146.99,2159.44,2146.99,2155.57,1.7579,2026-03-19 07:25:00
1773905400000,2154.9,2161.98,2154.9,2161.98,0.5897,2026-03-19 07:30:00
1773905700000,2162.93,2171.46,2162.93,2171.46,1.321,2026-03-19 07:35:00
1773906000000,2170.86,2170.86,2168.84,2168.84,0.3546,2026-03-19 07:40:00
1773906300000,2168.51,2168.51,2164.82,2164.82,2.7208,2026-03-19 07:45:00
1773906600000,2164.82,2164.82,2164.82,2164.82,0.0,2026-03-19 07:50:00
1773906900000,2172.67,2172.67,2166.91,2166.91,1.4937,2026-03-19 07:55:00
1773907200000,2169.46,2169.46,2169.46,2169.46,0.4955,2026-03-19 08:00:00
1773907500000,2164.76,2166.16,2164.76,2165.22,0.9887,2026-03-19 08:05:00
1773907800000,2165.17,2165.17,2165.17,2165.17,0.0692,2026-03-19 08:10:00
1773908100000,2165.17,2165.17,2165.17,2165.17,0.0,2026-03-19 08:15:00
1773908400000,2165.17,2165.17,2165.17,2165.17,0.0,2026-03-19 08:20:00
1773908700000,2160.24,2160.24,2159.11,2159.52,0.0253,2026-03-19 08:25:00
1773909000000,2158.97,2163.57,2158.97,2163.57,0.2771,2026-03-19 08:30:00
1773909300000,2158.64,2160.55,2158.64,2160.55,0.2574,2026-03-19 08:35:00
1773909600000,2159.65,2161.61,2159.65,2161.61,0.8093,2026-03-19 08:40:00
1773909900000,2163.6,2163.6,2163.16,2163.16,0.4773,2026-03-19 08:45:00
1773910200000,2161.75,2161.75,2161.35,2161.35,1.0734,2026-03-19 08:50:00
1773910500000,2161.35,2161.35,2161.35,2161.35,0.0,2026-03-19 08:55:00
1773910800000,2163.0,2165.86,2163.0,2165.86,0.046,2026-03-19 09:00:00
1773911100000,2165.3,2167.69,2165.3,2167.69,1.1594,2026-03-19 09:05:00
1773911400000,2166.19,2166.19,2164.1,2164.1,1.046,2026-03-19 09:10:00
1773911700000,2163.93,2164.11,2163.93,2164.11,0.4978,2026-03-19 09:15:00
1773912000000,2173.39,2185.5,2166.43,2182.71,4.4311,2026-03-19 09:20:00
1773912300000,2180.68,2180.68,2175.79,2175.85,3.4544,2026-03-19 09:25:00
1773912600000,2180.86,2180.86,2178.74,2179.12,2.5449,2026-03-19 09:30:00
1773912900000,2180.1,2180.1,2180.1,2180.1,0.1,2026-03-19 09:35:00
1773913200000,2180.1,2180.1,2180.1,2180.1,0.0,2026-03-19 09:40:00
1773913500000,2180.1,2180.1,2180.1,2180.1,0.0,2026-03-19 09:45:00
1773913800000,2187.23,2188.06,2185.61,2188.06,0.1567,2026-03-19 09:50:00
1773914100000,2186.45,2190.0,2186.45,2187.29,0.5821,2026-03-19 09:55:00
1773914400000,2189.92,2190.92,2186.51,2186.51,0.261,2026-03-19 10:00:00
1773914700000,2188.16,2188.16,2185.76,2185.76,0.2742,2026-03-19 10:05:00
1773915000000,2183.45,2183.9,2183.45,2183.9,0.0153,2026-03-19 10:10:00
1773915300000,2185.37,2185.96,2185.37,2185.96,0.9895,2026-03-19 10:15:00
1773915600000,2182.99,2184.42,2182.99,2183.74,0.9971,2026-03-19 10:20:00
1773915900000,2183.74,2183.74,2183.74,2183.74,0.0,2026-03-19 10:25:00
1773916200000,2180.3,2180.3,2180.3,2180.3,0.4197,2026-03-19 10:30:00
1773916500000,2178.38,2178.38,2178.38,2178.38,0.0061,2026-03-19 10:35:00
1773916800000,2177.05,2177.05,2176.98,2176.98,0.3469,2026-03-19 10:40:00
1773917100000,2176.98,2176.98,2176.98,2176.98,0.0,2026-03-19 10:45:00
1773917400000,2175.79,2175.79,2174.45,2174.45,0.1095,2026-03-19 10:50:00
1773917700000,2175.29,2175.29,2173.77,2173.77,0.1158,2026-03-19 10:55:00
1773918000000,2173.77,2173.77,2173.77,2173.77,2.3186,2026-03-19 11:00:00
1773918300000,2170.92,2171.22,2170.24,2170.89,0.5656,2026-03-19 11:05:00
1773918600000,2170.9,2170.9,2168.89,2170.68,0.968,2026-03-19 11:10:00
1773918900000,2169.83,2172.53,2169.83,2172.53,0.5741,2026-03-19 11:15:00
1773919200000,2173.46,2173.46,2173.46,2173.46,0.0178,2026-03-19 11:20:00
1773919500000,2175.05,2175.05,2175.05,2175.05,0.0115,2026-03-19 11:25:00
1773919800000,2175.05,2175.05,2175.05,2175.05,0.0,2026-03-19 11:30:00
1773920100000,2175.05,2175.05,2175.05,2175.05,0.0,2026-03-19 11:35:00
1773920400000,2167.21,2167.21,2167.21,2167.21,0.1034,2026-03-19 11:40:00
1773920700000,2167.21,2167.21,2167.21,2167.21,0.0,2026-03-19 11:45:00
1773921000000,2169.19,2169.19,2169.19,2169.19,0.092,2026-03-19 11:50:00
1773921300000,2169.19,2169.19,2169.19,2169.19,0.0,2026-03-19 11:55:00
1773921600000,2167.08,2167.4,2163.82,2163.82,0.292,2026-03-19 12:00:00
1773921900000,2162.48,2162.48,2156.65,2158.96,1.9088,2026-03-19 12:05:00
1773922200000,2160.31,2162.72,2160.31,2162.72,0.4693,2026-03-19 12:10:00
1773922500000,2162.72,2162.72,2162.72,2162.72,0.0,2026-03-19 12:15:00
1773922800000,2162.72,2162.72,2162.72,2162.72,0.0,2026-03-19 12:20:00
1773923100000,2154.69,2156.0,2154.69,2156.0,0.3106,2026-03-19 12:25:00
1773923400000,2154.98,2155.1,2153.97,2155.1,0.2223,2026-03-19 12:30:00
1773923700000,2155.1,2155.1,2155.1,2155.1,0.0,2026-03-19 12:35:00
1773924000000,2155.79,2155.79,2154.68,2154.68,0.0837,2026-03-19 12:40:00
1773924300000,2152.02,2152.02,2148.0,2148.0,0.2927,2026-03-19 12:45:00
1773924600000,2145.91,2145.91,2130.88,2132.16,7.5189,2026-03-19 12:50:00
1773924900000,2135.94,2135.94,2131.1,2134.43,2.5504,2026-03-19 12:55:00
1773925200000,2130.95,2134.73,2119.42,2133.57,5.7266,2026-03-19 13:00:00
1773925500000,2132.55,2133.03,2132.55,2133.03,0.4096,2026-03-19 13:05:00
1773925800000,2130.85,2130.85,2118.11,2118.78,0.5641,2026-03-19 13:10:00
1773926100000,2127.13,2127.28,2119.13,2126.8,4.8923,2026-03-19 13:15:00
1773926400000,2130.92,2136.12,2130.92,2135.76,0.3761,2026-03-19 13:20:00
1773926700000,2130.41,2130.41,2129.02,2129.02,0.8471,2026-03-19 13:25:00
1773927000000,2127.63,2128.02,2120.53,2120.53,1.9207,2026-03-19 13:30:00
1773927300000,2120.47,2121.27,2114.72,2114.94,2.9536,2026-03-19 13:35:00
1773927600000,2117.82,2141.94,2112.4,2139.91,4.271,2026-03-19 13:40:00
1773927900000,2135.93,2139.72,2130.64,2139.72,1.2251,2026-03-19 13:45:00
1773928200000,2141.03,2142.04,2139.14,2142.04,2.1234,2026-03-19 13:50:00
1773928500000,2140.24,2140.24,2139.28,2139.28,0.7557,2026-03-19 13:55:00
1773928800000,2140.29,2147.48,2139.73,2140.96,1.1516,2026-03-19 14:00:00
1773929100000,2136.11,2136.11,2128.98,2128.98,0.8164,2026-03-19 14:05:00
1773929400000,2130.02,2134.18,2129.97,2132.2,0.5084,2026-03-19 14:10:00
1773929700000,2121.69,2122.72,2121.17,2122.72,0.5272,2026-03-19 14:15:00
1773930000000,2120.27,2121.85,2118.19,2121.85,1.2068,2026-03-19 14:20:00
1773930300000,2118.1,2118.1,2109.46,2109.46,4.2606,2026-03-19 14:25:00
1773930600000,2109.44,2114.0,2108.86,2112.52,1.3833,2026-03-19 14:30:00
1773930900000,2114.61,2114.61,2102.96,2102.96,1.5107,2026-03-19 14:35:00
1773931200000,2115.13,2115.38,2115.13,2115.38,0.9846,2026-03-19 14:40:00
1773931500000,2114.25,2114.25,2113.07,2113.07,0.7611,2026-03-19 14:45:00
1773931800000,2118.1,2130.87,2117.7,2130.87,5.0923,2026-03-19 14:50:00
1773932100000,2124.02,2124.02,2124.0,2124.0,1.5366,2026-03-19 14:55:00
1773932400000,2120.89,2130.22,2119.89,2130.22,1.5258,2026-03-19 15:00:00
1773932700000,2130.87,2135.26,2129.31,2129.31,1.1525,2026-03-19 15:05:00
1773933000000,2128.16,2128.56,2128.07,2128.13,5.2663,2026-03-19 15:10:00
1773933300000,2129.09,2134.0,2118.1,2118.42,1.9643,2026-03-19 15:15:00
1773933600000,2118.71,2118.71,2112.19,2112.19,1.255,2026-03-19 15:20:00
1773933900000,2114.75,2114.75,2114.75,2114.75,0.75,2026-03-19 15:25:00
1773934200000,2113.03,2114.92,2112.92,2114.92,1.2058,2026-03-19 15:30:00
1773934500000,2111.26,2113.47,2110.61,2113.47,1.6117,2026-03-19 15:35:00
1773934800000,2110.5,2111.32,2105.41,2105.41,3.1259,2026-03-19 15:40:00
1773935100000,2105.0,2118.1,2100.0,2118.1,3.2465,2026-03-19 15:45:00
1773935400000,2118.13,2118.13,2116.54,2117.71,1.2687,2026-03-19 15:50:00
1773935700000,2121.28,2125.77,2119.0,2119.0,3.3561,2026-03-19 15:55:00
1773936000000,2117.8,2118.4,2117.06,2118.4,0.5871,2026-03-19 16:00:00
1773936300000,2114.83,2115.98,2113.77,2115.88,0.1813,2026-03-19 16:05:00
1773936600000,2115.57,2115.67,2114.15,2115.67,2.646,2026-03-19 16:10:00
1773936900000,2115.61,2115.61,2108.93,2108.93,3.1693,2026-03-19 16:15:00
1773937200000,2109.71,2110.69,2107.22,2107.25,1.3758,2026-03-19 16:20:00
1773937500000,2114.98,2114.98,2112.97,2113.82,1.4969,2026-03-19 16:25:00
1773937800000,2109.19,2110.12,2109.19,2110.12,0.0112,2026-03-19 16:30:00
1773938100000,2109.26,2109.7,2108.35,2109.7,0.3203,2026-03-19 16:35:00
1773938400000,2120.12,2120.12,2118.89,2118.89,1.03,2026-03-19 16:40:00
1773938700000,2115.03,2115.03,2115.03,2115.03,0.0071,2026-03-19 16:45:00
1773939000000,2113.8,2113.8,2111.23,2112.84,0.9865,2026-03-19 16:50:00
1773939300000,2112.84,2112.84,2112.84,2112.84,0.0,2026-03-19 16:55:00
1773939600000,2116.62,2116.76,2110.92,2113.01,5.4669,2026-03-19 17:00:00
1773939900000,2112.61,2112.61,2105.41,2105.51,0.4125,2026-03-19 17:05:00
1773940200000,2110.52,2112.92,2108.07,2108.07,0.087,2026-03-19 17:10:00
1773940500000,2108.2,2118.1,2108.2,2118.1,0.1417,2026-03-19 17:15:00
1773940800000,2118.59,2126.45,2118.59,2125.16,1.0462,2026-03-19 17:20:00
1773941100000,2126.94,2126.94,2125.06,2125.06,0.2568,2026-03-19 17:25:00
1773941400000,2120.64,2121.48,2120.64,2121.48,0.2624,2026-03-19 17:30:00
1773941700000,2119.43,2119.43,2115.46,2115.46,0.4095,2026-03-19 17:35:00
1773942000000,2115.46,2115.46,2115.46,2115.46,0.0,2026-03-19 17:40:00
1773942300000,2118.55,2118.55,2117.9,2118.25,2.1089,2026-03-19 17:45:00
1773942600000,2124.17,2130.88,2124.17,2127.95,0.6004,2026-03-19 17:50:00
1773942900000,2127.95,2127.95,2127.95,2127.95,0.0,2026-03-19 17:55:00
1773943200000,2127.08,2127.08,2123.86,2123.86,0.0164,2026-03-19 18:00:00
1773943500000,2122.18,2124.17,2122.18,2124.17,0.0041,2026-03-19 18:05:00
1773943800000,2124.71,2126.8,2124.71,2126.8,0.1501,2026-03-19 18:10:00
1773944100000,2124.22,2124.22,2124.22,2124.22,0.0006,2026-03-19 18:15:00
1773944400000,2122.55,2122.55,2121.59,2122.01,0.3073,2026-03-19 18:20:00
1773944700000,2120.12,2120.12,2120.12,2120.12,0.248,2026-03-19 18:25:00
1773945000000,2118.1,2118.1,2118.1,2118.1,0.1056,2026-03-19 18:30:00
1773945300000,2117.23,2117.23,2116.2,2117.11,0.4324,2026-03-19 18:35:00
1773945600000,2117.11,2117.11,2117.11,2117.11,0.0,2026-03-19 18:40:00
1773945900000,2116.43,2116.56,2116.43,2116.56,0.2624,2026-03-19 18:45:00
1773946200000,2119.66,2119.66,2119.66,2119.66,0.0692,2026-03-19 18:50:00
1773946500000,2124.24,2124.24,2124.24,2124.24,0.2234,2026-03-19 18:55:00
1773946800000,2126.15,2136.33,2126.15,2132.96,0.7615,2026-03-19 19:00:00
1773947100000,2137.0,2146.95,2137.0,2140.87,2.1467,2026-03-19 19:05:00
1773947400000,2140.61,2151.59,2140.61,2149.9,3.4409,2026-03-19 19:10:00
1773947700000,2140.67,2154.0,2140.67,2154.0,1.7453,2026-03-19 19:15:00
1773948000000,2152.63,2152.63,2152.63,2152.63,0.3315,2026-03-19 19:20:00
1773948300000,2151.13,2151.13,2143.27,2144.59,0.5255,2026-03-19 19:25:00
1773948600000,2141.76,2145.86,2141.2,2145.86,0.2978,2026-03-19 19:30:00
1773948900000,2145.86,2145.86,2145.86,2145.86,0.0,2026-03-19 19:35:00
1773949200000,2145.56,2145.56,2145.56,2145.56,0.0054,2026-03-19 19:40:00
1773949500000,2145.96,2145.96,2145.28,2145.28,0.0265,2026-03-19 19:45:00
1773949800000,2145.28,2145.28,2145.28,2145.28,0.0,2026-03-19 19:50:00
1773950100000,2139.9,2139.9,2139.6,2139.6,0.0164,2026-03-19 19:55:00
1773950400000,2139.6,2139.6,2139.6,2139.6,0.0,2026-03-19 20:00:00
1773950700000,2140.51,2140.51,2140.51,2140.51,0.2038,2026-03-19 20:05:00
1773951000000,2140.94,2142.26,2140.94,2142.26,0.2669,2026-03-19 20:10:00
1773951300000,2147.29,2147.29,2142.66,2142.66,0.9543,2026-03-19 20:15:00
1773951600000,2146.93,2146.94,2143.04,2143.04,1.469,2026-03-19 20:20:00
1773951900000,2142.78,2143.4,2142.78,2143.4,0.0186,2026-03-19 20:25:00
1773952200000,2143.4,2143.4,2143.4,2143.4,0.0,2026-03-19 20:30:00
1773952500000,2143.72,2146.33,2143.72,2146.33,0.1213,2026-03-19 20:35:00
1773952800000,2152.61,2152.61,2147.16,2147.16,0.4553,2026-03-19 20:40:00
1773953100000,2148.61,2148.61,2144.27,2144.57,0.5294,2026-03-19 20:45:00
1773953400000,2145.58,2146.39,2145.58,2145.59,10.2948,2026-03-19 20:50:00
1773953700000,2145.87,2145.87,2145.59,2145.59,0.9009,2026-03-19 20:55:00
1773954000000,2147.02,2148.42,2147.02,2148.42,0.0934,2026-03-19 21:00:00
1773954300000,2147.77,2148.28,2147.77,2148.28,0.0078,2026-03-19 21:05:00
1773954600000,2152.75,2154.55,2152.75,2154.55,0.2515,2026-03-19 21:10:00
1773954900000,2153.81,2153.81,2152.13,2152.13,0.0222,2026-03-19 21:15:00
1773955200000,2149.71,2149.71,2146.43,2146.43,0.7868,2026-03-19 21:20:00
1773955500000,2146.43,2146.43,2146.43,2146.43,0.0,2026-03-19 21:25:00
1773955800000,2150.76,2150.76,2148.74,2148.74,0.0087,2026-03-19 21:30:00
1773956100000,2150.08,2150.08,2150.08,2150.08,0.0023,2026-03-19 21:35:00
1773956400000,2148.65,2148.65,2148.65,2148.65,0.3809,2026-03-19 21:40:00
1773956700000,2149.75,2149.75,2148.63,2148.63,0.5202,2026-03-19 21:45:00
1773957000000,2145.45,2149.11,2145.45,2149.11,0.5339,2026-03-19 21:50:00
1773957300000,2149.11,2149.11,2149.11,2149.11,0.0,2026-03-19 21:55:00
1773957600000,2149.11,2149.11,2149.11,2149.11,0.0,2026-03-19 22:00:00
1773957900000,2146.57,2147.85,2144.23,2147.85,0.0269,2026-03-19 22:05:00
1773958200000,2151.04,2151.04,2151.03,2151.03,0.6666,2026-03-19 22:10:00
1773958500000,2151.03,2151.03,2151.03,2151.03,0.0,2026-03-19 22:15:00
1773958800000,2151.03,2151.03,2151.03,2151.03,0.0,2026-03-19 22:20:00
1773959100000,2151.8,2151.8,2150.47,2150.47,0.3378,2026-03-19 22:25:00
1773959400000,2148.63,2148.63,2142.69,2142.93,1.0423,2026-03-19 22:30:00
1773959700000,2134.09,2134.09,2134.09,2134.09,0.4264,2026-03-19 22:35:00
1773960000000,2134.09,2134.09,2134.09,2134.09,0.0,2026-03-19 22:40:00
1773960300000,2139.09,2139.09,2139.09,2139.09,0.0035,2026-03-19 22:45:00
1773960600000,2139.09,2139.09,2139.09,2139.09,0.0,2026-03-19 22:50:00
1773960900000,2138.16,2138.31,2138.16,2138.31,0.1069,2026-03-19 22:55:00
1773961200000,2146.32,2146.32,2146.32,2146.32,0.0014,2026-03-19 23:00:00
1773961500000,2146.5,2146.5,2146.5,2146.5,0.0046,2026-03-19 23:05:00
1773961800000,2146.5,2146.5,2146.5,2146.5,0.0,2026-03-19 23:10:00
1773962100000,2146.5,2146.5,2146.5,2146.5,0.0,2026-03-19 23:15:00
1773962400000,2139.51,2139.51,2139.51,2139.51,0.0105,2026-03-19 23:20:00
1773962700000,2139.51,2139.51,2139.51,2139.51,0.0,2026-03-19 23:25:00
1773963000000,2139.51,2139.51,2139.51,2139.51,0.0,2026-03-19 23:30:00
1773963300000,2136.63,2136.63,2133.01,2133.01,0.4086,2026-03-19 23:35:00
1773963600000,2134.02,2134.3,2133.63,2133.63,0.341,2026-03-19 23:40:00
1773963900000,2133.63,2133.63,2133.63,2133.63,0.0,2026-03-19 23:45:00
1773964200000,2133.63,2133.63,2133.63,2133.63,0.0,2026-03-19 23:50:00
1773964500000,2139.31,2139.31,2137.79,2137.79,0.0056,2026-03-19 23:55:00
1773964800000,2136.17,2136.17,2136.17,2136.17,0.0145,2026-03-20 00:00:00
1773965100000,2136.76,2144.18,2136.76,2142.7,0.0403,2026-03-20 00:05:00
1773965400000,2144.24,2144.68,2143.66,2144.68,0.2786,2026-03-20 00:10:00
1773965700000,2144.68,2147.07,2143.8,2145.51,0.3481,2026-03-20 00:15:00
1773966000000,2145.2,2145.69,2144.71,2145.46,0.0148,2026-03-20 00:20:00
1773966300000,2140.27,2143.06,2139.79,2142.4,0.0141,2026-03-20 00:25:00
1773966600000,2142.86,2145.33,2142.1,2144.93,0.4954,2026-03-20 00:30:00
1773966900000,2144.82,2147.2,2142.7,2147.2,0.0121,2026-03-20 00:35:00
1773967200000,2147.54,2147.85,2145.83,2145.83,0.003,2026-03-20 00:40:00
1773967500000,2146.02,2147.28,2146.02,2147.28,0.0012,2026-03-20 00:45:00
1773967800000,2144.23,2144.23,2144.23,2144.23,0.0452,2026-03-20 00:50:00
1773968100000,2145.11,2145.11,2145.11,2145.11,0.0016,2026-03-20 00:55:00
1773968400000,2148.94,2153.41,2148.94,2150.21,0.6141,2026-03-20 01:00:00
1773968700000,2151.3,2151.3,2151.3,2151.3,0.0234,2026-03-20 01:05:00
1773969000000,2152.45,2152.45,2151.26,2151.26,0.3295,2026-03-20 01:10:00
1773969300000,2149.52,2149.52,2149.52,2149.52,0.0186,2026-03-20 01:15:00
1773969600000,2149.52,2149.52,2149.52,2149.52,0.0,2026-03-20 01:20:00
1773969900000,2151.44,2151.44,2151.29,2151.29,0.281,2026-03-20 01:25:00
1773970200000,2153.48,2153.48,2153.48,2153.48,0.002,2026-03-20 01:30:00
1773970500000,2156.62,2159.13,2156.34,2159.13,0.5516,2026-03-20 01:35:00
1773970800000,2159.73,2160.12,2159.73,2160.12,0.7088,2026-03-20 01:40:00
1773971100000,2160.12,2160.12,2160.12,2160.12,0.0,2026-03-20 01:45:00
1773971400000,2160.12,2160.12,2160.12,2160.12,0.0,2026-03-20 01:50:00
1773971700000,2160.12,2160.12,2160.12,2160.12,0.0,2026-03-20 01:55:00
1773972000000,2149.03,2149.03,2149.03,2149.03,0.0051,2026-03-20 02:00:00
1773972300000,2149.49,2149.49,2149.49,2149.49,0.0233,2026-03-20 02:05:00
1773972600000,2147.35,2147.35,2146.02,2146.21,0.0223,2026-03-20 02:10:00
1773972900000,2145.86,2145.86,2143.73,2143.73,0.1275,2026-03-20 02:15:00
1773973200000,2137.78,2137.78,2137.78,2137.78,0.0933,2026-03-20 02:20:00
1773973500000,2138.22,2138.88,2138.22,2138.88,0.2592,2026-03-20 02:25:00
1773973800000,2137.29,2137.29,2137.29,2137.29,0.0075,2026-03-20 02:30:00
1773974100000,2133.82,2133.82,2133.54,2133.54,0.4846,2026-03-20 02:35:00
1773974400000,2140.49,2142.04,2140.12,2142.04,0.7747,2026-03-20 02:40:00
1773974700000,2142.78,2142.78,2139.92,2141.92,5.521,2026-03-20 02:45:00
1773975000000,2146.05,2146.05,2146.05,2146.05,0.887,2026-03-20 02:50:00
1773975300000,2148.19,2149.15,2147.2,2147.2,0.2518,2026-03-20 02:55:00
1773975600000,2144.59,2146.82,2144.59,2146.82,0.0245,2026-03-20 03:00:00
1773975900000,2146.82,2146.82,2146.82,2146.82,0.0,2026-03-20 03:05:00
1773976200000,2145.59,2147.77,2145.59,2146.56,0.1679,2026-03-20 03:10:00
1773976500000,2146.56,2146.56,2146.56,2146.56,0.0,2026-03-20 03:15:00
1773976800000,2151.01,2151.01,2150.51,2150.51,0.0026,2026-03-20 03:20:00
1773977100000,2149.94,2150.52,2149.94,2150.52,0.0541,2026-03-20 03:25:00
1773977400000,2156.62,2156.65,2156.62,2156.65,0.1283,2026-03-20 03:30:00
1773977700000,2156.65,2156.65,2156.65,2156.65,0.0,2026-03-20 03:35:00
1773978000000,2156.65,2156.65,2156.65,2156.65,0.0,2026-03-20 03:40:00
1773978300000,2156.65,2156.65,2156.65,2156.65,0.0,2026-03-20 03:45:00
1773978600000,2150.27,2153.3,2150.27,2153.3,0.9589,2026-03-20 03:50:00
1773978900000,2153.3,2153.3,2153.3,2153.3,0.0,2026-03-20 03:55:00
1773979200000,2151.39,2153.95,2151.38,2152.49,0.576,2026-03-20 04:00:00
1773979500000,2158.03,2158.03,2158.0,2158.0,5.0,2026-03-20 04:05:00
1773979800000,2158.1,2158.4,2158.1,2158.4,1.0082,2026-03-20 04:10:00
1773980100000,2158.4,2158.4,2158.4,2158.4,0.0,2026-03-20 04:15:00
1773980400000,2155.31,2155.31,2155.31,2155.31,0.0463,2026-03-20 04:20:00
1773980700000,2155.31,2155.31,2155.31,2155.31,0.0,2026-03-20 04:25:00
1773981000000,2146.56,2146.56,2143.7,2143.7,1.4574,2026-03-20 04:30:00
1773981300000,2143.7,2143.7,2143.7,2143.7,0.0,2026-03-20 04:35:00
1773981600000,2141.71,2141.71,2139.88,2139.88,0.0096,2026-03-20 04:40:00
1773981900000,2140.61,2140.61,2140.61,2140.61,0.0326,2026-03-20 04:45:00
1773982200000,2140.61,2140.61,2140.61,2140.61,0.0,2026-03-20 04:50:00
1773982500000,2148.48,2149.13,2148.21,2148.21,0.8274,2026-03-20 04:55:00
1773982800000,2146.29,2151.06,2146.29,2150.15,0.903,2026-03-20 05:00:00
1773983100000,2147.68,2150.88,2147.68,2150.88,0.71,2026-03-20 05:05:00
1773983400000,2149.91,2149.91,2149.91,2149.91,0.0046,2026-03-20 05:10:00
1773983700000,2149.91,2149.91,2149.91,2149.91,0.0,2026-03-20 05:15:00
1773984000000,2148.5,2148.5,2148.5,2148.5,0.0464,2026-03-20 05:20:00
1773984300000,2146.21,2146.21,2143.16,2143.16,1.1215,2026-03-20 05:25:00
1773984600000,2143.16,2143.16,2143.16,2143.16,0.0,2026-03-20 05:30:00
1773984900000,2138.59,2140.05,2138.59,2140.05,0.4476,2026-03-20 05:35:00
1773985200000,2140.05,2140.05,2140.05,2140.05,0.0,2026-03-20 05:40:00
1773985500000,2140.05,2140.05,2140.05,2140.05,0.0,2026-03-20 05:45:00
1773985800000,2140.05,2140.05,2140.05,2140.05,0.0,2026-03-20 05:50:00
1773986100000,2140.05,2140.05,2140.05,2140.05,0.0,2026-03-20 05:55:00
1773986400000,2138.75,2140.84,2138.75,2140.26,1.6589,2026-03-20 06:00:00
1773986700000,2137.69,2137.69,2137.69,2137.69,0.0093,2026-03-20 06:05:00
1773987000000,2137.69,2137.69,2137.69,2137.69,0.0,2026-03-20 06:10:00
1773987300000,2137.69,2137.69,2137.69,2137.69,0.0,2026-03-20 06:15:00
1773987600000,2137.69,2137.69,2137.69,2137.69,0.0,2026-03-20 06:20:00
1773987900000,2137.69,2137.69,2137.69,2137.69,0.0,2026-03-20 06:25:00
1773988200000,2139.96,2140.06,2137.73,2137.73,2.3759,2026-03-20 06:30:00
1773988500000,2137.73,2137.73,2137.73,2137.73,0.0,2026-03-20 06:35:00
1773988800000,2133.54,2133.54,2133.49,2133.49,0.924,2026-03-20 06:40:00
1773989100000,2133.49,2133.49,2133.49,2133.49,0.0,2026-03-20 06:45:00
1773989400000,2133.49,2133.49,2133.49,2133.49,0.0,2026-03-20 06:50:00
1773989700000,2133.49,2133.49,2133.49,2133.49,0.0,2026-03-20 06:55:00
1773990000000,2132.25,2132.25,2122.89,2122.89,0.8003,2026-03-20 07:00:00
1773990300000,2127.31,2131.33,2127.31,2131.33,0.2449,2026-03-20 07:05:00
1773990600000,2131.33,2131.33,2131.33,2131.33,0.0,2026-03-20 07:10:00
1773990900000,2132.12,2132.12,2132.12,2132.12,0.0276,2026-03-20 07:15:00
1773991200000,2133.43,2140.43,2133.43,2140.43,0.6102,2026-03-20 07:20:00
1773991500000,2140.08,2140.08,2140.08,2140.08,0.007,2026-03-20 07:25:00
1773991800000,2141.51,2144.4,2141.51,2144.32,1.1568,2026-03-20 07:30:00
1773992100000,2148.31,2148.31,2148.31,2148.31,0.5632,2026-03-20 07:35:00
1773992400000,2150.52,2151.61,2150.26,2151.61,0.7185,2026-03-20 07:40:00
1773992700000,2152.05,2152.05,2152.05,2152.05,0.2228,2026-03-20 07:45:00
1773993000000,2152.05,2152.05,2152.05,2152.05,0.0,2026-03-20 07:50:00
1773993300000,2152.05,2152.05,2152.05,2152.05,0.0,2026-03-20 07:55:00
1773993600000,2152.05,2152.05,2152.05,2152.05,0.0,2026-03-20 08:00:00
1773993900000,2155.48,2166.53,2155.48,2166.53,1.3849,2026-03-20 08:05:00
1773994200000,2167.04,2176.41,2167.04,2171.94,5.4378,2026-03-20 08:10:00
1773994500000,2168.8,2169.13,2168.8,2169.13,0.2557,2026-03-20 08:15:00
1773994800000,2167.21,2168.15,2167.21,2168.15,0.7449,2026-03-20 08:20:00
1773995100000,2168.27,2168.27,2166.66,2166.66,0.5355,2026-03-20 08:25:00
1773995400000,2163.75,2165.23,2163.75,2165.23,0.4243,2026-03-20 08:30:00
1773995700000,2165.23,2165.23,2165.23,2165.23,0.0,2026-03-20 08:35:00
1773996000000,2165.23,2165.23,2165.23,2165.23,0.0,2026-03-20 08:40:00
1773996300000,2165.23,2165.23,2165.23,2165.23,0.0,2026-03-20 08:45:00
1773996600000,2165.73,2165.73,2165.73,2165.73,1.1544,2026-03-20 08:50:00
1773996900000,2163.62,2163.62,2163.62,2163.62,0.2771,2026-03-20 08:55:00
1773997200000,2158.14,2158.14,2158.14,2158.14,1.1584,2026-03-20 09:00:00
1773997500000,2158.5,2158.5,2156.65,2156.65,0.1152,2026-03-20 09:05:00
1773997800000,2159.28,2159.28,2156.2,2156.2,0.5096,2026-03-20 09:10:00
1773998100000,2153.01,2153.01,2151.61,2151.61,0.2981,2026-03-20 09:15:00
1773998400000,2146.44,2147.2,2143.73,2143.73,0.9904,2026-03-20 09:20:00
1773998700000,2139.56,2143.04,2139.56,2143.04,0.0472,2026-03-20 09:25:00
1773999000000,2145.94,2145.94,2145.94,2145.94,0.07,2026-03-20 09:30:00
1773999300000,2148.04,2148.04,2148.04,2148.04,0.4871,2026-03-20 09:35:00
1773999600000,2146.53,2146.53,2143.84,2146.22,0.3063,2026-03-20 09:40:00
1773999900000,2144.0,2144.0,2142.34,2142.34,0.5875,2026-03-20 09:45:00
1774000200000,2141.89,2141.89,2138.59,2138.59,0.7362,2026-03-20 09:50:00
1774000500000,2138.59,2138.59,2138.59,2138.59,0.0,2026-03-20 09:55:00
1774000800000,2138.06,2138.06,2135.53,2135.53,0.6759,2026-03-20 10:00:00
1774001100000,2135.53,2135.53,2135.53,2135.53,0.0,2026-03-20 10:05:00
1774001400000,2133.54,2134.05,2133.54,2134.05,1.1496,2026-03-20 10:10:00
1774001700000,2132.75,2138.42,2132.75,2135.96,1.7849,2026-03-20 10:15:00
1774002000000,2135.96,2135.96,2135.96,2135.96,0.0,2026-03-20 10:20:00
1774002300000,2135.96,2135.96,2135.96,2135.96,0.0,2026-03-20 10:25:00
1774002600000,2138.4,2139.65,2138.4,2139.65,0.3324,2026-03-20 10:30:00
1774002900000,2139.65,2139.65,2139.65,2139.65,0.0,2026-03-20 10:35:00
1774003200000,2147.22,2148.28,2147.22,2148.28,5.2107,2026-03-20 10:40:00
1774003500000,2148.28,2148.28,2148.28,2148.28,0.0,2026-03-20 10:45:00
1774003800000,2148.28,2148.28,2148.28,2148.28,0.0,2026-03-20 10:50:00
1774004100000,2148.28,2148.28,2148.28,2148.28,0.0,2026-03-20 10:55:00
1774004400000,2150.53,2150.53,2150.53,2150.53,0.0464,2026-03-20 11:00:00
1774004700000,2151.61,2151.66,2151.61,2151.66,0.0735,2026-03-20 11:05:00
1774005000000,2151.7,2158.91,2151.7,2158.0,2.1227,2026-03-20 11:10:00
1774005300000,2152.26,2152.26,2152.26,2152.26,0.4095,2026-03-20 11:15:00
1774005600000,2152.26,2152.26,2152.26,2152.26,0.0,2026-03-20 11:20:00
1774005900000,2151.53,2151.53,2151.53,2151.53,0.0116,2026-03-20 11:25:00
1774006200000,2151.53,2151.53,2151.53,2151.53,0.0,2026-03-20 11:30:00
1774006500000,2143.73,2143.73,2135.68,2138.18,1.9043,2026-03-20 11:35:00
1774006800000,2139.14,2139.14,2137.95,2137.95,0.8399,2026-03-20 11:40:00
1774007100000,2137.95,2137.95,2137.95,2137.95,0.0,2026-03-20 11:45:00
1774007400000,2137.95,2137.95,2137.95,2137.95,0.0,2026-03-20 11:50:00
1774007700000,2140.47,2142.29,2140.47,2142.29,0.0042,2026-03-20 11:55:00
1774008000000,2144.1,2144.1,2140.93,2140.93,0.2478,2026-03-20 12:00:00
1774008300000,2145.23,2151.62,2145.23,2151.62,1.4129,2026-03-20 12:05:00
1774008600000,2150.41,2150.41,2147.15,2147.15,0.1764,2026-03-20 12:10:00
1774008900000,2144.77,2144.77,2144.77,2144.77,0.2576,2026-03-20 12:15:00
1774009200000,2146.95,2148.98,2146.95,2148.98,0.1702,2026-03-20 12:20:00
1774009500000,2148.98,2148.98,2148.98,2148.98,0.0,2026-03-20 12:25:00
1774009800000,2138.59,2138.59,2138.59,2138.59,0.0689,2026-03-20 12:30:00
1774010100000,2138.59,2138.59,2138.59,2138.59,0.0,2026-03-20 12:35:00
1774010400000,2138.59,2138.59,2138.59,2138.59,0.0,2026-03-20 12:40:00
1774010700000,2138.59,2138.59,2138.59,2138.59,0.0,2026-03-20 12:45:00
1774011000000,2138.59,2138.59,2138.59,2138.59,0.0,2026-03-20 12:50:00
1774011300000,2140.85,2140.85,2140.85,2140.85,0.0068,2026-03-20 12:55:00
1774011600000,2142.53,2142.91,2140.26,2141.82,1.1387,2026-03-20 13:00:00
1774011900000,2141.87,2144.25,2141.09,2143.75,0.6179,2026-03-20 13:05:00
1774012200000,2142.47,2142.47,2136.81,2139.21,0.04,2026-03-20 13:10:00
1774012500000,2139.44,2142.01,2139.44,2141.05,0.0073,2026-03-20 13:15:00
1774012800000,2143.33,2145.72,2143.33,2145.72,0.0084,2026-03-20 13:20:00
1774013100000,2146.65,2151.63,2146.15,2146.15,0.3594,2026-03-20 13:25:00
1774013400000,2138.67,2138.67,2128.77,2132.5,3.4246,2026-03-20 13:30:00
1774013700000,2128.45,2137.23,2125.65,2133.28,2.3798,2026-03-20 13:35:00
1774014000000,2132.7,2143.73,2128.39,2140.33,2.2671,2026-03-20 13:40:00
1774014300000,2143.33,2143.33,2137.96,2142.17,1.5894,2026-03-20 13:45:00
1774014600000,2139.06,2139.06,2130.88,2131.36,1.2722,2026-03-20 13:50:00
1774014900000,2130.99,2130.99,2125.65,2127.35,1.4905,2026-03-20 13:55:00
1774015200000,2125.99,2129.77,2118.1,2129.77,1.4843,2026-03-20 14:00:00
1774015500000,2129.78,2129.78,2125.01,2125.01,0.6,2026-03-20 14:05:00
1774015800000,2130.91,2137.0,2124.31,2124.31,1.9532,2026-03-20 14:10:00
1774016100000,2125.1,2127.62,2124.01,2124.01,1.694,2026-03-20 14:15:00
1774016400000,2123.89,2127.76,2123.78,2127.76,1.2791,2026-03-20 14:20:00
1774016700000,2128.55,2138.59,2126.96,2135.22,5.7346,2026-03-20 14:25:00
1774017000000,2136.53,2145.3,2136.53,2145.3,3.4975,2026-03-20 14:30:00
1774017300000,2145.52,2146.72,2137.74,2139.72,0.4773,2026-03-20 14:35:00
1774017600000,2143.12,2143.88,2136.2,2136.2,8.8716,2026-03-20 14:40:00
1774017900000,2136.63,2137.03,2134.31,2134.31,0.3746,2026-03-20 14:45:00
1774018200000,2134.91,2134.91,2125.7,2125.7,0.1476,2026-03-20 14:50:00
1774018500000,2126.75,2131.14,2126.75,2127.83,0.2752,2026-03-20 14:55:00
1774018800000,2132.13,2133.8,2125.06,2126.66,1.2639,2026-03-20 15:00:00
1774019100000,2127.17,2127.17,2120.87,2120.87,0.082,2026-03-20 15:05:00
1774019400000,2123.06,2128.32,2123.06,2128.23,0.7162,2026-03-20 15:10:00
1774019700000,2131.61,2132.2,2124.39,2124.39,5.4424,2026-03-20 15:15:00
1774020000000,2124.63,2136.76,2123.64,2133.65,1.8157,2026-03-20 15:20:00
1774020300000,2128.86,2131.22,2128.23,2131.22,0.5076,2026-03-20 15:25:00
1774020600000,2130.89,2133.58,2130.89,2133.58,0.3986,2026-03-20 15:30:00
1774020900000,2133.06,2133.26,2129.26,2131.64,0.8565,2026-03-20 15:35:00
1774021200000,2131.41,2131.41,2130.81,2130.81,0.0016,2026-03-20 15:40:00
1774021500000,2132.87,2136.3,2130.92,2136.3,0.5322,2026-03-20 15:45:00
1774021800000,2134.81,2137.12,2133.54,2133.54,0.585,2026-03-20 15:50:00
1774022100000,2132.89,2134.14,2132.89,2134.14,0.0029,2026-03-20 15:55:00
1774022400000,2134.4,2138.59,2134.4,2138.59,0.0874,2026-03-20 16:00:00
1774022700000,2137.66,2138.0,2134.39,2137.91,0.0571,2026-03-20 16:05:00
1774023000000,2137.17,2141.89,2137.17,2139.75,0.4974,2026-03-20 16:10:00
1774023300000,2139.93,2143.73,2137.79,2143.14,0.1433,2026-03-20 16:15:00
1774023600000,2144.49,2144.49,2140.4,2140.4,0.2499,2026-03-20 16:20:00
1774023900000,2138.04,2140.15,2138.04,2139.06,0.0028,2026-03-20 16:25:00
1774024200000,2139.87,2139.87,2134.04,2135.7,0.0057,2026-03-20 16:30:00
1774024500000,2135.56,2135.56,2134.05,2134.05,0.0202,2026-03-20 16:35:00
1774024800000,2134.05,2134.05,2134.05,2134.05,0.0,2026-03-20 16:40:00
1774025100000,2135.47,2136.68,2135.47,2136.68,0.2523,2026-03-20 16:45:00
1774025400000,2135.72,2135.78,2135.48,2135.78,2.0306,2026-03-20 16:50:00
1774025700000,2140.0,2140.0,2140.0,2140.0,2.3203,2026-03-20 16:55:00
1774026000000,2138.04,2140.0,2138.04,2138.75,20.2446,2026-03-20 17:00:00
1774026300000,2140.49,2140.49,2137.42,2137.55,1.8394,2026-03-20 17:05:00
1774026600000,2134.06,2135.74,2134.06,2135.74,0.0281,2026-03-20 17:10:00
1774026900000,2132.0,2132.7,2132.0,2132.6,0.0689,2026-03-20 17:15:00
1774027200000,2136.55,2136.73,2136.55,2136.73,0.021,2026-03-20 17:20:00
1774027500000,2136.73,2136.73,2136.73,2136.73,0.0,2026-03-20 17:25:00
1774027800000,2130.88,2130.88,2125.55,2125.55,0.3006,2026-03-20 17:30:00
1774028100000,2126.0,2128.17,2123.18,2128.17,3.1706,2026-03-20 17:35:00
1774028400000,2128.17,2128.17,2128.17,2128.17,0.0,2026-03-20 17:40:00
1774028700000,2126.45,2126.45,2126.45,2126.45,0.2573,2026-03-20 17:45:00
1774029000000,2129.51,2131.34,2129.51,2131.34,0.2728,2026-03-20 17:50:00
1774029300000,2138.56,2139.82,2138.56,2139.82,1.2305,2026-03-20 17:55:00
1774029600000,2136.62,2136.91,2134.61,2134.81,1.1215,2026-03-20 18:00:00
1774029900000,2136.06,2136.06,2133.74,2135.47,0.9045,2026-03-20 18:05:00
1774030200000,2135.75,2135.75,2135.75,2135.75,0.0098,2026-03-20 18:10:00
1774030500000,2133.59,2133.59,2133.59,2133.59,0.251,2026-03-20 18:15:00
1774030800000,2130.55,2130.55,2125.65,2125.65,0.5379,2026-03-20 18:20:00
1774031100000,2128.84,2128.84,2124.72,2124.72,0.5275,2026-03-20 18:25:00
1774031400000,2124.15,2124.68,2121.64,2122.77,2.4726,2026-03-20 18:30:00
1774031700000,2120.49,2120.69,2117.41,2118.1,0.3506,2026-03-20 18:35:00
1774032000000,2124.98,2126.57,2124.98,2126.57,0.4324,2026-03-20 18:40:00
1774032300000,2127.28,2127.73,2122.65,2123.32,7.6098,2026-03-20 18:45:00
1774032600000,2123.1,2126.19,2123.1,2125.63,1.1344,2026-03-20 18:50:00
1774032900000,2126.9,2126.9,2120.71,2122.14,0.5239,2026-03-20 18:55:00
1774033200000,2128.02,2128.02,2126.69,2126.8,0.024,2026-03-20 19:00:00
1774033500000,2125.17,2125.17,2120.52,2122.31,0.0728,2026-03-20 19:05:00
1774033800000,2124.05,2124.05,2121.24,2123.28,0.8232,2026-03-20 19:10:00
1774034100000,2125.81,2126.53,2122.14,2126.33,0.8454,2026-03-20 19:15:00
1774034400000,2127.6,2127.6,2127.6,2127.6,0.2847,2026-03-20 19:20:00
1774034700000,2127.6,2127.6,2127.6,2127.6,0.0,2026-03-20 19:25:00
1774035000000,2127.27,2127.27,2123.29,2125.39,1.0075,2026-03-20 19:30:00
1774035300000,2125.39,2125.39,2125.39,2125.39,0.0,2026-03-20 19:35:00
1774035600000,2123.07,2123.67,2123.07,2123.67,0.8987,2026-03-20 19:40:00
1774035900000,2128.12,2128.12,2127.04,2127.04,0.8424,2026-03-20 19:45:00
1774036200000,2127.99,2131.84,2127.24,2131.84,1.4369,2026-03-20 19:50:00
1774036500000,2132.38,2132.38,2132.38,2132.38,0.0056,2026-03-20 19:55:00
1774036800000,2135.42,2135.42,2135.42,2135.42,0.9,2026-03-20 20:00:00
1774037100000,2133.74,2133.78,2133.74,2133.78,0.0073,2026-03-20 20:05:00
1774037400000,2135.33,2136.68,2135.33,2136.68,0.0159,2026-03-20 20:10:00
1774037700000,2135.45,2135.45,2133.63,2133.78,0.2683,2026-03-20 20:15:00
1774038000000,2133.78,2133.78,2133.78,2133.78,0.0,2026-03-20 20:20:00
1774038300000,2130.3,2130.48,2129.61,2130.48,0.238,2026-03-20 20:25:00
1774038600000,2130.48,2130.48,2130.48,2130.48,0.0,2026-03-20 20:30:00
1774038900000,2126.74,2128.03,2125.22,2128.03,0.296,2026-03-20 20:35:00
1774039200000,2128.03,2128.03,2128.03,2128.03,0.0,2026-03-20 20:40:00
1774039500000,2128.73,2130.94,2128.73,2130.9,0.0242,2026-03-20 20:45:00
1774039800000,2133.41,2133.41,2133.41,2133.41,0.1871,2026-03-20 20:50:00
1774040100000,2133.39,2133.39,2133.39,2133.39,0.1643,2026-03-20 20:55:00
1774040400000,2134.45,2134.46,2131.47,2132.17,0.0629,2026-03-20 21:00:00
1774040700000,2134.09,2134.09,2133.53,2133.83,1.4826,2026-03-20 21:05:00
1774041000000,2132.92,2132.92,2132.0,2132.0,0.4788,2026-03-20 21:10:00
1774041300000,2134.37,2149.39,2134.37,2149.39,2.2337,2026-03-20 21:15:00
1774041600000,2149.15,2149.15,2149.15,2149.15,0.8782,2026-03-20 21:20:00
1774041900000,2149.97,2151.61,2149.76,2150.22,0.1194,2026-03-20 21:25:00
1774042200000,2150.22,2150.22,2150.22,2150.22,0.0,2026-03-20 21:30:00
1774042500000,2152.42,2156.86,2152.25,2154.26,2.3132,2026-03-20 21:35:00
1774042800000,2150.84,2150.84,2143.55,2144.22,2.1667,2026-03-20 21:40:00
1774043100000,2146.78,2146.78,2145.72,2145.72,0.4036,2026-03-20 21:45:00
1774043400000,2147.4,2147.4,2147.4,2147.4,0.1057,2026-03-20 21:50:00
1774043700000,2147.4,2147.4,2147.4,2147.4,0.0349,2026-03-20 21:55:00
1774044000000,2149.38,2166.8,2149.38,2166.8,4.2898,2026-03-20 22:00:00
1774044300000,2167.74,2167.74,2163.24,2164.74,1.4391,2026-03-20 22:05:00
1774044600000,2162.48,2162.48,2159.19,2159.98,0.8269,2026-03-20 22:10:00
1774044900000,2161.74,2161.74,2161.74,2161.74,0.042,2026-03-20 22:15:00
1774045200000,2157.23,2157.99,2156.65,2157.57,0.4234,2026-03-20 22:20:00
1774045500000,2157.57,2157.57,2157.57,2157.57,0.0,2026-03-20 22:25:00
1774045800000,2157.57,2157.57,2157.57,2157.57,0.0,2026-03-20 22:30:00
1774046100000,2157.57,2157.57,2157.57,2157.57,0.0,2026-03-20 22:35:00
1774046400000,2154.73,2155.35,2153.79,2155.35,0.966,2026-03-20 22:40:00
1774046700000,2155.35,2155.35,2155.35,2155.35,0.0,2026-03-20 22:45:00
1774047000000,2155.82,2155.82,2155.82,2155.82,0.0112,2026-03-20 22:50:00
1774047300000,2155.82,2155.82,2155.82,2155.82,0.0,2026-03-20 22:55:00
1774047600000,2153.41,2154.0,2152.1,2152.63,0.0948,2026-03-20 23:00:00
1774047900000,2151.61,2151.61,2149.47,2151.42,0.1073,2026-03-20 23:05:00
1774048200000,2147.31,2147.31,2145.7,2146.54,0.7252,2026-03-20 23:10:00
1774048500000,2145.96,2145.96,2143.49,2143.99,0.1472,2026-03-20 23:15:00
1774048800000,2147.86,2147.86,2147.86,2147.86,0.0023,2026-03-20 23:20:00
1774049100000,2147.86,2147.86,2147.86,2147.86,0.0,2026-03-20 23:25:00
1774049400000,2147.14,2147.14,2147.14,2147.14,0.269,2026-03-20 23:30:00
1774049700000,2147.61,2147.61,2147.61,2147.61,0.1202,2026-03-20 23:35:00
1774050000000,2147.61,2147.61,2147.61,2147.61,0.0,2026-03-20 23:40:00
1774050300000,2146.47,2146.47,2145.87,2145.87,0.039,2026-03-20 23:45:00
1774050600000,2145.87,2145.87,2145.87,2145.87,0.0,2026-03-20 23:50:00
1774050900000,2145.87,2145.87,2145.87,2145.87,0.0,2026-03-20 23:55:00
1774051200000,2148.69,2148.69,2148.69,2148.69,0.0116,2026-03-21 00:00:00
1774051500000,2148.67,2149.33,2148.08,2148.08,0.0169,2026-03-21 00:05:00
1774051800000,2145.72,2146.14,2145.23,2145.69,0.4369,2026-03-21 00:10:00
1774052100000,2146.29,2152.57,2146.29,2152.57,0.6619,2026-03-21 00:15:00
1774052400000,2154.52,2155.0,2150.99,2152.05,0.1759,2026-03-21 00:20:00
1774052700000,2151.57,2152.71,2151.43,2151.43,0.2918,2026-03-21 00:25:00
1774053000000,2148.67,2152.08,2148.39,2151.5,0.0639,2026-03-21 00:30:00
1774053300000,2153.49,2153.49,2153.49,2153.49,0.8813,2026-03-21 00:35:00
1774053600000,2150.08,2150.23,2149.45,2150.23,0.0436,2026-03-21 00:40:00
1774053900000,2150.49,2150.49,2149.57,2149.57,1.0021,2026-03-21 00:45:00
1774054200000,2152.82,2152.82,2152.82,2152.82,0.2131,2026-03-21 00:50:00
1774054500000,2152.88,2152.88,2152.88,2152.88,0.1394,2026-03-21 00:55:00
1774054800000,2154.67,2154.69,2152.8,2152.8,0.2404,2026-03-21 01:00:00
1774055100000,2152.73,2155.91,2152.73,2155.91,0.526,2026-03-21 01:05:00
1774055400000,2156.65,2158.95,2155.9,2155.9,0.3581,2026-03-21 01:10:00
1774055700000,2155.48,2155.48,2154.08,2154.08,1.1685,2026-03-21 01:15:00
1774056000000,2154.08,2154.08,2154.08,2154.08,0.0,2026-03-21 01:20:00
1774056300000,2154.08,2154.08,2154.08,2154.08,0.0,2026-03-21 01:25:00
1774056600000,2151.31,2151.32,2149.68,2149.68,1.4045,2026-03-21 01:30:00
1774056900000,2153.1,2153.1,2153.1,2153.1,0.0019,2026-03-21 01:35:00
1774057200000,2150.38,2150.38,2150.38,2150.38,0.0023,2026-03-21 01:40:00
1774057500000,2148.34,2149.34,2148.34,2149.34,0.2549,2026-03-21 01:45:00
1774057800000,2149.34,2149.34,2149.34,2149.34,0.0,2026-03-21 01:50:00
1774058100000,2148.0,2148.0,2148.0,2148.0,0.0046,2026-03-21 01:55:00
1774058400000,2148.0,2148.0,2148.0,2148.0,0.0,2026-03-21 02:00:00
1774058700000,2149.09,2149.09,2146.6,2148.94,4.4505,2026-03-21 02:05:00
1774059000000,2148.44,2148.52,2147.29,2148.28,0.2378,2026-03-21 02:10:00
1774059300000,2148.28,2148.28,2148.28,2148.28,0.0,2026-03-21 02:15:00
1774059600000,2151.55,2151.55,2151.44,2151.44,0.0384,2026-03-21 02:20:00
1774059900000,2151.48,2152.81,2151.48,2152.81,0.0279,2026-03-21 02:25:00
1774060200000,2152.07,2152.07,2152.07,2152.07,0.0018,2026-03-21 02:30:00
1774060500000,2152.07,2152.07,2152.07,2152.07,0.0,2026-03-21 02:35:00
1774060800000,2153.18,2153.41,2153.18,2153.41,0.1784,2026-03-21 02:40:00
1774061100000,2153.51,2153.92,2153.51,2153.92,0.0178,2026-03-21 02:45:00
1774061400000,2154.28,2156.42,2154.28,2155.81,8.8255,2026-03-21 02:50:00
1774061700000,2155.81,2155.81,2155.81,2155.81,0.0,2026-03-21 02:55:00
1774062000000,2153.2,2153.84,2152.81,2153.19,2.8313,2026-03-21 03:00:00
1774062300000,2153.84,2153.84,2153.35,2153.35,2.5224,2026-03-21 03:05:00
1774062600000,2155.16,2155.89,2153.86,2153.86,0.0115,2026-03-21 03:10:00
1774062900000,2153.86,2153.86,2153.86,2153.86,0.0,2026-03-21 03:15:00
1774063200000,2152.45,2152.45,2152.45,2152.45,0.007,2026-03-21 03:20:00
1774063500000,2152.45,2152.45,2152.45,2152.45,0.0,2026-03-21 03:25:00
1774063800000,2151.76,2151.76,2151.75,2151.75,0.0712,2026-03-21 03:30:00
1774064100000,2151.61,2151.61,2151.1,2151.1,5.0752,2026-03-21 03:35:00
1774064400000,2151.1,2151.1,2151.1,2151.1,0.0,2026-03-21 03:40:00
1774064700000,2151.1,2151.1,2151.1,2151.1,0.0,2026-03-21 03:45:00
1774065000000,2151.1,2151.1,2151.1,2151.1,0.0,2026-03-21 03:50:00
1774065300000,2153.6,2153.6,2153.6,2153.6,0.0019,2026-03-21 03:55:00
1774065600000,2154.97,2155.62,2154.97,2155.07,0.0278,2026-03-21 04:00:00
1774065900000,2157.05,2158.05,2157.05,2158.05,0.8393,2026-03-21 04:05:00
1774066200000,2158.05,2158.05,2158.05,2158.05,0.0,2026-03-21 04:10:00
1774066500000,2156.09,2156.09,2156.09,2156.09,0.0018,2026-03-21 04:15:00
1774066800000,2155.06,2155.06,2155.06,2155.06,0.0447,2026-03-21 04:20:00
1774067100000,2156.92,2156.92,2156.92,2156.92,0.0463,2026-03-21 04:25:00
1774067400000,2151.38,2151.38,2151.38,2151.38,0.0139,2026-03-21 04:30:00
1774067700000,2151.38,2151.38,2151.38,2151.38,0.0,2026-03-21 04:35:00
1774068000000,2151.38,2151.38,2151.38,2151.38,0.0,2026-03-21 04:40:00
1774068300000,2151.38,2151.38,2151.38,2151.38,0.0,2026-03-21 04:45:00
1774068600000,2152.8,2152.8,2152.8,2152.8,0.0074,2026-03-21 04:50:00
1774068900000,2152.8,2152.8,2152.8,2152.8,0.0,2026-03-21 04:55:00
1774069200000,2152.52,2154.24,2152.38,2153.75,3.3912,2026-03-21 05:00:00
1774069500000,2153.45,2153.45,2153.45,2153.45,0.0695,2026-03-21 05:05:00
1774069800000,2153.45,2153.45,2153.45,2153.45,0.0,2026-03-21 05:10:00
1774070100000,2155.45,2155.45,2155.45,2155.45,0.0069,2026-03-21 05:15:00
1774070400000,2155.45,2155.45,2155.45,2155.45,0.0,2026-03-21 05:20:00
1774070700000,2155.96,2155.96,2155.96,2155.96,0.9749,2026-03-21 05:25:00
1774071000000,2156.52,2156.52,2156.05,2156.05,0.0111,2026-03-21 05:30:00
1774071300000,2156.05,2156.05,2156.05,2156.05,0.0,2026-03-21 05:35:00
1774071600000,2156.05,2156.05,2156.05,2156.05,0.0,2026-03-21 05:40:00
1774071900000,2156.05,2156.05,2156.05,2156.05,0.0,2026-03-21 05:45:00
1774072200000,2156.05,2156.05,2156.05,2156.05,0.0,2026-03-21 05:50:00
1774072500000,2153.34,2153.6,2153.34,2153.6,2.6185,2026-03-21 05:55:00
1774072800000,2154.02,2154.04,2153.56,2153.56,0.9886,2026-03-21 06:00:00
1774073100000,2153.56,2153.56,2153.56,2153.56,0.0,2026-03-21 06:05:00
1774073400000,2153.56,2153.56,2153.56,2153.56,0.0,2026-03-21 06:10:00
1774073700000,2152.9,2152.9,2152.9,2152.9,0.0011,2026-03-21 06:15:00
1774074000000,2152.71,2152.71,2152.7,2152.7,1.9114,2026-03-21 06:20:00
1774074300000,2152.7,2152.7,2152.7,2152.7,0.0,2026-03-21 06:25:00
1774074600000,2154.71,2154.71,2154.71,2154.71,0.0024,2026-03-21 06:30:00
1774074900000,2154.71,2154.71,2154.71,2154.71,0.0,2026-03-21 06:35:00
1774075200000,2154.71,2154.71,2154.71,2154.71,0.0,2026-03-21 06:40:00
1774075500000,2153.97,2153.97,2153.96,2153.96,0.0928,2026-03-21 06:45:00
1774075800000,2153.96,2153.96,2153.96,2153.96,0.0,2026-03-21 06:50:00
1774076100000,2153.96,2153.96,2153.96,2153.96,0.0,2026-03-21 06:55:00
1774076400000,2153.96,2153.96,2153.96,2153.96,0.0,2026-03-21 07:00:00
1774076700000,2156.34,2156.34,2155.5,2155.97,0.0132,2026-03-21 07:05:00
1774077000000,2156.17,2156.17,2156.17,2156.17,0.0093,2026-03-21 07:10:00
1774077300000,2156.17,2156.17,2156.17,2156.17,0.0,2026-03-21 07:15:00
1774077600000,2156.17,2156.17,2156.17,2156.17,0.0,2026-03-21 07:20:00
1774077900000,2156.17,2156.17,2156.17,2156.17,0.0,2026-03-21 07:25:00
1774078200000,2156.17,2156.17,2156.17,2156.17,0.0,2026-03-21 07:30:00
1774078500000,2156.17,2156.17,2156.17,2156.17,0.0,2026-03-21 07:35:00
1774078800000,2156.17,2156.17,2156.17,2156.17,0.0,2026-03-21 07:40:00
1774079100000,2156.17,2156.17,2156.17,2156.17,0.0,2026-03-21 07:45:00
1774079400000,2156.17,2156.17,2156.17,2156.17,0.0,2026-03-21 07:50:00
1774079700000,2156.17,2156.17,2156.17,2156.17,0.0,2026-03-21 07:55:00
1774080000000,2155.18,2155.18,2155.18,2155.18,0.0069,2026-03-21 08:00:00
1774080300000,2155.98,2155.98,2155.98,2155.98,0.0023,2026-03-21 08:05:00
1774080600000,2155.98,2155.98,2155.98,2155.98,0.0,2026-03-21 08:10:00
1774080900000,2155.98,2155.98,2155.98,2155.98,0.0,2026-03-21 08:15:00
1774081200000,2155.98,2155.98,2155.98,2155.98,0.0,2026-03-21 08:20:00
1774081500000,2155.98,2155.98,2155.98,2155.98,0.0,2026-03-21 08:25:00
1774081800000,2151.85,2151.85,2151.85,2151.85,5.9929,2026-03-21 08:30:00
1774082100000,2151.85,2151.85,2151.85,2151.85,0.0,2026-03-21 08:35:00
1774082400000,2151.85,2151.85,2151.85,2151.85,0.0,2026-03-21 08:40:00
1774082700000,2151.85,2151.85,2151.85,2151.85,0.0,2026-03-21 08:45:00
1774083000000,2153.8,2153.8,2153.8,2153.8,0.0019,2026-03-21 08:50:00
1774083300000,2153.8,2153.8,2153.8,2153.8,0.0,2026-03-21 08:55:00
1774083600000,2153.8,2153.8,2153.8,2153.8,0.0,2026-03-21 09:00:00
1774083900000,2153.8,2153.8,2153.8,2153.8,0.0,2026-03-21 09:05:00
1774084200000,2153.8,2153.8,2153.8,2153.8,0.0,2026-03-21 09:10:00
1774084500000,2156.44,2156.44,2156.44,2156.44,0.0116,2026-03-21 09:15:00
1774084800000,2156.44,2156.44,2156.44,2156.44,0.0,2026-03-21 09:20:00
1774085100000,2156.44,2156.44,2156.44,2156.44,0.0,2026-03-21 09:25:00
1774085400000,2156.44,2156.44,2156.44,2156.44,0.0,2026-03-21 09:30:00
1774085700000,2156.36,2156.36,2156.36,2156.36,0.75,2026-03-21 09:35:00
1774086000000,2158.18,2158.18,2158.18,2158.18,0.0018,2026-03-21 09:40:00
1774086300000,2158.66,2158.66,2158.66,2158.66,0.0116,2026-03-21 09:45:00
1774086600000,2158.66,2158.66,2158.66,2158.66,0.0,2026-03-21 09:50:00
1774086900000,2158.66,2158.66,2158.66,2158.66,0.0,2026-03-21 09:55:00
1774087200000,2158.66,2158.66,2158.66,2158.66,0.0,2026-03-21 10:00:00
1774087500000,2158.66,2158.66,2158.66,2158.66,0.0,2026-03-21 10:05:00
1774087800000,2158.22,2158.22,2156.29,2156.29,0.0359,2026-03-21 10:10:00
1774088100000,2154.11,2154.11,2154.11,2154.11,0.0056,2026-03-21 10:15:00
1774088400000,2154.11,2154.11,2154.11,2154.11,0.0,2026-03-21 10:20:00
1774088700000,2154.96,2154.96,2154.96,2154.96,0.75,2026-03-21 10:25:00
1774089000000,2154.96,2154.96,2154.96,2154.96,0.0,2026-03-21 10:30:00
1774089300000,2154.96,2154.96,2154.96,2154.96,0.0,2026-03-21 10:35:00
1774089600000,2154.96,2154.96,2154.96,2154.96,0.0,2026-03-21 10:40:00
1774089900000,2154.96,2154.96,2154.96,2154.96,0.0,2026-03-21 10:45:00
1774090200000,2154.96,2154.96,2154.96,2154.96,0.0,2026-03-21 10:50:00
1774090500000,2154.96,2154.96,2154.96,2154.96,0.0,2026-03-21 10:55:00
1774090800000,2154.96,2154.96,2154.96,2154.96,0.0,2026-03-21 11:00:00
1774091100000,2153.29,2153.29,2153.29,2153.29,0.0046,2026-03-21 11:05:00
1774091400000,2153.41,2153.41,2153.41,2153.41,0.0032,2026-03-21 11:10:00
1774091700000,2154.91,2154.91,2154.91,2154.91,0.0214,2026-03-21 11:15:00
1774092000000,2155.81,2155.81,2155.81,2155.81,0.0745,2026-03-21 11:20:00
1774092300000,2155.81,2155.81,2155.81,2155.81,0.0,2026-03-21 11:25:00
1774092600000,2155.81,2155.81,2155.81,2155.81,0.0,2026-03-21 11:30:00
1774092900000,2155.81,2155.81,2155.81,2155.81,0.0,2026-03-21 11:35:00
1774093200000,2155.81,2155.81,2155.81,2155.81,0.0,2026-03-21 11:40:00
1774093500000,2156.82,2156.93,2156.82,2156.93,5.0232,2026-03-21 11:45:00
1774093800000,2156.8,2156.8,2156.8,2156.8,0.0018,2026-03-21 11:50:00
1774094100000,2157.62,2157.62,2157.49,2157.49,0.2442,2026-03-21 11:55:00
1774094400000,2158.73,2158.73,2158.73,2158.73,0.0014,2026-03-21 12:00:00
1774094700000,2158.15,2158.15,2158.15,2158.15,0.0023,2026-03-21 12:05:00
1774095000000,2159.53,2159.56,2159.53,2159.56,0.0158,2026-03-21 12:10:00
1774095300000,2157.66,2157.66,2157.66,2157.66,0.0211,2026-03-21 12:15:00
1774095600000,2160.54,2160.54,2160.54,2160.54,0.2192,2026-03-21 12:20:00
1774095900000,2160.54,2160.54,2160.54,2160.54,0.0,2026-03-21 12:25:00
1774096200000,2160.54,2160.54,2160.54,2160.54,0.0,2026-03-21 12:30:00
1774096500000,2160.54,2160.54,2160.54,2160.54,0.0,2026-03-21 12:35:00
1774096800000,2158.61,2158.61,2158.61,2158.61,0.116,2026-03-21 12:40:00
1774097100000,2158.61,2158.61,2158.61,2158.61,0.0,2026-03-21 12:45:00
1774097400000,2158.61,2158.61,2158.61,2158.61,0.0,2026-03-21 12:50:00
1774097700000,2158.61,2158.61,2158.61,2158.61,0.0,2026-03-21 12:55:00
1774098000000,2157.24,2157.24,2156.97,2156.97,0.0249,2026-03-21 13:00:00
1774098300000,2157.85,2157.85,2157.83,2157.83,0.0803,2026-03-21 13:05:00
1774098600000,2158.12,2158.12,2157.48,2157.48,0.0295,2026-03-21 13:10:00
1774098900000,2157.75,2159.16,2157.75,2159.16,0.0659,2026-03-21 13:15:00
1774099200000,2156.24,2156.24,2156.24,2156.24,0.013,2026-03-21 13:20:00
1774099500000,2156.24,2156.24,2156.24,2156.24,0.0,2026-03-21 13:25:00
1774099800000,2157.64,2157.64,2157.64,2157.64,0.0116,2026-03-21 13:30:00
1774100100000,2157.31,2157.31,2157.31,2157.31,0.0023,2026-03-21 13:35:00
1774100400000,2157.31,2157.31,2157.31,2157.31,0.0,2026-03-21 13:40:00
1774100700000,2157.31,2157.31,2157.31,2157.31,0.0,2026-03-21 13:45:00
1774101000000,2156.1,2156.11,2156.1,2156.11,1.0,2026-03-21 13:50:00
1774101300000,2156.11,2156.11,2156.11,2156.11,0.0,2026-03-21 13:55:00
1774101600000,2156.31,2156.31,2156.31,2156.31,0.0465,2026-03-21 14:00:00
1774101900000,2157.79,2157.79,2157.79,2157.79,0.0578,2026-03-21 14:05:00
1774102200000,2157.73,2168.16,2157.73,2166.76,145.0438,2026-03-21 14:10:00
1774102500000,2164.32,2164.32,2164.32,2164.32,0.0904,2026-03-21 14:15:00
1774102800000,2164.05,2164.05,2163.02,2163.02,0.0739,2026-03-21 14:20:00
1774103100000,2161.95,2161.95,2161.68,2161.68,0.0052,2026-03-21 14:25:00
1774103400000,2161.61,2162.4,2161.61,2161.77,0.5102,2026-03-21 14:30:00
1774103700000,2162.98,2162.98,2162.82,2162.82,0.9139,2026-03-21 14:35:00
1774104000000,2161.89,2162.33,2161.89,2162.33,0.1633,2026-03-21 14:40:00
1774104300000,2161.08,2161.48,2161.08,2161.48,0.0206,2026-03-21 14:45:00
1774104600000,2155.85,2155.85,2154.0,2154.0,0.0101,2026-03-21 14:50:00
1774104900000,2152.14,2152.14,2151.46,2151.46,0.0963,2026-03-21 14:55:00
1774105200000,2152.52,2153.68,2152.52,2153.68,0.0348,2026-03-21 15:00:00
1774105500000,2151.69,2152.65,2151.69,2152.65,0.0065,2026-03-21 15:05:00
1774105800000,2153.32,2153.32,2153.32,2153.32,0.0185,2026-03-21 15:10:00
1774106100000,2153.12,2153.82,2148.43,2148.43,1.2618,2026-03-21 15:15:00
1774106400000,2148.43,2148.43,2148.43,2148.43,0.0,2026-03-21 15:20:00
1774106700000,2152.14,2152.14,2152.14,2152.14,0.0045,2026-03-21 15:25:00
1774107000000,2154.0,2155.85,2154.0,2155.85,0.0277,2026-03-21 15:30:00
1774107300000,2154.31,2154.31,2154.31,2154.31,0.0648,2026-03-21 15:35:00
1774107600000,2154.31,2154.31,2154.31,2154.31,0.0,2026-03-21 15:40:00
1774107900000,2154.68,2154.68,2154.33,2154.33,0.2621,2026-03-21 15:45:00
1774108200000,2153.76,2153.76,2153.55,2153.55,2.9281,2026-03-21 15:50:00
1774108500000,2154.71,2154.71,2154.71,2154.71,0.0077,2026-03-21 15:55:00
1774108800000,2154.68,2154.68,2154.03,2154.57,2.763,2026-03-21 16:00:00
1774109100000,2155.42,2155.82,2155.42,2155.82,0.0041,2026-03-21 16:05:00
1774109400000,2153.92,2153.92,2152.14,2152.14,0.0066,2026-03-21 16:10:00
1774109700000,2152.79,2152.79,2152.79,2152.79,0.279,2026-03-21 16:15:00
1774110000000,2151.41,2151.41,2151.41,2151.41,0.0046,2026-03-21 16:20:00
1774110300000,2150.37,2151.41,2148.43,2148.43,0.9262,2026-03-21 16:25:00
1774110600000,2150.53,2150.53,2150.53,2150.53,0.009,2026-03-21 16:30:00
1774110900000,2150.53,2150.53,2150.53,2150.53,0.0,2026-03-21 16:35:00
1774111200000,2147.98,2147.98,2147.98,2147.98,0.0054,2026-03-21 16:40:00
1774111500000,2149.71,2150.92,2149.71,2150.92,0.0108,2026-03-21 16:45:00
1774111800000,2149.0,2149.4,2148.12,2148.12,0.0369,2026-03-21 16:50:00
1774112100000,2146.57,2146.57,2146.57,2146.57,0.0046,2026-03-21 16:55:00
1774112400000,2146.67,2147.67,2146.67,2147.67,0.1951,2026-03-21 17:00:00
1774112700000,2148.17,2148.17,2143.49,2143.53,0.1797,2026-03-21 17:05:00
1774113000000,2143.46,2144.81,2143.46,2144.81,0.0108,2026-03-21 17:10:00
1774113300000,2145.19,2145.74,2145.19,2145.74,0.0461,2026-03-21 17:15:00
1774113600000,2146.48,2147.42,2146.48,2147.42,0.0081,2026-03-21 17:20:00
1774113900000,2147.42,2147.42,2147.42,2147.42,0.0,2026-03-21 17:25:00
1774114200000,2147.48,2148.43,2147.48,2148.42,0.0309,2026-03-21 17:30:00
1774114500000,2149.06,2149.31,2149.06,2149.31,0.0051,2026-03-21 17:35:00
1774114800000,2149.95,2150.28,2149.55,2149.55,0.4881,2026-03-21 17:40:00
1774115100000,2149.55,2149.55,2149.55,2149.55,0.0,2026-03-21 17:45:00
1774115400000,2148.7,2148.7,2148.7,2148.7,1.0026,2026-03-21 17:50:00
1774115700000,2147.93,2148.99,2147.93,2148.99,0.0082,2026-03-21 17:55:00
1774116000000,2148.93,2149.97,2148.51,2149.97,0.0361,2026-03-21 18:00:00
1774116300000,2148.34,2149.42,2147.57,2149.42,0.018,2026-03-21 18:05:00
1774116600000,2149.42,2149.42,2149.42,2149.42,0.0,2026-03-21 18:10:00
1774116900000,2150.04,2150.75,2150.04,2150.75,0.7736,2026-03-21 18:15:00
1774117200000,2151.41,2152.14,2151.41,2152.14,0.0304,2026-03-21 18:20:00
1774117500000,2152.14,2152.14,2152.14,2152.14,0.0,2026-03-21 18:25:00
1774117800000,2151.9,2153.03,2151.31,2153.03,1.0141,2026-03-21 18:30:00
1774118100000,2153.03,2153.03,2153.03,2153.03,0.0,2026-03-21 18:35:00
1774118400000,2154.0,2154.0,2154.0,2154.0,0.0045,2026-03-21 18:40:00
1774118700000,2154.0,2154.0,2154.0,2154.0,0.0,2026-03-21 18:45:00
1774119000000,2150.72,2151.02,2148.71,2148.71,2.6631,2026-03-21 18:50:00
1774119300000,2148.71,2148.71,2148.71,2148.71,0.0,2026-03-21 18:55:00
1774119600000,2152.71,2152.75,2152.68,2152.68,0.2414,2026-03-21 19:00:00
1774119900000,2152.13,2152.13,2152.0,2152.0,0.0162,2026-03-21 19:05:00
1774120200000,2152.18,2152.31,2152.18,2152.31,0.8497,2026-03-21 19:10:00
1774120500000,2151.73,2151.73,2151.15,2151.15,0.0081,2026-03-21 19:15:00
1774120800000,2152.29,2152.39,2152.29,2152.39,0.293,2026-03-21 19:20:00
1774121100000,2152.96,2153.33,2152.44,2153.33,0.01,2026-03-21 19:25:00
1774121400000,2151.64,2151.64,2150.33,2150.33,0.0115,2026-03-21 19:30:00
1774121700000,2150.04,2151.2,2149.87,2149.87,0.014,2026-03-21 19:35:00
1774122000000,2149.06,2149.59,2149.06,2149.59,0.0023,2026-03-21 19:40:00
1774122300000,2150.71,2151.0,2150.71,2151.0,0.0014,2026-03-21 19:45:00
1774122600000,2150.75,2151.49,2150.02,2151.49,0.0316,2026-03-21 19:50:00
1774122900000,2150.98,2152.93,2150.98,2152.38,1.2072,2026-03-21 19:55:00
1774123200000,2152.58,2153.45,2152.05,2152.05,0.3881,2026-03-21 20:00:00
1774123500000,2150.9,2151.04,2150.81,2151.04,0.0125,2026-03-21 20:05:00
1774123800000,2151.89,2153.65,2151.89,2153.29,0.0097,2026-03-21 20:10:00
1774124100000,2152.43,2152.43,2150.66,2152.17,1.0023,2026-03-21 20:15:00
1774124400000,2151.89,2155.1,2151.89,2155.1,0.0198,2026-03-21 20:20:00
1774124700000,2154.21,2154.21,2153.57,2153.76,0.0971,2026-03-21 20:25:00
1774125000000,2155.3,2155.71,2154.65,2154.66,0.2349,2026-03-21 20:30:00
1774125300000,2153.97,2155.85,2153.97,2155.84,1.1577,2026-03-21 20:35:00
1774125600000,2156.3,2156.3,2155.59,2155.59,0.3581,2026-03-21 20:40:00
1774125900000,2155.51,2156.27,2155.51,2156.27,0.6064,2026-03-21 20:45:00
1774126200000,2155.93,2155.94,2154.81,2155.24,0.073,2026-03-21 20:50:00
1774126500000,2155.82,2156.22,2155.8,2155.8,0.0256,2026-03-21 20:55:00
1774126800000,2156.2,2156.2,2154.14,2154.14,0.0628,2026-03-21 21:00:00
1774127100000,2154.92,2156.65,2154.92,2156.65,0.2395,2026-03-21 21:05:00
1774127400000,2156.03,2156.03,2153.82,2154.66,0.0124,2026-03-21 21:10:00
1774127700000,2154.67,2154.67,2153.84,2154.44,0.2168,2026-03-21 21:15:00
1774128000000,2154.5,2154.77,2153.97,2154.77,0.0028,2026-03-21 21:20:00
1774128300000,2154.07,2154.78,2154.07,2154.76,0.0304,2026-03-21 21:25:00
1774128600000,2154.35,2154.93,2153.68,2154.43,0.0046,2026-03-21 21:30:00
1774128900000,2154.21,2155.03,2154.21,2155.03,0.0109,2026-03-21 21:35:00
1774129200000,2155.28,2155.59,2155.21,2155.59,0.0039,2026-03-21 21:40:00
1774129500000,2154.52,2155.61,2154.52,2155.45,0.2959,2026-03-21 21:45:00
1774129800000,2155.93,2155.93,2155.03,2155.24,0.0035,2026-03-21 21:50:00
1774130100000,2154.19,2154.19,2153.94,2153.94,0.0079,2026-03-21 21:55:00
1774130400000,2152.14,2152.14,2150.4,2150.4,0.007,2026-03-21 22:00:00
1774130700000,2151.14,2153.08,2151.14,2151.31,0.0269,2026-03-21 22:05:00
1774131000000,2151.61,2151.84,2151.61,2151.84,0.0019,2026-03-21 22:10:00
1774131300000,2152.22,2152.22,2151.95,2151.95,0.159,2026-03-21 22:15:00
1774131600000,2151.82,2151.82,2151.23,2151.25,0.002,2026-03-21 22:20:00
1774131900000,2151.55,2151.55,2150.28,2150.28,0.0249,2026-03-21 22:25:00
1774132200000,2150.28,2150.28,2149.91,2150.15,0.0069,2026-03-21 22:30:00
1774132500000,2152.59,2152.59,2152.59,2152.59,0.0278,2026-03-21 22:35:00
1774132800000,2153.03,2153.03,2153.03,2153.03,0.0019,2026-03-21 22:40:00
1774133100000,2153.03,2153.03,2153.03,2153.03,0.0,2026-03-21 22:45:00
1774133400000,2153.03,2153.03,2153.03,2153.03,0.0,2026-03-21 22:50:00
1774133700000,2153.03,2153.03,2153.03,2153.03,0.0,2026-03-21 22:55:00
1774134000000,2148.87,2148.87,2147.65,2147.85,1.1527,2026-03-21 23:00:00
1774134300000,2147.85,2147.85,2147.85,2147.85,0.0,2026-03-21 23:05:00
1774134600000,2147.2,2147.2,2146.57,2146.57,0.0394,2026-03-21 23:10:00
1774134900000,2146.48,2146.48,2146.48,2146.48,0.0469,2026-03-21 23:15:00
1774135200000,2147.32,2147.32,2147.32,2147.32,0.0046,2026-03-21 23:20:00
1774135500000,2145.27,2145.27,2144.72,2144.72,0.0088,2026-03-21 23:25:00
1774135800000,2144.72,2144.72,2144.72,2144.72,3.5419,2026-03-21 23:30:00
1774136100000,2145.52,2145.52,2145.52,2145.52,0.0328,2026-03-21 23:35:00
1774136400000,2145.52,2145.52,2145.52,2145.52,0.0,2026-03-21 23:40:00
1774136700000,2142.95,2142.95,2123.25,2123.25,8.1182,2026-03-21 23:45:00
1774137000000,2121.55,2125.0,2086.0,2086.0,23.5929,2026-03-21 23:50:00
1774137300000,2085.99,2092.75,2071.7,2083.97,22.8562,2026-03-21 23:55:00
1774137600000,2079.34,2079.5,2051.04,2059.92,31.3124,2026-03-22 00:00:00
1774137900000,2056.15,2079.08,2056.15,2079.08,1.6739,2026-03-22 00:05:00
1774138200000,2076.44,2078.13,2068.84,2069.5,5.823,2026-03-22 00:10:00
1774138500000,2076.3,2081.43,2076.3,2081.0,10.4585,2026-03-22 00:15:00
1774138800000,2077.65,2079.44,2073.74,2079.44,1.9547,2026-03-22 00:20:00
1774139100000,2079.38,2085.92,2078.21,2085.92,1.1308,2026-03-22 00:25:00
1774139400000,2087.87,2090.82,2087.62,2089.58,2.2034,2026-03-22 00:30:00
1774139700000,2090.82,2094.61,2090.17,2090.43,3.6494,2026-03-22 00:35:00
1774140000000,2090.47,2090.47,2088.86,2088.86,0.4068,2026-03-22 00:40:00
1774140300000,2094.42,2094.6,2092.08,2093.95,23.7942,2026-03-22 00:45:00
1774140600000,2088.13,2088.13,2081.0,2084.62,1.7591,2026-03-22 00:50:00
1774140900000,2084.13,2084.13,2084.13,2084.13,0.0714,2026-03-22 00:55:00
1774141200000,2091.13,2091.13,2087.73,2087.73,0.5311,2026-03-22 01:00:00
1774141500000,2087.6,2088.1,2086.68,2086.68,2.8437,2026-03-22 01:05:00
1774141800000,2085.91,2086.58,2085.91,2086.58,0.9028,2026-03-22 01:10:00
1774142100000,2086.58,2086.58,2086.58,2086.58,0.0,2026-03-22 01:15:00
1774142400000,2090.97,2090.97,2090.97,2090.97,0.3511,2026-03-22 01:20:00
1774142700000,2090.97,2090.97,2090.97,2090.97,0.0,2026-03-22 01:25:00
1774143000000,2090.81,2091.02,2090.81,2091.02,1.5,2026-03-22 01:30:00
1774143300000,2083.36,2083.36,2083.36,2083.36,0.2659,2026-03-22 01:35:00
1774143600000,2083.36,2083.36,2083.36,2083.36,0.0,2026-03-22 01:40:00
1774143900000,2083.36,2083.36,2083.36,2083.36,0.0,2026-03-22 01:45:00
1774144200000,2083.36,2083.36,2083.36,2083.36,0.0,2026-03-22 01:50:00
1774144500000,2089.75,2090.12,2089.75,2090.12,0.8473,2026-03-22 01:55:00
1774144800000,2092.02,2093.21,2092.02,2093.07,0.0929,2026-03-22 02:00:00
1774145100000,2093.07,2093.07,2093.07,2093.07,0.0,2026-03-22 02:05:00
1774145400000,2089.42,2091.8,2089.42,2091.8,0.0153,2026-03-22 02:10:00
1774145700000,2091.27,2091.27,2091.27,2091.27,0.0053,2026-03-22 02:15:00
1774146000000,2091.57,2093.04,2089.81,2093.04,0.0405,2026-03-22 02:20:00
1774146300000,2094.04,2108.56,2094.04,2108.56,0.4593,2026-03-22 02:25:00
1774146600000,2105.03,2105.03,2100.19,2103.24,1.2014,2026-03-22 02:30:00
1774146900000,2103.24,2103.24,2103.24,2103.24,0.0,2026-03-22 02:35:00
1774147200000,2101.82,2101.82,2101.82,2101.82,0.0024,2026-03-22 02:40:00
1774147500000,2099.83,2104.23,2098.56,2104.23,0.7692,2026-03-22 02:45:00
1774147800000,2101.6,2101.6,2101.6,2101.6,0.0006,2026-03-22 02:50:00
1774148100000,2101.6,2101.6,2101.6,2101.6,0.0,2026-03-22 02:55:00
1774148400000,2101.2,2101.24,2098.96,2098.96,0.0852,2026-03-22 03:00:00
1774148700000,2099.44,2099.96,2099.44,2099.96,0.0289,2026-03-22 03:05:00
1774149000000,2105.25,2105.25,2105.25,2105.25,0.0047,2026-03-22 03:10:00
1774149300000,2105.25,2105.25,2105.25,2105.25,0.0,2026-03-22 03:15:00
1774149600000,2105.58,2105.58,2105.39,2105.39,0.8731,2026-03-22 03:20:00
1774149900000,2108.49,2116.74,2108.49,2116.68,1.1962,2026-03-22 03:25:00
1774150200000,2118.09,2118.1,2116.27,2117.14,0.6873,2026-03-22 03:30:00
1774150500000,2117.07,2125.65,2117.07,2119.56,1.6705,2026-03-22 03:35:00
1774150800000,2119.56,2119.56,2119.56,2119.56,0.0,2026-03-22 03:40:00
1774151100000,2118.36,2118.85,2114.69,2114.69,0.2676,2026-03-22 03:45:00
1774151400000,2113.7,2113.7,2113.3,2113.3,0.7813,2026-03-22 03:50:00
1774151700000,2113.76,2113.76,2113.75,2113.75,0.1371,2026-03-22 03:55:00
1774152000000,2114.54,2118.16,2114.54,2117.0,0.8376,2026-03-22 04:00:00
1774152300000,2117.0,2117.0,2117.0,2117.0,0.0,2026-03-22 04:05:00
1774152600000,2117.0,2117.0,2117.0,2117.0,0.0,2026-03-22 04:10:00
1774152900000,2118.06,2122.0,2117.54,2117.54,0.7518,2026-03-22 04:15:00
1774153200000,2115.5,2115.5,2109.21,2110.92,2.8911,2026-03-22 04:20:00
1774153500000,2112.33,2112.33,2112.33,2112.33,0.75,2026-03-22 04:25:00
1774153800000,2114.28,2115.28,2114.28,2115.28,0.6976,2026-03-22 04:30:00
1774154100000,2118.23,2118.23,2118.23,2118.23,0.2771,2026-03-22 04:35:00
1774154400000,2118.23,2118.23,2118.23,2118.23,0.0,2026-03-22 04:40:00
1774154700000,2117.68,2120.67,2117.68,2119.5,2.839,2026-03-22 04:45:00
1774155000000,2119.91,2120.86,2118.94,2118.94,0.9521,2026-03-22 04:50:00
1774155300000,2119.09,2119.09,2119.09,2119.09,0.0044,2026-03-22 04:55:00
1774155600000,2117.53,2118.46,2117.11,2118.46,2.5566,2026-03-22 05:00:00
1774155900000,2119.62,2119.62,2119.62,2119.62,0.0235,2026-03-22 05:05:00
1774156200000,2118.1,2118.1,2118.1,2118.1,0.0057,2026-03-22 05:10:00
1774156500000,2117.27,2117.27,2117.27,2117.27,0.048,2026-03-22 05:15:00
1774156800000,2117.87,2117.87,2117.87,2117.87,0.9,2026-03-22 05:20:00
1774157100000,2117.66,2119.17,2114.89,2114.89,1.8123,2026-03-22 05:25:00
1774157400000,2116.83,2117.82,2116.83,2117.68,4.307,2026-03-22 05:30:00
1774157700000,2114.84,2114.84,2114.84,2114.84,0.75,2026-03-22 05:35:00
1774158000000,2114.84,2114.84,2114.84,2114.84,0.0,2026-03-22 05:40:00
1774158300000,2116.95,2116.95,2116.95,2116.95,0.0509,2026-03-22 05:45:00
1774158600000,2116.95,2116.95,2116.95,2116.95,0.0,2026-03-22 05:50:00
1774158900000,2116.95,2116.95,2116.95,2116.95,0.0,2026-03-22 05:55:00
1774159200000,2111.95,2111.95,2111.95,2111.95,0.0033,2026-03-22 06:00:00
1774159500000,2109.16,2109.16,2109.16,2109.16,0.0047,2026-03-22 06:05:00
1774159800000,2110.92,2110.92,2110.66,2110.66,0.3112,2026-03-22 06:10:00
1774160100000,2108.14,2109.04,2108.14,2109.04,0.0532,2026-03-22 06:15:00
1774160400000,2111.83,2111.83,2110.97,2110.97,0.2363,2026-03-22 06:20:00
1774160700000,2110.17,2110.17,2110.17,2110.17,0.9,2026-03-22 06:25:00
1774161000000,2110.17,2110.17,2110.17,2110.17,0.0,2026-03-22 06:30:00
1774161300000,2110.17,2110.17,2110.17,2110.17,0.0,2026-03-22 06:35:00
1774161600000,2110.17,2110.17,2110.17,2110.17,0.0,2026-03-22 06:40:00
1774161900000,2110.17,2110.17,2110.17,2110.17,0.0,2026-03-22 06:45:00
1774162200000,2110.17,2110.17,2110.17,2110.17,0.0024,2026-03-22 06:50:00
1774162500000,2108.93,2108.93,2108.93,2108.93,0.0071,2026-03-22 06:55:00
1774162800000,2108.93,2108.93,2108.93,2108.93,0.0,2026-03-22 07:00:00
1774163100000,2110.07,2110.07,2109.02,2109.02,0.0108,2026-03-22 07:05:00
1774163400000,2110.39,2110.39,2110.39,2110.39,0.0095,2026-03-22 07:10:00
1774163700000,2110.39,2110.39,2110.39,2110.39,0.0,2026-03-22 07:15:00
1774164000000,2110.39,2110.39,2110.39,2110.39,0.0,2026-03-22 07:20:00
1774164300000,2110.39,2110.39,2110.39,2110.39,0.0,2026-03-22 07:25:00
1774164600000,2108.94,2108.94,2105.41,2105.43,0.113,2026-03-22 07:30:00
1774164900000,2104.32,2104.32,2100.0,2100.0,2.8518,2026-03-22 07:35:00
1774165200000,2098.95,2100.25,2098.35,2098.35,0.3752,2026-03-22 07:40:00
1774165500000,2097.77,2102.09,2096.29,2102.09,0.5193,2026-03-22 07:45:00
1774165800000,2102.09,2102.09,2102.09,2102.09,0.0,2026-03-22 07:50:00
1774166100000,2097.47,2097.47,2093.0,2093.0,0.9314,2026-03-22 07:55:00
1774166400000,2092.79,2094.97,2085.74,2086.22,0.721,2026-03-22 08:00:00
1774166700000,2090.36,2090.99,2089.27,2089.27,0.9206,2026-03-22 08:05:00
1774167000000,2089.27,2089.27,2089.27,2089.27,0.0,2026-03-22 08:10:00
1774167300000,2089.27,2089.27,2089.27,2089.27,0.0,2026-03-22 08:15:00
1774167600000,2083.89,2085.45,2080.19,2080.19,1.0535,2026-03-22 08:20:00
1774167900000,2087.05,2087.05,2075.73,2079.6,4.0714,2026-03-22 08:25:00
1774168200000,2077.3,2079.37,2076.97,2078.56,2.1319,2026-03-22 08:30:00
1774168500000,2078.56,2078.56,2078.56,2078.56,0.0,2026-03-22 08:35:00
1774168800000,2080.65,2080.65,2080.65,2080.65,0.75,2026-03-22 08:40:00
1774169100000,2080.65,2080.65,2080.65,2080.65,0.0,2026-03-22 08:45:00
1774169400000,2080.65,2080.65,2080.65,2080.65,0.0,2026-03-22 08:50:00
1774169700000,2083.33,2087.23,2083.33,2087.23,0.1263,2026-03-22 08:55:00
1774170000000,2087.23,2087.23,2087.23,2087.23,0.0,2026-03-22 09:00:00
1774170300000,2090.5,2090.5,2090.48,2090.48,0.0575,2026-03-22 09:05:00
1774170600000,2089.94,2090.1,2089.94,2090.1,0.0363,2026-03-22 09:10:00
1774170900000,2092.79,2094.12,2083.76,2084.1,1.8393,2026-03-22 09:15:00
1774171200000,2084.1,2084.1,2084.1,2084.1,0.0,2026-03-22 09:20:00
1774171500000,2080.24,2080.44,2080.24,2080.44,0.1118,2026-03-22 09:25:00
1774171800000,2080.44,2080.44,2080.44,2080.44,0.0,2026-03-22 09:30:00
1774172100000,2080.44,2080.44,2080.44,2080.44,0.0,2026-03-22 09:35:00
1774172400000,2086.89,2086.89,2086.89,2086.89,0.3631,2026-03-22 09:40:00
1774172700000,2086.89,2086.89,2086.89,2086.89,0.0,2026-03-22 09:45:00
1774173000000,2083.22,2083.85,2083.22,2083.85,1.0179,2026-03-22 09:50:00
1774173300000,2083.85,2083.85,2083.85,2083.85,0.0,2026-03-22 09:55:00
1774173600000,2083.85,2083.85,2083.85,2083.85,0.0,2026-03-22 10:00:00
1774173900000,2083.85,2083.85,2083.85,2083.85,0.0,2026-03-22 10:05:00
1774174200000,2083.85,2083.85,2083.85,2083.85,0.0,2026-03-22 10:10:00
1774174500000,2082.85,2082.85,2082.85,2082.85,0.037,2026-03-22 10:15:00
1774174800000,2082.85,2082.85,2082.85,2082.85,0.0,2026-03-22 10:20:00
1774175100000,2082.85,2082.85,2082.85,2082.85,0.0,2026-03-22 10:25:00
1774175400000,2082.31,2082.31,2082.31,2082.31,0.0144,2026-03-22 10:30:00
1774175700000,2080.33,2080.33,2080.33,2080.33,0.0192,2026-03-22 10:35:00
1774176000000,2080.33,2080.33,2080.33,2080.33,0.0,2026-03-22 10:40:00
1774176300000,2080.33,2080.33,2080.33,2080.33,0.0,2026-03-22 10:45:00
1774176600000,2082.72,2082.73,2082.72,2082.73,0.0413,2026-03-22 10:50:00
1774176900000,2082.73,2082.73,2082.73,2082.73,0.0,2026-03-22 10:55:00
1774177200000,2080.96,2081.0,2080.96,2081.0,0.2657,2026-03-22 11:00:00
1774177500000,2082.01,2082.01,2082.01,2082.01,0.0048,2026-03-22 11:05:00
1774177800000,2082.39,2082.39,2082.39,2082.39,0.0033,2026-03-22 11:10:00
1774178100000,2081.66,2081.66,2081.66,2081.66,0.012,2026-03-22 11:15:00
1774178400000,2081.66,2081.66,2081.66,2081.66,0.0,2026-03-22 11:20:00
1774178700000,2077.24,2077.24,2076.9,2076.9,1.024,2026-03-22 11:25:00
1774179000000,2076.9,2076.9,2076.9,2076.9,0.0,2026-03-22 11:30:00
1774179300000,2079.78,2081.67,2079.45,2081.67,0.2167,2026-03-22 11:35:00
1774179600000,2074.28,2074.28,2067.77,2071.02,1.2102,2026-03-22 11:40:00
1774179900000,2072.49,2073.8,2072.49,2073.8,0.0092,2026-03-22 11:45:00
1774180200000,2068.7,2068.7,2068.33,2068.33,0.2319,2026-03-22 11:50:00
1774180500000,2068.33,2068.33,2068.33,2068.33,0.0,2026-03-22 11:55:00
1774180800000,2071.49,2071.49,2071.49,2071.49,0.0014,2026-03-22 12:00:00
1774181100000,2072.95,2073.18,2071.29,2073.18,0.0231,2026-03-22 12:05:00
1774181400000,2074.4,2074.4,2074.4,2074.4,0.0024,2026-03-22 12:10:00
1774181700000,2074.4,2074.4,2074.4,2074.4,0.0,2026-03-22 12:15:00
1774182000000,2080.24,2080.61,2080.24,2080.39,0.5005,2026-03-22 12:20:00
1774182300000,2081.86,2085.92,2081.86,2084.72,0.998,2026-03-22 12:25:00
1774182600000,2082.64,2082.64,2082.64,2082.64,0.105,2026-03-22 12:30:00
1774182900000,2082.02,2082.02,2082.02,2082.02,0.024,2026-03-22 12:35:00
1774183200000,2082.02,2082.02,2082.02,2082.02,0.0,2026-03-22 12:40:00
1774183500000,2084.43,2084.43,2083.52,2083.52,2.6539,2026-03-22 12:45:00
1774183800000,2083.52,2083.52,2083.52,2083.52,0.0,2026-03-22 12:50:00
1774184100000,2083.52,2083.52,2083.52,2083.52,0.0,2026-03-22 12:55:00
1774184400000,2083.51,2090.82,2083.51,2089.11,0.0386,2026-03-22 13:00:00
1774184700000,2087.59,2087.59,2087.31,2087.31,0.0829,2026-03-22 13:05:00
1774185000000,2088.47,2089.11,2086.34,2086.34,0.0324,2026-03-22 13:10:00
1774185300000,2086.34,2086.34,2086.34,2086.34,0.0,2026-03-22 13:15:00
1774185600000,2086.34,2086.34,2086.34,2086.34,0.0,2026-03-22 13:20:00
1774185900000,2086.34,2086.34,2086.34,2086.34,0.0,2026-03-22 13:25:00
1774186200000,2086.34,2086.34,2086.34,2086.34,0.0,2026-03-22 13:30:00
1774186500000,2086.34,2086.34,2086.34,2086.34,0.0,2026-03-22 13:35:00
1774186800000,2077.49,2077.49,2076.34,2076.34,1.7665,2026-03-22 13:40:00
1774187100000,2076.34,2076.34,2076.34,2076.34,0.0,2026-03-22 13:45:00
1774187400000,2078.61,2078.61,2078.61,2078.61,0.0147,2026-03-22 13:50:00
1774187700000,2078.61,2078.61,2078.61,2078.61,0.0,2026-03-22 13:55:00
1774188000000,2079.77,2079.84,2075.96,2075.96,0.7023,2026-03-22 14:00:00
1774188300000,2076.64,2076.64,2076.64,2076.64,0.048,2026-03-22 14:05:00
1774188600000,2078.07,2079.89,2078.07,2079.89,0.043,2026-03-22 14:10:00
1774188900000,2079.67,2079.98,2079.03,2079.03,0.0662,2026-03-22 14:15:00
1774189200000,2081.21,2081.21,2081.21,2081.21,0.037,2026-03-22 14:20:00
1774189500000,2081.68,2081.68,2079.15,2079.15,1.0763,2026-03-22 14:25:00
1774189800000,2079.15,2079.15,2079.15,2079.15,0.0,2026-03-22 14:30:00
1774190100000,2080.57,2080.57,2080.57,2080.57,0.0048,2026-03-22 14:35:00
1774190400000,2082.11,2082.11,2079.63,2079.63,5.9,2026-03-22 14:40:00
1774190700000,2080.0,2080.0,2080.0,2080.0,3.643,2026-03-22 14:45:00
1774191000000,2080.0,2080.0,2080.0,2080.0,0.0,2026-03-22 14:50:00
1774191300000,2078.28,2078.28,2078.28,2078.28,0.1344,2026-03-22 14:55:00
1774191600000,2081.87,2081.87,2081.24,2081.24,0.0892,2026-03-22 15:00:00
1774191900000,2081.09,2082.74,2081.09,2082.74,0.6095,2026-03-22 15:05:00
1774192200000,2081.77,2082.24,2081.77,2082.24,0.1292,2026-03-22 15:10:00
1774192500000,2084.29,2084.29,2083.37,2083.37,0.2669,2026-03-22 15:15:00
1774192800000,2078.1,2078.1,2078.1,2078.1,0.2041,2026-03-22 15:20:00
1774193100000,2078.1,2078.1,2078.1,2078.1,0.0,2026-03-22 15:25:00
1774193400000,2080.19,2080.19,2080.19,2080.19,0.021,2026-03-22 15:30:00
1774193700000,2077.32,2078.09,2077.32,2078.09,0.1384,2026-03-22 15:35:00
1774194000000,2080.37,2080.37,2080.37,2080.37,0.012,2026-03-22 15:40:00
1774194300000,2080.2,2080.2,2080.2,2080.2,0.0203,2026-03-22 15:45:00
1774194600000,2080.2,2080.2,2080.2,2080.2,0.0,2026-03-22 15:50:00
1774194900000,2082.14,2082.14,2081.06,2081.06,0.0072,2026-03-22 15:55:00
1774195200000,2082.12,2082.12,2081.38,2081.38,0.2567,2026-03-22 16:00:00
1774195500000,2082.8,2083.6,2082.36,2082.36,0.7562,2026-03-22 16:05:00
1774195800000,2081.33,2081.77,2081.33,2081.77,0.0336,2026-03-22 16:10:00
1774196100000,2081.29,2082.27,2081.29,2082.27,0.9099,2026-03-22 16:15:00
1774196400000,2081.51,2081.51,2081.51,2081.51,0.0175,2026-03-22 16:20:00
1774196700000,2079.97,2079.97,2079.97,2079.97,0.0096,2026-03-22 16:25:00
1774197000000,2079.97,2079.97,2079.97,2079.97,0.0,2026-03-22 16:30:00
1774197300000,2079.97,2079.97,2079.97,2079.97,0.0,2026-03-22 16:35:00
1774197600000,2080.28,2080.28,2078.85,2078.85,2.0576,2026-03-22 16:40:00
1774197900000,2078.85,2078.85,2078.85,2078.85,0.0,2026-03-22 16:45:00
1774198200000,2078.85,2078.85,2078.85,2078.85,0.0,2026-03-22 16:50:00
1774198500000,2078.85,2078.85,2078.85,2078.85,0.0,2026-03-22 16:55:00
1774198800000,2081.81,2082.54,2081.33,2082.28,0.1189,2026-03-22 17:00:00
1774199100000,2082.19,2082.86,2082.19,2082.31,1.021,2026-03-22 17:05:00
1774199400000,2083.16,2083.16,2083.04,2083.04,0.3328,2026-03-22 17:10:00
1774199700000,2083.04,2083.04,2083.04,2083.04,0.0,2026-03-22 17:15:00
1774200000000,2083.09,2083.09,2083.09,2083.09,0.0446,2026-03-22 17:20:00
1774200300000,2083.09,2083.09,2083.09,2083.09,0.0,2026-03-22 17:25:00
1774200600000,2083.09,2083.09,2083.09,2083.09,0.0,2026-03-22 17:30:00
1774200900000,2081.78,2081.78,2081.76,2081.76,1.8,2026-03-22 17:35:00
1774201200000,2081.76,2081.76,2081.76,2081.76,0.0,2026-03-22 17:40:00
1774201500000,2081.76,2081.76,2081.76,2081.76,0.0,2026-03-22 17:45:00
1774201800000,2081.76,2081.76,2081.76,2081.76,0.0,2026-03-22 17:50:00
1774202100000,2081.76,2081.76,2081.76,2081.76,0.0,2026-03-22 17:55:00
1774202400000,2078.69,2078.95,2076.13,2077.09,1.2073,2026-03-22 18:00:00
1774202700000,2078.06,2079.74,2078.06,2079.74,0.036,2026-03-22 18:05:00
1774203000000,2079.74,2079.74,2079.74,2079.74,0.0,2026-03-22 18:10:00
1774203300000,2079.74,2079.74,2079.74,2079.74,0.0,2026-03-22 18:15:00
1774203600000,2079.74,2079.74,2079.74,2079.74,0.0,2026-03-22 18:20:00
1774203900000,2077.19,2078.16,2077.19,2078.16,0.2956,2026-03-22 18:25:00
1774204200000,2079.57,2079.57,2070.95,2070.95,2.9982,2026-03-22 18:30:00
1774204500000,2068.44,2070.73,2058.0,2065.31,5.9348,2026-03-22 18:35:00
1774204800000,2066.44,2066.44,2066.44,2066.44,0.0058,2026-03-22 18:40:00
1774205100000,2069.27,2069.27,2069.27,2069.27,0.006,2026-03-22 18:45:00
1774205400000,2070.95,2071.55,2068.06,2069.19,0.0571,2026-03-22 18:50:00
1774205700000,2071.91,2071.94,2071.91,2071.94,0.0883,2026-03-22 18:55:00
1774206000000,2072.18,2072.18,2064.53,2064.53,3.3823,2026-03-22 19:00:00
1774206300000,2064.82,2066.57,2064.82,2066.57,0.7867,2026-03-22 19:05:00
1774206600000,2060.88,2063.6,2060.8,2060.8,8.221,2026-03-22 19:10:00
1774206900000,2062.58,2062.58,2059.76,2059.85,0.9396,2026-03-22 19:15:00
1774207200000,2061.38,2061.38,2061.11,2061.11,1.8312,2026-03-22 19:20:00
1774207500000,2061.56,2061.56,2061.56,2061.56,0.0753,2026-03-22 19:25:00
1774207800000,2059.03,2059.03,2055.38,2058.27,1.2341,2026-03-22 19:30:00
1774208100000,2064.13,2064.13,2063.9,2063.9,0.227,2026-03-22 19:35:00
1774208400000,2066.52,2066.52,2066.12,2066.12,0.3081,2026-03-22 19:40:00
1774208700000,2065.63,2065.63,2060.58,2060.58,1.8342,2026-03-22 19:45:00
1774209000000,2061.24,2062.33,2061.24,2062.33,0.7622,2026-03-22 19:50:00
1774209300000,2063.03,2063.03,2063.03,2063.03,0.0969,2026-03-22 19:55:00
1774209600000,2063.16,2068.53,2063.16,2067.29,2.1673,2026-03-22 20:00:00
1774209900000,2067.29,2067.29,2067.29,2067.29,0.0,2026-03-22 20:05:00
1774210200000,2067.41,2067.41,2066.61,2067.33,0.0364,2026-03-22 20:10:00
1774210500000,2067.33,2067.33,2067.33,2067.33,0.0,2026-03-22 20:15:00
1774210800000,2070.95,2071.71,2069.92,2069.92,0.2688,2026-03-22 20:20:00
1774211100000,2065.47,2065.47,2064.37,2064.37,0.274,2026-03-22 20:25:00
1774211400000,2064.22,2064.22,2064.22,2064.22,0.75,2026-03-22 20:30:00
1774211700000,2063.46,2063.46,2063.46,2063.46,0.0121,2026-03-22 20:35:00
1774212000000,2063.98,2063.98,2063.98,2063.98,0.75,2026-03-22 20:40:00
1774212300000,2065.77,2065.77,2064.23,2064.23,0.3094,2026-03-22 20:45:00
1774212600000,2059.76,2059.76,2059.45,2059.45,0.2552,2026-03-22 20:50:00
1774212900000,2059.06,2060.13,2059.06,2060.13,0.0129,2026-03-22 20:55:00
1774213200000,2059.6,2060.04,2054.02,2055.07,0.1418,2026-03-22 21:00:00
1774213500000,2054.95,2054.95,2030.0,2048.56,18.5193,2026-03-22 21:05:00
1774213800000,2044.94,2044.94,2038.74,2039.88,8.1375,2026-03-22 21:10:00
1774214100000,2040.15,2040.15,2028.62,2028.62,2.9302,2026-03-22 21:15:00
1774214400000,2028.07,2035.64,2026.81,2035.64,1.1802,2026-03-22 21:20:00
1774214700000,2034.0,2043.8,2034.0,2043.12,0.1912,2026-03-22 21:25:00
1774215000000,2041.0,2041.0,2041.0,2041.0,0.0217,2026-03-22 21:30:00
1774215300000,2041.33,2044.26,2038.02,2044.26,0.0633,2026-03-22 21:35:00
1774215600000,2045.4,2045.49,2045.01,2045.01,0.056,2026-03-22 21:40:00
1774215900000,2040.19,2040.19,2040.18,2040.18,1.1577,2026-03-22 21:45:00
1774216200000,2043.95,2047.49,2043.95,2047.49,0.7529,2026-03-22 21:50:00
1774216500000,2041.87,2045.56,2041.87,2044.29,0.4997,2026-03-22 21:55:00
1774216800000,2045.9,2048.19,2033.34,2044.69,1.01,2026-03-22 22:00:00
1774217100000,2046.63,2050.01,2046.63,2050.01,0.0422,2026-03-22 22:05:00
1774217400000,2052.77,2052.77,2044.06,2044.06,0.5065,2026-03-22 22:10:00
1774217700000,2044.06,2044.06,2044.06,2044.06,0.0,2026-03-22 22:15:00
1774218000000,2044.9,2047.4,2044.9,2047.4,0.3196,2026-03-22 22:20:00
1774218300000,2052.46,2065.38,2051.54,2065.38,1.5234,2026-03-22 22:25:00
1774218600000,2061.27,2063.3,2058.55,2058.55,1.8694,2026-03-22 22:30:00
1774218900000,2058.55,2058.55,2058.55,2058.55,0.0,2026-03-22 22:35:00
1774219200000,2056.34,2056.34,2056.34,2056.34,0.2134,2026-03-22 22:40:00
1774219500000,2056.61,2056.61,2056.61,2056.61,0.0242,2026-03-22 22:45:00
1774219800000,2061.08,2061.08,2061.08,2061.08,0.0483,2026-03-22 22:50:00
1774220100000,2062.66,2062.66,2062.66,2062.66,0.0967,2026-03-22 22:55:00
1774220400000,2062.27,2067.39,2062.27,2065.82,0.9204,2026-03-22 23:00:00
1774220700000,2062.02,2064.29,2062.02,2064.29,0.0135,2026-03-22 23:05:00
1774221000000,2067.39,2073.23,2067.39,2073.23,0.2007,2026-03-22 23:10:00
1774221300000,2066.98,2066.98,2066.98,2066.98,0.2498,2026-03-22 23:15:00
1774221600000,2061.18,2061.18,2061.18,2061.18,0.5309,2026-03-22 23:20:00
1774221900000,2061.18,2061.18,2061.18,2061.18,0.0,2026-03-22 23:25:00
1774222200000,2061.18,2061.18,2061.18,2061.18,0.0,2026-03-22 23:30:00
1774222500000,2059.4,2060.89,2059.4,2060.89,1.502,2026-03-22 23:35:00
1774222800000,2060.89,2060.89,2060.89,2060.89,0.0,2026-03-22 23:40:00
1774223100000,2061.35,2061.35,2055.38,2055.38,0.2143,2026-03-22 23:45:00
1774223400000,2053.65,2053.7,2051.82,2051.82,0.6139,2026-03-22 23:50:00
1774223700000,2052.85,2052.85,2052.85,2052.85,0.4422,2026-03-22 23:55:00
1774224000000,2054.45,2054.65,2054.26,2054.65,0.3906,2026-03-23 00:00:00
1774224300000,2053.91,2055.49,2049.36,2055.49,0.0893,2026-03-23 00:05:00
1774224600000,2055.49,2055.49,2055.49,2055.49,0.0,2026-03-23 00:10:00
1774224900000,2056.7,2056.7,2052.13,2055.48,0.0054,2026-03-23 00:15:00
1774225200000,2053.81,2058.51,2053.81,2057.63,0.3527,2026-03-23 00:20:00
1774225500000,2058.64,2059.04,2053.96,2053.96,0.0073,2026-03-23 00:25:00
1774225800000,2053.74,2053.74,2046.22,2046.89,0.2659,2026-03-23 00:30:00
1774226100000,2045.27,2045.27,2039.45,2042.02,4.5786,2026-03-23 00:35:00
1774226400000,2037.76,2046.11,2037.34,2046.11,0.7354,2026-03-23 00:40:00
1774226700000,2047.14,2049.01,2046.06,2049.01,0.2749,2026-03-23 00:45:00
1774227000000,2051.46,2052.78,2051.46,2052.78,0.0682,2026-03-23 00:50:00
1774227300000,2044.64,2044.64,2042.87,2042.87,0.2429,2026-03-23 00:55:00
1774227600000,2043.24,2047.1,2043.24,2047.1,0.0029,2026-03-23 01:00:00
1774227900000,2044.08,2054.5,2044.08,2054.5,3.0599,2026-03-23 01:05:00
1774228200000,2054.5,2054.5,2054.5,2054.5,0.0,2026-03-23 01:10:00
1774228500000,2055.38,2058.05,2055.38,2058.05,0.5681,2026-03-23 01:15:00
1774228800000,2059.16,2061.74,2056.73,2061.46,1.7884,2026-03-23 01:20:00
1774229100000,2061.61,2061.61,2060.28,2060.28,0.9348,2026-03-23 01:25:00
1774229400000,2061.08,2061.08,2061.08,2061.08,0.2314,2026-03-23 01:30:00
1774229700000,2056.16,2056.16,2056.16,2056.16,0.2674,2026-03-23 01:35:00
1774230000000,2054.17,2054.51,2052.32,2054.03,8.6959,2026-03-23 01:40:00
1774230300000,2055.13,2058.76,2053.0,2053.0,0.2875,2026-03-23 01:45:00
1774230600000,2049.02,2052.71,2049.02,2052.71,1.2159,2026-03-23 01:50:00
1774230900000,2051.06,2051.54,2047.68,2047.68,0.6419,2026-03-23 01:55:00
1774231200000,2047.63,2047.63,2047.63,2047.63,0.0243,2026-03-23 02:00:00
1774231500000,2049.28,2051.87,2047.41,2051.87,1.2043,2026-03-23 02:05:00
1774231800000,2054.77,2057.54,2048.54,2048.54,2.4834,2026-03-23 02:10:00
1774232100000,2048.03,2048.54,2047.39,2048.54,1.293,2026-03-23 02:15:00
1774232400000,2055.28,2056.85,2055.28,2056.85,1.7146,2026-03-23 02:20:00
1774232700000,2062.32,2067.77,2061.85,2067.68,3.1486,2026-03-23 02:25:00
1774233000000,2067.64,2067.64,2064.44,2064.44,0.9369,2026-03-23 02:30:00
1774233300000,2065.44,2065.44,2065.44,2065.44,0.2632,2026-03-23 02:35:00
1774233600000,2064.38,2065.44,2061.54,2061.54,1.9042,2026-03-23 02:40:00
1774233900000,2061.54,2061.54,2061.54,2061.54,0.0,2026-03-23 02:45:00
1774234200000,2059.69,2059.69,2059.69,2059.69,0.0244,2026-03-23 02:50:00
1774234500000,2061.38,2063.79,2061.38,2063.59,0.0132,2026-03-23 02:55:00
1774234800000,2063.89,2071.19,2063.89,2070.29,1.4244,2026-03-23 03:00:00
1774235100000,2070.29,2070.29,2070.29,2070.29,0.0,2026-03-23 03:05:00
1774235400000,2064.94,2064.94,2064.94,2064.94,0.0048,2026-03-23 03:10:00
1774235700000,2064.94,2064.94,2064.94,2064.94,0.0,2026-03-23 03:15:00
1774236000000,2058.44,2058.44,2056.92,2056.92,0.2641,2026-03-23 03:20:00
1774236300000,2056.0,2056.54,2055.4,2056.54,0.1023,2026-03-23 03:25:00
1774236600000,2055.8,2056.66,2054.63,2054.63,0.5917,2026-03-23 03:30:00
1774236900000,2056.03,2056.03,2056.03,2056.03,0.4435,2026-03-23 03:35:00
1774237200000,2052.78,2052.78,2051.9,2051.9,0.0599,2026-03-23 03:40:00
1774237500000,2051.9,2051.9,2051.9,2051.9,0.0,2026-03-23 03:45:00
1774237800000,2054.93,2054.93,2054.93,2054.93,0.0042,2026-03-23 03:50:00
1774238100000,2052.19,2053.04,2052.19,2052.46,0.0039,2026-03-23 03:55:00
1774238400000,2052.85,2054.41,2052.36,2052.61,0.1991,2026-03-23 04:00:00
1774238700000,2052.77,2052.77,2052.01,2052.01,0.0306,2026-03-23 04:05:00
1774239000000,2053.73,2053.73,2053.73,2053.73,0.0015,2026-03-23 04:10:00
1774239300000,2052.41,2052.41,2052.41,2052.41,0.0121,2026-03-23 04:15:00
1774239600000,2052.41,2052.41,2052.41,2052.41,0.0,2026-03-23 04:20:00
1774239900000,2055.55,2055.55,2055.28,2055.46,0.251,2026-03-23 04:25:00
1774240200000,2055.46,2055.46,2055.46,2055.46,0.0,2026-03-23 04:30:00
1774240500000,2059.33,2061.7,2059.32,2061.7,3.1769,2026-03-23 04:35:00
1774240800000,2059.32,2059.32,2057.01,2057.01,3.6253,2026-03-23 04:40:00
1774241100000,2056.93,2056.93,2056.93,2056.93,0.0121,2026-03-23 04:45:00
1774241400000,2058.89,2063.39,2058.89,2063.39,0.7834,2026-03-23 04:50:00
1774241700000,2063.41,2066.11,2063.24,2066.11,1.9196,2026-03-23 04:55:00
1774242000000,2066.19,2069.85,2066.19,2068.75,1.9741,2026-03-23 05:00:00
1774242300000,2068.32,2068.89,2068.32,2068.33,2.9472,2026-03-23 05:05:00
1774242600000,2066.34,2070.02,2066.34,2070.02,0.5752,2026-03-23 05:10:00
1774242900000,2070.02,2070.02,2070.02,2070.02,0.0,2026-03-23 05:15:00
1774243200000,2070.02,2070.02,2070.02,2070.02,0.0,2026-03-23 05:20:00
1774243500000,2066.12,2066.12,2066.12,2066.12,0.1962,2026-03-23 05:25:00
1774243800000,2064.14,2064.14,2064.14,2064.14,0.4286,2026-03-23 05:30:00
1774244100000,2065.55,2069.18,2065.48,2065.48,1.0311,2026-03-23 05:35:00
1774244400000,2064.26,2064.26,2064.26,2064.26,0.0145,2026-03-23 05:40:00
1774244700000,2064.14,2064.14,2064.14,2064.14,0.2541,2026-03-23 05:45:00
1774245000000,2062.52,2062.52,2062.48,2062.48,0.2905,2026-03-23 05:50:00
1774245300000,2069.57,2069.57,2069.57,2069.57,0.0138,2026-03-23 05:55:00
1774245600000,2063.23,2063.35,2063.22,2063.35,0.0947,2026-03-23 06:00:00
1774245900000,2063.35,2063.35,2063.35,2063.35,0.0,2026-03-23 06:05:00
1774246200000,2058.9,2058.9,2058.9,2058.9,0.0024,2026-03-23 06:10:00
1774246500000,2059.02,2061.22,2059.02,2059.59,0.0823,2026-03-23 06:15:00
1774246800000,2059.59,2059.59,2059.59,2059.59,0.0,2026-03-23 06:20:00
1774247100000,2059.59,2059.59,2059.59,2059.59,0.0,2026-03-23 06:25:00
1774247400000,2055.38,2055.38,2055.38,2055.38,0.1088,2026-03-23 06:30:00
1774247700000,2052.78,2052.78,2039.45,2039.45,3.7576,2026-03-23 06:35:00
1774248000000,2040.94,2040.94,2029.2,2035.38,8.7832,2026-03-23 06:40:00
1774248300000,2033.24,2033.24,2032.71,2032.71,0.2218,2026-03-23 06:45:00
1774248600000,2031.03,2036.07,2031.03,2035.44,0.924,2026-03-23 06:50:00
1774248900000,2035.98,2035.98,2035.98,2035.98,0.2662,2026-03-23 06:55:00
1774249200000,2037.1,2037.1,2031.08,2031.08,0.2729,2026-03-23 07:00:00
1774249500000,2028.07,2035.85,2024.12,2034.43,29.4903,2026-03-23 07:05:00
1774249800000,2035.73,2038.55,2035.73,2038.55,0.1748,2026-03-23 07:10:00
1774250100000,2037.35,2037.41,2035.45,2037.41,0.5159,2026-03-23 07:15:00
1774250400000,2037.41,2037.41,2037.41,2037.41,0.0,2026-03-23 07:20:00
1774250700000,2031.48,2031.48,2031.03,2031.03,1.1583,2026-03-23 07:25:00
1774251000000,2036.36,2036.36,2035.31,2035.31,1.0543,2026-03-23 07:30:00
1774251300000,2039.45,2047.27,2039.45,2045.59,0.8193,2026-03-23 07:35:00
1774251600000,2045.58,2045.74,2045.58,2045.74,0.0342,2026-03-23 07:40:00
1774251900000,2047.74,2047.74,2047.74,2047.74,0.0732,2026-03-23 07:45:00
1774252200000,2047.74,2047.74,2047.74,2047.74,0.0,2026-03-23 07:50:00
1774252500000,2047.74,2047.74,2047.74,2047.74,0.0,2026-03-23 07:55:00
1774252800000,2047.74,2047.74,2047.74,2047.74,0.0,2026-03-23 08:00:00
1774253100000,2050.01,2052.78,2050.01,2052.53,0.0832,2026-03-23 08:05:00
1774253400000,2054.49,2055.79,2054.49,2055.79,0.6907,2026-03-23 08:10:00
1774253700000,2057.32,2058.05,2057.22,2057.22,0.3216,2026-03-23 08:15:00
1774254000000,2057.22,2057.22,2057.22,2057.22,0.0,2026-03-23 08:20:00
1774254300000,2057.22,2057.22,2057.22,2057.22,0.0,2026-03-23 08:25:00
1774254600000,2057.22,2057.22,2057.22,2057.22,0.0,2026-03-23 08:30:00
1774254900000,2055.21,2055.21,2055.21,2055.21,0.2592,2026-03-23 08:35:00
1774255200000,2052.07,2052.07,2052.07,2052.07,0.2504,2026-03-23 08:40:00
1774255500000,2053.02,2054.5,2052.5,2052.5,1.9929,2026-03-23 08:45:00
1774255800000,2049.73,2051.36,2049.73,2051.36,0.5101,2026-03-23 08:50:00
1774256100000,2045.35,2045.35,2044.76,2044.76,1.2531,2026-03-23 08:55:00
1774256400000,2048.59,2048.59,2041.25,2041.25,1.93,2026-03-23 09:00:00
1774256700000,2039.45,2039.45,2039.45,2039.45,0.0555,2026-03-23 09:05:00
1774257000000,2039.45,2039.45,2039.45,2039.45,0.0,2026-03-23 09:10:00
1774257300000,2044.78,2044.78,2044.78,2044.78,0.2955,2026-03-23 09:15:00
1774257600000,2044.78,2044.78,2044.78,2044.78,0.0,2026-03-23 09:20:00
1774257900000,2044.78,2044.78,2044.78,2044.78,0.0,2026-03-23 09:25:00
1774258200000,2041.49,2041.49,2033.99,2033.99,2.3062,2026-03-23 09:30:00
1774258500000,2033.79,2035.45,2029.58,2035.45,0.6987,2026-03-23 09:35:00
1774258800000,2035.45,2035.45,2035.45,2035.45,0.0,2026-03-23 09:40:00
1774259100000,2040.86,2042.36,2040.86,2041.16,0.0039,2026-03-23 09:45:00
1774259400000,2040.56,2040.56,2038.37,2039.22,0.0112,2026-03-23 09:50:00
1774259700000,2039.01,2043.06,2039.01,2043.06,0.1187,2026-03-23 09:55:00
1774260000000,2044.26,2044.44,2043.69,2044.44,0.2727,2026-03-23 10:00:00
1774260300000,2048.0,2052.78,2048.0,2052.78,0.3109,2026-03-23 10:05:00
1774260600000,2051.71,2051.71,2051.71,2051.71,0.2484,2026-03-23 10:10:00
1774260900000,2048.38,2048.38,2047.51,2047.51,0.4772,2026-03-23 10:15:00
1774261200000,2045.62,2045.62,2042.87,2042.87,0.4897,2026-03-23 10:20:00
1774261500000,2042.87,2042.87,2042.87,2042.87,0.0,2026-03-23 10:25:00
1774261800000,2044.69,2044.69,2044.69,2044.69,0.044,2026-03-23 10:30:00
1774262100000,2041.1,2041.1,2041.1,2041.1,0.001,2026-03-23 10:35:00
1774262400000,2042.25,2042.25,2042.25,2042.25,0.0013,2026-03-23 10:40:00
1774262700000,2042.25,2042.25,2042.25,2042.25,0.0,2026-03-23 10:45:00
1774263000000,2044.91,2046.63,2044.91,2046.63,0.2719,2026-03-23 10:50:00
1774263300000,2046.63,2046.63,2046.63,2046.63,0.0,2026-03-23 10:55:00
1774263600000,2046.63,2046.63,2046.63,2046.63,0.0,2026-03-23 11:00:00
1774263900000,2053.34,2166.07,2053.34,2153.49,114.6128,2026-03-23 11:05:00
1774264200000,2156.94,2197.76,2153.4,2168.14,47.206,2026-03-23 11:10:00
1774264500000,2174.63,2190.88,2166.73,2166.73,22.57,2026-03-23 11:15:00
1774264800000,2171.36,2175.88,2148.51,2154.36,4.6869,2026-03-23 11:20:00
1774265100000,2162.54,2171.79,2162.54,2168.5,0.2009,2026-03-23 11:25:00
1774265400000,2172.69,2176.67,2171.64,2175.47,1.1653,2026-03-23 11:30:00
1774265700000,2170.27,2170.27,2156.65,2156.65,1.4342,2026-03-23 11:35:00
1774266000000,2155.74,2159.34,2154.22,2154.22,0.5499,2026-03-23 11:40:00
1774266300000,2151.66,2151.66,2133.55,2144.35,1.2396,2026-03-23 11:45:00
1774266600000,2148.51,2154.69,2148.51,2154.11,0.6964,2026-03-23 11:50:00
1774266900000,2149.63,2149.63,2133.54,2133.54,1.0255,2026-03-23 11:55:00
1774267200000,2138.97,2138.97,2109.63,2121.22,2.9958,2026-03-23 12:00:00
1774267500000,2120.58,2122.53,2114.08,2121.55,3.7763,2026-03-23 12:05:00
1774267800000,2125.28,2125.28,2121.92,2123.15,8.1113,2026-03-23 12:10:00
1774268100000,2121.88,2124.33,2121.88,2123.65,1.2642,2026-03-23 12:15:00
1774268400000,2125.7,2134.53,2125.47,2125.47,1.3827,2026-03-23 12:20:00
1774268700000,2122.86,2122.86,2121.09,2121.09,0.3924,2026-03-23 12:25:00
1774269000000,2123.19,2128.84,2123.19,2128.84,1.1197,2026-03-23 12:30:00
1774269300000,2128.77,2136.67,2128.77,2129.39,0.7435,2026-03-23 12:35:00
1774269600000,2138.47,2145.68,2138.47,2145.68,2.7928,2026-03-23 12:40:00
1774269900000,2145.22,2146.7,2143.41,2143.41,1.3909,2026-03-23 12:45:00
1774270200000,2141.78,2146.47,2141.78,2145.54,0.7453,2026-03-23 12:50:00
1774270500000,2142.61,2143.31,2142.34,2142.34,0.7794,2026-03-23 12:55:00
1774270800000,2146.29,2152.64,2146.06,2146.06,3.5629,2026-03-23 13:00:00
1774271100000,2140.85,2144.68,2140.85,2143.18,0.6323,2026-03-23 13:05:00
1774271400000,2145.13,2146.21,2145.13,2146.21,0.0298,2026-03-23 13:10:00
1774271700000,2148.11,2149.82,2147.76,2148.49,1.2907,2026-03-23 13:15:00
1774272000000,2150.12,2153.08,2150.12,2153.08,0.2376,2026-03-23 13:20:00
1774272300000,2151.5,2151.5,2151.5,2151.5,0.0046,2026-03-23 13:25:00
1774272600000,2147.16,2150.17,2146.03,2146.03,0.4852,2026-03-23 13:30:00
1774272900000,2145.4,2159.73,2145.4,2159.73,1.636,2026-03-23 13:35:00
1774273200000,2158.9,2177.23,2156.85,2171.14,3.6916,2026-03-23 13:40:00
1774273500000,2167.1,2170.54,2163.39,2170.54,2.388,2026-03-23 13:45:00
1774273800000,2174.65,2187.23,2174.65,2179.47,4.9737,2026-03-23 13:50:00
1774274100000,2175.14,2181.29,2173.77,2181.29,0.7151,2026-03-23 13:55:00
1774274400000,2187.82,2191.26,2183.02,2185.53,3.8503,2026-03-23 14:00:00
1774274700000,2183.86,2191.58,2180.46,2191.58,16.4868,2026-03-23 14:05:00
1774275000000,2191.77,2191.77,2180.95,2180.95,16.4864,2026-03-23 14:10:00
1774275300000,2181.13,2185.76,2181.0,2185.58,4.5333,2026-03-23 14:15:00
1774275600000,2176.67,2185.23,2176.43,2185.23,1.2855,2026-03-23 14:20:00
1774275900000,2185.74,2185.74,2178.94,2179.39,0.8396,2026-03-23 14:25:00
1774276200000,2178.85,2178.85,2176.75,2177.0,24.4398,2026-03-23 14:30:00
1774276500000,2176.55,2182.56,2175.94,2182.56,0.7131,2026-03-23 14:35:00
1774276800000,2176.6,2176.69,2176.6,2176.69,0.2234,2026-03-23 14:40:00
1774277100000,2171.79,2175.1,2171.77,2171.79,2.1063,2026-03-23 14:45:00
1774277400000,2170.92,2175.57,2170.92,2175.57,0.9046,2026-03-23 14:50:00
1774277700000,2177.19,2180.0,2177.19,2180.0,0.398,2026-03-23 14:55:00
1774278000000,2182.49,2186.44,2182.49,2185.26,1.2533,2026-03-23 15:00:00
1774278300000,2183.62,2183.62,2183.27,2183.27,0.2487,2026-03-23 15:05:00
1774278600000,2181.14,2181.4,2179.76,2179.76,0.3407,2026-03-23 15:10:00
1774278900000,2179.23,2179.23,2171.79,2171.79,0.253,2026-03-23 15:15:00
1774279200000,2169.66,2172.13,2164.54,2169.96,2.8362,2026-03-23 15:20:00
1774279500000,2167.88,2168.15,2163.82,2163.82,0.8912,2026-03-23 15:25:00
1774279800000,2165.6,2166.54,2159.21,2159.21,1.635,2026-03-23 15:30:00
1774280100000,2160.9,2160.9,2156.65,2158.92,0.6163,2026-03-23 15:35:00
1774280400000,2156.56,2156.56,2148.34,2150.01,1.6122,2026-03-23 15:40:00
1774280700000,2147.91,2156.39,2142.79,2156.39,2.3547,2026-03-23 15:45:00
1774281000000,2156.65,2157.24,2133.0,2133.57,4.233,2026-03-23 15:50:00
1774281300000,2130.88,2130.88,2126.67,2128.02,1.8492,2026-03-23 15:55:00
1774281600000,2129.11,2134.96,2129.11,2134.75,2.5108,2026-03-23 16:00:00
1774281900000,2131.23,2136.78,2129.2,2136.78,1.1007,2026-03-23 16:05:00
1774282200000,2137.57,2137.69,2136.3,2136.94,1.9552,2026-03-23 16:10:00
1774282500000,2132.39,2132.39,2127.97,2127.97,0.8023,2026-03-23 16:15:00
1774282800000,2126.97,2127.58,2120.71,2127.09,3.083,2026-03-23 16:20:00
1774283100000,2125.84,2125.84,2118.55,2118.55,2.4964,2026-03-23 16:25:00
1774283400000,2124.83,2128.46,2124.77,2128.46,0.8668,2026-03-23 16:30:00
1774283700000,2130.96,2133.44,2127.15,2127.69,2.9607,2026-03-23 16:35:00
1774284000000,2127.03,2131.44,2127.03,2131.44,7.2847,2026-03-23 16:40:00
1774284300000,2134.56,2142.0,2134.56,2142.0,0.5695,2026-03-23 16:45:00
1774284600000,2141.61,2141.61,2136.0,2136.0,0.7968,2026-03-23 16:50:00
1774284900000,2134.71,2136.06,2134.71,2136.06,0.2459,2026-03-23 16:55:00
1774285200000,2139.2,2139.2,2136.3,2136.67,2.67,2026-03-23 17:00:00
1774285500000,2139.72,2139.72,2135.55,2139.41,0.3595,2026-03-23 17:05:00
1774285800000,2136.42,2136.55,2136.42,2136.55,0.0751,2026-03-23 17:10:00
1774286100000,2136.48,2136.48,2134.1,2134.86,1.1941,2026-03-23 17:15:00
1774286400000,2128.03,2128.03,2127.4,2127.4,0.2605,2026-03-23 17:20:00
1774286700000,2128.81,2128.81,2128.81,2128.81,0.2722,2026-03-23 17:25:00
1774287000000,2142.53,2149.23,2142.53,2149.23,1.059,2026-03-23 17:30:00
1774287300000,2149.25,2157.24,2148.13,2157.24,0.6724,2026-03-23 17:35:00
1774287600000,2151.6,2151.6,2146.8,2146.8,0.0302,2026-03-23 17:40:00
1774287900000,2148.68,2148.68,2148.68,2148.68,0.0023,2026-03-23 17:45:00
1774288200000,2150.14,2152.74,2147.59,2152.74,6.4016,2026-03-23 17:50:00
1774288500000,2154.49,2154.49,2153.63,2153.63,0.0223,2026-03-23 17:55:00
1774288800000,2153.52,2155.26,2152.66,2155.26,0.5543,2026-03-23 18:00:00
1774289100000,2154.59,2154.59,2147.95,2149.81,3.0449,2026-03-23 18:05:00
1774289400000,2152.94,2153.39,2152.13,2152.16,0.2829,2026-03-23 18:10:00
1774289700000,2150.36,2151.24,2150.36,2151.24,0.0144,2026-03-23 18:15:00
1774290000000,2150.54,2150.54,2150.54,2150.54,0.0023,2026-03-23 18:20:00
1774290300000,2150.07,2150.07,2147.81,2148.12,1.2938,2026-03-23 18:25:00
1774290600000,2150.82,2156.26,2150.46,2156.26,8.0921,2026-03-23 18:30:00
1774290900000,2154.67,2154.67,2153.57,2153.57,0.2585,2026-03-23 18:35:00
1774291200000,2154.91,2155.9,2154.91,2155.9,0.2987,2026-03-23 18:40:00
1774291500000,2157.03,2168.29,2153.8,2164.71,12.3351,2026-03-23 18:45:00
1774291800000,2163.96,2164.22,2162.18,2162.18,3.7935,2026-03-23 18:50:00
1774292100000,2165.34,2170.79,2164.54,2170.79,0.7778,2026-03-23 18:55:00
1774292400000,2170.44,2171.79,2166.18,2171.79,1.1581,2026-03-23 19:00:00
1774292700000,2172.07,2176.67,2162.0,2164.14,2.06,2026-03-23 19:05:00
1774293000000,2164.61,2164.61,2163.66,2163.66,0.0956,2026-03-23 19:10:00
1774293300000,2164.48,2164.48,2164.48,2164.48,0.2576,2026-03-23 19:15:00
1774293600000,2164.44,2164.48,2163.94,2164.04,0.0348,2026-03-23 19:20:00
1774293900000,2166.21,2166.21,2164.71,2165.19,1.0061,2026-03-23 19:25:00
1774294200000,2165.57,2166.33,2165.41,2165.41,0.2083,2026-03-23 19:30:00
1774294500000,2165.41,2165.41,2165.41,2165.41,0.0,2026-03-23 19:35:00
1774294800000,2162.0,2162.0,2160.03,2160.03,0.0069,2026-03-23 19:40:00
1774295100000,2161.53,2161.53,2161.53,2161.53,0.1371,2026-03-23 19:45:00
1774295400000,2157.24,2157.24,2156.23,2156.23,0.2009,2026-03-23 19:50:00
1774295700000,2156.38,2156.38,2151.17,2151.82,1.2561,2026-03-23 19:55:00
1774296000000,2151.6,2153.69,2151.6,2153.69,0.3339,2026-03-23 20:00:00
1774296300000,2153.43,2153.43,2153.43,2153.43,0.0683,2026-03-23 20:05:00
1774296600000,2157.85,2158.68,2157.34,2158.68,0.267,2026-03-23 20:10:00
1774296900000,2161.14,2161.14,2159.73,2159.73,0.0734,2026-03-23 20:15:00
1774297200000,2162.15,2162.15,2159.98,2159.98,0.0249,2026-03-23 20:20:00
1774297500000,2159.98,2159.98,2159.98,2159.98,0.0,2026-03-23 20:25:00
1774297800000,2159.32,2160.97,2159.32,2160.97,1.0213,2026-03-23 20:30:00
1774298100000,2164.58,2165.61,2164.58,2165.61,0.7519,2026-03-23 20:35:00
1774298400000,2163.0,2163.0,2163.0,2163.0,15.9051,2026-03-23 20:40:00
1774298700000,2163.0,2163.0,2163.0,2163.0,0.2157,2026-03-23 20:45:00
1774299000000,2163.0,2163.0,2163.0,2163.0,0.0,2026-03-23 20:50:00
1774299300000,2163.0,2163.0,2163.0,2163.0,0.0,2026-03-23 20:55:00
1774299600000,2162.33,2162.33,2158.78,2158.78,0.9686,2026-03-23 21:00:00
1774299900000,2159.28,2159.74,2158.51,2159.09,7.2564,2026-03-23 21:05:00
1774300200000,2157.25,2158.92,2157.25,2158.92,0.0508,2026-03-23 21:10:00
1774300500000,2155.07,2155.73,2155.07,2155.73,0.0476,2026-03-23 21:15:00
1774300800000,2156.29,2157.27,2156.29,2156.78,0.9694,2026-03-23 21:20:00
1774301100000,2156.78,2156.78,2156.78,2156.78,0.0,2026-03-23 21:25:00
1774301400000,2156.32,2157.57,2156.32,2157.37,0.0065,2026-03-23 21:30:00
1774301700000,2160.95,2161.26,2160.76,2160.76,0.1433,2026-03-23 21:35:00
1774302000000,2160.76,2160.76,2160.76,2160.76,0.0,2026-03-23 21:40:00
1774302300000,2160.81,2160.81,2158.5,2158.59,0.0973,2026-03-23 21:45:00
1774302600000,2161.1,2161.1,2161.1,2161.1,0.0027,2026-03-23 21:50:00
1774302900000,2161.1,2161.1,2161.1,2161.1,0.0,2026-03-23 21:55:00
1774303200000,2150.83,2150.83,2147.67,2147.67,0.1137,2026-03-23 22:00:00
1774303500000,2149.8,2149.8,2149.32,2149.32,0.0269,2026-03-23 22:05:00
1774303800000,2149.32,2149.32,2149.32,2149.32,0.0,2026-03-23 22:10:00
1774304100000,2150.2,2150.2,2150.2,2150.2,0.0093,2026-03-23 22:15:00
1774304400000,2151.23,2151.23,2151.23,2151.23,0.0058,2026-03-23 22:20:00
1774304700000,2150.21,2150.21,2150.21,2150.21,0.0009,2026-03-23 22:25:00
1774305000000,2147.66,2147.66,2145.6,2145.6,1.0332,2026-03-23 22:30:00
1774305300000,2145.6,2145.6,2145.6,2145.6,0.0,2026-03-23 22:35:00
1774305600000,2145.6,2145.6,2145.6,2145.6,0.0,2026-03-23 22:40:00
1774305900000,2145.6,2145.6,2145.6,2145.6,0.0,2026-03-23 22:45:00
1774306200000,2145.6,2145.6,2145.6,2145.6,0.0,2026-03-23 22:50:00
1774306500000,2145.6,2145.6,2145.6,2145.6,0.0,2026-03-23 22:55:00
1774306800000,2153.49,2153.49,2150.8,2151.22,0.0362,2026-03-23 23:00:00
1774307100000,2151.22,2151.22,2151.22,2151.22,0.0,2026-03-23 23:05:00
1774307400000,2145.89,2145.89,2144.95,2145.69,0.7503,2026-03-23 23:10:00
1774307700000,2145.03,2145.03,2143.73,2143.73,1.0043,2026-03-23 23:15:00
1774308000000,2143.98,2143.98,2141.01,2141.01,0.3905,2026-03-23 23:20:00
1774308300000,2149.37,2149.59,2149.37,2149.57,0.2151,2026-03-23 23:25:00
1774308600000,2148.88,2148.88,2148.04,2148.04,0.0955,2026-03-23 23:30:00
1774308900000,2148.55,2148.77,2148.55,2148.77,0.0054,2026-03-23 23:35:00
1774309200000,2149.18,2151.0,2149.18,2150.63,0.0316,2026-03-23 23:40:00
1774309500000,2150.14,2150.14,2150.14,2150.14,0.296,2026-03-23 23:45:00
1774309800000,2147.64,2149.03,2147.64,2149.03,0.2475,2026-03-23 23:50:00
1774310100000,2151.45,2152.32,2151.45,2151.83,0.0208,2026-03-23 23:55:00
1774310400000,2152.26,2154.55,2151.71,2151.71,0.48,2026-03-24 00:00:00
1774310700000,2149.58,2149.58,2149.47,2149.47,0.0418,2026-03-24 00:05:00
1774311000000,2149.47,2149.47,2149.47,2149.47,0.0,2026-03-24 00:10:00
1774311300000,2146.7,2146.7,2141.25,2144.52,0.4418,2026-03-24 00:15:00
1774311600000,2143.51,2144.52,2139.56,2143.5,7.8112,2026-03-24 00:20:00
1774311900000,2141.53,2144.57,2141.53,2144.57,0.002,2026-03-24 00:25:00
1774312200000,2142.28,2142.42,2139.83,2141.76,1.6508,2026-03-24 00:30:00
1774312500000,2141.66,2143.71,2130.88,2130.88,2.5959,2026-03-24 00:35:00
1774312800000,2141.36,2144.04,2141.36,2142.12,0.4909,2026-03-24 00:40:00
1774313100000,2143.32,2143.74,2143.32,2143.74,1.4237,2026-03-24 00:45:00
1774313400000,2143.45,2147.67,2143.45,2147.67,0.2638,2026-03-24 00:50:00
1774313700000,2143.71,2143.71,2143.71,2143.71,0.0014,2026-03-24 00:55:00
1774314000000,2143.63,2143.63,2140.81,2140.81,0.2922,2026-03-24 01:00:00
1774314300000,2140.81,2140.81,2140.81,2140.81,0.0,2026-03-24 01:05:00
1774314600000,2143.64,2145.85,2143.64,2143.94,0.1129,2026-03-24 01:10:00
1774314900000,2143.94,2143.94,2143.94,2143.94,0.0,2026-03-24 01:15:00
1774315200000,2147.4,2147.4,2146.18,2146.18,1.0368,2026-03-24 01:20:00
1774315500000,2148.51,2148.51,2148.51,2148.51,0.053,2026-03-24 01:25:00
1774315800000,2146.11,2146.11,2146.11,2146.11,0.2517,2026-03-24 01:30:00
1774316100000,2135.27,2135.27,2133.44,2133.44,0.3345,2026-03-24 01:35:00
1774316400000,2130.88,2131.33,2125.57,2125.57,0.9206,2026-03-24 01:40:00
1774316700000,2131.39,2131.39,2131.39,2131.39,0.002,2026-03-24 01:45:00
1774317000000,2133.02,2134.45,2133.02,2134.1,0.2807,2026-03-24 01:50:00
1774317300000,2137.77,2137.77,2137.77,2137.77,0.0126,2026-03-24 01:55:00
1774317600000,2135.76,2144.92,2135.76,2141.8,1.5026,2026-03-24 02:00:00
1774317900000,2138.56,2138.56,2137.55,2137.55,0.9013,2026-03-24 02:05:00
1774318200000,2136.39,2136.93,2135.45,2136.58,0.9107,2026-03-24 02:10:00
1774318500000,2136.35,2136.35,2135.96,2135.96,0.914,2026-03-24 02:15:00
1774318800000,2136.27,2137.74,2136.27,2137.74,0.2659,2026-03-24 02:20:00
1774319100000,2137.74,2137.74,2137.74,2137.74,0.0,2026-03-24 02:25:00
1774319400000,2139.57,2139.57,2139.57,2139.57,0.2175,2026-03-24 02:30:00
1774319700000,2139.88,2139.88,2139.88,2139.88,0.75,2026-03-24 02:35:00
1774320000000,2134.43,2134.43,2134.43,2134.43,0.0233,2026-03-24 02:40:00
1774320300000,2139.8,2139.8,2139.8,2139.8,0.015,2026-03-24 02:45:00
1774320600000,2137.45,2137.45,2137.45,2137.45,0.2149,2026-03-24 02:50:00
1774320900000,2137.05,2137.05,2137.05,2137.05,0.2442,2026-03-24 02:55:00
1774321200000,2135.02,2135.12,2134.64,2134.64,1.118,2026-03-24 03:00:00
1774321500000,2137.36,2137.36,2135.49,2135.49,0.7729,2026-03-24 03:05:00
1774321800000,2133.98,2133.98,2132.28,2132.28,0.4259,2026-03-24 03:10:00
1774322100000,2135.36,2135.36,2135.33,2135.33,1.8,2026-03-24 03:15:00
1774322400000,2136.47,2136.47,2136.47,2136.47,0.0146,2026-03-24 03:20:00
1774322700000,2136.47,2136.47,2136.47,2136.47,0.0,2026-03-24 03:25:00
1774323000000,2139.83,2139.83,2137.31,2137.49,1.9616,2026-03-24 03:30:00
1774323300000,2135.34,2135.65,2135.34,2135.65,1.9439,2026-03-24 03:35:00
1774323600000,2137.72,2139.95,2137.72,2139.13,4.0064,2026-03-24 03:40:00
1774323900000,2138.7,2138.7,2138.7,2138.7,0.0047,2026-03-24 03:45:00
1774324200000,2139.59,2139.59,2139.46,2139.46,0.3734,2026-03-24 03:50:00
1774324500000,2139.46,2139.46,2139.46,2139.46,0.0,2026-03-24 03:55:00
1774324800000,2142.43,2144.13,2142.43,2144.13,2.1112,2026-03-24 04:00:00
1774325100000,2145.15,2150.98,2145.15,2146.37,7.4545,2026-03-24 04:05:00
1774325400000,2147.21,2147.21,2145.61,2146.38,1.9126,2026-03-24 04:10:00
1774325700000,2144.26,2144.26,2144.26,2144.26,0.0046,2026-03-24 04:15:00
1774326000000,2143.18,2143.18,2143.18,2143.18,0.0012,2026-03-24 04:20:00
1774326300000,2141.69,2141.69,2141.12,2141.12,0.0943,2026-03-24 04:25:00
1774326600000,2134.56,2134.56,2133.44,2133.44,0.0934,2026-03-24 04:30:00
1774326900000,2133.44,2133.44,2133.44,2133.44,0.0,2026-03-24 04:35:00
1774327200000,2134.89,2134.89,2134.89,2134.89,0.0392,2026-03-24 04:40:00
1774327500000,2134.89,2134.89,2134.89,2134.89,0.0,2026-03-24 04:45:00
1774327800000,2133.29,2133.29,2133.29,2133.29,0.2336,2026-03-24 04:50:00
1774328100000,2133.29,2133.29,2133.29,2133.29,0.0,2026-03-24 04:55:00
1774328400000,2136.49,2136.49,2131.79,2131.79,0.9023,2026-03-24 05:00:00
1774328700000,2130.88,2130.88,2130.88,2130.88,0.1049,2026-03-24 05:05:00
1774329000000,2131.0,2131.79,2131.0,2131.2,2.9098,2026-03-24 05:10:00
1774329300000,2130.8,2133.33,2130.8,2133.33,0.4545,2026-03-24 05:15:00
1774329600000,2133.4,2133.4,2133.4,2133.4,0.9,2026-03-24 05:20:00
1774329900000,2131.64,2131.64,2131.64,2131.64,0.0023,2026-03-24 05:25:00
1774330200000,2131.64,2131.64,2131.64,2131.64,0.0,2026-03-24 05:30:00
1774330500000,2133.11,2133.11,2133.11,2133.11,0.75,2026-03-24 05:35:00
1774330800000,2133.11,2133.11,2133.11,2133.11,0.0,2026-03-24 05:40:00
1774331100000,2136.48,2136.59,2136.48,2136.59,0.4852,2026-03-24 05:45:00
1774331400000,2136.59,2136.59,2136.59,2136.59,0.0,2026-03-24 05:50:00
1774331700000,2136.59,2136.59,2136.59,2136.59,0.0,2026-03-24 05:55:00
1774332000000,2135.09,2135.09,2135.09,2135.09,0.2337,2026-03-24 06:00:00
1774332300000,2136.53,2136.53,2136.53,2136.53,0.75,2026-03-24 06:05:00
1774332600000,2134.92,2135.25,2134.92,2135.25,0.0037,2026-03-24 06:10:00
1774332900000,2135.25,2135.25,2135.25,2135.25,0.0,2026-03-24 06:15:00
1774333200000,2135.25,2135.25,2135.25,2135.25,0.0,2026-03-24 06:20:00
1774333500000,2136.74,2137.93,2136.74,2137.93,0.7547,2026-03-24 06:25:00
1774333800000,2137.93,2137.93,2137.93,2137.93,0.0,2026-03-24 06:30:00
1774334100000,2137.93,2137.93,2137.93,2137.93,0.0,2026-03-24 06:35:00
1774334400000,2143.73,2143.73,2143.73,2143.73,0.1049,2026-03-24 06:40:00
1774334700000,2142.42,2143.15,2142.42,2143.15,0.0205,2026-03-24 06:45:00
1774335000000,2143.15,2143.15,2143.15,2143.15,0.0,2026-03-24 06:50:00
1774335300000,2144.84,2144.84,2144.84,2144.84,0.0055,2026-03-24 06:55:00
1774335600000,2145.78,2145.78,2145.78,2145.78,0.0046,2026-03-24 07:00:00
1774335900000,2147.67,2158.47,2147.67,2156.9,1.6381,2026-03-24 07:05:00
1774336200000,2159.29,2162.97,2159.29,2162.85,0.5512,2026-03-24 07:10:00
1774336500000,2160.23,2162.22,2160.23,2162.22,0.7915,2026-03-24 07:15:00
1774336800000,2163.71,2164.97,2163.71,2164.97,0.9701,2026-03-24 07:20:00
1774337100000,2161.32,2161.32,2161.32,2161.32,0.2992,2026-03-24 07:25:00
1774337400000,2160.62,2160.62,2158.48,2159.47,0.6915,2026-03-24 07:30:00
1774337700000,2156.36,2156.36,2153.8,2154.32,2.9177,2026-03-24 07:35:00
1774338000000,2154.32,2154.32,2154.32,2154.32,0.0,2026-03-24 07:40:00
1774338300000,2154.86,2154.86,2154.26,2154.78,1.7546,2026-03-24 07:45:00
1774338600000,2160.45,2161.05,2158.21,2158.21,1.7519,2026-03-24 07:50:00
1774338900000,2165.01,2169.66,2165.01,2166.47,1.7682,2026-03-24 07:55:00
1774339200000,2164.43,2164.43,2162.89,2162.89,0.2535,2026-03-24 08:00:00
1774339500000,2164.74,2165.83,2163.74,2164.63,1.6422,2026-03-24 08:05:00
1774339800000,2163.09,2164.5,2163.09,2164.5,1.7893,2026-03-24 08:10:00
1774340100000,2156.65,2157.9,2156.65,2157.03,0.1494,2026-03-24 08:15:00
1774340400000,2155.93,2155.93,2153.93,2153.93,1.2516,2026-03-24 08:20:00
1774340700000,2155.49,2155.49,2155.49,2155.49,0.0232,2026-03-24 08:25:00
1774341000000,2155.53,2155.53,2155.53,2155.53,0.0116,2026-03-24 08:30:00
1774341300000,2162.45,2162.45,2162.45,2162.45,0.4485,2026-03-24 08:35:00
1774341600000,2160.71,2160.71,2160.71,2160.71,0.0009,2026-03-24 08:40:00
1774341900000,2160.71,2160.71,2160.71,2160.71,0.0,2026-03-24 08:45:00
1774342200000,2158.59,2158.59,2158.17,2158.17,0.509,2026-03-24 08:50:00
1774342500000,2158.17,2158.17,2158.17,2158.17,0.0,2026-03-24 08:55:00
1774342800000,2158.17,2158.17,2158.17,2158.17,0.0,2026-03-24 09:00:00
1774343100000,2154.02,2154.02,2154.02,2154.02,0.0051,2026-03-24 09:05:00
1774343400000,2150.65,2150.65,2148.51,2148.51,1.4463,2026-03-24 09:10:00
1774343700000,2148.06,2148.06,2148.06,2148.06,0.0051,2026-03-24 09:15:00
1774344000000,2149.14,2149.14,2148.29,2148.29,0.4867,2026-03-24 09:20:00
1774344300000,2153.4,2153.4,2152.61,2152.61,0.0714,2026-03-24 09:25:00
1774344600000,2152.61,2152.61,2152.61,2152.61,0.0,2026-03-24 09:30:00
1774344900000,2154.63,2154.63,2154.63,2154.63,0.0019,2026-03-24 09:35:00
1774345200000,2161.94,2162.54,2161.94,2162.54,0.9018,2026-03-24 09:40:00
1774345500000,2162.54,2162.54,2162.54,2162.54,0.0,2026-03-24 09:45:00
1774345800000,2161.99,2165.29,2161.99,2165.08,1.8111,2026-03-24 09:50:00
1774346100000,2166.06,2166.06,2165.97,2165.97,0.0071,2026-03-24 09:55:00
1774346400000,2165.97,2165.97,2165.97,2165.97,0.0,2026-03-24 10:00:00
1774346700000,2165.97,2165.97,2165.97,2165.97,0.0,2026-03-24 10:05:00
1774347000000,2162.56,2162.56,2162.56,2162.56,0.0116,2026-03-24 10:10:00
1774347300000,2159.98,2160.56,2159.88,2159.88,1.0132,2026-03-24 10:15:00
1774347600000,2159.88,2159.88,2159.88,2159.88,0.0,2026-03-24 10:20:00
1774347900000,2158.57,2158.57,2158.57,2158.57,0.1156,2026-03-24 10:25:00
1774348200000,2158.22,2158.22,2158.22,2158.22,0.4438,2026-03-24 10:30:00
1774348500000,2161.04,2161.04,2161.04,2161.04,0.2165,2026-03-24 10:35:00
1774348800000,2161.04,2161.04,2161.04,2161.04,0.0,2026-03-24 10:40:00
1774349100000,2161.04,2161.04,2161.04,2161.04,0.0,2026-03-24 10:45:00
1774349400000,2159.57,2159.57,2159.57,2159.57,0.2552,2026-03-24 10:50:00
1774349700000,2159.57,2159.57,2159.57,2159.57,0.0,2026-03-24 10:55:00
1774350000000,2156.33,2156.33,2156.33,2156.33,0.0019,2026-03-24 11:00:00
1774350300000,2160.78,2160.78,2160.78,2160.78,0.0046,2026-03-24 11:05:00
1774350600000,2162.65,2162.65,2161.42,2161.42,0.0115,2026-03-24 11:10:00
1774350900000,2157.95,2157.95,2157.95,2157.95,0.006,2026-03-24 11:15:00
1774351200000,2155.69,2157.38,2155.69,2156.0,6.8201,2026-03-24 11:20:00
1774351500000,2157.96,2157.96,2157.96,2157.96,0.027,2026-03-24 11:25:00
1774351800000,2165.63,2165.63,2165.63,2165.63,0.2204,2026-03-24 11:30:00
1774352100000,2165.45,2171.79,2165.18,2171.79,2.6239,2026-03-24 11:35:00
1774352400000,2174.82,2174.82,2174.82,2174.82,0.0428,2026-03-24 11:40:00
1774352700000,2171.95,2172.66,2171.95,2172.66,0.4989,2026-03-24 11:45:00
1774353000000,2172.66,2172.66,2172.66,2172.66,0.0,2026-03-24 11:50:00
1774353300000,2172.66,2172.66,2172.66,2172.66,0.0,2026-03-24 11:55:00
1774353600000,2164.94,2165.85,2163.64,2164.91,2.2961,2026-03-24 12:00:00
1774353900000,2162.9,2162.9,2162.9,2162.9,0.0023,2026-03-24 12:05:00
1774354200000,2162.28,2165.06,2162.28,2165.06,0.3366,2026-03-24 12:10:00
1774354500000,2165.31,2166.17,2165.31,2166.17,0.24,2026-03-24 12:15:00
1774354800000,2165.59,2165.59,2165.59,2165.59,0.0138,2026-03-24 12:20:00
1774355100000,2165.59,2165.59,2165.59,2165.59,0.0,2026-03-24 12:25:00
1774355400000,2165.59,2165.59,2165.59,2165.59,0.0,2026-03-24 12:30:00
1774355700000,2165.59,2165.59,2165.59,2165.59,0.0,2026-03-24 12:35:00
1774356000000,2164.25,2164.25,2163.35,2163.35,0.4366,2026-03-24 12:40:00
1774356300000,2163.35,2163.35,2163.35,2163.35,0.0,2026-03-24 12:45:00
1774356600000,2163.35,2163.35,2163.35,2163.35,0.0,2026-03-24 12:50:00
1774356900000,2162.67,2163.09,2162.67,2163.09,4.2411,2026-03-24 12:55:00
1774357200000,2162.9,2164.88,2161.48,2161.8,0.2513,2026-03-24 13:00:00
1774357500000,2163.35,2163.35,2152.42,2152.42,0.7397,2026-03-24 13:05:00
1774357800000,2153.54,2156.72,2153.54,2156.09,0.3029,2026-03-24 13:10:00
1774358100000,2158.44,2158.44,2153.06,2153.06,0.7093,2026-03-24 13:15:00
1774358400000,2149.78,2150.2,2149.78,2150.2,0.3272,2026-03-24 13:20:00
1774358700000,2149.74,2149.74,2149.74,2149.74,0.2592,2026-03-24 13:25:00
1774359000000,2149.87,2159.57,2149.87,2159.57,3.3006,2026-03-24 13:30:00
1774359300000,2158.32,2158.32,2142.79,2142.79,4.4142,2026-03-24 13:35:00
1774359600000,2144.25,2145.5,2135.41,2136.32,2.0717,2026-03-24 13:40:00
1774359900000,2140.81,2140.81,2134.4,2134.4,0.6339,2026-03-24 13:45:00
1774360200000,2136.74,2138.47,2130.88,2136.85,5.6097,2026-03-24 13:50:00
1774360500000,2136.98,2140.97,2136.98,2138.47,5.1837,2026-03-24 13:55:00
1774360800000,2140.99,2140.99,2140.99,2140.99,0.4205,2026-03-24 14:00:00
1774361100000,2142.13,2147.67,2142.13,2147.67,1.8546,2026-03-24 14:05:00
1774361400000,2142.69,2142.69,2127.36,2127.92,4.1909,2026-03-24 14:10:00
1774361700000,2130.53,2132.22,2130.27,2132.08,5.6715,2026-03-24 14:15:00
1774362000000,2130.23,2130.23,2129.0,2130.02,0.4565,2026-03-24 14:20:00
1774362300000,2135.21,2135.21,2135.21,2135.21,0.4072,2026-03-24 14:25:00
1774362600000,2137.21,2137.21,2137.21,2137.21,0.0031,2026-03-24 14:30:00
1774362900000,2139.13,2139.13,2133.58,2133.58,0.2404,2026-03-24 14:35:00
1774363200000,2131.64,2132.17,2131.64,2132.17,0.0522,2026-03-24 14:40:00
1774363500000,2128.12,2131.7,2124.98,2130.84,3.0472,2026-03-24 14:45:00
1774363800000,2124.03,2141.9,2121.55,2136.16,14.2656,2026-03-24 14:50:00
1774364100000,2137.37,2139.72,2129.99,2129.99,4.4146,2026-03-24 14:55:00
1774364400000,2137.75,2138.85,2137.74,2137.74,1.7083,2026-03-24 15:00:00
1774364700000,2137.08,2138.15,2136.35,2137.0,6.4877,2026-03-24 15:05:00
1774365000000,2132.69,2136.56,2132.69,2136.56,1.045,2026-03-24 15:10:00
1774365300000,2138.03,2139.03,2137.16,2138.19,1.1697,2026-03-24 15:15:00
1774365600000,2137.32,2146.84,2137.2,2144.22,1.8307,2026-03-24 15:20:00
1774365900000,2145.55,2145.88,2145.52,2145.52,0.0039,2026-03-24 15:25:00
1774366200000,2145.52,2145.52,2145.52,2145.52,0.0,2026-03-24 15:30:00
1774366500000,2142.26,2142.26,2142.26,2142.26,0.2607,2026-03-24 15:35:00
1774366800000,2142.08,2142.08,2139.14,2139.14,0.7987,2026-03-24 15:40:00
1774367100000,2139.74,2139.74,2139.74,2139.74,0.0419,2026-03-24 15:45:00
1774367400000,2139.74,2139.74,2139.74,2139.74,0.0,2026-03-24 15:50:00
1774367700000,2134.4,2134.96,2133.76,2134.96,1.7595,2026-03-24 15:55:00
1774368000000,2135.22,2135.22,2134.18,2135.1,0.771,2026-03-24 16:00:00
1774368300000,2135.56,2137.26,2135.56,2136.72,0.4789,2026-03-24 16:05:00
1774368600000,2136.86,2137.84,2136.84,2137.84,2.2558,2026-03-24 16:10:00
1774368900000,2138.91,2138.91,2138.91,2138.91,0.0138,2026-03-24 16:15:00
1774369200000,2138.43,2138.43,2138.43,2138.43,0.4336,2026-03-24 16:20:00
1774369500000,2136.6,2136.6,2134.02,2134.02,0.625,2026-03-24 16:25:00
1774369800000,2130.88,2130.88,2130.63,2130.63,0.3666,2026-03-24 16:30:00
1774370100000,2128.43,2128.43,2120.71,2123.6,3.955,2026-03-24 16:35:00
1774370400000,2123.97,2128.58,2123.91,2128.58,1.2736,2026-03-24 16:40:00
1774370700000,2130.38,2130.38,2126.4,2126.4,0.0514,2026-03-24 16:45:00
1774371000000,2127.85,2127.85,2127.69,2127.69,2.0143,2026-03-24 16:50:00
1774371300000,2127.09,2127.41,2124.76,2126.68,4.6545,2026-03-24 16:55:00
1774371600000,2128.14,2128.14,2123.64,2123.96,0.5182,2026-03-24 17:00:00
1774371900000,2119.3,2119.3,2113.25,2117.55,14.7651,2026-03-24 17:05:00
1774372200000,2116.45,2116.62,2116.0,2116.61,0.9649,2026-03-24 17:10:00
1774372500000,2118.46,2118.46,2112.23,2112.23,0.2682,2026-03-24 17:15:00
1774372800000,2115.1,2117.26,2115.1,2117.26,0.0498,2026-03-24 17:20:00
1774373100000,2114.94,2114.99,2112.67,2113.1,5.186,2026-03-24 17:25:00
1774373400000,2115.16,2115.16,2109.63,2109.63,1.1136,2026-03-24 17:30:00
1774373700000,2109.14,2114.11,2108.89,2114.11,1.3316,2026-03-24 17:35:00
1774374000000,2111.19,2111.19,2102.85,2103.23,1.4766,2026-03-24 17:40:00
1774374300000,2104.56,2106.8,2104.56,2106.8,1.9035,2026-03-24 17:45:00
1774374600000,2107.48,2111.43,2106.98,2111.43,2.6358,2026-03-24 17:50:00
1774374900000,2105.26,2108.69,2105.26,2108.67,2.3812,2026-03-24 17:55:00
1774375200000,2111.57,2112.1,2106.11,2106.11,6.0881,2026-03-24 18:00:00
1774375500000,2108.65,2110.43,2108.65,2110.43,0.9863,2026-03-24 18:05:00
1774375800000,2108.32,2112.03,2108.32,2112.03,0.5874,2026-03-24 18:10:00
1774376100000,2111.1,2111.1,2111.1,2111.1,0.9,2026-03-24 18:15:00
1774376400000,2113.86,2113.86,2113.86,2113.86,0.778,2026-03-24 18:20:00
1774376700000,2117.85,2118.1,2117.01,2117.01,0.2259,2026-03-24 18:25:00
1774377000000,2119.3,2120.71,2119.3,2120.46,0.3362,2026-03-24 18:30:00
1774377300000,2120.45,2126.45,2120.45,2126.45,0.3512,2026-03-24 18:35:00
1774377600000,2125.78,2125.78,2119.48,2120.51,2.6288,2026-03-24 18:40:00
1774377900000,2120.54,2120.54,2119.14,2119.14,0.2452,2026-03-24 18:45:00
1774378200000,2120.25,2120.64,2120.25,2120.64,0.2516,2026-03-24 18:50:00
1774378500000,2120.64,2120.64,2120.64,2120.64,0.0,2026-03-24 18:55:00
1774378800000,2119.59,2123.28,2119.59,2123.28,0.3457,2026-03-24 19:00:00
1774379100000,2124.24,2126.34,2124.24,2126.34,0.0352,2026-03-24 19:05:00
1774379400000,2125.56,2125.56,2125.56,2125.56,0.0023,2026-03-24 19:10:00
1774379700000,2124.96,2125.61,2124.96,2125.61,0.3414,2026-03-24 19:15:00
1774380000000,2124.1,2124.1,2124.0,2124.0,1.1011,2026-03-24 19:20:00
1774380300000,2122.7,2122.7,2119.53,2119.53,0.5278,2026-03-24 19:25:00
1774380600000,2118.45,2118.45,2116.16,2116.16,2.2807,2026-03-24 19:30:00
1774380900000,2116.59,2116.59,2116.59,2116.59,0.0006,2026-03-24 19:35:00
1774381200000,2120.05,2120.4,2118.94,2120.4,1.1107,2026-03-24 19:40:00
1774381500000,2119.33,2119.33,2115.41,2115.41,18.1178,2026-03-24 19:45:00
1774381800000,2115.17,2115.32,2115.17,2115.32,0.3356,2026-03-24 19:50:00
1774382100000,2117.15,2117.15,2115.05,2115.05,1.5088,2026-03-24 19:55:00
1774382400000,2115.89,2118.87,2115.89,2116.99,11.6571,2026-03-24 20:00:00
1774382700000,2116.89,2117.16,2115.73,2116.86,4.6623,2026-03-24 20:05:00
1774383000000,2116.98,2119.94,2116.94,2119.94,25.5246,2026-03-24 20:10:00
1774383300000,2120.23,2123.11,2119.95,2123.11,80.6337,2026-03-24 20:15:00
1774383600000,2123.29,2144.5,2123.2,2144.5,76.1609,2026-03-24 20:20:00
1774383900000,2143.96,2152.81,2142.3,2149.85,1.2046,2026-03-24 20:25:00
1774384200000,2142.16,2146.22,2142.01,2145.39,4.0122,2026-03-24 20:30:00
1774384500000,2145.08,2150.86,2144.69,2150.41,3.887,2026-03-24 20:35:00
1774384800000,2149.71,2151.69,2147.18,2147.18,1.2928,2026-03-24 20:40:00
1774385100000,2149.24,2149.74,2146.07,2146.65,3.5413,2026-03-24 20:45:00
1774385400000,2149.22,2154.18,2148.09,2149.03,7.6479,2026-03-24 20:50:00
1774385700000,2150.0,2151.4,2148.33,2148.33,5.8939,2026-03-24 20:55:00
1774386000000,2149.5,2149.91,2149.5,2149.91,0.3373,2026-03-24 21:00:00
1774386300000,2150.0,2150.27,2144.8,2144.8,0.4397,2026-03-24 21:05:00
1774386600000,2146.18,2146.18,2146.18,2146.18,0.7794,2026-03-24 21:10:00
1774386900000,2144.94,2144.94,2141.96,2141.96,0.2567,2026-03-24 21:15:00
1774387200000,2140.89,2140.89,2140.89,2140.89,0.0028,2026-03-24 21:20:00
1774387500000,2142.03,2144.65,2142.03,2144.65,1.4188,2026-03-24 21:25:00
1774387800000,2146.18,2146.18,2146.18,2146.18,0.2327,2026-03-24 21:30:00
1774388100000,2144.18,2144.18,2144.18,2144.18,0.2572,2026-03-24 21:35:00
1774388400000,2148.01,2149.58,2147.39,2147.73,2.0395,2026-03-24 21:40:00
1774388700000,2147.84,2148.82,2146.91,2148.69,3.5888,2026-03-24 21:45:00
1774389000000,2146.67,2147.48,2145.29,2145.29,1.7323,2026-03-24 21:50:00
1774389300000,2146.65,2146.65,2144.75,2144.75,0.3342,2026-03-24 21:55:00
1774389600000,2148.99,2148.99,2146.41,2146.41,0.774,2026-03-24 22:00:00
1774389900000,2148.39,2154.12,2148.39,2154.12,2.7023,2026-03-24 22:05:00
1774390200000,2152.28,2155.15,2152.28,2152.96,1.2011,2026-03-24 22:10:00
1774390500000,2152.96,2152.96,2152.96,2152.96,0.0,2026-03-24 22:15:00
1774390800000,2151.13,2151.13,2151.13,2151.13,0.2446,2026-03-24 22:20:00
1774391100000,2147.5,2149.66,2147.5,2149.19,1.3424,2026-03-24 22:25:00
1774391400000,2142.31,2145.09,2142.31,2145.09,1.0954,2026-03-24 22:30:00
1774391700000,2143.3,2143.3,2143.3,2143.3,0.7664,2026-03-24 22:35:00
1774392000000,2143.62,2145.35,2143.62,2145.35,0.191,2026-03-24 22:40:00
1774392300000,2145.56,2145.56,2145.56,2145.56,0.5913,2026-03-24 22:45:00
1774392600000,2146.09,2146.09,2144.53,2144.53,0.3447,2026-03-24 22:50:00
1774392900000,2146.23,2147.32,2145.75,2145.75,0.3026,2026-03-24 22:55:00
1774393200000,2145.58,2146.51,2142.93,2146.51,0.2716,2026-03-24 23:00:00
1774393500000,2147.3,2149.84,2147.3,2149.84,0.0925,2026-03-24 23:05:00
1774393800000,2151.42,2151.5,2151.42,2151.5,0.2171,2026-03-24 23:10:00
1774394100000,2151.5,2151.5,2151.5,2151.5,0.0,2026-03-24 23:15:00
1774394400000,2154.7,2155.2,2153.35,2154.11,1.1102,2026-03-24 23:20:00
1774394700000,2155.23,2159.73,2155.23,2159.21,0.7555,2026-03-24 23:25:00
1774395000000,2159.99,2162.54,2159.99,2160.54,1.3253,2026-03-24 23:30:00
1774395300000,2160.7,2162.7,2160.7,2162.7,0.5087,2026-03-24 23:35:00
1774395600000,2162.7,2162.7,2162.7,2162.7,0.0,2026-03-24 23:40:00
1774395900000,2157.58,2157.58,2157.58,2157.58,0.2819,2026-03-24 23:45:00
1774396200000,2158.64,2160.64,2158.57,2158.57,0.4063,2026-03-24 23:50:00
1774396500000,2157.16,2158.88,2155.9,2155.9,4.6472,2026-03-24 23:55:00
1774396800000,2155.62,2156.23,2155.62,2156.23,0.0138,2026-03-25 00:00:00
1774397100000,2156.79,2158.24,2155.0,2158.24,14.0335,2026-03-25 00:05:00
1774397400000,2159.26,2160.74,2158.29,2158.29,1.0486,2026-03-25 00:10:00
1774397700000,2159.16,2159.16,2154.81,2154.81,0.2317,2026-03-25 00:15:00
1774398000000,2154.81,2154.81,2154.81,2154.81,0.0,2026-03-25 00:20:00
1774398300000,2156.21,2156.21,2156.21,2156.21,0.0023,2026-03-25 00:25:00
1774398600000,2153.05,2157.17,2147.67,2157.17,14.7591,2026-03-25 00:30:00
1774398900000,2162.0,2165.59,2162.0,2165.59,2.187,2026-03-25 00:35:00
1774399200000,2165.84,2166.95,2165.84,2166.95,0.4767,2026-03-25 00:40:00
1774399500000,2166.95,2166.95,2166.95,2166.95,0.254,2026-03-25 00:45:00
1774399800000,2162.31,2162.86,2162.31,2162.72,1.4289,2026-03-25 00:50:00
1774400100000,2162.72,2162.72,2162.72,2162.72,0.0,2026-03-25 00:55:00
1774400400000,2160.43,2162.25,2159.0,2162.25,0.7459,2026-03-25 01:00:00
1774400700000,2162.54,2162.54,2161.42,2161.42,0.1436,2026-03-25 01:05:00
1774401000000,2162.4,2162.4,2162.4,2162.4,0.1388,2026-03-25 01:10:00
1774401300000,2160.55,2160.55,2160.55,2160.55,0.0509,2026-03-25 01:15:00
1774401600000,2161.44,2161.44,2161.44,2161.44,1.0,2026-03-25 01:20:00
1774401900000,2161.44,2161.44,2161.44,2161.44,0.0,2026-03-25 01:25:00
1774402200000,2160.07,2160.07,2157.43,2157.43,0.2688,2026-03-25 01:30:00
1774402500000,2160.05,2160.05,2159.36,2159.36,0.2634,2026-03-25 01:35:00
1774402800000,2159.42,2165.83,2158.95,2165.83,0.5666,2026-03-25 01:40:00
1774403100000,2161.68,2161.68,2161.68,2161.68,0.0115,2026-03-25 01:45:00
1774403400000,2161.72,2161.72,2161.72,2161.72,0.696,2026-03-25 01:50:00
1774403700000,2161.72,2161.72,2161.72,2161.72,0.0,2026-03-25 01:55:00
1774404000000,2155.11,2156.04,2155.11,2156.04,0.8252,2026-03-25 02:00:00
1774404300000,2155.91,2157.0,2155.91,2156.68,0.7762,2026-03-25 02:05:00
1774404600000,2154.99,2155.63,2154.38,2154.38,0.0106,2026-03-25 02:10:00
1774404900000,2154.38,2154.38,2154.38,2154.38,0.0,2026-03-25 02:15:00
1774405200000,2155.42,2155.42,2155.42,2155.42,0.0521,2026-03-25 02:20:00
1774405500000,2156.69,2156.69,2156.69,2156.69,0.2787,2026-03-25 02:25:00
1774405800000,2156.69,2156.69,2156.69,2156.69,0.0,2026-03-25 02:30:00
1774406100000,2157.51,2157.51,2157.51,2157.51,0.0369,2026-03-25 02:35:00
1774406400000,2159.64,2160.15,2159.64,2160.15,0.3218,2026-03-25 02:40:00
1774406700000,2160.15,2160.15,2160.15,2160.15,0.0,2026-03-25 02:45:00
1774407000000,2160.15,2160.15,2160.15,2160.15,0.0,2026-03-25 02:50:00
1774407300000,2156.34,2157.07,2156.34,2157.07,0.7301,2026-03-25 02:55:00
1774407600000,2156.28,2156.31,2156.17,2156.31,0.153,2026-03-25 03:00:00
1774407900000,2155.02,2155.02,2155.02,2155.02,0.0116,2026-03-25 03:05:00
1774408200000,2153.05,2153.05,2149.26,2152.2,0.0536,2026-03-25 03:10:00
1774408500000,2149.29,2149.29,2147.67,2148.71,1.3188,2026-03-25 03:15:00
1774408800000,2149.44,2149.44,2149.44,2149.44,0.2598,2026-03-25 03:20:00
1774409100000,2152.63,2152.63,2152.63,2152.63,0.0227,2026-03-25 03:25:00
1774409400000,2155.44,2155.44,2155.44,2155.44,0.2044,2026-03-25 03:30:00
1774409700000,2157.31,2157.31,2157.31,2157.31,0.0927,2026-03-25 03:35:00
1774410000000,2157.31,2157.31,2157.31,2157.31,0.0,2026-03-25 03:40:00
1774410300000,2158.74,2158.74,2158.74,2158.74,0.6461,2026-03-25 03:45:00
1774410600000,2158.74,2158.74,2158.74,2158.74,0.0,2026-03-25 03:50:00
1774410900000,2160.0,2160.0,2160.0,2160.0,0.0046,2026-03-25 03:55:00
1774411200000,2157.55,2157.55,2157.49,2157.49,0.2407,2026-03-25 04:00:00
1774411500000,2161.27,2162.54,2161.27,2162.54,0.7049,2026-03-25 04:05:00
1774411800000,2162.54,2162.54,2162.54,2162.54,0.0,2026-03-25 04:10:00
1774412100000,2162.54,2162.54,2162.54,2162.54,0.0,2026-03-25 04:15:00
1774412400000,2162.54,2162.54,2162.54,2162.54,0.0,2026-03-25 04:20:00
1774412700000,2162.12,2162.12,2162.12,2162.12,0.2308,2026-03-25 04:25:00
1774413000000,2163.99,2163.99,2163.99,2163.99,0.0146,2026-03-25 04:30:00
1774413300000,2161.23,2161.23,2161.23,2161.23,0.0078,2026-03-25 04:35:00
1774413600000,2162.47,2162.48,2161.57,2161.66,1.5624,2026-03-25 04:40:00
1774413900000,2160.54,2160.54,2160.54,2160.54,0.4158,2026-03-25 04:45:00
1774414200000,2160.45,2160.45,2160.45,2160.45,0.0071,2026-03-25 04:50:00
1774414500000,2165.04,2165.04,2165.04,2165.04,0.2977,2026-03-25 04:55:00
1774414800000,2166.25,2166.72,2166.25,2166.72,0.0129,2026-03-25 05:00:00
1774415100000,2167.91,2179.16,2167.91,2174.81,8.3582,2026-03-25 05:05:00
1774415400000,2175.87,2176.29,2174.77,2174.82,0.4562,2026-03-25 05:10:00
1774415700000,2174.82,2174.82,2174.82,2174.82,0.0,2026-03-25 05:15:00
1774416000000,2171.2,2171.2,2171.2,2171.2,0.0012,2026-03-25 05:20:00
1774416300000,2170.98,2171.96,2170.98,2171.96,0.9727,2026-03-25 05:25:00
1774416600000,2171.77,2173.12,2170.12,2170.12,0.4793,2026-03-25 05:30:00
1774416900000,2170.39,2172.78,2170.39,2172.58,0.9044,2026-03-25 05:35:00
1774417200000,2172.19,2172.3,2172.19,2172.3,0.0439,2026-03-25 05:40:00
1774417500000,2172.3,2172.3,2172.3,2172.3,0.0,2026-03-25 05:45:00
1774417800000,2170.33,2170.33,2170.33,2170.33,0.214,2026-03-25 05:50:00
1774418100000,2170.33,2170.33,2170.33,2170.33,0.0,2026-03-25 05:55:00
1774418400000,2170.33,2170.33,2170.33,2170.33,0.0,2026-03-25 06:00:00
1774418700000,2167.1,2167.1,2166.78,2166.78,0.2385,2026-03-25 06:05:00
1774419000000,2164.99,2164.99,2164.7,2164.7,0.0476,2026-03-25 06:10:00
1774419300000,2167.72,2167.72,2167.72,2167.72,0.0461,2026-03-25 06:15:00
1774419600000,2167.72,2167.72,2167.72,2167.72,0.0,2026-03-25 06:20:00
1774419900000,2171.86,2171.86,2171.6,2171.6,0.1435,2026-03-25 06:25:00
1774420200000,2172.62,2172.62,2171.01,2171.07,1.2155,2026-03-25 06:30:00
1774420500000,2172.1,2172.1,2172.1,2172.1,0.9186,2026-03-25 06:35:00
1774420800000,2172.1,2172.1,2172.1,2172.1,0.0,2026-03-25 06:40:00
1774421100000,2171.24,2172.43,2171.24,2172.43,0.092,2026-03-25 06:45:00
1774421400000,2172.43,2172.43,2172.43,2172.43,0.0,2026-03-25 06:50:00
1774421700000,2167.9,2167.9,2165.22,2165.22,3.2864,2026-03-25 06:55:00
1774422000000,2166.87,2166.87,2166.87,2166.87,0.2535,2026-03-25 07:00:00
1774422300000,2166.9,2167.49,2166.04,2167.49,0.3172,2026-03-25 07:05:00
1774422600000,2169.97,2170.87,2169.84,2170.87,0.9419,2026-03-25 07:10:00
1774422900000,2170.87,2170.87,2170.87,2170.87,0.0,2026-03-25 07:15:00
1774423200000,2169.45,2169.45,2169.05,2169.05,1.1511,2026-03-25 07:20:00
1774423500000,2169.05,2169.05,2169.05,2169.05,0.0,2026-03-25 07:25:00
1774423800000,2169.05,2169.05,2169.05,2169.05,0.0,2026-03-25 07:30:00
1774424100000,2173.59,2173.59,2173.59,2173.59,0.0886,2026-03-25 07:35:00
1774424400000,2176.23,2177.0,2172.56,2172.56,2.1078,2026-03-25 07:40:00
1774424700000,2169.05,2169.05,2160.23,2164.37,1.5146,2026-03-25 07:45:00
1774425000000,2164.37,2164.37,2164.37,2164.37,0.0,2026-03-25 07:50:00
1774425300000,2165.39,2165.39,2165.39,2165.39,0.2359,2026-03-25 07:55:00
1774425600000,2168.79,2168.79,2168.79,2168.79,0.0023,2026-03-25 08:00:00
1774425900000,2170.09,2170.09,2168.2,2168.2,0.2533,2026-03-25 08:05:00
1774426200000,2165.43,2165.43,2165.34,2165.34,0.0535,2026-03-25 08:10:00
1774426500000,2165.34,2165.34,2165.34,2165.34,0.0,2026-03-25 08:15:00
1774426800000,2172.41,2172.41,2172.41,2172.41,0.0092,2026-03-25 08:20:00
1774427100000,2170.38,2182.73,2170.38,2180.91,40.821,2026-03-25 08:25:00
1774427400000,2180.8,2190.25,2180.8,2190.25,7.4708,2026-03-25 08:30:00
1774427700000,2185.99,2185.99,2177.92,2182.61,3.553,2026-03-25 08:35:00
1774428000000,2183.03,2183.64,2182.81,2183.64,0.5897,2026-03-25 08:40:00
1774428300000,2182.83,2182.83,2182.83,2182.83,0.2515,2026-03-25 08:45:00
1774428600000,2178.28,2178.28,2177.4,2177.58,0.5352,2026-03-25 08:50:00
1774428900000,2176.43,2176.44,2176.43,2176.44,0.6299,2026-03-25 08:55:00
1774429200000,2176.82,2176.82,2175.33,2175.33,0.2467,2026-03-25 09:00:00
1774429500000,2178.22,2178.22,2178.22,2178.22,0.2349,2026-03-25 09:05:00
1774429800000,2180.46,2180.46,2180.18,2180.18,0.8417,2026-03-25 09:10:00
1774430100000,2179.69,2179.69,2179.69,2179.69,0.1505,2026-03-25 09:15:00
1774430400000,2181.24,2181.24,2179.71,2179.71,0.4979,2026-03-25 09:20:00
1774430700000,2182.96,2182.96,2181.22,2181.22,0.4535,2026-03-25 09:25:00
1774431000000,2182.29,2182.41,2180.55,2182.41,3.1783,2026-03-25 09:30:00
1774431300000,2182.41,2182.41,2182.41,2182.41,0.0,2026-03-25 09:35:00
1774431600000,2182.41,2182.41,2182.41,2182.41,0.0,2026-03-25 09:40:00
1774431900000,2179.3,2179.3,2176.36,2176.36,0.473,2026-03-25 09:45:00
1774432200000,2176.36,2176.36,2176.36,2176.36,0.0,2026-03-25 09:50:00
1774432500000,2183.65,2188.23,2183.65,2188.23,0.17,2026-03-25 09:55:00
1774432800000,2186.92,2186.92,2183.93,2183.93,0.2291,2026-03-25 10:00:00
1774433100000,2186.36,2187.46,2186.36,2187.46,0.4748,2026-03-25 10:05:00
1774433400000,2187.01,2187.01,2186.09,2186.09,0.0069,2026-03-25 10:10:00
1774433700000,2187.25,2187.25,2187.25,2187.25,0.2338,2026-03-25 10:15:00
1774434000000,2187.25,2187.25,2187.25,2187.25,0.0,2026-03-25 10:20:00
1774434300000,2185.43,2185.43,2184.65,2184.65,0.0102,2026-03-25 10:25:00
1774434600000,2184.02,2184.76,2184.02,2184.76,0.0183,2026-03-25 10:30:00
1774434900000,2184.76,2184.76,2184.76,2184.76,0.0,2026-03-25 10:35:00
1774435200000,2181.68,2181.75,2181.68,2181.75,0.2617,2026-03-25 10:40:00
1774435500000,2185.75,2186.55,2185.75,2186.55,0.574,2026-03-25 10:45:00
1774435800000,2186.55,2186.55,2186.55,2186.55,0.0,2026-03-25 10:50:00
1774436100000,2185.37,2185.37,2185.37,2185.37,0.0534,2026-03-25 10:55:00
1774436400000,2185.4,2186.15,2185.4,2186.15,0.0579,2026-03-25 11:00:00
1774436700000,2183.45,2185.35,2183.45,2185.35,1.0378,2026-03-25 11:05:00
1774437000000,2184.88,2184.88,2184.88,2184.88,0.0032,2026-03-25 11:10:00
1774437300000,2184.88,2184.88,2184.88,2184.88,0.0,2026-03-25 11:15:00
1774437600000,2190.89,2193.71,2180.98,2189.81,1.1142,2026-03-25 11:20:00
1774437900000,2191.98,2192.68,2188.84,2192.68,0.8518,2026-03-25 11:25:00
1774438200000,2192.46,2198.0,2192.46,2196.05,1.9378,2026-03-25 11:30:00
1774438500000,2197.99,2198.0,2193.61,2193.61,4.6452,2026-03-25 11:35:00
1774438800000,2193.61,2193.61,2191.3,2191.3,0.5167,2026-03-25 11:40:00
1774439100000,2190.56,2190.65,2180.8,2180.8,2.526,2026-03-25 11:45:00
1774439400000,2183.93,2185.62,2183.93,2185.62,0.6143,2026-03-25 11:50:00
1774439700000,2184.35,2185.72,2184.35,2185.72,0.4803,2026-03-25 11:55:00
1774440000000,2187.85,2190.18,2187.75,2190.18,0.5166,2026-03-25 12:00:00
1774440300000,2190.08,2192.15,2189.9,2192.15,0.5072,2026-03-25 12:05:00
1774440600000,2191.8,2191.8,2191.8,2191.8,0.0023,2026-03-25 12:10:00
1774440900000,2189.68,2190.0,2176.67,2178.02,1.0817,2026-03-25 12:15:00
1774441200000,2176.43,2176.67,2168.34,2173.96,3.6618,2026-03-25 12:20:00
1774441500000,2174.12,2174.12,2169.13,2169.57,0.8864,2026-03-25 12:25:00
1774441800000,2166.91,2169.1,2166.91,2169.1,1.2765,2026-03-25 12:30:00
1774442100000,2169.1,2169.1,2169.1,2169.1,0.0,2026-03-25 12:35:00
1774442400000,2174.45,2176.55,2173.47,2173.47,1.072,2026-03-25 12:40:00
1774442700000,2171.83,2171.83,2171.83,2171.83,0.0041,2026-03-25 12:45:00
1774443000000,2170.92,2173.47,2170.83,2173.47,1.0043,2026-03-25 12:50:00
1774443300000,2179.98,2193.4,2179.98,2184.35,13.5621,2026-03-25 12:55:00
1774443600000,2182.44,2187.59,2182.44,2185.7,1.0334,2026-03-25 13:00:00
1774443900000,2185.74,2185.74,2185.13,2185.13,0.0792,2026-03-25 13:05:00
1774444200000,2182.83,2184.14,2182.83,2184.14,0.0292,2026-03-25 13:10:00
1774444500000,2184.14,2184.14,2184.14,2184.14,0.0,2026-03-25 13:15:00
1774444800000,2184.14,2184.14,2184.14,2184.14,0.0,2026-03-25 13:20:00
1774445100000,2184.14,2184.14,2184.14,2184.14,0.0,2026-03-25 13:25:00
1774445400000,2185.65,2192.25,2185.65,2191.75,1.783,2026-03-25 13:30:00
1774445700000,2190.87,2197.57,2190.87,2197.57,0.1108,2026-03-25 13:35:00
1774446000000,2197.57,2197.57,2197.57,2197.57,0.0,2026-03-25 13:40:00
1774446300000,2190.48,2190.48,2190.48,2190.48,0.0099,2026-03-25 13:45:00
1774446600000,2186.05,2188.82,2182.74,2186.27,2.9699,2026-03-25 13:50:00
1774446900000,2188.16,2188.39,2188.16,2188.39,0.01,2026-03-25 13:55:00
1774447200000,2180.28,2183.16,2178.13,2182.47,2.2333,2026-03-25 14:00:00
1774447500000,2176.67,2181.04,2176.51,2181.04,1.0239,2026-03-25 14:05:00
1774447800000,2179.82,2180.39,2179.82,2180.14,0.0204,2026-03-25 14:10:00
1774448100000,2180.1,2181.91,2180.1,2181.91,1.3513,2026-03-25 14:15:00
1774448400000,2180.09,2182.77,2176.43,2176.43,4.0894,2026-03-25 14:20:00
1774448700000,2176.43,2179.95,2176.41,2176.81,2.3038,2026-03-25 14:25:00
1774449000000,2182.43,2183.36,2181.56,2181.56,0.623,2026-03-25 14:30:00
1774449300000,2185.61,2185.61,2178.99,2178.99,0.734,2026-03-25 14:35:00
1774449600000,2178.99,2178.99,2178.99,2178.99,0.0,2026-03-25 14:40:00
1774449900000,2177.51,2179.0,2176.79,2179.0,0.8755,2026-03-25 14:45:00
1774450200000,2180.6,2180.6,2180.0,2180.0,0.0458,2026-03-25 14:50:00
1774450500000,2175.44,2176.66,2175.0,2176.66,4.8933,2026-03-25 14:55:00
1774450800000,2174.02,2176.12,2174.02,2175.15,0.562,2026-03-25 15:00:00
1774451100000,2174.91,2174.91,2162.54,2165.13,0.9117,2026-03-25 15:05:00
1774451400000,2165.15,2166.29,2157.74,2157.74,2.6471,2026-03-25 15:10:00
1774451700000,2160.15,2161.96,2148.09,2151.04,2.3425,2026-03-25 15:15:00
1774452000000,2154.89,2162.54,2154.89,2161.05,0.3653,2026-03-25 15:20:00
1774452300000,2163.8,2164.32,2163.8,2164.32,0.0941,2026-03-25 15:25:00
1774452600000,2167.52,2167.52,2163.14,2163.14,1.1415,2026-03-25 15:30:00
1774452900000,2162.22,2162.22,2159.74,2159.74,0.4889,2026-03-25 15:35:00
1774453200000,2159.9,2161.38,2159.9,2161.38,0.5485,2026-03-25 15:40:00
1774453500000,2161.39,2161.58,2161.39,2161.58,0.2501,2026-03-25 15:45:00
1774453800000,2161.58,2161.58,2161.58,2161.58,0.0,2026-03-25 15:50:00
1774454100000,2163.37,2164.86,2163.37,2164.86,0.3235,2026-03-25 15:55:00
1774454400000,2160.83,2160.83,2160.83,2160.83,0.005,2026-03-25 16:00:00
1774454700000,2159.26,2160.83,2159.26,2160.74,0.1457,2026-03-25 16:05:00
1774455000000,2159.45,2159.45,2159.45,2159.45,0.2532,2026-03-25 16:10:00
1774455300000,2158.41,2160.55,2158.41,2160.55,1.0172,2026-03-25 16:15:00
1774455600000,2160.55,2160.55,2160.55,2160.55,0.0,2026-03-25 16:20:00
1774455900000,2168.33,2185.0,2168.33,2177.81,6.8507,2026-03-25 16:25:00
1774456200000,2176.26,2176.26,2176.26,2176.26,0.2179,2026-03-25 16:30:00
1774456500000,2176.26,2176.26,2176.26,2176.26,0.0,2026-03-25 16:35:00
1774456800000,2180.75,2180.75,2179.03,2179.03,0.3799,2026-03-25 16:40:00
1774457100000,2176.36,2176.36,2176.36,2176.36,0.0046,2026-03-25 16:45:00
1774457400000,2173.22,2174.52,2171.02,2174.52,0.9441,2026-03-25 16:50:00
1774457700000,2176.36,2176.36,2176.36,2176.36,1.32,2026-03-25 16:55:00
1774458000000,2174.1,2176.71,2172.45,2172.55,0.6779,2026-03-25 17:00:00
1774458300000,2172.45,2172.45,2170.22,2170.88,0.5917,2026-03-25 17:05:00
1774458600000,2169.66,2169.66,2169.26,2169.26,0.1104,2026-03-25 17:10:00
1774458900000,2169.26,2169.26,2165.75,2165.75,0.2285,2026-03-25 17:15:00
1774459200000,2166.04,2169.68,2166.04,2169.68,0.7531,2026-03-25 17:20:00
1774459500000,2171.31,2173.23,2168.86,2168.94,65.4431,2026-03-25 17:25:00
1774459800000,2164.35,2166.67,2164.35,2166.67,0.8152,2026-03-25 17:30:00
1774460100000,2167.3,2168.18,2163.03,2164.99,6.1626,2026-03-25 17:35:00
1774460400000,2164.26,2167.63,2164.26,2167.63,0.6332,2026-03-25 17:40:00
1774460700000,2164.82,2164.82,2164.49,2164.49,0.4888,2026-03-25 17:45:00
1774461000000,2163.82,2164.44,2162.54,2162.54,0.7596,2026-03-25 17:50:00
1774461300000,2162.28,2165.5,2162.28,2162.98,0.8758,2026-03-25 17:55:00
1774461600000,2163.65,2165.2,2162.96,2164.64,0.8525,2026-03-25 18:00:00
1774461900000,2168.65,2168.65,2166.57,2166.57,0.0196,2026-03-25 18:05:00
1774462200000,2166.41,2166.41,2166.41,2166.41,0.75,2026-03-25 18:10:00
1774462500000,2170.49,2171.74,2170.05,2171.74,0.9939,2026-03-25 18:15:00
1774462800000,2171.98,2171.98,2170.48,2171.98,12.4587,2026-03-25 18:20:00
1774463100000,2171.98,2172.16,2168.12,2170.29,34.0591,2026-03-25 18:25:00
1774463400000,2170.13,2170.47,2168.02,2168.81,25.1935,2026-03-25 18:30:00
1774463700000,2168.3,2168.6,2165.33,2166.69,3.6298,2026-03-25 18:35:00
1774464000000,2163.8,2163.8,2163.8,2163.8,0.0042,2026-03-25 18:40:00
1774464300000,2164.34,2165.2,2164.2,2164.74,1.7259,2026-03-25 18:45:00
1774464600000,2165.42,2166.47,2165.42,2166.47,1.5844,2026-03-25 18:50:00
1774464900000,2166.28,2166.28,2159.04,2161.24,1.456,2026-03-25 18:55:00
1774465200000,2159.84,2167.04,2159.84,2167.04,3.336,2026-03-25 19:00:00
1774465500000,2167.84,2168.82,2167.42,2167.42,0.593,2026-03-25 19:05:00
1774465800000,2165.36,2168.88,2163.88,2168.88,2.4565,2026-03-25 19:10:00
1774466100000,2168.67,2169.09,2168.67,2169.09,0.0211,2026-03-25 19:15:00
1774466400000,2170.74,2172.24,2168.08,2169.61,15.4646,2026-03-25 19:20:00
1774466700000,2169.12,2169.12,2169.12,2169.12,0.2526,2026-03-25 19:25:00
1774467000000,2170.6,2171.3,2170.6,2171.21,0.0092,2026-03-25 19:30:00
1774467300000,2168.69,2172.15,2168.69,2169.89,2.6504,2026-03-25 19:35:00
1774467600000,2174.19,2175.35,2173.42,2175.35,0.1135,2026-03-25 19:40:00
1774467900000,2171.36,2171.36,2171.36,2171.36,0.0029,2026-03-25 19:45:00
1774468200000,2174.21,2174.21,2174.21,2174.21,0.0048,2026-03-25 19:50:00
1774468500000,2168.34,2168.8,2168.34,2168.8,0.2824,2026-03-25 19:55:00
1774468800000,2172.92,2172.92,2166.73,2166.73,0.5491,2026-03-25 20:00:00
1774469100000,2167.19,2167.19,2165.36,2165.36,0.5229,2026-03-25 20:05:00
1774469400000,2164.87,2165.9,2164.87,2165.9,1.0116,2026-03-25 20:10:00
1774469700000,2165.9,2165.9,2165.9,2165.9,0.0,2026-03-25 20:15:00
1774470000000,2164.32,2164.32,2164.32,2164.32,0.0819,2026-03-25 20:20:00
1774470300000,2161.65,2161.65,2159.31,2160.62,1.5217,2026-03-25 20:25:00
1774470600000,2161.6,2161.61,2161.6,2161.61,0.005,2026-03-25 20:30:00
1774470900000,2162.0,2163.12,2162.0,2163.12,0.2316,2026-03-25 20:35:00
1774471200000,2163.62,2165.24,2162.77,2165.24,0.3631,2026-03-25 20:40:00
1774471500000,2165.35,2166.26,2164.88,2166.26,0.8513,2026-03-25 20:45:00
1774471800000,2167.28,2167.36,2167.28,2167.36,1.6233,2026-03-25 20:50:00
1774472100000,2167.63,2167.63,2166.77,2166.77,0.024,2026-03-25 20:55:00
1774472400000,2165.78,2166.04,2164.67,2166.04,1.0892,2026-03-25 21:00:00
1774472700000,2166.09,2166.09,2165.7,2166.04,0.263,2026-03-25 21:05:00
1774473000000,2168.22,2169.49,2167.35,2169.07,9.8822,2026-03-25 21:10:00
1774473300000,2169.69,2169.69,2167.67,2167.71,0.8945,2026-03-25 21:15:00
1774473600000,2167.71,2167.71,2167.71,2167.71,0.0,2026-03-25 21:20:00
1774473900000,2164.92,2164.92,2162.91,2164.62,0.302,2026-03-25 21:25:00
1774474200000,2164.29,2164.3,2163.51,2164.3,0.4032,2026-03-25 21:30:00
1774474500000,2164.14,2164.14,2164.14,2164.14,0.3327,2026-03-25 21:35:00
1774474800000,2164.96,2164.96,2164.96,2164.96,0.3326,2026-03-25 21:40:00
1774475100000,2164.0,2164.33,2163.06,2163.06,0.7625,2026-03-25 21:45:00
1774475400000,2162.52,2163.42,2162.3,2163.42,1.341,2026-03-25 21:50:00
1774475700000,2163.42,2163.42,2163.42,2163.42,0.0,2026-03-25 21:55:00
1774476000000,2165.0,2167.0,2165.0,2166.32,4.1015,2026-03-25 22:00:00
1774476300000,2165.9,2167.14,2163.91,2163.91,0.9165,2026-03-25 22:05:00
1774476600000,2162.16,2163.45,2162.16,2163.45,0.2558,2026-03-25 22:10:00
1774476900000,2162.56,2163.57,2162.56,2163.57,0.2202,2026-03-25 22:15:00
1774477200000,2164.16,2164.16,2164.16,2164.16,0.3326,2026-03-25 22:20:00
1774477500000,2163.59,2163.59,2163.59,2163.59,0.0152,2026-03-25 22:25:00
1774477800000,2164.02,2175.35,2164.02,2172.8,3.1732,2026-03-25 22:30:00
1774478100000,2175.21,2176.67,2174.43,2174.43,1.8338,2026-03-25 22:35:00
1774478400000,2172.46,2177.18,2172.46,2174.17,1.2102,2026-03-25 22:40:00
1774478700000,2175.45,2176.61,2175.26,2176.23,0.8598,2026-03-25 22:45:00
1774479000000,2173.54,2173.69,2173.54,2173.69,0.0842,2026-03-25 22:50:00
1774479300000,2173.69,2173.69,2173.69,2173.69,0.0,2026-03-25 22:55:00
1774479600000,2173.99,2176.57,2173.36,2176.57,1.778,2026-03-25 23:00:00
1774479900000,2176.57,2176.57,2176.57,2176.57,0.0,2026-03-25 23:05:00
1774480200000,2176.98,2176.98,2174.93,2174.93,0.0238,2026-03-25 23:10:00
1774480500000,2171.44,2171.44,2171.21,2171.21,0.0068,2026-03-25 23:15:00
1774480800000,2170.49,2171.81,2170.49,2171.81,0.2504,2026-03-25 23:20:00
1774481100000,2174.69,2174.69,2174.69,2174.69,0.2297,2026-03-25 23:25:00
1774481400000,2172.61,2172.61,2171.56,2171.56,0.7775,2026-03-25 23:30:00
1774481700000,2171.97,2171.97,2167.18,2167.18,2.9498,2026-03-25 23:35:00
1774482000000,2167.43,2167.43,2165.82,2165.82,1.3131,2026-03-25 23:40:00
1774482300000,2167.22,2167.22,2165.94,2165.94,0.4616,2026-03-25 23:45:00
1774482600000,2165.73,2166.69,2165.73,2166.69,1.5073,2026-03-25 23:50:00
1774482900000,2169.23,2169.23,2169.23,2169.23,0.005,2026-03-25 23:55:00
1774483200000,2168.63,2168.63,2167.7,2167.7,0.2703,2026-03-26 00:00:00
1774483500000,2167.78,2168.09,2166.23,2166.57,2.0083,2026-03-26 00:05:00
1774483800000,2165.41,2165.95,2165.2,2165.2,1.6504,2026-03-26 00:10:00
1774484100000,2168.0,2169.96,2165.42,2165.42,0.0686,2026-03-26 00:15:00
1774484400000,2165.15,2166.08,2165.15,2165.76,0.0054,2026-03-26 00:20:00
1774484700000,2164.89,2165.43,2164.75,2165.43,0.0098,2026-03-26 00:25:00
1774485000000,2166.0,2168.68,2165.26,2166.74,0.2236,2026-03-26 00:30:00
1774485300000,2166.62,2169.22,2166.62,2167.13,0.0106,2026-03-26 00:35:00
1774485600000,2167.46,2167.54,2167.07,2167.54,0.3367,2026-03-26 00:40:00
1774485900000,2168.08,2171.27,2167.54,2171.27,1.9264,2026-03-26 00:45:00
1774486200000,2166.89,2166.89,2165.65,2166.02,0.4985,2026-03-26 00:50:00
1774486500000,2164.32,2164.32,2162.94,2163.64,0.3893,2026-03-26 00:55:00
1774486800000,2167.09,2167.94,2167.09,2167.36,0.8198,2026-03-26 01:00:00
1774487100000,2163.64,2163.64,2163.64,2163.64,0.2252,2026-03-26 01:05:00
1774487400000,2162.54,2162.54,2162.54,2162.54,0.0031,2026-03-26 01:10:00
1774487700000,2162.96,2163.09,2160.32,2163.09,4.0688,2026-03-26 01:15:00
1774488000000,2163.35,2164.79,2163.35,2164.57,0.2794,2026-03-26 01:20:00
1774488300000,2166.35,2166.35,2165.91,2165.91,0.2732,2026-03-26 01:25:00
1774488600000,2168.96,2168.96,2167.52,2167.52,0.0179,2026-03-26 01:30:00
1774488900000,2166.71,2166.71,2166.13,2166.13,0.0152,2026-03-26 01:35:00
1774489200000,2166.58,2166.95,2163.98,2164.51,1.5885,2026-03-26 01:40:00
1774489500000,2164.76,2164.88,2164.24,2164.24,0.487,2026-03-26 01:45:00
1774489800000,2162.73,2164.44,2162.73,2164.41,1.2999,2026-03-26 01:50:00
1774490100000,2164.22,2164.22,2164.22,2164.22,0.0138,2026-03-26 01:55:00
1774490400000,2164.43,2165.45,2164.43,2165.45,0.0662,2026-03-26 02:00:00
1774490700000,2164.06,2164.06,2159.48,2159.81,1.1841,2026-03-26 02:05:00
1774491000000,2160.45,2160.45,2158.8,2159.74,0.8358,2026-03-26 02:10:00
1774491300000,2157.73,2157.73,2154.46,2155.43,0.9137,2026-03-26 02:15:00
1774491600000,2156.4,2156.4,2152.95,2152.95,0.3402,2026-03-26 02:20:00
1774491900000,2155.1,2155.1,2154.03,2154.03,1.2373,2026-03-26 02:25:00
1774492200000,2152.26,2152.26,2143.84,2147.99,1.9299,2026-03-26 02:30:00
1774492500000,2147.99,2147.99,2145.41,2145.47,3.2884,2026-03-26 02:35:00
1774492800000,2147.08,2148.76,2147.08,2148.76,0.7334,2026-03-26 02:40:00
1774493100000,2148.91,2150.34,2148.74,2150.34,1.264,2026-03-26 02:45:00
1774493400000,2149.84,2150.01,2147.33,2147.33,2.2759,2026-03-26 02:50:00
1774493700000,2147.69,2149.52,2147.69,2149.52,1.2406,2026-03-26 02:55:00
1774494000000,2148.8,2148.97,2144.47,2145.56,1.1314,2026-03-26 03:00:00
1774494300000,2145.55,2149.1,2145.55,2149.1,0.5767,2026-03-26 03:05:00
1774494600000,2150.26,2155.33,2150.26,2155.33,0.0235,2026-03-26 03:10:00
1774494900000,2153.76,2153.81,2151.07,2153.32,0.7834,2026-03-26 03:15:00
1774495200000,2148.98,2149.89,2146.76,2146.76,1.3374,2026-03-26 03:20:00
1774495500000,2149.84,2149.84,2149.84,2149.84,0.0019,2026-03-26 03:25:00
1774495800000,2150.82,2150.82,2149.96,2149.96,4.644,2026-03-26 03:30:00
1774496100000,2151.56,2151.56,2151.56,2151.56,0.006,2026-03-26 03:35:00
1774496400000,2153.24,2153.24,2152.01,2152.01,0.0098,2026-03-26 03:40:00
1774496700000,2151.49,2152.46,2151.49,2152.46,1.5766,2026-03-26 03:45:00
1774497000000,2150.73,2151.15,2150.73,2151.15,0.4178,2026-03-26 03:50:00
1774497300000,2153.96,2153.96,2153.04,2153.04,0.004,2026-03-26 03:55:00
1774497600000,2153.45,2153.45,2151.18,2151.18,0.0355,2026-03-26 04:00:00
1774497900000,2152.28,2152.28,2151.74,2151.74,0.0026,2026-03-26 04:05:00
1774498200000,2150.9,2150.9,2148.36,2148.36,0.0362,2026-03-26 04:10:00
1774498500000,2148.36,2148.36,2148.36,2148.36,0.0,2026-03-26 04:15:00
1774498800000,2148.36,2148.36,2148.36,2148.36,0.0,2026-03-26 04:20:00
1774499100000,2152.0,2152.0,2151.99,2152.0,3.1976,2026-03-26 04:25:00
1774499400000,2152.0,2152.0,2152.0,2152.0,0.0,2026-03-26 04:30:00
1774499700000,2153.75,2153.75,2153.75,2153.75,0.0116,2026-03-26 04:35:00
1774500000000,2153.78,2153.78,2151.78,2152.4,1.142,2026-03-26 04:40:00
1774500300000,2151.52,2154.31,2151.52,2154.31,0.0142,2026-03-26 04:45:00
1774500600000,2152.62,2152.62,2151.56,2151.9,1.5326,2026-03-26 04:50:00
1774500900000,2149.09,2149.51,2149.09,2149.34,0.0397,2026-03-26 04:55:00
1774501200000,2149.77,2149.77,2149.41,2149.41,0.006,2026-03-26 05:00:00
1774501500000,2145.43,2145.43,2138.09,2142.25,8.1146,2026-03-26 05:05:00
1774501800000,2140.6,2141.05,2140.31,2140.54,0.0256,2026-03-26 05:10:00
1774502100000,2140.61,2140.61,2140.04,2140.04,0.0028,2026-03-26 05:15:00
1774502400000,2142.87,2142.87,2142.53,2142.53,0.0028,2026-03-26 05:20:00
1774502700000,2142.32,2142.32,2142.32,2142.32,0.2331,2026-03-26 05:25:00
1774503000000,2142.32,2142.32,2142.32,2142.32,0.0,2026-03-26 05:30:00
1774503300000,2143.72,2144.05,2142.99,2144.01,5.0332,2026-03-26 05:35:00
1774503600000,2141.68,2141.68,2129.38,2129.79,1.318,2026-03-26 05:40:00
1774503900000,2127.54,2127.54,2123.58,2126.38,0.7951,2026-03-26 05:45:00
1774504200000,2123.0,2123.0,2118.93,2118.93,4.2668,2026-03-26 05:50:00
1774504500000,2118.43,2118.43,2114.61,2117.64,2.9081,2026-03-26 05:55:00
1774504800000,2116.47,2116.47,2116.31,2116.31,0.4529,2026-03-26 06:00:00
1774505100000,2117.09,2117.09,2117.09,2117.09,0.1415,2026-03-26 06:05:00
1774505400000,2118.71,2119.04,2118.71,2119.04,1.4386,2026-03-26 06:10:00
1774505700000,2120.77,2124.76,2120.77,2124.65,0.9063,2026-03-26 06:15:00
1774506000000,2124.43,2124.43,2124.43,2124.43,0.019,2026-03-26 06:20:00
1774506300000,2119.43,2119.43,2119.43,2119.43,0.1177,2026-03-26 06:25:00
1774506600000,2119.43,2119.43,2119.43,2119.43,0.0,2026-03-26 06:30:00
1774506900000,2119.43,2119.43,2119.43,2119.43,0.0,2026-03-26 06:35:00
1774507200000,2119.43,2119.43,2119.43,2119.43,0.0,2026-03-26 06:40:00
1774507500000,2120.19,2120.19,2119.63,2119.63,0.0865,2026-03-26 06:45:00
1774507800000,2119.63,2119.63,2119.63,2119.63,0.0,2026-03-26 06:50:00
1774508100000,2119.63,2119.63,2119.63,2119.63,0.0,2026-03-26 06:55:00
1774508400000,2121.59,2123.76,2121.59,2123.76,0.2261,2026-03-26 07:00:00
1774508700000,2120.65,2121.2,2120.65,2121.2,0.0107,2026-03-26 07:05:00
1774509000000,2120.56,2120.94,2120.56,2120.94,0.0179,2026-03-26 07:10:00
1774509300000,2120.99,2120.99,2120.99,2120.99,0.0014,2026-03-26 07:15:00
1774509600000,2121.2,2122.55,2120.81,2120.81,0.2441,2026-03-26 07:20:00
1774509900000,2120.81,2120.81,2120.81,2120.81,0.0,2026-03-26 07:25:00
1774510200000,2120.81,2120.81,2120.81,2120.81,0.0,2026-03-26 07:30:00
1774510500000,2120.81,2120.81,2120.81,2120.81,0.0,2026-03-26 07:35:00
1774510800000,2120.81,2120.81,2120.81,2120.81,0.0,2026-03-26 07:40:00
1774511100000,2120.81,2120.81,2120.81,2120.81,0.0,2026-03-26 07:45:00
1774511400000,2122.62,2123.73,2122.62,2123.73,0.0056,2026-03-26 07:50:00
1774511700000,2124.46,2124.46,2124.46,2124.46,0.0028,2026-03-26 07:55:00
1774512000000,2124.46,2124.46,2124.46,2124.46,0.0,2026-03-26 08:00:00
1774512300000,2124.55,2126.04,2124.55,2125.36,0.0079,2026-03-26 08:05:00
1774512600000,2120.81,2120.81,2120.81,2120.81,0.7303,2026-03-26 08:10:00
1774512900000,2116.74,2116.74,2116.74,2116.74,0.2357,2026-03-26 08:15:00
1774513200000,2116.74,2116.74,2116.74,2116.74,0.0,2026-03-26 08:20:00
1774513500000,2116.74,2116.74,2116.74,2116.74,0.0,2026-03-26 08:25:00
1774513800000,2114.81,2114.81,2114.81,2114.81,0.0023,2026-03-26 08:30:00
1774514100000,2116.29,2116.29,2116.29,2116.29,0.0895,2026-03-26 08:35:00
1774514400000,2116.29,2116.29,2116.29,2116.29,0.0,2026-03-26 08:40:00
1774514700000,2118.4,2118.4,2118.4,2118.4,0.0026,2026-03-26 08:45:00
1774515000000,2118.4,2118.4,2118.4,2118.4,0.0,2026-03-26 08:50:00
1774515300000,2118.4,2118.4,2118.4,2118.4,0.0,2026-03-26 08:55:00
1774515600000,2118.4,2118.4,2118.4,2118.4,0.0,2026-03-26 09:00:00
1774515900000,2121.27,2121.97,2121.27,2121.97,0.2447,2026-03-26 09:05:00
1774516200000,2121.97,2121.97,2121.97,2121.97,0.0,2026-03-26 09:10:00
1774516500000,2118.06,2118.06,2116.72,2116.72,0.5078,2026-03-26 09:15:00
1774516800000,2116.72,2116.72,2116.72,2116.72,0.0,2026-03-26 09:20:00
1774517100000,2116.72,2116.72,2116.72,2116.72,0.0,2026-03-26 09:25:00
1774517400000,2112.5,2112.5,2077.49,2079.65,9.3024,2026-03-26 09:30:00
1774517700000,2079.65,2079.65,2079.65,2079.65,0.0,2026-03-26 09:35:00
1774518000000,2081.83,2083.57,2081.83,2083.57,0.4743,2026-03-26 09:40:00
1774518300000,2081.32,2081.32,2078.34,2078.34,0.5379,2026-03-26 09:45:00
1774518600000,2078.34,2078.34,2078.34,2078.34,0.0,2026-03-26 09:50:00
1774518900000,2083.99,2084.14,2083.61,2083.69,0.6145,2026-03-26 09:55:00
1774519200000,2077.79,2077.79,2077.79,2077.79,0.2649,2026-03-26 10:00:00
1774519500000,2077.85,2080.2,2076.21,2076.21,0.0831,2026-03-26 10:05:00
1774519800000,2074.92,2077.62,2073.44,2077.08,0.2718,2026-03-26 10:10:00
1774520100000,2077.08,2077.08,2077.08,2077.08,0.0,2026-03-26 10:15:00
1774520400000,2077.08,2077.08,2077.08,2077.08,0.0,2026-03-26 10:20:00
1774520700000,2077.08,2077.08,2077.08,2077.08,0.0,2026-03-26 10:25:00
1774521000000,2077.08,2077.08,2077.08,2077.08,0.0,2026-03-26 10:30:00
1774521300000,2077.08,2077.08,2077.08,2077.08,0.0,2026-03-26 10:35:00
1774521600000,2076.48,2076.48,2076.48,2076.48,0.2518,2026-03-26 10:40:00
1774521900000,2078.14,2078.14,2078.14,2078.14,0.0476,2026-03-26 10:45:00
1774522200000,2078.14,2078.14,2078.14,2078.14,0.0,2026-03-26 10:50:00
1774522500000,2078.8,2078.8,2078.8,2078.8,0.001,2026-03-26 10:55:00
1774522800000,2078.14,2078.14,2078.14,2078.14,0.129,2026-03-26 11:00:00
1774523100000,2075.93,2076.97,2074.84,2076.61,0.6161,2026-03-26 11:05:00
1774523400000,2077.9,2077.99,2063.66,2070.31,2.107,2026-03-26 11:10:00
1774523700000,2070.31,2070.31,2070.31,2070.31,0.0,2026-03-26 11:15:00
1774524000000,2070.0,2070.0,2070.0,2070.0,0.2194,2026-03-26 11:20:00
1774524300000,2068.04,2068.04,2066.15,2066.15,0.8007,2026-03-26 11:25:00
1774524600000,2069.25,2070.21,2068.9,2069.1,2.514,2026-03-26 11:30:00
1774524900000,2071.48,2073.53,2071.48,2073.53,1.0647,2026-03-26 11:35:00
1774525200000,2073.53,2073.53,2073.53,2073.53,0.0,2026-03-26 11:40:00
1774525500000,2072.0,2072.0,2072.0,2072.0,0.25,2026-03-26 11:45:00
1774525800000,2069.5,2069.5,2069.5,2069.5,0.1691,2026-03-26 11:50:00
1774526100000,2069.25,2069.25,2068.11,2068.11,2.0582,2026-03-26 11:55:00
1774526400000,2067.79,2069.86,2067.79,2069.86,0.0086,2026-03-26 12:00:00
1774526700000,2071.03,2071.03,2066.34,2070.91,1.1608,2026-03-26 12:05:00
1774527000000,2072.14,2072.14,2071.74,2071.74,0.0091,2026-03-26 12:10:00
1774527300000,2072.63,2072.63,2071.12,2071.12,1.7885,2026-03-26 12:15:00
1774527600000,2071.99,2072.43,2071.99,2072.43,0.0448,2026-03-26 12:20:00
1774527900000,2071.73,2072.74,2071.29,2072.74,1.3149,2026-03-26 12:25:00
1774528200000,2071.0,2071.0,2071.0,2071.0,0.1207,2026-03-26 12:30:00
1774528500000,2069.09,2069.84,2069.09,2069.84,0.3187,2026-03-26 12:35:00
1774528800000,2072.66,2072.68,2071.94,2072.37,2.5817,2026-03-26 12:40:00
1774529100000,2074.39,2074.39,2074.39,2074.39,0.0007,2026-03-26 12:45:00
1774529400000,2072.78,2072.78,2072.78,2072.78,0.1447,2026-03-26 12:50:00
1774529700000,2074.37,2074.37,2073.16,2073.16,0.5117,2026-03-26 12:55:00
1774530000000,2073.66,2074.81,2072.99,2072.99,0.5347,2026-03-26 13:00:00
1774530300000,2073.55,2075.9,2073.55,2075.9,0.5661,2026-03-26 13:05:00
1774530600000,2076.8,2078.82,2076.8,2078.82,0.2921,2026-03-26 13:10:00
1774530900000,2079.68,2080.2,2079.68,2079.74,0.265,2026-03-26 13:15:00
1774531200000,2079.74,2079.74,2079.74,2079.74,0.0,2026-03-26 13:20:00
1774531500000,2079.74,2079.74,2079.74,2079.74,0.0,2026-03-26 13:25:00
1774531800000,2077.17,2077.17,2077.17,2077.17,0.2629,2026-03-26 13:30:00
1774532100000,2079.66,2079.74,2074.12,2074.12,4.1773,2026-03-26 13:35:00
1774532400000,2072.15,2082.04,2071.31,2082.04,46.7316,2026-03-26 13:40:00
1774532700000,2084.03,2092.79,2083.13,2083.13,8.5981,2026-03-26 13:45:00
1774533000000,2083.95,2090.95,2083.95,2090.95,0.2917,2026-03-26 13:50:00
1774533300000,2085.75,2086.3,2080.24,2080.24,3.4062,2026-03-26 13:55:00
1774533600000,2081.75,2081.75,2079.24,2079.24,0.7251,2026-03-26 14:00:00
1774533900000,2081.22,2084.3,2079.23,2080.15,6.0957,2026-03-26 14:05:00
1774534200000,2078.06,2078.79,2078.06,2078.79,0.0238,2026-03-26 14:10:00
1774534500000,2079.78,2081.33,2079.78,2081.02,0.585,2026-03-26 14:15:00
1774534800000,2075.37,2075.37,2075.37,2075.37,0.2587,2026-03-26 14:20:00
1774535100000,2075.37,2075.37,2075.37,2075.37,0.0,2026-03-26 14:25:00
1774535400000,2076.02,2083.22,2076.02,2083.22,0.7881,2026-03-26 14:30:00
1774535700000,2078.4,2078.77,2078.4,2078.69,0.2764,2026-03-26 14:35:00
1774536000000,2082.8,2082.8,2079.41,2079.41,0.2584,2026-03-26 14:40:00
1774536300000,2073.67,2078.1,2073.67,2073.9,1.1175,2026-03-26 14:45:00
1774536600000,2073.33,2073.33,2067.77,2069.0,5.4721,2026-03-26 14:50:00
1774536900000,2070.6,2076.66,2070.47,2075.87,0.7676,2026-03-26 14:55:00
1774537200000,2076.07,2076.07,2072.83,2073.01,0.8639,2026-03-26 15:00:00
1774537500000,2073.09,2074.41,2066.19,2068.76,0.7478,2026-03-26 15:05:00
1774537800000,2070.38,2070.38,2059.34,2059.34,2.1237,2026-03-26 15:10:00
1774538100000,2060.45,2062.78,2053.36,2062.6,2.2659,2026-03-26 15:15:00
1774538400000,2063.5,2064.56,2062.96,2064.16,0.618,2026-03-26 15:20:00
1774538700000,2067.62,2067.77,2067.62,2067.77,0.1143,2026-03-26 15:25:00
1774539000000,2065.21,2065.21,2064.1,2064.1,0.2679,2026-03-26 15:30:00
1774539300000,2064.45,2064.9,2062.71,2062.71,4.6402,2026-03-26 15:35:00
1774539600000,2066.52,2066.52,2062.18,2063.31,1.4884,2026-03-26 15:40:00
1774539900000,2067.67,2067.67,2067.67,2067.67,0.0024,2026-03-26 15:45:00
1774540200000,2071.22,2074.78,2071.22,2073.17,3.9852,2026-03-26 15:50:00
1774540500000,2070.97,2070.97,2070.0,2070.0,0.0349,2026-03-26 15:55:00
1774540800000,2070.0,2070.0,2068.15,2068.15,0.3643,2026-03-26 16:00:00
1774541100000,2068.16,2070.35,2068.16,2070.12,1.0236,2026-03-26 16:05:00
1774541400000,2068.4,2070.0,2067.7,2069.36,2.6557,2026-03-26 16:10:00
1774541700000,2068.89,2068.9,2064.87,2066.59,2.4274,2026-03-26 16:15:00
1774542000000,2067.92,2067.92,2067.33,2067.33,0.0506,2026-03-26 16:20:00
1774542300000,2066.92,2066.92,2064.17,2064.17,0.3785,2026-03-26 16:25:00
1774542600000,2065.67,2065.67,2065.67,2065.67,0.0119,2026-03-26 16:30:00
1774542900000,2067.29,2067.29,2064.54,2064.54,1.4338,2026-03-26 16:35:00
1774543200000,2063.06,2065.0,2063.06,2065.0,0.5999,2026-03-26 16:40:00
1774543500000,2061.93,2061.93,2061.93,2061.93,0.2686,2026-03-26 16:45:00
1774543800000,2061.93,2061.93,2061.93,2061.93,0.0142,2026-03-26 16:50:00
1774544100000,2060.5,2060.5,2060.5,2060.5,0.25,2026-03-26 16:55:00
1774544400000,2062.77,2065.64,2062.77,2065.0,4.0162,2026-03-26 17:00:00
1774544700000,2066.95,2066.95,2064.17,2065.32,0.0565,2026-03-26 17:05:00
1774545000000,2062.52,2063.39,2062.23,2063.39,2.5288,2026-03-26 17:10:00
1774545300000,2063.39,2063.39,2063.39,2063.39,0.0,2026-03-26 17:15:00
1774545600000,2066.64,2066.64,2066.64,2066.64,0.75,2026-03-26 17:20:00
1774545900000,2066.18,2066.18,2066.18,2066.18,0.2416,2026-03-26 17:25:00
1774546200000,2068.27,2068.41,2068.27,2068.41,0.013,2026-03-26 17:30:00
1774546500000,2068.29,2068.29,2068.29,2068.29,1.0003,2026-03-26 17:35:00
1774546800000,2068.29,2068.29,2068.29,2068.29,0.0,2026-03-26 17:40:00
1774547100000,2065.4,2065.4,2063.02,2063.02,3.494,2026-03-26 17:45:00
1774547400000,2061.23,2061.23,2057.76,2060.3,0.3476,2026-03-26 17:50:00
1774547700000,2059.15,2059.15,2042.97,2048.8,10.0453,2026-03-26 17:55:00
1774548000000,2048.33,2055.38,2048.08,2049.95,3.556,2026-03-26 18:00:00
1774548300000,2045.0,2049.56,2045.0,2049.41,3.1116,2026-03-26 18:05:00
1774548600000,2050.08,2050.63,2049.62,2050.63,1.1967,2026-03-26 18:10:00
1774548900000,2049.25,2050.0,2047.03,2047.06,3.5692,2026-03-26 18:15:00
1774549200000,2043.06,2043.06,2038.01,2040.31,5.3176,2026-03-26 18:20:00
1774549500000,2037.12,2038.45,2035.22,2038.21,8.9751,2026-03-26 18:25:00
1774549800000,2039.5,2040.19,2039.5,2039.88,1.0767,2026-03-26 18:30:00
1774550100000,2039.88,2039.88,2039.88,2039.88,0.0,2026-03-26 18:35:00
1774550400000,2043.6,2043.6,2042.64,2042.64,0.0146,2026-03-26 18:40:00
1774550700000,2041.66,2044.66,2041.66,2044.54,1.6377,2026-03-26 18:45:00
1774551000000,2045.35,2045.35,2045.35,2045.35,0.0042,2026-03-26 18:50:00
1774551300000,2046.03,2047.38,2046.02,2047.38,6.422,2026-03-26 18:55:00
1774551600000,2047.43,2047.43,2045.2,2045.83,0.0843,2026-03-26 19:00:00
1774551900000,2044.12,2046.28,2041.42,2046.28,0.4,2026-03-26 19:05:00
1774552200000,2046.28,2046.28,2046.28,2046.28,0.0,2026-03-26 19:10:00
1774552500000,2044.52,2044.52,2044.52,2044.52,0.0244,2026-03-26 19:15:00
1774552800000,2045.07,2045.07,2045.07,2045.07,0.9,2026-03-26 19:20:00
1774553100000,2044.05,2044.05,2042.05,2042.05,0.2912,2026-03-26 19:25:00
1774553400000,2042.05,2042.05,2042.05,2042.05,0.0,2026-03-26 19:30:00
1774553700000,2050.19,2050.19,2050.19,2050.19,0.0146,2026-03-26 19:35:00
1774554000000,2050.93,2050.93,2050.93,2050.93,0.0122,2026-03-26 19:40:00
1774554300000,2051.84,2052.78,2051.66,2052.78,0.8038,2026-03-26 19:45:00
1774554600000,2051.36,2051.36,2048.29,2048.29,2.8311,2026-03-26 19:50:00
1774554900000,2050.46,2050.46,2049.12,2049.12,0.0807,2026-03-26 19:55:00
1774555200000,2049.31,2049.31,2048.01,2048.01,1.1481,2026-03-26 20:00:00
1774555500000,2047.78,2047.78,2047.52,2047.52,0.0121,2026-03-26 20:05:00
1774555800000,2051.72,2079.08,2051.72,2073.66,46.2925,2026-03-26 20:10:00
1774556100000,2069.21,2074.6,2069.21,2074.6,2.6005,2026-03-26 20:15:00
1774556400000,2073.47,2077.45,2071.18,2077.42,3.9891,2026-03-26 20:20:00
1774556700000,2073.83,2073.83,2066.81,2066.81,5.0482,2026-03-26 20:25:00
1774557000000,2069.48,2069.48,2069.44,2069.44,0.2892,2026-03-26 20:30:00
1774557300000,2069.63,2069.63,2069.63,2069.63,0.0531,2026-03-26 20:35:00
1774557600000,2069.64,2071.13,2069.57,2071.13,0.6997,2026-03-26 20:40:00
1774557900000,2070.94,2070.94,2069.32,2069.32,0.041,2026-03-26 20:45:00
1774558200000,2069.32,2069.32,2069.32,2069.32,0.0,2026-03-26 20:50:00
1774558500000,2064.05,2064.39,2064.05,2064.39,0.0479,2026-03-26 20:55:00
1774558800000,2064.49,2064.5,2060.95,2062.14,7.2316,2026-03-26 21:00:00
1774559100000,2062.18,2063.5,2062.18,2063.5,0.2902,2026-03-26 21:05:00
1774559400000,2063.86,2066.39,2063.27,2065.33,2.0478,2026-03-26 21:10:00
1774559700000,2066.33,2066.33,2066.12,2066.12,0.0193,2026-03-26 21:15:00
1774560000000,2068.28,2077.06,2068.28,2076.46,15.3429,2026-03-26 21:20:00
1774560300000,2074.08,2074.08,2071.42,2073.12,6.2044,2026-03-26 21:25:00
1774560600000,2073.49,2073.49,2071.12,2071.12,9.3728,2026-03-26 21:30:00
1774560900000,2072.28,2072.28,2070.25,2071.11,6.1547,2026-03-26 21:35:00
1774561200000,2070.5,2072.1,2068.3,2069.53,10.7661,2026-03-26 21:40:00
1774561500000,2069.53,2069.53,2069.53,2069.53,0.0,2026-03-26 21:45:00
1774561800000,2069.53,2069.53,2069.53,2069.53,0.0,2026-03-26 21:50:00
1774562100000,2068.37,2070.6,2068.07,2068.07,1.4993,2026-03-26 21:55:00
1774562400000,2067.65,2069.27,2067.65,2069.27,0.5348,2026-03-26 22:00:00
1774562700000,2068.96,2071.23,2068.0,2068.0,2.581,2026-03-26 22:05:00
1774563000000,2069.97,2070.99,2068.22,2068.22,3.3415,2026-03-26 22:10:00
1774563300000,2069.89,2069.89,2069.89,2069.89,0.0029,2026-03-26 22:15:00
1774563600000,2065.71,2065.71,2059.2,2059.2,4.8308,2026-03-26 22:20:00
1774563900000,2062.29,2063.15,2056.83,2062.32,2.5851,2026-03-26 22:25:00
1774564200000,2061.58,2062.98,2059.42,2062.98,3.1081,2026-03-26 22:30:00
1774564500000,2062.54,2062.54,2062.54,2062.54,0.0096,2026-03-26 22:35:00
1774564800000,2064.14,2064.48,2064.14,2064.48,0.1239,2026-03-26 22:40:00
1774565100000,2064.48,2064.48,2064.48,2064.48,0.0,2026-03-26 22:45:00
1774565400000,2065.05,2065.05,2061.85,2064.14,6.9561,2026-03-26 22:50:00
1774565700000,2064.14,2064.14,2064.14,2064.14,0.0,2026-03-26 22:55:00
1774566000000,2068.68,2069.39,2068.68,2069.35,0.0377,2026-03-26 23:00:00
1774566300000,2067.75,2067.75,2067.75,2067.75,0.0092,2026-03-26 23:05:00
1774566600000,2064.81,2064.81,2064.81,2064.81,1.175,2026-03-26 23:10:00
1774566900000,2064.5,2064.84,2064.5,2064.84,0.266,2026-03-26 23:15:00
1774567200000,2059.51,2059.51,2059.51,2059.51,0.7841,2026-03-26 23:20:00
1774567500000,2058.87,2058.87,2058.87,2058.87,0.0005,2026-03-26 23:25:00
1774567800000,2061.85,2061.85,2060.97,2060.97,0.8576,2026-03-26 23:30:00
1774568100000,2060.76,2060.76,2056.83,2056.83,5.7714,2026-03-26 23:35:00
1774568400000,2058.89,2058.89,2058.89,2058.89,0.0485,2026-03-26 23:40:00
1774568700000,2058.83,2060.23,2058.83,2060.23,0.0518,2026-03-26 23:45:00
1774569000000,2060.85,2060.85,2060.85,2060.85,0.0024,2026-03-26 23:50:00
1774569300000,2060.14,2060.14,2060.14,2060.14,0.0024,2026-03-26 23:55:00
1774569600000,2059.47,2061.08,2059.47,2061.08,0.6795,2026-03-27 00:00:00
1774569900000,2061.63,2066.16,2061.63,2066.16,7.574,2026-03-27 00:05:00
1774570200000,2066.15,2066.84,2066.15,2066.84,0.0386,2026-03-27 00:10:00
1774570500000,2065.36,2067.75,2065.3,2067.75,0.0975,2026-03-27 00:15:00
1774570800000,2064.39,2066.15,2060.09,2061.31,0.6771,2026-03-27 00:20:00
1774571100000,2060.77,2061.95,2060.77,2061.05,0.003,2026-03-27 00:25:00
1774571400000,2060.58,2061.8,2060.52,2061.8,0.002,2026-03-27 00:30:00
1774571700000,2059.35,2059.35,2059.35,2059.35,0.0005,2026-03-27 00:35:00
1774572000000,2060.74,2063.94,2060.74,2063.2,0.5127,2026-03-27 00:40:00
1774572300000,2062.11,2062.11,2059.91,2059.91,4.3945,2026-03-27 00:45:00
1774572600000,2062.14,2065.48,2062.14,2065.48,2.5639,2026-03-27 00:50:00
1774572900000,2065.58,2065.58,2064.79,2064.79,0.2974,2026-03-27 00:55:00
1774573200000,2066.06,2067.7,2066.06,2067.7,0.0377,2026-03-27 01:00:00
1774573500000,2066.03,2066.03,2066.03,2066.03,0.0126,2026-03-27 01:05:00
1774573800000,2068.94,2068.94,2068.94,2068.94,0.0241,2026-03-27 01:10:00
1774574100000,2068.74,2069.81,2068.74,2069.81,0.7548,2026-03-27 01:15:00
1774574400000,2069.26,2069.26,2069.26,2069.26,0.0482,2026-03-27 01:20:00
1774574700000,2069.26,2069.26,2069.26,2069.26,0.0,2026-03-27 01:25:00
1774575000000,2069.26,2069.26,2069.26,2069.26,0.0,2026-03-27 01:30:00
1774575300000,2069.26,2069.26,2069.26,2069.26,0.0,2026-03-27 01:35:00
1774575600000,2070.2,2070.2,2070.2,2070.2,0.0106,2026-03-27 01:40:00
1774575900000,2070.2,2070.2,2070.2,2070.2,0.0,2026-03-27 01:45:00
1774576200000,2071.7,2071.7,2070.04,2070.04,3.0277,2026-03-27 01:50:00
1774576500000,2073.21,2073.21,2073.21,2073.21,0.005,2026-03-27 01:55:00
1774576800000,2075.95,2076.19,2075.16,2075.16,3.0603,2026-03-27 02:00:00
1774577100000,2074.96,2074.96,2074.96,2074.96,0.2644,2026-03-27 02:05:00
1774577400000,2075.45,2075.59,2073.54,2073.73,0.0653,2026-03-27 02:10:00
1774577700000,2072.41,2072.41,2072.41,2072.41,0.0241,2026-03-27 02:15:00
1774578000000,2071.45,2072.56,2070.75,2072.56,5.102,2026-03-27 02:20:00
1774578300000,2072.28,2072.28,2072.28,2072.28,0.0023,2026-03-27 02:25:00
1774578600000,2072.28,2072.28,2072.28,2072.28,0.0,2026-03-27 02:30:00
1774578900000,2072.2,2072.2,2072.2,2072.2,0.0024,2026-03-27 02:35:00
1774579200000,2072.2,2072.2,2072.2,2072.2,0.0,2026-03-27 02:40:00
1774579500000,2072.2,2072.2,2072.2,2072.2,0.0,2026-03-27 02:45:00
1774579800000,2072.2,2072.2,2072.2,2072.2,0.0,2026-03-27 02:50:00
1774580100000,2070.14,2070.14,2066.8,2066.8,0.2771,2026-03-27 02:55:00
1774580400000,2068.65,2068.65,2068.65,2068.65,0.0014,2026-03-27 03:00:00
1774580700000,2065.65,2065.65,2061.74,2061.75,10.1574,2026-03-27 03:05:00
1774581000000,2062.49,2062.69,2060.9,2061.71,0.0416,2026-03-27 03:10:00
1774581300000,2061.71,2061.71,2061.71,2061.71,0.0,2026-03-27 03:15:00
1774581600000,2064.21,2064.21,2061.25,2061.25,0.0392,2026-03-27 03:20:00
1774581900000,2063.69,2063.69,2063.64,2063.64,0.0823,2026-03-27 03:25:00
1774582200000,2063.64,2063.64,2063.64,2063.64,0.0,2026-03-27 03:30:00
1774582500000,2065.46,2065.46,2061.03,2062.64,3.5276,2026-03-27 03:35:00
1774582800000,2062.64,2062.64,2062.64,2062.64,0.0,2026-03-27 03:40:00
1774583100000,2062.43,2062.43,2062.43,2062.43,0.0053,2026-03-27 03:45:00
1774583400000,2062.24,2062.24,2062.17,2062.17,0.9436,2026-03-27 03:50:00
1774583700000,2061.78,2061.78,2060.84,2060.84,0.3078,2026-03-27 03:55:00
1774584000000,2060.98,2060.98,2044.26,2051.13,19.4334,2026-03-27 04:00:00
1774584300000,2044.31,2044.39,2044.31,2044.39,0.0334,2026-03-27 04:05:00
1774584600000,2044.39,2044.39,2044.39,2044.39,0.0,2026-03-27 04:10:00
1774584900000,2047.98,2048.15,2047.98,2048.15,1.0136,2026-03-27 04:15:00
1774585200000,2051.91,2051.91,2051.91,2051.91,0.75,2026-03-27 04:20:00
1774585500000,2051.91,2051.91,2051.91,2051.91,0.0,2026-03-27 04:25:00
1774585800000,2051.91,2051.91,2051.91,2051.91,0.0,2026-03-27 04:30:00
1774586100000,2051.91,2051.91,2051.91,2051.91,0.0,2026-03-27 04:35:00
1774586400000,2053.34,2053.34,2053.34,2053.34,0.005,2026-03-27 04:40:00
1774586700000,2053.72,2053.72,2052.4,2052.4,0.4028,2026-03-27 04:45:00
1774587000000,2052.4,2052.4,2052.4,2052.4,0.0,2026-03-27 04:50:00
1774587300000,2052.4,2052.4,2052.4,2052.4,0.0,2026-03-27 04:55:00
1774587600000,2053.29,2053.29,2053.23,2053.23,0.2567,2026-03-27 05:00:00
1774587900000,2055.36,2059.7,2055.36,2059.7,0.3557,2026-03-27 05:05:00
1774588200000,2058.8,2062.98,2058.8,2062.98,2.1191,2026-03-27 05:10:00
1774588500000,2064.29,2064.99,2064.29,2064.99,0.1284,2026-03-27 05:15:00
1774588800000,2064.99,2064.99,2064.99,2064.99,0.0,2026-03-27 05:20:00
1774589100000,2064.99,2064.99,2064.99,2064.99,0.0,2026-03-27 05:25:00
1774589400000,2058.09,2058.52,2058.09,2058.52,0.0697,2026-03-27 05:30:00
1774589700000,2058.52,2058.52,2058.52,2058.52,0.0,2026-03-27 05:35:00
1774590000000,2058.52,2058.52,2058.52,2058.52,0.0,2026-03-27 05:40:00
1774590300000,2058.52,2058.52,2058.52,2058.52,0.0,2026-03-27 05:45:00
1774590600000,2058.52,2058.52,2058.52,2058.52,0.0,2026-03-27 05:50:00
1774590900000,2058.52,2058.52,2058.52,2058.52,0.0,2026-03-27 05:55:00
1774591200000,2061.67,2061.67,2061.0,2061.0,0.0266,2026-03-27 06:00:00
1774591500000,2059.26,2061.14,2059.26,2061.14,0.2438,2026-03-27 06:05:00
1774591800000,2061.14,2061.14,2061.14,2061.14,0.0,2026-03-27 06:10:00
1774592100000,2061.14,2061.14,2061.14,2061.14,0.0,2026-03-27 06:15:00
1774592400000,2061.14,2061.14,2061.14,2061.14,0.0,2026-03-27 06:20:00
1774592700000,2066.19,2067.52,2065.43,2065.43,0.4317,2026-03-27 06:25:00
1774593000000,2065.43,2065.43,2065.43,2065.43,0.0,2026-03-27 06:30:00
1774593300000,2066.2,2066.2,2065.89,2065.89,0.0391,2026-03-27 06:35:00
1774593600000,2065.81,2065.81,2065.81,2065.81,0.0009,2026-03-27 06:40:00
1774593900000,2063.64,2063.64,2063.64,2063.64,0.0048,2026-03-27 06:45:00
1774594200000,2063.64,2063.64,2063.64,2063.64,0.0,2026-03-27 06:50:00
1774594500000,2062.22,2062.22,2062.22,2062.22,0.0242,2026-03-27 06:55:00
1774594800000,2062.22,2062.22,2062.22,2062.22,0.0,2026-03-27 07:00:00
1774595100000,2063.39,2063.39,2060.37,2060.37,0.1004,2026-03-27 07:05:00
1774595400000,2065.7,2070.08,2065.7,2067.73,0.8939,2026-03-27 07:10:00
1774595700000,2071.34,2071.62,2070.51,2070.51,1.0227,2026-03-27 07:15:00
1774596000000,2070.51,2070.51,2070.51,2070.51,0.0045,2026-03-27 07:20:00
1774596300000,2068.74,2070.07,2068.62,2070.07,1.1641,2026-03-27 07:25:00
1774596600000,2069.48,2069.48,2069.48,2069.48,0.9,2026-03-27 07:30:00
1774596900000,2069.48,2069.48,2069.48,2069.48,0.0,2026-03-27 07:35:00
1774597200000,2067.31,2067.31,2066.59,2066.76,0.4443,2026-03-27 07:40:00
1774597500000,2067.72,2069.0,2067.72,2069.0,0.4376,2026-03-27 07:45:00
1774597800000,2069.0,2069.0,2069.0,2069.0,0.0,2026-03-27 07:50:00
1774598100000,2069.0,2069.0,2069.0,2069.0,0.0,2026-03-27 07:55:00
1774598400000,2068.29,2068.29,2064.56,2064.56,1.2139,2026-03-27 08:00:00
1774598700000,2064.77,2065.8,2064.77,2065.75,0.7621,2026-03-27 08:05:00
1774599000000,2065.75,2065.75,2065.75,2065.75,0.0,2026-03-27 08:10:00
1774599300000,2061.37,2061.37,2059.99,2059.99,0.2398,2026-03-27 08:15:00
1774599600000,2059.9,2059.9,2059.9,2059.9,0.0007,2026-03-27 08:20:00
1774599900000,2058.09,2058.09,2055.36,2055.36,0.1866,2026-03-27 08:25:00
1774600200000,2055.38,2056.19,2055.38,2056.19,0.2008,2026-03-27 08:30:00
1774600500000,2053.8,2053.8,2036.29,2036.29,2.5595,2026-03-27 08:35:00
1774600800000,2036.21,2036.21,2035.0,2035.37,0.0814,2026-03-27 08:40:00
1774601100000,2035.37,2035.37,2035.37,2035.37,0.0,2026-03-27 08:45:00
1774601400000,2052.78,2052.78,2050.02,2050.02,0.3496,2026-03-27 08:50:00
1774601700000,2050.02,2050.02,2050.02,2050.02,0.0,2026-03-27 08:55:00
1774602000000,2049.65,2049.65,2047.71,2048.56,0.5326,2026-03-27 09:00:00
1774602300000,2046.68,2046.68,2046.68,2046.68,0.0122,2026-03-27 09:05:00
1774602600000,2043.27,2044.17,2036.26,2036.26,5.2555,2026-03-27 09:10:00
1774602900000,2042.15,2044.82,2042.15,2044.82,0.2303,2026-03-27 09:15:00
1774603200000,2045.24,2045.24,2045.22,2045.22,0.0136,2026-03-27 09:20:00
1774603500000,2051.31,2051.31,2050.52,2050.52,0.063,2026-03-27 09:25:00
1774603800000,2049.54,2049.54,2049.54,2049.54,0.2161,2026-03-27 09:30:00
1774604100000,2047.03,2047.03,2047.03,2047.03,0.0053,2026-03-27 09:35:00
1774604400000,2047.03,2047.03,2047.03,2047.03,0.0,2026-03-27 09:40:00
1774604700000,2045.03,2045.16,2045.03,2045.16,0.3017,2026-03-27 09:45:00
1774605000000,2045.16,2045.16,2044.97,2044.97,0.3009,2026-03-27 09:50:00
1774605300000,2042.51,2042.51,2042.51,2042.51,0.209,2026-03-27 09:55:00
1774605600000,2043.79,2043.79,2042.74,2042.74,0.2851,2026-03-27 10:00:00
1774605900000,2042.74,2042.74,2042.74,2042.74,0.0,2026-03-27 10:05:00
1774606200000,2042.74,2042.74,2042.74,2042.74,0.0,2026-03-27 10:10:00
1774606500000,2041.45,2041.45,2041.45,2041.45,0.0142,2026-03-27 10:15:00
1774606800000,2041.45,2041.45,2041.45,2041.45,0.0,2026-03-27 10:20:00
1774607100000,2041.45,2041.45,2041.45,2041.45,0.0,2026-03-27 10:25:00
1774607400000,2041.45,2041.45,2041.45,2041.45,0.0,2026-03-27 10:30:00
1774607700000,2039.72,2039.72,2000.45,2008.73,44.7114,2026-03-27 10:35:00
1774608000000,2012.15,2013.34,2011.81,2011.81,0.1007,2026-03-27 10:40:00
1774608300000,2011.07,2011.73,2011.07,2011.73,0.9141,2026-03-27 10:45:00
1774608600000,2005.86,2005.86,1988.48,1991.07,63.1155,2026-03-27 10:50:00
1774608900000,1992.66,1992.66,1987.9,1992.07,3.8981,2026-03-27 10:55:00
1774609200000,1991.8,1992.36,1983.54,1992.36,4.1856,2026-03-27 11:00:00
1774609500000,1992.12,1993.23,1992.12,1993.23,3.3447,2026-03-27 11:05:00
1774609800000,1991.32,1993.52,1991.01,1993.0,1.7483,2026-03-27 11:10:00
1774610100000,1994.78,1994.78,1993.92,1993.92,0.3155,2026-03-27 11:15:00
1774610400000,1994.14,1994.14,1994.11,1994.11,0.0398,2026-03-27 11:20:00
1774610700000,1997.47,1997.47,1996.9,1996.9,0.1539,2026-03-27 11:25:00
1774611000000,1996.79,1996.79,1996.75,1996.75,0.0173,2026-03-27 11:30:00
1774611300000,1996.75,1996.75,1996.75,1996.75,0.0,2026-03-27 11:35:00
1774611600000,1996.75,1996.75,1996.75,1996.75,0.0,2026-03-27 11:40:00
1774611900000,1995.06,1995.65,1994.77,1994.77,0.3758,2026-03-27 11:45:00
1774612200000,1991.87,1991.87,1991.87,1991.87,0.1034,2026-03-27 11:50:00
1774612500000,1992.45,1993.04,1991.69,1991.69,2.4064,2026-03-27 11:55:00
1774612800000,1991.77,1992.0,1989.93,1990.9,10.7816,2026-03-27 12:00:00
1774613100000,1990.54,1993.27,1990.54,1991.86,13.2743,2026-03-27 12:05:00
1774613400000,1991.43,1993.32,1991.06,1992.04,20.5532,2026-03-27 12:10:00
1774613700000,1991.55,1991.55,1989.93,1990.12,0.1154,2026-03-27 12:15:00
1774614000000,1990.1,1990.1,1990.1,1990.1,0.2767,2026-03-27 12:20:00
1774614300000,1987.31,1987.37,1987.31,1987.37,2.322,2026-03-27 12:25:00
1774614600000,1986.57,1987.57,1984.97,1984.97,0.8205,2026-03-27 12:30:00
1774614900000,1982.93,1982.93,1982.56,1982.56,0.1447,2026-03-27 12:35:00
1774615200000,1987.11,1987.11,1987.11,1987.11,0.0145,2026-03-27 12:40:00
1774615500000,1990.66,1991.13,1988.81,1988.81,0.1102,2026-03-27 12:45:00
1774615800000,1985.0,1986.75,1985.0,1986.0,0.0319,2026-03-27 12:50:00
1774616100000,1988.67,1989.21,1988.32,1988.97,0.1653,2026-03-27 12:55:00
1774616400000,1990.0,1992.37,1990.0,1991.89,0.0704,2026-03-27 13:00:00
1774616700000,1991.34,1991.34,1989.54,1989.54,0.2622,2026-03-27 13:05:00
1774617000000,1987.6,1991.02,1987.6,1991.02,1.5461,2026-03-27 13:10:00
1774617300000,1991.68,1991.7,1991.68,1991.7,0.1603,2026-03-27 13:15:00
1774617600000,1994.33,1995.78,1994.33,1995.78,0.4048,2026-03-27 13:20:00
1774617900000,1996.64,1996.94,1995.45,1996.67,0.4267,2026-03-27 13:25:00
1774618200000,1996.88,1996.88,1985.04,1985.04,20.5788,2026-03-27 13:30:00
1774618500000,1985.0,1986.34,1971.28,1986.34,50.5684,2026-03-27 13:35:00
1774618800000,1984.56,1988.2,1984.56,1987.42,6.7381,2026-03-27 13:40:00
1774619100000,1990.05,1990.05,1988.61,1989.1,0.0217,2026-03-27 13:45:00
1774619400000,1983.55,1983.55,1981.56,1981.87,1.4746,2026-03-27 13:50:00
1774619700000,1979.44,1979.44,1976.42,1976.42,1.0299,2026-03-27 13:55:00
1774620000000,1978.51,1984.81,1978.51,1984.81,0.2772,2026-03-27 14:00:00
1774620300000,1986.96,1986.98,1986.96,1986.98,0.122,2026-03-27 14:05:00
1774620600000,1987.51,1987.51,1984.81,1984.81,0.8146,2026-03-27 14:10:00
1774620900000,1986.47,1986.47,1986.47,1986.47,0.0753,2026-03-27 14:15:00
1774621200000,1980.27,1980.27,1974.56,1974.56,1.7857,2026-03-27 14:20:00
1774621500000,1975.4,1975.4,1971.86,1971.94,0.4961,2026-03-27 14:25:00
1774621800000,1974.23,1977.12,1974.23,1977.12,1.4427,2026-03-27 14:30:00
1774622100000,1978.47,1980.57,1978.47,1979.22,0.9343,2026-03-27 14:35:00
1774622400000,1978.56,1980.11,1978.56,1978.7,0.9168,2026-03-27 14:40:00
1774622700000,1975.82,1975.82,1974.46,1974.46,0.7508,2026-03-27 14:45:00
1774623000000,1985.0,1985.97,1984.12,1984.12,0.9687,2026-03-27 14:50:00
1774623300000,1984.12,1984.12,1984.12,1984.12,0.0,2026-03-27 14:55:00
1774623600000,1992.2,1992.39,1991.4,1992.39,0.0375,2026-03-27 15:00:00
1774623900000,1993.08,1994.33,1989.38,1992.08,0.0934,2026-03-27 15:05:00
1774624200000,1993.45,1993.45,1991.14,1991.14,0.1407,2026-03-27 15:10:00
1774624500000,1990.53,1990.55,1988.48,1988.48,0.5093,2026-03-27 15:15:00
1774624800000,1984.13,2002.17,1984.13,1997.18,1.0778,2026-03-27 15:20:00
1774625100000,1993.63,1994.92,1993.63,1994.78,0.9064,2026-03-27 15:25:00
1774625400000,1995.69,2004.48,1995.69,2004.48,2.8035,2026-03-27 15:30:00
1774625700000,2005.78,2010.0,2005.78,2008.81,2.1642,2026-03-27 15:35:00
1774626000000,2008.81,2008.81,2008.81,2008.81,0.0,2026-03-27 15:40:00
1774626300000,2000.09,2000.09,1996.67,1996.67,0.2966,2026-03-27 15:45:00
1774626600000,1994.51,1994.51,1991.36,1991.36,0.3909,2026-03-27 15:50:00
1774626900000,1989.58,1991.07,1988.96,1991.07,0.5335,2026-03-27 15:55:00
1774627200000,1990.15,1990.6,1988.48,1990.21,0.7075,2026-03-27 16:00:00
1774627500000,1986.15,1986.62,1982.89,1985.93,0.7401,2026-03-27 16:05:00
1774627800000,1985.53,1986.95,1985.53,1986.95,0.0186,2026-03-27 16:10:00
1774628100000,1986.95,1986.95,1986.95,1986.95,0.0,2026-03-27 16:15:00
1774628400000,1986.88,1986.88,1986.88,1986.88,0.0259,2026-03-27 16:20:00
1774628700000,1982.56,1983.56,1982.56,1983.56,0.3856,2026-03-27 16:25:00
1774629000000,1985.13,1985.92,1983.79,1983.79,0.6278,2026-03-27 16:30:00
1774629300000,1984.93,1986.72,1980.38,1980.38,0.8791,2026-03-27 16:35:00
1774629600000,1982.01,1982.01,1982.01,1982.01,0.2624,2026-03-27 16:40:00
1774629900000,1988.96,1990.94,1988.96,1990.07,4.8721,2026-03-27 16:45:00
1774630200000,1987.14,1987.41,1985.57,1985.57,0.2432,2026-03-27 16:50:00
1774630500000,1986.72,1987.03,1986.72,1987.03,0.1682,2026-03-27 16:55:00
1774630800000,1987.44,1988.86,1985.6,1987.88,2.074,2026-03-27 17:00:00
1774631100000,1988.53,1996.67,1988.53,1993.8,0.5527,2026-03-27 17:05:00
1774631400000,1992.49,1994.14,1992.49,1994.14,0.057,2026-03-27 17:10:00
1774631700000,1989.5,1989.5,1989.5,1989.5,0.2777,2026-03-27 17:15:00
1774632000000,1987.73,1987.73,1985.0,1985.0,0.4648,2026-03-27 17:20:00
1774632300000,1983.48,1983.86,1983.48,1983.86,0.7752,2026-03-27 17:25:00
1774632600000,1983.24,1984.25,1982.56,1984.17,0.7538,2026-03-27 17:30:00
1774632900000,1983.55,1983.55,1983.55,1983.55,0.0252,2026-03-27 17:35:00
1774633200000,1984.1,1984.1,1977.31,1977.31,1.4212,2026-03-27 17:40:00
1774633500000,1980.56,1980.56,1978.55,1978.55,0.5275,2026-03-27 17:45:00
1774633800000,1976.32,1976.32,1975.67,1975.67,0.2508,2026-03-27 17:50:00
1774634100000,1976.51,1976.51,1976.5,1976.5,0.3261,2026-03-27 17:55:00
1774634400000,1978.58,1980.18,1978.58,1980.18,0.3353,2026-03-27 18:00:00
1774634700000,1978.83,1981.23,1978.83,1980.83,0.0682,2026-03-27 18:05:00
1774635000000,1981.47,1982.0,1980.96,1980.96,2.0757,2026-03-27 18:10:00
1774635300000,1981.21,1982.51,1981.21,1981.66,10.672,2026-03-27 18:15:00
1774635600000,1984.45,1984.45,1977.63,1977.63,0.562,2026-03-27 18:20:00
1774635900000,1977.98,1979.68,1977.54,1979.68,2.7754,2026-03-27 18:25:00
1774636200000,1980.41,1980.74,1979.48,1979.48,0.796,2026-03-27 18:30:00
1774636500000,1982.73,1982.73,1982.73,1982.73,0.2395,2026-03-27 18:35:00
1774636800000,1981.86,1983.57,1981.86,1983.57,0.9187,2026-03-27 18:40:00
1774637100000,1983.68,1983.68,1983.68,1983.68,0.0303,2026-03-27 18:45:00
1774637400000,1983.68,1983.68,1983.68,1983.68,0.0,2026-03-27 18:50:00
1774637700000,1983.8,1984.81,1983.8,1984.81,0.0125,2026-03-27 18:55:00
1774638000000,1982.46,1982.46,1980.96,1980.96,0.0125,2026-03-27 19:00:00
1774638300000,1980.19,1980.19,1979.21,1979.91,4.152,2026-03-27 19:05:00
1774638600000,1981.84,1982.59,1981.3,1981.35,4.151,2026-03-27 19:10:00
1774638900000,1982.77,1982.77,1982.77,1982.77,0.1007,2026-03-27 19:15:00
1774639200000,1987.82,1990.44,1987.5,1990.44,4.0781,2026-03-27 19:20:00
1774639500000,1987.92,1987.92,1986.93,1986.93,1.7447,2026-03-27 19:25:00
1774639800000,1992.73,1996.67,1992.73,1996.67,6.3946,2026-03-27 19:30:00
1774640100000,1994.81,1994.81,1994.81,1994.81,0.0021,2026-03-27 19:35:00
1774640400000,1988.3,1989.81,1988.3,1989.81,0.1318,2026-03-27 19:40:00
1774640700000,1988.28,1988.28,1988.28,1988.28,0.1019,2026-03-27 19:45:00
1774641000000,1990.06,1991.06,1990.06,1991.06,0.3745,2026-03-27 19:50:00
1774641300000,1991.74,1991.74,1991.74,1991.74,0.2737,2026-03-27 19:55:00
1774641600000,1991.74,1991.74,1991.74,1991.74,0.0,2026-03-27 20:00:00
1774641900000,1995.2,1996.09,1993.98,1993.98,0.6073,2026-03-27 20:05:00
1774642200000,1994.32,1994.32,1993.41,1993.41,0.0328,2026-03-27 20:10:00
1774642500000,1993.28,1993.28,1993.28,1993.28,0.005,2026-03-27 20:15:00
1774642800000,1989.87,1989.87,1989.87,1989.87,0.4445,2026-03-27 20:20:00
1774643100000,1986.24,1986.24,1982.49,1982.49,6.059,2026-03-27 20:25:00
1774643400000,1983.15,1983.15,1982.16,1982.22,0.3445,2026-03-27 20:30:00
1774643700000,1982.13,1983.49,1982.13,1983.49,0.317,2026-03-27 20:35:00
1774644000000,1983.55,1983.55,1983.09,1983.09,0.0196,2026-03-27 20:40:00
1774644300000,1981.32,1983.85,1981.24,1983.85,0.5622,2026-03-27 20:45:00
1774644600000,1986.39,1986.39,1986.39,1986.39,0.005,2026-03-27 20:50:00
1774644900000,1986.57,1986.57,1986.57,1986.57,0.2646,2026-03-27 20:55:00
1774645200000,1988.99,1988.99,1988.56,1988.56,0.3238,2026-03-27 21:00:00
1774645500000,1990.46,1990.66,1990.42,1990.42,0.4894,2026-03-27 21:05:00
1774645800000,1990.42,1990.42,1990.42,1990.42,0.0,2026-03-27 21:10:00
1774646100000,1990.51,1990.51,1990.51,1990.51,0.005,2026-03-27 21:15:00
1774646400000,1989.02,1989.02,1989.02,1989.02,0.0251,2026-03-27 21:20:00
1774646700000,1989.02,1989.02,1989.02,1989.02,0.0,2026-03-27 21:25:00
1774647000000,1989.02,1989.02,1989.02,1989.02,0.0,2026-03-27 21:30:00
1774647300000,1989.02,1989.02,1989.02,1989.02,0.0,2026-03-27 21:35:00
1774647600000,1985.1,1988.56,1985.1,1988.56,1.6411,2026-03-27 21:40:00
1774647900000,1986.98,1986.98,1986.98,1986.98,0.2795,2026-03-27 21:45:00
1774648200000,1986.49,1986.49,1986.49,1986.49,0.2643,2026-03-27 21:50:00
1774648500000,1985.72,1986.02,1985.72,1986.02,0.2914,2026-03-27 21:55:00
1774648800000,1985.84,1986.38,1985.84,1986.38,0.2712,2026-03-27 22:00:00
1774649100000,1982.79,1982.79,1982.36,1982.36,0.0277,2026-03-27 22:05:00
1774649400000,1984.98,1984.98,1984.98,1984.98,0.005,2026-03-27 22:10:00
1774649700000,1986.76,1986.76,1986.76,1986.76,0.0502,2026-03-27 22:15:00
1774650000000,1986.76,1986.76,1986.76,1986.76,0.0,2026-03-27 22:20:00
1774650300000,1987.25,1987.25,1987.25,1987.25,0.0053,2026-03-27 22:25:00
1774650600000,1987.25,1987.25,1987.25,1987.25,0.0,2026-03-27 22:30:00
1774650900000,1987.25,1987.25,1987.25,1987.25,0.0,2026-03-27 22:35:00
1774651200000,1983.78,1985.96,1983.78,1985.96,0.1121,2026-03-27 22:40:00
1774651500000,1985.96,1985.96,1985.96,1985.96,0.0,2026-03-27 22:45:00
1774651800000,1986.14,1986.14,1986.14,1986.14,0.0055,2026-03-27 22:50:00
1774652100000,1986.73,1986.73,1985.44,1985.44,0.1948,2026-03-27 22:55:00
1774652400000,1986.06,1986.06,1984.36,1984.9,0.0567,2026-03-27 23:00:00
1774652700000,1985.34,1985.96,1982.22,1983.21,2.3979,2026-03-27 23:05:00
1774653000000,1982.94,1986.0,1982.94,1986.0,0.006,2026-03-27 23:10:00
1774653300000,1985.29,1985.73,1985.29,1985.73,0.1786,2026-03-27 23:15:00
1774653600000,1985.44,1986.33,1985.44,1986.33,0.006,2026-03-27 23:20:00
1774653900000,1988.25,1988.25,1987.88,1988.2,0.2109,2026-03-27 23:25:00
1774654200000,1988.2,1988.2,1988.2,1988.2,0.0,2026-03-27 23:30:00
1774654500000,1988.93,1989.22,1988.93,1989.22,0.0055,2026-03-27 23:35:00
1774654800000,1990.96,1990.96,1990.65,1990.65,1.7081,2026-03-27 23:40:00
1774655100000,1991.0,1993.33,1991.0,1993.03,1.0215,2026-03-27 23:45:00
1774655400000,1993.16,1993.51,1993.16,1993.51,0.0149,2026-03-27 23:50:00
1774655700000,1993.51,1993.51,1993.51,1993.51,0.0,2026-03-27 23:55:00
1774656000000,1991.48,1992.95,1991.48,1992.95,0.014,2026-03-28 00:00:00
1774656300000,1993.56,1993.66,1993.56,1993.66,0.0701,2026-03-28 00:05:00
1774656600000,1993.66,1993.66,1993.66,1993.66,0.0,2026-03-28 00:10:00
1774656900000,1991.05,1991.64,1991.05,1991.64,0.1731,2026-03-28 00:15:00
1774657200000,1990.92,1991.83,1990.92,1991.83,0.901,2026-03-28 00:20:00
1774657500000,1992.63,1992.63,1992.63,1992.63,0.01,2026-03-28 00:25:00
1774657800000,1993.24,1994.14,1992.79,1993.07,0.181,2026-03-28 00:30:00
1774658100000,1994.51,1995.55,1994.51,1995.55,0.1164,2026-03-28 00:35:00
1774658400000,1992.71,1992.89,1992.71,1992.89,0.314,2026-03-28 00:40:00
1774658700000,1992.89,1992.89,1992.89,1992.89,0.0,2026-03-28 00:45:00
1774659000000,1992.89,1992.89,1992.89,1992.89,0.0,2026-03-28 00:50:00
1774659300000,1992.89,1992.89,1992.89,1992.89,0.0,2026-03-28 00:55:00
1774659600000,1990.64,1991.95,1990.64,1991.95,0.0225,2026-03-28 01:00:00
1774659900000,1992.22,1992.22,1990.0,1990.0,0.0652,2026-03-28 01:05:00
1774660200000,1985.57,1987.44,1985.57,1987.44,1.0117,2026-03-28 01:10:00
1774660500000,1987.7,1988.17,1987.7,1988.17,0.0793,2026-03-28 01:15:00
1774660800000,1988.17,1988.17,1988.17,1988.17,0.0,2026-03-28 01:20:00
1774661100000,1988.91,1988.91,1988.91,1988.91,0.2508,2026-03-28 01:25:00
1774661400000,1989.93,1989.93,1989.93,1989.93,0.2757,2026-03-28 01:30:00
1774661700000,1985.46,1985.46,1985.46,1985.46,0.772,2026-03-28 01:35:00
1774662000000,1985.46,1985.46,1985.46,1985.46,0.0,2026-03-28 01:40:00
1774662300000,1988.1,1990.15,1988.1,1990.15,0.0532,2026-03-28 01:45:00
1774662600000,1990.15,1990.15,1990.15,1990.15,0.0,2026-03-28 01:50:00
1774662900000,1990.47,1990.47,1990.24,1990.24,4.8784,2026-03-28 01:55:00
1774663200000,1990.24,1990.24,1990.24,1990.24,0.0,2026-03-28 02:00:00
1774663500000,1993.62,1993.62,1993.62,1993.62,0.2463,2026-03-28 02:05:00
1774663800000,1991.33,1991.92,1990.81,1990.81,0.4007,2026-03-28 02:10:00
1774664100000,1990.81,1990.81,1990.81,1990.81,0.0,2026-03-28 02:15:00
1774664400000,1990.81,1990.81,1990.81,1990.81,0.0,2026-03-28 02:20:00
1774664700000,1985.46,1985.46,1985.46,1985.46,0.5212,2026-03-28 02:25:00
1774665000000,1985.07,1985.07,1985.0,1985.0,0.5469,2026-03-28 02:30:00
1774665300000,1984.6,1984.6,1984.6,1984.6,0.6735,2026-03-28 02:35:00
1774665600000,1985.79,1985.79,1985.79,1985.79,0.0116,2026-03-28 02:40:00
1774665900000,1985.79,1985.79,1985.79,1985.79,0.0,2026-03-28 02:45:00
1774666200000,1986.32,1986.94,1986.32,1986.94,3.4919,2026-03-28 02:50:00
1774666500000,1986.94,1986.94,1986.94,1986.94,0.0,2026-03-28 02:55:00
1774666800000,1986.94,1986.94,1986.94,1986.94,0.0,2026-03-28 03:00:00
1774667100000,1988.48,1988.79,1988.48,1988.48,1.0868,2026-03-28 03:05:00
1774667400000,1988.83,1988.83,1988.78,1988.78,0.0177,2026-03-28 03:10:00
1774667700000,1988.78,1988.78,1988.78,1988.78,0.0,2026-03-28 03:15:00
1774668000000,1988.78,1988.78,1988.78,1988.78,0.0,2026-03-28 03:20:00
1774668300000,1988.78,1988.78,1988.78,1988.78,0.0,2026-03-28 03:25:00
1774668600000,1988.78,1988.78,1988.78,1988.78,0.0,2026-03-28 03:30:00
1774668900000,1989.37,1989.37,1989.37,1989.37,0.004,2026-03-28 03:35:00
1774669200000,1991.09,1991.09,1991.04,1991.04,0.2621,2026-03-28 03:40:00
1774669500000,1990.93,1990.93,1990.93,1990.93,0.0125,2026-03-28 03:45:00
1774669800000,1989.79,1989.79,1989.79,1989.79,0.0133,2026-03-28 03:50:00
1774670100000,1989.79,1989.79,1989.79,1989.79,0.0,2026-03-28 03:55:00
1774670400000,1988.14,1989.06,1988.14,1989.06,0.03,2026-03-28 04:00:00
1774670700000,1988.76,1988.76,1987.1,1987.64,1.2779,2026-03-28 04:05:00
1774671000000,1987.64,1987.64,1987.64,1987.64,0.0,2026-03-28 04:10:00
1774671300000,1988.44,1992.26,1988.44,1992.26,0.0245,2026-03-28 04:15:00
1774671600000,1992.26,1992.26,1992.26,1992.26,0.0,2026-03-28 04:20:00
1774671900000,1992.26,1992.26,1992.26,1992.26,0.0,2026-03-28 04:25:00
1774672200000,1992.26,1992.26,1992.26,1992.26,0.0,2026-03-28 04:30:00
1774672500000,1992.26,1992.26,1992.26,1992.26,0.0,2026-03-28 04:35:00
1774672800000,1991.09,1991.09,1991.09,1991.09,0.2709,2026-03-28 04:40:00
1774673100000,1991.14,1991.14,1991.14,1991.14,0.0025,2026-03-28 04:45:00
1774673400000,1991.14,1991.14,1991.14,1991.14,0.0,2026-03-28 04:50:00
1774673700000,1991.14,1991.14,1991.14,1991.14,0.0,2026-03-28 04:55:00
1774674000000,1991.33,1991.33,1990.0,1990.0,3.5223,2026-03-28 05:00:00
1774674300000,1989.53,1989.53,1989.53,1989.53,0.8996,2026-03-28 05:05:00
1774674600000,1989.53,1989.53,1989.53,1989.53,0.0,2026-03-28 05:10:00
1774674900000,1989.53,1989.53,1989.53,1989.53,0.0,2026-03-28 05:15:00
1774675200000,1990.0,1993.33,1990.0,1993.33,1.6325,2026-03-28 05:20:00
1774675500000,1993.33,1993.33,1993.33,1993.33,0.0,2026-03-28 05:25:00
1774675800000,1993.33,1993.33,1993.33,1993.33,0.0,2026-03-28 05:30:00
1774676100000,1993.43,1993.44,1993.25,1993.25,0.2954,2026-03-28 05:35:00
1774676400000,1993.25,1993.25,1993.25,1993.25,0.0,2026-03-28 05:40:00
1774676700000,1993.25,1993.25,1993.25,1993.25,0.0,2026-03-28 05:45:00
1774677000000,1993.25,1993.25,1993.25,1993.25,0.0,2026-03-28 05:50:00
1774677300000,1993.25,1993.25,1993.25,1993.25,0.0,2026-03-28 05:55:00
1774677600000,1994.77,1995.3,1993.19,1993.19,2.1752,2026-03-28 06:00:00
1774677900000,1994.18,1995.88,1994.18,1995.8,1.9038,2026-03-28 06:05:00
1774678200000,1995.83,1995.83,1995.42,1995.43,0.4535,2026-03-28 06:10:00
1774678500000,1998.26,2005.66,1998.26,2005.66,14.0151,2026-03-28 06:15:00
1774678800000,2004.28,2004.28,2002.75,2003.08,0.797,2026-03-28 06:20:00
1774679100000,2003.08,2003.08,2003.08,2003.08,0.0,2026-03-28 06:25:00
1774679400000,2003.51,2003.51,2003.51,2003.51,0.7317,2026-03-28 06:30:00
1774679700000,2003.51,2003.51,2003.51,2003.51,0.0,2026-03-28 06:35:00
1774680000000,2003.51,2003.51,2003.51,2003.51,0.0,2026-03-28 06:40:00
1774680300000,2002.15,2002.79,2001.69,2001.69,4.4467,2026-03-28 06:45:00
1774680600000,2001.69,2001.69,2001.69,2001.69,0.0,2026-03-28 06:50:00
1774680900000,2000.55,2000.55,2000.55,2000.55,0.8637,2026-03-28 06:55:00
1774681200000,2000.55,2000.55,2000.55,2000.55,0.0,2026-03-28 07:00:00
1774681500000,2001.54,2002.67,2001.54,2002.67,0.0114,2026-03-28 07:05:00
1774681800000,2003.1,2003.1,2003.1,2003.1,0.01,2026-03-28 07:10:00
1774682100000,2006.54,2006.54,2006.54,2006.54,0.1121,2026-03-28 07:15:00
1774682400000,2006.54,2006.54,2006.54,2006.54,0.0,2026-03-28 07:20:00
1774682700000,2005.57,2005.57,2005.57,2005.57,0.0498,2026-03-28 07:25:00
1774683000000,2005.57,2005.57,2005.57,2005.57,0.0,2026-03-28 07:30:00
1774683300000,2004.96,2004.96,2004.69,2004.69,1.3623,2026-03-28 07:35:00
1774683600000,2004.69,2004.69,2004.69,2004.69,0.0,2026-03-28 07:40:00
1774683900000,2004.77,2004.77,2004.77,2004.77,0.0059,2026-03-28 07:45:00
1774684200000,2004.77,2004.77,2004.77,2004.77,0.0,2026-03-28 07:50:00
1774684500000,2007.0,2007.0,2007.0,2007.0,0.079,2026-03-28 07:55:00
1774684800000,2006.59,2006.59,2006.59,2006.59,0.2486,2026-03-28 08:00:00
1774685100000,2008.05,2008.05,2006.53,2006.53,0.3644,2026-03-28 08:05:00
1774685400000,2006.53,2006.53,2006.53,2006.53,0.0,2026-03-28 08:10:00
1774685700000,2006.53,2006.53,2006.53,2006.53,0.0,2026-03-28 08:15:00
1774686000000,2006.53,2006.53,2006.53,2006.53,0.0,2026-03-28 08:20:00
1774686300000,2006.53,2006.53,2006.53,2006.53,0.0,2026-03-28 08:25:00
1774686600000,2006.53,2006.53,2006.53,2006.53,0.0,2026-03-28 08:30:00
1774686900000,2001.71,2001.71,2001.55,2001.55,0.0129,2026-03-28 08:35:00
1774687200000,2001.55,2001.55,2001.55,2001.55,0.0,2026-03-28 08:40:00
1774687500000,2001.55,2001.55,2001.55,2001.55,0.0,2026-03-28 08:45:00
1774687800000,1998.6,1998.6,1998.6,1998.6,0.0058,2026-03-28 08:50:00
1774688100000,1998.6,1998.6,1998.6,1998.6,0.0,2026-03-28 08:55:00
1774688400000,1998.6,1998.6,1998.6,1998.6,0.0,2026-03-28 09:00:00
1774688700000,1998.6,1998.6,1998.6,1998.6,0.0,2026-03-28 09:05:00
1774689000000,1996.8,1996.8,1996.8,1996.8,0.023,2026-03-28 09:10:00
1774689300000,1996.8,1996.8,1996.8,1996.8,0.0,2026-03-28 09:15:00
1774689600000,1996.8,1996.8,1996.8,1996.8,0.0,2026-03-28 09:20:00
1774689900000,1996.8,1996.8,1996.8,1996.8,0.0,2026-03-28 09:25:00
1774690200000,1996.8,1996.8,1996.8,1996.8,0.0,2026-03-28 09:30:00
1774690500000,1996.8,1996.8,1996.8,1996.8,0.0,2026-03-28 09:35:00
1774690800000,1996.8,1996.8,1996.8,1996.8,0.0,2026-03-28 09:40:00
1774691100000,1998.75,1998.75,1998.75,1998.75,0.0225,2026-03-28 09:45:00
1774691400000,1998.75,1998.75,1998.75,1998.75,0.0,2026-03-28 09:50:00
1774691700000,1998.75,1998.75,1998.75,1998.75,0.0,2026-03-28 09:55:00
1774692000000,2002.22,2002.45,2002.22,2002.45,0.2088,2026-03-28 10:00:00
1774692300000,2004.29,2004.39,2004.29,2004.39,0.265,2026-03-28 10:05:00
1774692600000,2004.39,2004.39,2004.39,2004.39,0.0,2026-03-28 10:10:00
1774692900000,2004.39,2004.39,2004.39,2004.39,0.0,2026-03-28 10:15:00
1774693200000,2004.39,2004.39,2004.39,2004.39,0.0,2026-03-28 10:20:00
1774693500000,1994.51,1994.51,1994.51,1994.51,0.1121,2026-03-28 10:25:00
1774693800000,1994.63,1994.63,1994.63,1994.63,0.0752,2026-03-28 10:30:00
1774694100000,1995.33,1995.33,1993.33,1993.33,0.0039,2026-03-28 10:35:00
1774694400000,1993.33,1993.33,1993.33,1993.33,0.0,2026-03-28 10:40:00
1774694700000,1993.33,1993.33,1993.33,1993.33,0.0,2026-03-28 10:45:00
1774695000000,1993.33,1993.33,1993.33,1993.33,0.0,2026-03-28 10:50:00
1774695300000,1993.33,1993.33,1993.33,1993.33,0.0,2026-03-28 10:55:00
1774695600000,1993.33,1993.33,1993.33,1993.33,0.0,2026-03-28 11:00:00
1774695900000,1997.88,1997.88,1996.96,1996.96,0.055,2026-03-28 11:05:00
1774696200000,1996.64,1997.5,1996.64,1997.5,0.1156,2026-03-28 11:10:00
1774696500000,1997.5,1997.5,1997.5,1997.5,0.0,2026-03-28 11:15:00
1774696800000,1997.5,1997.5,1997.5,1997.5,0.0,2026-03-28 11:20:00
1774697100000,1996.92,1996.92,1996.92,1996.92,0.05,2026-03-28 11:25:00
1774697400000,1996.92,1996.92,1996.92,1996.92,0.0,2026-03-28 11:30:00
1774697700000,1996.92,1996.92,1996.92,1996.92,0.0,2026-03-28 11:35:00
1774698000000,1996.92,1996.92,1996.92,1996.92,0.0,2026-03-28 11:40:00
1774698300000,1996.92,1996.92,1996.92,1996.92,0.0,2026-03-28 11:45:00
1774698600000,1999.59,1999.59,1999.59,1999.59,0.001,2026-03-28 11:50:00
1774698900000,1999.59,1999.59,1999.59,1999.59,0.0,2026-03-28 11:55:00
1774699200000,1998.12,1998.38,1998.12,1998.38,0.0065,2026-03-28 12:00:00
1774699500000,1997.46,1997.46,1997.46,1997.46,0.0025,2026-03-28 12:05:00
1774699800000,1999.02,1999.03,1999.02,1999.03,0.0275,2026-03-28 12:10:00
1774700100000,2001.32,2003.66,2000.19,2003.66,1.4016,2026-03-28 12:15:00
1774700400000,2003.4,2003.4,2003.4,2003.4,0.0249,2026-03-28 12:20:00
1774700700000,2001.53,2001.53,2001.53,2001.53,0.9,2026-03-28 12:25:00
1774701000000,2001.98,2001.98,1997.7,1998.13,2.8877,2026-03-28 12:30:00
1774701300000,1997.69,1997.69,1993.33,1993.85,0.8687,2026-03-28 12:35:00
1774701600000,1993.85,1993.85,1993.85,1993.85,0.0,2026-03-28 12:40:00
1774701900000,1993.85,1993.85,1993.85,1993.85,0.0,2026-03-28 12:45:00
1774702200000,2001.66,2001.66,2001.02,2001.02,0.0563,2026-03-28 12:50:00
1774702500000,2001.02,2001.02,2001.02,2001.02,0.0,2026-03-28 12:55:00
1774702800000,2000.37,2000.37,2000.37,2000.37,0.002,2026-03-28 13:00:00
1774703100000,2000.16,2000.16,2000.16,2000.16,0.0866,2026-03-28 13:05:00
1774703400000,2001.33,2002.98,2001.33,2002.98,0.0538,2026-03-28 13:10:00
1774703700000,2002.98,2002.98,2002.98,2002.98,0.0,2026-03-28 13:15:00
1774704000000,2002.45,2002.45,2002.45,2002.45,0.9,2026-03-28 13:20:00
1774704300000,2002.34,2002.34,2002.34,2002.34,0.7656,2026-03-28 13:25:00
1774704600000,2004.37,2005.95,2003.84,2003.85,12.251,2026-03-28 13:30:00
1774704900000,2003.53,2006.21,2003.53,2006.21,0.0818,2026-03-28 13:35:00
1774705200000,2005.32,2044.26,2005.32,2029.58,32.4294,2026-03-28 13:40:00
1774705500000,2030.96,2031.94,2030.96,2031.94,3.8242,2026-03-28 13:45:00
1774705800000,2025.93,2026.34,2022.75,2025.2,3.9333,2026-03-28 13:50:00
1774706100000,2025.2,2025.2,2025.2,2025.2,0.0,2026-03-28 13:55:00
1774706400000,2025.55,2025.55,2019.51,2021.95,2.094,2026-03-28 14:00:00
1774706700000,2024.38,2024.38,2024.38,2024.38,0.0616,2026-03-28 14:05:00
1774707000000,2023.76,2025.79,2023.76,2024.27,1.1325,2026-03-28 14:10:00
1774707300000,2024.27,2024.27,2024.27,2024.27,0.0,2026-03-28 14:15:00
1774707600000,2025.56,2026.26,2025.56,2025.86,1.8789,2026-03-28 14:20:00
1774707900000,2025.06,2025.06,2025.06,2025.06,0.0123,2026-03-28 14:25:00
1774708200000,2026.06,2026.06,2026.06,2026.06,0.0269,2026-03-28 14:30:00
1774708500000,2026.06,2026.06,2026.06,2026.06,0.0,2026-03-28 14:35:00
1774708800000,2026.6,2027.12,2026.6,2027.12,1.118,2026-03-28 14:40:00
1774709100000,2027.99,2028.02,2027.41,2028.02,1.2553,2026-03-28 14:45:00
1774709400000,2023.62,2023.62,2017.66,2019.99,13.3642,2026-03-28 14:50:00
1774709700000,2016.95,2016.95,2016.95,2016.95,0.7709,2026-03-28 14:55:00
1774710000000,2019.55,2020.24,2019.55,2020.24,0.0494,2026-03-28 15:00:00
1774710300000,2020.44,2020.44,2019.1,2019.1,0.0123,2026-03-28 15:05:00
1774710600000,2020.16,2021.76,2020.16,2021.76,0.3168,2026-03-28 15:10:00
1774710900000,2022.76,2028.06,2022.76,2027.9,3.2337,2026-03-28 15:15:00
1774711200000,2028.88,2037.7,2028.88,2034.61,8.7598,2026-03-28 15:20:00
1774711500000,2036.41,2036.41,2027.9,2028.58,11.8911,2026-03-28 15:25:00
1774711800000,2028.58,2028.58,2028.58,2028.58,0.0,2026-03-28 15:30:00
1774712100000,2030.84,2030.84,2025.67,2026.93,11.3439,2026-03-28 15:35:00
1774712400000,2025.5,2028.53,2025.41,2028.53,0.8101,2026-03-28 15:40:00
1774712700000,2028.53,2028.53,2028.53,2028.53,0.0,2026-03-28 15:45:00
1774713000000,2024.98,2025.47,2024.65,2024.65,0.0436,2026-03-28 15:50:00
1774713300000,2025.95,2026.1,2024.56,2026.1,0.1355,2026-03-28 15:55:00
1774713600000,2027.34,2027.34,2025.57,2025.79,3.8709,2026-03-28 16:00:00
1774713900000,2028.1,2028.88,2028.1,2028.88,0.2634,2026-03-28 16:05:00
1774714200000,2027.83,2028.4,2027.83,2028.4,0.1627,2026-03-28 16:10:00
1774714500000,2028.21,2028.81,2028.21,2028.81,0.0176,2026-03-28 16:15:00
1774714800000,2029.73,2029.73,2029.0,2029.54,0.5421,2026-03-28 16:20:00
1774715100000,2029.54,2029.54,2029.54,2029.54,0.0,2026-03-28 16:25:00
1774715400000,2029.54,2029.54,2029.54,2029.54,0.0,2026-03-28 16:30:00
1774715700000,2027.08,2027.08,2024.17,2024.17,0.4672,2026-03-28 16:35:00
1774716000000,2024.17,2024.17,2024.17,2024.17,0.0,2026-03-28 16:40:00
1774716300000,2023.97,2023.97,2023.97,2023.97,0.074,2026-03-28 16:45:00
1774716600000,2023.4,2023.4,2023.4,2023.4,0.005,2026-03-28 16:50:00
1774716900000,2022.53,2026.23,2022.53,2026.23,0.8074,2026-03-28 16:55:00
1774717200000,2025.06,2027.37,2025.06,2027.37,0.0099,2026-03-28 17:00:00
1774717500000,2027.28,2027.28,2024.07,2024.07,0.0607,2026-03-28 17:05:00
1774717800000,2024.31,2024.31,2024.31,2024.31,0.0099,2026-03-28 17:10:00
1774718100000,2021.97,2021.97,2021.97,2021.97,0.0427,2026-03-28 17:15:00
1774718400000,2021.07,2021.07,2021.0,2021.0,0.4011,2026-03-28 17:20:00
1774718700000,2022.5,2022.5,2022.2,2022.2,0.2816,2026-03-28 17:25:00
1774719000000,2021.32,2021.32,2018.28,2018.28,0.4663,2026-03-28 17:30:00
1774719300000,2018.13,2023.03,2018.13,2023.03,1.5441,2026-03-28 17:35:00
1774719600000,2023.03,2023.03,2023.03,2023.03,0.0,2026-03-28 17:40:00
1774719900000,2023.03,2023.03,2023.03,2023.03,0.0,2026-03-28 17:45:00
1774720200000,2019.44,2019.45,2019.44,2019.45,0.0494,2026-03-28 17:50:00
1774720500000,2019.45,2019.45,2019.45,2019.45,0.0,2026-03-28 17:55:00
1774720800000,2020.98,2022.01,2020.98,2022.01,0.0107,2026-03-28 18:00:00
1774721100000,2022.51,2022.51,2022.25,2022.25,0.0247,2026-03-28 18:05:00
1774721400000,2023.28,2024.48,2023.28,2024.48,0.0507,2026-03-28 18:10:00
1774721700000,2024.62,2024.62,2024.05,2024.05,0.0085,2026-03-28 18:15:00
1774722000000,2024.05,2024.05,2024.05,2024.05,0.0,2026-03-28 18:20:00
1774722300000,2023.59,2023.59,2023.59,2023.59,0.0846,2026-03-28 18:25:00
1774722600000,2023.59,2023.59,2023.59,2023.59,0.0,2026-03-28 18:30:00
1774722900000,2021.49,2022.12,2021.38,2021.38,0.2979,2026-03-28 18:35:00
1774723200000,2023.2,2023.2,2023.2,2023.2,0.1535,2026-03-28 18:40:00
1774723500000,2022.67,2022.82,2021.22,2021.69,0.1281,2026-03-28 18:45:00
1774723800000,2021.8,2021.8,2021.8,2021.8,0.0495,2026-03-28 18:50:00
1774724100000,2022.14,2022.14,2022.02,2022.02,0.0028,2026-03-28 18:55:00
1774724400000,2020.84,2023.0,2020.84,2022.79,0.0286,2026-03-28 19:00:00
1774724700000,2021.95,2022.37,2021.95,2022.37,0.0716,2026-03-28 19:05:00
1774725000000,2022.08,2022.08,2021.88,2021.88,0.4602,2026-03-28 19:10:00
1774725300000,2018.54,2020.69,2018.54,2020.69,0.0084,2026-03-28 19:15:00
1774725600000,2020.69,2020.69,2020.69,2020.69,0.0,2026-03-28 19:20:00
1774725900000,2020.03,2020.37,2020.03,2020.37,0.0028,2026-03-28 19:25:00
1774726200000,2020.2,2020.2,2020.2,2020.2,0.0293,2026-03-28 19:30:00
1774726500000,2019.65,2019.81,2019.38,2019.81,0.1263,2026-03-28 19:35:00
1774726800000,2019.74,2021.13,2019.74,2021.13,0.0204,2026-03-28 19:40:00
1774727100000,2021.13,2021.13,2021.13,2021.13,0.0,2026-03-28 19:45:00
1774727400000,2019.33,2020.74,2019.33,2020.74,0.0396,2026-03-28 19:50:00
1774727700000,2020.74,2020.74,2020.74,2020.74,0.0,2026-03-28 19:55:00
1774728000000,2020.97,2024.99,2020.97,2024.99,0.0189,2026-03-28 20:00:00
1774728300000,2025.07,2026.29,2025.07,2025.79,2.0426,2026-03-28 20:05:00
1774728600000,2024.25,2024.25,2024.25,2024.25,0.0494,2026-03-28 20:10:00
1774728900000,2025.28,2026.07,2024.75,2024.75,0.3902,2026-03-28 20:15:00
1774729200000,2024.75,2024.75,2024.75,2024.75,0.0,2026-03-28 20:20:00
1774729500000,2023.48,2023.92,2023.48,2023.92,0.0028,2026-03-28 20:25:00
1774729800000,2024.08,2026.22,2024.08,2026.22,1.4779,2026-03-28 20:30:00
1774730100000,2026.22,2026.22,2026.22,2026.22,0.0,2026-03-28 20:35:00
1774730400000,2022.07,2022.81,2022.07,2022.81,0.2495,2026-03-28 20:40:00
1774730700000,2022.88,2023.94,2022.88,2023.94,0.0056,2026-03-28 20:45:00
1774731000000,2024.12,2024.44,2024.12,2024.44,0.0028,2026-03-28 20:50:00
1774731300000,2024.8,2024.96,2024.54,2024.96,0.0039,2026-03-28 20:55:00
1774731600000,2024.96,2025.43,2024.96,2025.43,0.0521,2026-03-28 21:00:00
1774731900000,2025.73,2025.73,2020.3,2020.3,0.7702,2026-03-28 21:05:00
1774732200000,2022.35,2022.64,2022.35,2022.64,0.0028,2026-03-28 21:10:00
1774732500000,2022.63,2023.18,2021.69,2021.69,0.2675,2026-03-28 21:15:00
1774732800000,2020.15,2020.15,2019.84,2019.84,0.0108,2026-03-28 21:20:00
1774733100000,2020.08,2020.54,2020.08,2020.54,0.0028,2026-03-28 21:25:00
1774733400000,2020.54,2020.54,2020.54,2020.54,0.0,2026-03-28 21:30:00
1774733700000,2018.24,2019.23,2018.24,2019.23,0.0173,2026-03-28 21:35:00
1774734000000,2019.43,2019.79,2019.43,2019.79,0.0028,2026-03-28 21:40:00
1774734300000,2017.09,2018.89,2017.09,2018.89,1.0491,2026-03-28 21:45:00
1774734600000,2017.0,2017.0,2007.88,2007.88,2.1236,2026-03-28 21:50:00
1774734900000,2010.72,2010.72,2010.72,2010.72,0.0006,2026-03-28 21:55:00
1774735200000,2008.72,2011.76,2008.72,2011.76,0.2832,2026-03-28 22:00:00
1774735500000,2011.44,2012.28,2010.74,2010.74,0.0797,2026-03-28 22:05:00
1774735800000,2007.24,2007.24,2006.54,2006.54,0.2552,2026-03-28 22:10:00
1774736100000,2006.12,2010.1,2006.12,2010.1,0.0225,2026-03-28 22:15:00
1774736400000,2011.02,2013.12,2011.02,2012.95,0.2862,2026-03-28 22:20:00
1774736700000,2012.95,2012.95,2012.95,2012.95,0.0,2026-03-28 22:25:00
1774737000000,2011.13,2011.13,2011.13,2011.13,0.0014,2026-03-28 22:30:00
1774737300000,2011.13,2011.13,2011.13,2011.13,0.0,2026-03-28 22:35:00
1774737600000,2010.74,2010.74,2010.74,2010.74,0.9946,2026-03-28 22:40:00
1774737900000,2011.61,2011.61,2011.61,2011.61,0.2642,2026-03-28 22:45:00
1774738200000,2011.61,2011.61,2011.61,2011.61,0.0,2026-03-28 22:50:00
1774738500000,2012.04,2012.04,2011.66,2011.66,1.1366,2026-03-28 22:55:00
1774738800000,2010.7,2010.7,2007.98,2008.31,0.278,2026-03-28 23:00:00
1774739100000,2007.13,2007.66,2003.5,2003.5,2.0864,2026-03-28 23:05:00
1774739400000,2003.54,2003.54,1989.47,1997.05,3.2496,2026-03-28 23:10:00
1774739700000,1995.82,1995.82,1991.47,1992.81,0.1757,2026-03-28 23:15:00
1774740000000,1992.81,1992.81,1992.81,1992.81,0.0,2026-03-28 23:20:00
1774740300000,1992.81,1992.81,1992.81,1992.81,0.0,2026-03-28 23:25:00
1774740600000,1992.81,1992.81,1992.81,1992.81,0.0,2026-03-28 23:30:00
1774740900000,1998.24,1998.24,1996.74,1996.74,0.0119,2026-03-28 23:35:00
1774741200000,1998.34,1998.34,1998.28,1998.28,0.2259,2026-03-28 23:40:00
1774741500000,1995.0,1995.67,1995.0,1995.67,0.0173,2026-03-28 23:45:00
1774741800000,1993.87,1993.87,1993.87,1993.87,0.3956,2026-03-28 23:50:00
1774742100000,1994.4,1995.96,1994.4,1995.96,0.2773,2026-03-28 23:55:00
1774742400000,1996.41,1997.47,1996.41,1997.47,0.006,2026-03-29 00:00:00
1774742700000,1997.39,1998.05,1996.53,1996.79,0.2821,2026-03-29 00:05:00
1774743000000,1996.79,1996.79,1996.79,1996.79,0.0,2026-03-29 00:10:00
1774743300000,1996.11,1998.87,1995.54,1998.87,1.7835,2026-03-29 00:15:00
1774743600000,1997.7,1997.7,1992.74,1993.53,1.0852,2026-03-29 00:20:00
1774743900000,1993.24,1994.19,1992.84,1993.96,0.4508,2026-03-29 00:25:00
1774744200000,1994.24,1996.64,1994.24,1996.64,0.0105,2026-03-29 00:30:00
1774744500000,1996.26,1996.26,1993.49,1993.49,0.0256,2026-03-29 00:35:00
1774744800000,1994.71,1995.74,1994.0,1994.0,1.4382,2026-03-29 00:40:00
1774745100000,1994.95,1995.85,1994.95,1995.85,0.0053,2026-03-29 00:45:00
1774745400000,1995.87,1998.18,1995.41,1995.41,0.0635,2026-03-29 00:50:00
1774745700000,1997.89,1999.72,1997.89,1999.72,0.7566,2026-03-29 00:55:00
1774746000000,1999.29,2000.36,1998.49,2000.22,0.9124,2026-03-29 01:00:00
1774746300000,2000.99,2006.99,2000.99,2006.99,0.4919,2026-03-29 01:05:00
1774746600000,2003.91,2004.76,2003.91,2004.76,1.3402,2026-03-29 01:10:00
1774746900000,2004.83,2004.83,2002.52,2004.78,0.3025,2026-03-29 01:15:00
1774747200000,2004.88,2006.02,2004.88,2006.02,0.0056,2026-03-29 01:20:00
1774747500000,2004.51,2004.51,2004.51,2004.51,0.0474,2026-03-29 01:25:00
1774747800000,2002.65,2003.81,2002.65,2003.81,0.0226,2026-03-29 01:30:00
1774748100000,2003.81,2003.81,2003.81,2003.81,0.0,2026-03-29 01:35:00
1774748400000,1999.73,1999.73,1999.73,1999.73,0.0014,2026-03-29 01:40:00
1774748700000,1999.73,1999.73,1999.73,1999.73,0.0,2026-03-29 01:45:00
1774749000000,2003.77,2005.52,2003.75,2003.75,0.9099,2026-03-29 01:50:00
1774749300000,2003.75,2003.75,2003.75,2003.75,0.0,2026-03-29 01:55:00
1774749600000,2004.58,2005.18,2004.56,2004.75,0.0222,2026-03-29 02:00:00
1774749900000,2005.16,2005.5,2004.48,2004.48,0.0242,2026-03-29 02:05:00
1774750200000,2005.16,2006.62,2005.16,2006.62,0.0157,2026-03-29 02:10:00
1774750500000,2006.62,2006.62,2006.62,2006.62,0.0,2026-03-29 02:15:00
1774750800000,2005.48,2007.24,2005.48,2007.24,0.0143,2026-03-29 02:20:00
1774751100000,2007.24,2007.24,2007.24,2007.24,0.0,2026-03-29 02:25:00
1774751400000,2004.04,2004.04,2001.68,2003.64,3.4531,2026-03-29 02:30:00
1774751700000,2003.64,2003.64,2003.64,2003.64,0.0,2026-03-29 02:35:00
1774752000000,2003.64,2003.64,2003.64,2003.64,0.0,2026-03-29 02:40:00
1774752300000,2005.75,2005.75,2005.75,2005.75,0.0055,2026-03-29 02:45:00
1774752600000,2007.24,2010.0,2007.24,2009.76,1.4455,2026-03-29 02:50:00
1774752900000,2008.59,2008.59,2008.58,2008.58,1.6929,2026-03-29 02:55:00
1774753200000,2009.57,2009.57,2009.54,2009.54,0.036,2026-03-29 03:00:00
1774753500000,2009.54,2009.54,2009.54,2009.54,0.0,2026-03-29 03:05:00
1774753800000,2008.79,2008.79,2007.34,2007.93,0.0078,2026-03-29 03:10:00
1774754100000,2008.27,2019.45,2008.27,2016.65,3.376,2026-03-29 03:15:00
1774754400000,2014.71,2015.33,2014.71,2015.33,0.064,2026-03-29 03:20:00
1774754700000,2015.33,2015.33,2015.33,2015.33,0.0,2026-03-29 03:25:00
1774755000000,2014.51,2015.33,2013.73,2013.73,0.0056,2026-03-29 03:30:00
1774755300000,2013.73,2013.73,2013.73,2013.73,0.0,2026-03-29 03:35:00
1774755600000,2013.73,2013.73,2013.73,2013.73,0.0,2026-03-29 03:40:00
1774755900000,2011.86,2011.86,2011.86,2011.86,0.2556,2026-03-29 03:45:00
1774756200000,2011.57,2011.57,2011.57,2011.57,0.2548,2026-03-29 03:50:00
1774756500000,2011.79,2011.79,2011.79,2011.79,0.1402,2026-03-29 03:55:00
1774756800000,2011.51,2011.51,2009.73,2009.73,0.0248,2026-03-29 04:00:00
1774757100000,2009.73,2009.73,2009.73,2009.73,0.0,2026-03-29 04:05:00
1774757400000,2009.73,2009.73,2009.73,2009.73,0.0,2026-03-29 04:10:00
1774757700000,2009.73,2009.73,2009.73,2009.73,0.0,2026-03-29 04:15:00
1774758000000,2007.38,2007.38,2005.87,2005.87,0.3754,2026-03-29 04:20:00
1774758300000,2006.69,2006.69,2006.69,2006.69,2.6855,2026-03-29 04:25:00
1774758600000,2005.03,2005.63,2005.03,2005.63,0.1135,2026-03-29 04:30:00
1774758900000,2006.05,2006.05,2005.42,2005.42,2.7964,2026-03-29 04:35:00
1774759200000,2006.52,2006.52,2006.52,2006.52,0.0025,2026-03-29 04:40:00
1774759500000,2006.17,2006.17,2006.17,2006.17,0.0076,2026-03-29 04:45:00
1774759800000,2006.33,2006.33,2006.33,2006.33,0.1699,2026-03-29 04:50:00
1774760100000,2005.54,2005.54,2005.54,2005.54,0.0036,2026-03-29 04:55:00
1774760400000,2006.47,2006.47,2005.53,2005.53,0.027,2026-03-29 05:00:00
1774760700000,2003.84,2003.84,2002.52,2002.52,0.1066,2026-03-29 05:05:00
1774761000000,2001.89,2002.35,2001.89,2002.35,0.011,2026-03-29 05:10:00
1774761300000,2000.0,2000.0,1998.49,1998.49,0.5097,2026-03-29 05:15:00
1774761600000,2000.57,2000.57,2000.57,2000.57,1.0354,2026-03-29 05:20:00
1774761900000,2001.6,2001.6,1999.59,1999.59,0.7609,2026-03-29 05:25:00
1774762200000,1999.59,1999.59,1999.59,1999.59,0.0,2026-03-29 05:30:00
1774762500000,1999.59,1999.59,1999.59,1999.59,0.0,2026-03-29 05:35:00
1774762800000,2002.49,2002.49,2002.49,2002.49,0.0019,2026-03-29 05:40:00
1774763100000,2002.36,2002.36,2002.36,2002.36,0.0053,2026-03-29 05:45:00
1774763400000,2004.5,2006.21,2004.5,2005.9,1.5044,2026-03-29 05:50:00
1774763700000,2005.9,2005.9,2005.9,2005.9,0.0,2026-03-29 05:55:00
1774764000000,2005.93,2005.93,2005.93,2005.93,0.0223,2026-03-29 06:00:00
1774764300000,2005.93,2005.93,2005.93,2005.93,0.0,2026-03-29 06:05:00
1774764600000,2005.93,2005.93,2005.93,2005.93,0.0,2026-03-29 06:10:00
1774764900000,2005.93,2005.93,2005.93,2005.93,0.0,2026-03-29 06:15:00
1774765200000,2005.93,2005.93,2005.93,2005.93,0.0,2026-03-29 06:20:00
1774765500000,2000.49,2001.67,2000.38,2001.67,0.2259,2026-03-29 06:25:00
1774765800000,2002.45,2002.62,2002.45,2002.62,0.0098,2026-03-29 06:30:00
1774766100000,2002.69,2002.69,2002.69,2002.69,0.0049,2026-03-29 06:35:00
1774766400000,2002.69,2002.69,2002.69,2002.69,0.0,2026-03-29 06:40:00
1774766700000,2002.69,2002.69,2002.69,2002.69,0.0,2026-03-29 06:45:00
1774767000000,2005.99,2005.99,2005.99,2005.99,0.0049,2026-03-29 06:50:00
1774767300000,2005.8,2005.8,2005.8,2005.8,0.0049,2026-03-29 06:55:00
1774767600000,2005.8,2005.8,2005.8,2005.8,0.0,2026-03-29 07:00:00
1774767900000,2002.45,2002.45,2000.67,2000.67,0.0114,2026-03-29 07:05:00
1774768200000,2002.95,2003.12,2002.95,2003.12,0.0163,2026-03-29 07:10:00
1774768500000,2003.12,2003.12,2003.12,2003.12,0.0,2026-03-29 07:15:00
1774768800000,2002.95,2003.09,2002.95,2002.95,2.9389,2026-03-29 07:20:00
1774769100000,2002.95,2002.95,2002.95,2002.95,0.0,2026-03-29 07:25:00
1774769400000,2002.95,2002.95,2002.95,2002.95,0.0,2026-03-29 07:30:00
1774769700000,2004.43,2004.43,2004.43,2004.43,0.0074,2026-03-29 07:35:00
1774770000000,2003.04,2003.04,2003.04,2003.04,0.007,2026-03-29 07:40:00
1774770300000,2003.04,2003.04,2003.04,2003.04,0.0,2026-03-29 07:45:00
1774770600000,2003.04,2003.04,2003.04,2003.04,0.0,2026-03-29 07:50:00
1774770900000,2003.04,2003.04,2003.04,2003.04,0.0,2026-03-29 07:55:00
1774771200000,2003.04,2003.04,2003.04,2003.04,0.0,2026-03-29 08:00:00
1774771500000,2006.44,2006.84,2006.44,2006.84,0.0118,2026-03-29 08:05:00
1774771800000,2004.93,2004.93,2004.89,2004.89,0.9591,2026-03-29 08:10:00
1774772100000,2004.89,2004.89,2004.89,2004.89,0.0,2026-03-29 08:15:00
1774772400000,2004.89,2004.89,2004.89,2004.89,0.0,2026-03-29 08:20:00
1774772700000,2003.97,2003.97,2003.97,2003.97,0.0049,2026-03-29 08:25:00
1774773000000,2003.97,2003.97,2003.97,2003.97,0.0,2026-03-29 08:30:00
1774773300000,2003.97,2003.97,2003.97,2003.97,0.0,2026-03-29 08:35:00
1774773600000,2003.97,2003.97,2003.97,2003.97,0.0,2026-03-29 08:40:00
1774773900000,2005.27,2005.27,2005.27,2005.27,0.0249,2026-03-29 08:45:00
1774774200000,2005.27,2005.27,2005.27,2005.27,0.0,2026-03-29 08:50:00
1774774500000,2005.27,2005.27,2005.27,2005.27,0.0,2026-03-29 08:55:00
1774774800000,2005.27,2005.27,2005.27,2005.27,0.0,2026-03-29 09:00:00
1774775100000,2001.16,2001.16,2001.16,2001.16,0.005,2026-03-29 09:05:00
1774775400000,2003.01,2003.01,2003.01,2003.01,0.0249,2026-03-29 09:10:00
1774775700000,2003.01,2003.01,2003.01,2003.01,0.0,2026-03-29 09:15:00
1774776000000,2003.01,2003.01,2003.01,2003.01,0.0,2026-03-29 09:20:00
1774776300000,2002.74,2002.75,2002.74,2002.75,0.2431,2026-03-29 09:25:00
1774776600000,2003.35,2003.35,1996.0,1996.0,2.0995,2026-03-29 09:30:00
1774776900000,1999.6,1999.61,1999.6,1999.61,0.85,2026-03-29 09:35:00
1774777200000,1999.61,1999.61,1999.61,1999.61,0.0,2026-03-29 09:40:00
1774777500000,1999.61,1999.61,1999.61,1999.61,0.0,2026-03-29 09:45:00
1774777800000,1999.31,1999.31,1999.31,1999.31,0.0044,2026-03-29 09:50:00
1774778100000,1999.31,1999.31,1999.31,1999.31,0.0,2026-03-29 09:55:00
1774778400000,1999.31,1999.31,1999.31,1999.31,0.0,2026-03-29 10:00:00
1774778700000,1999.31,1999.31,1999.31,1999.31,0.0,2026-03-29 10:05:00
1774779000000,1999.31,1999.31,1999.31,1999.31,0.0,2026-03-29 10:10:00
1774779300000,1995.0,1995.0,1994.51,1994.51,1.3652,2026-03-29 10:15:00
1774779600000,1994.09,1994.09,1993.57,1993.57,0.1279,2026-03-29 10:20:00
1774779900000,1993.57,1993.57,1993.57,1993.57,0.0,2026-03-29 10:25:00
1774780200000,1993.57,1993.57,1993.57,1993.57,0.0,2026-03-29 10:30:00
1774780500000,1995.09,1995.09,1995.09,1995.09,0.2609,2026-03-29 10:35:00
1774780800000,1995.17,1995.17,1995.17,1995.17,0.0117,2026-03-29 10:40:00
1774781100000,1995.17,1995.17,1995.17,1995.17,0.0,2026-03-29 10:45:00
1774781400000,1995.17,1995.17,1995.17,1995.17,0.0,2026-03-29 10:50:00
1774781700000,1995.17,1995.17,1995.17,1995.17,0.0,2026-03-29 10:55:00
1774782000000,1995.98,1996.04,1995.98,1996.04,0.0526,2026-03-29 11:00:00
1774782300000,2003.0,2007.21,2003.0,2003.83,0.1264,2026-03-29 11:05:00
1774782600000,2004.19,2004.19,2002.56,2002.56,0.0098,2026-03-29 11:10:00
1774782900000,2002.56,2002.56,2002.56,2002.56,0.0,2026-03-29 11:15:00
1774783200000,2003.01,2003.01,2003.01,2003.01,0.2125,2026-03-29 11:20:00
1774783500000,2003.01,2003.01,2003.01,2003.01,0.0,2026-03-29 11:25:00
1774783800000,2003.01,2003.01,2003.01,2003.01,0.0,2026-03-29 11:30:00
1774784100000,2003.01,2003.01,2003.01,2003.01,0.0,2026-03-29 11:35:00
1774784400000,2003.01,2003.01,2003.01,2003.01,0.0,2026-03-29 11:40:00
1774784700000,2007.24,2007.24,2003.44,2003.44,0.1366,2026-03-29 11:45:00
1774785000000,2003.44,2003.44,2003.44,2003.44,0.0,2026-03-29 11:50:00
1774785300000,2003.44,2003.44,2003.44,2003.44,0.0,2026-03-29 11:55:00
1774785600000,2004.45,2004.45,2004.45,2004.45,0.0015,2026-03-29 12:00:00
1774785900000,2003.67,2003.67,2003.67,2003.67,0.0025,2026-03-29 12:05:00
1774786200000,2003.48,2003.48,2003.48,2003.48,0.0025,2026-03-29 12:10:00
1774786500000,2003.48,2003.48,2003.48,2003.48,0.0,2026-03-29 12:15:00
1774786800000,2003.33,2003.33,2003.33,2003.33,0.0049,2026-03-29 12:20:00
1774787100000,2003.33,2003.33,2003.33,2003.33,0.0,2026-03-29 12:25:00
1774787400000,2003.69,2004.16,2003.28,2004.16,0.2714,2026-03-29 12:30:00
1774787700000,2001.09,2001.11,2001.09,2001.11,0.1995,2026-03-29 12:35:00
1774788000000,2001.11,2001.11,2001.11,2001.11,0.0,2026-03-29 12:40:00
1774788300000,2000.77,2000.77,2000.77,2000.77,0.2085,2026-03-29 12:45:00
1774788600000,2000.77,2000.77,2000.77,2000.77,0.0,2026-03-29 12:50:00
1774788900000,2000.77,2000.77,2000.77,2000.77,0.0,2026-03-29 12:55:00
1774789200000,2002.07,2002.07,2000.59,2000.59,0.1661,2026-03-29 13:00:00
1774789500000,2000.13,2000.13,1984.43,1985.06,3.6395,2026-03-29 13:05:00
1774789800000,1986.1,1990.54,1986.1,1990.54,0.0508,2026-03-29 13:10:00
1774790100000,1989.54,1989.54,1989.54,1989.54,0.2619,2026-03-29 13:15:00
1774790400000,1989.54,1989.54,1989.54,1989.54,0.0,2026-03-29 13:20:00
1774790700000,1991.26,1991.33,1991.26,1991.33,0.6885,2026-03-29 13:25:00
1774791000000,1991.33,1991.33,1991.33,1991.33,0.0,2026-03-29 13:30:00
1774791300000,1991.68,1991.68,1991.68,1991.68,0.0251,2026-03-29 13:35:00
1774791600000,1992.13,1992.13,1992.13,1992.13,0.4922,2026-03-29 13:40:00
1774791900000,1989.84,1989.84,1989.84,1989.84,0.8065,2026-03-29 13:45:00
1774792200000,1989.84,1989.84,1989.84,1989.84,0.0,2026-03-29 13:50:00
1774792500000,1990.65,1990.65,1990.49,1990.49,0.2934,2026-03-29 13:55:00
1774792800000,1987.92,1988.69,1987.04,1988.69,1.3445,2026-03-29 14:00:00
1774793100000,1986.97,1986.98,1985.36,1985.38,1.0763,2026-03-29 14:05:00
1774793400000,1987.47,2000.85,1987.35,1997.04,9.9875,2026-03-29 14:10:00
1774793700000,1995.35,1995.35,1995.35,1995.35,0.1207,2026-03-29 14:15:00
1774794000000,1994.05,1994.05,1992.88,1992.88,0.5413,2026-03-29 14:20:00
1774794300000,1991.42,1991.42,1991.42,1991.42,0.2154,2026-03-29 14:25:00
1774794600000,1993.78,1993.78,1993.78,1993.78,0.0026,2026-03-29 14:30:00
1774794900000,1993.78,1993.78,1993.78,1993.78,0.0,2026-03-29 14:35:00
1774795200000,1993.55,1993.55,1993.55,1993.55,0.0149,2026-03-29 14:40:00
1774795500000,1994.52,1994.52,1992.33,1992.33,2.2926,2026-03-29 14:45:00
1774795800000,1992.18,1992.18,1991.71,1991.71,1.5061,2026-03-29 14:50:00
1774796100000,1993.93,1993.93,1993.93,1993.93,0.2089,2026-03-29 14:55:00
1774796400000,1996.25,1999.3,1993.69,1993.69,5.1491,2026-03-29 15:00:00
1774796700000,1995.19,1996.65,1995.19,1995.57,1.6676,2026-03-29 15:05:00
1774797000000,1994.8,1994.8,1993.88,1993.97,2.5213,2026-03-29 15:10:00
1774797300000,1994.69,1997.4,1994.46,1996.52,1.9073,2026-03-29 15:15:00
1774797600000,1993.54,1993.54,1993.54,1993.54,0.0501,2026-03-29 15:20:00
1774797900000,1989.0,1989.82,1987.23,1989.82,0.9493,2026-03-29 15:25:00
1774798200000,1989.82,1989.82,1989.82,1989.82,0.0,2026-03-29 15:30:00
1774798500000,1989.56,1989.57,1989.56,1989.57,0.8651,2026-03-29 15:35:00
1774798800000,1989.57,1989.57,1989.57,1989.57,0.0,2026-03-29 15:40:00
1774799100000,1992.01,1992.01,1991.44,1991.44,0.014,2026-03-29 15:45:00
1774799400000,1990.35,1994.61,1990.35,1994.61,0.0846,2026-03-29 15:50:00
1774799700000,1994.61,1994.61,1994.61,1994.61,0.0,2026-03-29 15:55:00
1774800000000,1993.79,1993.79,1992.82,1993.27,0.0055,2026-03-29 16:00:00
1774800300000,1992.92,1994.31,1992.92,1993.73,0.2111,2026-03-29 16:05:00
1774800600000,1994.38,1994.97,1993.21,1993.21,0.0535,2026-03-29 16:10:00
1774800900000,1993.88,2003.0,1993.88,2002.02,4.4744,2026-03-29 16:15:00
1774801200000,2002.79,2003.09,2001.71,2002.36,0.049,2026-03-29 16:20:00
1774801500000,2000.91,2000.91,2000.22,2000.78,0.0093,2026-03-29 16:25:00
1774801800000,2001.19,2001.19,2000.43,2000.43,0.0698,2026-03-29 16:30:00
1774802100000,1999.69,1999.69,1999.07,1999.07,0.014,2026-03-29 16:35:00
1774802400000,1998.59,1998.59,1998.59,1998.59,0.0457,2026-03-29 16:40:00
1774802700000,1998.59,1998.59,1998.59,1998.59,0.0,2026-03-29 16:45:00
1774803000000,1998.59,1998.59,1998.59,1998.59,0.0,2026-03-29 16:50:00
1774803300000,1998.19,1998.19,1998.19,1998.19,0.004,2026-03-29 16:55:00
1774803600000,1998.83,1998.83,1996.98,1996.98,0.1348,2026-03-29 17:00:00
1774803900000,1998.71,1999.3,1998.71,1999.3,0.0764,2026-03-29 17:05:00
1774804200000,1996.01,1996.01,1996.0,1996.0,0.055,2026-03-29 17:10:00
1774804500000,1996.0,1996.0,1996.0,1996.0,0.0,2026-03-29 17:15:00
1774804800000,1989.58,1991.53,1988.62,1990.91,1.8275,2026-03-29 17:20:00
1774805100000,1989.61,1990.94,1989.18,1990.94,1.456,2026-03-29 17:25:00
1774805400000,1990.94,1990.94,1990.94,1990.94,0.0,2026-03-29 17:30:00
1774805700000,1990.94,1990.94,1990.94,1990.94,0.0,2026-03-29 17:35:00
1774806000000,1996.0,1996.0,1996.0,1996.0,0.005,2026-03-29 17:40:00
1774806300000,1996.02,1996.02,1994.88,1994.88,0.2998,2026-03-29 17:45:00
1774806600000,1995.22,1996.19,1995.22,1996.19,0.0061,2026-03-29 17:50:00
1774806900000,1995.76,1995.76,1995.76,1995.76,0.0125,2026-03-29 17:55:00
1774807200000,1996.44,1996.44,1992.81,1992.81,0.02,2026-03-29 18:00:00
1774807500000,1992.53,1992.53,1992.4,1992.4,0.0375,2026-03-29 18:05:00
1774807800000,1994.3,1994.3,1994.3,1994.3,0.006,2026-03-29 18:10:00
1774808100000,1995.79,1996.66,1994.82,1996.66,0.0195,2026-03-29 18:15:00
1774808400000,1992.12,1994.1,1992.12,1994.1,0.006,2026-03-29 18:20:00
1774808700000,1994.44,1995.35,1994.44,1995.35,0.0045,2026-03-29 18:25:00
1774809000000,1994.87,1994.87,1993.75,1993.75,0.0125,2026-03-29 18:30:00
1774809300000,1995.03,2001.0,1995.02,1999.98,3.5434,2026-03-29 18:35:00
1774809600000,1999.28,1999.28,1999.28,1999.28,0.005,2026-03-29 18:40:00
1774809900000,1998.67,1998.67,1998.11,1998.11,0.029,2026-03-29 18:45:00
1774810200000,1998.02,1998.02,1998.02,1998.02,0.4827,2026-03-29 18:50:00
1774810500000,1998.02,1998.02,1998.02,1998.02,0.0,2026-03-29 18:55:00
1774810800000,1996.91,1997.26,1996.91,1997.26,0.0105,2026-03-29 19:00:00
1774811100000,1998.65,1998.65,1998.07,1998.07,0.0237,2026-03-29 19:05:00
1774811400000,1998.07,1998.07,1998.07,1998.07,0.0,2026-03-29 19:10:00
1774811700000,1998.13,1998.13,1997.48,1997.48,0.009,2026-03-29 19:15:00
1774812000000,1999.53,1999.53,1998.84,1998.84,0.6344,2026-03-29 19:20:00
1774812300000,1998.84,1998.84,1998.84,1998.84,0.0,2026-03-29 19:25:00
1774812600000,1998.84,1998.84,1998.84,1998.84,0.0,2026-03-29 19:30:00
1774812900000,1998.84,1998.84,1998.84,1998.84,0.0,2026-03-29 19:35:00
1774813200000,1995.64,1995.64,1995.64,1995.64,0.0501,2026-03-29 19:40:00
1774813500000,1997.01,1997.01,1997.01,1997.01,0.004,2026-03-29 19:45:00
1774813800000,1997.01,1997.01,1997.01,1997.01,0.0,2026-03-29 19:50:00
1774814100000,1997.01,1997.01,1997.01,1997.01,0.0,2026-03-29 19:55:00
1774814400000,1998.28,1998.28,1998.28,1998.28,0.0025,2026-03-29 20:00:00
1774814700000,1997.83,1998.87,1997.71,1997.9,3.0446,2026-03-29 20:05:00
1774815000000,1997.9,1997.9,1997.9,1997.9,0.0,2026-03-29 20:10:00
1774815300000,1998.83,1998.83,1998.83,1998.83,0.8171,2026-03-29 20:15:00
1774815600000,2002.95,2008.63,2002.95,2008.63,1.2065,2026-03-29 20:20:00
1774815900000,2008.63,2008.63,2008.63,2008.63,0.0,2026-03-29 20:25:00
1774816200000,2005.25,2005.25,2005.22,2005.22,0.85,2026-03-29 20:30:00
1774816500000,2003.75,2003.75,2003.75,2003.75,0.0272,2026-03-29 20:35:00
1774816800000,2003.75,2003.75,2003.75,2003.75,0.0,2026-03-29 20:40:00
1774817100000,2003.75,2003.75,2003.75,2003.75,0.0,2026-03-29 20:45:00
1774817400000,2002.11,2002.11,2002.11,2002.11,0.0025,2026-03-29 20:50:00
1774817700000,2002.49,2002.5,2002.49,2002.5,0.2491,2026-03-29 20:55:00
1774818000000,2002.5,2002.5,2002.5,2002.5,0.0,2026-03-29 21:00:00
1774818300000,2004.13,2004.13,2004.13,2004.13,0.0025,2026-03-29 21:05:00
1774818600000,2001.95,2002.2,2001.95,2002.2,0.0075,2026-03-29 21:10:00
1774818900000,2002.54,2002.67,2002.54,2002.67,0.0141,2026-03-29 21:15:00
1774819200000,2002.8,2002.8,2002.8,2002.8,0.0025,2026-03-29 21:20:00
1774819500000,2002.8,2002.8,2002.8,2002.8,0.0,2026-03-29 21:25:00
1774819800000,2002.8,2002.8,2002.8,2002.8,0.0,2026-03-29 21:30:00
1774820100000,2002.8,2002.8,2002.8,2002.8,0.0,2026-03-29 21:35:00
1774820400000,2004.62,2004.62,2004.62,2004.62,0.0109,2026-03-29 21:40:00
1774820700000,2004.7,2004.7,2004.7,2004.7,0.0106,2026-03-29 21:45:00
1774821000000,2004.7,2004.7,2004.7,2004.7,0.0,2026-03-29 21:50:00
1774821300000,2004.7,2004.7,2004.7,2004.7,0.0,2026-03-29 21:55:00
1774821600000,1997.14,1997.31,1994.51,1994.51,1.2491,2026-03-29 22:00:00
1774821900000,1993.57,1994.99,1991.1,1994.99,0.1454,2026-03-29 22:05:00
1774822200000,1994.53,1994.53,1989.0,1990.61,1.2865,2026-03-29 22:10:00
1774822500000,1993.73,1993.73,1993.73,1993.73,0.0251,2026-03-29 22:15:00
1774822800000,1994.44,1996.0,1994.44,1996.0,0.1566,2026-03-29 22:20:00
1774823100000,1995.49,1995.49,1994.25,1994.26,0.4205,2026-03-29 22:25:00
1774823400000,1994.26,1994.26,1994.26,1994.26,0.0,2026-03-29 22:30:00
1774823700000,1994.43,1994.43,1989.05,1989.05,0.1303,2026-03-29 22:35:00
1774824000000,1989.46,1989.46,1964.01,1968.27,14.1572,2026-03-29 22:40:00
1774824300000,1964.77,1964.77,1940.0,1940.0,7.9377,2026-03-29 22:45:00
1774824600000,1946.09,1958.86,1942.9,1958.86,0.934,2026-03-29 22:50:00
1774824900000,1963.11,1976.71,1963.11,1973.4,4.3804,2026-03-29 22:55:00
1774825200000,1974.38,1993.57,1974.38,1985.54,4.6752,2026-03-29 23:00:00
1774825500000,1986.72,1986.78,1981.12,1984.52,1.1926,2026-03-29 23:05:00
1774825800000,1983.97,1985.31,1983.97,1985.31,0.0491,2026-03-29 23:10:00
1774826100000,1990.77,1990.77,1990.77,1990.77,0.1881,2026-03-29 23:15:00
1774826400000,1990.77,1991.15,1990.77,1990.77,2.5394,2026-03-29 23:20:00
1774826700000,1986.36,1986.36,1983.85,1983.85,4.387,2026-03-29 23:25:00
1774827000000,1983.85,1983.85,1983.85,1983.85,0.0,2026-03-29 23:30:00
1774827300000,1982.06,1982.06,1979.65,1981.66,5.0947,2026-03-29 23:35:00
1774827600000,1984.88,1984.88,1983.61,1983.61,0.2871,2026-03-29 23:40:00
1774827900000,1988.46,1988.46,1982.47,1982.47,4.8212,2026-03-29 23:45:00
1774828200000,1981.41,1986.69,1976.63,1986.69,3.962,2026-03-29 23:50:00
1774828500000,1983.84,1983.84,1983.84,1983.84,0.004,2026-03-29 23:55:00
1774828800000,1985.97,1985.97,1982.24,1982.49,0.7616,2026-03-30 00:00:00
1774829100000,1981.27,1983.77,1980.58,1983.77,0.3408,2026-03-30 00:05:00
1774829400000,1985.28,1985.28,1985.28,1985.28,0.0128,2026-03-30 00:10:00
1774829700000,1983.12,2018.64,1983.12,2018.64,31.5537,2026-03-30 00:15:00
1774830000000,2018.47,2023.01,2008.53,2009.05,4.8786,2026-03-30 00:20:00
1774830300000,2009.72,2016.34,2007.24,2009.02,3.533,2026-03-30 00:25:00
1774830600000,2010.81,2010.81,2004.53,2004.53,0.3954,2026-03-30 00:30:00
1774830900000,2004.03,2005.76,1997.19,1997.83,1.6802,2026-03-30 00:35:00
1774831200000,1997.1,1999.5,1997.1,1999.5,0.283,2026-03-30 00:40:00
1774831500000,1998.48,2001.67,1998.48,1999.67,4.6757,2026-03-30 00:45:00
1774831800000,1998.78,1998.78,1992.71,1993.29,2.2197,2026-03-30 00:50:00
1774832100000,1993.29,1993.29,1993.29,1993.29,0.0,2026-03-30 00:55:00
1774832400000,2004.0,2007.24,2003.23,2003.23,0.2452,2026-03-30 01:00:00
1774832700000,2002.2,2002.2,2002.2,2002.2,0.2656,2026-03-30 01:05:00
1774833000000,2002.86,2002.86,2002.86,2002.86,0.0652,2026-03-30 01:10:00
1774833300000,2001.12,2004.76,2001.12,2004.76,2.6638,2026-03-30 01:15:00
1774833600000,2004.47,2006.93,2003.66,2006.93,10.2977,2026-03-30 01:20:00
1774833900000,2006.85,2010.43,2006.85,2010.43,0.7708,2026-03-30 01:25:00
1774834200000,2012.0,2012.0,2009.98,2009.98,0.2548,2026-03-30 01:30:00
1774834500000,2012.08,2012.08,2009.39,2009.39,1.4475,2026-03-30 01:35:00
1774834800000,2009.31,2009.31,2009.31,2009.31,0.9,2026-03-30 01:40:00
1774835100000,2011.17,2017.77,2010.95,2017.77,4.526,2026-03-30 01:45:00
1774835400000,2017.77,2017.77,2017.77,2017.77,0.0,2026-03-30 01:50:00
1774835700000,2010.38,2010.38,2010.38,2010.38,0.0025,2026-03-30 01:55:00
1774836000000,2014.02,2014.02,2013.1,2013.1,0.0078,2026-03-30 02:00:00
1774836300000,2009.82,2018.64,2009.67,2018.64,0.4509,2026-03-30 02:05:00
1774836600000,2015.24,2016.46,2014.49,2016.46,0.0114,2026-03-30 02:10:00
1774836900000,2020.0,2021.34,2015.0,2015.0,3.6162,2026-03-30 02:15:00
1774837200000,2014.18,2014.18,2014.18,2014.18,0.2272,2026-03-30 02:20:00
1774837500000,2014.82,2014.82,2013.99,2013.99,0.0532,2026-03-30 02:25:00
1774837800000,2014.25,2014.25,2012.0,2012.0,0.018,2026-03-30 02:30:00
1774838100000,2011.81,2011.81,2009.53,2009.53,0.8548,2026-03-30 02:35:00
1774838400000,2009.77,2018.48,2009.77,2018.48,3.0075,2026-03-30 02:40:00
1774838700000,2020.0,2042.79,2020.0,2039.47,14.2246,2026-03-30 02:45:00
1774839000000,2038.65,2038.65,2030.46,2030.46,4.7797,2026-03-30 02:50:00
1774839300000,2032.24,2032.24,2029.9,2029.9,2.1952,2026-03-30 02:55:00
1774839600000,2029.76,2029.76,2028.41,2028.41,0.5286,2026-03-30 03:00:00
1774839900000,2029.64,2029.64,2028.81,2029.3,0.6173,2026-03-30 03:05:00
1774840200000,2029.51,2032.94,2029.51,2030.29,4.0439,2026-03-30 03:10:00
1774840500000,2034.69,2035.67,2033.52,2033.75,0.114,2026-03-30 03:15:00
1774840800000,2034.77,2037.03,2034.04,2037.03,2.9547,2026-03-30 03:20:00
1774841100000,2037.08,2039.27,2037.08,2038.08,0.2586,2026-03-30 03:25:00
1774841400000,2038.76,2038.76,2035.83,2035.83,1.004,2026-03-30 03:30:00
1774841700000,2035.83,2035.83,2035.83,2035.83,0.0,2026-03-30 03:35:00
1774842000000,2034.66,2034.66,2034.66,2034.66,0.0049,2026-03-30 03:40:00
1774842300000,2037.66,2037.66,2037.66,2037.66,0.1735,2026-03-30 03:45:00
1774842600000,2040.0,2041.36,2040.0,2041.36,0.5745,2026-03-30 03:50:00
1774842900000,2037.29,2037.29,2036.64,2036.64,0.0073,2026-03-30 03:55:00
1774843200000,2037.02,2038.34,2036.54,2037.92,0.3175,2026-03-30 04:00:00
1774843500000,2037.42,2046.69,2037.42,2044.48,1.8895,2026-03-30 04:05:00
1774843800000,2044.47,2046.84,2043.89,2044.1,0.4185,2026-03-30 04:10:00
1774844100000,2045.72,2047.83,2045.72,2047.83,0.8673,2026-03-30 04:15:00
1774844400000,2047.83,2047.83,2047.83,2047.83,0.0,2026-03-30 04:20:00
1774844700000,2045.86,2051.2,2045.86,2047.27,0.975,2026-03-30 04:25:00
1774845000000,2047.27,2047.27,2047.27,2047.27,0.0,2026-03-30 04:30:00
1774845300000,2044.09,2044.09,2043.72,2043.72,0.8981,2026-03-30 04:35:00
1774845600000,2043.72,2043.72,2043.72,2043.72,0.0,2026-03-30 04:40:00
1774845900000,2043.72,2043.72,2043.72,2043.72,0.0,2026-03-30 04:45:00
1774846200000,2046.02,2049.38,2046.02,2049.38,0.0153,2026-03-30 04:50:00
1774846500000,2048.87,2048.87,2048.87,2048.87,0.0135,2026-03-30 04:55:00
1774846800000,2051.47,2052.06,2051.47,2052.06,0.0319,2026-03-30 05:00:00
1774847100000,2055.38,2057.04,2055.38,2057.04,0.1816,2026-03-30 05:05:00
1774847400000,2057.34,2057.65,2053.21,2054.58,1.7948,2026-03-30 05:10:00
1774847700000,2053.34,2054.88,2053.34,2054.88,0.9023,2026-03-30 05:15:00
1774848000000,2054.88,2054.88,2054.88,2054.88,0.0,2026-03-30 05:20:00
1774848300000,2055.96,2055.96,2054.44,2054.44,0.0222,2026-03-30 05:25:00
1774848600000,2054.01,2055.25,2053.37,2055.09,1.0677,2026-03-30 05:30:00
1774848900000,2055.09,2055.09,2055.09,2055.09,0.0,2026-03-30 05:35:00
1774849200000,2050.01,2050.01,2050.01,2050.01,0.9,2026-03-30 05:40:00
1774849500000,2048.41,2048.41,2047.93,2047.94,4.5863,2026-03-30 05:45:00
1774849800000,2049.79,2049.79,2049.79,2049.79,0.0063,2026-03-30 05:50:00
1774850100000,2049.74,2049.74,2049.74,2049.74,0.0049,2026-03-30 05:55:00
1774850400000,2048.08,2048.61,2048.08,2048.61,0.752,2026-03-30 06:00:00
1774850700000,2048.61,2048.61,2048.61,2048.61,0.0,2026-03-30 06:05:00
1774851000000,2046.4,2046.4,2045.74,2045.74,2.4524,2026-03-30 06:10:00
1774851300000,2045.85,2045.85,2044.16,2044.16,1.9097,2026-03-30 06:15:00
1774851600000,2045.5,2045.5,2044.93,2044.93,0.1494,2026-03-30 06:20:00
1774851900000,2046.47,2046.47,2046.47,2046.47,0.0029,2026-03-30 06:25:00
1774852200000,2046.47,2046.47,2046.47,2046.47,0.0,2026-03-30 06:30:00
1774852500000,2045.82,2046.03,2045.82,2046.03,0.1754,2026-03-30 06:35:00
1774852800000,2046.03,2046.03,2046.03,2046.03,0.0,2026-03-30 06:40:00
1774853100000,2047.81,2047.81,2047.81,2047.81,0.0175,2026-03-30 06:45:00
1774853400000,2047.81,2047.81,2047.81,2047.81,0.0,2026-03-30 06:50:00
1774853700000,2043.61,2043.61,2041.57,2041.61,0.1871,2026-03-30 06:55:00
1774854000000,2041.61,2041.61,2041.61,2041.61,0.0,2026-03-30 07:00:00
1774854300000,2045.5,2047.6,2045.5,2047.6,0.011,2026-03-30 07:05:00
1774854600000,2047.6,2047.6,2047.6,2047.6,2.7767,2026-03-30 07:10:00
1774854900000,2046.47,2047.22,2046.47,2047.22,0.0115,2026-03-30 07:15:00
1774855200000,2047.45,2047.45,2047.45,2047.45,0.0069,2026-03-30 07:20:00
1774855500000,2044.18,2044.18,2044.0,2044.0,2.7739,2026-03-30 07:25:00
1774855800000,2046.13,2046.13,2046.13,2046.13,0.0075,2026-03-30 07:30:00
1774856100000,2046.13,2046.13,2046.13,2046.13,0.0,2026-03-30 07:35:00
1774856400000,2046.13,2046.13,2046.13,2046.13,0.0,2026-03-30 07:40:00
1774856700000,2050.57,2059.99,2050.27,2059.98,5.1251,2026-03-30 07:45:00
1774857000000,2056.21,2065.55,2055.31,2060.94,16.952,2026-03-30 07:50:00
1774857300000,2060.94,2060.94,2060.94,2060.94,0.0,2026-03-30 07:55:00
1774857600000,2060.35,2060.35,2058.91,2058.91,1.6132,2026-03-30 08:00:00
1774857900000,2059.92,2059.92,2059.92,2059.92,0.0024,2026-03-30 08:05:00
1774858200000,2060.61,2063.65,2060.61,2063.65,0.2133,2026-03-30 08:10:00
1774858500000,2063.76,2064.26,2061.97,2061.97,1.7018,2026-03-30 08:15:00
1774858800000,2061.97,2061.97,2061.97,2061.97,0.0,2026-03-30 08:20:00
1774859100000,2061.97,2061.97,2061.97,2061.97,0.0,2026-03-30 08:25:00
1774859400000,2061.97,2061.97,2061.97,2061.97,0.0,2026-03-30 08:30:00
1774859700000,2067.39,2073.6,2067.39,2071.92,3.2843,2026-03-30 08:35:00
1774860000000,2066.47,2066.47,2066.47,2066.47,0.051,2026-03-30 08:40:00
1774860300000,2067.9,2067.9,2067.81,2067.81,0.0056,2026-03-30 08:45:00
1774860600000,2067.81,2067.81,2067.81,2067.81,0.0,2026-03-30 08:50:00
1774860900000,2063.4,2063.4,2063.4,2063.4,0.0019,2026-03-30 08:55:00
1774861200000,2062.73,2062.73,2061.84,2061.84,0.0333,2026-03-30 09:00:00
1774861500000,2061.84,2061.84,2061.84,2061.84,0.0,2026-03-30 09:05:00
1774861800000,2061.84,2061.84,2061.84,2061.84,0.0,2026-03-30 09:10:00
1774862100000,2058.42,2060.94,2057.73,2060.34,1.9514,2026-03-30 09:15:00
1774862400000,2060.34,2060.34,2060.34,2060.34,0.0,2026-03-30 09:20:00
1774862700000,2057.34,2057.34,2057.34,2057.34,0.0504,2026-03-30 09:25:00
1774863000000,2055.98,2055.98,2054.67,2054.67,0.1363,2026-03-30 09:30:00
1774863300000,2054.67,2054.67,2054.67,2054.67,0.0,2026-03-30 09:35:00
1774863600000,2055.28,2055.28,2055.28,2055.28,0.0485,2026-03-30 09:40:00
1774863900000,2055.28,2055.28,2055.28,2055.28,0.0,2026-03-30 09:45:00
1774864200000,2055.28,2055.28,2055.28,2055.28,0.0,2026-03-30 09:50:00
1774864500000,2055.28,2055.28,2055.28,2055.28,0.0,2026-03-30 09:55:00
1774864800000,2055.28,2055.28,2055.28,2055.28,0.0,2026-03-30 10:00:00
1774865100000,2055.28,2055.28,2055.28,2055.28,0.0,2026-03-30 10:05:00
1774865400000,2055.28,2055.28,2055.28,2055.28,0.0,2026-03-30 10:10:00
1774865700000,2055.28,2055.28,2055.28,2055.28,0.0,2026-03-30 10:15:00
1774866000000,2055.28,2055.28,2055.28,2055.28,0.0,2026-03-30 10:20:00
1774866300000,2055.28,2055.28,2055.28,2055.28,0.0,2026-03-30 10:25:00
1774866600000,2053.18,2053.8,2053.18,2053.27,8.5907,2026-03-30 10:30:00
1774866900000,2052.0,2052.0,2050.46,2051.84,3.9279,2026-03-30 10:35:00
1774867200000,2051.84,2051.84,2051.84,2051.84,0.0,2026-03-30 10:40:00
1774867500000,2051.84,2051.84,2051.84,2051.84,0.0,2026-03-30 10:45:00
1774867800000,2051.84,2051.84,2051.84,2051.84,0.0,2026-03-30 10:50:00
1774868100000,2051.84,2051.84,2051.84,2051.84,0.0,2026-03-30 10:55:00
1774868400000,2051.84,2051.84,2051.84,2051.84,0.0,2026-03-30 11:00:00
1774868700000,2061.0,2062.53,2061.0,2062.16,0.7648,2026-03-30 11:05:00
1774869000000,2060.42,2060.42,2060.42,2060.42,0.0034,2026-03-30 11:10:00
1774869300000,2061.52,2061.52,2061.52,2061.52,0.0063,2026-03-30 11:15:00
1774869600000,2061.52,2061.52,2061.52,2061.52,0.0,2026-03-30 11:20:00
1774869900000,2067.43,2079.52,2067.43,2068.03,11.437,2026-03-30 11:25:00
1774870200000,2069.46,2069.46,2066.4,2066.4,0.6148,2026-03-30 11:30:00
1774870500000,2069.54,2071.35,2069.54,2071.35,3.0141,2026-03-30 11:35:00
1774870800000,2071.35,2071.35,2071.35,2071.35,0.0,2026-03-30 11:40:00
1774871100000,2066.0,2073.94,2066.0,2073.94,4.3388,2026-03-30 11:45:00
1774871400000,2073.94,2073.94,2073.94,2073.94,0.0,2026-03-30 11:50:00
1774871700000,2073.94,2073.94,2073.94,2073.94,0.0,2026-03-30 11:55:00
1774872000000,2070.95,2070.95,2070.92,2070.92,0.0038,2026-03-30 12:00:00
1774872300000,2074.16,2074.16,2074.16,2074.16,0.0024,2026-03-30 12:05:00
1774872600000,2074.49,2075.4,2074.48,2074.86,1.8757,2026-03-30 12:10:00
1774872900000,2072.44,2072.44,2070.17,2072.38,1.4381,2026-03-30 12:15:00
1774873200000,2072.38,2072.38,2072.38,2072.38,0.0,2026-03-30 12:20:00
1774873500000,2071.55,2071.55,2071.55,2071.55,0.1,2026-03-30 12:25:00
1774873800000,2071.87,2071.87,2071.43,2071.44,0.3096,2026-03-30 12:30:00
1774874100000,2073.94,2077.23,2073.94,2077.23,0.1234,2026-03-30 12:35:00
1774874400000,2073.2,2073.2,2073.2,2073.2,0.0019,2026-03-30 12:40:00
1774874700000,2074.49,2074.49,2072.94,2073.03,0.7666,2026-03-30 12:45:00
1774875000000,2073.03,2073.03,2073.03,2073.03,0.0,2026-03-30 12:50:00
1774875300000,2073.03,2073.03,2073.03,2073.03,0.0,2026-03-30 12:55:00
1774875600000,2074.0,2075.74,2074.0,2075.74,0.0044,2026-03-30 13:00:00
1774875900000,2074.21,2074.21,2071.01,2073.66,1.5412,2026-03-30 13:05:00
1774876200000,2074.35,2074.53,2073.68,2073.68,1.9754,2026-03-30 13:10:00
1774876500000,2071.84,2073.76,2071.84,2073.76,0.5514,2026-03-30 13:15:00
1774876800000,2079.95,2084.42,2078.46,2079.36,10.5239,2026-03-30 13:20:00
1774877100000,2076.43,2076.43,2074.97,2075.41,0.0251,2026-03-30 13:25:00
1774877400000,2071.66,2076.12,2068.87,2074.0,5.8305,2026-03-30 13:30:00
1774877700000,2073.07,2073.07,2073.07,2073.07,0.4514,2026-03-30 13:35:00
1774878000000,2068.57,2069.7,2066.2,2069.42,3.6761,2026-03-30 13:40:00
1774878300000,2071.88,2072.34,2065.28,2065.28,5.0777,2026-03-30 13:45:00
1774878600000,2068.11,2069.4,2068.11,2069.4,0.0183,2026-03-30 13:50:00
1774878900000,2065.0,2065.0,2060.0,2060.0,2.7497,2026-03-30 13:55:00
1774879200000,2062.78,2063.47,2061.48,2063.09,41.6285,2026-03-30 14:00:00
1774879500000,2063.0,2066.28,2059.0,2066.28,16.763,2026-03-30 14:05:00
1774879800000,2067.83,2068.57,2067.24,2068.57,0.0428,2026-03-30 14:10:00
1774880100000,2067.81,2067.81,2057.34,2058.04,4.5231,2026-03-30 14:15:00
1774880400000,2058.69,2059.12,2055.98,2059.12,1.5085,2026-03-30 14:20:00
1774880700000,2060.13,2060.13,2051.76,2053.86,22.196,2026-03-30 14:25:00
1774881000000,2053.65,2055.76,2053.35,2055.76,24.082,2026-03-30 14:30:00
1774881300000,2056.43,2056.43,2044.28,2052.02,7.8017,2026-03-30 14:35:00
1774881600000,2049.66,2049.66,2049.66,2049.66,0.0406,2026-03-30 14:40:00
1774881900000,2048.61,2055.81,2048.61,2052.54,2.0516,2026-03-30 14:45:00
1774882200000,2053.14,2065.11,2053.14,2064.84,6.7853,2026-03-30 14:50:00
1774882500000,2064.56,2074.02,2064.15,2070.79,150.2411,2026-03-30 14:55:00
1774882800000,2073.28,2076.37,2069.71,2073.37,22.2622,2026-03-30 15:00:00
1774883100000,2074.09,2078.8,2062.13,2066.36,67.6652,2026-03-30 15:05:00
1774883400000,2066.68,2070.7,2065.91,2068.53,0.9323,2026-03-30 15:10:00
1774883700000,2067.03,2067.03,2060.17,2064.79,176.6081,2026-03-30 15:15:00
1774884000000,2064.79,2067.36,2064.16,2065.86,11.7547,2026-03-30 15:20:00
1774884300000,2065.33,2069.17,2065.33,2067.67,9.7124,2026-03-30 15:25:00
1774884600000,2067.0,2074.97,2058.09,2074.97,180.0832,2026-03-30 15:30:00
1774884900000,2076.04,2078.68,2074.31,2078.68,0.8369,2026-03-30 15:35:00
1774885200000,2073.0,2077.41,2072.58,2075.3,35.7539,2026-03-30 15:40:00
1774885500000,2076.03,2076.03,2072.79,2074.22,0.1571,2026-03-30 15:45:00
1774885800000,2074.3,2079.44,2074.3,2079.18,0.9481,2026-03-30 15:50:00
1774886100000,2075.09,2075.09,2075.09,2075.09,0.0009,2026-03-30 15:55:00
1774886400000,2074.4,2074.4,2066.94,2066.94,4.3137,2026-03-30 16:00:00
1774886700000,2068.39,2068.75,2067.25,2068.75,0.3066,2026-03-30 16:05:00
1774887000000,2069.09,2070.04,2068.89,2068.89,0.1046,2026-03-30 16:10:00
1774887300000,2066.86,2067.61,2066.54,2066.54,0.7734,2026-03-30 16:15:00
1774887600000,2064.56,2064.56,2063.33,2064.1,0.1505,2026-03-30 16:20:00
1774887900000,2064.1,2064.1,2064.1,2064.1,0.0,2026-03-30 16:25:00
1774888200000,2065.31,2065.31,2063.47,2063.47,0.7645,2026-03-30 16:30:00
1774888500000,2066.08,2067.17,2066.08,2067.17,0.0048,2026-03-30 16:35:00
1774888800000,2062.69,2062.98,2062.69,2062.98,0.3486,2026-03-30 16:40:00
1774889100000,2066.19,2067.33,2066.16,2067.33,1.244,2026-03-30 16:45:00
1774889400000,2064.37,2064.37,2060.13,2060.43,0.5891,2026-03-30 16:50:00
1774889700000,2060.69,2063.67,2060.49,2063.67,3.08,2026-03-30 16:55:00
1774890000000,2065.87,2070.66,2065.4,2065.4,0.7633,2026-03-30 17:00:00
1774890300000,2062.3,2066.0,2062.3,2065.46,2.5421,2026-03-30 17:05:00
1774890600000,2064.8,2064.8,2060.49,2060.49,1.5342,2026-03-30 17:10:00
1774890900000,2059.0,2059.0,2054.53,2054.62,0.7869,2026-03-30 17:15:00
1774891200000,2055.66,2056.67,2044.5,2046.61,14.4404,2026-03-30 17:20:00
1774891500000,2044.26,2044.26,2031.59,2040.2,7.5184,2026-03-30 17:25:00
1774891800000,2042.14,2042.97,2036.69,2038.79,0.8977,2026-03-30 17:30:00
1774892100000,2040.53,2043.94,2040.53,2043.48,1.2431,2026-03-30 17:35:00
1774892400000,2042.12,2046.15,2042.11,2046.15,3.9653,2026-03-30 17:40:00
1774892700000,2047.56,2048.71,2046.11,2048.71,1.347,2026-03-30 17:45:00
1774893000000,2044.73,2045.23,2044.0,2044.0,1.9785,2026-03-30 17:50:00
1774893300000,2043.73,2043.73,2039.23,2039.57,58.0053,2026-03-30 17:55:00
1774893600000,2041.27,2042.89,2039.25,2041.65,3.6107,2026-03-30 18:00:00
1774893900000,2039.29,2039.38,2036.97,2037.37,9.8238,2026-03-30 18:05:00
1774894200000,2037.08,2039.91,2037.08,2039.91,1.1474,2026-03-30 18:10:00
1774894500000,2038.67,2040.02,2038.48,2039.34,0.8203,2026-03-30 18:15:00
1774894800000,2040.13,2043.15,2035.0,2035.0,2.4433,2026-03-30 18:20:00
1774895100000,2034.13,2035.66,2033.74,2035.05,1.5121,2026-03-30 18:25:00
1774895400000,2035.0,2035.0,2031.24,2033.43,2.1013,2026-03-30 18:30:00
1774895700000,2038.47,2040.99,2037.77,2040.99,5.1178,2026-03-30 18:35:00
1774896000000,2034.54,2037.15,2034.54,2037.15,0.3731,2026-03-30 18:40:00
1774896300000,2038.4,2038.4,2032.03,2032.03,20.9146,2026-03-30 18:45:00
1774896600000,2031.36,2031.36,2029.96,2031.01,1.1135,2026-03-30 18:50:00
1774896900000,2030.9,2030.9,2029.23,2029.23,0.533,2026-03-30 18:55:00
1774897200000,2031.82,2031.82,2028.07,2029.14,1.1586,2026-03-30 19:00:00
1774897500000,2025.0,2025.91,2022.36,2024.01,1.3255,2026-03-30 19:05:00
1774897800000,2022.53,2022.53,2016.0,2019.77,3.6071,2026-03-30 19:10:00
1774898100000,2019.2,2019.2,2019.2,2019.2,10.01,2026-03-30 19:15:00
1774898400000,2020.67,2020.67,2014.7,2014.7,0.8011,2026-03-30 19:20:00
1774898700000,2015.41,2018.17,2015.41,2015.61,0.8043,2026-03-30 19:25:00
1774899000000,2017.58,2019.22,2016.77,2019.22,1.0795,2026-03-30 19:30:00
1774899300000,2017.01,2019.29,2017.01,2019.29,1.8186,2026-03-30 19:35:00
1774899600000,2017.14,2017.14,2017.14,2017.14,0.2724,2026-03-30 19:40:00
1774899900000,2019.95,2019.95,2019.95,2019.95,0.3269,2026-03-30 19:45:00
1774900200000,2022.92,2025.03,2022.92,2025.03,0.2254,2026-03-30 19:50:00
1774900500000,2026.63,2026.63,2026.63,2026.63,0.0122,2026-03-30 19:55:00
1774900800000,2024.36,2024.82,2024.36,2024.82,1.0058,2026-03-30 20:00:00
1774901100000,2024.82,2024.82,2024.82,2024.82,0.0,2026-03-30 20:05:00
1774901400000,2025.9,2026.44,2024.81,2024.81,0.2744,2026-03-30 20:10:00
1774901700000,2024.81,2024.81,2024.81,2024.81,0.0,2026-03-30 20:15:00
1774902000000,2025.88,2025.88,2025.88,2025.88,0.2546,2026-03-30 20:20:00
1774902300000,2025.88,2025.88,2025.88,2025.88,0.0,2026-03-30 20:25:00
1774902600000,2022.35,2022.45,2022.35,2022.45,1.5,2026-03-30 20:30:00
1774902900000,2022.45,2022.45,2022.45,2022.45,0.0,2026-03-30 20:35:00
1774903200000,2024.91,2024.91,2024.91,2024.91,0.0683,2026-03-30 20:40:00
1774903500000,2024.05,2024.65,2024.05,2024.65,0.4441,2026-03-30 20:45:00
1774903800000,2024.65,2024.65,2024.65,2024.65,0.0,2026-03-30 20:50:00
1774904100000,2024.65,2024.65,2024.65,2024.65,0.0,2026-03-30 20:55:00
1774904400000,2023.17,2023.17,2021.2,2021.2,1.7792,2026-03-30 21:00:00
1774904700000,2021.9,2026.0,2021.82,2026.0,0.8616,2026-03-30 21:05:00
1774905000000,2026.57,2038.5,2026.57,2038.5,3.2466,2026-03-30 21:10:00
1774905300000,2038.63,2038.63,2037.07,2037.07,1.2404,2026-03-30 21:15:00
1774905600000,2041.13,2048.07,2041.11,2047.74,6.0603,2026-03-30 21:20:00
1774905900000,2041.83,2042.38,2040.9,2041.4,8.1386,2026-03-30 21:25:00
1774906200000,2041.88,2042.68,2040.27,2042.3,81.894,2026-03-30 21:30:00
1774906500000,2042.3,2044.94,2041.09,2044.94,14.4372,2026-03-30 21:35:00
1774906800000,2043.08,2045.51,2041.99,2045.38,3.7527,2026-03-30 21:40:00
1774907100000,2042.34,2042.34,2042.34,2042.34,0.2685,2026-03-30 21:45:00
1774907400000,2042.34,2042.34,2042.34,2042.34,0.9985,2026-03-30 21:50:00
1774907700000,2040.24,2040.24,2036.57,2036.57,1.3205,2026-03-30 21:55:00
1774908000000,2035.77,2043.08,2035.77,2043.08,1.8694,2026-03-30 22:00:00
1774908300000,2042.97,2042.97,2035.43,2035.43,0.5303,2026-03-30 22:05:00
1774908600000,2034.0,2035.11,2032.34,2035.11,1.0042,2026-03-30 22:10:00
1774908900000,2034.4,2036.53,2033.17,2036.08,11.4941,2026-03-30 22:15:00
1774909200000,2035.86,2036.56,2034.99,2036.56,0.5461,2026-03-30 22:20:00
1774909500000,2037.85,2038.34,2035.82,2035.82,1.1624,2026-03-30 22:25:00
1774909800000,2035.66,2035.66,2035.21,2035.34,0.32,2026-03-30 22:30:00
1774910100000,2034.32,2036.01,2034.32,2036.01,0.0239,2026-03-30 22:35:00
1774910400000,2036.01,2036.01,2036.01,2036.01,0.0,2026-03-30 22:40:00
1774910700000,2030.81,2030.81,2029.96,2029.96,0.1642,2026-03-30 22:45:00
1774911000000,2029.96,2029.96,2029.96,2029.96,0.0,2026-03-30 22:50:00
1774911300000,2033.19,2033.19,2033.19,2033.19,0.0246,2026-03-30 22:55:00
1774911600000,2032.79,2032.79,2016.68,2020.44,4.7593,2026-03-30 23:00:00
1774911900000,2016.41,2020.05,2016.41,2016.92,1.3107,2026-03-30 23:05:00
1774912200000,2019.87,2019.87,2018.97,2018.98,0.5311,2026-03-30 23:10:00
1774912500000,2020.09,2022.1,2020.09,2021.83,1.5233,2026-03-30 23:15:00
1774912800000,2021.83,2021.83,2021.83,2021.83,0.0,2026-03-30 23:20:00
1774913100000,2024.97,2024.97,2024.87,2024.87,0.1158,2026-03-30 23:25:00
1774913400000,2025.59,2025.59,2025.59,2025.59,0.0041,2026-03-30 23:30:00
1774913700000,2026.22,2026.22,2025.5,2025.79,0.8008,2026-03-30 23:35:00
1774914000000,2025.79,2025.79,2025.79,2025.79,0.0,2026-03-30 23:40:00
1774914300000,2025.79,2025.79,2025.79,2025.79,0.0,2026-03-30 23:45:00
1774914600000,2025.79,2025.79,2025.79,2025.79,0.0,2026-03-30 23:50:00
1774914900000,2025.79,2025.79,2025.79,2025.79,0.0,2026-03-30 23:55:00
1774915200000,2027.24,2027.24,2024.09,2024.7,1.5712,2026-03-31 00:00:00
1774915500000,2024.08,2024.08,2024.08,2024.08,0.0351,2026-03-31 00:05:00
1774915800000,2019.38,2020.58,2019.38,2020.58,0.9016,2026-03-31 00:10:00
1774916100000,2020.85,2020.85,2018.4,2020.84,1.7029,2026-03-31 00:15:00
1774916400000,2022.43,2025.99,2020.69,2024.56,2.0787,2026-03-31 00:20:00
1774916700000,2025.43,2026.49,2024.43,2026.49,0.5213,2026-03-31 00:25:00
1774917000000,2027.09,2027.5,2024.48,2025.77,0.02,2026-03-31 00:30:00
1774917300000,2025.45,2029.96,2025.45,2029.95,1.0996,2026-03-31 00:35:00
1774917600000,2027.47,2029.69,2024.36,2029.69,0.7159,2026-03-31 00:40:00
1774917900000,2030.44,2039.95,2030.44,2039.01,1.1789,2026-03-31 00:45:00
1774918200000,2037.99,2037.99,2034.12,2035.15,0.4711,2026-03-31 00:50:00
1774918500000,2033.88,2033.88,2033.88,2033.88,0.0008,2026-03-31 00:55:00
1774918800000,2039.24,2040.98,2035.83,2035.83,2.4383,2026-03-31 01:00:00
1774919100000,2035.18,2035.18,2033.27,2033.65,0.0047,2026-03-31 01:05:00
1774919400000,2034.93,2038.02,2034.93,2038.02,23.8579,2026-03-31 01:10:00
1774919700000,2041.0,2045.84,2040.4,2045.84,0.9739,2026-03-31 01:15:00
1774920000000,2044.73,2057.34,2044.73,2057.13,2.6995,2026-03-31 01:20:00
1774920300000,2059.86,2062.28,2055.1,2061.59,3.333,2026-03-31 01:25:00
1774920600000,2062.65,2090.82,2059.69,2089.81,17.4332,2026-03-31 01:30:00
1774920900000,2087.43,2087.43,2076.31,2079.96,8.3847,2026-03-31 01:35:00
1774921200000,2080.77,2080.77,2072.84,2073.33,0.0293,2026-03-31 01:40:00
1774921500000,2075.29,2075.29,2069.95,2074.87,0.3277,2026-03-31 01:45:00
1774921800000,2073.63,2073.63,2073.63,2073.63,0.0963,2026-03-31 01:50:00
1774922100000,2075.08,2076.15,2074.86,2074.86,4.4641,2026-03-31 01:55:00
1774922400000,2073.28,2073.28,2066.71,2069.61,4.0313,2026-03-31 02:00:00
1774922700000,2074.68,2076.19,2074.68,2075.69,3.8112,2026-03-31 02:05:00
1774923000000,2074.59,2076.51,2074.59,2075.36,0.0162,2026-03-31 02:10:00
1774923300000,2078.49,2081.89,2076.52,2081.89,0.6912,2026-03-31 02:15:00
1774923600000,2080.1,2080.1,2080.1,2080.1,0.0242,2026-03-31 02:20:00
1774923900000,2080.95,2080.95,2077.4,2077.73,2.9247,2026-03-31 02:25:00
1774924200000,2075.76,2075.76,2075.76,2075.76,0.0242,2026-03-31 02:30:00
1774924500000,2075.76,2075.76,2075.76,2075.76,0.0,2026-03-31 02:35:00
1774924800000,2072.46,2073.19,2072.46,2073.19,0.0288,2026-03-31 02:40:00
1774925100000,2073.76,2075.05,2073.76,2075.05,0.2713,2026-03-31 02:45:00
1774925400000,2075.05,2075.05,2075.05,2075.05,0.0,2026-03-31 02:50:00
1774925700000,2075.26,2075.55,2075.25,2075.3,0.4524,2026-03-31 02:55:00
1774926000000,2069.73,2069.73,2069.73,2069.73,0.0094,2026-03-31 03:00:00
1774926300000,2074.42,2075.49,2074.42,2075.15,1.0503,2026-03-31 03:05:00
1774926600000,2074.56,2074.56,2072.48,2072.48,0.0474,2026-03-31 03:10:00
1774926900000,2072.83,2072.83,2072.83,2072.83,0.2677,2026-03-31 03:15:00
1774927200000,2067.77,2067.77,2066.67,2066.67,0.3438,2026-03-31 03:20:00
1774927500000,2066.67,2066.67,2066.67,2066.67,0.0,2026-03-31 03:25:00
1774927800000,2066.67,2066.67,2066.67,2066.67,0.0,2026-03-31 03:30:00
1774928100000,2064.0,2064.0,2062.63,2062.63,0.2792,2026-03-31 03:35:00
1774928400000,2062.31,2064.66,2062.02,2064.66,3.2101,2026-03-31 03:40:00
1774928700000,2063.96,2064.49,2063.96,2064.49,0.6184,2026-03-31 03:45:00
1774929000000,2067.89,2067.89,2066.6,2067.57,0.0425,2026-03-31 03:50:00
1774929300000,2067.57,2067.57,2067.57,2067.57,0.0,2026-03-31 03:55:00
1774929600000,2067.21,2068.14,2062.65,2065.27,2.5377,2026-03-31 04:00:00
1774929900000,2066.66,2069.87,2066.66,2068.83,2.1886,2026-03-31 04:05:00
1774930200000,2064.39,2064.63,2064.39,2064.63,0.2464,2026-03-31 04:10:00
1774930500000,2068.04,2068.04,2068.04,2068.04,0.0014,2026-03-31 04:15:00
1774930800000,2068.04,2068.04,2068.04,2068.04,0.0,2026-03-31 04:20:00
1774931100000,2062.51,2062.51,2058.33,2058.54,5.4627,2026-03-31 04:25:00
1774931400000,2061.71,2061.71,2061.71,2061.71,0.2711,2026-03-31 04:30:00
1774931700000,2061.71,2061.71,2061.71,2061.71,0.0,2026-03-31 04:35:00
1774932000000,2061.73,2061.73,2061.73,2061.73,0.0806,2026-03-31 04:40:00
1774932300000,2063.51,2063.51,2063.51,2063.51,0.0109,2026-03-31 04:45:00
1774932600000,2066.42,2066.42,2062.85,2062.85,2.0683,2026-03-31 04:50:00
1774932900000,2062.85,2062.85,2062.85,2062.85,0.0,2026-03-31 04:55:00
1774933200000,2060.0,2062.23,2059.46,2062.23,20.7886,2026-03-31 05:00:00
1774933500000,2061.95,2061.95,2061.95,2061.95,0.0233,2026-03-31 05:05:00
1774933800000,2059.22,2059.23,2056.0,2056.0,0.3366,2026-03-31 05:10:00
1774934100000,2055.38,2059.14,2055.38,2059.14,0.1906,2026-03-31 05:15:00
1774934400000,2061.68,2061.68,2061.68,2061.68,0.5198,2026-03-31 05:20:00
1774934700000,2061.68,2061.68,2061.68,2061.68,0.0,2026-03-31 05:25:00
1774935000000,2064.4,2066.67,2063.09,2066.67,0.0531,2026-03-31 05:30:00
1774935300000,2066.67,2066.67,2066.67,2066.67,0.0,2026-03-31 05:35:00
1774935600000,2064.9,2064.9,2064.71,2064.71,0.2618,2026-03-31 05:40:00
1774935900000,2066.78,2068.18,2066.35,2068.18,0.3098,2026-03-31 05:45:00
1774936200000,2067.93,2068.5,2067.93,2068.5,0.5149,2026-03-31 05:50:00
1774936500000,2063.42,2063.42,2063.42,2063.42,0.0031,2026-03-31 05:55:00
1774936800000,2063.16,2063.16,2061.74,2061.74,0.2601,2026-03-31 06:00:00
1774937100000,2062.47,2062.47,2059.83,2059.83,2.9414,2026-03-31 06:05:00
1774937400000,2059.49,2059.66,2059.49,2059.66,0.013,2026-03-31 06:10:00
1774937700000,2059.46,2059.46,2058.33,2058.33,0.7309,2026-03-31 06:15:00
1774938000000,2059.49,2059.49,2059.49,2059.49,0.0009,2026-03-31 06:20:00
1774938300000,2059.49,2059.49,2059.49,2059.49,0.0,2026-03-31 06:25:00
1774938600000,2057.29,2057.29,2057.29,2057.29,0.2067,2026-03-31 06:30:00
1774938900000,2057.29,2057.29,2057.29,2057.29,0.0,2026-03-31 06:35:00
1774939200000,2058.15,2058.31,2058.15,2058.31,0.0171,2026-03-31 06:40:00
1774939500000,2058.31,2058.31,2058.31,2058.31,0.0,2026-03-31 06:45:00
1774939800000,2061.05,2061.05,2061.05,2061.05,0.2213,2026-03-31 06:50:00
1774940100000,2061.05,2061.05,2061.05,2061.05,0.0,2026-03-31 06:55:00
1774940400000,2061.05,2061.05,2061.05,2061.05,0.0,2026-03-31 07:00:00
1774940700000,2059.98,2060.19,2058.31,2058.31,4.5952,2026-03-31 07:05:00
1774941000000,2055.38,2055.38,2051.04,2053.15,0.3395,2026-03-31 07:10:00
1774941300000,2050.0,2050.0,2043.06,2044.82,0.7893,2026-03-31 07:15:00
1774941600000,2045.51,2047.15,2042.86,2042.86,1.3078,2026-03-31 07:20:00
1774941900000,2044.46,2052.98,2042.88,2050.06,0.8972,2026-03-31 07:25:00
1774942200000,2048.78,2051.42,2048.78,2051.42,0.7606,2026-03-31 07:30:00
1774942500000,2050.78,2052.46,2050.78,2052.18,0.7636,2026-03-31 07:35:00
1774942800000,2052.56,2052.56,2052.56,2052.56,0.001,2026-03-31 07:40:00
1774943100000,2055.38,2056.55,2055.38,2056.55,0.1284,2026-03-31 07:45:00
1774943400000,2056.55,2056.55,2056.55,2056.55,0.0,2026-03-31 07:50:00
1774943700000,2055.12,2056.41,2055.12,2056.41,9.7385,2026-03-31 07:55:00
1774944000000,2057.34,2057.34,2057.34,2057.34,0.0507,2026-03-31 08:00:00
1774944300000,2056.94,2058.33,2056.94,2058.33,0.0154,2026-03-31 08:05:00
1774944600000,2058.33,2058.33,2058.33,2058.33,0.0,2026-03-31 08:10:00
1774944900000,2058.33,2058.33,2058.33,2058.33,0.0,2026-03-31 08:15:00
1774945200000,2059.07,2059.07,2059.07,2059.07,0.012,2026-03-31 08:20:00
1774945500000,2059.07,2059.07,2059.07,2059.07,0.0,2026-03-31 08:25:00
1774945800000,2050.0,2050.0,2050.0,2050.0,0.0025,2026-03-31 08:30:00
1774946100000,2050.0,2050.0,2050.0,2050.0,0.0,2026-03-31 08:35:00
1774946400000,2046.79,2046.79,2041.67,2041.73,0.4527,2026-03-31 08:40:00
1774946700000,2040.13,2041.98,2037.36,2041.98,0.6781,2026-03-31 08:45:00
1774947000000,2040.94,2040.94,2040.94,2040.94,0.2628,2026-03-31 08:50:00
1774947300000,2041.07,2041.15,2041.07,2041.15,0.0529,2026-03-31 08:55:00
1774947600000,2041.15,2041.15,2041.15,2041.15,0.0,2026-03-31 09:00:00
1774947900000,2042.42,2043.44,2042.42,2042.52,0.5258,2026-03-31 09:05:00
1774948200000,2037.99,2037.99,2034.0,2036.87,0.0607,2026-03-31 09:10:00
1774948500000,2037.28,2037.28,2028.08,2029.98,8.7379,2026-03-31 09:15:00
1774948800000,2028.07,2030.2,2026.27,2026.27,11.2247,2026-03-31 09:20:00
1774949100000,2025.11,2027.96,2024.06,2026.05,0.7703,2026-03-31 09:25:00
1774949400000,2024.62,2028.12,2024.62,2028.12,1.473,2026-03-31 09:30:00
1774949700000,2026.81,2027.12,2026.81,2027.12,1.4295,2026-03-31 09:35:00
1774950000000,2029.55,2030.34,2028.43,2030.34,1.2451,2026-03-31 09:40:00
1774950300000,2028.41,2028.41,2028.41,2028.41,0.2462,2026-03-31 09:45:00
1774950600000,2025.15,2025.15,2025.14,2025.14,6.6435,2026-03-31 09:50:00
1774950900000,2023.04,2023.04,2012.86,2012.86,1.6827,2026-03-31 09:55:00
1774951200000,2012.86,2012.86,2012.86,2012.86,0.0,2026-03-31 10:00:00
1774951500000,2023.74,2023.74,2023.74,2023.74,0.0049,2026-03-31 10:05:00
1774951800000,2024.37,2024.37,2024.37,2024.37,0.0123,2026-03-31 10:10:00
1774952100000,2025.11,2027.66,2025.11,2027.66,0.0394,2026-03-31 10:15:00
1774952400000,2026.53,2026.53,2025.92,2025.92,1.0991,2026-03-31 10:20:00
1774952700000,2025.1,2025.1,2025.1,2025.1,0.0194,2026-03-31 10:25:00
1774953000000,2026.54,2026.54,2026.54,2026.54,0.0048,2026-03-31 10:30:00
1774953300000,2024.62,2026.16,2021.02,2021.02,2.0089,2026-03-31 10:35:00
1774953600000,2021.02,2021.02,2021.02,2021.02,0.0,2026-03-31 10:40:00
1774953900000,2021.02,2021.02,2021.02,2021.02,0.0,2026-03-31 10:45:00
1774954200000,2028.61,2029.14,2027.89,2029.14,1.4517,2026-03-31 10:50:00
1774954500000,2027.02,2027.02,2027.02,2027.02,0.0041,2026-03-31 10:55:00
1774954800000,2025.7,2025.7,2025.7,2025.7,0.0098,2026-03-31 11:00:00
1774955100000,2027.68,2027.68,2023.63,2023.63,0.6384,2026-03-31 11:05:00
1774955400000,2024.97,2033.79,2024.97,2031.28,4.3218,2026-03-31 11:10:00
1774955700000,2035.15,2041.71,2034.74,2037.99,2.0538,2026-03-31 11:15:00
1774956000000,2037.6,2037.6,2037.6,2037.6,0.2529,2026-03-31 11:20:00
1774956300000,2040.54,2040.54,2037.35,2037.35,0.5463,2026-03-31 11:25:00
1774956600000,2037.9,2037.9,2037.9,2037.9,0.0612,2026-03-31 11:30:00
1774956900000,2039.78,2043.61,2039.78,2043.61,2.8116,2026-03-31 11:35:00
1774957200000,2039.21,2039.21,2039.21,2039.21,0.0038,2026-03-31 11:40:00
1774957500000,2042.17,2042.17,2037.94,2037.94,0.0489,2026-03-31 11:45:00
1774957800000,2037.94,2037.94,2037.94,2037.94,0.0,2026-03-31 11:50:00
1774958100000,2037.94,2037.94,2037.94,2037.94,0.0,2026-03-31 11:55:00
1774958400000,2042.76,2046.91,2042.76,2045.36,0.5341,2026-03-31 12:00:00
1774958700000,2043.72,2043.72,2043.72,2043.72,0.0024,2026-03-31 12:05:00
1774959000000,2041.12,2041.12,2039.18,2039.18,0.9827,2026-03-31 12:10:00
1774959300000,2038.38,2046.58,2036.77,2046.58,0.8119,2026-03-31 12:15:00
1774959600000,2046.58,2046.58,2046.58,2046.58,0.0,2026-03-31 12:20:00
1774959900000,2045.43,2050.01,2045.43,2050.01,0.8295,2026-03-31 12:25:00
1774960200000,2053.01,2053.01,2050.93,2050.93,0.1267,2026-03-31 12:30:00
1774960500000,2052.73,2055.79,2052.73,2055.79,0.1515,2026-03-31 12:35:00
1774960800000,2055.79,2055.79,2055.79,2055.79,0.0,2026-03-31 12:40:00
1774961100000,2057.34,2057.34,2046.42,2047.9,0.4736,2026-03-31 12:45:00
1774961400000,2047.9,2047.9,2047.9,2047.9,0.0,2026-03-31 12:50:00
1774961700000,2046.99,2046.99,2046.99,2046.99,0.0111,2026-03-31 12:55:00
1774962000000,2049.37,2050.43,2049.37,2050.43,0.3059,2026-03-31 13:00:00
1774962300000,2051.99,2055.71,2051.99,2055.71,0.0212,2026-03-31 13:05:00
1774962600000,2058.0,2060.08,2058.0,2060.08,1.6072,2026-03-31 13:10:00
1774962900000,2061.16,2063.6,2061.16,2063.26,0.6265,2026-03-31 13:15:00
1774963200000,2063.26,2063.26,2063.26,2063.26,0.0,2026-03-31 13:20:00
1774963500000,2063.26,2063.26,2063.26,2063.26,0.0,2026-03-31 13:25:00
1774963800000,2063.26,2066.16,2058.72,2059.03,7.3264,2026-03-31 13:30:00
1774964100000,2063.64,2066.17,2059.87,2063.12,20.309,2026-03-31 13:35:00
1774964400000,2066.55,2067.9,2066.55,2067.62,2.7579,2026-03-31 13:40:00
1774964700000,2069.56,2073.59,2069.4,2073.59,8.7818,2026-03-31 13:45:00
1774965000000,2073.62,2079.22,2073.62,2076.17,4.3063,2026-03-31 13:50:00
1774965300000,2076.14,2078.71,2073.71,2074.86,18.9438,2026-03-31 13:55:00
1774965600000,2075.52,2084.94,2075.0,2075.0,6.5935,2026-03-31 14:00:00
1774965900000,2071.96,2071.96,2067.96,2069.96,9.8812,2026-03-31 14:05:00
1774966200000,2075.13,2079.35,2074.18,2079.11,0.7529,2026-03-31 14:10:00
1774966500000,2081.36,2091.03,2081.0,2089.08,4.3006,2026-03-31 14:15:00
1774966800000,2086.17,2087.19,2085.31,2087.19,1.5692,2026-03-31 14:20:00
1774967100000,2082.64,2083.07,2081.91,2083.07,14.826,2026-03-31 14:25:00
1774967400000,2088.39,2088.39,2082.7,2083.41,4.5859,2026-03-31 14:30:00
1774967700000,2075.0,2075.0,2071.58,2071.58,1.0366,2026-03-31 14:35:00
1774968000000,2071.17,2071.17,2063.23,2064.79,12.4636,2026-03-31 14:40:00
1774968300000,2067.53,2067.53,2053.29,2053.29,1.084,2026-03-31 14:45:00
1774968600000,2056.06,2056.06,2040.38,2040.38,8.9687,2026-03-31 14:50:00
1774968900000,2043.25,2043.25,2039.52,2041.62,0.813,2026-03-31 14:55:00
