timestamp,open,high,low,close,volume,date
1772377200000,9.01,9.01,9.01,9.01,0.0,2026-03-01 15:00:00
1772377500000,8.96,8.96,8.92,8.92,14.13,2026-03-01 15:05:00
1772377800000,8.92,8.92,8.92,8.92,0.0,2026-03-01 15:10:00
1772378100000,8.92,8.92,8.92,8.92,0.0,2026-03-01 15:15:00
1772378400000,8.96,8.96,8.96,8.96,272.18,2026-03-01 15:20:00
1772378700000,8.96,8.96,8.96,8.96,0.0,2026-03-01 15:25:00
1772379000000,8.96,8.96,8.96,8.96,0.0,2026-03-01 15:30:00
1772379300000,8.96,8.96,8.96,8.96,0.0,2026-03-01 15:35:00
1772379600000,8.96,8.96,8.96,8.96,0.0,2026-03-01 15:40:00
1772379900000,8.96,8.96,8.96,8.96,2.44,2026-03-01 15:45:00
1772380200000,8.96,8.96,8.96,8.96,0.0,2026-03-01 15:50:00
1772380500000,8.96,8.96,8.96,8.96,0.0,2026-03-01 15:55:00
1772380800000,8.95,8.95,8.95,8.95,0.84,2026-03-01 16:00:00
1772381100000,8.95,8.95,8.95,8.95,0.0,2026-03-01 16:05:00
1772381400000,8.95,8.95,8.95,8.95,0.0,2026-03-01 16:10:00
1772381700000,8.95,8.95,8.95,8.95,0.0,2026-03-01 16:15:00
1772382000000,8.95,8.95,8.95,8.95,0.0,2026-03-01 16:20:00
1772382300000,8.95,8.95,8.95,8.95,0.0,2026-03-01 16:25:00
1772382600000,8.95,8.95,8.95,8.95,0.0,2026-03-01 16:30:00
1772382900000,8.95,8.95,8.95,8.95,0.0,2026-03-01 16:35:00
1772383200000,8.95,8.95,8.95,8.95,0.0,2026-03-01 16:40:00
1772383500000,8.92,8.92,8.81,8.81,415.8,2026-03-01 16:45:00
1772383800000,8.81,8.81,8.81,8.81,2.3,2026-03-01 16:50:00
1772384100000,8.81,8.81,8.81,8.81,0.0,2026-03-01 16:55:00
1772384400000,8.81,8.81,8.81,8.81,0.0,2026-03-01 17:00:00
1772384700000,8.81,8.81,8.81,8.81,0.0,2026-03-01 17:05:00
1772385000000,8.84,8.84,8.78,8.78,43.84,2026-03-01 17:10:00
1772385300000,8.78,8.78,8.78,8.78,0.0,2026-03-01 17:15:00
1772385600000,8.73,8.73,8.73,8.73,30.0,2026-03-01 17:20:00
1772385900000,8.73,8.73,8.73,8.73,0.0,2026-03-01 17:25:00
1772386200000,8.78,8.79,8.78,8.79,2.86,2026-03-01 17:30:00
1772386500000,8.79,8.79,8.79,8.79,0.0,2026-03-01 17:35:00
1772386800000,8.79,8.79,8.79,8.79,0.0,2026-03-01 17:40:00
1772387100000,8.79,8.79,8.79,8.79,0.0,2026-03-01 17:45:00
1772387400000,8.79,8.79,8.79,8.79,0.0,2026-03-01 17:50:00
1772387700000,8.79,8.79,8.79,8.79,0.0,2026-03-01 17:55:00
1772388000000,8.79,8.79,8.79,8.79,0.0,2026-03-01 18:00:00
1772388300000,8.79,8.79,8.79,8.79,0.0,2026-03-01 18:05:00
1772388600000,8.79,8.79,8.79,8.79,0.0,2026-03-01 18:10:00
1772388900000,8.86,8.86,8.86,8.86,10.99,2026-03-01 18:15:00
1772389200000,8.86,8.86,8.86,8.86,0.0,2026-03-01 18:20:00
1772389500000,8.86,8.86,8.86,8.86,0.0,2026-03-01 18:25:00
1772389800000,8.86,8.86,8.86,8.86,0.0,2026-03-01 18:30:00
1772390100000,8.86,8.86,8.86,8.86,0.0,2026-03-01 18:35:00
1772390400000,8.86,8.86,8.86,8.86,0.0,2026-03-01 18:40:00
1772390700000,8.85,8.85,8.85,8.85,0.61,2026-03-01 18:45:00
1772391000000,8.85,8.85,8.85,8.85,0.0,2026-03-01 18:50:00
1772391300000,8.85,8.85,8.85,8.85,0.0,2026-03-01 18:55:00
1772391600000,8.85,8.85,8.85,8.85,0.0,2026-03-01 19:00:00
1772391900000,8.8,8.8,8.8,8.8,2.83,2026-03-01 19:05:00
1772392200000,8.77,8.77,8.76,8.76,2.77,2026-03-01 19:10:00
1772392500000,8.76,8.76,8.75,8.75,21.6,2026-03-01 19:15:00
1772392800000,8.75,8.75,8.75,8.75,0.0,2026-03-01 19:20:00
1772393100000,8.72,8.72,8.72,8.72,15.01,2026-03-01 19:25:00
1772393400000,8.72,8.72,8.72,8.72,0.0,2026-03-01 19:30:00
1772393700000,8.72,8.72,8.72,8.72,0.0,2026-03-01 19:35:00
1772394000000,8.72,8.72,8.72,8.72,0.0,2026-03-01 19:40:00
1772394300000,8.72,8.72,8.72,8.72,0.0,2026-03-01 19:45:00
1772394600000,8.72,8.72,8.72,8.72,0.0,2026-03-01 19:50:00
1772394900000,8.71,8.71,8.68,8.68,2.17,2026-03-01 19:55:00
1772395200000,8.68,8.68,8.68,8.68,0.0,2026-03-01 20:00:00
1772395500000,8.67,8.67,8.66,8.66,4.17,2026-03-01 20:05:00
1772395800000,8.65,8.66,8.63,8.63,17.55,2026-03-01 20:10:00
1772396100000,8.63,8.63,8.63,8.63,0.0,2026-03-01 20:15:00
1772396400000,8.63,8.63,8.63,8.63,0.0,2026-03-01 20:20:00
1772396700000,8.63,8.63,8.63,8.63,0.0,2026-03-01 20:25:00
1772397000000,8.59,8.59,8.56,8.56,28.96,2026-03-01 20:30:00
1772397300000,8.61,8.61,8.58,8.58,299.29,2026-03-01 20:35:00
1772397600000,8.55,8.55,8.53,8.53,2.49,2026-03-01 20:40:00
1772397900000,8.53,8.53,8.53,8.53,0.0,2026-03-01 20:45:00
1772398200000,8.53,8.53,8.53,8.53,0.0,2026-03-01 20:50:00
1772398500000,8.53,8.53,8.53,8.53,0.0,2026-03-01 20:55:00
1772398800000,8.53,8.53,8.53,8.53,0.0,2026-03-01 21:00:00
1772399100000,8.53,8.53,8.53,8.53,0.0,2026-03-01 21:05:00
1772399400000,8.53,8.53,8.53,8.53,0.0,2026-03-01 21:10:00
1772399700000,8.56,8.58,8.56,8.58,14.6,2026-03-01 21:15:00
1772400000000,8.58,8.58,8.58,8.58,0.0,2026-03-01 21:20:00
1772400300000,8.58,8.58,8.58,8.58,0.0,2026-03-01 21:25:00
1772400600000,8.62,8.62,8.61,8.61,2.04,2026-03-01 21:30:00
1772400900000,8.61,8.61,8.61,8.61,0.0,2026-03-01 21:35:00
1772401200000,8.61,8.61,8.61,8.61,0.0,2026-03-01 21:40:00
1772401500000,8.61,8.61,8.61,8.61,0.0,2026-03-01 21:45:00
1772401800000,8.61,8.61,8.61,8.61,0.0,2026-03-01 21:50:00
1772402100000,8.61,8.61,8.61,8.61,0.0,2026-03-01 21:55:00
1772402400000,8.61,8.61,8.61,8.61,0.0,2026-03-01 22:00:00
1772402700000,8.61,8.61,8.61,8.61,0.0,2026-03-01 22:05:00
1772403000000,8.76,8.76,8.76,8.76,9.15,2026-03-01 22:10:00
1772403300000,8.76,8.76,8.76,8.76,0.0,2026-03-01 22:15:00
1772403600000,8.76,8.76,8.76,8.76,0.0,2026-03-01 22:20:00
1772403900000,8.7,8.7,8.7,8.7,2.69,2026-03-01 22:25:00
1772404200000,8.65,8.65,8.65,8.65,0.53,2026-03-01 22:30:00
1772404500000,8.65,8.65,8.65,8.65,0.0,2026-03-01 22:35:00
1772404800000,8.65,8.65,8.65,8.65,0.0,2026-03-01 22:40:00
1772405100000,8.65,8.65,8.65,8.65,0.0,2026-03-01 22:45:00
1772405400000,8.65,8.65,8.65,8.65,0.0,2026-03-01 22:50:00
1772405700000,8.63,8.63,8.63,8.63,1.51,2026-03-01 22:55:00
1772406000000,8.6,8.61,8.57,8.61,2.56,2026-03-01 23:00:00
1772406300000,8.65,8.7,8.65,8.7,1.06,2026-03-01 23:05:00
1772406600000,8.7,8.7,8.7,8.7,0.57,2026-03-01 23:10:00
1772406900000,8.7,8.7,8.7,8.7,0.0,2026-03-01 23:15:00
1772407200000,8.7,8.7,8.7,8.7,0.0,2026-03-01 23:20:00
1772407500000,8.7,8.7,8.7,8.7,0.0,2026-03-01 23:25:00
1772407800000,8.65,8.65,8.65,8.65,0.53,2026-03-01 23:30:00
1772408100000,8.65,8.65,8.65,8.65,0.0,2026-03-01 23:35:00
1772408400000,8.65,8.65,8.65,8.65,0.0,2026-03-01 23:40:00
1772408700000,8.66,8.66,8.66,8.66,3.0,2026-03-01 23:45:00
1772409000000,8.67,8.67,8.67,8.67,18.38,2026-03-01 23:50:00
1772409300000,8.68,8.68,8.68,8.68,10.92,2026-03-01 23:55:00
1772409600000,8.68,8.68,8.68,8.68,0.0,2026-03-02 00:00:00
1772409900000,8.68,8.68,8.68,8.68,0.0,2026-03-02 00:05:00
1772410200000,8.7,8.7,8.7,8.7,0.53,2026-03-02 00:10:00
1772410500000,8.67,8.68,8.67,8.68,0.31,2026-03-02 00:15:00
1772410800000,8.68,8.68,8.66,8.68,6.21,2026-03-02 00:20:00
1772411100000,8.68,8.68,8.68,8.68,1.24,2026-03-02 00:25:00
1772411400000,8.66,8.68,8.66,8.68,0.51,2026-03-02 00:30:00
1772411700000,8.71,8.71,8.71,8.71,0.14,2026-03-02 00:35:00
1772412000000,8.75,8.75,8.75,8.75,0.53,2026-03-02 00:40:00
1772412300000,8.78,8.78,8.78,8.78,15.24,2026-03-02 00:45:00
1772412600000,8.78,8.78,8.78,8.78,0.0,2026-03-02 00:50:00
1772412900000,8.77,8.77,8.77,8.77,0.14,2026-03-02 00:55:00
1772413200000,8.77,8.77,8.77,8.77,0.0,2026-03-02 01:00:00
1772413500000,8.81,8.81,8.81,8.81,0.52,2026-03-02 01:05:00
1772413800000,8.83,8.89,8.83,8.89,9.03,2026-03-02 01:10:00
1772414100000,8.89,8.89,8.89,8.89,0.0,2026-03-02 01:15:00
1772414400000,8.81,8.81,8.79,8.79,2.27,2026-03-02 01:20:00
1772414700000,8.79,8.79,8.79,8.79,0.0,2026-03-02 01:25:00
1772415000000,8.79,8.79,8.79,8.79,0.0,2026-03-02 01:30:00
1772415300000,8.79,8.79,8.79,8.79,0.0,2026-03-02 01:35:00
1772415600000,8.79,8.79,8.79,8.79,0.0,2026-03-02 01:40:00
1772415900000,8.76,8.76,8.76,8.76,4.0,2026-03-02 01:45:00
1772416200000,8.79,8.79,8.77,8.77,5.56,2026-03-02 01:50:00
1772416500000,8.8,8.8,8.8,8.8,1.29,2026-03-02 01:55:00
1772416800000,8.8,8.8,8.77,8.78,3.77,2026-03-02 02:00:00
1772417100000,8.75,8.75,8.75,8.75,0.53,2026-03-02 02:05:00
1772417400000,8.7,8.7,8.7,8.7,0.53,2026-03-02 02:10:00
1772417700000,8.7,8.7,8.7,8.7,0.0,2026-03-02 02:15:00
1772418000000,8.7,8.7,8.7,8.7,0.0,2026-03-02 02:20:00
1772418300000,8.7,8.7,8.7,8.7,0.0,2026-03-02 02:25:00
1772418600000,8.75,8.75,8.75,8.75,0.53,2026-03-02 02:30:00
1772418900000,8.75,8.75,8.75,8.75,1.48,2026-03-02 02:35:00
1772419200000,8.75,8.75,8.75,8.75,0.0,2026-03-02 02:40:00
1772419500000,8.75,8.75,8.75,8.75,0.0,2026-03-02 02:45:00
1772419800000,8.75,8.75,8.75,8.75,0.0,2026-03-02 02:50:00
1772420100000,8.75,8.75,8.75,8.75,0.0,2026-03-02 02:55:00
1772420400000,8.76,8.76,8.76,8.76,6.83,2026-03-02 03:00:00
1772420700000,8.76,8.76,8.76,8.76,0.0,2026-03-02 03:05:00
1772421000000,8.76,8.76,8.76,8.76,0.0,2026-03-02 03:10:00
1772421300000,8.76,8.76,8.76,8.76,0.0,2026-03-02 03:15:00
1772421600000,8.81,8.81,8.81,8.81,0.53,2026-03-02 03:20:00
1772421900000,8.85,8.85,8.85,8.85,1.43,2026-03-02 03:25:00
1772422200000,8.82,8.82,8.82,8.82,1.42,2026-03-02 03:30:00
1772422500000,8.82,8.82,8.82,8.82,0.0,2026-03-02 03:35:00
1772422800000,8.82,8.82,8.82,8.82,0.0,2026-03-02 03:40:00
1772423100000,8.82,8.82,8.82,8.82,0.0,2026-03-02 03:45:00
1772423400000,8.82,8.82,8.82,8.82,0.0,2026-03-02 03:50:00
1772423700000,8.82,8.82,8.82,8.82,0.0,2026-03-02 03:55:00
1772424000000,8.82,8.82,8.82,8.82,0.0,2026-03-02 04:00:00
1772424300000,8.83,8.83,8.83,8.83,1.13,2026-03-02 04:05:00
1772424600000,8.83,8.83,8.83,8.83,0.0,2026-03-02 04:10:00
1772424900000,8.83,8.83,8.83,8.83,0.0,2026-03-02 04:15:00
1772425200000,8.83,8.83,8.83,8.83,0.0,2026-03-02 04:20:00
1772425500000,8.83,8.83,8.83,8.83,0.0,2026-03-02 04:25:00
1772425800000,8.83,8.83,8.83,8.83,0.0,2026-03-02 04:30:00
1772426100000,8.83,8.83,8.83,8.83,0.0,2026-03-02 04:35:00
1772426400000,8.83,8.83,8.83,8.83,0.0,2026-03-02 04:40:00
1772426700000,8.83,8.83,8.83,8.83,0.0,2026-03-02 04:45:00
1772427000000,8.83,8.83,8.83,8.83,0.0,2026-03-02 04:50:00
1772427300000,8.83,8.83,8.83,8.83,0.0,2026-03-02 04:55:00
1772427600000,8.79,8.79,8.79,8.79,0.57,2026-03-02 05:00:00
1772427900000,8.76,8.77,8.76,8.77,1.77,2026-03-02 05:05:00
1772428200000,8.76,8.76,8.76,8.76,1.42,2026-03-02 05:10:00
1772428500000,8.79,8.79,8.77,8.79,1.01,2026-03-02 05:15:00
1772428800000,8.79,8.79,8.79,8.79,0.0,2026-03-02 05:20:00
1772429100000,8.79,8.79,8.79,8.79,1.24,2026-03-02 05:25:00
1772429400000,8.78,8.78,8.78,8.78,1.23,2026-03-02 05:30:00
1772429700000,8.78,8.78,8.78,8.78,0.0,2026-03-02 05:35:00
1772430000000,8.84,8.84,8.84,8.84,1.31,2026-03-02 05:40:00
1772430300000,8.84,8.84,8.84,8.84,0.0,2026-03-02 05:45:00
1772430600000,8.81,8.81,8.81,8.81,1.31,2026-03-02 05:50:00
1772430900000,8.83,8.83,8.83,8.83,0.92,2026-03-02 05:55:00
1772431200000,8.83,8.83,8.83,8.83,0.0,2026-03-02 06:00:00
1772431500000,8.77,8.77,8.77,8.77,0.91,2026-03-02 06:05:00
1772431800000,8.79,8.79,8.79,8.79,1.14,2026-03-02 06:10:00
1772432100000,8.79,8.79,8.69,8.69,85.37,2026-03-02 06:15:00
1772432400000,8.69,8.69,8.69,8.69,0.0,2026-03-02 06:20:00
1772432700000,8.71,8.72,8.71,8.72,1.57,2026-03-02 06:25:00
1772433000000,8.72,8.72,8.72,8.72,1.23,2026-03-02 06:30:00
1772433300000,8.69,8.69,8.69,8.69,2.45,2026-03-02 06:35:00
1772433600000,8.69,8.69,8.69,8.69,0.0,2026-03-02 06:40:00
1772433900000,8.69,8.69,8.69,8.69,0.0,2026-03-02 06:45:00
1772434200000,8.7,8.7,8.68,8.68,2.79,2026-03-02 06:50:00
1772434500000,8.68,8.68,8.68,8.68,0.0,2026-03-02 06:55:00
1772434800000,8.68,8.7,8.67,8.67,108.0,2026-03-02 07:00:00
1772435100000,8.65,8.65,8.65,8.65,0.53,2026-03-02 07:05:00
1772435400000,8.65,8.65,8.65,8.65,0.0,2026-03-02 07:10:00
1772435700000,8.63,8.65,8.63,8.65,2.35,2026-03-02 07:15:00
1772436000000,8.64,8.64,8.64,8.64,1.99,2026-03-02 07:20:00
1772436300000,8.64,8.64,8.64,8.64,0.0,2026-03-02 07:25:00
1772436600000,8.64,8.64,8.64,8.64,0.0,2026-03-02 07:30:00
1772436900000,8.66,8.68,8.66,8.68,3.82,2026-03-02 07:35:00
1772437200000,8.67,8.67,8.67,8.67,2.41,2026-03-02 07:40:00
1772437500000,8.67,8.67,8.67,8.67,0.0,2026-03-02 07:45:00
1772437800000,8.68,8.68,8.68,8.68,1.2,2026-03-02 07:50:00
1772438100000,8.67,8.67,8.67,8.67,1.19,2026-03-02 07:55:00
1772438400000,8.67,8.67,8.65,8.65,3.81,2026-03-02 08:00:00
1772438700000,8.65,8.65,8.65,8.65,0.0,2026-03-02 08:05:00
1772439000000,8.65,8.65,8.65,8.65,0.0,2026-03-02 08:10:00
1772439300000,8.65,8.65,8.65,8.65,0.0,2026-03-02 08:15:00
1772439600000,8.65,8.65,8.65,8.65,0.0,2026-03-02 08:20:00
1772439900000,8.6,8.6,8.6,8.6,0.53,2026-03-02 08:25:00
1772440200000,8.6,8.6,8.6,8.6,0.0,2026-03-02 08:30:00
1772440500000,8.6,8.6,8.6,8.6,0.0,2026-03-02 08:35:00
1772440800000,8.65,8.65,8.65,8.65,0.53,2026-03-02 08:40:00
1772441100000,8.66,8.66,8.66,8.66,0.34,2026-03-02 08:45:00
1772441400000,8.7,8.7,8.7,8.7,0.53,2026-03-02 08:50:00
1772441700000,8.7,8.7,8.7,8.7,0.0,2026-03-02 08:55:00
1772442000000,8.7,8.7,8.7,8.7,0.0,2026-03-02 09:00:00
1772442300000,8.7,8.7,8.7,8.7,0.0,2026-03-02 09:05:00
1772442600000,8.7,8.7,8.7,8.7,0.0,2026-03-02 09:10:00
1772442900000,8.7,8.7,8.7,8.7,0.0,2026-03-02 09:15:00
1772443200000,8.73,8.75,8.73,8.75,5.03,2026-03-02 09:20:00
1772443500000,8.75,8.75,8.75,8.75,0.0,2026-03-02 09:25:00
1772443800000,8.75,8.75,8.75,8.75,0.0,2026-03-02 09:30:00
1772444100000,8.75,8.75,8.75,8.75,0.0,2026-03-02 09:35:00
1772444400000,8.75,8.75,8.75,8.75,0.0,2026-03-02 09:40:00
1772444700000,8.75,8.75,8.75,8.75,0.0,2026-03-02 09:45:00
1772445000000,8.7,8.7,8.7,8.7,0.53,2026-03-02 09:50:00
1772445300000,8.7,8.7,8.7,8.7,0.0,2026-03-02 09:55:00
1772445600000,8.7,8.7,8.7,8.7,0.0,2026-03-02 10:00:00
1772445900000,8.7,8.7,8.7,8.7,0.0,2026-03-02 10:05:00
1772446200000,8.7,8.7,8.7,8.7,0.0,2026-03-02 10:10:00
1772446500000,8.7,8.7,8.7,8.7,0.0,2026-03-02 10:15:00
1772446800000,8.7,8.7,8.7,8.7,0.0,2026-03-02 10:20:00
1772447100000,8.7,8.7,8.7,8.7,0.0,2026-03-02 10:25:00
1772447400000,8.7,8.7,8.7,8.7,0.0,2026-03-02 10:30:00
1772447700000,8.7,8.7,8.7,8.7,0.0,2026-03-02 10:35:00
1772448000000,8.68,8.68,8.68,8.68,18.54,2026-03-02 10:40:00
1772448300000,8.68,8.68,8.68,8.68,0.0,2026-03-02 10:45:00
1772448600000,8.68,8.68,8.68,8.68,0.0,2026-03-02 10:50:00
1772448900000,8.68,8.68,8.68,8.68,0.0,2026-03-02 10:55:00
1772449200000,8.68,8.68,8.68,8.68,0.0,2026-03-02 11:00:00
1772449500000,8.68,8.68,8.68,8.68,0.0,2026-03-02 11:05:00
1772449800000,8.68,8.68,8.68,8.68,0.0,2026-03-02 11:10:00
1772450100000,8.68,8.68,8.68,8.68,0.0,2026-03-02 11:15:00
1772450400000,8.68,8.68,8.68,8.68,0.0,2026-03-02 11:20:00
1772450700000,8.68,8.68,8.68,8.68,0.0,2026-03-02 11:25:00
1772451000000,8.68,8.68,8.68,8.68,0.0,2026-03-02 11:30:00
1772451300000,8.68,8.68,8.68,8.68,0.0,2026-03-02 11:35:00
1772451600000,8.68,8.68,8.68,8.68,0.0,2026-03-02 11:40:00
1772451900000,8.68,8.68,8.68,8.68,0.0,2026-03-02 11:45:00
1772452200000,8.68,8.68,8.68,8.68,0.0,2026-03-02 11:50:00
1772452500000,8.68,8.68,8.68,8.68,0.0,2026-03-02 11:55:00
1772452800000,8.71,8.71,8.71,8.71,11.47,2026-03-02 12:00:00
1772453100000,8.7,8.7,8.7,8.7,2.86,2026-03-02 12:05:00
1772453400000,8.7,8.7,8.7,8.7,0.0,2026-03-02 12:10:00
1772453700000,8.7,8.7,8.7,8.7,0.0,2026-03-02 12:15:00
1772454000000,8.7,8.7,8.7,8.7,0.0,2026-03-02 12:20:00
1772454300000,8.7,8.7,8.7,8.7,0.0,2026-03-02 12:25:00
1772454600000,8.7,8.7,8.7,8.7,0.0,2026-03-02 12:30:00
1772454900000,8.66,8.66,8.66,8.66,1.73,2026-03-02 12:35:00
1772455200000,8.65,8.65,8.63,8.63,782.39,2026-03-02 12:40:00
1772455500000,8.63,8.63,8.63,8.63,0.0,2026-03-02 12:45:00
1772455800000,8.63,8.63,8.63,8.63,0.0,2026-03-02 12:50:00
1772456100000,8.63,8.63,8.63,8.63,0.0,2026-03-02 12:55:00
1772456400000,8.63,8.63,8.63,8.63,0.0,2026-03-02 13:00:00
1772456700000,8.63,8.63,8.63,8.63,0.0,2026-03-02 13:05:00
1772457000000,8.63,8.63,8.63,8.63,0.0,2026-03-02 13:10:00
1772457300000,8.63,8.63,8.63,8.63,0.0,2026-03-02 13:15:00
1772457600000,8.63,8.63,8.63,8.63,0.0,2026-03-02 13:20:00
1772457900000,8.63,8.63,8.63,8.63,0.0,2026-03-02 13:25:00
1772458200000,8.63,8.63,8.63,8.63,0.0,2026-03-02 13:30:00
1772458500000,8.63,8.63,8.63,8.63,0.0,2026-03-02 13:35:00
1772458800000,8.63,8.63,8.63,8.63,0.0,2026-03-02 13:40:00
1772459100000,8.63,8.63,8.63,8.63,0.0,2026-03-02 13:45:00
1772459400000,8.63,8.63,8.63,8.63,0.0,2026-03-02 13:50:00
1772459700000,8.63,8.63,8.63,8.63,0.0,2026-03-02 13:55:00
1772460000000,8.6,8.6,8.6,8.6,0.53,2026-03-02 14:00:00
1772460300000,8.6,8.6,8.6,8.6,0.0,2026-03-02 14:05:00
1772460600000,8.63,8.66,8.63,8.66,9.89,2026-03-02 14:10:00
1772460900000,8.66,8.66,8.66,8.66,1.06,2026-03-02 14:15:00
1772461200000,8.61,8.61,8.61,8.61,1.06,2026-03-02 14:20:00
1772461500000,8.61,8.61,8.61,8.61,0.0,2026-03-02 14:25:00
1772461800000,8.66,8.73,8.66,8.73,16.02,2026-03-02 14:30:00
1772462100000,8.73,8.73,8.73,8.73,0.0,2026-03-02 14:35:00
1772462400000,8.71,8.75,8.71,8.75,4.53,2026-03-02 14:40:00
1772462700000,8.81,8.81,8.81,8.81,0.53,2026-03-02 14:45:00
1772463000000,8.86,8.86,8.86,8.86,0.98,2026-03-02 14:50:00
1772463300000,8.86,8.86,8.86,8.86,0.0,2026-03-02 14:55:00
1772463600000,8.86,8.86,8.86,8.86,0.0,2026-03-02 15:00:00
1772463900000,8.9,8.97,8.9,8.97,239.3,2026-03-02 15:05:00
1772464200000,9.0,9.05,9.0,9.05,222.45,2026-03-02 15:10:00
1772464500000,9.03,9.09,9.03,9.09,77.92,2026-03-02 15:15:00
1772464800000,9.13,9.17,9.09,9.09,226.9,2026-03-02 15:20:00
1772465100000,9.09,9.09,9.09,9.09,0.0,2026-03-02 15:25:00
1772465400000,9.07,9.07,9.07,9.07,0.51,2026-03-02 15:30:00
1772465700000,9.12,9.12,9.12,9.12,0.51,2026-03-02 15:35:00
1772466000000,9.14,9.14,9.14,9.14,3.29,2026-03-02 15:40:00
1772466300000,9.14,9.14,9.14,9.14,0.0,2026-03-02 15:45:00
1772466600000,9.12,9.12,9.07,9.07,1.01,2026-03-02 15:50:00
1772466900000,9.04,9.07,9.04,9.07,1.72,2026-03-02 15:55:00
1772467200000,9.12,9.12,9.12,9.12,0.51,2026-03-02 16:00:00
1772467500000,9.17,9.2,9.17,9.2,26.43,2026-03-02 16:05:00
1772467800000,9.2,9.2,9.2,9.2,67.77,2026-03-02 16:10:00
1772468100000,9.17,9.17,9.17,9.17,0.5,2026-03-02 16:15:00
1772468400000,9.17,9.17,9.17,9.17,0.0,2026-03-02 16:20:00
1772468700000,9.17,9.17,9.17,9.17,0.0,2026-03-02 16:25:00
1772469000000,9.12,9.12,9.09,9.09,2.2,2026-03-02 16:30:00
1772469300000,9.08,9.08,9.08,9.08,241.7,2026-03-02 16:35:00
1772469600000,9.17,9.22,9.17,9.22,1.0,2026-03-02 16:40:00
1772469900000,9.23,9.23,9.22,9.22,7.21,2026-03-02 16:45:00
1772470200000,9.17,9.17,9.14,9.14,2.19,2026-03-02 16:50:00
1772470500000,9.16,9.16,9.16,9.16,1.38,2026-03-02 16:55:00
1772470800000,9.16,9.16,9.16,9.16,21.68,2026-03-02 17:00:00
1772471100000,9.13,9.13,9.13,9.13,1.37,2026-03-02 17:05:00
1772471400000,9.12,9.12,9.12,9.12,0.5,2026-03-02 17:10:00
1772471700000,9.07,9.07,9.04,9.04,0.85,2026-03-02 17:15:00
1772472000000,9.04,9.04,9.04,9.04,0.0,2026-03-02 17:20:00
1772472300000,9.08,9.08,9.08,9.08,3.95,2026-03-02 17:25:00
1772472600000,9.1,9.1,9.1,9.1,21.68,2026-03-02 17:30:00
1772472900000,9.1,9.1,9.1,9.1,0.0,2026-03-02 17:35:00
1772473200000,9.02,9.02,8.97,9.0,18.75,2026-03-02 17:40:00
1772473500000,9.0,9.0,9.0,9.0,0.0,2026-03-02 17:45:00
1772473800000,9.0,9.0,9.0,9.0,0.0,2026-03-02 17:50:00
1772474100000,9.06,9.06,9.06,9.06,4.41,2026-03-02 17:55:00
1772474400000,9.06,9.06,9.06,9.06,0.0,2026-03-02 18:00:00
1772474700000,9.06,9.06,9.06,9.06,0.0,2026-03-02 18:05:00
1772475000000,9.06,9.06,9.06,9.06,0.0,2026-03-02 18:10:00
1772475300000,9.06,9.06,9.06,9.06,0.0,2026-03-02 18:15:00
1772475600000,9.05,9.05,9.05,9.05,1.1,2026-03-02 18:20:00
1772475900000,9.05,9.05,9.05,9.05,0.0,2026-03-02 18:25:00
1772476200000,9.05,9.05,9.05,9.05,0.0,2026-03-02 18:30:00
1772476500000,9.05,9.05,9.05,9.05,0.0,2026-03-02 18:35:00
1772476800000,9.05,9.05,9.05,9.05,0.0,2026-03-02 18:40:00
1772477100000,9.05,9.05,9.05,9.05,0.0,2026-03-02 18:45:00
1772477400000,9.05,9.05,9.05,9.05,0.0,2026-03-02 18:50:00
1772477700000,9.05,9.05,9.05,9.05,0.0,2026-03-02 18:55:00
1772478000000,9.01,9.01,9.01,9.01,20.86,2026-03-02 19:00:00
1772478300000,9.01,9.01,8.97,8.97,33.95,2026-03-02 19:05:00
1772478600000,8.97,8.97,8.97,8.97,0.0,2026-03-02 19:10:00
1772478900000,8.97,8.97,8.97,8.97,0.0,2026-03-02 19:15:00
1772479200000,9.02,9.02,9.02,9.02,0.51,2026-03-02 19:20:00
1772479500000,9.02,9.02,9.02,9.02,1.2,2026-03-02 19:25:00
1772479800000,9.0,9.0,9.0,9.0,1.2,2026-03-02 19:30:00
1772480100000,9.0,9.0,9.0,9.0,0.0,2026-03-02 19:35:00
1772480400000,9.02,9.02,9.02,9.02,1.2,2026-03-02 19:40:00
1772480700000,9.0,9.0,9.0,9.0,1.19,2026-03-02 19:45:00
1772481000000,9.0,9.0,9.0,9.0,0.0,2026-03-02 19:50:00
1772481300000,9.05,9.05,9.05,9.05,1.2,2026-03-02 19:55:00
1772481600000,9.07,9.07,9.07,9.07,1.71,2026-03-02 20:00:00
1772481900000,9.09,9.09,9.02,9.02,6.8,2026-03-02 20:05:00
1772482200000,9.02,9.02,9.02,9.02,0.0,2026-03-02 20:10:00
1772482500000,9.02,9.02,9.02,9.02,0.0,2026-03-02 20:15:00
1772482800000,9.02,9.02,9.02,9.02,55.52,2026-03-02 20:20:00
1772483100000,9.02,9.02,9.02,9.02,0.0,2026-03-02 20:25:00
1772483400000,9.02,9.02,9.02,9.02,1.19,2026-03-02 20:30:00
1772483700000,9.02,9.02,9.02,9.02,0.0,2026-03-02 20:35:00
1772484000000,9.0,9.0,9.0,9.0,1.18,2026-03-02 20:40:00
1772484300000,9.06,9.06,9.06,9.06,1.2,2026-03-02 20:45:00
1772484600000,9.06,9.06,9.06,9.06,0.0,2026-03-02 20:50:00
1772484900000,9.01,9.01,9.01,9.01,1.2,2026-03-02 20:55:00
1772485200000,9.0,9.0,9.0,9.0,1.18,2026-03-02 21:00:00
1772485500000,9.0,9.0,9.0,9.0,0.0,2026-03-02 21:05:00
1772485800000,8.97,8.97,8.97,8.97,1.17,2026-03-02 21:10:00
1772486100000,9.01,9.01,9.01,9.01,1.18,2026-03-02 21:15:00
1772486400000,9.0,9.0,9.0,9.0,40.48,2026-03-02 21:20:00
1772486700000,8.99,8.99,8.99,8.99,1.18,2026-03-02 21:25:00
1772487000000,9.02,9.02,9.02,9.02,0.51,2026-03-02 21:30:00
1772487300000,9.02,9.02,9.02,9.02,0.0,2026-03-02 21:35:00
1772487600000,9.02,9.02,9.02,9.02,0.0,2026-03-02 21:40:00
1772487900000,9.02,9.02,9.02,9.02,0.0,2026-03-02 21:45:00
1772488200000,9.02,9.02,9.02,9.02,0.0,2026-03-02 21:50:00
1772488500000,9.02,9.02,9.02,9.02,0.0,2026-03-02 21:55:00
1772488800000,9.02,9.02,9.02,9.02,0.0,2026-03-02 22:00:00
1772489100000,9.02,9.02,9.02,9.02,0.0,2026-03-02 22:05:00
1772489400000,9.02,9.02,9.02,9.02,0.0,2026-03-02 22:10:00
1772489700000,9.02,9.02,9.02,9.02,0.0,2026-03-02 22:15:00
1772490000000,9.02,9.02,9.02,9.02,0.0,2026-03-02 22:20:00
1772490300000,9.07,9.07,9.07,9.07,0.51,2026-03-02 22:25:00
1772490600000,9.1,9.1,9.1,9.1,6.89,2026-03-02 22:30:00
1772490900000,9.1,9.1,9.1,9.1,0.0,2026-03-02 22:35:00
1772491200000,9.1,9.1,9.1,9.1,0.0,2026-03-02 22:40:00
1772491500000,9.1,9.1,9.1,9.1,0.0,2026-03-02 22:45:00
1772491800000,9.1,9.1,9.1,9.1,0.0,2026-03-02 22:50:00
1772492100000,9.1,9.1,9.1,9.1,0.0,2026-03-02 22:55:00
1772492400000,9.05,9.05,9.02,9.02,1.11,2026-03-02 23:00:00
1772492700000,9.04,9.04,9.04,9.04,1.1,2026-03-02 23:05:00
1772493000000,9.05,9.07,9.05,9.07,287.12,2026-03-02 23:10:00
1772493300000,9.02,9.02,9.02,9.02,0.17,2026-03-02 23:15:00
1772493600000,9.02,9.02,9.02,9.02,0.0,2026-03-02 23:20:00
1772493900000,8.99,8.99,8.99,8.99,2.22,2026-03-02 23:25:00
1772494200000,8.97,8.97,8.97,8.97,0.51,2026-03-02 23:30:00
1772494500000,8.97,8.97,8.97,8.97,0.0,2026-03-02 23:35:00
1772494800000,8.97,8.97,8.97,8.97,0.0,2026-03-02 23:40:00
1772495100000,8.97,8.97,8.97,8.97,0.0,2026-03-02 23:45:00
1772495400000,8.97,8.97,8.97,8.97,0.0,2026-03-02 23:50:00
1772495700000,8.97,8.97,8.97,8.97,0.0,2026-03-02 23:55:00
1772496000000,8.98,8.98,8.98,8.98,1.5,2026-03-03 00:00:00
1772496300000,8.98,8.98,8.98,8.98,0.0,2026-03-03 00:05:00
1772496600000,8.96,8.96,8.94,8.94,5.0,2026-03-03 00:10:00
1772496900000,8.96,8.99,8.94,8.94,2.8,2026-03-03 00:15:00
1772497200000,8.93,8.93,8.92,8.92,2.05,2026-03-03 00:20:00
1772497500000,8.92,8.95,8.92,8.93,4.84,2026-03-03 00:25:00
1772497800000,8.92,8.95,8.92,8.95,2.88,2026-03-03 00:30:00
1772498100000,8.95,8.95,8.95,8.95,0.0,2026-03-03 00:35:00
1772498400000,8.95,8.95,8.95,8.95,0.0,2026-03-03 00:40:00
1772498700000,8.95,8.95,8.95,8.95,0.0,2026-03-03 00:45:00
1772499000000,8.94,8.94,8.94,8.94,1.0,2026-03-03 00:50:00
1772499300000,8.97,8.97,8.97,8.97,0.87,2026-03-03 00:55:00
1772499600000,8.97,8.97,8.97,8.97,0.7,2026-03-03 01:00:00
1772499900000,8.97,8.97,8.97,8.97,0.0,2026-03-03 01:05:00
1772500200000,8.97,8.97,8.97,8.97,0.0,2026-03-03 01:10:00
1772500500000,8.97,8.97,8.97,8.97,0.0,2026-03-03 01:15:00
1772500800000,8.97,8.97,8.97,8.97,0.0,2026-03-03 01:20:00
1772501100000,8.97,8.97,8.97,8.97,0.0,2026-03-03 01:25:00
1772501400000,8.97,8.97,8.97,8.97,0.0,2026-03-03 01:30:00
1772501700000,8.97,8.97,8.97,8.97,0.0,2026-03-03 01:35:00
1772502000000,8.97,8.97,8.97,8.97,0.0,2026-03-03 01:40:00
1772502300000,8.97,8.97,8.97,8.97,0.0,2026-03-03 01:45:00
1772502600000,8.97,8.97,8.97,8.97,0.0,2026-03-03 01:50:00
1772502900000,8.94,8.94,8.94,8.94,36.26,2026-03-03 01:55:00
1772503200000,8.92,8.92,8.87,8.87,68.82,2026-03-03 02:00:00
1772503500000,8.92,8.92,8.92,8.92,36.61,2026-03-03 02:05:00
1772503800000,8.92,8.92,8.92,8.92,38.31,2026-03-03 02:10:00
1772504100000,8.92,8.92,8.92,8.92,0.0,2026-03-03 02:15:00
1772504400000,8.86,8.88,8.86,8.86,311.02,2026-03-03 02:20:00
1772504700000,8.86,8.86,8.86,8.86,0.0,2026-03-03 02:25:00
1772505000000,8.91,8.91,8.91,8.91,0.68,2026-03-03 02:30:00
1772505300000,8.91,8.91,8.91,8.91,0.0,2026-03-03 02:35:00
1772505600000,8.91,8.91,8.91,8.91,0.0,2026-03-03 02:40:00
1772505900000,8.91,8.91,8.91,8.91,0.0,2026-03-03 02:45:00
1772506200000,8.91,8.91,8.91,8.91,0.0,2026-03-03 02:50:00
1772506500000,8.91,8.91,8.91,8.91,0.0,2026-03-03 02:55:00
1772506800000,8.91,8.91,8.91,8.91,0.0,2026-03-03 03:00:00
1772507100000,8.91,8.91,8.91,8.91,0.0,2026-03-03 03:05:00
1772507400000,8.91,8.91,8.91,8.91,0.56,2026-03-03 03:10:00
1772507700000,8.93,8.93,8.93,8.93,16.78,2026-03-03 03:15:00
1772508000000,8.93,8.93,8.93,8.93,0.0,2026-03-03 03:20:00
1772508300000,8.93,8.93,8.93,8.93,0.0,2026-03-03 03:25:00
1772508600000,8.93,8.93,8.93,8.93,0.0,2026-03-03 03:30:00
1772508900000,8.93,8.93,8.93,8.93,0.0,2026-03-03 03:35:00
1772509200000,8.93,8.93,8.93,8.93,0.0,2026-03-03 03:40:00
1772509500000,8.93,8.93,8.93,8.93,0.0,2026-03-03 03:45:00
1772509800000,8.93,8.93,8.93,8.93,0.0,2026-03-03 03:50:00
1772510100000,8.93,8.93,8.93,8.93,0.0,2026-03-03 03:55:00
1772510400000,8.93,8.93,8.93,8.93,0.0,2026-03-03 04:00:00
1772510700000,8.9,8.9,8.9,8.9,1.46,2026-03-03 04:05:00
1772511000000,8.9,8.9,8.9,8.9,0.0,2026-03-03 04:10:00
1772511300000,8.9,8.9,8.9,8.9,0.0,2026-03-03 04:15:00
1772511600000,8.9,8.9,8.9,8.9,0.0,2026-03-03 04:20:00
1772511900000,8.9,8.9,8.9,8.9,0.0,2026-03-03 04:25:00
1772512200000,8.9,8.9,8.9,8.9,0.0,2026-03-03 04:30:00
1772512500000,8.9,8.9,8.9,8.9,0.0,2026-03-03 04:35:00
1772512800000,8.87,8.87,8.86,8.86,185.59,2026-03-03 04:40:00
1772513100000,8.85,8.85,8.85,8.85,14.79,2026-03-03 04:45:00
1772513400000,8.85,8.85,8.85,8.85,0.0,2026-03-03 04:50:00
1772513700000,8.85,8.85,8.85,8.85,0.0,2026-03-03 04:55:00
1772514000000,8.85,8.85,8.85,8.85,0.0,2026-03-03 05:00:00
1772514300000,8.85,8.85,8.85,8.85,0.0,2026-03-03 05:05:00
1772514600000,8.85,8.85,8.85,8.85,0.0,2026-03-03 05:10:00
1772514900000,8.91,8.92,8.91,8.92,1.68,2026-03-03 05:15:00
1772515200000,8.92,8.92,8.92,8.92,0.0,2026-03-03 05:20:00
1772515500000,8.92,8.92,8.92,8.92,0.0,2026-03-03 05:25:00
1772515800000,8.86,8.87,8.86,8.87,1.02,2026-03-03 05:30:00
1772516100000,8.87,8.87,8.87,8.87,0.0,2026-03-03 05:35:00
1772516400000,8.87,8.87,8.87,8.87,0.0,2026-03-03 05:40:00
1772516700000,8.81,8.81,8.81,8.81,0.68,2026-03-03 05:45:00
1772517000000,8.81,8.81,8.81,8.81,0.0,2026-03-03 05:50:00
1772517300000,8.81,8.81,8.81,8.81,0.0,2026-03-03 05:55:00
1772517600000,8.81,8.81,8.81,8.81,0.0,2026-03-03 06:00:00
1772517900000,8.81,8.81,8.81,8.81,0.0,2026-03-03 06:05:00
1772518200000,8.81,8.81,8.81,8.81,0.0,2026-03-03 06:10:00
1772518500000,8.81,8.81,8.81,8.81,0.0,2026-03-03 06:15:00
1772518800000,8.81,8.81,8.81,8.81,0.0,2026-03-03 06:20:00
1772519100000,8.81,8.81,8.81,8.81,0.0,2026-03-03 06:25:00
1772519400000,8.81,8.81,8.81,8.81,0.0,2026-03-03 06:30:00
1772519700000,8.81,8.81,8.81,8.81,0.0,2026-03-03 06:35:00
1772520000000,8.81,8.81,8.81,8.81,1.93,2026-03-03 06:40:00
1772520300000,8.81,8.81,8.81,8.81,0.0,2026-03-03 06:45:00
1772520600000,8.81,8.81,8.81,8.81,0.0,2026-03-03 06:50:00
1772520900000,8.81,8.81,8.81,8.81,0.0,2026-03-03 06:55:00
1772521200000,8.81,8.81,8.81,8.81,0.0,2026-03-03 07:00:00
1772521500000,8.82,8.82,8.82,8.82,2.5,2026-03-03 07:05:00
1772521800000,8.82,8.82,8.82,8.82,0.0,2026-03-03 07:10:00
1772522100000,8.82,8.82,8.82,8.82,0.0,2026-03-03 07:15:00
1772522400000,8.82,8.82,8.82,8.82,0.0,2026-03-03 07:20:00
1772522700000,8.82,8.82,8.82,8.82,0.0,2026-03-03 07:25:00
1772523000000,8.82,8.82,8.82,8.82,0.0,2026-03-03 07:30:00
1772523300000,8.82,8.82,8.82,8.82,0.0,2026-03-03 07:35:00
1772523600000,8.82,8.82,8.82,8.82,0.0,2026-03-03 07:40:00
1772523900000,8.82,8.82,8.82,8.82,0.0,2026-03-03 07:45:00
1772524200000,8.82,8.82,8.82,8.82,0.0,2026-03-03 07:50:00
1772524500000,8.82,8.82,8.82,8.82,0.0,2026-03-03 07:55:00
1772524800000,8.82,8.82,8.82,8.82,0.0,2026-03-03 08:00:00
1772525100000,8.82,8.82,8.82,8.82,0.0,2026-03-03 08:05:00
1772525400000,8.82,8.82,8.82,8.82,0.0,2026-03-03 08:10:00
1772525700000,8.82,8.82,8.82,8.82,0.0,2026-03-03 08:15:00
1772526000000,8.75,8.76,8.74,8.76,21.05,2026-03-03 08:20:00
1772526300000,8.76,8.76,8.76,8.76,0.0,2026-03-03 08:25:00
1772526600000,8.76,8.76,8.76,8.76,0.0,2026-03-03 08:30:00
1772526900000,8.76,8.76,8.76,8.76,0.0,2026-03-03 08:35:00
1772527200000,8.72,8.72,8.7,8.7,15.7,2026-03-03 08:40:00
1772527500000,8.68,8.68,8.68,8.68,0.51,2026-03-03 08:45:00
1772527800000,8.68,8.68,8.68,8.68,0.0,2026-03-03 08:50:00
1772528100000,8.65,8.65,8.65,8.65,0.69,2026-03-03 08:55:00
1772528400000,8.65,8.65,8.65,8.65,0.0,2026-03-03 09:00:00
1772528700000,8.65,8.65,8.65,8.65,0.0,2026-03-03 09:05:00
1772529000000,8.65,8.65,8.65,8.65,0.0,2026-03-03 09:10:00
1772529300000,8.65,8.65,8.65,8.65,0.0,2026-03-03 09:15:00
1772529600000,8.67,8.67,8.67,8.67,7.62,2026-03-03 09:20:00
1772529900000,8.67,8.67,8.67,8.67,0.0,2026-03-03 09:25:00
1772530200000,8.62,8.62,8.62,8.62,315.51,2026-03-03 09:30:00
1772530500000,8.62,8.62,8.62,8.62,0.0,2026-03-03 09:35:00
1772530800000,8.62,8.62,8.62,8.62,0.0,2026-03-03 09:40:00
1772531100000,8.62,8.62,8.62,8.62,0.0,2026-03-03 09:45:00
1772531400000,8.62,8.62,8.62,8.62,0.0,2026-03-03 09:50:00
1772531700000,8.62,8.62,8.62,8.62,0.0,2026-03-03 09:55:00
1772532000000,8.62,8.62,8.62,8.62,0.0,2026-03-03 10:00:00
1772532300000,8.62,8.62,8.62,8.62,0.0,2026-03-03 10:05:00
1772532600000,8.62,8.62,8.62,8.62,0.0,2026-03-03 10:10:00
1772532900000,8.62,8.62,8.62,8.62,0.0,2026-03-03 10:15:00
1772533200000,8.62,8.62,8.62,8.62,0.0,2026-03-03 10:20:00
1772533500000,8.62,8.62,8.62,8.62,0.0,2026-03-03 10:25:00
1772533800000,8.62,8.62,8.62,8.62,0.0,2026-03-03 10:30:00
1772534100000,8.62,8.62,8.62,8.62,0.0,2026-03-03 10:35:00
1772534400000,8.62,8.62,8.62,8.62,0.0,2026-03-03 10:40:00
1772534700000,8.62,8.62,8.62,8.62,0.0,2026-03-03 10:45:00
1772535000000,8.62,8.62,8.62,8.62,0.0,2026-03-03 10:50:00
1772535300000,8.62,8.62,8.62,8.62,0.0,2026-03-03 10:55:00
1772535600000,8.62,8.62,8.62,8.62,0.0,2026-03-03 11:00:00
1772535900000,8.62,8.62,8.62,8.62,0.0,2026-03-03 11:05:00
1772536200000,8.62,8.62,8.62,8.62,0.0,2026-03-03 11:10:00
1772536500000,8.62,8.62,8.62,8.62,0.0,2026-03-03 11:15:00
1772536800000,8.62,8.62,8.62,8.62,0.0,2026-03-03 11:20:00
1772537100000,8.62,8.62,8.62,8.62,0.0,2026-03-03 11:25:00
1772537400000,8.62,8.62,8.62,8.62,0.0,2026-03-03 11:30:00
1772537700000,8.62,8.62,8.62,8.62,0.0,2026-03-03 11:35:00
1772538000000,8.62,8.62,8.62,8.62,0.0,2026-03-03 11:40:00
1772538300000,8.62,8.62,8.62,8.62,0.0,2026-03-03 11:45:00
1772538600000,8.62,8.62,8.62,8.62,0.0,2026-03-03 11:50:00
1772538900000,8.62,8.62,8.62,8.62,0.0,2026-03-03 11:55:00
1772539200000,8.62,8.62,8.62,8.62,0.0,2026-03-03 12:00:00
1772539500000,8.7,8.73,8.7,8.72,2.43,2026-03-03 12:05:00
1772539800000,8.75,8.75,8.75,8.75,0.69,2026-03-03 12:10:00
1772540100000,8.75,8.75,8.75,8.75,0.0,2026-03-03 12:15:00
1772540400000,8.75,8.75,8.75,8.75,0.0,2026-03-03 12:20:00
1772540700000,8.75,8.75,8.75,8.75,0.0,2026-03-03 12:25:00
1772541000000,8.75,8.75,8.75,8.75,0.0,2026-03-03 12:30:00
1772541300000,8.75,8.75,8.75,8.75,0.0,2026-03-03 12:35:00
1772541600000,8.75,8.75,8.75,8.75,0.0,2026-03-03 12:40:00
1772541900000,8.75,8.75,8.75,8.75,0.0,2026-03-03 12:45:00
1772542200000,8.7,8.7,8.7,8.7,0.69,2026-03-03 12:50:00
1772542500000,8.7,8.7,8.7,8.7,0.0,2026-03-03 12:55:00
1772542800000,8.7,8.7,8.7,8.7,0.0,2026-03-03 13:00:00
1772543100000,8.7,8.7,8.7,8.7,0.0,2026-03-03 13:05:00
1772543400000,8.68,8.68,8.65,8.65,23.68,2026-03-03 13:10:00
1772543700000,8.65,8.65,8.65,8.65,0.0,2026-03-03 13:15:00
1772544000000,8.65,8.65,8.65,8.65,0.0,2026-03-03 13:20:00
1772544300000,8.65,8.65,8.65,8.65,0.0,2026-03-03 13:25:00
1772544600000,8.65,8.65,8.65,8.65,0.0,2026-03-03 13:30:00
1772544900000,8.65,8.65,8.65,8.65,0.0,2026-03-03 13:35:00
1772545200000,8.65,8.65,8.65,8.65,0.0,2026-03-03 13:40:00
1772545500000,8.65,8.65,8.65,8.65,0.0,2026-03-03 13:45:00
1772545800000,8.65,8.65,8.65,8.65,0.0,2026-03-03 13:50:00
1772546100000,8.65,8.65,8.65,8.65,0.0,2026-03-03 13:55:00
1772546400000,8.65,8.65,8.65,8.65,0.0,2026-03-03 14:00:00
1772546700000,8.65,8.65,8.65,8.65,0.0,2026-03-03 14:05:00
1772547000000,8.66,8.69,8.66,8.69,14.72,2026-03-03 14:10:00
1772547300000,8.69,8.69,8.69,8.69,0.0,2026-03-03 14:15:00
1772547600000,8.7,8.7,8.7,8.7,0.69,2026-03-03 14:20:00
1772547900000,8.7,8.7,8.7,8.7,0.0,2026-03-03 14:25:00
1772548200000,8.7,8.7,8.7,8.7,0.0,2026-03-03 14:30:00
1772548500000,8.7,8.7,8.7,8.7,0.0,2026-03-03 14:35:00
1772548800000,8.65,8.65,8.6,8.6,1.39,2026-03-03 14:40:00
1772549100000,8.61,8.61,8.59,8.59,15.78,2026-03-03 14:45:00
1772549400000,8.65,8.68,8.65,8.68,2.46,2026-03-03 14:50:00
1772549700000,8.62,8.62,8.61,8.61,41.75,2026-03-03 14:55:00
1772550000000,8.64,8.64,8.64,8.64,77.16,2026-03-03 15:00:00
1772550300000,8.68,8.68,8.68,8.68,5.75,2026-03-03 15:05:00
1772550600000,8.68,8.68,8.68,8.68,0.0,2026-03-03 15:10:00
1772550900000,8.68,8.68,8.68,8.68,0.0,2026-03-03 15:15:00
1772551200000,8.6,8.6,8.6,8.6,0.7,2026-03-03 15:20:00
1772551500000,8.6,8.6,8.6,8.6,0.0,2026-03-03 15:25:00
1772551800000,8.65,8.65,8.65,8.65,0.7,2026-03-03 15:30:00
1772552100000,8.7,8.7,8.7,8.7,0.69,2026-03-03 15:35:00
1772552400000,8.75,8.75,8.75,8.75,0.69,2026-03-03 15:40:00
1772552700000,8.75,8.75,8.75,8.75,0.0,2026-03-03 15:45:00
1772553000000,8.75,8.75,8.75,8.75,0.0,2026-03-03 15:50:00
1772553300000,8.75,8.75,8.75,8.75,0.0,2026-03-03 15:55:00
1772553600000,8.75,8.75,8.75,8.75,0.0,2026-03-03 16:00:00
1772553900000,8.78,8.81,8.78,8.81,174.41,2026-03-03 16:05:00
1772554200000,8.85,8.85,8.85,8.85,33.74,2026-03-03 16:10:00
1772554500000,8.86,8.86,8.86,8.86,2.61,2026-03-03 16:15:00
1772554800000,8.86,8.86,8.86,8.86,0.0,2026-03-03 16:20:00
1772555100000,8.91,8.93,8.91,8.93,16.48,2026-03-03 16:25:00
1772555400000,8.9,8.9,8.8,8.8,3.55,2026-03-03 16:30:00
1772555700000,8.79,8.79,8.76,8.76,3.67,2026-03-03 16:35:00
1772556000000,8.75,8.75,8.71,8.71,16.23,2026-03-03 16:40:00
1772556300000,8.71,8.71,8.71,8.71,0.0,2026-03-03 16:45:00
1772556600000,8.79,8.81,8.79,8.81,31.13,2026-03-03 16:50:00
1772556900000,8.81,8.81,8.81,8.81,0.0,2026-03-03 16:55:00
1772557200000,8.81,8.81,8.81,8.81,0.0,2026-03-03 17:00:00
1772557500000,8.81,8.81,8.81,8.81,0.0,2026-03-03 17:05:00
1772557800000,8.75,8.75,8.75,8.75,0.68,2026-03-03 17:10:00
1772558100000,8.75,8.75,8.75,8.75,0.0,2026-03-03 17:15:00
1772558400000,8.75,8.75,8.75,8.75,0.0,2026-03-03 17:20:00
1772558700000,8.75,8.75,8.75,8.75,0.0,2026-03-03 17:25:00
1772559000000,8.75,8.75,8.75,8.75,0.0,2026-03-03 17:30:00
1772559300000,8.75,8.75,8.75,8.75,0.0,2026-03-03 17:35:00
1772559600000,8.78,8.78,8.77,8.77,4.9,2026-03-03 17:40:00
1772559900000,8.81,8.81,8.81,8.81,0.68,2026-03-03 17:45:00
1772560200000,8.81,8.81,8.81,8.81,0.0,2026-03-03 17:50:00
1772560500000,8.81,8.81,8.81,8.81,0.0,2026-03-03 17:55:00
1772560800000,8.81,8.81,8.81,8.81,0.0,2026-03-03 18:00:00
1772561100000,8.81,8.81,8.81,8.81,0.0,2026-03-03 18:05:00
1772561400000,8.81,8.81,8.81,8.81,0.0,2026-03-03 18:10:00
1772561700000,8.81,8.81,8.81,8.81,0.0,2026-03-03 18:15:00
1772562000000,8.86,8.88,8.86,8.88,30.0,2026-03-03 18:20:00
1772562300000,8.88,8.88,8.88,8.88,0.0,2026-03-03 18:25:00
1772562600000,8.91,8.91,8.91,8.91,5.2,2026-03-03 18:30:00
1772562900000,8.92,8.92,8.92,8.92,0.44,2026-03-03 18:35:00
1772563200000,8.92,8.92,8.92,8.92,0.0,2026-03-03 18:40:00
1772563500000,8.86,8.86,8.86,8.86,0.68,2026-03-03 18:45:00
1772563800000,8.86,8.86,8.86,8.86,0.0,2026-03-03 18:50:00
1772564100000,8.86,8.86,8.86,8.86,0.0,2026-03-03 18:55:00
1772564400000,8.86,8.86,8.86,8.86,0.0,2026-03-03 19:00:00
1772564700000,8.84,8.84,8.81,8.81,3.5,2026-03-03 19:05:00
1772565000000,8.81,8.81,8.81,8.81,0.0,2026-03-03 19:10:00
1772565300000,8.81,8.81,8.81,8.81,0.0,2026-03-03 19:15:00
1772565600000,8.81,8.81,8.81,8.81,0.0,2026-03-03 19:20:00
1772565900000,8.81,8.81,8.81,8.81,0.0,2026-03-03 19:25:00
1772566200000,8.81,8.81,8.81,8.81,0.0,2026-03-03 19:30:00
1772566500000,8.81,8.81,8.81,8.81,0.0,2026-03-03 19:35:00
1772566800000,8.81,8.81,8.81,8.81,0.0,2026-03-03 19:40:00
1772567100000,8.81,8.81,8.81,8.81,0.0,2026-03-03 19:45:00
1772567400000,8.81,8.81,8.81,8.81,0.0,2026-03-03 19:50:00
1772567700000,8.81,8.81,8.81,8.81,0.0,2026-03-03 19:55:00
1772568000000,8.81,8.81,8.81,8.81,0.0,2026-03-03 20:00:00
1772568300000,8.81,8.81,8.81,8.81,0.0,2026-03-03 20:05:00
1772568600000,8.81,8.81,8.81,8.81,0.0,2026-03-03 20:10:00
1772568900000,8.81,8.81,8.81,8.81,0.0,2026-03-03 20:15:00
1772569200000,8.81,8.81,8.81,8.81,0.0,2026-03-03 20:20:00
1772569500000,8.78,8.78,8.78,8.78,5.6,2026-03-03 20:25:00
1772569800000,8.78,8.78,8.78,8.78,0.0,2026-03-03 20:30:00
1772570100000,8.81,8.81,8.81,8.81,306.94,2026-03-03 20:35:00
1772570400000,8.8,8.83,8.8,8.83,149.65,2026-03-03 20:40:00
1772570700000,8.83,8.83,8.83,8.83,0.0,2026-03-03 20:45:00
1772571000000,8.75,8.75,8.75,8.75,0.68,2026-03-03 20:50:00
1772571300000,8.75,8.75,8.75,8.75,0.0,2026-03-03 20:55:00
1772571600000,8.74,8.74,8.74,8.74,0.8,2026-03-03 21:00:00
1772571900000,8.74,8.74,8.74,8.74,0.0,2026-03-03 21:05:00
1772572200000,8.74,8.74,8.74,8.74,0.0,2026-03-03 21:10:00
1772572500000,8.74,8.74,8.74,8.74,0.0,2026-03-03 21:15:00
1772572800000,8.74,8.74,8.74,8.74,0.0,2026-03-03 21:20:00
1772573100000,8.7,8.7,8.7,8.7,0.69,2026-03-03 21:25:00
1772573400000,8.7,8.7,8.7,8.7,0.0,2026-03-03 21:30:00
1772573700000,8.7,8.7,8.7,8.7,0.0,2026-03-03 21:35:00
1772574000000,8.7,8.7,8.7,8.7,0.0,2026-03-03 21:40:00
1772574300000,8.7,8.7,8.7,8.7,0.0,2026-03-03 21:45:00
1772574600000,8.7,8.7,8.7,8.7,0.0,2026-03-03 21:50:00
1772574900000,8.7,8.7,8.7,8.7,0.0,2026-03-03 21:55:00
1772575200000,8.75,8.75,8.75,8.75,0.69,2026-03-03 22:00:00
1772575500000,8.75,8.75,8.75,8.75,0.0,2026-03-03 22:05:00
1772575800000,8.75,8.75,8.75,8.75,0.0,2026-03-03 22:10:00
1772576100000,8.75,8.75,8.75,8.75,0.0,2026-03-03 22:15:00
1772576400000,8.75,8.75,8.75,8.75,0.0,2026-03-03 22:20:00
1772576700000,8.79,8.79,8.79,8.79,1.71,2026-03-03 22:25:00
1772577000000,8.79,8.79,8.79,8.79,0.0,2026-03-03 22:30:00
1772577300000,8.79,8.79,8.79,8.79,0.0,2026-03-03 22:35:00
1772577600000,8.81,8.81,8.81,8.81,0.68,2026-03-03 22:40:00
1772577900000,8.81,8.81,8.81,8.81,0.0,2026-03-03 22:45:00
1772578200000,8.81,8.81,8.81,8.81,0.0,2026-03-03 22:50:00
1772578500000,8.83,8.83,8.83,8.83,2.11,2026-03-03 22:55:00
1772578800000,8.83,8.83,8.83,8.83,0.0,2026-03-03 23:00:00
1772579100000,8.83,8.83,8.83,8.83,0.0,2026-03-03 23:05:00
1772579400000,8.86,8.86,8.86,8.86,0.68,2026-03-03 23:10:00
1772579700000,8.86,8.86,8.86,8.86,0.0,2026-03-03 23:15:00
1772580000000,8.86,8.86,8.86,8.86,0.0,2026-03-03 23:20:00
1772580300000,8.84,8.84,8.84,8.84,21.23,2026-03-03 23:25:00
1772580600000,8.84,8.84,8.84,8.84,0.0,2026-03-03 23:30:00
1772580900000,8.84,8.84,8.84,8.84,0.0,2026-03-03 23:35:00
1772581200000,8.84,8.84,8.84,8.84,0.0,2026-03-03 23:40:00
1772581500000,8.83,8.83,8.83,8.83,113.25,2026-03-03 23:45:00
1772581800000,8.83,8.83,8.83,8.83,0.0,2026-03-03 23:50:00
1772582100000,8.83,8.83,8.83,8.83,0.0,2026-03-03 23:55:00
1772582400000,8.81,8.81,8.81,8.81,0.68,2026-03-04 00:00:00
1772582700000,8.81,8.81,8.81,8.81,0.0,2026-03-04 00:05:00
1772583000000,8.78,8.78,8.78,8.78,0.42,2026-03-04 00:10:00
1772583300000,8.77,8.8,8.77,8.8,1.12,2026-03-04 00:15:00
1772583600000,8.8,8.82,8.8,8.8,1.77,2026-03-04 00:20:00
1772583900000,8.8,8.81,8.8,8.8,2.22,2026-03-04 00:25:00
1772584200000,8.8,8.81,8.76,8.76,4.43,2026-03-04 00:30:00
1772584500000,8.75,8.75,8.75,8.75,0.68,2026-03-04 00:35:00
1772584800000,8.75,8.75,8.75,8.75,0.0,2026-03-04 00:40:00
1772585100000,8.75,8.75,8.75,8.75,0.0,2026-03-04 00:45:00
1772585400000,8.75,8.75,8.75,8.75,0.0,2026-03-04 00:50:00
1772585700000,8.75,8.75,8.75,8.75,0.0,2026-03-04 00:55:00
1772586000000,8.81,8.81,8.81,8.81,0.68,2026-03-04 01:00:00
1772586300000,8.81,8.81,8.81,8.81,0.62,2026-03-04 01:05:00
1772586600000,8.81,8.81,8.81,8.81,0.0,2026-03-04 01:10:00
1772586900000,8.81,8.81,8.81,8.81,0.0,2026-03-04 01:15:00
1772587200000,8.81,8.81,8.81,8.81,0.0,2026-03-04 01:20:00
1772587500000,8.81,8.81,8.81,8.81,0.0,2026-03-04 01:25:00
1772587800000,8.86,8.86,8.86,8.86,0.68,2026-03-04 01:30:00
1772588100000,8.86,8.86,8.86,8.86,0.0,2026-03-04 01:35:00
1772588400000,8.86,8.86,8.86,8.86,0.0,2026-03-04 01:40:00
1772588700000,8.86,8.86,8.86,8.86,0.0,2026-03-04 01:45:00
1772589000000,8.86,8.86,8.86,8.86,0.0,2026-03-04 01:50:00
1772589300000,8.86,8.86,8.86,8.86,0.0,2026-03-04 01:55:00
1772589600000,8.86,8.86,8.86,8.86,0.0,2026-03-04 02:00:00
1772589900000,8.81,8.81,8.81,8.81,0.68,2026-03-04 02:05:00
1772590200000,8.81,8.81,8.81,8.81,0.0,2026-03-04 02:10:00
1772590500000,8.81,8.81,8.81,8.81,0.0,2026-03-04 02:15:00
1772590800000,8.81,8.81,8.81,8.81,0.0,2026-03-04 02:20:00
1772591100000,8.81,8.81,8.81,8.81,0.0,2026-03-04 02:25:00
1772591400000,8.81,8.81,8.81,8.81,0.0,2026-03-04 02:30:00
1772591700000,8.81,8.81,8.81,8.81,0.0,2026-03-04 02:35:00
1772592000000,8.81,8.81,8.81,8.81,0.0,2026-03-04 02:40:00
1772592300000,8.81,8.81,8.81,8.81,0.0,2026-03-04 02:45:00
1772592600000,8.81,8.81,8.81,8.81,0.0,2026-03-04 02:50:00
1772592900000,8.81,8.81,8.81,8.81,0.0,2026-03-04 02:55:00
1772593200000,8.81,8.81,8.81,8.81,0.0,2026-03-04 03:00:00
1772593500000,8.81,8.81,8.81,8.81,0.0,2026-03-04 03:05:00
1772593800000,8.81,8.81,8.81,8.81,0.0,2026-03-04 03:10:00
1772594100000,8.81,8.81,8.81,8.81,0.0,2026-03-04 03:15:00
1772594400000,8.81,8.81,8.81,8.81,0.0,2026-03-04 03:20:00
1772594700000,8.82,8.82,8.82,8.82,1.13,2026-03-04 03:25:00
1772595000000,8.75,8.75,8.75,8.75,0.68,2026-03-04 03:30:00
1772595300000,8.7,8.7,8.7,8.7,0.69,2026-03-04 03:35:00
1772595600000,8.7,8.7,8.7,8.7,0.0,2026-03-04 03:40:00
1772595900000,8.7,8.7,8.7,8.7,279.87,2026-03-04 03:45:00
1772596200000,8.74,8.74,8.74,8.74,0.68,2026-03-04 03:50:00
1772596500000,8.72,8.72,8.72,8.72,0.67,2026-03-04 03:55:00
1772596800000,8.75,8.75,8.75,8.75,0.69,2026-03-04 04:00:00
1772597100000,8.76,8.76,8.74,8.76,2.5,2026-03-04 04:05:00
1772597400000,8.78,8.78,8.76,8.76,1.35,2026-03-04 04:10:00
1772597700000,8.76,8.76,8.76,8.76,0.0,2026-03-04 04:15:00
1772598000000,8.76,8.76,8.76,8.76,0.0,2026-03-04 04:20:00
1772598300000,8.74,8.74,8.74,8.74,11.41,2026-03-04 04:25:00
1772598600000,8.74,8.74,8.74,8.74,0.0,2026-03-04 04:30:00
1772598900000,8.7,8.7,8.7,8.7,0.69,2026-03-04 04:35:00
1772599200000,8.72,8.72,8.72,8.72,92.82,2026-03-04 04:40:00
1772599500000,8.72,8.72,8.72,8.72,0.0,2026-03-04 04:45:00
1772599800000,8.72,8.72,8.72,8.72,0.0,2026-03-04 04:50:00
1772600100000,8.75,8.75,8.75,8.75,0.57,2026-03-04 04:55:00
1772600400000,8.75,8.75,8.75,8.75,0.0,2026-03-04 05:00:00
1772600700000,8.75,8.75,8.75,8.75,0.0,2026-03-04 05:05:00
1772601000000,8.75,8.75,8.75,8.75,0.0,2026-03-04 05:10:00
1772601300000,8.75,8.75,8.75,8.75,0.0,2026-03-04 05:15:00
1772601600000,8.75,8.75,8.75,8.75,0.0,2026-03-04 05:20:00
1772601900000,8.75,8.75,8.75,8.75,0.0,2026-03-04 05:25:00
1772602200000,8.75,8.75,8.75,8.75,0.0,2026-03-04 05:30:00
1772602500000,8.75,8.75,8.75,8.75,0.12,2026-03-04 05:35:00
1772602800000,8.75,8.75,8.75,8.75,0.0,2026-03-04 05:40:00
1772603100000,8.75,8.75,8.75,8.75,0.0,2026-03-04 05:45:00
1772603400000,8.75,8.75,8.75,8.75,0.0,2026-03-04 05:50:00
1772603700000,8.75,8.75,8.75,8.75,0.0,2026-03-04 05:55:00
1772604000000,8.75,8.75,8.75,8.75,0.0,2026-03-04 06:00:00
1772604300000,8.75,8.75,8.75,8.75,0.0,2026-03-04 06:05:00
1772604600000,8.75,8.75,8.75,8.75,0.0,2026-03-04 06:10:00
1772604900000,8.75,8.75,8.75,8.75,0.0,2026-03-04 06:15:00
1772605200000,8.75,8.75,8.75,8.75,0.0,2026-03-04 06:20:00
1772605500000,8.75,8.75,8.75,8.75,0.0,2026-03-04 06:25:00
1772605800000,8.75,8.75,8.75,8.75,0.0,2026-03-04 06:30:00
1772606100000,8.75,8.75,8.75,8.75,0.0,2026-03-04 06:35:00
1772606400000,8.75,8.75,8.75,8.75,0.0,2026-03-04 06:40:00
1772606700000,8.75,8.75,8.75,8.75,0.0,2026-03-04 06:45:00
1772607000000,8.75,8.75,8.75,8.75,0.0,2026-03-04 06:50:00
1772607300000,8.75,8.75,8.75,8.75,0.0,2026-03-04 06:55:00
1772607600000,8.75,8.75,8.75,8.75,0.0,2026-03-04 07:00:00
1772607900000,8.75,8.75,8.75,8.75,0.0,2026-03-04 07:05:00
1772608200000,8.79,8.79,8.79,8.79,3.42,2026-03-04 07:10:00
1772608500000,8.79,8.79,8.79,8.79,0.0,2026-03-04 07:15:00
1772608800000,8.79,8.79,8.79,8.79,0.0,2026-03-04 07:20:00
1772609100000,8.79,8.79,8.79,8.79,0.0,2026-03-04 07:25:00
1772609400000,8.81,8.81,8.81,8.81,0.68,2026-03-04 07:30:00
1772609700000,8.81,8.81,8.81,8.81,0.0,2026-03-04 07:35:00
1772610000000,8.81,8.81,8.81,8.81,0.0,2026-03-04 07:40:00
1772610300000,8.86,8.92,8.86,8.92,121.83,2026-03-04 07:45:00
1772610600000,8.92,8.92,8.92,8.92,0.0,2026-03-04 07:50:00
1772610900000,8.92,8.92,8.92,8.92,0.0,2026-03-04 07:55:00
1772611200000,8.93,8.93,8.93,8.93,165.3,2026-03-04 08:00:00
1772611500000,8.94,8.94,8.94,8.94,0.45,2026-03-04 08:05:00
1772611800000,8.94,8.94,8.94,8.94,0.0,2026-03-04 08:10:00
1772612100000,8.92,8.92,8.92,8.92,18.02,2026-03-04 08:15:00
1772612400000,8.92,8.92,8.92,8.92,0.0,2026-03-04 08:20:00
1772612700000,8.92,8.92,8.92,8.92,0.0,2026-03-04 08:25:00
1772613000000,8.92,8.92,8.92,8.92,53.43,2026-03-04 08:30:00
1772613300000,8.92,8.92,8.92,8.92,0.0,2026-03-04 08:35:00
1772613600000,8.96,8.98,8.96,8.98,37.79,2026-03-04 08:40:00
1772613900000,9.02,9.11,9.02,9.06,114.33,2026-03-04 08:45:00
1772614200000,9.12,9.13,9.07,9.09,324.93,2026-03-04 08:50:00
1772614500000,9.12,9.19,9.12,9.18,57.63,2026-03-04 08:55:00
1772614800000,9.2,9.2,9.2,9.2,32.61,2026-03-04 09:00:00
1772615100000,9.2,9.2,9.2,9.2,0.0,2026-03-04 09:05:00
1772615400000,9.2,9.2,9.2,9.2,0.0,2026-03-04 09:10:00
1772615700000,9.22,9.22,9.19,9.19,3.02,2026-03-04 09:15:00
1772616000000,9.19,9.19,9.19,9.19,8.45,2026-03-04 09:20:00
1772616300000,9.19,9.19,9.19,9.19,0.0,2026-03-04 09:25:00
1772616600000,9.25,9.26,9.25,9.26,6.8,2026-03-04 09:30:00
1772616900000,9.26,9.29,9.26,9.29,22.79,2026-03-04 09:35:00
1772617200000,9.29,9.29,9.29,9.29,0.0,2026-03-04 09:40:00
1772617500000,9.26,9.26,9.26,9.26,8.24,2026-03-04 09:45:00
1772617800000,9.22,9.22,9.18,9.18,0.99,2026-03-04 09:50:00
1772618100000,9.17,9.17,9.17,9.17,1.35,2026-03-04 09:55:00
1772618400000,9.22,9.22,9.22,9.22,0.65,2026-03-04 10:00:00
1772618700000,9.22,9.22,9.22,9.22,0.0,2026-03-04 10:05:00
1772619000000,9.22,9.22,9.22,9.22,0.0,2026-03-04 10:10:00
1772619300000,9.22,9.22,9.22,9.22,0.0,2026-03-04 10:15:00
1772619600000,9.22,9.22,9.22,9.22,0.0,2026-03-04 10:20:00
1772619900000,9.22,9.22,9.22,9.22,0.0,2026-03-04 10:25:00
1772620200000,9.22,9.22,9.22,9.22,0.0,2026-03-04 10:30:00
1772620500000,9.22,9.22,9.22,9.22,0.0,2026-03-04 10:35:00
1772620800000,9.22,9.22,9.22,9.22,0.0,2026-03-04 10:40:00
1772621100000,9.22,9.22,9.22,9.22,0.0,2026-03-04 10:45:00
1772621400000,9.22,9.22,9.22,9.22,0.0,2026-03-04 10:50:00
1772621700000,9.17,9.18,9.14,9.18,4.27,2026-03-04 10:55:00
1772622000000,9.22,9.22,9.22,9.22,54.16,2026-03-04 11:00:00
1772622300000,9.22,9.22,9.22,9.22,0.0,2026-03-04 11:05:00
1772622600000,9.22,9.22,9.22,9.22,0.0,2026-03-04 11:10:00
1772622900000,9.22,9.22,9.22,9.22,0.0,2026-03-04 11:15:00
1772623200000,9.22,9.22,9.22,9.22,0.0,2026-03-04 11:20:00
1772623500000,9.22,9.22,9.22,9.22,0.0,2026-03-04 11:25:00
1772623800000,9.22,9.22,9.22,9.22,0.0,2026-03-04 11:30:00
1772624100000,9.17,9.17,9.12,9.12,1.31,2026-03-04 11:35:00
1772624400000,9.12,9.12,9.12,9.12,0.0,2026-03-04 11:40:00
1772624700000,9.12,9.12,9.12,9.12,0.0,2026-03-04 11:45:00
1772625000000,9.12,9.12,9.12,9.12,0.0,2026-03-04 11:50:00
1772625300000,9.12,9.12,9.12,9.12,0.0,2026-03-04 11:55:00
1772625600000,9.12,9.12,9.12,9.12,0.0,2026-03-04 12:00:00
1772625900000,9.12,9.12,9.12,9.12,0.0,2026-03-04 12:05:00
1772626200000,9.12,9.12,9.12,9.12,0.0,2026-03-04 12:10:00
1772626500000,9.12,9.12,9.12,9.12,31.98,2026-03-04 12:15:00
1772626800000,9.07,9.07,9.07,9.07,0.66,2026-03-04 12:20:00
1772627100000,9.07,9.07,9.07,9.07,0.0,2026-03-04 12:25:00
1772627400000,9.07,9.07,9.07,9.07,0.0,2026-03-04 12:30:00
1772627700000,9.07,9.07,9.07,9.07,0.0,2026-03-04 12:35:00
1772628000000,9.07,9.07,9.07,9.07,0.0,2026-03-04 12:40:00
1772628300000,9.07,9.07,9.07,9.07,0.0,2026-03-04 12:45:00
1772628600000,9.07,9.07,9.07,9.07,0.0,2026-03-04 12:50:00
1772628900000,9.07,9.07,9.07,9.07,0.0,2026-03-04 12:55:00
1772629200000,9.07,9.07,9.07,9.07,0.0,2026-03-04 13:00:00
1772629500000,9.12,9.12,9.12,9.12,0.66,2026-03-04 13:05:00
1772629800000,9.14,9.14,9.14,9.14,1.09,2026-03-04 13:10:00
1772630100000,9.14,9.14,9.14,9.14,0.0,2026-03-04 13:15:00
1772630400000,9.14,9.14,9.14,9.14,0.0,2026-03-04 13:20:00
1772630700000,9.14,9.14,9.14,9.14,0.0,2026-03-04 13:25:00
1772631000000,9.14,9.14,9.14,9.14,0.0,2026-03-04 13:30:00
1772631300000,9.14,9.14,9.14,9.14,0.0,2026-03-04 13:35:00
1772631600000,9.14,9.14,9.14,9.14,0.0,2026-03-04 13:40:00
1772631900000,9.14,9.14,9.14,9.14,0.0,2026-03-04 13:45:00
1772632200000,9.14,9.14,9.14,9.14,0.0,2026-03-04 13:50:00
1772632500000,9.14,9.14,9.14,9.14,0.0,2026-03-04 13:55:00
1772632800000,9.17,9.17,9.17,9.17,0.66,2026-03-04 14:00:00
1772633100000,9.17,9.17,9.17,9.17,0.0,2026-03-04 14:05:00
1772633400000,9.19,9.19,9.19,9.19,0.58,2026-03-04 14:10:00
1772633700000,9.2,9.2,9.2,9.2,32.61,2026-03-04 14:15:00
1772634000000,9.19,9.19,9.19,9.19,10.84,2026-03-04 14:20:00
1772634300000,9.19,9.19,9.19,9.19,0.0,2026-03-04 14:25:00
1772634600000,9.22,9.31,9.22,9.27,68.23,2026-03-04 14:30:00
1772634900000,9.22,9.22,9.19,9.2,2.32,2026-03-04 14:35:00
1772635200000,9.21,9.21,9.21,9.21,0.97,2026-03-04 14:40:00
1772635500000,9.17,9.17,9.17,9.17,32.56,2026-03-04 14:45:00
1772635800000,9.17,9.17,9.17,9.17,0.0,2026-03-04 14:50:00
1772636100000,9.22,9.22,9.22,9.22,0.65,2026-03-04 14:55:00
1772636400000,9.27,9.27,9.27,9.27,0.65,2026-03-04 15:00:00
1772636700000,9.23,9.23,9.23,9.23,5.4,2026-03-04 15:05:00
1772637000000,9.23,9.23,9.23,9.23,0.0,2026-03-04 15:10:00
1772637300000,9.23,9.23,9.23,9.23,0.0,2026-03-04 15:15:00
1772637600000,9.32,9.32,9.32,9.32,3.22,2026-03-04 15:20:00
1772637900000,9.34,9.42,9.33,9.42,5.99,2026-03-04 15:25:00
1772638200000,9.43,9.43,9.37,9.39,14.55,2026-03-04 15:30:00
1772638500000,9.4,9.4,9.4,9.4,2.24,2026-03-04 15:35:00
1772638800000,9.4,9.4,9.4,9.4,0.0,2026-03-04 15:40:00
1772639100000,9.4,9.4,9.4,9.4,0.0,2026-03-04 15:45:00
1772639400000,9.42,9.42,9.42,9.42,0.64,2026-03-04 15:50:00
1772639700000,9.47,9.47,9.47,9.47,14.14,2026-03-04 15:55:00
1772640000000,9.5,9.56,9.5,9.52,112.86,2026-03-04 16:00:00
1772640300000,9.47,9.47,9.47,9.47,0.63,2026-03-04 16:05:00
1772640600000,9.42,9.42,9.42,9.42,1.3,2026-03-04 16:10:00
1772640900000,9.42,9.42,9.42,9.42,10.58,2026-03-04 16:15:00
1772641200000,9.4,9.4,9.4,9.4,707.31,2026-03-04 16:20:00
1772641500000,9.4,9.4,9.4,9.4,5.32,2026-03-04 16:25:00
1772641800000,9.4,9.4,9.4,9.4,0.0,2026-03-04 16:30:00
1772642100000,9.47,9.47,9.47,9.47,0.63,2026-03-04 16:35:00
1772642400000,9.47,9.47,9.47,9.47,0.0,2026-03-04 16:40:00
1772642700000,9.47,9.47,9.47,9.47,0.0,2026-03-04 16:45:00
1772643000000,9.47,9.47,9.47,9.47,0.0,2026-03-04 16:50:00
1772643300000,9.47,9.47,9.47,9.47,0.0,2026-03-04 16:55:00
1772643600000,9.47,9.47,9.47,9.47,95.39,2026-03-04 17:00:00
1772643900000,9.47,9.47,9.47,9.47,0.0,2026-03-04 17:05:00
1772644200000,9.52,9.52,9.52,9.52,0.63,2026-03-04 17:10:00
1772644500000,9.47,9.47,9.47,9.47,0.63,2026-03-04 17:15:00
1772644800000,9.42,9.42,9.42,9.42,0.63,2026-03-04 17:20:00
1772645100000,9.42,9.42,9.42,9.42,0.0,2026-03-04 17:25:00
1772645400000,9.42,9.42,9.42,9.42,0.0,2026-03-04 17:30:00
1772645700000,9.42,9.42,9.42,9.42,0.0,2026-03-04 17:35:00
1772646000000,9.42,9.42,9.42,9.42,0.0,2026-03-04 17:40:00
1772646300000,9.42,9.42,9.42,9.42,0.0,2026-03-04 17:45:00
1772646600000,9.47,9.48,9.47,9.48,1.68,2026-03-04 17:50:00
1772646900000,9.48,9.48,9.48,9.48,0.0,2026-03-04 17:55:00
1772647200000,9.48,9.48,9.48,9.48,0.0,2026-03-04 18:00:00
1772647500000,9.48,9.48,9.48,9.48,0.0,2026-03-04 18:05:00
1772647800000,9.42,9.42,9.42,9.42,0.63,2026-03-04 18:10:00
1772648100000,9.42,9.42,9.42,9.42,0.0,2026-03-04 18:15:00
1772648400000,9.42,9.42,9.42,9.42,0.0,2026-03-04 18:20:00
1772648700000,9.42,9.42,9.42,9.42,0.0,2026-03-04 18:25:00
1772649000000,9.42,9.42,9.42,9.42,0.0,2026-03-04 18:30:00
1772649300000,9.42,9.42,9.42,9.42,0.0,2026-03-04 18:35:00
1772649600000,9.42,9.42,9.42,9.42,0.0,2026-03-04 18:40:00
1772649900000,9.47,9.47,9.47,9.47,0.63,2026-03-04 18:45:00
1772650200000,9.47,9.47,9.47,9.47,0.0,2026-03-04 18:50:00
1772650500000,9.47,9.47,9.47,9.47,0.0,2026-03-04 18:55:00
1772650800000,9.47,9.47,9.47,9.47,0.0,2026-03-04 19:00:00
1772651100000,9.52,9.54,9.52,9.54,3.24,2026-03-04 19:05:00
1772651400000,9.54,9.58,9.54,9.54,81.15,2026-03-04 19:10:00
1772651700000,9.58,9.62,9.58,9.62,3.41,2026-03-04 19:15:00
1772652000000,9.62,9.62,9.57,9.57,15.34,2026-03-04 19:20:00
1772652300000,9.57,9.57,9.57,9.57,0.0,2026-03-04 19:25:00
1772652600000,9.57,9.57,9.57,9.57,0.0,2026-03-04 19:30:00
1772652900000,9.57,9.57,9.57,9.57,0.0,2026-03-04 19:35:00
1772653200000,9.57,9.57,9.57,9.57,0.0,2026-03-04 19:40:00
1772653500000,9.58,9.58,9.58,9.58,2.6,2026-03-04 19:45:00
1772653800000,9.58,9.58,9.58,9.58,0.0,2026-03-04 19:50:00
1772654100000,9.58,9.58,9.58,9.58,0.0,2026-03-04 19:55:00
1772654400000,9.55,9.55,9.55,9.55,30.44,2026-03-04 20:00:00
1772654700000,9.52,9.52,9.52,9.52,0.63,2026-03-04 20:05:00
1772655000000,9.52,9.52,9.52,9.52,0.0,2026-03-04 20:10:00
1772655300000,9.52,9.52,9.52,9.52,0.0,2026-03-04 20:15:00
1772655600000,9.52,9.52,9.52,9.52,0.0,2026-03-04 20:20:00
1772655900000,9.52,9.52,9.52,9.52,0.0,2026-03-04 20:25:00
1772656200000,9.52,9.52,9.52,9.52,0.0,2026-03-04 20:30:00
1772656500000,9.52,9.52,9.52,9.52,0.0,2026-03-04 20:35:00
1772656800000,9.53,9.53,9.53,9.53,10.59,2026-03-04 20:40:00
1772657100000,9.53,9.53,9.53,9.53,0.0,2026-03-04 20:45:00
1772657400000,9.5,9.5,9.5,9.5,0.94,2026-03-04 20:50:00
1772657700000,9.5,9.5,9.5,9.5,0.0,2026-03-04 20:55:00
1772658000000,9.47,9.47,9.47,9.47,0.63,2026-03-04 21:00:00
1772658300000,9.47,9.47,9.47,9.47,0.0,2026-03-04 21:05:00
1772658600000,9.47,9.47,9.47,9.47,0.0,2026-03-04 21:10:00
1772658900000,9.47,9.47,9.47,9.47,0.0,2026-03-04 21:15:00
1772659200000,9.44,9.44,9.41,9.41,20.52,2026-03-04 21:20:00
1772659500000,9.41,9.41,9.41,9.41,0.0,2026-03-04 21:25:00
1772659800000,9.41,9.41,9.41,9.41,0.0,2026-03-04 21:30:00
1772660100000,9.41,9.41,9.41,9.41,0.0,2026-03-04 21:35:00
1772660400000,9.41,9.41,9.41,9.41,0.0,2026-03-04 21:40:00
1772660700000,9.41,9.41,9.41,9.41,0.0,2026-03-04 21:45:00
1772661000000,9.41,9.41,9.41,9.41,0.0,2026-03-04 21:50:00
1772661300000,9.41,9.41,9.41,9.41,0.0,2026-03-04 21:55:00
1772661600000,9.46,9.47,9.46,9.47,169.37,2026-03-04 22:00:00
1772661900000,9.47,9.47,9.47,9.47,0.0,2026-03-04 22:05:00
1772662200000,9.47,9.47,9.47,9.47,0.0,2026-03-04 22:10:00
1772662500000,9.47,9.47,9.47,9.47,0.0,2026-03-04 22:15:00
1772662800000,9.47,9.47,9.47,9.47,0.0,2026-03-04 22:20:00
1772663100000,9.47,9.47,9.47,9.47,0.0,2026-03-04 22:25:00
1772663400000,9.47,9.47,9.47,9.47,0.0,2026-03-04 22:30:00
1772663700000,9.44,9.44,9.41,9.41,14.69,2026-03-04 22:35:00
1772664000000,9.41,9.41,9.41,9.41,0.0,2026-03-04 22:40:00
1772664300000,9.41,9.41,9.41,9.41,0.0,2026-03-04 22:45:00
1772664600000,9.41,9.41,9.41,9.41,0.0,2026-03-04 22:50:00
1772664900000,9.37,9.37,9.34,9.36,6.49,2026-03-04 22:55:00
1772665200000,9.36,9.36,9.36,9.36,0.0,2026-03-04 23:00:00
1772665500000,9.36,9.36,9.36,9.36,0.0,2026-03-04 23:05:00
1772665800000,9.36,9.36,9.36,9.36,0.0,2026-03-04 23:10:00
1772666100000,9.36,9.36,9.36,9.36,0.0,2026-03-04 23:15:00
1772666400000,9.32,9.32,9.31,9.31,3.65,2026-03-04 23:20:00
1772666700000,9.35,9.35,9.35,9.35,2.79,2026-03-04 23:25:00
1772667000000,9.32,9.32,9.32,9.32,1.07,2026-03-04 23:30:00
1772667300000,9.32,9.32,9.32,9.32,0.0,2026-03-04 23:35:00
1772667600000,9.32,9.32,9.32,9.32,0.0,2026-03-04 23:40:00
1772667900000,9.37,9.37,9.37,9.37,0.64,2026-03-04 23:45:00
1772668200000,9.37,9.37,9.37,9.37,0.0,2026-03-04 23:50:00
1772668500000,9.37,9.37,9.37,9.37,0.0,2026-03-04 23:55:00
1772668800000,9.36,9.36,9.36,9.36,5.32,2026-03-05 00:00:00
1772669100000,9.36,9.36,9.36,9.36,0.0,2026-03-05 00:05:00
1772669400000,9.36,9.36,9.36,9.36,0.0,2026-03-05 00:10:00
1772669700000,9.34,9.36,9.34,9.35,3.17,2026-03-05 00:15:00
1772670000000,9.36,9.36,9.33,9.33,1.8,2026-03-05 00:20:00
1772670300000,9.36,9.36,9.32,9.33,2.75,2026-03-05 00:25:00
1772670600000,9.33,9.33,9.33,9.33,0.4,2026-03-05 00:30:00
1772670900000,9.33,9.33,9.33,9.33,0.0,2026-03-05 00:35:00
1772671200000,9.33,9.33,9.33,9.33,0.0,2026-03-05 00:40:00
1772671500000,9.37,9.37,9.35,9.35,31.02,2026-03-05 00:45:00
1772671800000,9.35,9.35,9.35,9.35,0.0,2026-03-05 00:50:00
1772672100000,9.33,9.36,9.33,9.36,19.31,2026-03-05 00:55:00
1772672400000,9.36,9.36,9.36,9.36,0.0,2026-03-05 01:00:00
1772672700000,9.38,9.38,9.38,9.38,0.36,2026-03-05 01:05:00
1772673000000,9.36,9.36,9.36,9.36,61.83,2026-03-05 01:10:00
1772673300000,9.36,9.36,9.36,9.36,0.0,2026-03-05 01:15:00
1772673600000,9.32,9.32,9.32,9.32,0.64,2026-03-05 01:20:00
1772673900000,9.32,9.32,9.32,9.32,0.0,2026-03-05 01:25:00
1772674200000,9.31,9.31,9.31,9.31,26.81,2026-03-05 01:30:00
1772674500000,9.3,9.3,9.3,9.3,2.14,2026-03-05 01:35:00
1772674800000,9.3,9.3,9.3,9.3,0.0,2026-03-05 01:40:00
1772675100000,9.3,9.3,9.3,9.3,0.0,2026-03-05 01:45:00
1772675400000,9.27,9.27,9.26,9.26,14.79,2026-03-05 01:50:00
1772675700000,9.26,9.26,9.26,9.26,0.0,2026-03-05 01:55:00
1772676000000,9.26,9.26,9.26,9.26,0.0,2026-03-05 02:00:00
1772676300000,9.32,9.33,9.32,9.32,2.57,2026-03-05 02:05:00
1772676600000,9.32,9.32,9.32,9.32,0.0,2026-03-05 02:10:00
1772676900000,9.3,9.3,9.3,9.3,20.0,2026-03-05 02:15:00
1772677200000,9.3,9.3,9.3,9.3,0.0,2026-03-05 02:20:00
1772677500000,9.3,9.3,9.3,9.3,0.0,2026-03-05 02:25:00
1772677800000,9.3,9.3,9.3,9.3,0.0,2026-03-05 02:30:00
1772678100000,9.27,9.27,9.27,9.27,2.79,2026-03-05 02:35:00
1772678400000,9.27,9.27,9.27,9.27,0.0,2026-03-05 02:40:00
1772678700000,9.27,9.27,9.27,9.27,0.0,2026-03-05 02:45:00
1772679000000,9.27,9.27,9.27,9.27,0.0,2026-03-05 02:50:00
1772679300000,9.28,9.28,9.26,9.26,0.95,2026-03-05 02:55:00
1772679600000,9.26,9.26,9.26,9.26,0.0,2026-03-05 03:00:00
1772679900000,9.26,9.26,9.26,9.26,0.0,2026-03-05 03:05:00
1772680200000,9.26,9.26,9.26,9.26,0.0,2026-03-05 03:10:00
1772680500000,9.26,9.26,9.26,9.26,0.0,2026-03-05 03:15:00
1772680800000,9.26,9.26,9.26,9.26,0.0,2026-03-05 03:20:00
1772681100000,9.26,9.26,9.26,9.26,0.0,2026-03-05 03:25:00
1772681400000,9.26,9.26,9.26,9.26,0.0,2026-03-05 03:30:00
1772681700000,9.26,9.26,9.26,9.26,0.0,2026-03-05 03:35:00
1772682000000,9.26,9.26,9.26,9.26,0.0,2026-03-05 03:40:00
1772682300000,9.26,9.26,9.26,9.26,0.0,2026-03-05 03:45:00
1772682600000,9.26,9.26,9.26,9.26,0.0,2026-03-05 03:50:00
1772682900000,9.26,9.26,9.26,9.26,0.0,2026-03-05 03:55:00
1772683200000,9.26,9.26,9.26,9.26,0.0,2026-03-05 04:00:00
1772683500000,9.29,9.29,9.29,9.29,1.61,2026-03-05 04:05:00
1772683800000,9.29,9.29,9.29,9.29,0.0,2026-03-05 04:10:00
1772684100000,9.29,9.29,9.29,9.29,0.0,2026-03-05 04:15:00
1772684400000,9.29,9.29,9.29,9.29,0.0,2026-03-05 04:20:00
1772684700000,9.29,9.29,9.29,9.29,0.0,2026-03-05 04:25:00
1772685000000,9.29,9.29,9.29,9.29,0.0,2026-03-05 04:30:00
1772685300000,9.29,9.29,9.29,9.29,0.0,2026-03-05 04:35:00
1772685600000,9.32,9.32,9.32,9.32,0.65,2026-03-05 04:40:00
1772685900000,9.32,9.32,9.32,9.32,0.0,2026-03-05 04:45:00
1772686200000,9.32,9.32,9.32,9.32,0.0,2026-03-05 04:50:00
1772686500000,9.32,9.32,9.32,9.32,0.0,2026-03-05 04:55:00
1772686800000,9.32,9.32,9.32,9.32,0.0,2026-03-05 05:00:00
1772687100000,9.32,9.32,9.32,9.32,0.0,2026-03-05 05:05:00
1772687400000,9.32,9.32,9.32,9.32,0.0,2026-03-05 05:10:00
1772687700000,9.32,9.32,9.32,9.32,0.0,2026-03-05 05:15:00
1772688000000,9.32,9.32,9.32,9.32,0.0,2026-03-05 05:20:00
1772688300000,9.28,9.28,9.28,9.28,9.03,2026-03-05 05:25:00
1772688600000,9.28,9.28,9.28,9.28,0.0,2026-03-05 05:30:00
1772688900000,9.27,9.27,9.27,9.27,0.65,2026-03-05 05:35:00
1772689200000,9.25,9.25,9.25,9.25,8.97,2026-03-05 05:40:00
1772689500000,9.25,9.25,9.25,9.25,0.0,2026-03-05 05:45:00
1772689800000,9.25,9.25,9.25,9.25,0.0,2026-03-05 05:50:00
1772690100000,9.25,9.25,9.25,9.25,0.0,2026-03-05 05:55:00
1772690400000,9.25,9.25,9.25,9.25,0.0,2026-03-05 06:00:00
1772690700000,9.25,9.25,9.25,9.25,0.0,2026-03-05 06:05:00
1772691000000,9.25,9.25,9.25,9.25,0.0,2026-03-05 06:10:00
1772691300000,9.25,9.25,9.25,9.25,0.0,2026-03-05 06:15:00
1772691600000,9.25,9.25,9.25,9.25,0.0,2026-03-05 06:20:00
1772691900000,9.25,9.25,9.25,9.25,0.0,2026-03-05 06:25:00
1772692200000,9.25,9.25,9.25,9.25,0.0,2026-03-05 06:30:00
1772692500000,9.25,9.25,9.25,9.25,0.0,2026-03-05 06:35:00
1772692800000,9.25,9.25,9.25,9.25,0.0,2026-03-05 06:40:00
1772693100000,9.25,9.25,9.25,9.25,0.0,2026-03-05 06:45:00
1772693400000,9.25,9.25,9.25,9.25,0.0,2026-03-05 06:50:00
1772693700000,9.25,9.25,9.25,9.25,0.0,2026-03-05 06:55:00
1772694000000,9.25,9.25,9.25,9.25,0.0,2026-03-05 07:00:00
1772694300000,9.29,9.29,9.29,9.29,0.29,2026-03-05 07:05:00
1772694600000,9.29,9.29,9.29,9.29,0.0,2026-03-05 07:10:00
1772694900000,9.29,9.29,9.29,9.29,0.0,2026-03-05 07:15:00
1772695200000,9.29,9.29,9.29,9.29,0.0,2026-03-05 07:20:00
1772695500000,9.29,9.29,9.29,9.29,0.0,2026-03-05 07:25:00
1772695800000,9.29,9.29,9.29,9.29,0.0,2026-03-05 07:30:00
1772696100000,9.29,9.29,9.29,9.29,0.0,2026-03-05 07:35:00
1772696400000,9.29,9.29,9.29,9.29,0.0,2026-03-05 07:40:00
1772696700000,9.29,9.29,9.29,9.29,0.0,2026-03-05 07:45:00
1772697000000,9.22,9.22,9.22,9.22,106.6,2026-03-05 07:50:00
1772697300000,9.22,9.22,9.22,9.22,0.0,2026-03-05 07:55:00
1772697600000,9.22,9.22,9.22,9.22,0.0,2026-03-05 08:00:00
1772697900000,9.22,9.22,9.22,9.22,0.0,2026-03-05 08:05:00
1772698200000,9.22,9.22,9.22,9.22,0.0,2026-03-05 08:10:00
1772698500000,9.22,9.22,9.22,9.22,0.0,2026-03-05 08:15:00
1772698800000,9.22,9.22,9.22,9.22,0.0,2026-03-05 08:20:00
1772699100000,9.22,9.22,9.22,9.22,0.0,2026-03-05 08:25:00
1772699400000,9.22,9.22,9.22,9.22,0.0,2026-03-05 08:30:00
1772699700000,9.22,9.22,9.22,9.22,0.0,2026-03-05 08:35:00
1772700000000,9.22,9.22,9.22,9.22,0.0,2026-03-05 08:40:00
1772700300000,9.22,9.22,9.22,9.22,0.0,2026-03-05 08:45:00
1772700600000,9.22,9.22,9.22,9.22,0.0,2026-03-05 08:50:00
1772700900000,9.22,9.22,9.22,9.22,0.0,2026-03-05 08:55:00
1772701200000,9.27,9.29,9.27,9.29,1.96,2026-03-05 09:00:00
1772701500000,9.29,9.29,9.29,9.29,0.0,2026-03-05 09:05:00
1772701800000,9.32,9.32,9.32,9.32,0.65,2026-03-05 09:10:00
1772702100000,9.32,9.32,9.32,9.32,0.0,2026-03-05 09:15:00
1772702400000,9.29,9.29,9.29,9.29,21.21,2026-03-05 09:20:00
1772702700000,9.29,9.29,9.29,9.29,0.0,2026-03-05 09:25:00
1772703000000,9.29,9.29,9.29,9.29,0.0,2026-03-05 09:30:00
1772703300000,9.29,9.29,9.29,9.29,0.0,2026-03-05 09:35:00
1772703600000,9.29,9.29,9.29,9.29,0.0,2026-03-05 09:40:00
1772703900000,9.29,9.29,9.29,9.29,0.0,2026-03-05 09:45:00
1772704200000,9.29,9.29,9.29,9.29,0.0,2026-03-05 09:50:00
1772704500000,9.29,9.29,9.29,9.29,0.0,2026-03-05 09:55:00
1772704800000,9.29,9.29,9.29,9.29,0.0,2026-03-05 10:00:00
1772705100000,9.27,9.27,9.27,9.27,0.65,2026-03-05 10:05:00
1772705400000,9.27,9.27,9.27,9.27,0.0,2026-03-05 10:10:00
1772705700000,9.27,9.27,9.27,9.27,0.0,2026-03-05 10:15:00
1772706000000,9.32,9.32,9.32,9.32,0.65,2026-03-05 10:20:00
1772706300000,9.37,9.37,9.37,9.37,0.64,2026-03-05 10:25:00
1772706600000,9.42,9.42,9.42,9.42,0.64,2026-03-05 10:30:00
1772706900000,9.42,9.42,9.42,9.42,0.0,2026-03-05 10:35:00
1772707200000,9.42,9.42,9.42,9.42,0.0,2026-03-05 10:40:00
1772707500000,9.42,9.42,9.42,9.42,0.0,2026-03-05 10:45:00
1772707800000,9.42,9.42,9.42,9.42,0.0,2026-03-05 10:50:00
1772708100000,9.42,9.42,9.42,9.42,0.0,2026-03-05 10:55:00
1772708400000,9.42,9.42,9.42,9.42,0.0,2026-03-05 11:00:00
1772708700000,9.42,9.42,9.42,9.42,0.0,2026-03-05 11:05:00
1772709000000,9.44,9.44,9.44,9.44,0.91,2026-03-05 11:10:00
1772709300000,9.44,9.44,9.44,9.44,0.0,2026-03-05 11:15:00
1772709600000,9.44,9.44,9.44,9.44,0.0,2026-03-05 11:20:00
1772709900000,9.44,9.44,9.44,9.44,0.0,2026-03-05 11:25:00
1772710200000,9.44,9.44,9.44,9.44,0.0,2026-03-05 11:30:00
1772710500000,9.44,9.44,9.44,9.44,0.0,2026-03-05 11:35:00
1772710800000,9.44,9.44,9.44,9.44,0.0,2026-03-05 11:40:00
1772711100000,9.44,9.44,9.44,9.44,0.0,2026-03-05 11:45:00
1772711400000,9.44,9.44,9.44,9.44,0.0,2026-03-05 11:50:00
1772711700000,9.44,9.44,9.44,9.44,0.0,2026-03-05 11:55:00
1772712000000,9.44,9.44,9.44,9.44,0.0,2026-03-05 12:00:00
1772712300000,9.44,9.44,9.44,9.44,0.0,2026-03-05 12:05:00
1772712600000,9.44,9.44,9.44,9.44,0.0,2026-03-05 12:10:00
1772712900000,9.44,9.44,9.44,9.44,0.0,2026-03-05 12:15:00
1772713200000,9.44,9.44,9.44,9.44,0.0,2026-03-05 12:20:00
1772713500000,9.44,9.44,9.44,9.44,0.0,2026-03-05 12:25:00
1772713800000,9.44,9.44,9.44,9.44,0.0,2026-03-05 12:30:00
1772714100000,9.44,9.44,9.44,9.44,0.0,2026-03-05 12:35:00
1772714400000,9.44,9.44,9.44,9.44,0.0,2026-03-05 12:40:00
1772714700000,9.47,9.47,9.47,9.47,14.77,2026-03-05 12:45:00
1772715000000,9.47,9.47,9.47,9.47,6.44,2026-03-05 12:50:00
1772715300000,9.47,9.47,9.47,9.47,0.0,2026-03-05 12:55:00
1772715600000,9.47,9.47,9.47,9.47,0.0,2026-03-05 13:00:00
1772715900000,9.47,9.47,9.47,9.47,0.0,2026-03-05 13:05:00
1772716200000,9.47,9.47,9.47,9.47,0.0,2026-03-05 13:10:00
1772716500000,9.47,9.47,9.47,9.47,0.0,2026-03-05 13:15:00
1772716800000,9.47,9.47,9.47,9.47,0.0,2026-03-05 13:20:00
1772717100000,9.42,9.42,9.42,9.42,0.63,2026-03-05 13:25:00
1772717400000,9.37,9.37,9.37,9.37,0.64,2026-03-05 13:30:00
1772717700000,9.37,9.37,9.37,9.37,0.0,2026-03-05 13:35:00
1772718000000,9.37,9.37,9.37,9.37,0.0,2026-03-05 13:40:00
1772718300000,9.37,9.37,9.37,9.37,0.0,2026-03-05 13:45:00
1772718600000,9.37,9.37,9.37,9.37,0.0,2026-03-05 13:50:00
1772718900000,9.37,9.37,9.37,9.37,0.0,2026-03-05 13:55:00
1772719200000,9.37,9.37,9.37,9.37,0.0,2026-03-05 14:00:00
1772719500000,9.37,9.37,9.37,9.37,0.0,2026-03-05 14:05:00
1772719800000,9.39,9.39,9.39,9.39,0.57,2026-03-05 14:10:00
1772720100000,9.39,9.39,9.39,9.39,0.0,2026-03-05 14:15:00
1772720400000,9.39,9.39,9.39,9.39,0.0,2026-03-05 14:20:00
1772720700000,9.39,9.39,9.39,9.39,0.0,2026-03-05 14:25:00
1772721000000,9.39,9.39,9.39,9.39,0.0,2026-03-05 14:30:00
1772721300000,9.39,9.39,9.39,9.39,0.0,2026-03-05 14:35:00
1772721600000,9.39,9.39,9.39,9.39,0.0,2026-03-05 14:40:00
1772721900000,9.39,9.39,9.39,9.39,0.0,2026-03-05 14:45:00
1772722200000,9.39,9.39,9.39,9.39,0.0,2026-03-05 14:50:00
1772722500000,9.39,9.39,9.39,9.39,0.0,2026-03-05 14:55:00
1772722800000,9.39,9.39,9.39,9.39,0.0,2026-03-05 15:00:00
1772723100000,9.34,9.34,9.27,9.27,9.84,2026-03-05 15:05:00
1772723400000,9.26,9.27,9.26,9.27,14.46,2026-03-05 15:10:00
1772723700000,9.27,9.27,9.27,9.27,0.0,2026-03-05 15:15:00
1772724000000,9.27,9.27,9.27,9.27,0.0,2026-03-05 15:20:00
1772724300000,9.22,9.22,9.21,9.21,3.9,2026-03-05 15:25:00
1772724600000,9.19,9.19,9.17,9.17,26.02,2026-03-05 15:30:00
1772724900000,9.22,9.24,9.22,9.24,1.62,2026-03-05 15:35:00
1772725200000,9.24,9.24,9.24,9.24,0.0,2026-03-05 15:40:00
1772725500000,9.21,9.24,9.21,9.24,0.64,2026-03-05 15:45:00
1772725800000,9.24,9.24,9.24,9.24,0.32,2026-03-05 15:50:00
1772726100000,9.24,9.24,9.24,9.24,0.0,2026-03-05 15:55:00
1772726400000,9.24,9.24,9.24,9.24,0.0,2026-03-05 16:00:00
1772726700000,9.17,9.17,9.12,9.12,1.79,2026-03-05 16:05:00
1772727000000,9.07,9.12,9.07,9.12,32.93,2026-03-05 16:10:00
1772727300000,9.12,9.12,9.12,9.12,0.0,2026-03-05 16:15:00
1772727600000,9.13,9.13,9.13,9.13,27.45,2026-03-05 16:20:00
1772727900000,9.13,9.13,9.13,9.13,0.0,2026-03-05 16:25:00
1772728200000,9.17,9.17,9.17,9.17,0.66,2026-03-05 16:30:00
1772728500000,9.17,9.17,9.17,9.17,0.0,2026-03-05 16:35:00
1772728800000,9.22,9.22,9.22,9.22,0.65,2026-03-05 16:40:00
1772729100000,9.22,9.22,9.22,9.22,0.0,2026-03-05 16:45:00
1772729400000,9.22,9.22,9.22,9.22,0.0,2026-03-05 16:50:00
1772729700000,9.22,9.22,9.22,9.22,0.0,2026-03-05 16:55:00
1772730000000,9.22,9.22,9.22,9.22,0.0,2026-03-05 17:00:00
1772730300000,9.17,9.17,9.17,9.17,0.65,2026-03-05 17:05:00
1772730600000,9.17,9.17,9.17,9.17,0.0,2026-03-05 17:10:00
1772730900000,9.17,9.17,9.17,9.17,0.0,2026-03-05 17:15:00
1772731200000,9.17,9.17,9.17,9.17,0.0,2026-03-05 17:20:00
1772731500000,9.14,9.14,9.14,9.14,6.14,2026-03-05 17:25:00
1772731800000,9.12,9.12,9.12,9.12,0.66,2026-03-05 17:30:00
1772732100000,9.12,9.12,9.12,9.12,0.0,2026-03-05 17:35:00
1772732400000,9.12,9.12,9.12,9.12,0.0,2026-03-05 17:40:00
1772732700000,9.12,9.12,9.12,9.12,0.0,2026-03-05 17:45:00
1772733000000,9.12,9.12,9.12,9.12,0.0,2026-03-05 17:50:00
1772733300000,9.12,9.12,9.12,9.12,0.0,2026-03-05 17:55:00
1772733600000,9.12,9.12,9.12,9.12,0.0,2026-03-05 18:00:00
1772733900000,9.12,9.12,9.12,9.12,0.0,2026-03-05 18:05:00
1772734200000,9.12,9.12,9.12,9.12,0.0,2026-03-05 18:10:00
1772734500000,9.12,9.12,9.12,9.12,0.0,2026-03-05 18:15:00
1772734800000,9.12,9.12,9.12,9.12,0.0,2026-03-05 18:20:00
1772735100000,9.12,9.12,9.12,9.12,0.0,2026-03-05 18:25:00
1772735400000,9.12,9.12,9.12,9.12,0.0,2026-03-05 18:30:00
1772735700000,9.12,9.12,9.12,9.12,0.0,2026-03-05 18:35:00
1772736000000,9.12,9.12,9.12,9.12,0.0,2026-03-05 18:40:00
1772736300000,9.12,9.12,9.12,9.12,0.0,2026-03-05 18:45:00
1772736600000,9.12,9.12,9.12,9.12,0.0,2026-03-05 18:50:00
1772736900000,9.12,9.12,9.12,9.12,0.0,2026-03-05 18:55:00
1772737200000,9.17,9.2,9.17,9.2,3.2,2026-03-05 19:00:00
1772737500000,9.22,9.22,9.22,9.22,2.71,2026-03-05 19:05:00
1772737800000,9.22,9.22,9.22,9.22,0.0,2026-03-05 19:10:00
1772738100000,9.22,9.22,9.22,9.22,0.0,2026-03-05 19:15:00
1772738400000,9.22,9.22,9.22,9.22,0.0,2026-03-05 19:20:00
1772738700000,9.22,9.22,9.22,9.22,0.0,2026-03-05 19:25:00
1772739000000,9.22,9.22,9.22,9.22,0.0,2026-03-05 19:30:00
1772739300000,9.22,9.22,9.22,9.22,0.0,2026-03-05 19:35:00
1772739600000,9.22,9.22,9.22,9.22,0.0,2026-03-05 19:40:00
1772739900000,9.22,9.22,9.22,9.22,0.0,2026-03-05 19:45:00
1772740200000,9.22,9.22,9.22,9.22,0.0,2026-03-05 19:50:00
1772740500000,9.22,9.22,9.22,9.22,0.0,2026-03-05 19:55:00
1772740800000,9.22,9.22,9.22,9.22,0.0,2026-03-05 20:00:00
1772741100000,9.22,9.22,9.22,9.22,0.0,2026-03-05 20:05:00
1772741400000,9.2,9.2,9.19,9.19,144.75,2026-03-05 20:10:00
1772741700000,9.19,9.19,9.19,9.19,0.0,2026-03-05 20:15:00
1772742000000,9.19,9.19,9.19,9.19,0.0,2026-03-05 20:20:00
1772742300000,9.19,9.19,9.19,9.19,0.0,2026-03-05 20:25:00
1772742600000,9.27,9.27,9.27,9.27,0.65,2026-03-05 20:30:00
1772742900000,9.27,9.27,9.27,9.27,0.0,2026-03-05 20:35:00
1772743200000,9.27,9.27,9.27,9.27,0.0,2026-03-05 20:40:00
1772743500000,9.27,9.27,9.27,9.27,0.0,2026-03-05 20:45:00
1772743800000,9.22,9.22,8.72,9.2,1109.18,2026-03-05 20:50:00
1772744100000,9.27,9.27,9.27,9.27,0.65,2026-03-05 20:55:00
1772744400000,9.27,9.27,9.27,9.27,0.0,2026-03-05 21:00:00
1772744700000,9.31,9.31,9.29,9.29,44.09,2026-03-05 21:05:00
1772745000000,9.29,9.29,9.29,9.29,0.0,2026-03-05 21:10:00
1772745300000,9.29,9.29,9.29,9.29,0.0,2026-03-05 21:15:00
1772745600000,9.29,9.29,9.29,9.29,0.0,2026-03-05 21:20:00
1772745900000,9.29,9.29,9.29,9.29,0.0,2026-03-05 21:25:00
1772746200000,9.29,9.29,9.29,9.29,0.0,2026-03-05 21:30:00
1772746500000,9.29,9.29,9.29,9.29,0.0,2026-03-05 21:35:00
1772746800000,9.29,9.29,9.29,9.29,0.0,2026-03-05 21:40:00
1772747100000,9.29,9.29,9.29,9.29,0.0,2026-03-05 21:45:00
1772747400000,9.22,9.22,9.22,9.22,0.65,2026-03-05 21:50:00
1772747700000,9.22,9.22,9.22,9.22,0.0,2026-03-05 21:55:00
1772748000000,9.22,9.22,9.22,9.22,0.0,2026-03-05 22:00:00
1772748300000,9.22,9.22,9.22,9.22,0.0,2026-03-05 22:05:00
1772748600000,9.22,9.22,9.22,9.22,0.0,2026-03-05 22:10:00
1772748900000,9.22,9.22,9.22,9.22,0.0,2026-03-05 22:15:00
1772749200000,9.22,9.22,9.22,9.22,0.0,2026-03-05 22:20:00
1772749500000,9.18,9.18,9.18,9.18,12.14,2026-03-05 22:25:00
1772749800000,9.18,9.18,9.18,9.18,0.0,2026-03-05 22:30:00
1772750100000,9.18,9.18,9.18,9.18,0.0,2026-03-05 22:35:00
1772750400000,9.18,9.18,9.18,9.18,0.0,2026-03-05 22:40:00
1772750700000,9.18,9.18,9.18,9.18,0.0,2026-03-05 22:45:00
1772751000000,9.18,9.18,9.18,9.18,0.0,2026-03-05 22:50:00
1772751300000,9.18,9.18,9.18,9.18,0.0,2026-03-05 22:55:00
1772751600000,9.18,9.18,9.18,9.18,0.0,2026-03-05 23:00:00
1772751900000,9.18,9.18,9.18,9.18,0.0,2026-03-05 23:05:00
1772752200000,9.18,9.18,9.18,9.18,0.0,2026-03-05 23:10:00
1772752500000,9.18,9.18,9.18,9.18,0.0,2026-03-05 23:15:00
1772752800000,9.18,9.18,9.18,9.18,0.0,2026-03-05 23:20:00
1772753100000,9.18,9.18,9.18,9.18,0.0,2026-03-05 23:25:00
1772753400000,9.18,9.18,9.18,9.18,0.0,2026-03-05 23:30:00
1772753700000,9.18,9.18,9.18,9.18,0.0,2026-03-05 23:35:00
1772754000000,9.18,9.18,9.18,9.18,0.0,2026-03-05 23:40:00
1772754300000,9.18,9.18,9.18,9.18,0.0,2026-03-05 23:45:00
1772754600000,9.18,9.18,9.18,9.18,0.0,2026-03-05 23:50:00
1772754900000,9.18,9.18,9.18,9.18,0.0,2026-03-05 23:55:00
1772755200000,9.21,9.21,9.21,9.21,10.85,2026-03-06 00:00:00
1772755500000,9.21,9.21,9.21,9.21,0.0,2026-03-06 00:05:00
1772755800000,9.21,9.21,9.21,9.21,0.0,2026-03-06 00:10:00
1772756100000,9.21,9.21,9.21,9.21,0.0,2026-03-06 00:15:00
1772756400000,9.19,9.22,9.19,9.22,0.38,2026-03-06 00:20:00
1772756700000,9.19,9.2,9.19,9.19,0.7,2026-03-06 00:25:00
1772757000000,9.19,9.19,9.19,9.19,0.0,2026-03-06 00:30:00
1772757300000,9.21,9.21,9.21,9.21,0.25,2026-03-06 00:35:00
1772757600000,9.21,9.21,9.21,9.21,0.0,2026-03-06 00:40:00
1772757900000,9.21,9.21,9.21,9.21,0.0,2026-03-06 00:45:00
1772758200000,9.21,9.21,9.21,9.21,0.0,2026-03-06 00:50:00
1772758500000,9.21,9.21,9.21,9.21,0.0,2026-03-06 00:55:00
1772758800000,9.21,9.21,9.21,9.21,0.0,2026-03-06 01:00:00
1772759100000,9.21,9.21,9.21,9.21,0.0,2026-03-06 01:05:00
1772759400000,9.21,9.21,9.21,9.21,0.0,2026-03-06 01:10:00
1772759700000,9.21,9.21,9.21,9.21,0.0,2026-03-06 01:15:00
1772760000000,9.21,9.21,9.21,9.21,0.0,2026-03-06 01:20:00
1772760300000,9.21,9.21,9.21,9.21,0.0,2026-03-06 01:25:00
1772760600000,9.21,9.21,9.21,9.21,0.0,2026-03-06 01:30:00
1772760900000,9.21,9.21,9.21,9.21,0.0,2026-03-06 01:35:00
1772761200000,9.27,9.27,9.27,9.27,0.65,2026-03-06 01:40:00
1772761500000,9.27,9.27,9.27,9.27,0.0,2026-03-06 01:45:00
1772761800000,9.27,9.27,9.27,9.27,0.0,2026-03-06 01:50:00
1772762100000,9.27,9.27,9.27,9.27,0.0,2026-03-06 01:55:00
1772762400000,9.27,9.27,9.27,9.27,0.0,2026-03-06 02:00:00
1772762700000,9.27,9.27,9.27,9.27,5.0,2026-03-06 02:05:00
1772763000000,9.27,9.27,9.27,9.27,0.0,2026-03-06 02:10:00
1772763300000,9.27,9.27,9.27,9.27,0.0,2026-03-06 02:15:00
1772763600000,9.27,9.27,9.27,9.27,0.0,2026-03-06 02:20:00
1772763900000,9.27,9.27,9.27,9.27,0.0,2026-03-06 02:25:00
1772764200000,9.27,9.27,9.27,9.27,0.0,2026-03-06 02:30:00
1772764500000,9.27,9.27,9.27,9.27,0.0,2026-03-06 02:35:00
1772764800000,9.27,9.27,9.27,9.27,0.0,2026-03-06 02:40:00
1772765100000,9.27,9.27,9.27,9.27,0.0,2026-03-06 02:45:00
1772765400000,9.27,9.27,9.27,9.27,0.0,2026-03-06 02:50:00
1772765700000,9.27,9.27,9.27,9.27,0.0,2026-03-06 02:55:00
1772766000000,9.27,9.27,9.27,9.27,0.0,2026-03-06 03:00:00
1772766300000,9.28,9.28,9.28,9.28,0.48,2026-03-06 03:05:00
1772766600000,9.28,9.28,9.28,9.28,0.0,2026-03-06 03:10:00
1772766900000,9.28,9.28,9.28,9.28,0.0,2026-03-06 03:15:00
1772767200000,9.28,9.28,9.28,9.28,0.0,2026-03-06 03:20:00
1772767500000,9.28,9.28,9.28,9.28,0.0,2026-03-06 03:25:00
1772767800000,9.27,9.27,9.27,9.27,2.15,2026-03-06 03:30:00
1772768100000,9.27,9.27,9.27,9.27,0.0,2026-03-06 03:35:00
1772768400000,9.27,9.27,9.27,9.27,0.0,2026-03-06 03:40:00
1772768700000,9.27,9.27,9.27,9.27,0.0,2026-03-06 03:45:00
1772769000000,9.27,9.27,9.27,9.27,0.0,2026-03-06 03:50:00
1772769300000,9.25,9.25,9.25,9.25,2.16,2026-03-06 03:55:00
1772769600000,9.25,9.25,9.25,9.25,0.0,2026-03-06 04:00:00
1772769900000,9.26,9.26,9.26,9.26,1.62,2026-03-06 04:05:00
1772770200000,9.26,9.26,9.26,9.26,0.0,2026-03-06 04:10:00
1772770500000,9.26,9.26,9.26,9.26,0.0,2026-03-06 04:15:00
1772770800000,9.26,9.26,9.26,9.26,0.0,2026-03-06 04:20:00
1772771100000,9.26,9.26,9.26,9.26,0.0,2026-03-06 04:25:00
1772771400000,9.26,9.26,9.26,9.26,0.0,2026-03-06 04:30:00
1772771700000,9.22,9.22,9.22,9.22,0.65,2026-03-06 04:35:00
1772772000000,9.17,9.17,9.17,9.17,0.65,2026-03-06 04:40:00
1772772300000,9.17,9.17,9.17,9.17,0.0,2026-03-06 04:45:00
1772772600000,9.17,9.17,9.17,9.17,0.0,2026-03-06 04:50:00
1772772900000,9.17,9.17,9.17,9.17,0.0,2026-03-06 04:55:00
1772773200000,9.17,9.17,9.17,9.17,0.0,2026-03-06 05:00:00
1772773500000,9.17,9.17,9.17,9.17,0.0,2026-03-06 05:05:00
1772773800000,9.17,9.17,9.17,9.17,0.0,2026-03-06 05:10:00
1772774100000,9.17,9.17,9.17,9.17,0.0,2026-03-06 05:15:00
1772774400000,9.17,9.17,9.17,9.17,0.0,2026-03-06 05:20:00
1772774700000,9.17,9.17,9.17,9.17,0.0,2026-03-06 05:25:00
1772775000000,9.17,9.17,9.17,9.17,0.0,2026-03-06 05:30:00
1772775300000,9.17,9.17,9.17,9.17,0.0,2026-03-06 05:35:00
1772775600000,9.17,9.17,9.17,9.17,0.0,2026-03-06 05:40:00
1772775900000,9.16,9.16,9.16,9.16,2.0,2026-03-06 05:45:00
1772776200000,9.16,9.16,9.16,9.16,0.0,2026-03-06 05:50:00
1772776500000,9.16,9.16,9.16,9.16,0.0,2026-03-06 05:55:00
1772776800000,9.16,9.16,9.16,9.16,0.0,2026-03-06 06:00:00
1772777100000,9.16,9.16,9.16,9.16,0.0,2026-03-06 06:05:00
1772777400000,9.16,9.16,9.16,9.16,0.0,2026-03-06 06:10:00
1772777700000,9.16,9.16,9.16,9.16,0.0,2026-03-06 06:15:00
1772778000000,9.16,9.16,9.16,9.16,0.0,2026-03-06 06:20:00
1772778300000,9.16,9.16,9.16,9.16,0.0,2026-03-06 06:25:00
1772778600000,9.19,9.19,9.19,9.19,22.02,2026-03-06 06:30:00
1772778900000,9.19,9.19,9.19,9.19,0.0,2026-03-06 06:35:00
1772779200000,9.19,9.19,9.19,9.19,0.0,2026-03-06 06:40:00
1772779500000,9.22,9.22,9.22,9.22,0.65,2026-03-06 06:45:00
1772779800000,9.22,9.22,9.22,9.22,0.0,2026-03-06 06:50:00
1772780100000,9.22,9.22,9.22,9.22,0.0,2026-03-06 06:55:00
1772780400000,9.22,9.22,9.22,9.22,0.0,2026-03-06 07:00:00
1772780700000,9.22,9.22,9.22,9.22,0.3,2026-03-06 07:05:00
1772781000000,9.22,9.22,9.22,9.22,0.0,2026-03-06 07:10:00
1772781300000,9.22,9.22,9.22,9.22,0.0,2026-03-06 07:15:00
1772781600000,9.22,9.22,9.22,9.22,0.0,2026-03-06 07:20:00
1772781900000,9.22,9.22,9.22,9.22,0.0,2026-03-06 07:25:00
1772782200000,9.27,9.27,9.27,9.27,0.65,2026-03-06 07:30:00
1772782500000,9.27,9.27,9.27,9.27,0.0,2026-03-06 07:35:00
1772782800000,9.27,9.27,9.27,9.27,0.0,2026-03-06 07:40:00
1772783100000,9.27,9.27,9.27,9.27,0.0,2026-03-06 07:45:00
1772783400000,9.27,9.27,9.27,9.27,0.0,2026-03-06 07:50:00
1772783700000,9.27,9.27,9.27,9.27,0.0,2026-03-06 07:55:00
1772784000000,9.27,9.27,9.27,9.27,0.0,2026-03-06 08:00:00
1772784300000,9.27,9.27,9.27,9.27,0.0,2026-03-06 08:05:00
1772784600000,9.27,9.27,9.27,9.27,0.0,2026-03-06 08:10:00
1772784900000,9.27,9.27,9.27,9.27,0.0,2026-03-06 08:15:00
1772785200000,9.27,9.27,9.27,9.27,0.0,2026-03-06 08:20:00
1772785500000,9.27,9.27,9.27,9.27,0.0,2026-03-06 08:25:00
1772785800000,9.27,9.27,9.27,9.27,0.0,2026-03-06 08:30:00
1772786100000,9.22,9.22,9.22,9.22,0.65,2026-03-06 08:35:00
1772786400000,9.22,9.22,9.22,9.22,0.0,2026-03-06 08:40:00
1772786700000,9.22,9.22,9.22,9.22,0.0,2026-03-06 08:45:00
1772787000000,9.22,9.22,9.22,9.22,0.0,2026-03-06 08:50:00
1772787300000,9.22,9.22,9.22,9.22,0.0,2026-03-06 08:55:00
1772787600000,9.22,9.22,9.22,9.22,0.0,2026-03-06 09:00:00
1772787900000,9.22,9.22,9.22,9.22,0.0,2026-03-06 09:05:00
1772788200000,9.17,9.17,9.17,9.17,0.65,2026-03-06 09:10:00
1772788500000,9.17,9.17,9.17,9.17,0.0,2026-03-06 09:15:00
1772788800000,9.12,9.12,9.12,9.12,3.38,2026-03-06 09:20:00
1772789100000,9.12,9.12,9.12,9.12,0.0,2026-03-06 09:25:00
1772789400000,9.12,9.12,9.12,9.12,0.0,2026-03-06 09:30:00
1772789700000,9.12,9.12,9.12,9.12,0.0,2026-03-06 09:35:00
1772790000000,9.12,9.12,9.12,9.12,0.0,2026-03-06 09:40:00
1772790300000,9.12,9.12,9.12,9.12,0.0,2026-03-06 09:45:00
1772790600000,9.12,9.12,9.12,9.12,0.0,2026-03-06 09:50:00
1772790900000,9.12,9.12,9.12,9.12,0.0,2026-03-06 09:55:00
1772791200000,9.12,9.12,9.12,9.12,0.0,2026-03-06 10:00:00
1772791500000,9.12,9.12,9.12,9.12,0.0,2026-03-06 10:05:00
1772791800000,9.12,9.12,9.12,9.12,0.0,2026-03-06 10:10:00
1772792100000,9.12,9.12,9.12,9.12,0.0,2026-03-06 10:15:00
1772792400000,9.17,9.17,9.17,9.17,0.66,2026-03-06 10:20:00
1772792700000,9.17,9.17,9.17,9.17,0.0,2026-03-06 10:25:00
1772793000000,9.17,9.17,9.17,9.17,0.0,2026-03-06 10:30:00
1772793300000,9.17,9.17,9.17,9.17,5.44,2026-03-06 10:35:00
1772793600000,9.17,9.17,9.17,9.17,0.0,2026-03-06 10:40:00
1772793900000,9.17,9.17,9.17,9.17,0.0,2026-03-06 10:45:00
1772794200000,9.17,9.17,9.17,9.17,0.0,2026-03-06 10:50:00
1772794500000,9.17,9.17,9.17,9.17,0.0,2026-03-06 10:55:00
1772794800000,9.17,9.17,9.17,9.17,0.0,2026-03-06 11:00:00
1772795100000,9.17,9.17,9.17,9.17,0.0,2026-03-06 11:05:00
1772795400000,9.17,9.17,9.17,9.17,0.0,2026-03-06 11:10:00
1772795700000,9.17,9.17,9.17,9.17,0.0,2026-03-06 11:15:00
1772796000000,9.17,9.17,9.17,9.17,0.0,2026-03-06 11:20:00
1772796300000,9.17,9.17,9.17,9.17,0.0,2026-03-06 11:25:00
1772796600000,9.17,9.17,9.17,9.17,0.0,2026-03-06 11:30:00
1772796900000,9.17,9.17,9.17,9.17,0.0,2026-03-06 11:35:00
1772797200000,9.12,9.12,9.12,9.12,0.66,2026-03-06 11:40:00
1772797500000,9.12,9.12,9.12,9.12,0.0,2026-03-06 11:45:00
1772797800000,9.12,9.12,9.12,9.12,0.0,2026-03-06 11:50:00
1772798100000,9.12,9.12,9.12,9.12,0.0,2026-03-06 11:55:00
1772798400000,9.12,9.12,9.12,9.12,0.0,2026-03-06 12:00:00
1772798700000,9.07,9.07,9.02,9.02,4.09,2026-03-06 12:05:00
1772799000000,9.03,9.03,9.03,9.03,12.47,2026-03-06 12:10:00
1772799300000,9.02,9.07,9.02,9.07,4.68,2026-03-06 12:15:00
1772799600000,9.1,9.1,9.1,9.1,0.33,2026-03-06 12:20:00
1772799900000,9.1,9.1,9.1,9.1,0.0,2026-03-06 12:25:00
1772800200000,9.1,9.1,9.1,9.1,0.0,2026-03-06 12:30:00
1772800500000,9.1,9.1,9.1,9.1,0.0,2026-03-06 12:35:00
1772800800000,9.1,9.1,9.1,9.1,0.0,2026-03-06 12:40:00
1772801100000,9.1,9.1,9.1,9.1,0.0,2026-03-06 12:45:00
1772801400000,9.1,9.1,9.1,9.1,0.0,2026-03-06 12:50:00
1772801700000,9.1,9.1,9.1,9.1,0.0,2026-03-06 12:55:00
1772802000000,9.1,9.1,9.1,9.1,0.0,2026-03-06 13:00:00
1772802300000,9.08,9.08,9.08,9.08,1.32,2026-03-06 13:05:00
1772802600000,9.08,9.08,9.08,9.08,0.0,2026-03-06 13:10:00
1772802900000,9.09,9.09,9.09,9.09,0.55,2026-03-06 13:15:00
1772803200000,9.09,9.09,9.09,9.09,0.0,2026-03-06 13:20:00
1772803500000,9.09,9.09,9.09,9.09,0.0,2026-03-06 13:25:00
1772803800000,9.02,9.02,9.02,9.02,0.54,2026-03-06 13:30:00
1772804100000,9.12,9.12,9.12,9.12,0.66,2026-03-06 13:35:00
1772804400000,9.12,9.12,9.12,9.12,0.0,2026-03-06 13:40:00
1772804700000,9.12,9.12,9.12,9.12,0.0,2026-03-06 13:45:00
1772805000000,9.07,9.07,9.07,9.07,0.99,2026-03-06 13:50:00
1772805300000,9.02,9.02,8.94,8.94,119.29,2026-03-06 13:55:00
1772805600000,8.94,8.94,8.94,8.94,0.0,2026-03-06 14:00:00
1772805900000,8.91,8.91,8.91,8.91,0.67,2026-03-06 14:05:00
1772806200000,8.9,8.91,8.9,8.9,106.9,2026-03-06 14:10:00
1772806500000,8.9,8.9,8.9,8.9,0.0,2026-03-06 14:15:00
1772806800000,8.9,8.9,8.9,8.9,0.0,2026-03-06 14:20:00
1772807100000,8.9,8.9,8.9,8.9,0.0,2026-03-06 14:25:00
1772807400000,8.93,8.95,8.9,8.9,8.77,2026-03-06 14:30:00
1772807700000,8.86,8.86,8.85,8.85,18.29,2026-03-06 14:35:00
1772808000000,8.85,8.85,8.85,8.85,1423.89,2026-03-06 14:40:00
1772808300000,8.83,8.83,8.81,8.81,1.24,2026-03-06 14:45:00
1772808600000,8.78,8.78,8.78,8.78,2.38,2026-03-06 14:50:00
1772808900000,8.78,8.78,8.78,8.78,0.0,2026-03-06 14:55:00
1772809200000,8.78,8.78,8.78,8.78,0.0,2026-03-06 15:00:00
1772809500000,8.82,8.83,8.82,8.83,7.37,2026-03-06 15:05:00
1772809800000,8.82,8.82,8.82,8.82,5.67,2026-03-06 15:10:00
1772810100000,8.82,8.82,8.82,8.82,0.0,2026-03-06 15:15:00
1772810400000,8.82,8.82,8.82,8.82,0.0,2026-03-06 15:20:00
1772810700000,8.82,8.82,8.82,8.82,0.0,2026-03-06 15:25:00
1772811000000,8.82,8.82,8.82,8.82,0.0,2026-03-06 15:30:00
1772811300000,8.86,8.86,8.86,8.86,0.67,2026-03-06 15:35:00
1772811600000,8.86,8.86,8.86,8.86,0.0,2026-03-06 15:40:00
1772811900000,8.86,8.86,8.86,8.86,0.0,2026-03-06 15:45:00
1772812200000,8.86,8.86,8.86,8.86,0.0,2026-03-06 15:50:00
1772812500000,8.86,8.86,8.86,8.86,0.0,2026-03-06 15:55:00
1772812800000,8.86,8.86,8.86,8.86,0.0,2026-03-06 16:00:00
1772813100000,8.86,8.86,8.86,8.86,0.0,2026-03-06 16:05:00
1772813400000,8.75,8.75,8.75,8.75,0.68,2026-03-06 16:10:00
1772813700000,8.75,8.75,8.75,8.75,0.57,2026-03-06 16:15:00
1772814000000,8.72,8.72,8.72,8.72,7.52,2026-03-06 16:20:00
1772814300000,8.72,8.72,8.72,8.72,0.0,2026-03-06 16:25:00
1772814600000,8.72,8.72,8.72,8.72,0.0,2026-03-06 16:30:00
1772814900000,8.72,8.72,8.72,8.72,0.0,2026-03-06 16:35:00
1772815200000,8.72,8.72,8.72,8.72,0.0,2026-03-06 16:40:00
1772815500000,8.72,8.72,8.72,8.72,0.0,2026-03-06 16:45:00
1772815800000,8.75,8.75,8.75,8.75,3.3,2026-03-06 16:50:00
1772816100000,8.75,8.75,8.75,8.75,1.73,2026-03-06 16:55:00
1772816400000,8.75,8.75,8.75,8.75,0.0,2026-03-06 17:00:00
1772816700000,8.77,8.77,8.76,8.76,1.41,2026-03-06 17:05:00
1772817000000,8.76,8.76,8.76,8.76,0.68,2026-03-06 17:10:00
1772817300000,8.76,8.76,8.76,8.76,0.0,2026-03-06 17:15:00
1772817600000,8.76,8.76,8.76,8.76,152.63,2026-03-06 17:20:00
1772817900000,8.76,8.76,8.76,8.76,0.0,2026-03-06 17:25:00
1772818200000,8.76,8.76,8.76,8.76,0.0,2026-03-06 17:30:00
1772818500000,8.7,8.7,8.7,8.7,0.69,2026-03-06 17:35:00
1772818800000,8.7,8.7,8.7,8.7,0.0,2026-03-06 17:40:00
1772819100000,8.7,8.7,8.7,8.7,0.0,2026-03-06 17:45:00
1772819400000,8.7,8.7,8.7,8.7,0.0,2026-03-06 17:50:00
1772819700000,8.7,8.7,8.7,8.7,0.0,2026-03-06 17:55:00
1772820000000,8.75,8.75,8.75,8.75,0.69,2026-03-06 18:00:00
1772820300000,8.75,8.75,8.75,8.75,0.0,2026-03-06 18:05:00
1772820600000,8.75,8.75,8.75,8.75,0.0,2026-03-06 18:10:00
1772820900000,8.75,8.75,8.75,8.75,0.0,2026-03-06 18:15:00
1772821200000,8.75,8.75,8.75,8.75,0.0,2026-03-06 18:20:00
1772821500000,8.79,8.79,8.79,8.79,1.85,2026-03-06 18:25:00
1772821800000,8.79,8.79,8.79,8.79,0.0,2026-03-06 18:30:00
1772822100000,8.79,8.79,8.79,8.79,0.0,2026-03-06 18:35:00
1772822400000,8.79,8.79,8.79,8.79,0.0,2026-03-06 18:40:00
1772822700000,8.79,8.79,8.79,8.79,0.0,2026-03-06 18:45:00
1772823000000,8.79,8.79,8.79,8.79,0.0,2026-03-06 18:50:00
1772823300000,8.79,8.79,8.79,8.79,0.0,2026-03-06 18:55:00
1772823600000,8.79,8.79,8.79,8.79,0.0,2026-03-06 19:00:00
1772823900000,8.79,8.79,8.79,8.79,2.84,2026-03-06 19:05:00
1772824200000,8.79,8.79,8.79,8.79,0.0,2026-03-06 19:10:00
1772824500000,8.81,8.81,8.81,8.81,0.68,2026-03-06 19:15:00
1772824800000,8.81,8.81,8.81,8.81,1.0,2026-03-06 19:20:00
1772825100000,8.81,8.81,8.81,8.81,0.0,2026-03-06 19:25:00
1772825400000,8.81,8.81,8.81,8.81,0.0,2026-03-06 19:30:00
1772825700000,8.81,8.81,8.81,8.81,0.0,2026-03-06 19:35:00
1772826000000,8.81,8.81,8.81,8.81,0.0,2026-03-06 19:40:00
1772826300000,8.81,8.81,8.81,8.81,0.0,2026-03-06 19:45:00
1772826600000,8.81,8.81,8.81,8.81,0.0,2026-03-06 19:50:00
1772826900000,8.81,8.81,8.81,8.81,0.0,2026-03-06 19:55:00
1772827200000,8.81,8.81,8.81,8.81,0.0,2026-03-06 20:00:00
1772827500000,8.81,8.81,8.81,8.81,0.39,2026-03-06 20:05:00
1772827800000,8.81,8.81,8.81,8.81,0.0,2026-03-06 20:10:00
1772828100000,8.81,8.81,8.81,8.81,0.0,2026-03-06 20:15:00
1772828400000,8.81,8.81,8.81,8.81,0.0,2026-03-06 20:20:00
1772828700000,8.77,8.77,8.75,8.75,12.04,2026-03-06 20:25:00
1772829000000,8.75,8.75,8.75,8.75,0.0,2026-03-06 20:30:00
1772829300000,8.75,8.75,8.75,8.75,0.0,2026-03-06 20:35:00
1772829600000,8.75,8.75,8.75,8.75,0.0,2026-03-06 20:40:00
1772829900000,8.75,8.75,8.75,8.75,0.0,2026-03-06 20:45:00
1772830200000,8.75,8.75,8.75,8.75,0.0,2026-03-06 20:50:00
1772830500000,8.75,8.75,8.75,8.75,0.0,2026-03-06 20:55:00
1772830800000,8.75,8.75,8.75,8.75,0.0,2026-03-06 21:00:00
1772831100000,8.75,8.75,8.75,8.75,0.0,2026-03-06 21:05:00
1772831400000,8.75,8.75,8.75,8.75,0.0,2026-03-06 21:10:00
1772831700000,8.75,8.75,8.75,8.75,0.0,2026-03-06 21:15:00
1772832000000,8.77,8.77,8.77,8.77,3.19,2026-03-06 21:20:00
1772832300000,8.77,8.77,8.77,8.77,0.0,2026-03-06 21:25:00
1772832600000,8.77,8.77,8.77,8.77,0.0,2026-03-06 21:30:00
1772832900000,8.77,8.77,8.77,8.77,0.0,2026-03-06 21:35:00
1772833200000,8.77,8.77,8.77,8.77,0.0,2026-03-06 21:40:00
1772833500000,8.77,8.77,8.77,8.77,0.0,2026-03-06 21:45:00
1772833800000,8.77,8.77,8.77,8.77,0.0,2026-03-06 21:50:00
1772834100000,8.77,8.77,8.77,8.77,0.0,2026-03-06 21:55:00
1772834400000,8.77,8.77,8.77,8.77,0.0,2026-03-06 22:00:00
1772834700000,8.77,8.77,8.77,8.77,0.0,2026-03-06 22:05:00
1772835000000,8.77,8.77,8.77,8.77,0.0,2026-03-06 22:10:00
1772835300000,8.77,8.77,8.77,8.77,0.0,2026-03-06 22:15:00
1772835600000,8.77,8.77,8.77,8.77,0.0,2026-03-06 22:20:00
1772835900000,8.77,8.77,8.77,8.77,0.0,2026-03-06 22:25:00
1772836200000,8.77,8.77,8.77,8.77,0.0,2026-03-06 22:30:00
1772836500000,8.81,8.81,8.81,8.81,5.66,2026-03-06 22:35:00
1772836800000,8.81,8.81,8.81,8.81,0.0,2026-03-06 22:40:00
1772837100000,8.81,8.81,8.81,8.81,0.0,2026-03-06 22:45:00
1772837400000,8.81,8.81,8.81,8.81,0.0,2026-03-06 22:50:00
1772837700000,8.81,8.81,8.81,8.81,0.0,2026-03-06 22:55:00
1772838000000,8.82,8.82,8.82,8.82,1.13,2026-03-06 23:00:00
1772838300000,8.82,8.82,8.82,8.82,0.0,2026-03-06 23:05:00
1772838600000,8.82,8.82,8.82,8.82,0.0,2026-03-06 23:10:00
1772838900000,8.82,8.82,8.82,8.82,0.0,2026-03-06 23:15:00
1772839200000,8.81,8.81,8.81,8.81,1.13,2026-03-06 23:20:00
1772839500000,8.81,8.81,8.81,8.81,0.0,2026-03-06 23:25:00
1772839800000,8.81,8.81,8.81,8.81,0.0,2026-03-06 23:30:00
1772840100000,8.8,8.8,8.8,8.8,2.27,2026-03-06 23:35:00
1772840400000,8.8,8.8,8.8,8.8,0.0,2026-03-06 23:40:00
1772840700000,8.8,8.8,8.8,8.8,0.0,2026-03-06 23:45:00
1772841000000,8.8,8.8,8.8,8.8,0.0,2026-03-06 23:50:00
1772841300000,8.8,8.8,8.8,8.8,0.0,2026-03-06 23:55:00
1772841600000,8.77,8.77,8.77,8.77,110.87,2026-03-07 00:00:00
1772841900000,8.77,8.77,8.77,8.77,0.0,2026-03-07 00:05:00
1772842200000,8.77,8.77,8.77,8.77,0.0,2026-03-07 00:10:00
1772842500000,8.8,8.82,8.8,8.81,1.37,2026-03-07 00:15:00
1772842800000,8.81,8.82,8.8,8.8,1.62,2026-03-07 00:20:00
1772843100000,8.81,8.81,8.81,8.81,0.39,2026-03-07 00:25:00
1772843400000,8.81,8.81,8.81,8.81,0.31,2026-03-07 00:30:00
1772843700000,8.81,8.81,8.81,8.81,0.0,2026-03-07 00:35:00
1772844000000,8.81,8.81,8.81,8.81,0.0,2026-03-07 00:40:00
1772844300000,8.81,8.81,8.81,8.81,0.0,2026-03-07 00:45:00
1772844600000,8.81,8.81,8.81,8.81,0.0,2026-03-07 00:50:00
1772844900000,8.81,8.81,8.81,8.81,0.0,2026-03-07 00:55:00
1772845200000,8.81,8.81,8.81,8.81,0.0,2026-03-07 01:00:00
1772845500000,8.81,8.82,8.81,8.82,36.93,2026-03-07 01:05:00
1772845800000,8.82,8.82,8.82,8.82,0.0,2026-03-07 01:10:00
1772846100000,8.82,8.82,8.82,8.82,0.0,2026-03-07 01:15:00
1772846400000,8.82,8.82,8.82,8.82,0.0,2026-03-07 01:20:00
1772846700000,8.82,8.82,8.82,8.82,0.0,2026-03-07 01:25:00
1772847000000,8.82,8.82,8.82,8.82,0.0,2026-03-07 01:30:00
1772847300000,8.82,8.82,8.82,8.82,0.0,2026-03-07 01:35:00
1772847600000,8.82,8.82,8.82,8.82,0.0,2026-03-07 01:40:00
1772847900000,8.82,8.82,8.82,8.82,0.0,2026-03-07 01:45:00
1772848200000,8.82,8.82,8.82,8.82,0.0,2026-03-07 01:50:00
1772848500000,8.82,8.82,8.82,8.82,0.0,2026-03-07 01:55:00
1772848800000,8.82,8.82,8.82,8.82,0.0,2026-03-07 02:00:00
1772849100000,8.79,8.79,8.79,8.79,6.24,2026-03-07 02:05:00
1772849400000,8.79,8.79,8.79,8.79,0.0,2026-03-07 02:10:00
1772849700000,8.79,8.79,8.79,8.79,0.0,2026-03-07 02:15:00
1772850000000,8.79,8.79,8.79,8.79,0.0,2026-03-07 02:20:00
1772850300000,8.76,8.76,8.76,8.76,3.5,2026-03-07 02:25:00
1772850600000,8.76,8.76,8.76,8.76,0.0,2026-03-07 02:30:00
1772850900000,8.76,8.76,8.76,8.76,0.0,2026-03-07 02:35:00
1772851200000,8.76,8.76,8.76,8.76,0.0,2026-03-07 02:40:00
1772851500000,8.76,8.76,8.76,8.76,0.0,2026-03-07 02:45:00
1772851800000,8.76,8.76,8.76,8.76,0.0,2026-03-07 02:50:00
1772852100000,8.76,8.76,8.76,8.76,0.0,2026-03-07 02:55:00
1772852400000,8.82,8.82,8.82,8.82,4.19,2026-03-07 03:00:00
1772852700000,8.82,8.82,8.82,8.82,0.0,2026-03-07 03:05:00
1772853000000,8.82,8.82,8.82,8.82,0.0,2026-03-07 03:10:00
1772853300000,8.82,8.82,8.82,8.82,0.0,2026-03-07 03:15:00
1772853600000,8.82,8.82,8.82,8.82,0.0,2026-03-07 03:20:00
1772853900000,8.82,8.82,8.82,8.82,0.0,2026-03-07 03:25:00
1772854200000,8.82,8.82,8.82,8.82,2.83,2026-03-07 03:30:00
1772854500000,8.82,8.82,8.82,8.82,0.0,2026-03-07 03:35:00
1772854800000,8.82,8.82,8.82,8.82,0.0,2026-03-07 03:40:00
1772855100000,8.82,8.82,8.82,8.82,0.0,2026-03-07 03:45:00
1772855400000,8.8,8.8,8.8,8.8,45.33,2026-03-07 03:50:00
1772855700000,8.8,8.8,8.8,8.8,0.0,2026-03-07 03:55:00
1772856000000,8.77,8.77,8.77,8.77,0.68,2026-03-07 04:00:00
1772856300000,8.77,8.77,8.77,8.77,1.71,2026-03-07 04:05:00
1772856600000,8.77,8.77,8.77,8.77,0.0,2026-03-07 04:10:00
1772856900000,8.77,8.77,8.77,8.77,0.0,2026-03-07 04:15:00
1772857200000,8.77,8.77,8.77,8.77,0.0,2026-03-07 04:20:00
1772857500000,8.77,8.77,8.77,8.77,0.0,2026-03-07 04:25:00
1772857800000,8.77,8.8,8.77,8.8,1.35,2026-03-07 04:30:00
1772858100000,8.8,8.8,8.8,8.8,0.0,2026-03-07 04:35:00
1772858400000,8.81,8.83,8.81,8.83,1.36,2026-03-07 04:40:00
1772858700000,8.83,8.83,8.83,8.83,0.0,2026-03-07 04:45:00
1772859000000,8.83,8.83,8.83,8.83,0.0,2026-03-07 04:50:00
1772859300000,8.83,8.83,8.83,8.83,0.0,2026-03-07 04:55:00
1772859600000,8.83,8.83,8.83,8.83,0.0,2026-03-07 05:00:00
1772859900000,8.83,8.83,8.83,8.83,0.0,2026-03-07 05:05:00
1772860200000,8.83,8.83,8.83,8.83,0.0,2026-03-07 05:10:00
1772860500000,8.79,8.79,8.79,8.79,0.67,2026-03-07 05:15:00
1772860800000,8.79,8.79,8.79,8.79,0.0,2026-03-07 05:20:00
1772861100000,8.79,8.79,8.79,8.79,0.0,2026-03-07 05:25:00
1772861400000,8.79,8.79,8.79,8.79,7.56,2026-03-07 05:30:00
1772861700000,8.79,8.79,8.79,8.79,0.0,2026-03-07 05:35:00
1772862000000,8.79,8.79,8.79,8.79,0.0,2026-03-07 05:40:00
1772862300000,8.79,8.79,8.79,8.79,0.0,2026-03-07 05:45:00
1772862600000,8.79,8.79,8.79,8.79,0.0,2026-03-07 05:50:00
1772862900000,8.79,8.79,8.79,8.79,0.0,2026-03-07 05:55:00
1772863200000,8.79,8.79,8.79,8.79,0.0,2026-03-07 06:00:00
1772863500000,8.81,8.81,8.81,8.81,8.04,2026-03-07 06:05:00
1772863800000,8.81,8.81,8.81,8.81,0.0,2026-03-07 06:10:00
1772864100000,8.81,8.81,8.81,8.81,0.0,2026-03-07 06:15:00
1772864400000,8.81,8.81,8.81,8.81,0.0,2026-03-07 06:20:00
1772864700000,8.81,8.81,8.81,8.81,0.0,2026-03-07 06:25:00
1772865000000,8.81,8.81,8.81,8.81,0.0,2026-03-07 06:30:00
1772865300000,8.76,8.76,8.76,8.76,3.9,2026-03-07 06:35:00
1772865600000,8.76,8.76,8.76,8.76,0.0,2026-03-07 06:40:00
1772865900000,8.76,8.76,8.76,8.76,0.0,2026-03-07 06:45:00
1772866200000,8.76,8.76,8.76,8.76,0.0,2026-03-07 06:50:00
1772866500000,8.76,8.76,8.76,8.76,0.0,2026-03-07 06:55:00
1772866800000,8.76,8.76,8.76,8.76,0.0,2026-03-07 07:00:00
1772867100000,8.76,8.76,8.76,8.76,0.0,2026-03-07 07:05:00
1772867400000,8.76,8.76,8.76,8.76,0.0,2026-03-07 07:10:00
1772867700000,8.76,8.76,8.76,8.76,0.0,2026-03-07 07:15:00
1772868000000,8.76,8.76,8.76,8.76,0.0,2026-03-07 07:20:00
1772868300000,8.76,8.76,8.76,8.76,0.0,2026-03-07 07:25:00
1772868600000,8.76,8.76,8.76,8.76,0.0,2026-03-07 07:30:00
1772868900000,8.76,8.76,8.76,8.76,0.0,2026-03-07 07:35:00
1772869200000,8.76,8.76,8.76,8.76,0.0,2026-03-07 07:40:00
1772869500000,8.76,8.76,8.76,8.76,0.0,2026-03-07 07:45:00
1772869800000,8.76,8.76,8.76,8.76,0.0,2026-03-07 07:50:00
1772870100000,8.76,8.76,8.76,8.76,0.0,2026-03-07 07:55:00
1772870400000,8.76,8.76,8.76,8.76,0.0,2026-03-07 08:00:00
1772870700000,8.76,8.76,8.76,8.76,0.0,2026-03-07 08:05:00
1772871000000,8.76,8.76,8.76,8.76,0.0,2026-03-07 08:10:00
1772871300000,8.76,8.76,8.76,8.76,0.0,2026-03-07 08:15:00
1772871600000,8.76,8.76,8.76,8.76,0.0,2026-03-07 08:20:00
1772871900000,8.76,8.76,8.76,8.76,0.0,2026-03-07 08:25:00
1772872200000,8.76,8.76,8.76,8.76,0.0,2026-03-07 08:30:00
1772872500000,8.76,8.76,8.76,8.76,0.0,2026-03-07 08:35:00
1772872800000,8.76,8.76,8.76,8.76,0.0,2026-03-07 08:40:00
1772873100000,8.76,8.76,8.76,8.76,0.0,2026-03-07 08:45:00
1772873400000,8.76,8.76,8.76,8.76,0.0,2026-03-07 08:50:00
1772873700000,8.76,8.76,8.76,8.76,0.0,2026-03-07 08:55:00
1772874000000,8.76,8.76,8.76,8.76,0.0,2026-03-07 09:00:00
1772874300000,8.76,8.76,8.76,8.76,0.0,2026-03-07 09:05:00
1772874600000,8.76,8.76,8.76,8.76,0.0,2026-03-07 09:10:00
1772874900000,8.76,8.76,8.76,8.76,0.0,2026-03-07 09:15:00
1772875200000,8.77,8.77,8.77,8.77,7.37,2026-03-07 09:20:00
1772875500000,8.77,8.77,8.77,8.77,0.0,2026-03-07 09:25:00
1772875800000,8.77,8.77,8.77,8.77,0.0,2026-03-07 09:30:00
1772876100000,8.77,8.77,8.77,8.77,0.0,2026-03-07 09:35:00
1772876400000,8.77,8.77,8.77,8.77,0.0,2026-03-07 09:40:00
1772876700000,8.77,8.77,8.77,8.77,0.0,2026-03-07 09:45:00
1772877000000,8.77,8.77,8.77,8.77,0.0,2026-03-07 09:50:00
1772877300000,8.77,8.77,8.77,8.77,0.0,2026-03-07 09:55:00
1772877600000,8.77,8.77,8.77,8.77,0.0,2026-03-07 10:00:00
1772877900000,8.77,8.77,8.77,8.77,0.0,2026-03-07 10:05:00
1772878200000,8.81,8.81,8.81,8.81,16.98,2026-03-07 10:10:00
1772878500000,8.81,8.81,8.81,8.81,0.0,2026-03-07 10:15:00
1772878800000,8.81,8.81,8.81,8.81,0.0,2026-03-07 10:20:00
1772879100000,8.81,8.81,8.81,8.81,0.0,2026-03-07 10:25:00
1772879400000,8.81,8.81,8.81,8.81,0.0,2026-03-07 10:30:00
1772879700000,8.81,8.81,8.81,8.81,0.0,2026-03-07 10:35:00
1772880000000,8.81,8.81,8.81,8.81,0.0,2026-03-07 10:40:00
1772880300000,8.81,8.81,8.81,8.81,0.0,2026-03-07 10:45:00
1772880600000,8.81,8.81,8.81,8.81,0.0,2026-03-07 10:50:00
1772880900000,8.81,8.81,8.81,8.81,0.0,2026-03-07 10:55:00
1772881200000,8.77,8.77,8.77,8.77,0.57,2026-03-07 11:00:00
1772881500000,8.77,8.77,8.77,8.77,0.0,2026-03-07 11:05:00
1772881800000,8.77,8.77,8.77,8.77,0.0,2026-03-07 11:10:00
1772882100000,8.77,8.77,8.77,8.77,0.0,2026-03-07 11:15:00
1772882400000,8.77,8.77,8.77,8.77,0.0,2026-03-07 11:20:00
1772882700000,8.77,8.77,8.77,8.77,0.0,2026-03-07 11:25:00
1772883000000,8.77,8.77,8.77,8.77,0.0,2026-03-07 11:30:00
1772883300000,8.77,8.77,8.77,8.77,0.0,2026-03-07 11:35:00
1772883600000,8.77,8.77,8.77,8.77,0.0,2026-03-07 11:40:00
1772883900000,8.77,8.77,8.77,8.77,0.0,2026-03-07 11:45:00
1772884200000,8.77,8.77,8.77,8.77,0.0,2026-03-07 11:50:00
1772884500000,8.77,8.77,8.77,8.77,0.0,2026-03-07 11:55:00
1772884800000,8.77,8.77,8.77,8.77,0.0,2026-03-07 12:00:00
1772885100000,8.77,8.77,8.77,8.77,0.0,2026-03-07 12:05:00
1772885400000,8.77,8.77,8.77,8.77,0.0,2026-03-07 12:10:00
1772885700000,8.77,8.77,8.77,8.77,0.0,2026-03-07 12:15:00
1772886000000,8.77,8.77,8.77,8.77,0.0,2026-03-07 12:20:00
1772886300000,8.77,8.77,8.77,8.77,0.0,2026-03-07 12:25:00
1772886600000,8.77,8.77,8.77,8.77,0.0,2026-03-07 12:30:00
1772886900000,8.77,8.77,8.77,8.77,0.0,2026-03-07 12:35:00
1772887200000,8.77,8.77,8.77,8.77,0.0,2026-03-07 12:40:00
1772887500000,8.77,8.77,8.77,8.77,0.0,2026-03-07 12:45:00
1772887800000,8.77,8.77,8.77,8.77,0.0,2026-03-07 12:50:00
1772888100000,8.77,8.77,8.77,8.77,0.0,2026-03-07 12:55:00
1772888400000,8.77,8.77,8.77,8.77,0.0,2026-03-07 13:00:00
1772888700000,8.77,8.77,8.77,8.77,0.0,2026-03-07 13:05:00
1772889000000,8.77,8.77,8.77,8.77,0.0,2026-03-07 13:10:00
1772889300000,8.77,8.77,8.77,8.77,0.0,2026-03-07 13:15:00
1772889600000,8.77,8.77,8.77,8.77,0.0,2026-03-07 13:20:00
1772889900000,8.77,8.77,8.77,8.77,0.0,2026-03-07 13:25:00
1772890200000,8.77,8.77,8.77,8.77,0.0,2026-03-07 13:30:00
1772890500000,8.77,8.77,8.77,8.77,0.0,2026-03-07 13:35:00
1772890800000,8.77,8.77,8.77,8.77,0.0,2026-03-07 13:40:00
1772891100000,8.77,8.77,8.77,8.77,0.0,2026-03-07 13:45:00
1772891400000,8.77,8.77,8.77,8.77,0.0,2026-03-07 13:50:00
1772891700000,8.77,8.77,8.77,8.77,0.0,2026-03-07 13:55:00
1772892000000,8.78,8.78,8.78,8.78,3.42,2026-03-07 14:00:00
1772892300000,8.78,8.78,8.78,8.78,0.0,2026-03-07 14:05:00
1772892600000,8.75,8.75,8.75,8.75,1.29,2026-03-07 14:10:00
1772892900000,8.75,8.75,8.75,8.75,0.0,2026-03-07 14:15:00
1772893200000,8.75,8.75,8.75,8.75,0.0,2026-03-07 14:20:00
1772893500000,8.75,8.75,8.75,8.75,0.0,2026-03-07 14:25:00
1772893800000,8.75,8.75,8.75,8.75,0.0,2026-03-07 14:30:00
1772894100000,8.75,8.75,8.75,8.75,0.0,2026-03-07 14:35:00
1772894400000,8.75,8.75,8.75,8.75,0.0,2026-03-07 14:40:00
1772894700000,8.75,8.75,8.75,8.75,0.0,2026-03-07 14:45:00
1772895000000,8.75,8.75,8.75,8.75,0.0,2026-03-07 14:50:00
1772895300000,8.75,8.75,8.75,8.75,0.0,2026-03-07 14:55:00
1772895600000,8.75,8.75,8.75,8.75,0.0,2026-03-07 15:00:00
1772895900000,8.81,8.81,8.81,8.81,5.66,2026-03-07 15:05:00
1772896200000,8.8,8.8,8.8,8.8,2.0,2026-03-07 15:10:00
1772896500000,8.8,8.8,8.8,8.8,0.0,2026-03-07 15:15:00
1772896800000,8.8,8.8,8.8,8.8,0.0,2026-03-07 15:20:00
1772897100000,8.8,8.8,8.8,8.8,0.0,2026-03-07 15:25:00
1772897400000,8.8,8.8,8.8,8.8,0.0,2026-03-07 15:30:00
1772897700000,8.75,8.75,8.75,8.75,0.68,2026-03-07 15:35:00
1772898000000,8.75,8.75,8.75,8.75,0.0,2026-03-07 15:40:00
1772898300000,8.75,8.75,8.75,8.75,0.0,2026-03-07 15:45:00
1772898600000,8.75,8.75,8.75,8.75,0.0,2026-03-07 15:50:00
1772898900000,8.75,8.75,8.75,8.75,0.0,2026-03-07 15:55:00
1772899200000,8.74,8.76,8.74,8.76,1.48,2026-03-07 16:00:00
1772899500000,8.76,8.76,8.76,8.76,0.0,2026-03-07 16:05:00
1772899800000,8.76,8.76,8.76,8.76,0.0,2026-03-07 16:10:00
1772900100000,8.76,8.76,8.76,8.76,0.0,2026-03-07 16:15:00
1772900400000,8.76,8.76,8.76,8.76,0.0,2026-03-07 16:20:00
1772900700000,8.76,8.76,8.76,8.76,0.0,2026-03-07 16:25:00
1772901000000,8.76,8.76,8.76,8.76,0.0,2026-03-07 16:30:00
1772901300000,8.76,8.76,8.76,8.76,0.0,2026-03-07 16:35:00
1772901600000,8.76,8.76,8.76,8.76,0.0,2026-03-07 16:40:00
1772901900000,8.76,8.76,8.76,8.76,0.0,2026-03-07 16:45:00
1772902200000,8.76,8.76,8.76,8.76,0.0,2026-03-07 16:50:00
1772902500000,8.76,8.76,8.76,8.76,0.0,2026-03-07 16:55:00
1772902800000,8.76,8.76,8.76,8.76,0.0,2026-03-07 17:00:00
1772903100000,8.76,8.76,8.76,8.76,0.0,2026-03-07 17:05:00
1772903400000,8.76,8.76,8.76,8.76,0.0,2026-03-07 17:10:00
1772903700000,8.76,8.76,8.76,8.76,0.0,2026-03-07 17:15:00
1772904000000,8.76,8.76,8.76,8.76,0.0,2026-03-07 17:20:00
1772904300000,8.76,8.76,8.76,8.76,0.0,2026-03-07 17:25:00
1772904600000,8.76,8.76,8.76,8.76,0.0,2026-03-07 17:30:00
1772904900000,8.76,8.76,8.76,8.76,0.0,2026-03-07 17:35:00
1772905200000,8.76,8.76,8.76,8.76,0.0,2026-03-07 17:40:00
1772905500000,8.76,8.76,8.76,8.76,0.0,2026-03-07 17:45:00
1772905800000,8.76,8.76,8.76,8.76,0.0,2026-03-07 17:50:00
1772906100000,8.76,8.76,8.76,8.76,0.0,2026-03-07 17:55:00
1772906400000,8.76,8.76,8.76,8.76,0.0,2026-03-07 18:00:00
1772906700000,8.76,8.76,8.76,8.76,0.0,2026-03-07 18:05:00
1772907000000,8.76,8.76,8.76,8.76,0.0,2026-03-07 18:10:00
1772907300000,8.74,8.74,8.74,8.74,5.7,2026-03-07 18:15:00
1772907600000,8.73,8.73,8.73,8.73,0.69,2026-03-07 18:20:00
1772907900000,8.73,8.73,8.73,8.73,0.0,2026-03-07 18:25:00
1772908200000,8.73,8.73,8.73,8.73,0.0,2026-03-07 18:30:00
1772908500000,8.73,8.73,8.73,8.73,0.0,2026-03-07 18:35:00
1772908800000,8.73,8.73,8.73,8.73,0.0,2026-03-07 18:40:00
1772909100000,8.73,8.73,8.73,8.73,0.0,2026-03-07 18:45:00
1772909400000,8.73,8.73,8.73,8.73,0.0,2026-03-07 18:50:00
1772909700000,8.73,8.73,8.73,8.73,0.0,2026-03-07 18:55:00
1772910000000,8.72,8.72,8.72,8.72,0.34,2026-03-07 19:00:00
1772910300000,8.72,8.72,8.72,8.72,2.86,2026-03-07 19:05:00
1772910600000,8.72,8.72,8.72,8.72,0.0,2026-03-07 19:10:00
1772910900000,8.7,8.7,8.7,8.7,0.69,2026-03-07 19:15:00
1772911200000,8.7,8.7,8.7,8.7,0.0,2026-03-07 19:20:00
1772911500000,8.7,8.7,8.7,8.7,0.0,2026-03-07 19:25:00
1772911800000,8.7,8.7,8.7,8.7,0.0,2026-03-07 19:30:00
1772912100000,8.7,8.7,8.7,8.7,0.0,2026-03-07 19:35:00
1772912400000,8.7,8.7,8.7,8.7,0.0,2026-03-07 19:40:00
1772912700000,8.7,8.7,8.7,8.7,0.0,2026-03-07 19:45:00
1772913000000,8.68,8.68,8.64,8.64,118.35,2026-03-07 19:50:00
1772913300000,8.64,8.64,8.64,8.64,0.0,2026-03-07 19:55:00
1772913600000,8.64,8.64,8.64,8.64,0.0,2026-03-07 20:00:00
1772913900000,8.64,8.64,8.64,8.64,0.0,2026-03-07 20:05:00
1772914200000,8.64,8.64,8.64,8.64,0.0,2026-03-07 20:10:00
1772914500000,8.64,8.64,8.64,8.64,0.0,2026-03-07 20:15:00
1772914800000,8.64,8.64,8.64,8.64,0.0,2026-03-07 20:20:00
1772915100000,8.64,8.64,8.64,8.64,0.0,2026-03-07 20:25:00
1772915400000,8.64,8.64,8.64,8.64,0.0,2026-03-07 20:30:00
1772915700000,8.64,8.64,8.64,8.64,0.0,2026-03-07 20:35:00
1772916000000,8.7,8.72,8.7,8.72,1.04,2026-03-07 20:40:00
1772916300000,8.72,8.72,8.72,8.72,0.0,2026-03-07 20:45:00
1772916600000,8.68,8.71,8.68,8.71,2.08,2026-03-07 20:50:00
1772916900000,8.71,8.71,8.71,8.71,0.0,2026-03-07 20:55:00
1772917200000,8.71,8.71,8.71,8.71,0.0,2026-03-07 21:00:00
1772917500000,8.71,8.71,8.71,8.71,0.0,2026-03-07 21:05:00
1772917800000,8.71,8.71,8.71,8.71,0.0,2026-03-07 21:10:00
1772918100000,8.71,8.71,8.71,8.71,0.0,2026-03-07 21:15:00
1772918400000,8.71,8.71,8.71,8.71,0.0,2026-03-07 21:20:00
1772918700000,8.71,8.71,8.71,8.71,0.0,2026-03-07 21:25:00
1772919000000,8.71,8.71,8.71,8.71,0.0,2026-03-07 21:30:00
1772919300000,8.66,8.66,8.66,8.66,59.81,2026-03-07 21:35:00
1772919600000,8.66,8.66,8.66,8.66,0.0,2026-03-07 21:40:00
1772919900000,8.66,8.66,8.66,8.66,0.0,2026-03-07 21:45:00
1772920200000,8.66,8.66,8.66,8.66,0.0,2026-03-07 21:50:00
1772920500000,8.66,8.66,8.66,8.66,0.0,2026-03-07 21:55:00
1772920800000,8.66,8.66,8.66,8.66,0.0,2026-03-07 22:00:00
1772921100000,8.66,8.66,8.66,8.66,0.0,2026-03-07 22:05:00
1772921400000,8.66,8.66,8.66,8.66,0.0,2026-03-07 22:10:00
1772921700000,8.66,8.66,8.66,8.66,0.0,2026-03-07 22:15:00
1772922000000,8.66,8.66,8.66,8.66,0.0,2026-03-07 22:20:00
1772922300000,8.66,8.66,8.66,8.66,0.0,2026-03-07 22:25:00
1772922600000,8.66,8.66,8.66,8.66,0.0,2026-03-07 22:30:00
1772922900000,8.66,8.66,8.66,8.66,0.0,2026-03-07 22:35:00
1772923200000,8.66,8.66,8.66,8.66,0.0,2026-03-07 22:40:00
1772923500000,8.66,8.66,8.66,8.66,0.0,2026-03-07 22:45:00
1772923800000,8.66,8.66,8.66,8.66,0.0,2026-03-07 22:50:00
1772924100000,8.66,8.66,8.66,8.66,0.0,2026-03-07 22:55:00
1772924400000,8.66,8.66,8.66,8.66,0.0,2026-03-07 23:00:00
1772924700000,8.66,8.66,8.66,8.66,0.0,2026-03-07 23:05:00
1772925000000,8.66,8.66,8.66,8.66,0.0,2026-03-07 23:10:00
1772925300000,8.66,8.66,8.66,8.66,0.0,2026-03-07 23:15:00
1772925600000,8.66,8.66,8.66,8.66,0.0,2026-03-07 23:20:00
1772925900000,8.66,8.66,8.66,8.66,0.0,2026-03-07 23:25:00
1772926200000,8.66,8.66,8.66,8.66,0.0,2026-03-07 23:30:00
1772926500000,8.66,8.66,8.66,8.66,0.0,2026-03-07 23:35:00
1772926800000,8.66,8.66,8.66,8.66,0.0,2026-03-07 23:40:00
1772927100000,8.66,8.66,8.66,8.66,0.0,2026-03-07 23:45:00
1772927400000,8.68,8.68,8.68,8.68,3.12,2026-03-07 23:50:00
1772927700000,8.68,8.68,8.68,8.68,0.0,2026-03-07 23:55:00
1772928000000,8.68,8.68,8.68,8.68,0.0,2026-03-08 00:00:00
1772928300000,8.72,8.72,8.72,8.72,34.31,2026-03-08 00:05:00
1772928600000,8.72,8.72,8.72,8.72,0.0,2026-03-08 00:10:00
1772928900000,8.72,8.72,8.7,8.7,34.78,2026-03-08 00:15:00
1772929200000,8.7,8.7,8.7,8.7,0.0,2026-03-08 00:20:00
1772929500000,8.7,8.7,8.7,8.7,0.0,2026-03-08 00:25:00
1772929800000,8.68,8.68,8.68,8.68,0.3,2026-03-08 00:30:00
1772930100000,8.68,8.68,8.68,8.68,0.0,2026-03-08 00:35:00
1772930400000,8.68,8.68,8.68,8.68,0.0,2026-03-08 00:40:00
1772930700000,8.68,8.68,8.68,8.68,0.0,2026-03-08 00:45:00
1772931000000,8.68,8.68,8.68,8.68,0.0,2026-03-08 00:50:00
1772931300000,8.68,8.68,8.68,8.68,0.0,2026-03-08 00:55:00
1772931600000,8.68,8.68,8.68,8.68,0.0,2026-03-08 01:00:00
1772931900000,8.68,8.68,8.68,8.68,0.0,2026-03-08 01:05:00
1772932200000,8.68,8.68,8.68,8.68,0.0,2026-03-08 01:10:00
1772932500000,8.68,8.68,8.68,8.68,0.0,2026-03-08 01:15:00
1772932800000,8.68,8.68,8.68,8.68,0.0,2026-03-08 01:20:00
1772933100000,8.68,8.68,8.68,8.68,0.0,2026-03-08 01:25:00
1772933400000,8.68,8.68,8.68,8.68,0.0,2026-03-08 01:30:00
1772933700000,8.68,8.68,8.68,8.68,0.0,2026-03-08 01:35:00
1772934000000,8.68,8.68,8.68,8.68,0.0,2026-03-08 01:40:00
1772934300000,8.68,8.68,8.68,8.68,0.0,2026-03-08 01:45:00
1772934600000,8.68,8.68,8.68,8.68,0.0,2026-03-08 01:50:00
1772934900000,8.68,8.68,8.68,8.68,0.0,2026-03-08 01:55:00
1772935200000,8.68,8.68,8.68,8.68,0.0,2026-03-08 02:00:00
1772935500000,8.68,8.68,8.68,8.68,0.0,2026-03-08 02:05:00
1772935800000,8.68,8.68,8.68,8.68,0.0,2026-03-08 02:10:00
1772936100000,8.68,8.68,8.68,8.68,0.0,2026-03-08 02:15:00
1772936400000,8.68,8.68,8.68,8.68,0.0,2026-03-08 02:20:00
1772936700000,8.68,8.68,8.68,8.68,0.0,2026-03-08 02:25:00
1772937000000,8.68,8.68,8.68,8.68,0.0,2026-03-08 02:30:00
1772937300000,8.65,8.65,8.65,8.65,0.69,2026-03-08 02:35:00
1772937600000,8.65,8.65,8.65,8.65,0.0,2026-03-08 02:40:00
1772937900000,8.65,8.65,8.65,8.65,0.0,2026-03-08 02:45:00
1772938200000,8.62,8.62,8.59,8.59,33.2,2026-03-08 02:50:00
1772938500000,8.59,8.59,8.59,8.59,0.0,2026-03-08 02:55:00
1772938800000,8.59,8.59,8.59,8.59,0.0,2026-03-08 03:00:00
1772939100000,8.59,8.59,8.59,8.59,0.0,2026-03-08 03:05:00
1772939400000,8.59,8.59,8.59,8.59,0.0,2026-03-08 03:10:00
1772939700000,8.59,8.59,8.59,8.59,0.0,2026-03-08 03:15:00
1772940000000,8.59,8.59,8.59,8.59,0.0,2026-03-08 03:20:00
1772940300000,8.59,8.59,8.59,8.59,0.0,2026-03-08 03:25:00
1772940600000,8.59,8.59,8.59,8.59,0.0,2026-03-08 03:30:00
1772940900000,8.59,8.59,8.59,8.59,0.0,2026-03-08 03:35:00
1772941200000,8.6,8.6,8.6,8.6,2.57,2026-03-08 03:40:00
1772941500000,8.6,8.6,8.6,8.6,0.0,2026-03-08 03:45:00
1772941800000,8.6,8.6,8.6,8.6,0.0,2026-03-08 03:50:00
1772942100000,8.6,8.6,8.6,8.6,0.0,2026-03-08 03:55:00
1772942400000,8.6,8.6,8.6,8.6,0.0,2026-03-08 04:00:00
1772942700000,8.63,8.63,8.63,8.63,3.5,2026-03-08 04:05:00
1772943000000,8.63,8.63,8.63,8.63,0.0,2026-03-08 04:10:00
1772943300000,8.61,8.61,8.61,8.61,5.79,2026-03-08 04:15:00
1772943600000,8.61,8.61,8.61,8.61,0.0,2026-03-08 04:20:00
1772943900000,8.61,8.61,8.61,8.61,0.0,2026-03-08 04:25:00
1772944200000,8.61,8.61,8.61,8.61,0.0,2026-03-08 04:30:00
1772944500000,8.61,8.61,8.61,8.61,0.0,2026-03-08 04:35:00
1772944800000,8.61,8.61,8.61,8.61,0.0,2026-03-08 04:40:00
1772945100000,8.61,8.61,8.61,8.61,0.0,2026-03-08 04:45:00
1772945400000,8.58,8.58,8.58,8.58,7.28,2026-03-08 04:50:00
1772945700000,8.55,8.55,8.53,8.53,1.55,2026-03-08 04:55:00
1772946000000,8.53,8.53,8.53,8.53,0.0,2026-03-08 05:00:00
1772946300000,8.53,8.53,8.53,8.53,0.0,2026-03-08 05:05:00
1772946600000,8.53,8.53,8.53,8.53,0.0,2026-03-08 05:10:00
1772946900000,8.6,8.6,8.6,8.6,0.7,2026-03-08 05:15:00
1772947200000,8.6,8.6,8.6,8.6,0.0,2026-03-08 05:20:00
1772947500000,8.6,8.6,8.6,8.6,0.0,2026-03-08 05:25:00
1772947800000,8.6,8.6,8.6,8.6,0.0,2026-03-08 05:30:00
1772948100000,8.6,8.6,8.6,8.6,0.0,2026-03-08 05:35:00
1772948400000,8.6,8.6,8.6,8.6,0.0,2026-03-08 05:40:00
1772948700000,8.6,8.6,8.6,8.6,0.0,2026-03-08 05:45:00
1772949000000,8.6,8.6,8.6,8.6,0.0,2026-03-08 05:50:00
1772949300000,8.6,8.6,8.6,8.6,0.0,2026-03-08 05:55:00
1772949600000,8.6,8.6,8.6,8.6,0.0,2026-03-08 06:00:00
1772949900000,8.6,8.6,8.6,8.6,0.0,2026-03-08 06:05:00
1772950200000,8.6,8.6,8.6,8.6,0.0,2026-03-08 06:10:00
1772950500000,8.6,8.6,8.6,8.6,0.0,2026-03-08 06:15:00
1772950800000,8.6,8.6,8.6,8.6,0.0,2026-03-08 06:20:00
1772951100000,8.6,8.6,8.6,8.6,0.0,2026-03-08 06:25:00
1772951400000,8.6,8.6,8.6,8.6,0.0,2026-03-08 06:30:00
1772951700000,8.6,8.6,8.6,8.6,0.0,2026-03-08 06:35:00
1772952000000,8.6,8.6,8.6,8.6,0.0,2026-03-08 06:40:00
1772952300000,8.6,8.6,8.6,8.6,0.0,2026-03-08 06:45:00
1772952600000,8.6,8.6,8.6,8.6,0.0,2026-03-08 06:50:00
1772952900000,8.62,8.62,8.62,8.62,11.48,2026-03-08 06:55:00
1772953200000,8.62,8.62,8.62,8.62,0.0,2026-03-08 07:00:00
1772953500000,8.65,8.65,8.65,8.65,0.32,2026-03-08 07:05:00
1772953800000,8.65,8.65,8.65,8.65,0.0,2026-03-08 07:10:00
1772954100000,8.65,8.65,8.65,8.65,0.0,2026-03-08 07:15:00
1772954400000,8.65,8.67,8.65,8.67,35.11,2026-03-08 07:20:00
1772954700000,8.65,8.65,8.65,8.65,67.89,2026-03-08 07:25:00
1772955000000,8.65,8.65,8.65,8.65,0.0,2026-03-08 07:30:00
1772955300000,8.65,8.65,8.65,8.65,0.0,2026-03-08 07:35:00
1772955600000,8.65,8.65,8.65,8.65,0.0,2026-03-08 07:40:00
1772955900000,8.65,8.65,8.65,8.65,0.0,2026-03-08 07:45:00
1772956200000,8.65,8.65,8.65,8.65,0.0,2026-03-08 07:50:00
1772956500000,8.65,8.65,8.65,8.65,0.0,2026-03-08 07:55:00
1772956800000,8.65,8.65,8.65,8.65,0.0,2026-03-08 08:00:00
1772957100000,8.65,8.65,8.65,8.65,0.0,2026-03-08 08:05:00
1772957400000,8.65,8.65,8.65,8.65,0.0,2026-03-08 08:10:00
1772957700000,8.65,8.65,8.65,8.65,0.0,2026-03-08 08:15:00
1772958000000,8.65,8.65,8.65,8.65,0.0,2026-03-08 08:20:00
1772958300000,8.65,8.65,8.65,8.65,0.0,2026-03-08 08:25:00
1772958600000,8.6,8.6,8.6,8.6,0.7,2026-03-08 08:30:00
1772958900000,8.6,8.6,8.6,8.6,0.0,2026-03-08 08:35:00
1772959200000,8.6,8.6,8.6,8.6,0.0,2026-03-08 08:40:00
1772959500000,8.6,8.6,8.6,8.6,0.0,2026-03-08 08:45:00
1772959800000,8.6,8.6,8.6,8.6,0.0,2026-03-08 08:50:00
1772960100000,8.6,8.6,8.6,8.6,0.0,2026-03-08 08:55:00
1772960400000,8.6,8.6,8.6,8.6,0.0,2026-03-08 09:00:00
1772960700000,8.6,8.6,8.6,8.6,0.0,2026-03-08 09:05:00
1772961000000,8.65,8.65,8.65,8.65,0.7,2026-03-08 09:10:00
1772961300000,8.65,8.65,8.65,8.65,0.0,2026-03-08 09:15:00
1772961600000,8.67,8.67,8.67,8.67,4.56,2026-03-08 09:20:00
1772961900000,8.67,8.67,8.67,8.67,0.0,2026-03-08 09:25:00
1772962200000,8.67,8.67,8.67,8.67,0.0,2026-03-08 09:30:00
1772962500000,8.67,8.67,8.67,8.67,0.0,2026-03-08 09:35:00
1772962800000,8.67,8.67,8.67,8.67,0.0,2026-03-08 09:40:00
1772963100000,8.67,8.67,8.67,8.67,0.0,2026-03-08 09:45:00
1772963400000,8.67,8.67,8.67,8.67,0.0,2026-03-08 09:50:00
1772963700000,8.67,8.67,8.67,8.67,0.0,2026-03-08 09:55:00
1772964000000,8.67,8.67,8.67,8.67,0.0,2026-03-08 10:00:00
1772964300000,8.67,8.67,8.67,8.67,0.0,2026-03-08 10:05:00
1772964600000,8.7,8.71,8.7,8.71,17.18,2026-03-08 10:10:00
1772964900000,8.71,8.71,8.71,8.71,0.0,2026-03-08 10:15:00
1772965200000,8.75,8.75,8.75,8.75,0.69,2026-03-08 10:20:00
1772965500000,8.75,8.75,8.75,8.75,0.0,2026-03-08 10:25:00
1772965800000,8.75,8.75,8.75,8.75,0.0,2026-03-08 10:30:00
1772966100000,8.75,8.75,8.75,8.75,0.0,2026-03-08 10:35:00
1772966400000,8.75,8.75,8.75,8.75,0.0,2026-03-08 10:40:00
1772966700000,8.75,8.75,8.75,8.75,0.0,2026-03-08 10:45:00
1772967000000,8.75,8.75,8.75,8.75,28.52,2026-03-08 10:50:00
1772967300000,8.75,8.75,8.75,8.75,0.0,2026-03-08 10:55:00
1772967600000,8.75,8.75,8.75,8.75,0.0,2026-03-08 11:00:00
1772967900000,8.7,8.7,8.7,8.7,0.69,2026-03-08 11:05:00
1772968200000,8.7,8.7,8.7,8.7,0.0,2026-03-08 11:10:00
1772968500000,8.7,8.7,8.7,8.7,0.0,2026-03-08 11:15:00
1772968800000,8.7,8.7,8.7,8.7,0.0,2026-03-08 11:20:00
1772969100000,8.7,8.7,8.7,8.7,0.0,2026-03-08 11:25:00
1772969400000,8.7,8.7,8.7,8.7,0.0,2026-03-08 11:30:00
1772969700000,8.7,8.7,8.7,8.7,0.0,2026-03-08 11:35:00
1772970000000,8.65,8.65,8.65,8.65,0.69,2026-03-08 11:40:00
1772970300000,8.65,8.65,8.65,8.65,0.0,2026-03-08 11:45:00
1772970600000,8.65,8.65,8.65,8.65,0.0,2026-03-08 11:50:00
1772970900000,8.65,8.65,8.65,8.65,0.0,2026-03-08 11:55:00
1772971200000,8.65,8.65,8.65,8.65,0.0,2026-03-08 12:00:00
1772971500000,8.65,8.65,8.65,8.65,0.0,2026-03-08 12:05:00
1772971800000,8.6,8.6,8.6,8.6,0.7,2026-03-08 12:10:00
1772972100000,8.6,8.6,8.6,8.6,0.0,2026-03-08 12:15:00
1772972400000,8.6,8.6,8.6,8.6,0.0,2026-03-08 12:20:00
1772972700000,8.65,8.65,8.65,8.65,0.7,2026-03-08 12:25:00
1772973000000,8.65,8.65,8.65,8.65,0.0,2026-03-08 12:30:00
1772973300000,8.65,8.65,8.65,8.65,0.0,2026-03-08 12:35:00
1772973600000,8.65,8.65,8.65,8.65,0.0,2026-03-08 12:40:00
1772973900000,8.65,8.65,8.65,8.65,0.0,2026-03-08 12:45:00
1772974200000,8.65,8.65,8.65,8.65,0.0,2026-03-08 12:50:00
1772974500000,8.65,8.65,8.65,8.65,0.0,2026-03-08 12:55:00
1772974800000,8.65,8.65,8.65,8.65,0.0,2026-03-08 13:00:00
1772975100000,8.65,8.65,8.65,8.65,0.0,2026-03-08 13:05:00
1772975400000,8.6,8.6,8.6,8.6,0.7,2026-03-08 13:10:00
1772975700000,8.6,8.6,8.6,8.6,0.0,2026-03-08 13:15:00
1772976000000,8.6,8.6,8.6,8.6,0.0,2026-03-08 13:20:00
1772976300000,8.6,8.6,8.6,8.6,0.0,2026-03-08 13:25:00
1772976600000,8.6,8.6,8.6,8.6,0.0,2026-03-08 13:30:00
1772976900000,8.6,8.6,8.6,8.6,0.0,2026-03-08 13:35:00
1772977200000,8.6,8.6,8.6,8.6,0.0,2026-03-08 13:40:00
1772977500000,8.6,8.6,8.6,8.6,0.0,2026-03-08 13:45:00
1772977800000,8.6,8.6,8.6,8.6,0.0,2026-03-08 13:50:00
1772978100000,8.6,8.6,8.6,8.6,0.0,2026-03-08 13:55:00
1772978400000,8.6,8.6,8.6,8.6,0.0,2026-03-08 14:00:00
1772978700000,8.6,8.6,8.6,8.6,0.0,2026-03-08 14:05:00
1772979000000,8.62,8.62,8.62,8.62,0.62,2026-03-08 14:10:00
1772979300000,8.62,8.62,8.62,8.62,0.0,2026-03-08 14:15:00
1772979600000,8.62,8.62,8.62,8.62,0.0,2026-03-08 14:20:00
1772979900000,8.62,8.62,8.62,8.62,0.0,2026-03-08 14:25:00
1772980200000,8.62,8.62,8.62,8.62,0.0,2026-03-08 14:30:00
1772980500000,8.62,8.62,8.62,8.62,0.0,2026-03-08 14:35:00
1772980800000,8.62,8.62,8.62,8.62,0.0,2026-03-08 14:40:00
1772981100000,8.62,8.62,8.62,8.62,0.0,2026-03-08 14:45:00
1772981400000,8.57,8.57,8.56,8.56,112.34,2026-03-08 14:50:00
1772981700000,8.56,8.56,8.56,8.56,0.0,2026-03-08 14:55:00
1772982000000,8.56,8.56,8.56,8.56,0.0,2026-03-08 15:00:00
1772982300000,8.58,8.58,8.58,8.58,5.81,2026-03-08 15:05:00
1772982600000,8.58,8.58,8.58,8.58,0.0,2026-03-08 15:10:00
1772982900000,8.58,8.58,8.58,8.58,0.0,2026-03-08 15:15:00
1772983200000,8.58,8.58,8.58,8.58,0.0,2026-03-08 15:20:00
1772983500000,8.58,8.58,8.58,8.58,0.0,2026-03-08 15:25:00
1772983800000,8.58,8.58,8.58,8.58,0.0,2026-03-08 15:30:00
1772984100000,8.56,8.56,8.56,8.56,34.96,2026-03-08 15:35:00
1772984400000,8.56,8.56,8.56,8.56,0.0,2026-03-08 15:40:00
1772984700000,8.56,8.56,8.56,8.56,0.0,2026-03-08 15:45:00
1772985000000,8.56,8.56,8.56,8.56,0.0,2026-03-08 15:50:00
1772985300000,8.56,8.56,8.56,8.56,0.0,2026-03-08 15:55:00
1772985600000,8.56,8.56,8.56,8.56,0.0,2026-03-08 16:00:00
1772985900000,8.56,8.56,8.56,8.56,0.0,2026-03-08 16:05:00
1772986200000,8.56,8.56,8.56,8.56,0.0,2026-03-08 16:10:00
1772986500000,8.55,8.55,8.55,8.55,0.7,2026-03-08 16:15:00
1772986800000,8.55,8.55,8.55,8.55,0.0,2026-03-08 16:20:00
1772987100000,8.55,8.55,8.55,8.55,0.0,2026-03-08 16:25:00
1772987400000,8.55,8.55,8.55,8.55,0.0,2026-03-08 16:30:00
1772987700000,8.55,8.55,8.55,8.55,0.0,2026-03-08 16:35:00
1772988000000,8.55,8.55,8.55,8.55,0.0,2026-03-08 16:40:00
1772988300000,8.55,8.55,8.55,8.55,0.0,2026-03-08 16:45:00
1772988600000,8.55,8.55,8.55,8.55,0.0,2026-03-08 16:50:00
1772988900000,8.55,8.55,8.55,8.55,0.0,2026-03-08 16:55:00
1772989200000,8.55,8.55,8.55,8.55,0.0,2026-03-08 17:00:00
1772989500000,8.55,8.55,8.55,8.55,0.0,2026-03-08 17:05:00
1772989800000,8.57,8.57,8.57,8.57,0.35,2026-03-08 17:10:00
1772990100000,8.57,8.57,8.57,8.57,0.0,2026-03-08 17:15:00
1772990400000,8.57,8.57,8.57,8.57,0.0,2026-03-08 17:20:00
1772990700000,8.57,8.57,8.57,8.57,0.0,2026-03-08 17:25:00
1772991000000,8.57,8.57,8.57,8.57,0.0,2026-03-08 17:30:00
1772991300000,8.57,8.57,8.57,8.57,0.0,2026-03-08 17:35:00
1772991600000,8.57,8.57,8.57,8.57,0.0,2026-03-08 17:40:00
1772991900000,8.57,8.57,8.57,8.57,0.0,2026-03-08 17:45:00
1772992200000,8.57,8.57,8.57,8.57,0.0,2026-03-08 17:50:00
1772992500000,8.57,8.57,8.57,8.57,0.0,2026-03-08 17:55:00
1772992800000,8.57,8.57,8.57,8.57,0.0,2026-03-08 18:00:00
1772993100000,8.57,8.57,8.57,8.57,0.0,2026-03-08 18:05:00
1772993400000,8.57,8.57,8.57,8.57,0.0,2026-03-08 18:10:00
1772993700000,8.57,8.57,8.57,8.57,0.0,2026-03-08 18:15:00
1772994000000,8.57,8.57,8.57,8.57,0.0,2026-03-08 18:20:00
1772994300000,8.57,8.57,8.57,8.57,0.0,2026-03-08 18:25:00
1772994600000,8.57,8.57,8.57,8.57,0.0,2026-03-08 18:30:00
1772994900000,8.57,8.57,8.57,8.57,0.0,2026-03-08 18:35:00
1772995200000,8.57,8.57,8.57,8.57,0.0,2026-03-08 18:40:00
1772995500000,8.57,8.57,8.57,8.57,0.0,2026-03-08 18:45:00
1772995800000,8.57,8.57,8.57,8.57,0.0,2026-03-08 18:50:00
1772996100000,8.57,8.57,8.57,8.57,0.0,2026-03-08 18:55:00
1772996400000,8.57,8.57,8.57,8.57,0.0,2026-03-08 19:00:00
1772996700000,8.55,8.57,8.55,8.57,14.57,2026-03-08 19:05:00
1772997000000,8.6,8.61,8.6,8.61,1.16,2026-03-08 19:10:00
1772997300000,8.62,8.62,8.57,8.57,1.18,2026-03-08 19:15:00
1772997600000,8.57,8.57,8.57,8.57,0.0,2026-03-08 19:20:00
1772997900000,8.64,8.64,8.62,8.62,1.19,2026-03-08 19:25:00
1772998200000,8.62,8.62,8.62,8.62,0.0,2026-03-08 19:30:00
1772998500000,8.65,8.65,8.65,8.65,0.7,2026-03-08 19:35:00
1772998800000,8.65,8.65,8.65,8.65,0.0,2026-03-08 19:40:00
1772999100000,8.65,8.65,8.65,8.65,3.49,2026-03-08 19:45:00
1772999400000,8.64,8.64,8.64,8.64,0.92,2026-03-08 19:50:00
1772999700000,8.64,8.64,8.64,8.64,0.0,2026-03-08 19:55:00
1773000000000,8.64,8.64,8.64,8.64,0.0,2026-03-08 20:00:00
1773000300000,8.64,8.64,8.64,8.64,0.0,2026-03-08 20:05:00
1773000600000,8.64,8.64,8.64,8.64,0.0,2026-03-08 20:10:00
1773000900000,8.64,8.64,8.64,8.64,0.0,2026-03-08 20:15:00
1773001200000,8.64,8.64,8.64,8.64,2.29,2026-03-08 20:20:00
1773001500000,8.64,8.64,8.64,8.64,0.0,2026-03-08 20:25:00
1773001800000,8.64,8.64,8.64,8.64,0.0,2026-03-08 20:30:00
1773002100000,8.64,8.64,8.64,8.64,0.0,2026-03-08 20:35:00
1773002400000,8.64,8.64,8.64,8.64,0.0,2026-03-08 20:40:00
1773002700000,8.68,8.68,8.68,8.68,2.89,2026-03-08 20:45:00
1773003000000,8.68,8.68,8.68,8.68,0.0,2026-03-08 20:50:00
1773003300000,8.68,8.68,8.68,8.68,0.0,2026-03-08 20:55:00
1773003600000,8.68,8.68,8.68,8.68,0.0,2026-03-08 21:00:00
1773003900000,8.6,8.6,8.6,8.6,0.7,2026-03-08 21:05:00
1773004200000,8.6,8.6,8.6,8.6,0.0,2026-03-08 21:10:00
1773004500000,8.6,8.6,8.6,8.6,11.28,2026-03-08 21:15:00
1773004800000,8.6,8.6,8.6,8.6,0.0,2026-03-08 21:20:00
1773005100000,8.6,8.6,8.6,8.6,0.0,2026-03-08 21:25:00
1773005400000,8.6,8.6,8.6,8.6,0.0,2026-03-08 21:30:00
1773005700000,8.6,8.6,8.6,8.6,0.0,2026-03-08 21:35:00
1773006000000,8.6,8.6,8.6,8.6,0.0,2026-03-08 21:40:00
1773006300000,8.6,8.6,8.6,8.6,0.0,2026-03-08 21:45:00
1773006600000,8.6,8.6,8.6,8.6,0.0,2026-03-08 21:50:00
1773006900000,8.6,8.6,8.6,8.6,0.0,2026-03-08 21:55:00
1773007200000,8.55,8.55,8.44,8.44,126.34,2026-03-08 22:00:00
1773007500000,8.4,8.5,8.4,8.5,54.85,2026-03-08 22:05:00
1773007800000,8.5,8.5,8.47,8.47,259.13,2026-03-08 22:10:00
1773008100000,8.47,8.47,8.47,8.47,0.0,2026-03-08 22:15:00
1773008400000,8.45,8.45,8.45,8.45,0.71,2026-03-08 22:20:00
1773008700000,8.5,8.5,8.5,8.5,0.71,2026-03-08 22:25:00
1773009000000,8.53,8.53,8.53,8.53,1.28,2026-03-08 22:30:00
1773009300000,8.5,8.55,8.5,8.55,12.43,2026-03-08 22:35:00
1773009600000,8.55,8.55,8.55,8.55,0.0,2026-03-08 22:40:00
1773009900000,8.55,8.55,8.55,8.55,0.0,2026-03-08 22:45:00
1773010200000,8.55,8.55,8.55,8.55,0.0,2026-03-08 22:50:00
1773010500000,8.55,8.55,8.55,8.55,13.76,2026-03-08 22:55:00
1773010800000,8.55,8.55,8.55,8.55,0.0,2026-03-08 23:00:00
1773011100000,8.55,8.55,8.55,8.55,0.0,2026-03-08 23:05:00
1773011400000,8.55,8.55,8.55,8.55,0.0,2026-03-08 23:10:00
1773011700000,8.55,8.55,8.55,8.55,0.0,2026-03-08 23:15:00
1773012000000,8.55,8.55,8.55,8.55,0.0,2026-03-08 23:20:00
1773012300000,8.55,8.55,8.55,8.55,0.0,2026-03-08 23:25:00
1773012600000,8.55,8.55,8.55,8.55,0.0,2026-03-08 23:30:00
1773012900000,8.55,8.55,8.55,8.55,0.0,2026-03-08 23:35:00
1773013200000,8.55,8.55,8.55,8.55,0.0,2026-03-08 23:40:00
1773013500000,8.55,8.55,8.55,8.55,0.0,2026-03-08 23:45:00
1773013800000,8.55,8.55,8.55,8.55,0.0,2026-03-08 23:50:00
1773014100000,8.55,8.55,8.55,8.55,0.0,2026-03-08 23:55:00
1773014400000,8.56,8.56,8.56,8.56,0.58,2026-03-09 00:00:00
1773014700000,8.56,8.56,8.56,8.56,0.0,2026-03-09 00:05:00
1773015000000,8.56,8.56,8.56,8.56,0.0,2026-03-09 00:10:00
1773015300000,8.55,8.56,8.54,8.55,0.54,2026-03-09 00:15:00
1773015600000,8.54,8.55,8.52,8.52,4.68,2026-03-09 00:20:00
1773015900000,8.5,8.55,8.5,8.55,7.87,2026-03-09 00:25:00
1773016200000,8.55,8.6,8.55,8.59,2.15,2026-03-09 00:30:00
1773016500000,8.61,8.61,8.61,8.61,0.41,2026-03-09 00:35:00
1773016800000,8.61,8.61,8.61,8.61,0.0,2026-03-09 00:40:00
1773017100000,8.61,8.61,8.61,8.61,0.0,2026-03-09 00:45:00
1773017400000,8.61,8.61,8.61,8.61,0.0,2026-03-09 00:50:00
1773017700000,8.61,8.61,8.61,8.61,0.0,2026-03-09 00:55:00
1773018000000,8.61,8.61,8.61,8.61,0.0,2026-03-09 01:00:00
1773018300000,8.55,8.55,8.55,8.55,0.7,2026-03-09 01:05:00
1773018600000,8.58,8.58,8.58,8.58,5.82,2026-03-09 01:10:00
1773018900000,8.58,8.58,8.58,8.58,0.0,2026-03-09 01:15:00
1773019200000,8.58,8.58,8.58,8.58,0.0,2026-03-09 01:20:00
1773019500000,8.59,8.59,8.59,8.59,2.91,2026-03-09 01:25:00
1773019800000,8.57,8.6,8.57,8.6,10.57,2026-03-09 01:30:00
1773020100000,8.6,8.6,8.6,8.6,0.0,2026-03-09 01:35:00
1773020400000,8.6,8.6,8.6,8.6,0.0,2026-03-09 01:40:00
1773020700000,8.61,8.61,8.58,8.58,1.62,2026-03-09 01:45:00
1773021000000,8.58,8.58,8.58,8.58,116.55,2026-03-09 01:50:00
1773021300000,8.55,8.55,8.52,8.52,2.32,2026-03-09 01:55:00
1773021600000,8.52,8.52,8.52,8.52,0.0,2026-03-09 02:00:00
1773021900000,8.52,8.52,8.52,8.52,0.0,2026-03-09 02:05:00
1773022200000,8.52,8.52,8.52,8.52,0.0,2026-03-09 02:10:00
1773022500000,8.52,8.52,8.52,8.52,0.0,2026-03-09 02:15:00
1773022800000,8.52,8.52,8.52,8.52,0.0,2026-03-09 02:20:00
1773023100000,8.52,8.52,8.52,8.52,0.0,2026-03-09 02:25:00
1773023400000,8.52,8.52,8.52,8.52,0.0,2026-03-09 02:30:00
1773023700000,8.6,8.6,8.57,8.57,1.39,2026-03-09 02:35:00
1773024000000,8.57,8.57,8.57,8.57,0.0,2026-03-09 02:40:00
1773024300000,8.57,8.57,8.57,8.57,0.0,2026-03-09 02:45:00
1773024600000,8.57,8.57,8.57,8.57,0.0,2026-03-09 02:50:00
1773024900000,8.57,8.57,8.57,8.57,0.0,2026-03-09 02:55:00
1773025200000,8.63,8.65,8.63,8.65,23.11,2026-03-09 03:00:00
1773025500000,8.65,8.65,8.65,8.65,0.0,2026-03-09 03:05:00
1773025800000,8.7,8.75,8.7,8.75,20.17,2026-03-09 03:10:00
1773026100000,8.78,8.78,8.78,8.78,15.67,2026-03-09 03:15:00
1773026400000,8.7,8.7,8.67,8.67,4.46,2026-03-09 03:20:00
1773026700000,8.67,8.67,8.67,8.67,0.0,2026-03-09 03:25:00
1773027000000,8.67,8.67,8.67,8.67,0.0,2026-03-09 03:30:00
1773027300000,8.67,8.67,8.67,8.67,0.0,2026-03-09 03:35:00
1773027600000,8.67,8.67,8.67,8.67,0.0,2026-03-09 03:40:00
1773027900000,8.67,8.67,8.67,8.67,0.0,2026-03-09 03:45:00
1773028200000,8.67,8.67,8.67,8.67,8.27,2026-03-09 03:50:00
1773028500000,8.67,8.67,8.67,8.67,0.0,2026-03-09 03:55:00
1773028800000,8.68,8.68,8.68,8.68,69.45,2026-03-09 04:00:00
1773029100000,8.71,8.71,8.71,8.71,1.71,2026-03-09 04:05:00
1773029400000,8.71,8.71,8.71,8.71,0.0,2026-03-09 04:10:00
1773029700000,8.71,8.71,8.71,8.71,0.0,2026-03-09 04:15:00
1773030000000,8.71,8.71,8.71,8.71,2.92,2026-03-09 04:20:00
1773030300000,8.72,8.75,8.72,8.75,5.57,2026-03-09 04:25:00
1773030600000,8.75,8.75,8.75,8.75,0.0,2026-03-09 04:30:00
1773030900000,8.75,8.75,8.75,8.75,0.0,2026-03-09 04:35:00
1773031200000,8.75,8.75,8.75,8.75,0.0,2026-03-09 04:40:00
1773031500000,8.75,8.75,8.75,8.75,0.0,2026-03-09 04:45:00
1773031800000,8.75,8.75,8.75,8.75,0.0,2026-03-09 04:50:00
1773032100000,8.75,8.75,8.75,8.75,0.0,2026-03-09 04:55:00
1773032400000,8.7,8.7,8.7,8.7,0.69,2026-03-09 05:00:00
1773032700000,8.7,8.7,8.7,8.7,0.0,2026-03-09 05:05:00
1773033000000,8.7,8.7,8.7,8.7,0.0,2026-03-09 05:10:00
1773033300000,8.7,8.7,8.7,8.7,0.0,2026-03-09 05:15:00
1773033600000,8.7,8.7,8.7,8.7,0.0,2026-03-09 05:20:00
1773033900000,8.7,8.7,8.7,8.7,0.0,2026-03-09 05:25:00
1773034200000,8.75,8.75,8.75,8.75,0.69,2026-03-09 05:30:00
1773034500000,8.75,8.75,8.75,8.75,0.0,2026-03-09 05:35:00
1773034800000,8.81,8.81,8.77,8.77,11.93,2026-03-09 05:40:00
1773035100000,8.81,8.81,8.81,8.81,4.25,2026-03-09 05:45:00
1773035400000,8.86,8.86,8.85,8.85,0.35,2026-03-09 05:50:00
1773035700000,8.85,8.85,8.85,8.85,0.0,2026-03-09 05:55:00
1773036000000,8.85,8.85,8.85,8.85,0.0,2026-03-09 06:00:00
1773036300000,8.85,8.85,8.85,8.85,0.0,2026-03-09 06:05:00
1773036600000,8.84,8.84,8.84,8.84,1.13,2026-03-09 06:10:00
1773036900000,8.81,8.81,8.81,8.81,3.49,2026-03-09 06:15:00
1773037200000,8.81,8.81,8.81,8.81,0.0,2026-03-09 06:20:00
1773037500000,8.81,8.81,8.81,8.81,0.0,2026-03-09 06:25:00
1773037800000,8.81,8.81,8.81,8.81,0.0,2026-03-09 06:30:00
1773038100000,8.81,8.81,8.81,8.81,0.0,2026-03-09 06:35:00
1773038400000,8.76,8.76,8.76,8.76,2.27,2026-03-09 06:40:00
1773038700000,8.75,8.75,8.75,8.75,0.68,2026-03-09 06:45:00
1773039000000,8.75,8.75,8.75,8.75,0.0,2026-03-09 06:50:00
1773039300000,8.75,8.75,8.75,8.75,0.0,2026-03-09 06:55:00
1773039600000,8.75,8.75,8.75,8.75,0.0,2026-03-09 07:00:00
1773039900000,8.7,8.7,8.7,8.7,5.34,2026-03-09 07:05:00
1773040200000,8.7,8.7,8.7,8.7,0.0,2026-03-09 07:10:00
1773040500000,8.7,8.7,8.7,8.7,0.0,2026-03-09 07:15:00
1773040800000,8.7,8.7,8.7,8.7,0.0,2026-03-09 07:20:00
1773041100000,8.7,8.7,8.7,8.7,0.0,2026-03-09 07:25:00
1773041400000,8.7,8.7,8.7,8.7,0.0,2026-03-09 07:30:00
1773041700000,8.71,8.71,8.71,8.71,4.55,2026-03-09 07:35:00
1773042000000,8.71,8.71,8.71,8.71,0.0,2026-03-09 07:40:00
1773042300000,8.71,8.71,8.71,8.71,0.0,2026-03-09 07:45:00
1773042600000,8.71,8.71,8.71,8.71,0.0,2026-03-09 07:50:00
1773042900000,8.71,8.71,8.71,8.71,0.0,2026-03-09 07:55:00
1773043200000,8.71,8.71,8.71,8.71,0.0,2026-03-09 08:00:00
1773043500000,8.75,8.75,8.75,8.75,0.69,2026-03-09 08:05:00
1773043800000,8.75,8.75,8.75,8.75,0.0,2026-03-09 08:10:00
1773044100000,8.75,8.75,8.75,8.75,0.0,2026-03-09 08:15:00
1773044400000,8.75,8.75,8.75,8.75,0.0,2026-03-09 08:20:00
1773044700000,8.75,8.75,8.75,8.75,0.0,2026-03-09 08:25:00
1773045000000,8.75,8.75,8.75,8.75,0.0,2026-03-09 08:30:00
1773045300000,8.75,8.75,8.75,8.75,0.0,2026-03-09 08:35:00
1773045600000,8.75,8.75,8.75,8.75,0.0,2026-03-09 08:40:00
1773045900000,8.75,8.75,8.75,8.75,0.0,2026-03-09 08:45:00
1773046200000,8.75,8.75,8.75,8.75,0.0,2026-03-09 08:50:00
1773046500000,8.75,8.75,8.75,8.75,0.0,2026-03-09 08:55:00
1773046800000,8.75,8.75,8.75,8.75,0.0,2026-03-09 09:00:00
1773047100000,8.75,8.75,8.75,8.75,0.0,2026-03-09 09:05:00
1773047400000,8.75,8.75,8.75,8.75,0.0,2026-03-09 09:10:00
1773047700000,8.75,8.75,8.75,8.75,0.0,2026-03-09 09:15:00
1773048000000,8.74,8.74,8.74,8.74,6.59,2026-03-09 09:20:00
1773048300000,8.74,8.74,8.74,8.74,0.0,2026-03-09 09:25:00
1773048600000,8.81,8.81,8.81,8.81,0.68,2026-03-09 09:30:00
1773048900000,8.81,8.81,8.81,8.81,0.0,2026-03-09 09:35:00
1773049200000,8.81,8.81,8.81,8.81,0.0,2026-03-09 09:40:00
1773049500000,8.83,8.83,8.83,8.83,4.34,2026-03-09 09:45:00
1773049800000,8.83,8.83,8.83,8.83,0.0,2026-03-09 09:50:00
1773050100000,8.83,8.83,8.83,8.83,0.0,2026-03-09 09:55:00
1773050400000,8.83,8.83,8.83,8.83,0.0,2026-03-09 10:00:00
1773050700000,8.83,8.83,8.83,8.83,0.0,2026-03-09 10:05:00
1773051000000,8.83,8.83,8.83,8.83,0.0,2026-03-09 10:10:00
1773051300000,8.79,8.79,8.79,8.79,1.13,2026-03-09 10:15:00
1773051600000,8.79,8.79,8.79,8.79,0.0,2026-03-09 10:20:00
1773051900000,8.79,8.79,8.79,8.79,0.0,2026-03-09 10:25:00
1773052200000,8.79,8.79,8.79,8.79,0.0,2026-03-09 10:30:00
1773052500000,8.79,8.79,8.79,8.79,0.0,2026-03-09 10:35:00
1773052800000,8.76,8.76,8.76,8.76,10.13,2026-03-09 10:40:00
1773053100000,8.76,8.76,8.76,8.76,0.0,2026-03-09 10:45:00
1773053400000,8.75,8.77,8.73,8.77,8.02,2026-03-09 10:50:00
1773053700000,8.77,8.77,8.77,8.77,1.14,2026-03-09 10:55:00
1773054000000,8.77,8.77,8.77,8.77,0.0,2026-03-09 11:00:00
1773054300000,8.78,8.78,8.78,8.78,1.13,2026-03-09 11:05:00
1773054600000,8.79,8.79,8.79,8.79,1.13,2026-03-09 11:10:00
1773054900000,8.79,8.79,8.79,8.79,0.0,2026-03-09 11:15:00
1773055200000,8.79,8.79,8.79,8.79,0.0,2026-03-09 11:20:00
1773055500000,8.79,8.79,8.79,8.79,0.0,2026-03-09 11:25:00
1773055800000,8.79,8.79,8.79,8.79,0.0,2026-03-09 11:30:00
1773056100000,8.75,8.75,8.75,8.75,5.4,2026-03-09 11:35:00
1773056400000,8.78,8.78,8.78,8.78,2.89,2026-03-09 11:40:00
1773056700000,8.78,8.78,8.78,8.78,1.13,2026-03-09 11:45:00
1773057000000,8.78,8.78,8.78,8.78,0.0,2026-03-09 11:50:00
1773057300000,8.81,8.81,8.77,8.77,6.66,2026-03-09 11:55:00
1773057600000,8.79,8.81,8.79,8.81,14.38,2026-03-09 12:00:00
1773057900000,8.81,8.81,8.8,8.8,3.96,2026-03-09 12:05:00
1773058200000,8.8,8.8,8.8,8.8,0.0,2026-03-09 12:10:00
1773058500000,8.82,8.82,8.82,8.82,1.13,2026-03-09 12:15:00
1773058800000,8.82,8.82,8.82,8.82,0.0,2026-03-09 12:20:00
1773059100000,8.77,8.77,8.77,8.77,5.41,2026-03-09 12:25:00
1773059400000,8.83,8.83,8.83,8.83,3.02,2026-03-09 12:30:00
1773059700000,8.81,8.81,8.81,8.81,6.49,2026-03-09 12:35:00
1773060000000,8.81,8.81,8.81,8.81,0.0,2026-03-09 12:40:00
1773060300000,8.82,8.82,8.82,8.82,1.13,2026-03-09 12:45:00
1773060600000,8.82,8.82,8.82,8.82,0.0,2026-03-09 12:50:00
1773060900000,8.82,8.82,8.82,8.82,0.0,2026-03-09 12:55:00
1773061200000,8.82,8.82,8.82,8.82,0.0,2026-03-09 13:00:00
1773061500000,8.82,8.82,8.82,8.82,0.0,2026-03-09 13:05:00
1773061800000,8.82,8.82,8.82,8.82,0.0,2026-03-09 13:10:00
1773062100000,8.82,8.82,8.82,8.82,0.0,2026-03-09 13:15:00
1773062400000,8.84,8.84,8.84,8.84,2.82,2026-03-09 13:20:00
1773062700000,8.86,8.88,8.84,8.84,6.31,2026-03-09 13:25:00
1773063000000,8.91,8.92,8.91,8.92,15.69,2026-03-09 13:30:00
1773063300000,8.92,8.92,8.92,8.92,0.0,2026-03-09 13:35:00
1773063600000,8.93,8.93,8.93,8.93,4.63,2026-03-09 13:40:00
1773063900000,8.93,8.93,8.93,8.93,0.0,2026-03-09 13:45:00
1773064200000,8.93,8.93,8.93,8.93,0.0,2026-03-09 13:50:00
1773064500000,8.93,8.93,8.93,8.93,0.0,2026-03-09 13:55:00
1773064800000,8.93,8.93,8.93,8.93,0.0,2026-03-09 14:00:00
1773065100000,8.9,8.9,8.9,8.9,7.69,2026-03-09 14:05:00
1773065400000,8.86,8.94,8.82,8.89,18.37,2026-03-09 14:10:00
1773065700000,8.91,8.94,8.91,8.94,7.28,2026-03-09 14:15:00
1773066000000,8.94,8.94,8.94,8.94,0.0,2026-03-09 14:20:00
1773066300000,8.94,8.94,8.94,8.94,0.0,2026-03-09 14:25:00
1773066600000,8.94,8.94,8.94,8.94,0.0,2026-03-09 14:30:00
1773066900000,8.94,8.94,8.94,8.94,0.0,2026-03-09 14:35:00
1773067200000,8.94,8.94,8.94,8.94,0.0,2026-03-09 14:40:00
1773067500000,8.94,8.94,8.94,8.94,0.0,2026-03-09 14:45:00
1773067800000,8.94,8.94,8.94,8.94,0.0,2026-03-09 14:50:00
1773068100000,8.94,8.94,8.94,8.94,0.0,2026-03-09 14:55:00
1773068400000,8.94,8.94,8.94,8.94,0.0,2026-03-09 15:00:00
1773068700000,8.93,8.93,8.93,8.93,5.58,2026-03-09 15:05:00
1773069000000,8.92,8.93,8.92,8.93,0.65,2026-03-09 15:10:00
1773069300000,8.96,8.96,8.96,8.96,0.33,2026-03-09 15:15:00
1773069600000,8.96,8.96,8.96,8.96,0.0,2026-03-09 15:20:00
1773069900000,8.96,8.96,8.96,8.96,0.0,2026-03-09 15:25:00
1773070200000,8.96,8.96,8.96,8.96,0.0,2026-03-09 15:30:00
1773070500000,8.96,8.96,8.96,8.96,0.0,2026-03-09 15:35:00
1773070800000,8.9,8.9,8.9,8.9,0.33,2026-03-09 15:40:00
1773071100000,8.9,8.9,8.9,8.9,0.0,2026-03-09 15:45:00
1773071400000,8.9,8.9,8.9,8.9,0.0,2026-03-09 15:50:00
1773071700000,8.9,8.9,8.9,8.9,0.0,2026-03-09 15:55:00
1773072000000,8.9,8.9,8.9,8.9,0.0,2026-03-09 16:00:00
1773072300000,8.9,8.9,8.9,8.9,0.0,2026-03-09 16:05:00
1773072600000,8.9,8.9,8.9,8.9,0.0,2026-03-09 16:10:00
1773072900000,8.9,8.9,8.9,8.9,0.0,2026-03-09 16:15:00
1773073200000,8.94,8.94,8.94,8.94,2.22,2026-03-09 16:20:00
1773073500000,8.96,8.96,8.96,8.96,0.18,2026-03-09 16:25:00
1773073800000,8.95,8.95,8.95,8.95,8.3,2026-03-09 16:30:00
1773074100000,8.95,8.95,8.95,8.95,0.0,2026-03-09 16:35:00
1773074400000,8.95,8.95,8.95,8.95,0.0,2026-03-09 16:40:00
1773074700000,8.95,8.95,8.95,8.95,0.0,2026-03-09 16:45:00
1773075000000,8.95,8.95,8.95,8.95,0.0,2026-03-09 16:50:00
1773075300000,8.9,8.9,8.9,8.9,5.0,2026-03-09 16:55:00
1773075600000,8.94,8.94,8.94,8.94,56.7,2026-03-09 17:00:00
1773075900000,8.94,8.94,8.94,8.94,0.0,2026-03-09 17:05:00
1773076200000,8.97,8.97,8.97,8.97,3.46,2026-03-09 17:10:00
1773076500000,8.97,8.97,8.97,8.97,0.0,2026-03-09 17:15:00
1773076800000,8.97,8.97,8.97,8.97,0.0,2026-03-09 17:20:00
1773077100000,8.97,8.97,8.97,8.97,0.0,2026-03-09 17:25:00
1773077400000,8.97,8.97,8.97,8.97,0.0,2026-03-09 17:30:00
1773077700000,8.92,8.92,8.92,8.92,8.04,2026-03-09 17:35:00
1773078000000,8.91,8.91,8.89,8.89,90.39,2026-03-09 17:40:00
1773078300000,8.91,8.93,8.88,8.9,34.38,2026-03-09 17:45:00
1773078600000,8.9,8.9,8.9,8.9,0.0,2026-03-09 17:50:00
1773078900000,8.9,8.9,8.9,8.9,0.0,2026-03-09 17:55:00
1773079200000,8.89,8.9,8.89,8.9,0.66,2026-03-09 18:00:00
1773079500000,8.88,8.88,8.88,8.88,2.49,2026-03-09 18:05:00
1773079800000,8.88,8.88,8.88,8.88,0.0,2026-03-09 18:10:00
1773080100000,8.89,8.94,8.89,8.94,0.66,2026-03-09 18:15:00
1773080400000,8.94,8.94,8.94,8.94,0.0,2026-03-09 18:20:00
1773080700000,8.95,8.95,8.95,8.95,0.33,2026-03-09 18:25:00
1773081000000,8.95,8.95,8.95,8.95,0.0,2026-03-09 18:30:00
1773081300000,8.95,8.95,8.95,8.95,0.0,2026-03-09 18:35:00
1773081600000,8.95,8.95,8.95,8.95,0.0,2026-03-09 18:40:00
1773081900000,8.95,8.95,8.95,8.95,0.0,2026-03-09 18:45:00
1773082200000,8.95,8.95,8.95,8.95,0.0,2026-03-09 18:50:00
1773082500000,8.95,8.95,8.95,8.95,0.0,2026-03-09 18:55:00
1773082800000,8.95,8.95,8.95,8.95,0.0,2026-03-09 19:00:00
1773083100000,8.91,8.91,8.91,8.91,2.79,2026-03-09 19:05:00
1773083400000,8.91,8.91,8.91,8.91,0.0,2026-03-09 19:10:00
1773083700000,8.92,8.92,8.92,8.92,6.84,2026-03-09 19:15:00
1773084000000,8.97,9.0,8.95,8.96,9.48,2026-03-09 19:20:00
1773084300000,9.0,9.07,9.0,9.07,126.8,2026-03-09 19:25:00
1773084600000,9.1,9.1,9.09,9.09,4.82,2026-03-09 19:30:00
1773084900000,9.02,9.02,8.99,9.0,2.27,2026-03-09 19:35:00
1773085200000,9.0,9.0,9.0,9.0,0.99,2026-03-09 19:40:00
1773085500000,9.0,9.0,9.0,9.0,0.0,2026-03-09 19:45:00
1773085800000,8.97,8.97,8.97,8.97,3.46,2026-03-09 19:50:00
1773086100000,9.0,9.0,9.0,9.0,22.16,2026-03-09 19:55:00
1773086400000,9.0,9.0,9.0,9.0,0.0,2026-03-09 20:00:00
1773086700000,9.02,9.02,9.02,9.02,1.1,2026-03-09 20:05:00
1773087000000,9.02,9.02,9.02,9.02,0.0,2026-03-09 20:10:00
1773087300000,9.02,9.02,9.02,9.02,0.0,2026-03-09 20:15:00
1773087600000,9.02,9.02,9.02,9.02,0.0,2026-03-09 20:20:00
1773087900000,9.02,9.02,9.02,9.02,0.0,2026-03-09 20:25:00
1773088200000,8.97,8.97,8.94,8.94,1.01,2026-03-09 20:30:00
1773088500000,8.94,8.94,8.94,8.94,0.0,2026-03-09 20:35:00
1773088800000,8.94,8.94,8.94,8.94,0.0,2026-03-09 20:40:00
1773089100000,8.94,8.94,8.94,8.94,0.0,2026-03-09 20:45:00
1773089400000,8.96,8.96,8.96,8.96,2.22,2026-03-09 20:50:00
1773089700000,8.96,8.96,8.96,8.96,0.0,2026-03-09 20:55:00
1773090000000,8.96,8.96,8.96,8.96,0.0,2026-03-09 21:00:00
1773090300000,8.96,8.96,8.96,8.96,0.0,2026-03-09 21:05:00
1773090600000,8.96,8.96,8.96,8.96,0.0,2026-03-09 21:10:00
1773090900000,8.99,8.99,8.99,8.99,509.1,2026-03-09 21:15:00
1773091200000,8.99,8.99,8.99,8.99,0.0,2026-03-09 21:20:00
1773091500000,8.99,8.99,8.99,8.99,0.0,2026-03-09 21:25:00
1773091800000,8.99,8.99,8.99,8.99,0.0,2026-03-09 21:30:00
1773092100000,8.99,8.99,8.99,8.99,0.0,2026-03-09 21:35:00
1773092400000,8.99,8.99,8.99,8.99,0.0,2026-03-09 21:40:00
1773092700000,8.99,8.99,8.99,8.99,0.0,2026-03-09 21:45:00
1773093000000,8.99,8.99,8.99,8.99,0.0,2026-03-09 21:50:00
1773093300000,8.99,8.99,8.99,8.99,0.0,2026-03-09 21:55:00
1773093600000,8.99,8.99,8.99,8.99,0.0,2026-03-09 22:00:00
1773093900000,8.99,8.99,8.99,8.99,0.0,2026-03-09 22:05:00
1773094200000,8.99,8.99,8.99,8.99,0.0,2026-03-09 22:10:00
1773094500000,8.99,8.99,8.99,8.99,0.0,2026-03-09 22:15:00
1773094800000,8.99,8.99,8.99,8.99,0.0,2026-03-09 22:20:00
1773095100000,8.99,8.99,8.99,8.99,0.0,2026-03-09 22:25:00
1773095400000,8.99,8.99,8.99,8.99,0.0,2026-03-09 22:30:00
1773095700000,8.92,8.92,8.91,8.91,5.83,2026-03-09 22:35:00
1773096000000,8.91,8.91,8.91,8.91,0.0,2026-03-09 22:40:00
1773096300000,8.91,8.91,8.91,8.91,0.0,2026-03-09 22:45:00
1773096600000,8.91,8.91,8.91,8.91,0.0,2026-03-09 22:50:00
1773096900000,8.91,8.91,8.91,8.91,0.0,2026-03-09 22:55:00
1773097200000,8.9,8.91,8.9,8.9,23.49,2026-03-09 23:00:00
1773097500000,8.91,8.95,8.89,8.95,2.1,2026-03-09 23:05:00
1773097800000,8.89,8.89,8.89,8.89,0.33,2026-03-09 23:10:00
1773098100000,8.89,8.89,8.89,8.89,0.0,2026-03-09 23:15:00
1773098400000,8.9,8.9,8.9,8.9,0.33,2026-03-09 23:20:00
1773098700000,8.9,8.9,8.9,8.9,0.0,2026-03-09 23:25:00
1773099000000,8.9,8.9,8.9,8.9,0.0,2026-03-09 23:30:00
1773099300000,8.9,8.9,8.9,8.9,0.0,2026-03-09 23:35:00
1773099600000,8.9,8.9,8.9,8.9,0.0,2026-03-09 23:40:00
1773099900000,8.88,8.88,8.85,8.88,10.69,2026-03-09 23:45:00
1773100200000,8.88,8.88,8.88,8.88,0.0,2026-03-09 23:50:00
1773100500000,8.88,8.88,8.88,8.88,0.0,2026-03-09 23:55:00
1773100800000,8.85,8.87,8.85,8.85,46.78,2026-03-10 00:00:00
1773101100000,8.85,8.85,8.85,8.85,0.0,2026-03-10 00:05:00
1773101400000,8.87,8.87,8.87,8.87,4.5,2026-03-10 00:10:00
1773101700000,8.86,8.9,8.86,8.88,4.58,2026-03-10 00:15:00
1773102000000,8.88,8.89,8.88,8.89,0.25,2026-03-10 00:20:00
1773102300000,8.9,8.94,8.9,8.94,1.46,2026-03-10 00:25:00
1773102600000,8.91,8.91,8.91,8.91,0.36,2026-03-10 00:30:00
1773102900000,8.92,8.93,8.92,8.93,9.78,2026-03-10 00:35:00
1773103200000,8.93,8.93,8.93,8.93,0.0,2026-03-10 00:40:00
1773103500000,8.95,8.95,8.95,8.95,2.77,2026-03-10 00:45:00
1773103800000,8.9,8.93,8.9,8.93,0.66,2026-03-10 00:50:00
1773104100000,8.93,8.93,8.93,8.93,0.0,2026-03-10 00:55:00
1773104400000,8.93,8.93,8.93,8.93,0.0,2026-03-10 01:00:00
1773104700000,8.89,8.95,8.89,8.95,1.32,2026-03-10 01:05:00
1773105000000,8.95,8.95,8.95,8.95,0.0,2026-03-10 01:10:00
1773105300000,8.95,8.95,8.95,8.95,0.0,2026-03-10 01:15:00
1773105600000,8.95,8.95,8.95,8.95,0.0,2026-03-10 01:20:00
1773105900000,8.95,8.95,8.95,8.95,0.0,2026-03-10 01:25:00
1773106200000,8.95,8.95,8.95,8.95,0.0,2026-03-10 01:30:00
1773106500000,8.89,8.89,8.89,8.89,112.16,2026-03-10 01:35:00
1773106800000,8.89,8.89,8.89,8.89,0.0,2026-03-10 01:40:00
1773107100000,8.89,8.89,8.89,8.89,10.42,2026-03-10 01:45:00
1773107400000,8.89,8.89,8.89,8.89,0.0,2026-03-10 01:50:00
1773107700000,8.89,8.89,8.89,8.89,0.0,2026-03-10 01:55:00
1773108000000,8.89,8.89,8.89,8.89,0.0,2026-03-10 02:00:00
1773108300000,8.89,8.89,8.89,8.89,0.0,2026-03-10 02:05:00
1773108600000,8.89,8.89,8.89,8.89,0.0,2026-03-10 02:10:00
1773108900000,8.89,8.89,8.89,8.89,0.0,2026-03-10 02:15:00
1773109200000,8.91,8.91,8.91,8.91,0.32,2026-03-10 02:20:00
1773109500000,8.91,8.94,8.91,8.94,354.95,2026-03-10 02:25:00
1773109800000,8.97,9.01,8.95,9.0,13.59,2026-03-10 02:30:00
1773110100000,9.02,9.05,9.01,9.05,74.17,2026-03-10 02:35:00
1773110400000,9.06,9.06,9.06,9.06,2.76,2026-03-10 02:40:00
1773110700000,9.07,9.07,9.07,9.07,0.55,2026-03-10 02:45:00
1773111000000,9.07,9.07,9.07,9.07,0.0,2026-03-10 02:50:00
1773111300000,9.07,9.07,9.07,9.07,0.0,2026-03-10 02:55:00
1773111600000,9.07,9.07,9.07,9.07,0.0,2026-03-10 03:00:00
1773111900000,9.07,9.07,9.07,9.07,0.0,2026-03-10 03:05:00
1773112200000,9.04,9.04,9.04,9.04,0.55,2026-03-10 03:10:00
1773112500000,9.04,9.04,9.04,9.04,0.0,2026-03-10 03:15:00
1773112800000,9.04,9.04,9.04,9.04,0.0,2026-03-10 03:20:00
1773113100000,9.04,9.04,9.04,9.04,0.0,2026-03-10 03:25:00
1773113400000,9.04,9.04,9.04,9.04,0.0,2026-03-10 03:30:00
1773113700000,9.04,9.04,9.04,9.04,0.0,2026-03-10 03:35:00
1773114000000,9.04,9.04,9.04,9.04,0.0,2026-03-10 03:40:00
1773114300000,8.97,8.97,8.97,8.97,3.46,2026-03-10 03:45:00
1773114600000,8.91,8.98,8.91,8.98,1.32,2026-03-10 03:50:00
1773114900000,8.93,8.96,8.93,8.96,0.65,2026-03-10 03:55:00
1773115200000,8.96,8.96,8.96,8.96,0.0,2026-03-10 04:00:00
1773115500000,8.97,8.97,8.97,8.97,1.66,2026-03-10 04:05:00
1773115800000,8.96,8.99,8.96,8.99,0.66,2026-03-10 04:10:00
1773116100000,8.99,8.99,8.99,8.99,0.0,2026-03-10 04:15:00
1773116400000,8.99,9.02,8.99,9.02,0.66,2026-03-10 04:20:00
1773116700000,9.02,9.02,9.02,9.02,0.0,2026-03-10 04:25:00
1773117000000,9.02,9.02,9.02,9.02,0.0,2026-03-10 04:30:00
1773117300000,9.02,9.02,9.02,9.02,0.33,2026-03-10 04:35:00
1773117600000,9.02,9.02,9.02,9.02,0.01,2026-03-10 04:40:00
1773117900000,9.02,9.02,9.02,9.02,0.0,2026-03-10 04:45:00
1773118200000,9.02,9.02,9.02,9.02,0.0,2026-03-10 04:50:00
1773118500000,9.02,9.02,9.02,9.02,0.0,2026-03-10 04:55:00
1773118800000,9.02,9.02,9.02,9.02,0.0,2026-03-10 05:00:00
1773119100000,9.02,9.02,9.02,9.02,0.0,2026-03-10 05:05:00
1773119400000,9.03,9.05,9.03,9.05,0.66,2026-03-10 05:10:00
1773119700000,9.05,9.05,9.05,9.05,0.0,2026-03-10 05:15:00
1773120000000,9.05,9.05,9.05,9.05,0.0,2026-03-10 05:20:00
1773120300000,9.05,9.05,9.05,9.05,0.0,2026-03-10 05:25:00
1773120600000,9.05,9.05,9.05,9.05,0.0,2026-03-10 05:30:00
1773120900000,9.05,9.05,9.05,9.05,0.0,2026-03-10 05:35:00
1773121200000,9.05,9.05,9.05,9.05,0.0,2026-03-10 05:40:00
1773121500000,9.05,9.05,9.05,9.05,0.0,2026-03-10 05:45:00
1773121800000,9.05,9.05,9.05,9.05,0.0,2026-03-10 05:50:00
1773122100000,9.05,9.05,9.05,9.05,0.0,2026-03-10 05:55:00
1773122400000,9.05,9.05,9.05,9.05,0.0,2026-03-10 06:00:00
1773122700000,9.05,9.05,9.05,9.05,0.0,2026-03-10 06:05:00
1773123000000,9.05,9.05,9.05,9.05,0.0,2026-03-10 06:10:00
1773123300000,9.0,9.0,9.0,9.0,1.66,2026-03-10 06:15:00
1773123600000,9.0,9.0,9.0,9.0,0.0,2026-03-10 06:20:00
1773123900000,9.0,9.0,9.0,9.0,0.0,2026-03-10 06:25:00
1773124200000,9.0,9.0,9.0,9.0,0.0,2026-03-10 06:30:00
1773124500000,9.0,9.0,9.0,9.0,0.0,2026-03-10 06:35:00
1773124800000,9.0,9.0,9.0,9.0,0.0,2026-03-10 06:40:00
1773125100000,9.0,9.0,9.0,9.0,0.0,2026-03-10 06:45:00
1773125400000,9.0,9.0,9.0,9.0,0.0,2026-03-10 06:50:00
1773125700000,9.0,9.0,9.0,9.0,0.0,2026-03-10 06:55:00
1773126000000,9.0,9.0,9.0,9.0,0.0,2026-03-10 07:00:00
1773126300000,9.03,9.03,9.03,9.03,0.3,2026-03-10 07:05:00
1773126600000,9.03,9.03,9.03,9.03,0.0,2026-03-10 07:10:00
1773126900000,9.03,9.03,9.03,9.03,0.0,2026-03-10 07:15:00
1773127200000,9.06,9.06,9.06,9.06,2.76,2026-03-10 07:20:00
1773127500000,9.06,9.06,9.06,9.06,0.0,2026-03-10 07:25:00
1773127800000,9.06,9.06,9.06,9.06,0.0,2026-03-10 07:30:00
1773128100000,9.06,9.06,9.06,9.06,0.0,2026-03-10 07:35:00
1773128400000,9.06,9.06,9.06,9.06,0.0,2026-03-10 07:40:00
1773128700000,9.06,9.06,9.06,9.06,0.0,2026-03-10 07:45:00
1773129000000,9.07,9.09,9.06,9.09,0.77,2026-03-10 07:50:00
1773129300000,9.09,9.09,9.09,9.09,0.0,2026-03-10 07:55:00
1773129600000,9.1,9.1,9.1,9.1,13.9,2026-03-10 08:00:00
1773129900000,9.11,9.16,9.1,9.16,22.23,2026-03-10 08:05:00
1773130200000,9.16,9.16,9.16,9.16,0.0,2026-03-10 08:10:00
1773130500000,9.16,9.16,9.16,9.16,0.0,2026-03-10 08:15:00
1773130800000,9.16,9.16,9.16,9.16,0.0,2026-03-10 08:20:00
1773131100000,9.16,9.16,9.16,9.16,0.0,2026-03-10 08:25:00
1773131400000,9.16,9.16,9.16,9.16,0.0,2026-03-10 08:30:00
1773131700000,9.14,9.14,9.14,9.14,0.98,2026-03-10 08:35:00
1773132000000,9.14,9.14,9.14,9.14,0.0,2026-03-10 08:40:00
1773132300000,9.14,9.14,9.14,9.14,0.0,2026-03-10 08:45:00
1773132600000,9.14,9.14,9.14,9.14,0.0,2026-03-10 08:50:00
1773132900000,9.14,9.14,9.14,9.14,0.0,2026-03-10 08:55:00
1773133200000,9.14,9.14,9.14,9.14,0.0,2026-03-10 09:00:00
1773133500000,9.14,9.14,9.14,9.14,0.0,2026-03-10 09:05:00
1773133800000,9.14,9.14,9.14,9.14,0.0,2026-03-10 09:10:00
1773134100000,9.14,9.14,9.14,9.14,0.0,2026-03-10 09:15:00
1773134400000,9.08,9.08,9.08,9.08,5.68,2026-03-10 09:20:00
1773134700000,9.08,9.08,9.08,9.08,0.0,2026-03-10 09:25:00
1773135000000,9.08,9.08,9.08,9.08,0.0,2026-03-10 09:30:00
1773135300000,9.08,9.08,9.08,9.08,0.0,2026-03-10 09:35:00
1773135600000,9.08,9.08,9.08,9.08,0.0,2026-03-10 09:40:00
1773135900000,9.08,9.08,9.08,9.08,0.0,2026-03-10 09:45:00
1773136200000,9.08,9.08,9.08,9.08,0.0,2026-03-10 09:50:00
1773136500000,9.08,9.08,9.08,9.08,0.0,2026-03-10 09:55:00
1773136800000,9.08,9.08,9.08,9.08,0.0,2026-03-10 10:00:00
1773137100000,9.08,9.08,9.08,9.08,0.0,2026-03-10 10:05:00
1773137400000,9.08,9.08,9.08,9.08,0.0,2026-03-10 10:10:00
1773137700000,9.08,9.08,9.08,9.08,0.0,2026-03-10 10:15:00
1773138000000,9.08,9.08,9.08,9.08,0.0,2026-03-10 10:20:00
1773138300000,9.08,9.08,9.08,9.08,0.0,2026-03-10 10:25:00
1773138600000,9.08,9.08,9.08,9.08,0.0,2026-03-10 10:30:00
1773138900000,9.08,9.08,9.08,9.08,0.0,2026-03-10 10:35:00
1773139200000,9.08,9.08,9.08,9.08,0.0,2026-03-10 10:40:00
1773139500000,9.08,9.08,9.08,9.08,0.0,2026-03-10 10:45:00
1773139800000,9.08,9.08,9.08,9.08,0.0,2026-03-10 10:50:00
1773140100000,9.08,9.08,9.08,9.08,0.0,2026-03-10 10:55:00
1773140400000,9.08,9.08,9.08,9.08,0.0,2026-03-10 11:00:00
1773140700000,9.08,9.08,9.08,9.08,0.0,2026-03-10 11:05:00
1773141000000,9.08,9.08,9.08,9.08,0.0,2026-03-10 11:10:00
1773141300000,9.08,9.08,9.08,9.08,0.0,2026-03-10 11:15:00
1773141600000,9.08,9.08,9.08,9.08,0.0,2026-03-10 11:20:00
1773141900000,9.08,9.08,9.08,9.08,10.0,2026-03-10 11:25:00
1773142200000,9.08,9.08,9.08,9.08,0.0,2026-03-10 11:30:00
1773142500000,9.08,9.08,9.08,9.08,0.0,2026-03-10 11:35:00
1773142800000,9.08,9.08,9.08,9.08,0.0,2026-03-10 11:40:00
1773143100000,9.08,9.08,9.08,9.08,0.0,2026-03-10 11:45:00
1773143400000,9.08,9.08,9.08,9.08,0.32,2026-03-10 11:50:00
1773143700000,9.08,9.08,9.08,9.08,0.0,2026-03-10 11:55:00
1773144000000,9.08,9.08,9.08,9.08,0.0,2026-03-10 12:00:00
1773144300000,9.07,9.07,9.06,9.06,3.42,2026-03-10 12:05:00
1773144600000,9.06,9.06,9.06,9.06,0.0,2026-03-10 12:10:00
1773144900000,9.06,9.06,9.06,9.06,0.0,2026-03-10 12:15:00
1773145200000,9.06,9.06,9.06,9.06,0.0,2026-03-10 12:20:00
1773145500000,9.06,9.06,9.06,9.06,0.0,2026-03-10 12:25:00
1773145800000,9.06,9.06,9.06,9.06,0.0,2026-03-10 12:30:00
1773146100000,9.06,9.06,9.06,9.06,0.0,2026-03-10 12:35:00
1773146400000,9.06,9.06,9.06,9.06,0.0,2026-03-10 12:40:00
1773146700000,9.06,9.06,9.06,9.06,0.0,2026-03-10 12:45:00
1773147000000,9.06,9.06,9.06,9.06,0.0,2026-03-10 12:50:00
1773147300000,9.06,9.06,9.06,9.06,0.0,2026-03-10 12:55:00
1773147600000,9.06,9.06,9.06,9.06,0.0,2026-03-10 13:00:00
1773147900000,9.06,9.06,9.06,9.06,0.0,2026-03-10 13:05:00
1773148200000,9.06,9.06,9.06,9.06,0.0,2026-03-10 13:10:00
1773148500000,9.07,9.07,9.07,9.07,0.58,2026-03-10 13:15:00
1773148800000,9.07,9.07,9.07,9.07,0.0,2026-03-10 13:20:00
1773149100000,9.1,9.1,9.1,9.1,0.33,2026-03-10 13:25:00
1773149400000,9.02,9.02,9.01,9.01,10.04,2026-03-10 13:30:00
1773149700000,8.97,8.97,8.97,8.97,3.46,2026-03-10 13:35:00
1773150000000,8.96,8.96,8.96,8.96,10.51,2026-03-10 13:40:00
1773150300000,8.99,8.99,8.98,8.98,31.98,2026-03-10 13:45:00
1773150600000,9.0,9.0,9.0,9.0,0.33,2026-03-10 13:50:00
1773150900000,9.0,9.0,8.96,8.96,0.66,2026-03-10 13:55:00
1773151200000,8.94,8.94,8.94,8.94,1.21,2026-03-10 14:00:00
1773151500000,8.96,8.96,8.91,8.91,8.08,2026-03-10 14:05:00
1773151800000,8.91,8.91,8.91,8.91,0.6,2026-03-10 14:10:00
1773152100000,8.89,8.9,8.86,8.86,38.9,2026-03-10 14:15:00
1773152400000,8.91,8.91,8.91,8.91,1.2,2026-03-10 14:20:00
1773152700000,8.96,8.96,8.96,8.96,0.33,2026-03-10 14:25:00
1773153000000,8.96,8.96,8.96,8.96,0.0,2026-03-10 14:30:00
1773153300000,8.97,9.0,8.96,9.0,4.11,2026-03-10 14:35:00
1773153600000,9.02,9.04,9.0,9.0,4.69,2026-03-10 14:40:00
1773153900000,9.0,9.0,9.0,9.0,0.0,2026-03-10 14:45:00
1773154200000,9.06,9.11,9.05,9.11,4.41,2026-03-10 14:50:00
1773154500000,9.12,9.15,9.1,9.15,4.18,2026-03-10 14:55:00
1773154800000,9.14,9.16,9.12,9.15,19.21,2026-03-10 15:00:00
1773155100000,9.17,9.19,9.1,9.1,2.61,2026-03-10 15:05:00
1773155400000,9.12,9.16,9.11,9.13,1.62,2026-03-10 15:10:00
1773155700000,9.07,9.07,9.07,9.07,599.52,2026-03-10 15:15:00
1773156000000,9.12,9.13,9.12,9.13,2.15,2026-03-10 15:20:00
1773156300000,9.13,9.13,9.13,9.13,0.0,2026-03-10 15:25:00
1773156600000,9.11,9.11,9.11,9.11,14.88,2026-03-10 15:30:00
1773156900000,9.08,9.11,9.08,9.11,7.49,2026-03-10 15:35:00
1773157200000,9.12,9.12,9.12,9.12,0.33,2026-03-10 15:40:00
1773157500000,9.12,9.12,9.12,9.12,0.0,2026-03-10 15:45:00
1773157800000,9.12,9.12,9.12,9.12,0.0,2026-03-10 15:50:00
1773158100000,9.12,9.16,9.12,9.16,0.64,2026-03-10 15:55:00
1773158400000,9.16,9.16,9.16,9.16,0.0,2026-03-10 16:00:00
1773158700000,9.16,9.16,9.16,9.16,0.0,2026-03-10 16:05:00
1773159000000,9.12,9.12,9.12,9.12,0.33,2026-03-10 16:10:00
1773159300000,9.12,9.12,9.12,9.12,0.0,2026-03-10 16:15:00
1773159600000,9.12,9.12,9.12,9.12,0.0,2026-03-10 16:20:00
1773159900000,9.12,9.12,9.12,9.12,0.0,2026-03-10 16:25:00
1773160200000,9.12,9.12,9.12,9.12,0.0,2026-03-10 16:30:00
1773160500000,9.12,9.12,9.12,9.12,0.0,2026-03-10 16:35:00
1773160800000,9.12,9.12,9.12,9.12,0.0,2026-03-10 16:40:00
1773161100000,9.16,9.16,9.16,9.16,2.72,2026-03-10 16:45:00
1773161400000,9.16,9.16,9.16,9.16,0.0,2026-03-10 16:50:00
1773161700000,9.14,9.14,9.14,9.14,7.56,2026-03-10 16:55:00
1773162000000,9.14,9.14,9.14,9.14,0.0,2026-03-10 17:00:00
1773162300000,9.14,9.14,9.14,9.14,0.0,2026-03-10 17:05:00
1773162600000,9.14,9.14,9.14,9.14,0.0,2026-03-10 17:10:00
1773162900000,9.14,9.14,9.14,9.14,0.0,2026-03-10 17:15:00
1773163200000,9.14,9.14,9.14,9.14,0.0,2026-03-10 17:20:00
1773163500000,9.17,9.18,9.17,9.18,16.29,2026-03-10 17:25:00
1773163800000,9.18,9.18,9.18,9.18,0.0,2026-03-10 17:30:00
1773164100000,9.12,9.12,9.1,9.1,11.02,2026-03-10 17:35:00
1773164400000,9.1,9.1,9.1,9.1,0.0,2026-03-10 17:40:00
1773164700000,9.1,9.1,9.1,9.1,0.0,2026-03-10 17:45:00
1773165000000,9.1,9.1,9.1,9.1,70.31,2026-03-10 17:50:00
1773165300000,9.1,9.1,9.1,9.1,0.0,2026-03-10 17:55:00
1773165600000,9.08,9.08,9.08,9.08,2.32,2026-03-10 18:00:00
1773165900000,9.08,9.08,9.08,9.08,0.0,2026-03-10 18:05:00
1773166200000,9.07,9.07,9.06,9.06,3.42,2026-03-10 18:10:00
1773166500000,9.02,9.04,8.98,8.98,11.15,2026-03-10 18:15:00
1773166800000,8.98,8.98,8.98,8.98,0.0,2026-03-10 18:20:00
1773167100000,8.98,8.98,8.98,8.98,0.0,2026-03-10 18:25:00
1773167400000,8.98,8.98,8.98,8.98,0.0,2026-03-10 18:30:00
1773167700000,8.98,8.98,8.98,8.98,0.0,2026-03-10 18:35:00
1773168000000,8.97,8.97,8.97,8.97,3.46,2026-03-10 18:40:00
1773168300000,8.97,8.97,8.97,8.97,0.0,2026-03-10 18:45:00
1773168600000,8.97,8.97,8.97,8.97,0.0,2026-03-10 18:50:00
1773168900000,8.95,8.95,8.95,8.95,9.57,2026-03-10 18:55:00
1773169200000,8.95,8.95,8.95,8.95,0.0,2026-03-10 19:00:00
1773169500000,9.0,9.0,8.98,8.98,3.34,2026-03-10 19:05:00
1773169800000,8.98,8.98,8.98,8.98,0.0,2026-03-10 19:10:00
1773170100000,8.98,8.98,8.98,8.98,0.0,2026-03-10 19:15:00
1773170400000,8.98,8.98,8.98,8.98,0.0,2026-03-10 19:20:00
1773170700000,8.98,8.98,8.98,8.98,0.0,2026-03-10 19:25:00
1773171000000,8.91,8.91,8.91,8.91,1.19,2026-03-10 19:30:00
1773171300000,8.91,8.91,8.91,8.91,0.0,2026-03-10 19:35:00
1773171600000,8.97,8.97,8.97,8.97,0.65,2026-03-10 19:40:00
1773171900000,8.97,8.97,8.97,8.97,0.0,2026-03-10 19:45:00
1773172200000,8.97,8.97,8.97,8.97,0.0,2026-03-10 19:50:00
1773172500000,8.97,8.97,8.97,8.97,0.0,2026-03-10 19:55:00
1773172800000,8.97,8.97,8.97,8.97,56.73,2026-03-10 20:00:00
1773173100000,8.95,9.0,8.95,9.0,1.94,2026-03-10 20:05:00
1773173400000,9.0,9.0,9.0,9.0,0.14,2026-03-10 20:10:00
1773173700000,9.0,9.0,9.0,9.0,0.0,2026-03-10 20:15:00
1773174000000,8.99,9.01,8.99,9.01,0.25,2026-03-10 20:20:00
1773174300000,9.01,9.01,9.01,9.01,0.0,2026-03-10 20:25:00
1773174600000,9.01,9.01,9.01,9.01,0.0,2026-03-10 20:30:00
1773174900000,9.01,9.01,9.01,9.01,0.0,2026-03-10 20:35:00
1773175200000,9.01,9.01,9.01,9.01,0.0,2026-03-10 20:40:00
1773175500000,9.01,9.01,9.01,9.01,0.0,2026-03-10 20:45:00
1773175800000,9.01,9.01,9.01,9.01,0.0,2026-03-10 20:50:00
1773176100000,9.01,9.01,9.01,9.01,0.0,2026-03-10 20:55:00
1773176400000,9.01,9.01,9.01,9.01,0.0,2026-03-10 21:00:00
1773176700000,9.01,9.01,9.01,9.01,0.0,2026-03-10 21:05:00
1773177000000,9.01,9.01,9.01,9.01,0.0,2026-03-10 21:10:00
1773177300000,9.01,9.01,9.01,9.01,0.0,2026-03-10 21:15:00
1773177600000,9.01,9.01,9.01,9.01,0.0,2026-03-10 21:20:00
1773177900000,9.01,9.01,9.01,9.01,0.0,2026-03-10 21:25:00
1773178200000,9.01,9.01,9.01,9.01,0.0,2026-03-10 21:30:00
1773178500000,9.01,9.01,9.01,9.01,0.0,2026-03-10 21:35:00
1773178800000,9.01,9.01,9.01,9.01,0.0,2026-03-10 21:40:00
1773179100000,8.94,8.94,8.94,8.94,6.05,2026-03-10 21:45:00
1773179400000,8.94,8.94,8.94,8.94,0.0,2026-03-10 21:50:00
1773179700000,8.94,8.94,8.94,8.94,0.0,2026-03-10 21:55:00
1773180000000,8.94,8.94,8.94,8.94,0.0,2026-03-10 22:00:00
1773180300000,8.94,8.94,8.94,8.94,0.0,2026-03-10 22:05:00
1773180600000,8.94,8.94,8.94,8.94,0.0,2026-03-10 22:10:00
1773180900000,8.94,8.94,8.94,8.94,0.0,2026-03-10 22:15:00
1773181200000,8.94,8.94,8.94,8.94,0.0,2026-03-10 22:20:00
1773181500000,8.94,8.94,8.94,8.94,0.0,2026-03-10 22:25:00
1773181800000,8.94,8.94,8.94,8.94,0.0,2026-03-10 22:30:00
1773182100000,8.94,8.94,8.94,8.94,0.0,2026-03-10 22:35:00
1773182400000,8.94,8.94,8.94,8.94,0.0,2026-03-10 22:40:00
1773182700000,8.94,8.94,8.94,8.94,0.0,2026-03-10 22:45:00
1773183000000,8.97,8.98,8.97,8.98,13.56,2026-03-10 22:50:00
1773183300000,8.98,8.98,8.98,8.98,0.0,2026-03-10 22:55:00
1773183600000,8.98,8.98,8.98,8.98,0.0,2026-03-10 23:00:00
1773183900000,8.98,8.98,8.98,8.98,0.0,2026-03-10 23:05:00
1773184200000,8.98,8.98,8.98,8.98,0.0,2026-03-10 23:10:00
1773184500000,8.98,8.98,8.98,8.98,0.0,2026-03-10 23:15:00
1773184800000,8.98,8.98,8.98,8.98,0.0,2026-03-10 23:20:00
1773185100000,8.98,8.98,8.98,8.98,0.0,2026-03-10 23:25:00
1773185400000,8.98,8.98,8.98,8.98,0.0,2026-03-10 23:30:00
1773185700000,9.0,9.0,9.0,9.0,1.11,2026-03-10 23:35:00
1773186000000,9.0,9.0,9.0,9.0,0.0,2026-03-10 23:40:00
1773186300000,9.0,9.0,9.0,9.0,0.0,2026-03-10 23:45:00
1773186600000,9.0,9.0,9.0,9.0,0.0,2026-03-10 23:50:00
1773186900000,9.0,9.0,9.0,9.0,0.0,2026-03-10 23:55:00
1773187200000,9.0,9.0,9.0,9.0,0.0,2026-03-11 00:00:00
1773187500000,9.0,9.0,9.0,9.0,0.0,2026-03-11 00:05:00
1773187800000,9.0,9.0,9.0,9.0,0.0,2026-03-11 00:10:00
1773188100000,9.0,9.0,9.0,9.0,0.0,2026-03-11 00:15:00
1773188400000,8.99,8.99,8.99,8.99,0.4,2026-03-11 00:20:00
1773188700000,8.98,8.98,8.98,8.98,0.21,2026-03-11 00:25:00
1773189000000,8.98,8.98,8.98,8.98,0.0,2026-03-11 00:30:00
1773189300000,8.98,8.98,8.98,8.98,0.0,2026-03-11 00:35:00
1773189600000,8.98,8.98,8.98,8.98,0.0,2026-03-11 00:40:00
1773189900000,8.98,8.98,8.98,8.98,0.0,2026-03-11 00:45:00
1773190200000,8.98,8.98,8.98,8.98,0.0,2026-03-11 00:50:00
1773190500000,8.98,8.98,8.98,8.98,0.0,2026-03-11 00:55:00
1773190800000,8.98,8.98,8.98,8.98,0.0,2026-03-11 01:00:00
1773191100000,8.98,8.98,8.98,8.98,0.0,2026-03-11 01:05:00
1773191400000,8.98,8.98,8.98,8.98,0.0,2026-03-11 01:10:00
1773191700000,8.98,8.98,8.98,8.98,0.0,2026-03-11 01:15:00
1773192000000,8.98,8.98,8.98,8.98,0.0,2026-03-11 01:20:00
1773192300000,8.98,8.98,8.98,8.98,0.0,2026-03-11 01:25:00
1773192600000,8.97,8.97,8.97,8.97,0.32,2026-03-11 01:30:00
1773192900000,8.97,8.97,8.94,8.94,0.66,2026-03-11 01:35:00
1773193200000,8.94,8.94,8.94,8.94,0.0,2026-03-11 01:40:00
1773193500000,8.94,8.94,8.94,8.94,0.0,2026-03-11 01:45:00
1773193800000,9.0,9.0,9.0,9.0,1.52,2026-03-11 01:50:00
1773194100000,8.97,8.97,8.97,8.97,1.2,2026-03-11 01:55:00
1773194400000,8.97,8.97,8.97,8.97,0.0,2026-03-11 02:00:00
1773194700000,8.97,8.97,8.97,8.97,0.0,2026-03-11 02:05:00
1773195000000,8.97,8.97,8.97,8.97,0.0,2026-03-11 02:10:00
1773195300000,8.97,8.97,8.97,8.97,0.0,2026-03-11 02:15:00
1773195600000,8.97,8.97,8.97,8.97,0.0,2026-03-11 02:20:00
1773195900000,8.97,8.97,8.97,8.97,0.0,2026-03-11 02:25:00
1773196200000,8.97,8.97,8.97,8.97,0.0,2026-03-11 02:30:00
1773196500000,8.97,8.97,8.97,8.97,0.0,2026-03-11 02:35:00
1773196800000,8.97,8.97,8.97,8.97,0.0,2026-03-11 02:40:00
1773197100000,8.97,8.97,8.97,8.97,0.0,2026-03-11 02:45:00
1773197400000,8.92,8.92,8.92,8.92,0.31,2026-03-11 02:50:00
1773197700000,8.92,8.92,8.92,8.92,0.0,2026-03-11 02:55:00
1773198000000,8.92,8.92,8.92,8.92,0.0,2026-03-11 03:00:00
1773198300000,8.97,8.97,8.97,8.97,1.52,2026-03-11 03:05:00
1773198600000,8.96,8.96,8.96,8.96,3.34,2026-03-11 03:10:00
1773198900000,8.97,8.97,8.97,8.97,0.56,2026-03-11 03:15:00
1773199200000,8.92,8.92,8.92,8.92,1.51,2026-03-11 03:20:00
1773199500000,8.92,8.92,8.92,8.92,0.0,2026-03-11 03:25:00
1773199800000,8.92,8.92,8.92,8.92,0.0,2026-03-11 03:30:00
1773200100000,8.94,8.94,8.94,8.94,4.83,2026-03-11 03:35:00
1773200400000,8.94,8.94,8.94,8.94,0.0,2026-03-11 03:40:00
1773200700000,8.94,8.94,8.94,8.94,0.0,2026-03-11 03:45:00
1773201000000,8.94,8.94,8.94,8.94,0.0,2026-03-11 03:50:00
1773201300000,8.91,8.91,8.91,8.91,3.33,2026-03-11 03:55:00
1773201600000,8.91,8.91,8.91,8.91,0.0,2026-03-11 04:00:00
1773201900000,8.93,8.94,8.93,8.94,1.68,2026-03-11 04:05:00
1773202200000,8.93,8.93,8.93,8.93,5.29,2026-03-11 04:10:00
1773202500000,8.93,8.93,8.93,8.93,0.0,2026-03-11 04:15:00
1773202800000,8.97,8.97,8.97,8.97,0.65,2026-03-11 04:20:00
1773203100000,8.97,8.97,8.97,8.97,0.02,2026-03-11 04:25:00
1773203400000,9.02,9.02,9.02,9.02,55.4,2026-03-11 04:30:00
1773203700000,9.02,9.02,9.02,9.02,0.0,2026-03-11 04:35:00
1773204000000,9.02,9.02,9.02,9.02,0.0,2026-03-11 04:40:00
1773204300000,9.02,9.02,9.02,9.02,0.0,2026-03-11 04:45:00
1773204600000,9.02,9.02,9.02,9.02,0.0,2026-03-11 04:50:00
1773204900000,9.02,9.02,9.02,9.02,0.0,2026-03-11 04:55:00
1773205200000,9.02,9.02,9.02,9.02,0.0,2026-03-11 05:00:00
1773205500000,9.02,9.02,9.02,9.02,0.0,2026-03-11 05:05:00
1773205800000,9.02,9.02,9.02,9.02,0.0,2026-03-11 05:10:00
1773206100000,9.02,9.02,9.02,9.02,0.0,2026-03-11 05:15:00
1773206400000,9.02,9.02,9.02,9.02,0.0,2026-03-11 05:20:00
1773206700000,8.97,8.97,8.95,8.95,25.0,2026-03-11 05:25:00
1773207000000,8.95,8.95,8.95,8.95,0.0,2026-03-11 05:30:00
1773207300000,8.94,8.94,8.94,8.94,1.5,2026-03-11 05:35:00
1773207600000,8.91,8.91,8.88,8.88,3.49,2026-03-11 05:40:00
1773207900000,8.88,8.88,8.88,8.88,0.0,2026-03-11 05:45:00
1773208200000,8.88,8.88,8.88,8.88,0.0,2026-03-11 05:50:00
1773208500000,8.88,8.88,8.88,8.88,0.0,2026-03-11 05:55:00
1773208800000,8.88,8.88,8.88,8.88,0.0,2026-03-11 06:00:00
1773209100000,8.88,8.88,8.88,8.88,0.0,2026-03-11 06:05:00
1773209400000,8.88,8.88,8.88,8.88,0.0,2026-03-11 06:10:00
1773209700000,8.89,8.89,8.89,8.89,8.58,2026-03-11 06:15:00
1773210000000,8.89,8.89,8.89,8.89,0.0,2026-03-11 06:20:00
1773210300000,8.89,8.89,8.89,8.89,0.0,2026-03-11 06:25:00
1773210600000,8.89,8.89,8.89,8.89,0.0,2026-03-11 06:30:00
1773210900000,8.89,8.89,8.89,8.89,0.0,2026-03-11 06:35:00
1773211200000,8.89,8.89,8.89,8.89,0.0,2026-03-11 06:40:00
1773211500000,8.89,8.89,8.89,8.89,0.0,2026-03-11 06:45:00
1773211800000,8.89,8.89,8.89,8.89,0.0,2026-03-11 06:50:00
1773212100000,8.89,8.89,8.89,8.89,0.0,2026-03-11 06:55:00
1773212400000,8.95,8.95,8.95,8.95,1.83,2026-03-11 07:00:00
1773212700000,8.96,8.96,8.96,8.96,0.31,2026-03-11 07:05:00
1773213000000,8.96,8.96,8.96,8.96,0.0,2026-03-11 07:10:00
1773213300000,8.96,8.96,8.96,8.96,0.0,2026-03-11 07:15:00
1773213600000,8.96,8.96,8.96,8.96,0.0,2026-03-11 07:20:00
1773213900000,8.96,8.96,8.96,8.96,0.0,2026-03-11 07:25:00
1773214200000,8.93,8.93,8.93,8.93,0.91,2026-03-11 07:30:00
1773214500000,8.92,8.92,8.92,8.92,1.6,2026-03-11 07:35:00
1773214800000,8.92,8.92,8.92,8.92,0.0,2026-03-11 07:40:00
1773215100000,8.92,8.92,8.92,8.92,0.0,2026-03-11 07:45:00
1773215400000,8.88,8.88,8.88,8.88,1.49,2026-03-11 07:50:00
1773215700000,8.88,8.88,8.88,8.88,0.0,2026-03-11 07:55:00
1773216000000,8.88,8.88,8.88,8.88,0.0,2026-03-11 08:00:00
1773216300000,8.88,8.88,8.88,8.88,0.0,2026-03-11 08:05:00
1773216600000,8.88,8.88,8.88,8.88,0.0,2026-03-11 08:10:00
1773216900000,8.88,8.88,8.88,8.88,0.0,2026-03-11 08:15:00
1773217200000,8.88,8.88,8.88,8.88,0.0,2026-03-11 08:20:00
1773217500000,8.88,8.88,8.88,8.88,0.0,2026-03-11 08:25:00
1773217800000,8.88,8.88,8.88,8.88,0.0,2026-03-11 08:30:00
1773218100000,8.88,8.88,8.88,8.88,0.0,2026-03-11 08:35:00
1773218400000,8.88,8.88,8.88,8.88,0.0,2026-03-11 08:40:00
1773218700000,8.88,8.88,8.88,8.88,0.0,2026-03-11 08:45:00
1773219000000,8.88,8.88,8.88,8.88,0.0,2026-03-11 08:50:00
1773219300000,8.88,8.88,8.88,8.88,0.0,2026-03-11 08:55:00
1773219600000,8.88,8.88,8.88,8.88,0.0,2026-03-11 09:00:00
1773219900000,8.88,8.88,8.88,8.88,0.0,2026-03-11 09:05:00
1773220200000,8.88,8.88,8.88,8.88,0.0,2026-03-11 09:10:00
1773220500000,8.88,8.88,8.88,8.88,0.0,2026-03-11 09:15:00
1773220800000,8.9,8.91,8.9,8.91,13.98,2026-03-11 09:20:00
1773221100000,8.91,8.91,8.91,8.91,0.0,2026-03-11 09:25:00
1773221400000,8.91,8.91,8.91,8.91,0.0,2026-03-11 09:30:00
1773221700000,8.91,8.91,8.91,8.91,0.0,2026-03-11 09:35:00
1773222000000,8.91,8.91,8.91,8.91,0.0,2026-03-11 09:40:00
1773222300000,8.91,8.91,8.91,8.91,0.0,2026-03-11 09:45:00
1773222600000,8.91,8.91,8.91,8.91,0.0,2026-03-11 09:50:00
1773222900000,8.91,8.91,8.91,8.91,0.0,2026-03-11 09:55:00
1773223200000,8.91,8.91,8.91,8.91,0.0,2026-03-11 10:00:00
1773223500000,8.91,8.91,8.91,8.91,0.0,2026-03-11 10:05:00
1773223800000,8.91,8.91,8.91,8.91,0.0,2026-03-11 10:10:00
1773224100000,8.91,8.91,8.91,8.91,0.0,2026-03-11 10:15:00
1773224400000,8.91,8.91,8.91,8.91,0.0,2026-03-11 10:20:00
1773224700000,8.91,8.91,8.91,8.91,0.0,2026-03-11 10:25:00
1773225000000,8.91,8.91,8.91,8.91,0.0,2026-03-11 10:30:00
1773225300000,8.94,8.94,8.94,8.94,55.0,2026-03-11 10:35:00
1773225600000,8.94,8.94,8.94,8.94,0.0,2026-03-11 10:40:00
1773225900000,8.94,8.94,8.94,8.94,0.0,2026-03-11 10:45:00
1773226200000,8.94,8.94,8.94,8.94,0.0,2026-03-11 10:50:00
1773226500000,8.94,8.94,8.94,8.94,0.0,2026-03-11 10:55:00
1773226800000,8.94,8.94,8.94,8.94,0.0,2026-03-11 11:00:00
1773227100000,8.94,8.94,8.94,8.94,0.0,2026-03-11 11:05:00
1773227400000,8.94,8.94,8.94,8.94,0.0,2026-03-11 11:10:00
1773227700000,8.94,8.94,8.94,8.94,0.0,2026-03-11 11:15:00
1773228000000,8.94,8.94,8.94,8.94,0.0,2026-03-11 11:20:00
1773228300000,8.94,8.94,8.94,8.94,0.0,2026-03-11 11:25:00
1773228600000,8.94,8.94,8.94,8.94,0.0,2026-03-11 11:30:00
1773228900000,8.94,8.94,8.94,8.94,0.0,2026-03-11 11:35:00
1773229200000,8.94,8.94,8.94,8.94,0.0,2026-03-11 11:40:00
1773229500000,8.9,8.9,8.9,8.9,4.39,2026-03-11 11:45:00
1773229800000,8.9,8.9,8.9,8.9,0.0,2026-03-11 11:50:00
1773230100000,8.9,8.9,8.9,8.9,0.0,2026-03-11 11:55:00
1773230400000,8.9,8.9,8.9,8.9,0.0,2026-03-11 12:00:00
1773230700000,8.9,8.9,8.9,8.9,0.0,2026-03-11 12:05:00
1773231000000,8.9,8.9,8.9,8.9,0.0,2026-03-11 12:10:00
1773231300000,8.9,8.9,8.9,8.9,0.0,2026-03-11 12:15:00
1773231600000,8.97,8.97,8.97,8.97,3.46,2026-03-11 12:20:00
1773231900000,8.97,8.97,8.97,8.97,0.0,2026-03-11 12:25:00
1773232200000,8.97,8.97,8.97,8.97,0.0,2026-03-11 12:30:00
1773232500000,8.97,8.97,8.97,8.97,0.0,2026-03-11 12:35:00
1773232800000,8.97,8.97,8.97,8.97,0.0,2026-03-11 12:40:00
1773233100000,8.97,8.97,8.97,8.97,0.0,2026-03-11 12:45:00
1773233400000,8.97,8.97,8.97,8.97,0.0,2026-03-11 12:50:00
1773233700000,8.97,8.97,8.97,8.97,0.0,2026-03-11 12:55:00
1773234000000,8.97,8.97,8.97,8.97,0.0,2026-03-11 13:00:00
1773234300000,8.97,8.97,8.97,8.97,0.0,2026-03-11 13:05:00
1773234600000,9.02,9.02,9.02,9.02,0.67,2026-03-11 13:10:00
1773234900000,9.02,9.02,9.02,9.02,0.0,2026-03-11 13:15:00
1773235200000,9.06,9.06,9.06,9.06,2.76,2026-03-11 13:20:00
1773235500000,9.06,9.06,9.06,9.06,0.0,2026-03-11 13:25:00
1773235800000,9.07,9.07,9.07,9.07,0.66,2026-03-11 13:30:00
1773236100000,9.12,9.15,9.1,9.1,6.72,2026-03-11 13:35:00
1773236400000,9.1,9.1,9.1,9.1,0.0,2026-03-11 13:40:00
1773236700000,9.07,9.07,9.06,9.06,3.42,2026-03-11 13:45:00
1773237000000,9.02,9.02,9.01,9.01,8.16,2026-03-11 13:50:00
1773237300000,8.98,9.05,8.98,9.03,39.23,2026-03-11 13:55:00
1773237600000,9.07,9.07,9.07,9.07,0.66,2026-03-11 14:00:00
1773237900000,9.07,9.07,9.07,9.07,0.0,2026-03-11 14:05:00
1773238200000,9.05,9.05,9.05,9.05,2.59,2026-03-11 14:10:00
1773238500000,9.05,9.05,9.05,9.05,0.0,2026-03-11 14:15:00
1773238800000,9.11,9.11,9.09,9.09,27.13,2026-03-11 14:20:00
1773239100000,9.09,9.09,9.09,9.09,0.0,2026-03-11 14:25:00
1773239400000,9.09,9.09,9.09,9.09,0.0,2026-03-11 14:30:00
1773239700000,9.1,9.14,9.1,9.14,486.14,2026-03-11 14:35:00
1773240000000,9.1,9.1,9.1,9.1,5.92,2026-03-11 14:40:00
1773240300000,9.12,9.13,9.09,9.1,589.43,2026-03-11 14:45:00
1773240600000,9.1,9.1,9.1,9.1,281.98,2026-03-11 14:50:00
1773240900000,9.07,9.07,9.07,9.07,0.66,2026-03-11 14:55:00
1773241200000,9.09,9.09,9.08,9.08,533.49,2026-03-11 15:00:00
1773241500000,9.09,9.09,9.02,9.02,1.33,2026-03-11 15:05:00
1773241800000,9.02,9.02,9.02,9.02,0.0,2026-03-11 15:10:00
1773242100000,9.02,9.02,9.02,9.02,0.0,2026-03-11 15:15:00
1773242400000,9.02,9.02,9.02,9.02,0.0,2026-03-11 15:20:00
1773242700000,9.03,9.03,9.03,9.03,1.21,2026-03-11 15:25:00
1773243000000,8.97,9.0,8.91,8.95,24.73,2026-03-11 15:30:00
1773243300000,8.97,8.97,8.97,8.97,0.65,2026-03-11 15:35:00
1773243600000,8.97,8.99,8.97,8.99,34.04,2026-03-11 15:40:00
1773243900000,8.97,8.97,8.96,8.96,296.42,2026-03-11 15:45:00
1773244200000,8.96,8.97,8.96,8.97,19.84,2026-03-11 15:50:00
1773244500000,9.01,9.01,9.01,9.01,0.33,2026-03-11 15:55:00
1773244800000,9.02,9.02,8.99,8.99,10.29,2026-03-11 16:00:00
1773245100000,8.99,9.0,8.99,9.0,17.26,2026-03-11 16:05:00
1773245400000,8.99,8.99,8.99,8.99,8.65,2026-03-11 16:10:00
1773245700000,9.01,9.01,9.0,9.0,30.72,2026-03-11 16:15:00
1773246000000,9.02,9.02,9.02,9.02,570.2,2026-03-11 16:20:00
1773246300000,9.01,9.01,9.0,9.01,85.04,2026-03-11 16:25:00
1773246600000,9.02,9.07,9.01,9.07,1250.68,2026-03-11 16:30:00
1773246900000,9.04,9.15,9.04,9.06,6.54,2026-03-11 16:35:00
1773247200000,9.05,9.05,9.05,9.05,11.12,2026-03-11 16:40:00
1773247500000,9.07,9.07,9.07,9.07,3.24,2026-03-11 16:45:00
1773247800000,9.07,9.07,9.07,9.07,0.0,2026-03-11 16:50:00
1773248100000,9.07,9.07,9.07,9.07,0.0,2026-03-11 16:55:00
1773248400000,9.1,9.12,9.09,9.09,3.99,2026-03-11 17:00:00
1773248700000,9.09,9.09,9.09,9.09,0.0,2026-03-11 17:05:00
1773249000000,9.09,9.09,9.09,9.09,2.16,2026-03-11 17:10:00
1773249300000,9.1,9.1,9.1,9.1,9.14,2026-03-11 17:15:00
1773249600000,9.09,9.09,9.09,9.09,3.29,2026-03-11 17:20:00
1773249900000,9.12,9.15,9.12,9.14,22.21,2026-03-11 17:25:00
1773250200000,9.14,9.14,9.14,9.14,0.0,2026-03-11 17:30:00
1773250500000,9.07,9.07,9.04,9.04,9.22,2026-03-11 17:35:00
1773250800000,9.11,9.11,9.11,9.11,1.44,2026-03-11 17:40:00
1773251100000,9.11,9.11,9.11,9.11,0.0,2026-03-11 17:45:00
1773251400000,9.08,9.08,9.08,9.08,10.37,2026-03-11 17:50:00
1773251700000,9.08,9.08,9.08,9.08,0.0,2026-03-11 17:55:00
1773252000000,9.08,9.08,9.08,9.08,0.0,2026-03-11 18:00:00
1773252300000,9.1,9.1,9.1,9.1,9.14,2026-03-11 18:05:00
1773252600000,9.1,9.1,9.1,9.1,0.0,2026-03-11 18:10:00
1773252900000,9.1,9.1,9.1,9.1,0.0,2026-03-11 18:15:00
1773253200000,9.1,9.1,9.1,9.1,0.0,2026-03-11 18:20:00
1773253500000,9.1,9.1,9.1,9.1,0.0,2026-03-11 18:25:00
1773253800000,9.1,9.1,9.1,9.1,0.0,2026-03-11 18:30:00
1773254100000,9.1,9.1,9.1,9.1,0.0,2026-03-11 18:35:00
1773254400000,9.1,9.1,9.1,9.1,0.0,2026-03-11 18:40:00
1773254700000,9.1,9.1,9.1,9.1,0.0,2026-03-11 18:45:00
1773255000000,9.1,9.1,9.1,9.1,0.0,2026-03-11 18:50:00
1773255300000,9.1,9.1,9.1,9.1,0.0,2026-03-11 18:55:00
1773255600000,9.1,9.1,9.1,9.1,0.0,2026-03-11 19:00:00
1773255900000,9.09,9.09,9.09,9.09,2.76,2026-03-11 19:05:00
1773256200000,9.07,9.07,9.06,9.06,51.54,2026-03-11 19:10:00
1773256500000,9.04,9.08,9.04,9.06,50.39,2026-03-11 19:15:00
1773256800000,9.06,9.06,9.06,9.06,0.0,2026-03-11 19:20:00
1773257100000,9.06,9.06,9.06,9.06,0.0,2026-03-11 19:25:00
1773257400000,9.08,9.08,9.08,9.08,8.41,2026-03-11 19:30:00
1773257700000,9.08,9.08,9.08,9.08,0.0,2026-03-11 19:35:00
1773258000000,9.08,9.08,9.08,9.08,0.0,2026-03-11 19:40:00
1773258300000,9.08,9.08,9.08,9.08,0.0,2026-03-11 19:45:00
1773258600000,9.08,9.08,9.08,9.08,0.0,2026-03-11 19:50:00
1773258900000,9.08,9.08,9.08,9.08,21.17,2026-03-11 19:55:00
1773259200000,9.07,9.07,9.05,9.05,16.15,2026-03-11 20:00:00
1773259500000,9.05,9.05,9.05,9.05,0.0,2026-03-11 20:05:00
1773259800000,9.05,9.05,9.05,9.05,0.0,2026-03-11 20:10:00
1773260100000,9.05,9.05,9.05,9.05,0.0,2026-03-11 20:15:00
1773260400000,9.05,9.05,9.05,9.05,2.48,2026-03-11 20:20:00
1773260700000,9.05,9.05,9.05,9.05,0.0,2026-03-11 20:25:00
1773261000000,9.05,9.05,9.05,9.05,0.0,2026-03-11 20:30:00
1773261300000,9.05,9.05,9.05,9.05,0.0,2026-03-11 20:35:00
1773261600000,9.05,9.05,9.05,9.05,0.0,2026-03-11 20:40:00
1773261900000,9.05,9.05,9.05,9.05,0.0,2026-03-11 20:45:00
1773262200000,9.05,9.05,9.05,9.05,0.0,2026-03-11 20:50:00
1773262500000,9.05,9.05,9.05,9.05,0.0,2026-03-11 20:55:00
1773262800000,9.05,9.05,9.05,9.05,0.0,2026-03-11 21:00:00
1773263100000,9.05,9.05,9.05,9.05,0.0,2026-03-11 21:05:00
1773263400000,9.05,9.05,9.05,9.05,0.0,2026-03-11 21:10:00
1773263700000,9.05,9.05,9.05,9.05,0.0,2026-03-11 21:15:00
1773264000000,9.05,9.05,9.05,9.05,0.0,2026-03-11 21:20:00
1773264300000,9.05,9.05,9.05,9.05,0.0,2026-03-11 21:25:00
1773264600000,9.05,9.05,9.05,9.05,0.0,2026-03-11 21:30:00
1773264900000,9.05,9.05,9.05,9.05,0.0,2026-03-11 21:35:00
1773265200000,9.05,9.05,9.05,9.05,0.0,2026-03-11 21:40:00
1773265500000,9.05,9.05,9.05,9.05,0.0,2026-03-11 21:45:00
1773265800000,9.05,9.05,9.05,9.05,0.0,2026-03-11 21:50:00
1773266100000,9.05,9.05,9.05,9.05,0.0,2026-03-11 21:55:00
1773266400000,9.05,9.05,9.05,9.05,0.0,2026-03-11 22:00:00
1773266700000,9.05,9.05,9.05,9.05,0.0,2026-03-11 22:05:00
1773267000000,9.1,9.1,9.1,9.1,9.05,2026-03-11 22:10:00
1773267300000,9.1,9.1,9.1,9.1,0.0,2026-03-11 22:15:00
1773267600000,9.1,9.1,9.1,9.1,0.0,2026-03-11 22:20:00
1773267900000,9.1,9.1,9.1,9.1,0.0,2026-03-11 22:25:00
1773268200000,9.1,9.1,9.1,9.1,0.0,2026-03-11 22:30:00
1773268500000,9.03,9.03,9.01,9.01,15.5,2026-03-11 22:35:00
1773268800000,9.01,9.01,9.01,9.01,0.0,2026-03-11 22:40:00
1773269100000,9.01,9.04,9.01,9.04,13.17,2026-03-11 22:45:00
1773269400000,9.04,9.04,9.04,9.04,0.0,2026-03-11 22:50:00
1773269700000,9.03,9.03,9.03,9.03,8.88,2026-03-11 22:55:00
1773270000000,9.05,9.05,9.05,9.05,8.03,2026-03-11 23:00:00
1773270300000,9.05,9.05,9.05,9.05,0.0,2026-03-11 23:05:00
1773270600000,9.05,9.05,9.05,9.05,0.0,2026-03-11 23:10:00
1773270900000,9.05,9.05,9.05,9.05,0.0,2026-03-11 23:15:00
1773271200000,9.05,9.05,9.05,9.05,0.0,2026-03-11 23:20:00
1773271500000,9.05,9.05,9.05,9.05,0.0,2026-03-11 23:25:00
1773271800000,9.02,9.02,9.0,9.0,19.01,2026-03-11 23:30:00
1773272100000,9.0,9.0,9.0,9.0,0.0,2026-03-11 23:35:00
1773272400000,9.0,9.0,9.0,9.0,0.0,2026-03-11 23:40:00
1773272700000,9.0,9.0,9.0,9.0,0.0,2026-03-11 23:45:00
1773273000000,9.0,9.0,9.0,9.0,0.0,2026-03-11 23:50:00
1773273300000,9.0,9.0,9.0,9.0,0.0,2026-03-11 23:55:00
1773273600000,8.98,9.01,8.98,9.01,3.65,2026-03-12 00:00:00
1773273900000,8.99,8.99,8.98,8.98,160.55,2026-03-12 00:05:00
1773274200000,9.0,9.0,9.0,9.0,4.3,2026-03-12 00:10:00
1773274500000,8.99,8.99,8.99,8.99,0.13,2026-03-12 00:15:00
1773274800000,9.0,9.0,8.98,8.99,2.81,2026-03-12 00:20:00
1773275100000,8.99,8.99,8.99,8.99,0.59,2026-03-12 00:25:00
1773275400000,8.98,8.98,8.98,8.98,1.72,2026-03-12 00:30:00
1773275700000,8.98,8.98,8.98,8.98,0.12,2026-03-12 00:35:00
1773276000000,8.98,8.98,8.98,8.98,0.0,2026-03-12 00:40:00
1773276300000,8.98,8.98,8.98,8.98,0.0,2026-03-12 00:45:00
1773276600000,8.98,8.98,8.98,8.98,0.0,2026-03-12 00:50:00
1773276900000,8.98,8.98,8.98,8.98,0.0,2026-03-12 00:55:00
1773277200000,8.99,8.99,8.95,8.95,15.48,2026-03-12 01:00:00
1773277500000,8.97,8.97,8.97,8.97,0.67,2026-03-12 01:05:00
1773277800000,8.97,8.97,8.97,8.97,0.0,2026-03-12 01:10:00
1773278100000,8.97,8.97,8.97,8.97,0.0,2026-03-12 01:15:00
1773278400000,8.95,8.98,8.95,8.98,1.33,2026-03-12 01:20:00
1773278700000,8.98,8.98,8.98,8.98,0.0,2026-03-12 01:25:00
1773279000000,8.98,8.98,8.98,8.98,0.0,2026-03-12 01:30:00
1773279300000,8.93,8.95,8.93,8.95,1.34,2026-03-12 01:35:00
1773279600000,8.96,8.98,8.96,8.98,1.33,2026-03-12 01:40:00
1773279900000,8.98,8.98,8.98,8.98,0.0,2026-03-12 01:45:00
1773280200000,8.98,8.98,8.98,8.98,0.0,2026-03-12 01:50:00
1773280500000,8.95,8.97,8.95,8.97,21.39,2026-03-12 01:55:00
1773280800000,8.95,8.95,8.93,8.93,7.3,2026-03-12 02:00:00
1773281100000,8.97,8.97,8.96,8.96,11.16,2026-03-12 02:05:00
1773281400000,8.96,8.96,8.96,8.96,0.0,2026-03-12 02:10:00
1773281700000,8.96,8.96,8.96,8.96,0.0,2026-03-12 02:15:00
1773282000000,8.93,8.94,8.9,8.94,21.54,2026-03-12 02:20:00
1773282300000,8.94,8.94,8.94,8.94,0.0,2026-03-12 02:25:00
1773282600000,8.91,8.91,8.91,8.91,0.67,2026-03-12 02:30:00
1773282900000,8.9,8.9,8.9,8.9,1.59,2026-03-12 02:35:00
1773283200000,8.9,8.9,8.9,8.9,0.0,2026-03-12 02:40:00
1773283500000,8.9,8.9,8.9,8.9,0.0,2026-03-12 02:45:00
1773283800000,8.88,8.93,8.87,8.87,614.75,2026-03-12 02:50:00
1773284100000,8.87,8.87,8.87,8.87,0.0,2026-03-12 02:55:00
1773284400000,8.87,8.87,8.87,8.87,0.0,2026-03-12 03:00:00
1773284700000,8.87,8.87,8.87,8.87,0.0,2026-03-12 03:05:00
1773285000000,8.87,8.87,8.87,8.87,0.0,2026-03-12 03:10:00
1773285300000,8.87,8.87,8.87,8.87,0.0,2026-03-12 03:15:00
1773285600000,8.87,8.87,8.87,8.87,0.0,2026-03-12 03:20:00
1773285900000,8.87,8.87,8.87,8.87,0.0,2026-03-12 03:25:00
1773286200000,8.87,8.87,8.87,8.87,0.0,2026-03-12 03:30:00
1773286500000,8.87,8.87,8.87,8.87,0.0,2026-03-12 03:35:00
1773286800000,8.87,8.87,8.87,8.87,0.0,2026-03-12 03:40:00
1773287100000,8.86,8.93,8.85,8.93,28.55,2026-03-12 03:45:00
1773287400000,8.88,8.88,8.84,8.84,4.78,2026-03-12 03:50:00
1773287700000,8.85,8.85,8.85,8.85,16.97,2026-03-12 03:55:00
1773288000000,8.85,8.85,8.85,8.85,0.0,2026-03-12 04:00:00
1773288300000,8.9,8.9,8.9,8.9,2.24,2026-03-12 04:05:00
1773288600000,8.9,8.9,8.9,8.9,0.0,2026-03-12 04:10:00
1773288900000,8.91,8.91,8.91,8.91,0.67,2026-03-12 04:15:00
1773289200000,8.91,8.91,8.91,8.91,0.0,2026-03-12 04:20:00
1773289500000,8.86,8.86,8.86,8.86,3.33,2026-03-12 04:25:00
1773289800000,8.86,8.86,8.86,8.86,0.0,2026-03-12 04:30:00
1773290100000,8.87,8.87,8.87,8.87,8.62,2026-03-12 04:35:00
1773290400000,8.9,8.9,8.9,8.9,1.37,2026-03-12 04:40:00
1773290700000,8.9,8.9,8.9,8.9,0.0,2026-03-12 04:45:00
1773291000000,8.86,8.86,8.86,8.86,33.71,2026-03-12 04:50:00
1773291300000,8.86,8.86,8.86,8.86,0.0,2026-03-12 04:55:00
1773291600000,8.86,8.86,8.86,8.86,0.0,2026-03-12 05:00:00
1773291900000,8.86,8.86,8.86,8.86,26.84,2026-03-12 05:05:00
1773292200000,8.86,8.86,8.86,8.86,0.0,2026-03-12 05:10:00
1773292500000,8.86,8.86,8.86,8.86,0.0,2026-03-12 05:15:00
1773292800000,8.86,8.86,8.86,8.86,0.0,2026-03-12 05:20:00
1773293100000,8.86,8.86,8.86,8.86,0.0,2026-03-12 05:25:00
1773293400000,8.86,8.86,8.86,8.86,0.0,2026-03-12 05:30:00
1773293700000,8.86,8.86,8.86,8.86,0.0,2026-03-12 05:35:00
1773294000000,8.86,8.86,8.86,8.86,0.0,2026-03-12 05:40:00
1773294300000,8.86,8.86,8.86,8.86,0.67,2026-03-12 05:45:00
1773294600000,8.86,8.86,8.86,8.86,0.0,2026-03-12 05:50:00
1773294900000,8.86,8.86,8.86,8.86,0.0,2026-03-12 05:55:00
1773295200000,8.88,8.88,8.88,8.88,11.19,2026-03-12 06:00:00
1773295500000,8.91,8.92,8.91,8.92,117.52,2026-03-12 06:05:00
1773295800000,8.9,8.9,8.9,8.9,8.26,2026-03-12 06:10:00
1773296100000,8.9,8.9,8.9,8.9,0.0,2026-03-12 06:15:00
1773296400000,8.9,8.9,8.9,8.9,0.0,2026-03-12 06:20:00
1773296700000,8.9,8.9,8.9,8.9,0.0,2026-03-12 06:25:00
1773297000000,8.9,8.9,8.9,8.9,0.0,2026-03-12 06:30:00
1773297300000,8.9,8.9,8.9,8.9,0.0,2026-03-12 06:35:00
1773297600000,8.9,8.9,8.9,8.9,0.0,2026-03-12 06:40:00
1773297900000,8.9,8.9,8.9,8.9,0.0,2026-03-12 06:45:00
1773298200000,8.9,8.9,8.9,8.9,0.0,2026-03-12 06:50:00
1773298500000,8.9,8.9,8.9,8.9,0.0,2026-03-12 06:55:00
1773298800000,8.9,8.9,8.9,8.9,0.0,2026-03-12 07:00:00
1773299100000,8.91,8.91,8.91,8.91,0.31,2026-03-12 07:05:00
1773299400000,8.91,8.91,8.91,8.91,0.0,2026-03-12 07:10:00
1773299700000,8.91,8.91,8.91,8.91,0.0,2026-03-12 07:15:00
1773300000000,8.9,8.9,8.9,8.9,1.6,2026-03-12 07:20:00
1773300300000,8.9,8.9,8.9,8.9,0.0,2026-03-12 07:25:00
1773300600000,8.94,8.94,8.94,8.94,7.62,2026-03-12 07:30:00
1773300900000,8.94,8.94,8.94,8.94,0.0,2026-03-12 07:35:00
1773301200000,8.94,8.94,8.94,8.94,0.0,2026-03-12 07:40:00
1773301500000,8.94,8.94,8.94,8.94,0.0,2026-03-12 07:45:00
1773301800000,8.94,8.94,8.94,8.94,0.0,2026-03-12 07:50:00
1773302100000,8.94,8.94,8.94,8.94,0.0,2026-03-12 07:55:00
1773302400000,8.94,8.94,8.94,8.94,0.0,2026-03-12 08:00:00
1773302700000,8.94,8.94,8.94,8.94,0.0,2026-03-12 08:05:00
1773303000000,8.94,8.94,8.94,8.94,0.0,2026-03-12 08:10:00
1773303300000,8.95,8.97,8.95,8.97,6.25,2026-03-12 08:15:00
1773303600000,8.97,8.97,8.97,8.97,0.0,2026-03-12 08:20:00
1773303900000,8.97,8.97,8.97,8.97,9.02,2026-03-12 08:25:00
1773304200000,8.97,8.97,8.97,8.97,0.0,2026-03-12 08:30:00
1773304500000,8.97,8.97,8.97,8.97,0.0,2026-03-12 08:35:00
1773304800000,8.97,8.97,8.97,8.97,0.0,2026-03-12 08:40:00
1773305100000,8.97,8.97,8.97,8.97,0.0,2026-03-12 08:45:00
1773305400000,8.97,8.97,8.97,8.97,0.0,2026-03-12 08:50:00
1773305700000,8.97,8.97,8.97,8.97,0.0,2026-03-12 08:55:00
1773306000000,8.97,8.97,8.97,8.97,0.0,2026-03-12 09:00:00
1773306300000,8.97,8.97,8.97,8.97,0.0,2026-03-12 09:05:00
1773306600000,8.97,8.97,8.97,8.97,0.0,2026-03-12 09:10:00
1773306900000,8.97,8.97,8.97,8.97,0.0,2026-03-12 09:15:00
1773307200000,8.92,8.92,8.92,8.92,3.66,2026-03-12 09:20:00
1773307500000,8.92,8.92,8.92,8.92,0.0,2026-03-12 09:25:00
1773307800000,8.92,8.92,8.92,8.92,0.0,2026-03-12 09:30:00
1773308100000,8.95,8.95,8.95,8.95,8.57,2026-03-12 09:35:00
1773308400000,8.95,9.02,8.95,9.01,38.69,2026-03-12 09:40:00
1773308700000,9.01,9.01,9.01,9.01,0.0,2026-03-12 09:45:00
1773309000000,9.01,9.01,9.01,9.01,0.0,2026-03-12 09:50:00
1773309300000,9.01,9.01,9.01,9.01,0.0,2026-03-12 09:55:00
1773309600000,9.01,9.01,9.01,9.01,0.0,2026-03-12 10:00:00
1773309900000,9.01,9.01,9.01,9.01,0.0,2026-03-12 10:05:00
1773310200000,9.01,9.01,9.01,9.01,0.0,2026-03-12 10:10:00
1773310500000,9.01,9.01,9.01,9.01,0.0,2026-03-12 10:15:00
1773310800000,9.0,9.03,9.0,9.03,5.27,2026-03-12 10:20:00
1773311100000,9.03,9.03,9.03,9.03,0.0,2026-03-12 10:25:00
1773311400000,9.05,9.05,9.05,9.05,14.79,2026-03-12 10:30:00
1773311700000,9.06,9.1,9.06,9.08,15.74,2026-03-12 10:35:00
1773312000000,9.07,9.07,9.07,9.07,5.65,2026-03-12 10:40:00
1773312300000,9.07,9.07,9.07,9.07,0.0,2026-03-12 10:45:00
1773312600000,9.07,9.07,9.07,9.07,0.0,2026-03-12 10:50:00
1773312900000,9.07,9.07,9.07,9.07,0.0,2026-03-12 10:55:00
1773313200000,9.07,9.07,9.07,9.07,0.0,2026-03-12 11:00:00
1773313500000,9.07,9.07,9.06,9.06,12.29,2026-03-12 11:05:00
1773313800000,9.06,9.06,9.06,9.06,0.0,2026-03-12 11:10:00
1773314100000,9.06,9.06,9.06,9.06,0.0,2026-03-12 11:15:00
1773314400000,9.06,9.06,9.06,9.06,0.0,2026-03-12 11:20:00
1773314700000,9.06,9.06,9.06,9.06,0.0,2026-03-12 11:25:00
1773315000000,9.06,9.06,9.06,9.06,0.0,2026-03-12 11:30:00
1773315300000,9.06,9.06,9.06,9.06,0.0,2026-03-12 11:35:00
1773315600000,9.05,9.05,9.05,9.05,0.29,2026-03-12 11:40:00
1773315900000,9.08,9.08,9.07,9.07,13.76,2026-03-12 11:45:00
1773316200000,9.03,9.03,9.03,9.03,7.66,2026-03-12 11:50:00
1773316500000,9.03,9.03,9.03,9.03,0.0,2026-03-12 11:55:00
1773316800000,9.02,9.02,9.02,9.02,0.66,2026-03-12 12:00:00
1773317100000,9.02,9.02,9.02,9.02,0.0,2026-03-12 12:05:00
1773317400000,9.02,9.02,9.02,9.02,7.43,2026-03-12 12:10:00
1773317700000,9.02,9.02,9.02,9.02,0.0,2026-03-12 12:15:00
1773318000000,9.02,9.02,9.02,9.02,0.0,2026-03-12 12:20:00
1773318300000,9.02,9.02,9.02,9.02,0.0,2026-03-12 12:25:00
1773318600000,9.02,9.02,9.02,9.02,0.0,2026-03-12 12:30:00
1773318900000,9.02,9.02,9.02,9.02,0.0,2026-03-12 12:35:00
1773319200000,9.02,9.02,9.02,9.02,0.0,2026-03-12 12:40:00
1773319500000,9.02,9.02,9.02,9.02,0.0,2026-03-12 12:45:00
1773319800000,9.05,9.05,9.05,9.05,1.23,2026-03-12 12:50:00
1773320100000,9.05,9.05,9.05,9.05,0.0,2026-03-12 12:55:00
1773320400000,9.05,9.05,9.05,9.05,0.0,2026-03-12 13:00:00
1773320700000,9.05,9.05,9.05,9.05,0.0,2026-03-12 13:05:00
1773321000000,9.05,9.05,9.05,9.05,0.0,2026-03-12 13:10:00
1773321300000,9.05,9.05,9.05,9.05,0.0,2026-03-12 13:15:00
1773321600000,9.05,9.05,9.05,9.05,0.0,2026-03-12 13:20:00
1773321900000,9.05,9.05,9.05,9.05,0.0,2026-03-12 13:25:00
1773322200000,9.05,9.05,9.05,9.05,0.0,2026-03-12 13:30:00
1773322500000,9.03,9.03,9.03,9.03,8.69,2026-03-12 13:35:00
1773322800000,9.04,9.04,9.04,9.04,6.37,2026-03-12 13:40:00
1773323100000,9.0,9.0,9.0,9.0,3.31,2026-03-12 13:45:00
1773323400000,9.0,9.0,9.0,9.0,0.0,2026-03-12 13:50:00
1773323700000,9.0,9.0,9.0,9.0,0.0,2026-03-12 13:55:00
1773324000000,9.07,9.07,9.07,9.07,8.28,2026-03-12 14:00:00
1773324300000,9.07,9.07,9.07,9.07,0.0,2026-03-12 14:05:00
1773324600000,9.06,9.06,9.06,9.06,0.59,2026-03-12 14:10:00
1773324900000,9.06,9.06,9.06,9.06,9.14,2026-03-12 14:15:00
1773325200000,9.02,9.02,9.0,9.02,2.12,2026-03-12 14:20:00
1773325500000,9.02,9.02,9.02,9.02,0.0,2026-03-12 14:25:00
1773325800000,8.97,8.99,8.94,8.94,10.1,2026-03-12 14:30:00
1773326100000,8.95,8.95,8.95,8.95,4.56,2026-03-12 14:35:00
1773326400000,8.91,8.93,8.91,8.92,7.65,2026-03-12 14:40:00
1773326700000,8.95,8.98,8.95,8.98,5.29,2026-03-12 14:45:00
1773327000000,8.93,8.93,8.93,8.93,1.23,2026-03-12 14:50:00
1773327300000,8.93,8.93,8.93,8.93,0.0,2026-03-12 14:55:00
1773327600000,8.93,8.93,8.93,8.93,0.0,2026-03-12 15:00:00
1773327900000,8.98,8.98,8.98,8.98,5.55,2026-03-12 15:05:00
1773328200000,8.98,8.98,8.98,8.98,0.0,2026-03-12 15:10:00
1773328500000,8.98,8.98,8.98,8.98,0.0,2026-03-12 15:15:00
1773328800000,8.97,8.97,8.97,8.97,5.24,2026-03-12 15:20:00
1773329100000,9.02,9.02,9.02,9.02,0.67,2026-03-12 15:25:00
1773329400000,9.02,9.02,9.02,9.02,0.22,2026-03-12 15:30:00
1773329700000,9.06,9.06,9.06,9.06,2.76,2026-03-12 15:35:00
1773330000000,9.07,9.07,9.07,9.07,0.66,2026-03-12 15:40:00
1773330300000,9.07,9.07,9.07,9.07,0.0,2026-03-12 15:45:00
1773330600000,9.07,9.07,9.07,9.07,0.0,2026-03-12 15:50:00
1773330900000,9.05,9.05,9.05,9.05,0.66,2026-03-12 15:55:00
1773331200000,9.05,9.05,9.05,9.05,0.0,2026-03-12 16:00:00
1773331500000,9.02,9.02,9.02,9.02,0.66,2026-03-12 16:05:00
1773331800000,8.97,9.02,8.97,9.02,47.82,2026-03-12 16:10:00
1773332100000,9.02,9.06,9.02,9.06,1.33,2026-03-12 16:15:00
1773332400000,9.06,9.1,9.06,9.1,4.57,2026-03-12 16:20:00
1773332700000,9.04,9.04,9.04,9.04,12.25,2026-03-12 16:25:00
1773333000000,9.02,9.02,9.02,9.02,0.66,2026-03-12 16:30:00
1773333300000,9.03,9.07,9.03,9.07,1.31,2026-03-12 16:35:00
1773333600000,9.04,9.07,9.04,9.07,1.32,2026-03-12 16:40:00
1773333900000,9.07,9.07,9.07,9.07,0.0,2026-03-12 16:45:00
1773334200000,9.03,9.07,9.03,9.07,1.32,2026-03-12 16:50:00
1773334500000,9.03,9.07,9.03,9.07,1.32,2026-03-12 16:55:00
1773334800000,9.07,9.07,9.07,9.07,0.0,2026-03-12 17:00:00
1773335100000,9.03,9.05,9.03,9.05,1.31,2026-03-12 17:05:00
1773335400000,9.05,9.05,9.05,9.05,0.0,2026-03-12 17:10:00
1773335700000,9.03,9.04,9.03,9.04,1.32,2026-03-12 17:15:00
1773336000000,9.02,9.04,8.99,9.04,6.13,2026-03-12 17:20:00
1773336300000,9.04,9.04,9.04,9.04,0.0,2026-03-12 17:25:00
1773336600000,8.99,9.01,8.99,9.0,1.98,2026-03-12 17:30:00
1773336900000,9.0,9.0,9.0,9.0,0.0,2026-03-12 17:35:00
1773337200000,9.04,9.04,9.04,9.04,0.66,2026-03-12 17:40:00
1773337500000,9.04,9.04,9.04,9.04,0.0,2026-03-12 17:45:00
1773337800000,8.98,9.04,8.98,9.02,1.97,2026-03-12 17:50:00
1773338100000,9.02,9.02,9.02,9.02,0.0,2026-03-12 17:55:00
1773338400000,9.02,9.02,9.02,9.02,0.0,2026-03-12 18:00:00
1773338700000,9.02,9.02,9.02,9.02,0.0,2026-03-12 18:05:00
1773339000000,9.02,9.02,9.02,9.02,0.0,2026-03-12 18:10:00
1773339300000,9.02,9.02,9.02,9.02,0.0,2026-03-12 18:15:00
1773339600000,9.02,9.02,9.02,9.02,0.0,2026-03-12 18:20:00
1773339900000,9.02,9.02,9.02,9.02,0.0,2026-03-12 18:25:00
1773340200000,9.02,9.02,9.02,9.02,0.0,2026-03-12 18:30:00
1773340500000,9.02,9.02,9.02,9.02,0.0,2026-03-12 18:35:00
1773340800000,9.02,9.02,9.02,9.02,0.0,2026-03-12 18:40:00
1773341100000,9.02,9.02,9.02,9.02,0.0,2026-03-12 18:45:00
1773341400000,9.02,9.02,9.02,9.02,0.0,2026-03-12 18:50:00
1773341700000,8.99,8.99,8.99,8.99,3.68,2026-03-12 18:55:00
1773342000000,8.99,8.99,8.99,8.99,0.0,2026-03-12 19:00:00
1773342300000,9.01,9.01,9.01,9.01,2.77,2026-03-12 19:05:00
1773342600000,8.97,8.97,8.97,8.97,3.46,2026-03-12 19:10:00
1773342900000,9.02,9.02,8.96,9.02,2.44,2026-03-12 19:15:00
1773343200000,9.02,9.02,9.02,9.02,0.0,2026-03-12 19:20:00
1773343500000,9.02,9.02,9.02,9.02,0.0,2026-03-12 19:25:00
1773343800000,9.02,9.06,9.02,9.06,1.32,2026-03-12 19:30:00
1773344100000,9.06,9.06,9.06,9.06,0.0,2026-03-12 19:35:00
1773344400000,8.99,9.05,8.99,9.04,2.63,2026-03-12 19:40:00
1773344700000,9.04,9.04,9.04,9.04,0.0,2026-03-12 19:45:00
1773345000000,9.04,9.04,9.04,9.04,0.0,2026-03-12 19:50:00
1773345300000,9.04,9.04,9.04,9.04,0.0,2026-03-12 19:55:00
1773345600000,9.02,9.03,8.98,9.0,8.91,2026-03-12 20:00:00
1773345900000,9.03,9.03,9.03,9.03,0.66,2026-03-12 20:05:00
1773346200000,9.03,9.03,9.03,9.03,0.0,2026-03-12 20:10:00
1773346500000,9.03,9.03,9.03,9.03,0.0,2026-03-12 20:15:00
1773346800000,8.97,8.97,8.97,8.97,0.65,2026-03-12 20:20:00
1773347100000,8.97,8.97,8.97,8.97,0.0,2026-03-12 20:25:00
1773347400000,8.97,8.97,8.97,8.97,0.0,2026-03-12 20:30:00
1773347700000,8.97,8.97,8.96,8.96,1.14,2026-03-12 20:35:00
1773348000000,8.96,8.96,8.96,8.96,0.0,2026-03-12 20:40:00
1773348300000,8.96,8.96,8.96,8.96,0.0,2026-03-12 20:45:00
1773348600000,8.96,8.96,8.96,8.96,0.0,2026-03-12 20:50:00
1773348900000,8.96,8.96,8.96,8.96,0.0,2026-03-12 20:55:00
1773349200000,8.96,8.96,8.96,8.96,0.0,2026-03-12 21:00:00
1773349500000,8.96,8.96,8.96,8.96,0.0,2026-03-12 21:05:00
1773349800000,9.0,9.0,9.0,9.0,0.33,2026-03-12 21:10:00
1773350100000,9.0,9.0,9.0,9.0,0.0,2026-03-12 21:15:00
1773350400000,9.0,9.0,9.0,9.0,0.0,2026-03-12 21:20:00
1773350700000,9.0,9.0,9.0,9.0,0.0,2026-03-12 21:25:00
1773351000000,9.0,9.0,9.0,9.0,0.0,2026-03-12 21:30:00
1773351300000,9.0,9.0,9.0,9.0,0.0,2026-03-12 21:35:00
1773351600000,9.0,9.0,9.0,9.0,0.0,2026-03-12 21:40:00
1773351900000,8.99,8.99,8.99,8.99,0.33,2026-03-12 21:45:00
1773352200000,9.0,9.01,9.0,9.01,134.48,2026-03-12 21:50:00
1773352500000,9.02,9.02,9.02,9.02,0.67,2026-03-12 21:55:00
1773352800000,9.03,9.03,9.03,9.03,8.95,2026-03-12 22:00:00
1773353100000,9.01,9.01,9.01,9.01,41.8,2026-03-12 22:05:00
1773353400000,9.03,9.03,9.03,9.03,0.33,2026-03-12 22:10:00
1773353700000,9.03,9.03,9.03,9.03,0.0,2026-03-12 22:15:00
1773354000000,9.0,9.0,9.0,9.0,0.33,2026-03-12 22:20:00
1773354300000,9.0,9.0,9.0,9.0,0.0,2026-03-12 22:25:00
1773354600000,9.0,9.0,9.0,9.0,0.0,2026-03-12 22:30:00
1773354900000,9.0,9.0,9.0,9.0,0.0,2026-03-12 22:35:00
1773355200000,9.0,9.0,9.0,9.0,0.0,2026-03-12 22:40:00
1773355500000,9.0,9.0,9.0,9.0,0.0,2026-03-12 22:45:00
1773355800000,9.0,9.0,9.0,9.0,0.0,2026-03-12 22:50:00
1773356100000,9.0,9.0,9.0,9.0,0.0,2026-03-12 22:55:00
1773356400000,9.0,9.0,9.0,9.0,0.0,2026-03-12 23:00:00
1773356700000,9.06,9.06,9.06,9.06,2.1,2026-03-12 23:05:00
1773357000000,9.06,9.06,9.06,9.06,0.0,2026-03-12 23:10:00
1773357300000,9.06,9.06,9.06,9.06,0.0,2026-03-12 23:15:00
1773357600000,9.07,9.07,9.07,9.07,3.41,2026-03-12 23:20:00
1773357900000,9.07,9.07,9.07,9.07,0.0,2026-03-12 23:25:00
1773358200000,9.07,9.07,9.07,9.07,0.0,2026-03-12 23:30:00
1773358500000,9.06,9.07,9.06,9.07,25.87,2026-03-12 23:35:00
1773358800000,9.07,9.07,9.07,9.07,0.0,2026-03-12 23:40:00
1773359100000,9.07,9.07,9.07,9.07,0.0,2026-03-12 23:45:00
1773359400000,9.07,9.07,9.07,9.07,0.0,2026-03-12 23:50:00
1773359700000,9.07,9.07,9.07,9.07,0.0,2026-03-12 23:55:00
1773360000000,9.07,9.07,9.07,9.07,0.0,2026-03-13 00:00:00
1773360300000,9.07,9.07,9.07,9.07,0.0,2026-03-13 00:05:00
1773360600000,9.07,9.07,9.07,9.07,0.0,2026-03-13 00:10:00
1773360900000,9.12,9.27,9.12,9.17,61.78,2026-03-13 00:15:00
1773361200000,9.19,9.27,9.19,9.27,8.76,2026-03-13 00:20:00
1773361500000,9.27,9.27,9.26,9.26,18.85,2026-03-13 00:25:00
1773361800000,9.32,9.39,9.27,9.35,58.39,2026-03-13 00:30:00
1773362100000,9.37,9.37,9.28,9.28,4.64,2026-03-13 00:35:00
1773362400000,9.29,9.29,9.28,9.28,9.95,2026-03-13 00:40:00
1773362700000,9.27,9.27,9.27,9.27,0.41,2026-03-13 00:45:00
1773363000000,9.27,9.27,9.27,9.27,0.0,2026-03-13 00:50:00
1773363300000,9.27,9.27,9.27,9.27,0.0,2026-03-13 00:55:00
1773363600000,9.27,9.27,9.27,9.27,0.0,2026-03-13 01:00:00
1773363900000,9.27,9.27,9.27,9.27,0.0,2026-03-13 01:05:00
1773364200000,9.32,9.32,9.32,9.32,0.32,2026-03-13 01:10:00
1773364500000,9.3,9.3,9.3,9.3,8.93,2026-03-13 01:15:00
1773364800000,9.25,9.29,9.23,9.29,367.09,2026-03-13 01:20:00
1773365100000,9.28,9.3,9.28,9.28,40.97,2026-03-13 01:25:00
1773365400000,9.28,9.28,9.28,9.28,0.0,2026-03-13 01:30:00
1773365700000,9.24,9.24,9.24,9.24,29.51,2026-03-13 01:35:00
1773366000000,9.28,9.29,9.28,9.29,10.81,2026-03-13 01:40:00
1773366300000,9.32,9.33,9.29,9.33,1.92,2026-03-13 01:45:00
1773366600000,9.33,9.33,9.33,9.33,0.0,2026-03-13 01:50:00
1773366900000,9.29,9.29,9.29,9.29,0.64,2026-03-13 01:55:00
1773367200000,9.29,9.29,9.29,9.29,0.0,2026-03-13 02:00:00
1773367500000,9.29,9.29,9.29,9.29,0.0,2026-03-13 02:05:00
1773367800000,9.29,9.29,9.29,9.29,0.0,2026-03-13 02:10:00
1773368100000,9.29,9.29,9.26,9.26,11.95,2026-03-13 02:15:00
1773368400000,9.26,9.26,9.26,9.26,9.15,2026-03-13 02:20:00
1773368700000,9.26,9.26,9.26,9.26,0.0,2026-03-13 02:25:00
1773369000000,9.26,9.26,9.26,9.26,0.0,2026-03-13 02:30:00
1773369300000,9.25,9.25,9.25,9.25,10.28,2026-03-13 02:35:00
1773369600000,9.25,9.25,9.25,9.25,0.0,2026-03-13 02:40:00
1773369900000,9.23,9.23,9.22,9.22,2.96,2026-03-13 02:45:00
1773370200000,9.22,9.22,9.22,9.22,0.0,2026-03-13 02:50:00
1773370500000,9.22,9.22,9.22,9.22,119.23,2026-03-13 02:55:00
1773370800000,9.22,9.22,9.22,9.22,0.0,2026-03-13 03:00:00
1773371100000,9.25,9.25,9.25,9.25,0.48,2026-03-13 03:05:00
1773371400000,9.25,9.25,9.25,9.25,0.0,2026-03-13 03:10:00
1773371700000,9.25,9.25,9.25,9.25,0.0,2026-03-13 03:15:00
1773372000000,9.25,9.25,9.25,9.25,0.0,2026-03-13 03:20:00
1773372300000,9.24,9.24,9.24,9.24,71.51,2026-03-13 03:25:00
1773372600000,9.24,9.24,9.24,9.24,0.0,2026-03-13 03:30:00
1773372900000,9.24,9.24,9.24,9.24,0.0,2026-03-13 03:35:00
1773373200000,9.24,9.24,9.24,9.24,0.0,2026-03-13 03:40:00
1773373500000,9.24,9.24,9.24,9.24,0.0,2026-03-13 03:45:00
1773373800000,9.22,9.27,9.22,9.27,1.77,2026-03-13 03:50:00
1773374100000,9.27,9.27,9.27,9.27,0.0,2026-03-13 03:55:00
1773374400000,9.27,9.27,9.27,9.27,0.0,2026-03-13 04:00:00
1773374700000,9.29,9.3,9.29,9.3,1.61,2026-03-13 04:05:00
1773375000000,9.3,9.3,9.3,9.3,0.0,2026-03-13 04:10:00
1773375300000,9.25,9.25,9.25,9.25,65.0,2026-03-13 04:15:00
1773375600000,9.25,9.25,9.25,9.25,0.0,2026-03-13 04:20:00
1773375900000,9.25,9.25,9.25,9.25,0.0,2026-03-13 04:25:00
1773376200000,9.25,9.25,9.25,9.25,0.0,2026-03-13 04:30:00
1773376500000,9.25,9.25,9.25,9.25,0.0,2026-03-13 04:35:00
1773376800000,9.26,9.27,9.26,9.27,32.21,2026-03-13 04:40:00
1773377100000,9.27,9.27,9.27,9.27,0.0,2026-03-13 04:45:00
1773377400000,9.27,9.27,9.27,9.27,0.0,2026-03-13 04:50:00
1773377700000,9.27,9.27,9.27,9.27,0.0,2026-03-13 04:55:00
1773378000000,9.27,9.27,9.27,9.27,0.0,2026-03-13 05:00:00
1773378300000,9.27,9.27,9.27,9.27,0.0,2026-03-13 05:05:00
1773378600000,9.27,9.27,9.27,9.27,0.0,2026-03-13 05:10:00
1773378900000,9.26,9.26,9.26,9.26,1.41,2026-03-13 05:15:00
1773379200000,9.26,9.26,9.26,9.26,0.0,2026-03-13 05:20:00
1773379500000,9.26,9.26,9.26,9.26,0.0,2026-03-13 05:25:00
1773379800000,9.26,9.26,9.26,9.26,0.0,2026-03-13 05:30:00
1773380100000,9.26,9.26,9.26,9.26,0.0,2026-03-13 05:35:00
1773380400000,9.26,9.26,9.26,9.26,0.0,2026-03-13 05:40:00
1773380700000,9.26,9.26,9.26,9.26,0.0,2026-03-13 05:45:00
1773381000000,9.26,9.26,9.26,9.26,0.0,2026-03-13 05:50:00
1773381300000,9.26,9.26,9.26,9.26,0.0,2026-03-13 05:55:00
1773381600000,9.26,9.26,9.26,9.26,0.0,2026-03-13 06:00:00
1773381900000,9.26,9.26,9.26,9.26,0.0,2026-03-13 06:05:00
1773382200000,9.26,9.26,9.26,9.26,0.0,2026-03-13 06:10:00
1773382500000,9.26,9.26,9.26,9.26,0.0,2026-03-13 06:15:00
1773382800000,9.26,9.26,9.26,9.26,0.0,2026-03-13 06:20:00
1773383100000,9.22,9.22,9.22,9.22,0.65,2026-03-13 06:25:00
1773383400000,9.19,9.19,9.19,9.19,1.41,2026-03-13 06:30:00
1773383700000,9.19,9.19,9.19,9.19,0.0,2026-03-13 06:35:00
1773384000000,9.19,9.19,9.19,9.19,0.0,2026-03-13 06:40:00
1773384300000,9.19,9.19,9.19,9.19,1.68,2026-03-13 06:45:00
1773384600000,9.19,9.19,9.19,9.19,0.0,2026-03-13 06:50:00
1773384900000,9.19,9.19,9.19,9.19,0.0,2026-03-13 06:55:00
1773385200000,9.25,9.25,9.25,9.25,5.41,2026-03-13 07:00:00
1773385500000,9.25,9.25,9.25,9.25,0.0,2026-03-13 07:05:00
1773385800000,9.25,9.25,9.25,9.25,0.0,2026-03-13 07:10:00
1773386100000,9.25,9.25,9.25,9.25,0.0,2026-03-13 07:15:00
1773386400000,9.25,9.25,9.25,9.25,0.0,2026-03-13 07:20:00
1773386700000,9.25,9.25,9.25,9.25,0.0,2026-03-13 07:25:00
1773387000000,9.18,9.18,9.18,9.18,1.67,2026-03-13 07:30:00
1773387300000,9.18,9.18,9.18,9.18,0.0,2026-03-13 07:35:00
1773387600000,9.18,9.18,9.18,9.18,0.0,2026-03-13 07:40:00
1773387900000,9.18,9.18,9.18,9.18,0.0,2026-03-13 07:45:00
1773388200000,9.18,9.18,9.18,9.18,0.0,2026-03-13 07:50:00
1773388500000,9.18,9.18,9.18,9.18,0.0,2026-03-13 07:55:00
1773388800000,9.18,9.18,9.18,9.18,0.0,2026-03-13 08:00:00
1773389100000,9.18,9.18,9.18,9.18,0.0,2026-03-13 08:05:00
1773389400000,9.17,9.17,9.17,9.17,0.65,2026-03-13 08:10:00
1773389700000,9.17,9.17,9.17,9.17,0.0,2026-03-13 08:15:00
1773390000000,9.17,9.17,9.17,9.17,0.0,2026-03-13 08:20:00
1773390300000,9.17,9.17,9.17,9.17,0.0,2026-03-13 08:25:00
1773390600000,9.22,9.24,9.22,9.24,1.97,2026-03-13 08:30:00
1773390900000,9.27,9.27,9.27,9.27,0.65,2026-03-13 08:35:00
1773391200000,9.27,9.27,9.27,9.27,0.0,2026-03-13 08:40:00
1773391500000,9.22,9.22,9.22,9.22,0.65,2026-03-13 08:45:00
1773391800000,9.22,9.22,9.22,9.22,0.0,2026-03-13 08:50:00
1773392100000,9.22,9.22,9.22,9.22,0.0,2026-03-13 08:55:00
1773392400000,9.22,9.22,9.22,9.22,0.0,2026-03-13 09:00:00
1773392700000,9.22,9.22,9.22,9.22,0.0,2026-03-13 09:05:00
1773393000000,9.22,9.22,9.22,9.22,0.0,2026-03-13 09:10:00
1773393300000,9.22,9.22,9.22,9.22,0.0,2026-03-13 09:15:00
1773393600000,9.2,9.22,9.2,9.22,25.5,2026-03-13 09:20:00
1773393900000,9.22,9.22,9.22,9.22,0.0,2026-03-13 09:25:00
1773394200000,9.22,9.22,9.22,9.22,0.0,2026-03-13 09:30:00
1773394500000,9.22,9.22,9.22,9.22,0.0,2026-03-13 09:35:00
1773394800000,9.22,9.22,9.22,9.22,0.0,2026-03-13 09:40:00
1773395100000,9.22,9.22,9.22,9.22,0.0,2026-03-13 09:45:00
1773395400000,9.27,9.27,9.27,9.27,0.65,2026-03-13 09:50:00
1773395700000,9.27,9.27,9.27,9.27,0.0,2026-03-13 09:55:00
1773396000000,9.27,9.27,9.27,9.27,0.0,2026-03-13 10:00:00
1773396300000,9.27,9.27,9.27,9.27,0.0,2026-03-13 10:05:00
1773396600000,9.27,9.27,9.27,9.27,0.0,2026-03-13 10:10:00
1773396900000,9.27,9.27,9.27,9.27,0.0,2026-03-13 10:15:00
1773397200000,9.27,9.27,9.27,9.27,0.0,2026-03-13 10:20:00
1773397500000,9.27,9.27,9.27,9.27,0.0,2026-03-13 10:25:00
1773397800000,9.27,9.27,9.27,9.27,0.0,2026-03-13 10:30:00
1773398100000,9.27,9.27,9.27,9.27,0.0,2026-03-13 10:35:00
1773398400000,9.27,9.27,9.27,9.27,0.0,2026-03-13 10:40:00
1773398700000,9.27,9.27,9.27,9.27,0.0,2026-03-13 10:45:00
1773399000000,9.27,9.27,9.27,9.27,0.0,2026-03-13 10:50:00
1773399300000,9.27,9.27,9.27,9.27,0.0,2026-03-13 10:55:00
1773399600000,9.27,9.27,9.27,9.27,0.0,2026-03-13 11:00:00
1773399900000,9.27,9.27,9.27,9.27,0.0,2026-03-13 11:05:00
1773400200000,9.27,9.27,9.27,9.27,0.0,2026-03-13 11:10:00
1773400500000,9.28,9.29,9.28,9.29,40.58,2026-03-13 11:15:00
1773400800000,9.29,9.29,9.29,9.29,0.0,2026-03-13 11:20:00
1773401100000,9.29,9.29,9.29,9.29,0.0,2026-03-13 11:25:00
1773401400000,9.29,9.29,9.29,9.29,0.0,2026-03-13 11:30:00
1773401700000,9.29,9.29,9.29,9.29,0.0,2026-03-13 11:35:00
1773402000000,9.29,9.29,9.29,9.29,0.0,2026-03-13 11:40:00
1773402300000,9.29,9.29,9.29,9.29,0.0,2026-03-13 11:45:00
1773402600000,9.29,9.29,9.29,9.29,0.0,2026-03-13 11:50:00
1773402900000,9.29,9.29,9.29,9.29,0.0,2026-03-13 11:55:00
1773403200000,9.29,9.29,9.29,9.29,0.0,2026-03-13 12:00:00
1773403500000,9.29,9.29,9.29,9.29,0.0,2026-03-13 12:05:00
1773403800000,9.29,9.29,9.29,9.29,0.0,2026-03-13 12:10:00
1773404100000,9.29,9.29,9.29,9.29,0.0,2026-03-13 12:15:00
1773404400000,9.29,9.29,9.29,9.29,0.0,2026-03-13 12:20:00
1773404700000,9.29,9.29,9.29,9.29,0.0,2026-03-13 12:25:00
1773405000000,9.32,9.32,9.32,9.32,0.65,2026-03-13 12:30:00
1773405300000,9.32,9.32,9.32,9.32,0.0,2026-03-13 12:35:00
1773405600000,9.32,9.32,9.32,9.32,0.0,2026-03-13 12:40:00
1773405900000,9.37,9.43,9.37,9.43,8.96,2026-03-13 12:45:00
1773406200000,9.43,9.43,9.43,9.43,0.0,2026-03-13 12:50:00
1773406500000,9.43,9.43,9.43,9.43,0.0,2026-03-13 12:55:00
1773406800000,9.43,9.43,9.43,9.43,0.0,2026-03-13 13:00:00
1773407100000,9.43,9.43,9.36,9.38,8.09,2026-03-13 13:05:00
1773407400000,9.38,9.38,9.38,9.38,0.0,2026-03-13 13:10:00
1773407700000,9.37,9.56,9.37,9.51,92.88,2026-03-13 13:15:00
1773408000000,9.51,9.51,9.51,9.51,0.0,2026-03-13 13:20:00
1773408300000,9.52,9.52,9.52,9.52,2.61,2026-03-13 13:25:00
1773408600000,9.52,9.52,9.52,9.52,0.0,2026-03-13 13:30:00
1773408900000,9.49,9.51,9.49,9.51,19.37,2026-03-13 13:35:00
1773409200000,9.51,9.51,9.51,9.51,0.0,2026-03-13 13:40:00
1773409500000,9.51,9.51,9.51,9.51,0.0,2026-03-13 13:45:00
1773409800000,9.5,9.5,9.5,9.5,15.69,2026-03-13 13:50:00
1773410100000,9.5,9.5,9.5,9.5,0.0,2026-03-13 13:55:00
1773410400000,9.5,9.5,9.5,9.5,0.0,2026-03-13 14:00:00
1773410700000,9.54,9.54,9.54,9.54,4.18,2026-03-13 14:05:00
1773411000000,9.56,9.56,9.56,9.56,0.56,2026-03-13 14:10:00
1773411300000,9.56,9.56,9.56,9.56,0.0,2026-03-13 14:15:00
1773411600000,9.57,9.6,9.52,9.52,28.48,2026-03-13 14:20:00
1773411900000,9.53,9.58,9.53,9.58,5.04,2026-03-13 14:25:00
1773412200000,9.56,9.56,9.56,9.56,0.62,2026-03-13 14:30:00
1773412500000,9.52,9.52,9.48,9.48,1.93,2026-03-13 14:35:00
1773412800000,9.47,9.47,9.44,9.44,14.93,2026-03-13 14:40:00
1773413100000,9.44,9.46,9.4,9.4,42.07,2026-03-13 14:45:00
1773413400000,9.42,9.42,9.38,9.42,12.94,2026-03-13 14:50:00
1773413700000,9.37,9.37,9.32,9.32,1.27,2026-03-13 14:55:00
1773414000000,9.32,9.32,9.32,9.32,0.0,2026-03-13 15:00:00
1773414300000,9.41,9.41,9.41,9.41,5.3,2026-03-13 15:05:00
1773414600000,9.41,9.41,9.41,9.41,0.0,2026-03-13 15:10:00
1773414900000,9.41,9.41,9.41,9.41,0.0,2026-03-13 15:15:00
1773415200000,9.41,9.41,9.41,9.41,0.0,2026-03-13 15:20:00
1773415500000,9.41,9.41,9.41,9.41,0.0,2026-03-13 15:25:00
1773415800000,9.41,9.41,9.41,9.41,0.0,2026-03-13 15:30:00
1773416100000,9.32,9.32,9.32,9.32,5.52,2026-03-13 15:35:00
1773416400000,9.28,9.28,9.27,9.27,5.73,2026-03-13 15:40:00
1773416700000,9.27,9.27,9.27,9.27,0.0,2026-03-13 15:45:00
1773417000000,9.27,9.27,9.27,9.27,0.0,2026-03-13 15:50:00
1773417300000,9.26,9.26,9.24,9.24,23.35,2026-03-13 15:55:00
1773417600000,9.26,9.3,9.26,9.3,150.46,2026-03-13 16:00:00
1773417900000,9.28,9.28,9.28,9.28,7.96,2026-03-13 16:05:00
1773418200000,9.27,9.27,9.26,9.26,57.08,2026-03-13 16:10:00
1773418500000,9.25,9.25,9.25,9.25,0.68,2026-03-13 16:15:00
1773418800000,9.25,9.25,9.25,9.25,0.0,2026-03-13 16:20:00
1773419100000,9.22,9.25,9.22,9.25,11.62,2026-03-13 16:25:00
1773419400000,9.25,9.25,9.25,9.25,0.0,2026-03-13 16:30:00
1773419700000,9.27,9.31,9.27,9.31,2.13,2026-03-13 16:35:00
1773420000000,9.31,9.31,9.31,9.31,0.0,2026-03-13 16:40:00
1773420300000,9.32,9.32,9.32,9.32,5.3,2026-03-13 16:45:00
1773420600000,9.32,9.32,9.32,9.32,0.0,2026-03-13 16:50:00
1773420900000,9.32,9.32,9.32,9.32,0.0,2026-03-13 16:55:00
1773421200000,9.32,9.32,9.32,9.32,0.0,2026-03-13 17:00:00
1773421500000,9.32,9.32,9.32,9.32,0.0,2026-03-13 17:05:00
1773421800000,9.32,9.32,9.32,9.32,0.0,2026-03-13 17:10:00
1773422100000,9.28,9.28,9.28,9.28,5.26,2026-03-13 17:15:00
1773422400000,9.28,9.28,9.28,9.28,0.0,2026-03-13 17:20:00
1773422700000,9.27,9.27,9.27,9.27,0.65,2026-03-13 17:25:00
1773423000000,9.23,9.23,9.22,9.22,2.96,2026-03-13 17:30:00
1773423300000,9.22,9.22,9.22,9.22,0.0,2026-03-13 17:35:00
1773423600000,9.17,9.17,9.16,9.16,9.47,2026-03-13 17:40:00
1773423900000,9.16,9.16,9.16,9.16,0.0,2026-03-13 17:45:00
1773424200000,9.12,9.14,9.12,9.14,3.42,2026-03-13 17:50:00
1773424500000,9.12,9.12,9.12,9.12,10.58,2026-03-13 17:55:00
1773424800000,9.12,9.12,9.12,9.12,0.0,2026-03-13 18:00:00
1773425100000,9.12,9.12,9.12,9.12,0.0,2026-03-13 18:05:00
1773425400000,9.16,9.16,9.16,9.16,2.42,2026-03-13 18:10:00
1773425700000,9.16,9.16,9.16,9.16,0.0,2026-03-13 18:15:00
1773426000000,9.16,9.16,9.16,9.16,0.0,2026-03-13 18:20:00
1773426300000,9.16,9.16,9.16,9.16,0.0,2026-03-13 18:25:00
1773426600000,9.17,9.17,9.17,9.17,5.37,2026-03-13 18:30:00
1773426900000,9.17,9.17,9.17,9.17,0.0,2026-03-13 18:35:00
1773427200000,9.17,9.17,9.17,9.17,0.0,2026-03-13 18:40:00
1773427500000,9.17,9.17,9.17,9.17,0.0,2026-03-13 18:45:00
1773427800000,9.17,9.17,9.17,9.17,0.0,2026-03-13 18:50:00
1773428100000,9.17,9.17,9.17,9.17,0.0,2026-03-13 18:55:00
1773428400000,9.12,9.12,9.12,9.12,1.34,2026-03-13 19:00:00
1773428700000,9.13,9.13,9.13,9.13,4.92,2026-03-13 19:05:00
1773429000000,9.13,9.13,9.13,9.13,0.0,2026-03-13 19:10:00
1773429300000,9.11,9.15,9.11,9.15,1.75,2026-03-13 19:15:00
1773429600000,9.15,9.15,9.15,9.15,0.0,2026-03-13 19:20:00
1773429900000,9.15,9.15,9.15,9.15,0.0,2026-03-13 19:25:00
1773430200000,9.15,9.15,9.15,9.15,0.0,2026-03-13 19:30:00
1773430500000,9.15,9.15,9.15,9.15,0.0,2026-03-13 19:35:00
1773430800000,9.15,9.15,9.15,9.15,0.0,2026-03-13 19:40:00
1773431100000,9.15,9.15,9.15,9.15,0.0,2026-03-13 19:45:00
1773431400000,9.15,9.15,9.15,9.15,0.0,2026-03-13 19:50:00
1773431700000,9.14,9.17,9.14,9.17,10.41,2026-03-13 19:55:00
1773432000000,9.17,9.17,9.17,9.17,0.0,2026-03-13 20:00:00
1773432300000,9.17,9.17,9.17,9.17,0.0,2026-03-13 20:05:00
1773432600000,9.17,9.17,9.17,9.17,0.0,2026-03-13 20:10:00
1773432900000,9.17,9.17,9.17,9.17,0.0,2026-03-13 20:15:00
1773433200000,9.17,9.17,9.17,9.17,0.0,2026-03-13 20:20:00
1773433500000,9.17,9.17,9.17,9.17,0.0,2026-03-13 20:25:00
1773433800000,9.17,9.17,9.17,9.17,0.0,2026-03-13 20:30:00
1773434100000,9.14,9.14,9.14,9.14,2.59,2026-03-13 20:35:00
1773434400000,9.14,9.14,9.14,9.14,0.0,2026-03-13 20:40:00
1773434700000,9.14,9.14,9.14,9.14,0.0,2026-03-13 20:45:00
1773435000000,9.14,9.14,9.14,9.14,0.0,2026-03-13 20:50:00
1773435300000,9.14,9.14,9.14,9.14,0.0,2026-03-13 20:55:00
1773435600000,9.14,9.14,9.14,9.14,0.0,2026-03-13 21:00:00
1773435900000,9.14,9.14,9.14,9.14,0.0,2026-03-13 21:05:00
1773436200000,9.19,9.19,9.19,9.19,3.26,2026-03-13 21:10:00
1773436500000,9.19,9.19,9.19,9.19,0.0,2026-03-13 21:15:00
1773436800000,9.19,9.19,9.19,9.19,0.0,2026-03-13 21:20:00
1773437100000,9.19,9.19,9.19,9.19,0.0,2026-03-13 21:25:00
1773437400000,9.19,9.19,9.19,9.19,0.0,2026-03-13 21:30:00
1773437700000,9.19,9.19,9.19,9.19,0.0,2026-03-13 21:35:00
1773438000000,9.19,9.19,9.19,9.19,0.0,2026-03-13 21:40:00
1773438300000,9.19,9.19,9.19,9.19,0.0,2026-03-13 21:45:00
1773438600000,9.19,9.19,9.19,9.19,0.0,2026-03-13 21:50:00
1773438900000,9.19,9.19,9.19,9.19,0.0,2026-03-13 21:55:00
1773439200000,9.12,9.12,9.07,9.07,245.68,2026-03-13 22:00:00
1773439500000,9.07,9.07,9.07,9.07,0.0,2026-03-13 22:05:00
1773439800000,9.07,9.07,9.07,9.07,3.5,2026-03-13 22:10:00
1773440100000,9.07,9.07,9.07,9.07,0.0,2026-03-13 22:15:00
1773440400000,9.07,9.07,9.07,9.07,0.0,2026-03-13 22:20:00
1773440700000,9.06,9.06,9.06,9.06,3.52,2026-03-13 22:25:00
1773441000000,9.06,9.06,9.06,9.06,0.0,2026-03-13 22:30:00
1773441300000,9.06,9.06,9.06,9.06,0.0,2026-03-13 22:35:00
1773441600000,9.06,9.06,9.06,9.06,0.0,2026-03-13 22:40:00
1773441900000,9.06,9.06,9.06,9.06,0.0,2026-03-13 22:45:00
1773442200000,9.06,9.06,9.06,9.06,0.0,2026-03-13 22:50:00
1773442500000,9.06,9.06,9.06,9.06,0.0,2026-03-13 22:55:00
1773442800000,9.07,9.08,9.07,9.08,1.65,2026-03-13 23:00:00
1773443100000,9.08,9.08,9.08,9.08,0.0,2026-03-13 23:05:00
1773443400000,9.08,9.08,9.08,9.08,0.0,2026-03-13 23:10:00
1773443700000,9.08,9.08,9.08,9.08,3.3,2026-03-13 23:15:00
1773444000000,9.08,9.08,9.08,9.08,0.0,2026-03-13 23:20:00
1773444300000,9.08,9.08,9.08,9.08,11.0,2026-03-13 23:25:00
1773444600000,9.08,9.08,9.08,9.08,0.0,2026-03-13 23:30:00
1773444900000,9.08,9.08,9.08,9.08,0.0,2026-03-13 23:35:00
1773445200000,9.08,9.08,9.08,9.08,0.0,2026-03-13 23:40:00
1773445500000,9.08,9.08,9.08,9.08,0.0,2026-03-13 23:45:00
1773445800000,9.08,9.08,9.08,9.08,0.0,2026-03-13 23:50:00
1773446100000,9.07,9.07,9.07,9.07,2.53,2026-03-13 23:55:00
1773446400000,9.07,9.07,9.07,9.07,0.0,2026-03-14 00:00:00
1773446700000,9.07,9.07,9.07,9.07,0.0,2026-03-14 00:05:00
1773447000000,9.07,9.07,9.07,9.07,0.0,2026-03-14 00:10:00
1773447300000,9.11,9.11,9.11,9.11,3.23,2026-03-14 00:15:00
1773447600000,9.11,9.11,9.11,9.11,1.42,2026-03-14 00:20:00
1773447900000,9.1,9.1,9.1,9.1,1.18,2026-03-14 00:25:00
1773448200000,9.11,9.11,9.11,9.11,1.62,2026-03-14 00:30:00
1773448500000,9.12,9.12,9.12,9.12,0.77,2026-03-14 00:35:00
1773448800000,9.09,9.09,9.09,9.09,0.68,2026-03-14 00:40:00
1773449100000,9.09,9.09,9.07,9.07,0.85,2026-03-14 00:45:00
1773449400000,9.07,9.07,9.07,9.07,0.32,2026-03-14 00:50:00
1773449700000,9.07,9.07,9.07,9.07,0.0,2026-03-14 00:55:00
1773450000000,9.07,9.07,9.07,9.07,0.0,2026-03-14 01:00:00
1773450300000,9.07,9.07,9.07,9.07,0.0,2026-03-14 01:05:00
1773450600000,9.07,9.07,9.07,9.07,0.0,2026-03-14 01:10:00
1773450900000,9.07,9.07,9.07,9.07,0.0,2026-03-14 01:15:00
1773451200000,9.07,9.07,9.07,9.07,0.0,2026-03-14 01:20:00
1773451500000,9.07,9.07,9.07,9.07,0.0,2026-03-14 01:25:00
1773451800000,9.07,9.07,9.07,9.07,0.0,2026-03-14 01:30:00
1773452100000,9.07,9.07,9.07,9.07,0.0,2026-03-14 01:35:00
1773452400000,9.07,9.07,9.07,9.07,0.0,2026-03-14 01:40:00
1773452700000,9.07,9.07,9.07,9.07,0.0,2026-03-14 01:45:00
1773453000000,9.07,9.07,9.07,9.07,0.0,2026-03-14 01:50:00
1773453300000,9.07,9.07,9.07,9.07,0.0,2026-03-14 01:55:00
1773453600000,9.07,9.07,9.07,9.07,0.0,2026-03-14 02:00:00
1773453900000,9.07,9.07,9.07,9.07,0.0,2026-03-14 02:05:00
1773454200000,9.07,9.07,9.07,9.07,0.0,2026-03-14 02:10:00
1773454500000,9.08,9.08,9.08,9.08,3.2,2026-03-14 02:15:00
1773454800000,9.09,9.09,9.09,9.09,5.49,2026-03-14 02:20:00
1773455100000,9.09,9.09,9.09,9.09,0.0,2026-03-14 02:25:00
1773455400000,9.09,9.09,9.09,9.09,0.0,2026-03-14 02:30:00
1773455700000,9.09,9.09,9.09,9.09,0.0,2026-03-14 02:35:00
1773456000000,9.09,9.09,9.09,9.09,0.0,2026-03-14 02:40:00
1773456300000,9.09,9.09,9.09,9.09,0.0,2026-03-14 02:45:00
1773456600000,9.1,9.1,9.1,9.1,43.68,2026-03-14 02:50:00
1773456900000,9.08,9.08,9.08,9.08,5.51,2026-03-14 02:55:00
1773457200000,9.09,9.09,9.06,9.06,5.96,2026-03-14 03:00:00
1773457500000,9.06,9.06,9.06,9.06,0.0,2026-03-14 03:05:00
1773457800000,9.06,9.06,9.06,9.06,0.0,2026-03-14 03:10:00
1773458100000,9.06,9.06,9.06,9.06,0.0,2026-03-14 03:15:00
1773458400000,9.06,9.06,9.06,9.06,0.0,2026-03-14 03:20:00
1773458700000,9.06,9.06,9.06,9.06,0.0,2026-03-14 03:25:00
1773459000000,9.06,9.06,9.06,9.06,0.0,2026-03-14 03:30:00
1773459300000,9.06,9.06,9.06,9.06,0.0,2026-03-14 03:35:00
1773459600000,9.06,9.06,9.06,9.06,0.0,2026-03-14 03:40:00
1773459900000,9.06,9.06,9.06,9.06,0.0,2026-03-14 03:45:00
1773460200000,9.06,9.06,9.06,9.06,0.0,2026-03-14 03:50:00
1773460500000,9.06,9.06,9.06,9.06,0.0,2026-03-14 03:55:00
1773460800000,9.06,9.06,9.06,9.06,0.0,2026-03-14 04:00:00
1773461100000,9.12,9.13,9.12,9.13,1.64,2026-03-14 04:05:00
1773461400000,9.13,9.13,9.13,9.13,0.0,2026-03-14 04:10:00
1773461700000,9.11,9.11,9.11,9.11,4.71,2026-03-14 04:15:00
1773462000000,9.11,9.11,9.11,9.11,0.0,2026-03-14 04:20:00
1773462300000,9.11,9.11,9.11,9.11,0.0,2026-03-14 04:25:00
1773462600000,9.11,9.11,9.11,9.11,0.0,2026-03-14 04:30:00
1773462900000,9.11,9.11,9.11,9.11,0.0,2026-03-14 04:35:00
1773463200000,9.11,9.11,9.11,9.11,0.0,2026-03-14 04:40:00
1773463500000,9.11,9.11,9.11,9.11,0.0,2026-03-14 04:45:00
1773463800000,9.11,9.11,9.11,9.11,607.77,2026-03-14 04:50:00
1773464100000,9.11,9.11,9.11,9.11,0.0,2026-03-14 04:55:00
1773464400000,9.11,9.11,9.11,9.11,0.0,2026-03-14 05:00:00
1773464700000,9.11,9.11,9.11,9.11,0.0,2026-03-14 05:05:00
1773465000000,9.11,9.11,9.11,9.11,0.0,2026-03-14 05:10:00
1773465300000,9.09,9.09,9.09,9.09,2.74,2026-03-14 05:15:00
1773465600000,9.08,9.1,9.08,9.1,193.02,2026-03-14 05:20:00
1773465900000,9.1,9.1,9.1,9.1,0.0,2026-03-14 05:25:00
1773466200000,9.07,9.07,9.07,9.07,0.66,2026-03-14 05:30:00
1773466500000,9.07,9.07,9.07,9.07,0.0,2026-03-14 05:35:00
1773466800000,9.07,9.07,9.07,9.07,0.0,2026-03-14 05:40:00
1773467100000,9.07,9.07,9.07,9.07,0.0,2026-03-14 05:45:00
1773467400000,9.07,9.07,9.07,9.07,0.0,2026-03-14 05:50:00
1773467700000,9.07,9.07,9.07,9.07,0.0,2026-03-14 05:55:00
1773468000000,9.07,9.07,9.07,9.07,0.0,2026-03-14 06:00:00
1773468300000,9.07,9.07,9.07,9.07,0.0,2026-03-14 06:05:00
1773468600000,9.07,9.07,9.07,9.07,0.0,2026-03-14 06:10:00
1773468900000,9.07,9.07,9.07,9.07,0.0,2026-03-14 06:15:00
1773469200000,9.02,9.02,9.02,9.02,0.66,2026-03-14 06:20:00
1773469500000,9.02,9.02,9.02,9.02,0.0,2026-03-14 06:25:00
1773469800000,9.02,9.02,9.02,9.02,0.0,2026-03-14 06:30:00
1773470100000,9.0,9.0,8.99,8.99,15.25,2026-03-14 06:35:00
1773470400000,8.99,8.99,8.99,8.99,0.0,2026-03-14 06:40:00
1773470700000,8.99,8.99,8.99,8.99,0.0,2026-03-14 06:45:00
1773471000000,8.99,8.99,8.99,8.99,0.0,2026-03-14 06:50:00
1773471300000,8.99,8.99,8.99,8.99,0.0,2026-03-14 06:55:00
1773471600000,8.99,8.99,8.99,8.99,0.0,2026-03-14 07:00:00
1773471900000,9.0,9.0,9.0,9.0,33.72,2026-03-14 07:05:00
1773472200000,9.0,9.0,9.0,9.0,0.0,2026-03-14 07:10:00
1773472500000,9.0,9.0,9.0,9.0,0.0,2026-03-14 07:15:00
1773472800000,9.0,9.0,9.0,9.0,0.0,2026-03-14 07:20:00
1773473100000,9.0,9.0,9.0,9.0,0.0,2026-03-14 07:25:00
1773473400000,9.0,9.0,9.0,9.0,0.0,2026-03-14 07:30:00
1773473700000,9.0,9.0,9.0,9.0,0.0,2026-03-14 07:35:00
1773474000000,8.99,8.99,8.99,8.99,16.68,2026-03-14 07:40:00
1773474300000,8.99,8.99,8.99,8.99,0.0,2026-03-14 07:45:00
1773474600000,8.99,8.99,8.99,8.99,0.0,2026-03-14 07:50:00
1773474900000,8.99,8.99,8.99,8.99,0.0,2026-03-14 07:55:00
1773475200000,8.99,8.99,8.99,8.99,0.0,2026-03-14 08:00:00
1773475500000,8.99,8.99,8.99,8.99,0.0,2026-03-14 08:05:00
1773475800000,8.99,8.99,8.99,8.99,0.0,2026-03-14 08:10:00
1773476100000,8.99,8.99,8.99,8.99,0.0,2026-03-14 08:15:00
1773476400000,8.99,8.99,8.99,8.99,0.0,2026-03-14 08:20:00
1773476700000,8.99,8.99,8.99,8.99,0.0,2026-03-14 08:25:00
1773477000000,8.99,8.99,8.99,8.99,0.0,2026-03-14 08:30:00
1773477300000,8.99,8.99,8.99,8.99,0.0,2026-03-14 08:35:00
1773477600000,8.99,8.99,8.99,8.99,0.0,2026-03-14 08:40:00
1773477900000,8.99,8.99,8.99,8.99,0.0,2026-03-14 08:45:00
1773478200000,8.99,8.99,8.99,8.99,0.0,2026-03-14 08:50:00
1773478500000,8.99,8.99,8.99,8.99,0.0,2026-03-14 08:55:00
1773478800000,8.99,8.99,8.99,8.99,0.0,2026-03-14 09:00:00
1773479100000,8.99,8.99,8.99,8.99,0.0,2026-03-14 09:05:00
1773479400000,8.99,8.99,8.99,8.99,0.0,2026-03-14 09:10:00
1773479700000,8.99,8.99,8.99,8.99,0.0,2026-03-14 09:15:00
1773480000000,8.97,9.0,8.97,9.0,15.32,2026-03-14 09:20:00
1773480300000,9.0,9.0,9.0,9.0,1.11,2026-03-14 09:25:00
1773480600000,9.0,9.0,9.0,9.0,0.0,2026-03-14 09:30:00
1773480900000,9.0,9.0,9.0,9.0,0.0,2026-03-14 09:35:00
1773481200000,9.0,9.0,9.0,9.0,0.0,2026-03-14 09:40:00
1773481500000,9.0,9.0,9.0,9.0,0.0,2026-03-14 09:45:00
1773481800000,9.0,9.0,9.0,9.0,0.0,2026-03-14 09:50:00
1773482100000,9.0,9.0,9.0,9.0,0.0,2026-03-14 09:55:00
1773482400000,9.0,9.0,9.0,9.0,0.0,2026-03-14 10:00:00
1773482700000,9.0,9.0,9.0,9.0,0.0,2026-03-14 10:05:00
1773483000000,9.0,9.0,9.0,9.0,0.0,2026-03-14 10:10:00
1773483300000,9.0,9.0,9.0,9.0,0.0,2026-03-14 10:15:00
1773483600000,9.0,9.0,9.0,9.0,0.0,2026-03-14 10:20:00
1773483900000,9.0,9.0,9.0,9.0,0.0,2026-03-14 10:25:00
1773484200000,8.93,8.93,8.93,8.93,8.17,2026-03-14 10:30:00
1773484500000,8.93,8.93,8.93,8.93,0.0,2026-03-14 10:35:00
1773484800000,8.93,8.93,8.93,8.93,0.0,2026-03-14 10:40:00
1773485100000,8.93,8.93,8.93,8.93,0.0,2026-03-14 10:45:00
1773485400000,8.93,8.93,8.93,8.93,0.0,2026-03-14 10:50:00
1773485700000,8.93,8.93,8.93,8.93,0.0,2026-03-14 10:55:00
1773486000000,8.97,8.97,8.97,8.97,0.56,2026-03-14 11:00:00
1773486300000,8.98,8.98,8.98,8.98,0.56,2026-03-14 11:05:00
1773486600000,8.98,8.98,8.98,8.98,0.0,2026-03-14 11:10:00
1773486900000,8.98,8.98,8.98,8.98,0.0,2026-03-14 11:15:00
1773487200000,8.98,8.98,8.98,8.98,0.0,2026-03-14 11:20:00
1773487500000,8.98,8.98,8.98,8.98,0.0,2026-03-14 11:25:00
1773487800000,8.98,8.98,8.98,8.98,0.0,2026-03-14 11:30:00
1773488100000,8.98,8.98,8.98,8.98,0.0,2026-03-14 11:35:00
1773488400000,8.98,8.98,8.98,8.98,0.0,2026-03-14 11:40:00
1773488700000,8.98,8.98,8.98,8.98,0.0,2026-03-14 11:45:00
1773489000000,8.98,8.98,8.98,8.98,0.0,2026-03-14 11:50:00
1773489300000,8.98,8.98,8.98,8.98,0.0,2026-03-14 11:55:00
1773489600000,8.98,8.99,8.98,8.99,55.1,2026-03-14 12:00:00
1773489900000,9.0,9.0,9.0,9.0,8.58,2026-03-14 12:05:00
1773490200000,9.0,9.0,9.0,9.0,0.0,2026-03-14 12:10:00
1773490500000,9.0,9.0,9.0,9.0,0.0,2026-03-14 12:15:00
1773490800000,9.0,9.0,9.0,9.0,0.0,2026-03-14 12:20:00
1773491100000,9.0,9.0,9.0,9.0,0.0,2026-03-14 12:25:00
1773491400000,9.0,9.0,9.0,9.0,0.0,2026-03-14 12:30:00
1773491700000,9.0,9.0,9.0,9.0,0.0,2026-03-14 12:35:00
1773492000000,9.0,9.0,9.0,9.0,0.0,2026-03-14 12:40:00
1773492300000,9.0,9.0,9.0,9.0,0.0,2026-03-14 12:45:00
1773492600000,9.0,9.0,9.0,9.0,0.0,2026-03-14 12:50:00
1773492900000,9.0,9.0,9.0,9.0,0.0,2026-03-14 12:55:00
1773493200000,9.0,9.0,9.0,9.0,0.0,2026-03-14 13:00:00
1773493500000,9.0,9.0,9.0,9.0,0.0,2026-03-14 13:05:00
1773493800000,9.0,9.0,9.0,9.0,0.0,2026-03-14 13:10:00
1773494100000,9.0,9.0,9.0,9.0,0.0,2026-03-14 13:15:00
1773494400000,9.0,9.0,9.0,9.0,0.0,2026-03-14 13:20:00
1773494700000,9.0,9.0,9.0,9.0,0.0,2026-03-14 13:25:00
1773495000000,9.0,9.0,9.0,9.0,0.0,2026-03-14 13:30:00
1773495300000,9.0,9.0,9.0,9.0,0.0,2026-03-14 13:35:00
1773495600000,8.99,8.99,8.99,8.99,2.8,2026-03-14 13:40:00
1773495900000,8.99,8.99,8.99,8.99,0.0,2026-03-14 13:45:00
1773496200000,8.99,8.99,8.99,8.99,0.0,2026-03-14 13:50:00
1773496500000,8.99,8.99,8.99,8.99,0.0,2026-03-14 13:55:00
1773496800000,8.99,8.99,8.99,8.99,0.0,2026-03-14 14:00:00
1773497100000,8.99,8.99,8.99,8.99,0.0,2026-03-14 14:05:00
1773497400000,9.01,9.01,9.01,9.01,0.59,2026-03-14 14:10:00
1773497700000,9.01,9.01,9.01,9.01,0.0,2026-03-14 14:15:00
1773498000000,9.01,9.01,9.01,9.01,0.0,2026-03-14 14:20:00
1773498300000,9.01,9.01,9.01,9.01,0.0,2026-03-14 14:25:00
1773498600000,9.01,9.01,9.01,9.01,0.0,2026-03-14 14:30:00
1773498900000,9.01,9.01,9.01,9.01,0.0,2026-03-14 14:35:00
1773499200000,9.01,9.01,9.01,9.01,0.0,2026-03-14 14:40:00
1773499500000,9.01,9.01,9.01,9.01,0.0,2026-03-14 14:45:00
1773499800000,9.01,9.01,9.01,9.01,0.0,2026-03-14 14:50:00
1773500100000,9.01,9.01,9.01,9.01,0.0,2026-03-14 14:55:00
1773500400000,9.01,9.01,9.01,9.01,0.0,2026-03-14 15:00:00
1773500700000,8.98,8.98,8.98,8.98,5.55,2026-03-14 15:05:00
1773501000000,8.98,8.98,8.98,8.98,0.0,2026-03-14 15:10:00
1773501300000,8.98,8.98,8.98,8.98,0.0,2026-03-14 15:15:00
1773501600000,8.98,8.98,8.98,8.98,0.0,2026-03-14 15:20:00
1773501900000,8.98,8.98,8.98,8.98,0.0,2026-03-14 15:25:00
1773502200000,8.98,8.98,8.98,8.98,0.0,2026-03-14 15:30:00
1773502500000,8.98,8.98,8.98,8.98,0.0,2026-03-14 15:35:00
1773502800000,8.98,8.98,8.98,8.98,0.0,2026-03-14 15:40:00
1773503100000,8.98,8.98,8.98,8.98,0.0,2026-03-14 15:45:00
1773503400000,8.98,8.98,8.98,8.98,0.0,2026-03-14 15:50:00
1773503700000,8.98,8.98,8.98,8.98,0.0,2026-03-14 15:55:00
1773504000000,8.98,8.98,8.98,8.98,0.0,2026-03-14 16:00:00
1773504300000,8.98,8.98,8.98,8.98,0.0,2026-03-14 16:05:00
1773504600000,8.98,8.98,8.98,8.98,0.0,2026-03-14 16:10:00
1773504900000,8.98,8.98,8.98,8.98,0.0,2026-03-14 16:15:00
1773505200000,8.98,8.98,8.98,8.98,0.0,2026-03-14 16:20:00
1773505500000,8.98,8.98,8.98,8.98,0.0,2026-03-14 16:25:00
1773505800000,9.02,9.02,9.02,9.02,0.67,2026-03-14 16:30:00
1773506100000,9.02,9.02,9.02,9.02,0.0,2026-03-14 16:35:00
1773506400000,9.04,9.04,9.04,9.04,55.17,2026-03-14 16:40:00
1773506700000,9.04,9.04,9.04,9.04,0.0,2026-03-14 16:45:00
1773507000000,9.04,9.04,9.04,9.04,0.0,2026-03-14 16:50:00
1773507300000,9.04,9.04,9.04,9.04,0.0,2026-03-14 16:55:00
1773507600000,9.04,9.04,9.04,9.04,0.0,2026-03-14 17:00:00
1773507900000,9.04,9.04,9.04,9.04,0.0,2026-03-14 17:05:00
1773508200000,9.03,9.03,9.03,9.03,2.0,2026-03-14 17:10:00
1773508500000,9.03,9.03,9.03,9.03,0.0,2026-03-14 17:15:00
1773508800000,9.03,9.03,9.03,9.03,0.0,2026-03-14 17:20:00
1773509100000,9.03,9.03,9.03,9.03,0.0,2026-03-14 17:25:00
1773509400000,9.03,9.03,9.03,9.03,0.0,2026-03-14 17:30:00
1773509700000,9.03,9.03,9.03,9.03,0.0,2026-03-14 17:35:00
1773510000000,9.03,9.03,9.03,9.03,0.0,2026-03-14 17:40:00
1773510300000,9.03,9.03,9.03,9.03,0.0,2026-03-14 17:45:00
1773510600000,9.03,9.03,9.03,9.03,0.0,2026-03-14 17:50:00
1773510900000,9.03,9.03,9.03,9.03,0.0,2026-03-14 17:55:00
1773511200000,9.03,9.03,9.03,9.03,0.0,2026-03-14 18:00:00
1773511500000,9.03,9.03,9.03,9.03,0.0,2026-03-14 18:05:00
1773511800000,9.03,9.03,9.03,9.03,0.0,2026-03-14 18:10:00
1773512100000,9.03,9.03,9.03,9.03,0.0,2026-03-14 18:15:00
1773512400000,9.03,9.03,9.03,9.03,0.0,2026-03-14 18:20:00
1773512700000,9.03,9.03,9.03,9.03,0.0,2026-03-14 18:25:00
1773513000000,9.03,9.03,9.03,9.03,0.0,2026-03-14 18:30:00
1773513300000,9.03,9.03,9.03,9.03,0.0,2026-03-14 18:35:00
1773513600000,9.03,9.03,9.03,9.03,0.0,2026-03-14 18:40:00
1773513900000,9.03,9.03,9.03,9.03,0.0,2026-03-14 18:45:00
1773514200000,9.03,9.03,9.03,9.03,0.0,2026-03-14 18:50:00
1773514500000,9.03,9.03,9.03,9.03,0.0,2026-03-14 18:55:00
1773514800000,9.03,9.03,9.03,9.03,0.0,2026-03-14 19:00:00
1773515100000,9.03,9.03,9.03,9.03,2.76,2026-03-14 19:05:00
1773515400000,9.03,9.03,9.03,9.03,0.0,2026-03-14 19:10:00
1773515700000,9.02,9.04,9.02,9.04,1.73,2026-03-14 19:15:00
1773516000000,9.04,9.04,9.04,9.04,0.0,2026-03-14 19:20:00
1773516300000,9.04,9.04,9.04,9.04,0.0,2026-03-14 19:25:00
1773516600000,9.04,9.04,9.04,9.04,0.0,2026-03-14 19:30:00
1773516900000,9.04,9.04,9.04,9.04,0.0,2026-03-14 19:35:00
1773517200000,9.04,9.04,9.04,9.04,0.0,2026-03-14 19:40:00
1773517500000,9.04,9.04,9.04,9.04,0.0,2026-03-14 19:45:00
1773517800000,9.04,9.04,9.04,9.04,0.0,2026-03-14 19:50:00
1773518100000,9.04,9.04,9.04,9.04,0.0,2026-03-14 19:55:00
1773518400000,9.04,9.04,9.04,9.04,0.0,2026-03-14 20:00:00
1773518700000,9.04,9.04,9.04,9.04,0.0,2026-03-14 20:05:00
1773519000000,9.04,9.04,9.04,9.04,0.0,2026-03-14 20:10:00
1773519300000,9.04,9.04,9.04,9.04,0.0,2026-03-14 20:15:00
1773519600000,9.03,9.03,9.02,9.02,10.5,2026-03-14 20:20:00
1773519900000,9.02,9.02,9.02,9.02,0.0,2026-03-14 20:25:00
1773520200000,9.02,9.02,9.02,9.02,0.0,2026-03-14 20:30:00
1773520500000,9.02,9.02,9.02,9.02,0.0,2026-03-14 20:35:00
1773520800000,9.02,9.02,9.02,9.02,0.0,2026-03-14 20:40:00
1773521100000,9.02,9.02,9.02,9.02,0.0,2026-03-14 20:45:00
1773521400000,9.02,9.02,9.02,9.02,0.0,2026-03-14 20:50:00
1773521700000,9.02,9.02,9.02,9.02,0.0,2026-03-14 20:55:00
1773522000000,9.02,9.02,9.02,9.02,0.0,2026-03-14 21:00:00
1773522300000,9.02,9.02,9.02,9.02,0.0,2026-03-14 21:05:00
1773522600000,9.02,9.02,9.02,9.02,0.0,2026-03-14 21:10:00
1773522900000,9.02,9.02,9.02,9.02,0.0,2026-03-14 21:15:00
1773523200000,9.02,9.02,9.02,9.02,0.0,2026-03-14 21:20:00
1773523500000,9.02,9.02,9.02,9.02,0.0,2026-03-14 21:25:00
1773523800000,9.02,9.02,9.02,9.02,0.0,2026-03-14 21:30:00
1773524100000,9.02,9.02,9.02,9.02,0.0,2026-03-14 21:35:00
1773524400000,9.07,9.07,9.07,9.07,8.78,2026-03-14 21:40:00
1773524700000,9.07,9.07,9.07,9.07,0.0,2026-03-14 21:45:00
1773525000000,9.07,9.07,9.07,9.07,0.0,2026-03-14 21:50:00
1773525300000,9.07,9.07,9.07,9.07,0.0,2026-03-14 21:55:00
1773525600000,9.07,9.07,9.07,9.07,0.0,2026-03-14 22:00:00
1773525900000,9.11,9.11,9.11,9.11,1.1,2026-03-14 22:05:00
1773526200000,9.11,9.11,9.11,9.11,0.0,2026-03-14 22:10:00
1773526500000,9.11,9.11,9.11,9.11,0.0,2026-03-14 22:15:00
1773526800000,9.11,9.11,9.11,9.11,0.0,2026-03-14 22:20:00
1773527100000,9.11,9.11,9.11,9.11,0.0,2026-03-14 22:25:00
1773527400000,9.11,9.11,9.11,9.11,0.0,2026-03-14 22:30:00
1773527700000,9.11,9.11,9.11,9.11,0.0,2026-03-14 22:35:00
1773528000000,9.11,9.11,9.11,9.11,0.0,2026-03-14 22:40:00
1773528300000,9.11,9.11,9.11,9.11,0.0,2026-03-14 22:45:00
1773528600000,9.11,9.11,9.11,9.11,0.0,2026-03-14 22:50:00
1773528900000,9.11,9.11,9.11,9.11,0.0,2026-03-14 22:55:00
1773529200000,9.11,9.11,9.11,9.11,0.0,2026-03-14 23:00:00
1773529500000,9.12,9.12,9.12,9.12,0.66,2026-03-14 23:05:00
1773529800000,9.12,9.12,9.12,9.12,0.0,2026-03-14 23:10:00
1773530100000,9.12,9.12,9.12,9.12,0.0,2026-03-14 23:15:00
1773530400000,9.12,9.12,9.12,9.12,0.0,2026-03-14 23:20:00
1773530700000,9.12,9.12,9.12,9.12,0.0,2026-03-14 23:25:00
1773531000000,9.16,9.16,9.16,9.16,0.65,2026-03-14 23:30:00
1773531300000,9.16,9.16,9.16,9.16,0.0,2026-03-14 23:35:00
1773531600000,9.16,9.16,9.16,9.16,0.0,2026-03-14 23:40:00
1773531900000,9.16,9.16,9.16,9.16,0.0,2026-03-14 23:45:00
1773532200000,9.16,9.16,9.16,9.16,0.0,2026-03-14 23:50:00
1773532500000,9.16,9.16,9.16,9.16,0.0,2026-03-14 23:55:00
1773532800000,9.17,9.17,9.17,9.17,0.66,2026-03-15 00:00:00
1773533100000,9.17,9.17,9.17,9.17,0.0,2026-03-15 00:05:00
1773533400000,9.17,9.17,9.17,9.17,0.0,2026-03-15 00:10:00
1773533700000,9.18,9.18,9.18,9.18,0.14,2026-03-15 00:15:00
1773534000000,9.16,9.16,9.16,9.16,7.89,2026-03-15 00:20:00
1773534300000,9.14,9.18,9.14,9.15,1.39,2026-03-15 00:25:00
1773534600000,9.15,9.16,9.15,9.16,0.23,2026-03-15 00:30:00
1773534900000,9.16,9.16,9.16,9.16,0.38,2026-03-15 00:35:00
1773535200000,9.18,9.18,9.18,9.18,0.29,2026-03-15 00:40:00
1773535500000,9.18,9.18,9.18,9.18,0.27,2026-03-15 00:45:00
1773535800000,9.18,9.18,9.18,9.18,0.0,2026-03-15 00:50:00
1773536100000,9.18,9.18,9.18,9.18,0.0,2026-03-15 00:55:00
1773536400000,9.15,9.15,9.15,9.15,0.26,2026-03-15 01:00:00
1773536700000,9.15,9.15,9.15,9.15,2.72,2026-03-15 01:05:00
1773537000000,9.15,9.15,9.15,9.15,0.0,2026-03-15 01:10:00
1773537300000,9.15,9.15,9.15,9.15,0.0,2026-03-15 01:15:00
1773537600000,9.13,9.13,9.13,9.13,2.35,2026-03-15 01:20:00
1773537900000,9.14,9.14,9.14,9.14,16.38,2026-03-15 01:25:00
1773538200000,9.14,9.14,9.14,9.14,0.0,2026-03-15 01:30:00
1773538500000,9.14,9.14,9.14,9.14,0.0,2026-03-15 01:35:00
1773538800000,9.14,9.14,9.14,9.14,0.0,2026-03-15 01:40:00
1773539100000,9.14,9.14,9.14,9.14,0.0,2026-03-15 01:45:00
1773539400000,9.14,9.14,9.14,9.14,0.0,2026-03-15 01:50:00
1773539700000,9.14,9.14,9.14,9.14,0.0,2026-03-15 01:55:00
1773540000000,9.19,9.19,9.15,9.15,21.18,2026-03-15 02:00:00
1773540300000,9.15,9.15,9.15,9.15,0.0,2026-03-15 02:05:00
1773540600000,9.15,9.15,9.15,9.15,0.0,2026-03-15 02:10:00
1773540900000,9.15,9.15,9.15,9.15,0.0,2026-03-15 02:15:00
1773541200000,9.15,9.15,9.15,9.15,0.0,2026-03-15 02:20:00
1773541500000,9.15,9.15,9.15,9.15,0.0,2026-03-15 02:25:00
1773541800000,9.15,9.15,9.15,9.15,0.0,2026-03-15 02:30:00
1773542100000,9.15,9.15,9.15,9.15,0.0,2026-03-15 02:35:00
1773542400000,9.15,9.15,9.15,9.15,0.0,2026-03-15 02:40:00
1773542700000,9.22,9.22,9.22,9.22,0.65,2026-03-15 02:45:00
1773543000000,9.22,9.22,9.22,9.22,0.0,2026-03-15 02:50:00
1773543300000,9.22,9.22,9.22,9.22,0.0,2026-03-15 02:55:00
1773543600000,9.24,9.24,9.24,9.24,46.93,2026-03-15 03:00:00
1773543900000,9.24,9.24,9.24,9.24,0.0,2026-03-15 03:05:00
1773544200000,9.24,9.24,9.24,9.24,0.0,2026-03-15 03:10:00
1773544500000,9.24,9.24,9.24,9.24,0.0,2026-03-15 03:15:00
1773544800000,9.24,9.24,9.24,9.24,0.0,2026-03-15 03:20:00
1773545100000,9.24,9.24,9.24,9.24,0.0,2026-03-15 03:25:00
1773545400000,9.24,9.24,9.24,9.24,0.0,2026-03-15 03:30:00
1773545700000,9.24,9.24,9.24,9.24,0.0,2026-03-15 03:35:00
1773546000000,9.24,9.24,9.24,9.24,0.0,2026-03-15 03:40:00
1773546300000,9.2,9.2,9.2,9.2,0.57,2026-03-15 03:45:00
1773546600000,9.2,9.2,9.2,9.2,0.0,2026-03-15 03:50:00
1773546900000,9.2,9.2,9.2,9.2,0.0,2026-03-15 03:55:00
1773547200000,9.22,9.22,9.22,9.22,5.41,2026-03-15 04:00:00
1773547500000,9.25,9.25,9.25,9.25,1.62,2026-03-15 04:05:00
1773547800000,9.25,9.25,9.25,9.25,10.0,2026-03-15 04:10:00
1773548100000,9.25,9.25,9.25,9.25,0.0,2026-03-15 04:15:00
1773548400000,9.25,9.25,9.25,9.25,0.0,2026-03-15 04:20:00
1773548700000,9.19,9.19,9.19,9.19,1.63,2026-03-15 04:25:00
1773549000000,9.19,9.19,9.19,9.19,0.56,2026-03-15 04:30:00
1773549300000,9.19,9.19,9.19,9.19,0.0,2026-03-15 04:35:00
1773549600000,9.19,9.19,9.19,9.19,0.0,2026-03-15 04:40:00
1773549900000,9.19,9.19,9.19,9.19,0.0,2026-03-15 04:45:00
1773550200000,9.19,9.19,9.19,9.19,0.0,2026-03-15 04:50:00
1773550500000,9.19,9.19,9.19,9.19,0.0,2026-03-15 04:55:00
1773550800000,9.19,9.19,9.19,9.19,0.0,2026-03-15 05:00:00
1773551100000,9.19,9.19,9.19,9.19,0.0,2026-03-15 05:05:00
1773551400000,9.19,9.19,9.19,9.19,0.0,2026-03-15 05:10:00
1773551700000,9.19,9.19,9.19,9.19,0.0,2026-03-15 05:15:00
1773552000000,9.19,9.19,9.19,9.19,0.0,2026-03-15 05:20:00
1773552300000,9.19,9.19,9.19,9.19,0.0,2026-03-15 05:25:00
1773552600000,9.19,9.19,9.19,9.19,0.0,2026-03-15 05:30:00
1773552900000,9.19,9.19,9.19,9.19,0.0,2026-03-15 05:35:00
1773553200000,9.19,9.19,9.19,9.19,0.0,2026-03-15 05:40:00
1773553500000,9.19,9.19,9.19,9.19,0.0,2026-03-15 05:45:00
1773553800000,9.19,9.19,9.19,9.19,0.0,2026-03-15 05:50:00
1773554100000,9.19,9.19,9.19,9.19,0.0,2026-03-15 05:55:00
1773554400000,9.19,9.19,9.19,9.19,0.0,2026-03-15 06:00:00
1773554700000,9.19,9.19,9.19,9.19,0.0,2026-03-15 06:05:00
1773555000000,9.19,9.19,9.19,9.19,0.0,2026-03-15 06:10:00
1773555300000,9.19,9.19,9.19,9.19,0.0,2026-03-15 06:15:00
1773555600000,9.19,9.19,9.19,9.19,0.0,2026-03-15 06:20:00
1773555900000,9.19,9.19,9.19,9.19,0.0,2026-03-15 06:25:00
1773556200000,9.19,9.19,9.19,9.19,0.0,2026-03-15 06:30:00
1773556500000,9.19,9.19,9.19,9.19,0.0,2026-03-15 06:35:00
1773556800000,9.19,9.19,9.19,9.19,0.0,2026-03-15 06:40:00
1773557100000,9.19,9.19,9.19,9.19,0.0,2026-03-15 06:45:00
1773557400000,9.19,9.19,9.19,9.19,0.0,2026-03-15 06:50:00
1773557700000,9.19,9.19,9.19,9.19,0.0,2026-03-15 06:55:00
1773558000000,9.19,9.19,9.19,9.19,0.0,2026-03-15 07:00:00
1773558300000,9.24,9.24,9.23,9.23,5.3,2026-03-15 07:05:00
1773558600000,9.23,9.23,9.23,9.23,0.0,2026-03-15 07:10:00
1773558900000,9.23,9.23,9.23,9.23,0.0,2026-03-15 07:15:00
1773559200000,9.23,9.23,9.23,9.23,0.0,2026-03-15 07:20:00
1773559500000,9.23,9.23,9.23,9.23,0.0,2026-03-15 07:25:00
1773559800000,9.23,9.23,9.23,9.23,0.0,2026-03-15 07:30:00
1773560100000,9.23,9.23,9.23,9.23,0.0,2026-03-15 07:35:00
1773560400000,9.23,9.23,9.23,9.23,0.0,2026-03-15 07:40:00
1773560700000,9.23,9.23,9.23,9.23,0.0,2026-03-15 07:45:00
1773561000000,9.23,9.23,9.23,9.23,0.0,2026-03-15 07:50:00
1773561300000,9.23,9.23,9.23,9.23,0.0,2026-03-15 07:55:00
1773561600000,9.23,9.23,9.23,9.23,0.0,2026-03-15 08:00:00
1773561900000,9.23,9.23,9.23,9.23,0.0,2026-03-15 08:05:00
1773562200000,9.23,9.23,9.23,9.23,0.0,2026-03-15 08:10:00
1773562500000,9.23,9.23,9.23,9.23,0.0,2026-03-15 08:15:00
1773562800000,9.24,9.24,9.24,9.24,24.0,2026-03-15 08:20:00
1773563100000,9.24,9.24,9.24,9.24,0.0,2026-03-15 08:25:00
1773563400000,9.24,9.24,9.24,9.24,0.0,2026-03-15 08:30:00
1773563700000,9.24,9.24,9.24,9.24,0.0,2026-03-15 08:35:00
1773564000000,9.24,9.24,9.24,9.24,0.0,2026-03-15 08:40:00
1773564300000,9.24,9.24,9.24,9.24,0.0,2026-03-15 08:45:00
1773564600000,9.24,9.24,9.24,9.24,0.0,2026-03-15 08:50:00
1773564900000,9.24,9.24,9.24,9.24,0.0,2026-03-15 08:55:00
1773565200000,9.26,9.27,9.24,9.27,2.76,2026-03-15 09:00:00
1773565500000,9.27,9.27,9.27,9.27,0.0,2026-03-15 09:05:00
1773565800000,9.27,9.27,9.27,9.27,0.0,2026-03-15 09:10:00
1773566100000,9.27,9.27,9.27,9.27,0.0,2026-03-15 09:15:00
1773566400000,9.28,9.28,9.28,9.28,13.52,2026-03-15 09:20:00
1773566700000,9.28,9.28,9.28,9.28,0.0,2026-03-15 09:25:00
1773567000000,9.28,9.28,9.28,9.28,0.0,2026-03-15 09:30:00
1773567300000,9.28,9.28,9.28,9.28,0.0,2026-03-15 09:35:00
1773567600000,9.28,9.28,9.28,9.28,0.0,2026-03-15 09:40:00
1773567900000,9.28,9.28,9.28,9.28,0.0,2026-03-15 09:45:00
1773568200000,9.28,9.28,9.28,9.28,0.0,2026-03-15 09:50:00
1773568500000,9.28,9.28,9.28,9.28,0.0,2026-03-15 09:55:00
1773568800000,9.28,9.28,9.28,9.28,0.0,2026-03-15 10:00:00
1773569100000,9.28,9.28,9.28,9.28,0.0,2026-03-15 10:05:00
1773569400000,9.28,9.28,9.28,9.28,0.0,2026-03-15 10:10:00
1773569700000,9.28,9.28,9.28,9.28,0.0,2026-03-15 10:15:00
1773570000000,9.28,9.28,9.28,9.28,0.0,2026-03-15 10:20:00
1773570300000,9.28,9.28,9.28,9.28,0.0,2026-03-15 10:25:00
1773570600000,9.28,9.28,9.28,9.28,0.0,2026-03-15 10:30:00
1773570900000,9.28,9.28,9.28,9.28,0.0,2026-03-15 10:35:00
1773571200000,9.28,9.28,9.28,9.28,0.0,2026-03-15 10:40:00
1773571500000,9.28,9.28,9.28,9.28,0.0,2026-03-15 10:45:00
1773571800000,9.28,9.28,9.28,9.28,0.0,2026-03-15 10:50:00
1773572100000,9.28,9.28,9.28,9.28,0.0,2026-03-15 10:55:00
1773572400000,9.28,9.28,9.28,9.28,0.0,2026-03-15 11:00:00
1773572700000,9.28,9.28,9.28,9.28,0.0,2026-03-15 11:05:00
1773573000000,9.28,9.28,9.28,9.28,0.0,2026-03-15 11:10:00
1773573300000,9.28,9.28,9.28,9.28,0.0,2026-03-15 11:15:00
1773573600000,9.28,9.28,9.28,9.28,0.0,2026-03-15 11:20:00
1773573900000,9.28,9.28,9.28,9.28,0.0,2026-03-15 11:25:00
1773574200000,9.28,9.28,9.28,9.28,0.0,2026-03-15 11:30:00
1773574500000,9.28,9.28,9.28,9.28,0.0,2026-03-15 11:35:00
1773574800000,9.28,9.28,9.28,9.28,0.0,2026-03-15 11:40:00
1773575100000,9.28,9.28,9.28,9.28,0.0,2026-03-15 11:45:00
1773575400000,9.28,9.28,9.28,9.28,0.0,2026-03-15 11:50:00
1773575700000,9.28,9.28,9.28,9.28,0.0,2026-03-15 11:55:00
1773576000000,9.28,9.28,9.28,9.28,0.0,2026-03-15 12:00:00
1773576300000,9.28,9.28,9.28,9.28,0.0,2026-03-15 12:05:00
1773576600000,9.28,9.28,9.28,9.28,0.0,2026-03-15 12:10:00
1773576900000,9.28,9.28,9.28,9.28,0.0,2026-03-15 12:15:00
1773577200000,9.28,9.28,9.28,9.28,0.0,2026-03-15 12:20:00
1773577500000,9.27,9.27,9.27,9.27,10.77,2026-03-15 12:25:00
1773577800000,9.24,9.24,9.24,9.24,30.66,2026-03-15 12:30:00
1773578100000,9.24,9.24,9.24,9.24,0.0,2026-03-15 12:35:00
1773578400000,9.24,9.24,9.24,9.24,0.0,2026-03-15 12:40:00
1773578700000,9.24,9.24,9.24,9.24,0.0,2026-03-15 12:45:00
1773579000000,9.24,9.24,9.24,9.24,0.0,2026-03-15 12:50:00
1773579300000,9.24,9.24,9.24,9.24,0.0,2026-03-15 12:55:00
1773579600000,9.24,9.24,9.24,9.24,0.0,2026-03-15 13:00:00
1773579900000,9.24,9.24,9.24,9.24,0.0,2026-03-15 13:05:00
1773580200000,9.22,9.22,9.18,9.18,2.55,2026-03-15 13:10:00
1773580500000,9.17,9.17,9.17,9.17,10.16,2026-03-15 13:15:00
1773580800000,9.17,9.17,9.17,9.17,0.0,2026-03-15 13:20:00
1773581100000,9.17,9.17,9.17,9.17,0.0,2026-03-15 13:25:00
1773581400000,9.21,9.21,9.21,9.21,31.28,2026-03-15 13:30:00
1773581700000,9.21,9.21,9.21,9.21,0.0,2026-03-15 13:35:00
1773582000000,9.21,9.21,9.21,9.21,0.0,2026-03-15 13:40:00
1773582300000,9.21,9.21,9.21,9.21,0.0,2026-03-15 13:45:00
1773582600000,9.21,9.21,9.21,9.21,0.0,2026-03-15 13:50:00
1773582900000,9.21,9.21,9.21,9.21,0.0,2026-03-15 13:55:00
1773583200000,9.21,9.21,9.21,9.21,0.0,2026-03-15 14:00:00
1773583500000,9.21,9.21,9.21,9.21,0.0,2026-03-15 14:05:00
1773583800000,9.2,9.2,9.2,9.2,0.58,2026-03-15 14:10:00
1773584100000,9.2,9.2,9.2,9.2,0.0,2026-03-15 14:15:00
1773584400000,9.2,9.2,9.2,9.2,0.0,2026-03-15 14:20:00
1773584700000,9.2,9.2,9.2,9.2,0.0,2026-03-15 14:25:00
1773585000000,9.17,9.17,9.17,9.17,3.0,2026-03-15 14:30:00
1773585300000,9.17,9.17,9.17,9.17,0.0,2026-03-15 14:35:00
1773585600000,9.17,9.17,9.17,9.17,0.0,2026-03-15 14:40:00
1773585900000,9.17,9.17,9.17,9.17,0.0,2026-03-15 14:45:00
1773586200000,9.17,9.17,9.17,9.17,0.0,2026-03-15 14:50:00
1773586500000,9.17,9.17,9.17,9.17,0.0,2026-03-15 14:55:00
1773586800000,9.17,9.17,9.17,9.17,0.0,2026-03-15 15:00:00
1773587100000,9.19,9.19,9.19,9.19,5.42,2026-03-15 15:05:00
1773587400000,9.19,9.19,9.19,9.19,0.0,2026-03-15 15:10:00
1773587700000,9.19,9.19,9.19,9.19,0.0,2026-03-15 15:15:00
1773588000000,9.19,9.19,9.19,9.19,0.0,2026-03-15 15:20:00
1773588300000,9.19,9.19,9.19,9.19,0.0,2026-03-15 15:25:00
1773588600000,9.19,9.19,9.19,9.19,0.0,2026-03-15 15:30:00
1773588900000,9.19,9.19,9.19,9.19,0.0,2026-03-15 15:35:00
1773589200000,9.19,9.19,9.19,9.19,0.0,2026-03-15 15:40:00
1773589500000,9.19,9.19,9.19,9.19,0.0,2026-03-15 15:45:00
1773589800000,9.19,9.19,9.19,9.19,0.0,2026-03-15 15:50:00
1773590100000,9.19,9.19,9.19,9.19,0.0,2026-03-15 15:55:00
1773590400000,9.16,9.16,9.16,9.16,114.45,2026-03-15 16:00:00
1773590700000,9.16,9.16,9.16,9.16,0.0,2026-03-15 16:05:00
1773591000000,9.16,9.16,9.16,9.16,0.0,2026-03-15 16:10:00
1773591300000,9.16,9.16,9.16,9.16,0.0,2026-03-15 16:15:00
1773591600000,9.16,9.16,9.16,9.16,0.0,2026-03-15 16:20:00
1773591900000,9.16,9.16,9.16,9.16,0.0,2026-03-15 16:25:00
1773592200000,9.16,9.16,9.16,9.16,0.0,2026-03-15 16:30:00
1773592500000,9.16,9.16,9.16,9.16,0.0,2026-03-15 16:35:00
1773592800000,9.16,9.16,9.16,9.16,0.0,2026-03-15 16:40:00
1773593100000,9.16,9.16,9.16,9.16,0.0,2026-03-15 16:45:00
1773593400000,9.16,9.16,9.16,9.16,0.0,2026-03-15 16:50:00
1773593700000,9.16,9.16,9.16,9.16,0.0,2026-03-15 16:55:00
1773594000000,9.16,9.16,9.16,9.16,0.0,2026-03-15 17:00:00
1773594300000,9.17,9.17,9.17,9.17,10.87,2026-03-15 17:05:00
1773594600000,9.17,9.17,9.17,9.17,0.33,2026-03-15 17:10:00
1773594900000,9.17,9.17,9.17,9.17,0.0,2026-03-15 17:15:00
1773595200000,9.17,9.17,9.17,9.17,0.0,2026-03-15 17:20:00
1773595500000,9.17,9.17,9.17,9.17,0.0,2026-03-15 17:25:00
1773595800000,9.17,9.17,9.17,9.17,0.0,2026-03-15 17:30:00
1773596100000,9.17,9.17,9.17,9.17,0.0,2026-03-15 17:35:00
1773596400000,9.17,9.17,9.17,9.17,0.0,2026-03-15 17:40:00
1773596700000,9.14,9.17,9.14,9.17,55.13,2026-03-15 17:45:00
1773597000000,9.22,9.22,9.22,9.22,0.65,2026-03-15 17:50:00
1773597300000,9.22,9.22,9.22,9.22,0.0,2026-03-15 17:55:00
1773597600000,9.22,9.22,9.22,9.22,0.0,2026-03-15 18:00:00
1773597900000,9.21,9.21,9.21,9.21,0.28,2026-03-15 18:05:00
1773598200000,9.21,9.21,9.21,9.21,0.0,2026-03-15 18:10:00
1773598500000,9.21,9.21,9.21,9.21,0.0,2026-03-15 18:15:00
1773598800000,9.21,9.21,9.21,9.21,0.0,2026-03-15 18:20:00
1773599100000,9.21,9.21,9.21,9.21,1.09,2026-03-15 18:25:00
1773599400000,9.21,9.21,9.21,9.21,0.0,2026-03-15 18:30:00
1773599700000,9.21,9.21,9.21,9.21,0.0,2026-03-15 18:35:00
1773600000000,9.21,9.21,9.21,9.21,0.0,2026-03-15 18:40:00
1773600300000,9.17,9.17,9.14,9.14,1.48,2026-03-15 18:45:00
1773600600000,9.14,9.14,9.14,9.14,0.0,2026-03-15 18:50:00
1773600900000,9.14,9.14,9.14,9.14,0.0,2026-03-15 18:55:00
1773601200000,9.13,9.13,9.13,9.13,31.2,2026-03-15 19:00:00
1773601500000,9.18,9.18,9.18,9.18,2.72,2026-03-15 19:05:00
1773601800000,9.19,9.19,9.18,9.18,9.61,2026-03-15 19:10:00
1773602100000,9.18,9.18,9.18,9.18,0.0,2026-03-15 19:15:00
1773602400000,9.18,9.18,9.18,9.18,0.0,2026-03-15 19:20:00
1773602700000,9.18,9.18,9.18,9.18,0.0,2026-03-15 19:25:00
1773603000000,9.18,9.18,9.18,9.18,0.0,2026-03-15 19:30:00
1773603300000,9.18,9.18,9.18,9.18,0.0,2026-03-15 19:35:00
1773603600000,9.18,9.18,9.18,9.18,0.0,2026-03-15 19:40:00
1773603900000,9.18,9.18,9.18,9.18,0.0,2026-03-15 19:45:00
1773604200000,9.18,9.18,9.18,9.18,0.0,2026-03-15 19:50:00
1773604500000,9.18,9.18,9.18,9.18,0.0,2026-03-15 19:55:00
1773604800000,9.18,9.18,9.18,9.18,0.0,2026-03-15 20:00:00
1773605100000,9.21,9.21,9.21,9.21,0.54,2026-03-15 20:05:00
1773605400000,9.21,9.21,9.21,9.21,1.08,2026-03-15 20:10:00
1773605700000,9.21,9.21,9.21,9.21,0.0,2026-03-15 20:15:00
1773606000000,9.21,9.21,9.21,9.21,0.0,2026-03-15 20:20:00
1773606300000,9.21,9.21,9.21,9.21,0.0,2026-03-15 20:25:00
1773606600000,9.22,9.22,9.22,9.22,0.65,2026-03-15 20:30:00
1773606900000,9.27,9.27,9.27,9.27,0.65,2026-03-15 20:35:00
1773607200000,9.27,9.27,9.27,9.27,0.0,2026-03-15 20:40:00
1773607500000,9.27,9.27,9.27,9.27,0.0,2026-03-15 20:45:00
1773607800000,9.27,9.27,9.27,9.27,0.0,2026-03-15 20:50:00
1773608100000,9.27,9.27,9.27,9.27,0.0,2026-03-15 20:55:00
1773608400000,9.27,9.27,9.27,9.27,0.0,2026-03-15 21:00:00
1773608700000,9.27,9.27,9.27,9.27,0.0,2026-03-15 21:05:00
1773609000000,9.27,9.27,9.27,9.27,0.0,2026-03-15 21:10:00
1773609300000,9.27,9.27,9.27,9.27,0.0,2026-03-15 21:15:00
1773609600000,9.27,9.27,9.27,9.27,0.0,2026-03-15 21:20:00
1773609900000,9.27,9.27,9.27,9.27,0.0,2026-03-15 21:25:00
1773610200000,9.27,9.27,9.27,9.27,0.0,2026-03-15 21:30:00
1773610500000,9.32,9.32,9.28,9.28,5.99,2026-03-15 21:35:00
1773610800000,9.28,9.28,9.28,9.28,0.0,2026-03-15 21:40:00
1773611100000,9.28,9.28,9.28,9.28,0.0,2026-03-15 21:45:00
1773611400000,9.28,9.28,9.28,9.28,0.0,2026-03-15 21:50:00
1773611700000,9.28,9.28,9.28,9.28,0.0,2026-03-15 21:55:00
1773612000000,9.32,9.35,9.32,9.35,5.43,2026-03-15 22:00:00
1773612300000,9.32,9.32,9.28,9.28,14.57,2026-03-15 22:05:00
1773612600000,9.28,9.28,9.28,9.28,0.0,2026-03-15 22:10:00
1773612900000,9.27,9.27,9.27,9.27,0.65,2026-03-15 22:15:00
1773613200000,9.27,9.27,9.27,9.27,2.31,2026-03-15 22:20:00
1773613500000,9.27,9.27,9.27,9.27,0.0,2026-03-15 22:25:00
1773613800000,9.3,9.32,9.3,9.32,15.41,2026-03-15 22:30:00
1773614100000,9.33,9.33,9.33,9.33,22.56,2026-03-15 22:35:00
1773614400000,9.37,9.45,9.37,9.45,22.08,2026-03-15 22:40:00
1773614700000,9.41,9.41,9.41,9.41,4.98,2026-03-15 22:45:00
1773615000000,9.47,9.54,9.44,9.54,45.45,2026-03-15 22:50:00
1773615300000,9.47,9.47,9.44,9.44,2.5,2026-03-15 22:55:00
1773615600000,9.44,9.44,9.44,9.44,0.0,2026-03-15 23:00:00
1773615900000,9.52,9.52,9.52,9.52,0.63,2026-03-15 23:05:00
1773616200000,9.51,9.51,9.51,9.51,10.7,2026-03-15 23:10:00
1773616500000,9.51,9.51,9.51,9.51,0.0,2026-03-15 23:15:00
1773616800000,9.47,9.47,9.42,9.42,1.18,2026-03-15 23:20:00
1773617100000,9.42,9.42,9.42,9.42,0.0,2026-03-15 23:25:00
1773617400000,9.42,9.42,9.42,9.42,0.08,2026-03-15 23:30:00
1773617700000,9.42,9.42,9.42,9.42,0.0,2026-03-15 23:35:00
1773618000000,9.42,9.42,9.42,9.42,0.0,2026-03-15 23:40:00
1773618300000,9.47,9.47,9.47,9.47,0.63,2026-03-15 23:45:00
1773618600000,9.47,9.47,9.47,9.47,0.0,2026-03-15 23:50:00
1773618900000,9.47,9.47,9.47,9.47,0.0,2026-03-15 23:55:00
1773619200000,9.52,9.53,9.52,9.53,1.15,2026-03-16 00:00:00
1773619500000,9.53,9.53,9.53,9.53,0.0,2026-03-16 00:05:00
1773619800000,9.53,9.53,9.49,9.49,422.92,2026-03-16 00:10:00
1773620100000,9.49,9.52,9.49,9.52,2.09,2026-03-16 00:15:00
1773620400000,9.49,9.49,9.44,9.48,2.52,2026-03-16 00:20:00
1773620700000,9.48,9.54,9.47,9.47,281.85,2026-03-16 00:25:00
1773621000000,9.46,9.48,9.46,9.46,0.47,2026-03-16 00:30:00
1773621300000,9.47,9.47,9.46,9.47,2.85,2026-03-16 00:35:00
1773621600000,9.46,9.46,9.46,9.46,0.13,2026-03-16 00:40:00
1773621900000,9.46,9.5,9.46,9.5,5.06,2026-03-16 00:45:00
1773622200000,9.5,9.5,9.5,9.5,0.0,2026-03-16 00:50:00
1773622500000,9.47,9.47,9.47,9.47,0.53,2026-03-16 00:55:00
1773622800000,9.47,9.47,9.47,9.47,0.0,2026-03-16 01:00:00
1773623100000,9.46,9.46,9.46,9.46,1.9,2026-03-16 01:05:00
1773623400000,9.46,9.46,9.46,9.46,5.27,2026-03-16 01:10:00
1773623700000,9.46,9.46,9.46,9.46,0.0,2026-03-16 01:15:00
1773624000000,9.46,9.46,9.46,9.46,0.0,2026-03-16 01:20:00
1773624300000,9.46,9.46,9.46,9.46,0.0,2026-03-16 01:25:00
1773624600000,9.5,9.5,9.47,9.47,2.53,2026-03-16 01:30:00
1773624900000,9.46,9.46,9.46,9.46,0.53,2026-03-16 01:35:00
1773625200000,9.46,9.46,9.46,9.46,0.0,2026-03-16 01:40:00
1773625500000,9.46,9.46,9.46,9.46,0.0,2026-03-16 01:45:00
1773625800000,9.52,9.52,9.52,9.52,0.63,2026-03-16 01:50:00
1773626100000,9.52,9.52,9.52,9.52,0.0,2026-03-16 01:55:00
1773626400000,9.52,9.52,9.52,9.52,0.0,2026-03-16 02:00:00
1773626700000,9.52,9.52,9.52,9.52,0.0,2026-03-16 02:05:00
1773627000000,9.52,9.52,9.52,9.52,0.0,2026-03-16 02:10:00
1773627300000,9.52,9.52,9.52,9.52,0.0,2026-03-16 02:15:00
1773627600000,9.47,9.47,9.47,9.47,0.63,2026-03-16 02:20:00
1773627900000,9.47,9.47,9.47,9.47,0.0,2026-03-16 02:25:00
1773628200000,9.47,9.47,9.47,9.47,0.0,2026-03-16 02:30:00
1773628500000,9.45,9.45,9.45,9.45,0.53,2026-03-16 02:35:00
1773628800000,9.44,9.44,9.44,9.44,0.52,2026-03-16 02:40:00
1773629100000,9.44,9.44,9.44,9.44,0.0,2026-03-16 02:45:00
1773629400000,9.44,9.44,9.44,9.44,0.0,2026-03-16 02:50:00
1773629700000,9.51,9.51,9.51,9.51,0.53,2026-03-16 02:55:00
1773630000000,9.51,9.51,9.48,9.48,6.94,2026-03-16 03:00:00
1773630300000,9.46,9.46,9.46,9.46,1.16,2026-03-16 03:05:00
1773630600000,9.46,9.46,9.46,9.46,0.0,2026-03-16 03:10:00
1773630900000,9.46,9.46,9.46,9.46,0.0,2026-03-16 03:15:00
1773631200000,9.51,9.61,9.51,9.6,20.87,2026-03-16 03:20:00
1773631500000,9.6,9.6,9.6,9.6,0.0,2026-03-16 03:25:00
1773631800000,9.62,9.78,9.62,9.78,192.25,2026-03-16 03:30:00
1773632100000,9.77,9.77,9.74,9.74,4.87,2026-03-16 03:35:00
1773632400000,9.74,9.74,9.74,9.74,0.0,2026-03-16 03:40:00
1773632700000,9.72,9.75,9.72,9.75,2.78,2026-03-16 03:45:00
1773633000000,9.75,9.75,9.75,9.75,0.0,2026-03-16 03:50:00
1773633300000,9.69,9.69,9.68,9.68,59.15,2026-03-16 03:55:00
1773633600000,9.69,9.69,9.69,9.69,12.88,2026-03-16 04:00:00
1773633900000,9.75,9.77,9.72,9.77,6.49,2026-03-16 04:05:00
1773634200000,9.77,9.77,9.77,9.77,0.0,2026-03-16 04:10:00
1773634500000,9.76,9.76,9.75,9.75,1.73,2026-03-16 04:15:00
1773634800000,9.74,9.75,9.74,9.75,2.44,2026-03-16 04:20:00
1773635100000,9.75,9.75,9.75,9.75,0.0,2026-03-16 04:25:00
1773635400000,9.75,9.75,9.75,9.75,0.0,2026-03-16 04:30:00
1773635700000,9.78,9.82,9.78,9.82,14.31,2026-03-16 04:35:00
1773636000000,9.81,9.82,9.77,9.78,1006.28,2026-03-16 04:40:00
1773636300000,9.79,9.79,9.79,9.79,0.51,2026-03-16 04:45:00
1773636600000,9.82,9.82,9.78,9.78,940.63,2026-03-16 04:50:00
1773636900000,9.78,9.79,9.75,9.79,5.0,2026-03-16 04:55:00
1773637200000,9.79,9.79,9.79,9.79,0.0,2026-03-16 05:00:00
1773637500000,9.72,9.72,9.72,9.72,1.12,2026-03-16 05:05:00
1773637800000,9.74,9.76,9.74,9.76,5.81,2026-03-16 05:10:00
1773638100000,9.74,9.74,9.74,9.74,0.51,2026-03-16 05:15:00
1773638400000,9.74,9.74,9.72,9.72,21.98,2026-03-16 05:20:00
1773638700000,9.72,9.72,9.72,9.72,0.0,2026-03-16 05:25:00
1773639000000,9.73,9.73,9.73,9.73,4.84,2026-03-16 05:30:00
1773639300000,9.73,9.73,9.73,9.73,0.0,2026-03-16 05:35:00
1773639600000,9.74,9.74,9.74,9.74,10.85,2026-03-16 05:40:00
1773639900000,9.77,9.77,9.77,9.77,3.08,2026-03-16 05:45:00
1773640200000,9.77,9.77,9.77,9.77,0.0,2026-03-16 05:50:00
1773640500000,9.77,9.77,9.77,9.77,0.0,2026-03-16 05:55:00
1773640800000,9.75,9.75,9.72,9.72,10.52,2026-03-16 06:00:00
1773641100000,9.71,9.71,9.71,9.71,2.05,2026-03-16 06:05:00
1773641400000,9.71,9.71,9.71,9.71,0.0,2026-03-16 06:10:00
1773641700000,9.71,9.71,9.71,9.71,0.0,2026-03-16 06:15:00
1773642000000,9.71,9.71,9.71,9.71,0.0,2026-03-16 06:20:00
1773642300000,9.71,9.71,9.71,9.71,0.0,2026-03-16 06:25:00
1773642600000,9.71,9.71,9.71,9.71,0.0,2026-03-16 06:30:00
1773642900000,9.71,9.71,9.71,9.71,0.0,2026-03-16 06:35:00
1773643200000,9.71,9.71,9.71,9.71,0.0,2026-03-16 06:40:00
1773643500000,9.71,9.71,9.71,9.71,0.0,2026-03-16 06:45:00
1773643800000,9.71,9.71,9.71,9.71,0.0,2026-03-16 06:50:00
1773644100000,9.71,9.71,9.71,9.71,0.0,2026-03-16 06:55:00
1773644400000,9.74,9.74,9.74,9.74,9.95,2026-03-16 07:00:00
1773644700000,9.75,9.75,9.75,9.75,0.28,2026-03-16 07:05:00
1773645000000,9.75,9.75,9.75,9.75,0.0,2026-03-16 07:10:00
1773645300000,9.75,9.75,9.75,9.75,0.0,2026-03-16 07:15:00
1773645600000,9.75,9.75,9.75,9.75,0.0,2026-03-16 07:20:00
1773645900000,9.75,9.75,9.75,9.75,0.0,2026-03-16 07:25:00
1773646200000,9.75,9.75,9.75,9.75,0.0,2026-03-16 07:30:00
1773646500000,9.71,9.71,9.71,9.71,10.41,2026-03-16 07:35:00
1773646800000,9.71,9.71,9.71,9.71,0.0,2026-03-16 07:40:00
1773647100000,9.71,9.71,9.71,9.71,0.0,2026-03-16 07:45:00
1773647400000,9.71,9.71,9.71,9.71,0.0,2026-03-16 07:50:00
1773647700000,9.71,9.71,9.71,9.71,0.0,2026-03-16 07:55:00
1773648000000,9.71,9.71,9.71,9.71,0.0,2026-03-16 08:00:00
1773648300000,9.72,9.74,9.72,9.74,6.72,2026-03-16 08:05:00
1773648600000,9.69,9.69,9.69,9.69,0.39,2026-03-16 08:10:00
1773648900000,9.67,9.69,9.67,9.69,33.42,2026-03-16 08:15:00
1773649200000,9.69,9.69,9.69,9.69,0.0,2026-03-16 08:20:00
1773649500000,9.69,9.69,9.69,9.69,0.0,2026-03-16 08:25:00
1773649800000,9.62,9.62,9.62,9.62,0.62,2026-03-16 08:30:00
1773650100000,9.62,9.62,9.62,9.62,0.0,2026-03-16 08:35:00
1773650400000,9.62,9.62,9.62,9.62,0.0,2026-03-16 08:40:00
1773650700000,9.62,9.62,9.62,9.62,0.0,2026-03-16 08:45:00
1773651000000,9.62,9.62,9.62,9.62,0.0,2026-03-16 08:50:00
1773651300000,9.62,9.62,9.62,9.62,0.0,2026-03-16 08:55:00
1773651600000,9.62,9.62,9.62,9.62,0.0,2026-03-16 09:00:00
1773651900000,9.62,9.62,9.62,9.62,0.0,2026-03-16 09:05:00
1773652200000,9.62,9.62,9.62,9.62,0.0,2026-03-16 09:10:00
1773652500000,9.62,9.62,9.62,9.62,0.0,2026-03-16 09:15:00
1773652800000,9.61,9.63,9.6,9.63,24.61,2026-03-16 09:20:00
1773653100000,9.63,9.63,9.63,9.63,0.0,2026-03-16 09:25:00
1773653400000,9.63,9.63,9.63,9.63,0.0,2026-03-16 09:30:00
1773653700000,9.63,9.63,9.63,9.63,0.0,2026-03-16 09:35:00
1773654000000,9.63,9.63,9.63,9.63,0.0,2026-03-16 09:40:00
1773654300000,9.65,9.65,9.65,9.65,9.22,2026-03-16 09:45:00
1773654600000,9.65,9.65,9.65,9.65,0.0,2026-03-16 09:50:00
1773654900000,9.65,9.65,9.65,9.65,0.0,2026-03-16 09:55:00
1773655200000,9.65,9.65,9.65,9.65,0.0,2026-03-16 10:00:00
1773655500000,9.65,9.65,9.65,9.65,0.0,2026-03-16 10:05:00
1773655800000,9.65,9.65,9.65,9.65,0.0,2026-03-16 10:10:00
1773656100000,9.65,9.65,9.65,9.65,0.0,2026-03-16 10:15:00
1773656400000,9.67,9.67,9.67,9.67,0.62,2026-03-16 10:20:00
1773656700000,9.67,9.67,9.67,9.67,0.0,2026-03-16 10:25:00
1773657000000,9.67,9.67,9.67,9.67,0.0,2026-03-16 10:30:00
1773657300000,9.67,9.67,9.67,9.67,0.0,2026-03-16 10:35:00
1773657600000,9.67,9.67,9.67,9.67,0.0,2026-03-16 10:40:00
1773657900000,9.67,9.67,9.67,9.67,0.0,2026-03-16 10:45:00
1773658200000,9.67,9.67,9.67,9.67,0.0,2026-03-16 10:50:00
1773658500000,9.67,9.67,9.67,9.67,0.0,2026-03-16 10:55:00
1773658800000,9.72,9.72,9.72,9.72,0.62,2026-03-16 11:00:00
1773659100000,9.72,9.72,9.72,9.72,0.0,2026-03-16 11:05:00
1773659400000,9.72,9.72,9.72,9.72,0.0,2026-03-16 11:10:00
1773659700000,9.72,9.72,9.72,9.72,0.0,2026-03-16 11:15:00
1773660000000,9.68,9.68,9.67,9.67,10.88,2026-03-16 11:20:00
1773660300000,9.67,9.67,9.67,9.67,0.0,2026-03-16 11:25:00
1773660600000,9.67,9.67,9.67,9.67,0.0,2026-03-16 11:30:00
1773660900000,9.67,9.67,9.67,9.67,0.0,2026-03-16 11:35:00
1773661200000,9.67,9.67,9.67,9.67,0.0,2026-03-16 11:40:00
1773661500000,9.67,9.67,9.67,9.67,0.0,2026-03-16 11:45:00
1773661800000,9.67,9.67,9.67,9.67,0.0,2026-03-16 11:50:00
1773662100000,9.67,9.67,9.67,9.67,0.0,2026-03-16 11:55:00
1773662400000,9.72,9.76,9.72,9.76,10.27,2026-03-16 12:00:00
1773662700000,9.76,9.76,9.76,9.76,0.0,2026-03-16 12:05:00
1773663000000,9.76,9.76,9.76,9.76,0.0,2026-03-16 12:10:00
1773663300000,9.71,9.71,9.71,9.71,7.08,2026-03-16 12:15:00
1773663600000,9.73,9.73,9.73,9.73,6.44,2026-03-16 12:20:00
1773663900000,9.73,9.73,9.73,9.73,0.0,2026-03-16 12:25:00
1773664200000,9.73,9.73,9.73,9.73,0.0,2026-03-16 12:30:00
1773664500000,9.73,9.73,9.73,9.73,0.0,2026-03-16 12:35:00
1773664800000,9.71,9.71,9.71,9.71,0.36,2026-03-16 12:40:00
1773665100000,9.71,9.71,9.71,9.71,0.0,2026-03-16 12:45:00
1773665400000,9.71,9.71,9.71,9.71,0.0,2026-03-16 12:50:00
1773665700000,9.71,9.71,9.71,9.71,0.0,2026-03-16 12:55:00
1773666000000,9.71,9.71,9.71,9.71,0.0,2026-03-16 13:00:00
1773666300000,9.73,9.73,9.73,9.73,0.51,2026-03-16 13:05:00
1773666600000,9.68,9.68,9.68,9.68,0.5,2026-03-16 13:10:00
1773666900000,9.68,9.68,9.68,9.68,0.0,2026-03-16 13:15:00
1773667200000,9.68,9.68,9.68,9.68,0.0,2026-03-16 13:20:00
1773667500000,9.75,9.75,9.75,9.75,3.07,2026-03-16 13:25:00
1773667800000,9.77,9.8,9.77,9.8,11.81,2026-03-16 13:30:00
1773668100000,9.79,9.79,9.77,9.77,11.97,2026-03-16 13:35:00
1773668400000,9.78,9.81,9.78,9.78,16.11,2026-03-16 13:40:00
1773668700000,9.81,9.81,9.81,9.81,0.51,2026-03-16 13:45:00
1773669000000,9.81,9.81,9.81,9.81,0.0,2026-03-16 13:50:00
1773669300000,9.81,9.81,9.81,9.81,0.0,2026-03-16 13:55:00
1773669600000,9.73,9.73,9.73,9.73,3.23,2026-03-16 14:00:00
1773669900000,9.81,9.81,9.81,9.81,5.08,2026-03-16 14:05:00
1773670200000,9.79,9.81,9.77,9.78,16.9,2026-03-16 14:10:00
1773670500000,9.77,9.8,9.76,9.79,32.24,2026-03-16 14:15:00
1773670800000,9.79,9.79,9.79,9.79,0.0,2026-03-16 14:20:00
1773671100000,9.72,9.72,9.72,9.72,0.61,2026-03-16 14:25:00
1773671400000,9.69,9.69,9.67,9.67,8.27,2026-03-16 14:30:00
1773671700000,9.67,9.67,9.67,9.67,0.0,2026-03-16 14:35:00
1773672000000,9.62,9.64,9.62,9.64,3.73,2026-03-16 14:40:00
1773672300000,9.64,9.64,9.64,9.64,0.0,2026-03-16 14:45:00
1773672600000,9.64,9.64,9.64,9.64,0.0,2026-03-16 14:50:00
1773672900000,9.67,9.69,9.67,9.69,7.75,2026-03-16 14:55:00
1773673200000,9.69,9.69,9.69,9.69,0.0,2026-03-16 15:00:00
1773673500000,9.71,9.71,9.71,9.71,5.14,2026-03-16 15:05:00
1773673800000,9.72,9.72,9.72,9.72,0.62,2026-03-16 15:10:00
1773674100000,9.72,9.72,9.69,9.69,9.08,2026-03-16 15:15:00
1773674400000,9.69,9.69,9.69,9.69,0.0,2026-03-16 15:20:00
1773674700000,9.69,9.69,9.69,9.69,0.0,2026-03-16 15:25:00
1773675000000,9.73,9.73,9.73,9.73,54.05,2026-03-16 15:30:00
1773675300000,9.76,9.76,9.76,9.76,1.07,2026-03-16 15:35:00
1773675600000,9.76,9.76,9.76,9.76,0.0,2026-03-16 15:40:00
1773675900000,9.76,9.76,9.76,9.76,0.0,2026-03-16 15:45:00
1773676200000,9.76,9.76,9.76,9.76,0.0,2026-03-16 15:50:00
1773676500000,9.76,9.76,9.76,9.76,0.0,2026-03-16 15:55:00
1773676800000,9.72,9.76,9.72,9.76,21.52,2026-03-16 16:00:00
1773677100000,9.76,9.76,9.76,9.76,3.28,2026-03-16 16:05:00
1773677400000,9.76,9.76,9.76,9.76,0.0,2026-03-16 16:10:00
1773677700000,9.76,9.76,9.76,9.76,0.0,2026-03-16 16:15:00
1773678000000,9.77,9.77,9.77,9.77,0.61,2026-03-16 16:20:00
1773678300000,9.77,9.77,9.77,9.77,5.73,2026-03-16 16:25:00
1773678600000,9.77,9.77,9.77,9.77,0.0,2026-03-16 16:30:00
1773678900000,9.77,9.77,9.77,9.77,0.0,2026-03-16 16:35:00
1773679200000,9.78,9.78,9.78,9.78,0.94,2026-03-16 16:40:00
1773679500000,9.78,9.78,9.78,9.78,0.0,2026-03-16 16:45:00
1773679800000,9.81,9.83,9.79,9.79,31.44,2026-03-16 16:50:00
1773680100000,9.79,9.79,9.79,9.79,0.0,2026-03-16 16:55:00
1773680400000,9.8,9.8,9.8,9.8,4.82,2026-03-16 17:00:00
1773680700000,9.8,9.8,9.8,9.8,0.0,2026-03-16 17:05:00
1773681000000,9.8,9.8,9.8,9.8,0.0,2026-03-16 17:10:00
1773681300000,9.8,9.8,9.8,9.8,0.0,2026-03-16 17:15:00
1773681600000,9.8,9.8,9.8,9.8,0.0,2026-03-16 17:20:00
1773681900000,9.79,9.79,9.79,9.79,5.55,2026-03-16 17:25:00
1773682200000,9.79,9.79,9.79,9.79,0.0,2026-03-16 17:30:00
1773682500000,9.84,9.84,9.84,9.84,0.94,2026-03-16 17:35:00
1773682800000,9.83,9.83,9.83,9.83,28.25,2026-03-16 17:40:00
1773683100000,9.86,9.86,9.86,9.86,14.22,2026-03-16 17:45:00
1773683400000,9.82,9.83,9.78,9.83,16.82,2026-03-16 17:50:00
1773683700000,9.83,9.83,9.83,9.83,0.0,2026-03-16 17:55:00
1773684000000,9.83,9.83,9.83,9.83,0.0,2026-03-16 18:00:00
1773684300000,9.87,9.89,9.87,9.89,20.05,2026-03-16 18:05:00
1773684600000,9.89,9.89,9.89,9.89,0.0,2026-03-16 18:10:00
1773684900000,9.89,9.89,9.89,9.89,0.0,2026-03-16 18:15:00
1773685200000,9.89,9.89,9.89,9.89,0.0,2026-03-16 18:20:00
1773685500000,9.9,9.92,9.9,9.92,35.67,2026-03-16 18:25:00
1773685800000,9.92,9.92,9.92,9.92,0.0,2026-03-16 18:30:00
1773686100000,9.92,9.92,9.92,9.92,0.0,2026-03-16 18:35:00
1773686400000,9.87,9.87,9.87,9.87,7.91,2026-03-16 18:40:00
1773686700000,9.85,9.85,9.85,9.85,4.79,2026-03-16 18:45:00
1773687000000,9.9,9.9,9.9,9.9,50.0,2026-03-16 18:50:00
1773687300000,9.9,9.9,9.9,9.9,0.0,2026-03-16 18:55:00
1773687600000,9.9,9.9,9.9,9.9,0.0,2026-03-16 19:00:00
1773687900000,9.87,9.94,9.87,9.94,118.24,2026-03-16 19:05:00
1773688200000,9.95,9.95,9.95,9.95,10.19,2026-03-16 19:10:00
1773688500000,9.95,9.95,9.95,9.95,0.0,2026-03-16 19:15:00
1773688800000,9.98,9.98,9.98,9.98,4.66,2026-03-16 19:20:00
1773689100000,9.98,9.98,9.98,9.98,0.0,2026-03-16 19:25:00
1773689400000,9.98,9.98,9.98,9.98,0.0,2026-03-16 19:30:00
1773689700000,9.98,9.98,9.98,9.98,0.0,2026-03-16 19:35:00
1773690000000,9.98,9.98,9.98,9.98,0.0,2026-03-16 19:40:00
1773690300000,9.98,9.98,9.98,9.98,0.0,2026-03-16 19:45:00
1773690600000,9.92,9.92,9.92,9.92,0.6,2026-03-16 19:50:00
1773690900000,9.9,9.9,9.9,9.9,0.52,2026-03-16 19:55:00
1773691200000,9.9,9.9,9.9,9.9,0.0,2026-03-16 20:00:00
1773691500000,9.95,9.95,9.95,9.95,10.84,2026-03-16 20:05:00
1773691800000,9.95,9.95,9.95,9.95,0.0,2026-03-16 20:10:00
1773692100000,9.95,9.95,9.95,9.95,0.0,2026-03-16 20:15:00
1773692400000,9.95,9.95,9.95,9.95,0.0,2026-03-16 20:20:00
1773692700000,9.93,9.93,9.93,9.93,7.42,2026-03-16 20:25:00
1773693000000,9.92,9.92,9.91,9.91,53.98,2026-03-16 20:30:00
1773693300000,9.91,9.91,9.91,9.91,0.0,2026-03-16 20:35:00
1773693600000,9.91,9.91,9.91,9.91,0.0,2026-03-16 20:40:00
1773693900000,9.91,9.91,9.91,9.91,0.0,2026-03-16 20:45:00
1773694200000,9.93,9.93,9.93,9.93,0.41,2026-03-16 20:50:00
1773694500000,9.96,9.96,9.96,9.96,5.03,2026-03-16 20:55:00
1773694800000,9.95,9.95,9.95,9.95,6.71,2026-03-16 21:00:00
1773695100000,9.95,9.95,9.95,9.95,0.0,2026-03-16 21:05:00
1773695400000,9.95,9.97,9.95,9.97,4.65,2026-03-16 21:10:00
1773695700000,9.97,9.97,9.97,9.97,0.0,2026-03-16 21:15:00
1773696000000,9.97,9.97,9.97,9.97,0.0,2026-03-16 21:20:00
1773696300000,9.96,9.96,9.96,9.96,2.5,2026-03-16 21:25:00
1773696600000,9.96,9.96,9.96,9.96,0.0,2026-03-16 21:30:00
1773696900000,10.0,10.01,10.0,10.01,11.53,2026-03-16 21:35:00
1773697200000,9.99,9.99,9.99,9.99,0.1,2026-03-16 21:40:00
1773697500000,9.99,9.99,9.99,9.99,0.0,2026-03-16 21:45:00
1773697800000,10.04,10.07,10.04,10.07,22.99,2026-03-16 21:50:00
1773698100000,10.02,10.02,9.98,9.98,11.44,2026-03-16 21:55:00
1773698400000,9.98,9.98,9.98,9.98,0.0,2026-03-16 22:00:00
1773698700000,10.03,10.03,10.03,10.03,7.29,2026-03-16 22:05:00
1773699000000,10.03,10.03,10.03,10.03,0.0,2026-03-16 22:10:00
1773699300000,10.03,10.03,10.03,10.03,0.0,2026-03-16 22:15:00
1773699600000,10.03,10.03,10.03,10.03,0.0,2026-03-16 22:20:00
1773699900000,9.97,9.97,9.97,9.97,0.6,2026-03-16 22:25:00
1773700200000,9.97,9.97,9.97,9.97,0.0,2026-03-16 22:30:00
1773700500000,10.01,10.01,10.01,10.01,2.13,2026-03-16 22:35:00
1773700800000,10.01,10.01,10.01,10.01,0.0,2026-03-16 22:40:00
1773701100000,10.01,10.01,10.01,10.01,0.0,2026-03-16 22:45:00
1773701400000,10.01,10.01,10.01,10.01,0.0,2026-03-16 22:50:00
1773701700000,10.01,10.01,10.01,10.01,0.0,2026-03-16 22:55:00
1773702000000,9.94,9.98,9.94,9.98,8.53,2026-03-16 23:00:00
1773702300000,9.92,9.94,9.88,9.88,9.2,2026-03-16 23:05:00
1773702600000,9.88,9.88,9.88,9.88,0.0,2026-03-16 23:10:00
1773702900000,9.92,9.92,9.92,9.92,3.04,2026-03-16 23:15:00
1773703200000,9.92,9.92,9.92,9.92,0.0,2026-03-16 23:20:00
1773703500000,9.92,9.92,9.92,9.92,0.0,2026-03-16 23:25:00
1773703800000,9.92,9.92,9.92,9.92,0.0,2026-03-16 23:30:00
1773704100000,9.92,9.92,9.92,9.92,0.0,2026-03-16 23:35:00
1773704400000,9.92,9.92,9.92,9.92,0.0,2026-03-16 23:40:00
1773704700000,9.92,9.92,9.92,9.92,0.0,2026-03-16 23:45:00
1773705000000,9.92,9.92,9.92,9.92,0.0,2026-03-16 23:50:00
1773705300000,9.92,9.92,9.92,9.92,0.0,2026-03-16 23:55:00
1773705600000,9.92,9.92,9.92,9.92,0.0,2026-03-17 00:00:00
1773705900000,9.94,9.94,9.94,9.94,9.34,2026-03-17 00:05:00
1773706200000,9.97,10.04,9.97,10.04,4.58,2026-03-17 00:10:00
1773706500000,10.04,10.04,9.97,9.97,20.52,2026-03-17 00:15:00
1773706800000,9.95,9.97,9.95,9.95,1.61,2026-03-17 00:20:00
1773707100000,9.94,9.96,9.92,9.96,1.31,2026-03-17 00:25:00
1773707400000,9.97,10.01,9.97,10.0,1.42,2026-03-17 00:30:00
1773707700000,9.98,9.99,9.98,9.98,8.51,2026-03-17 00:35:00
1773708000000,9.94,9.94,9.93,9.93,0.51,2026-03-17 00:40:00
1773708300000,9.95,9.97,9.95,9.97,0.95,2026-03-17 00:45:00
1773708600000,9.94,9.94,9.89,9.93,1.64,2026-03-17 00:50:00
1773708900000,9.93,9.93,9.93,9.93,0.0,2026-03-17 00:55:00
1773709200000,9.93,9.93,9.93,9.93,0.0,2026-03-17 01:00:00
1773709500000,9.97,9.97,9.97,9.97,0.6,2026-03-17 01:05:00
1773709800000,10.01,10.02,9.99,10.02,1201.56,2026-03-17 01:10:00
1773710100000,9.97,9.97,9.94,9.97,18.61,2026-03-17 01:15:00
1773710400000,9.97,9.97,9.97,9.97,0.0,2026-03-17 01:20:00
1773710700000,9.97,9.97,9.97,9.97,0.0,2026-03-17 01:25:00
1773711000000,9.96,9.96,9.96,9.96,238.1,2026-03-17 01:30:00
1773711300000,10.0,10.01,9.99,9.99,11.98,2026-03-17 01:35:00
1773711600000,9.96,9.96,9.94,9.94,5.92,2026-03-17 01:40:00
1773711900000,9.94,9.94,9.94,9.94,0.0,2026-03-17 01:45:00
1773712200000,9.94,9.94,9.94,9.94,0.0,2026-03-17 01:50:00
1773712500000,9.94,9.94,9.94,9.94,0.0,2026-03-17 01:55:00
1773712800000,9.94,9.94,9.94,9.94,0.0,2026-03-17 02:00:00
1773713100000,9.92,9.92,9.89,9.89,1.32,2026-03-17 02:05:00
1773713400000,9.89,9.89,9.89,9.89,0.0,2026-03-17 02:10:00
1773713700000,9.89,9.89,9.89,9.89,0.0,2026-03-17 02:15:00
1773714000000,9.89,9.89,9.89,9.89,0.0,2026-03-17 02:20:00
1773714300000,9.89,9.89,9.89,9.89,0.0,2026-03-17 02:25:00
1773714600000,9.89,9.89,9.89,9.89,0.0,2026-03-17 02:30:00
1773714900000,9.89,9.89,9.89,9.89,0.0,2026-03-17 02:35:00
1773715200000,9.89,9.89,9.89,9.89,0.0,2026-03-17 02:40:00
1773715500000,9.92,9.96,9.92,9.96,12.23,2026-03-17 02:45:00
1773715800000,9.96,9.96,9.96,9.96,0.0,2026-03-17 02:50:00
1773716100000,9.96,9.96,9.96,9.96,0.0,2026-03-17 02:55:00
1773716400000,9.96,9.96,9.96,9.96,0.0,2026-03-17 03:00:00
1773716700000,9.96,9.96,9.96,9.96,0.0,2026-03-17 03:05:00
1773717000000,9.89,9.89,9.89,9.89,0.5,2026-03-17 03:10:00
1773717300000,9.87,9.87,9.87,9.87,0.61,2026-03-17 03:15:00
1773717600000,9.87,9.87,9.87,9.87,0.0,2026-03-17 03:20:00
1773717900000,9.87,9.87,9.87,9.87,0.0,2026-03-17 03:25:00
1773718200000,9.87,9.87,9.87,9.87,0.0,2026-03-17 03:30:00
1773718500000,9.87,9.87,9.87,9.87,0.0,2026-03-17 03:35:00
1773718800000,9.82,9.82,9.82,9.82,3.66,2026-03-17 03:40:00
1773719100000,9.82,9.82,9.82,9.82,0.0,2026-03-17 03:45:00
1773719400000,9.81,9.81,9.81,9.81,6.59,2026-03-17 03:50:00
1773719700000,9.81,9.81,9.81,9.81,0.0,2026-03-17 03:55:00
1773720000000,9.81,9.81,9.81,9.81,0.0,2026-03-17 04:00:00
1773720300000,9.86,9.86,9.86,9.86,1.51,2026-03-17 04:05:00
1773720600000,9.86,9.86,9.86,9.86,0.0,2026-03-17 04:10:00
1773720900000,9.84,9.84,9.84,9.84,2.03,2026-03-17 04:15:00
1773721200000,9.84,9.84,9.84,9.84,0.0,2026-03-17 04:20:00
1773721500000,9.84,9.84,9.84,9.84,0.0,2026-03-17 04:25:00
1773721800000,9.78,9.79,9.77,9.79,24.19,2026-03-17 04:30:00
1773722100000,9.79,9.79,9.79,9.79,0.0,2026-03-17 04:35:00
1773722400000,9.79,9.79,9.79,9.79,0.0,2026-03-17 04:40:00
1773722700000,9.79,9.79,9.79,9.79,0.0,2026-03-17 04:45:00
1773723000000,9.79,9.79,9.79,9.79,0.0,2026-03-17 04:50:00
1773723300000,9.79,9.79,9.79,9.79,0.0,2026-03-17 04:55:00
1773723600000,9.79,9.79,9.79,9.79,0.0,2026-03-17 05:00:00
1773723900000,9.79,9.79,9.79,9.79,0.0,2026-03-17 05:05:00
1773724200000,9.79,9.79,9.79,9.79,0.0,2026-03-17 05:10:00
1773724500000,9.79,9.79,9.79,9.79,0.0,2026-03-17 05:15:00
1773724800000,9.79,9.79,9.79,9.79,0.0,2026-03-17 05:20:00
1773725100000,9.79,9.79,9.79,9.79,0.0,2026-03-17 05:25:00
1773725400000,9.79,9.79,9.79,9.79,0.0,2026-03-17 05:30:00
1773725700000,9.79,9.79,9.79,9.79,0.0,2026-03-17 05:35:00
1773726000000,9.72,9.72,9.71,9.71,1.22,2026-03-17 05:40:00
1773726300000,9.71,9.71,9.71,9.71,12.87,2026-03-17 05:45:00
1773726600000,9.71,9.71,9.71,9.71,0.0,2026-03-17 05:50:00
1773726900000,9.71,9.71,9.71,9.71,0.0,2026-03-17 05:55:00
1773727200000,9.71,9.71,9.71,9.71,0.0,2026-03-17 06:00:00
1773727500000,9.7,9.71,9.7,9.71,5.66,2026-03-17 06:05:00
1773727800000,9.71,9.71,9.71,9.71,0.0,2026-03-17 06:10:00
1773728100000,9.71,9.71,9.71,9.71,0.0,2026-03-17 06:15:00
1773728400000,9.77,9.77,9.77,9.77,0.61,2026-03-17 06:20:00
1773728700000,9.77,9.77,9.77,9.77,0.0,2026-03-17 06:25:00
1773729000000,9.77,9.77,9.77,9.77,5.58,2026-03-17 06:30:00
1773729300000,9.77,9.77,9.77,9.77,0.0,2026-03-17 06:35:00
1773729600000,9.77,9.77,9.77,9.77,0.0,2026-03-17 06:40:00
1773729900000,9.77,9.77,9.77,9.77,0.0,2026-03-17 06:45:00
1773730200000,9.77,9.77,9.77,9.77,0.0,2026-03-17 06:50:00
1773730500000,9.75,9.75,9.75,9.75,3.91,2026-03-17 06:55:00
1773730800000,9.75,9.75,9.75,9.75,0.0,2026-03-17 07:00:00
1773731100000,9.75,9.75,9.75,9.75,0.0,2026-03-17 07:05:00
1773731400000,9.75,9.75,9.75,9.75,0.0,2026-03-17 07:10:00
1773731700000,9.82,9.82,9.82,9.82,25.35,2026-03-17 07:15:00
1773732000000,9.82,9.82,9.82,9.82,0.0,2026-03-17 07:20:00
1773732300000,9.82,9.82,9.82,9.82,0.0,2026-03-17 07:25:00
1773732600000,9.82,9.82,9.82,9.82,10.2,2026-03-17 07:30:00
1773732900000,9.81,9.81,9.81,9.81,0.73,2026-03-17 07:35:00
1773733200000,9.81,9.81,9.81,9.81,0.0,2026-03-17 07:40:00
1773733500000,9.81,9.81,9.81,9.81,0.0,2026-03-17 07:45:00
1773733800000,9.81,9.81,9.81,9.81,0.0,2026-03-17 07:50:00
1773734100000,9.81,9.81,9.81,9.81,0.0,2026-03-17 07:55:00
1773734400000,9.81,9.81,9.81,9.81,0.0,2026-03-17 08:00:00
1773734700000,9.81,9.81,9.81,9.81,0.0,2026-03-17 08:05:00
1773735000000,9.81,9.81,9.81,9.81,0.0,2026-03-17 08:10:00
1773735300000,9.81,9.81,9.81,9.81,0.0,2026-03-17 08:15:00
1773735600000,9.81,9.81,9.81,9.81,0.0,2026-03-17 08:20:00
1773735900000,9.81,9.81,9.81,9.81,0.0,2026-03-17 08:25:00
1773736200000,9.81,9.81,9.81,9.81,0.0,2026-03-17 08:30:00
1773736500000,9.81,9.81,9.81,9.81,0.0,2026-03-17 08:35:00
1773736800000,9.81,9.81,9.81,9.81,0.0,2026-03-17 08:40:00
1773737100000,9.81,9.81,9.81,9.81,0.0,2026-03-17 08:45:00
1773737400000,9.81,9.81,9.81,9.81,0.0,2026-03-17 08:50:00
1773737700000,9.77,9.77,9.77,9.77,0.61,2026-03-17 08:55:00
1773738000000,9.77,9.77,9.77,9.77,0.0,2026-03-17 09:00:00
1773738300000,9.77,9.77,9.77,9.77,0.0,2026-03-17 09:05:00
1773738600000,9.77,9.77,9.77,9.77,0.0,2026-03-17 09:10:00
1773738900000,9.77,9.77,9.77,9.77,0.0,2026-03-17 09:15:00
1773739200000,9.75,9.75,9.75,9.75,13.56,2026-03-17 09:20:00
1773739500000,9.75,9.75,9.75,9.75,0.0,2026-03-17 09:25:00
1773739800000,9.75,9.75,9.75,9.75,0.0,2026-03-17 09:30:00
1773740100000,9.75,9.75,9.75,9.75,0.0,2026-03-17 09:35:00
1773740400000,9.75,9.75,9.75,9.75,0.0,2026-03-17 09:40:00
1773740700000,9.75,9.75,9.75,9.75,0.0,2026-03-17 09:45:00
1773741000000,9.75,9.75,9.75,9.75,0.0,2026-03-17 09:50:00
1773741300000,9.75,9.75,9.75,9.75,0.0,2026-03-17 09:55:00
1773741600000,9.75,9.75,9.75,9.75,0.0,2026-03-17 10:00:00
1773741900000,9.75,9.75,9.75,9.75,0.0,2026-03-17 10:05:00
1773742200000,9.75,9.75,9.75,9.75,0.0,2026-03-17 10:10:00
1773742500000,9.75,9.75,9.75,9.75,0.0,2026-03-17 10:15:00
1773742800000,9.75,9.75,9.75,9.75,0.0,2026-03-17 10:20:00
1773743100000,9.75,9.75,9.75,9.75,0.0,2026-03-17 10:25:00
1773743400000,9.75,9.75,9.75,9.75,0.0,2026-03-17 10:30:00
1773743700000,9.75,9.75,9.75,9.75,0.0,2026-03-17 10:35:00
1773744000000,9.75,9.75,9.75,9.75,0.0,2026-03-17 10:40:00
1773744300000,9.75,9.75,9.75,9.75,0.0,2026-03-17 10:45:00
1773744600000,9.75,9.75,9.75,9.75,0.0,2026-03-17 10:50:00
1773744900000,9.75,9.75,9.75,9.75,0.0,2026-03-17 10:55:00
1773745200000,9.75,9.75,9.75,9.75,0.0,2026-03-17 11:00:00
1773745500000,9.75,9.75,9.75,9.75,0.0,2026-03-17 11:05:00
1773745800000,9.75,9.75,9.75,9.75,0.0,2026-03-17 11:10:00
1773746100000,9.75,9.75,9.75,9.75,0.0,2026-03-17 11:15:00
1773746400000,9.75,9.75,9.75,9.75,0.0,2026-03-17 11:20:00
1773746700000,9.75,9.75,9.75,9.75,0.0,2026-03-17 11:25:00
1773747000000,9.75,9.75,9.75,9.75,0.0,2026-03-17 11:30:00
1773747300000,9.75,9.75,9.75,9.75,0.0,2026-03-17 11:35:00
1773747600000,9.75,9.75,9.75,9.75,0.0,2026-03-17 11:40:00
1773747900000,9.75,9.75,9.75,9.75,0.0,2026-03-17 11:45:00
1773748200000,9.75,9.75,9.75,9.75,0.0,2026-03-17 11:50:00
1773748500000,9.75,9.75,9.75,9.75,0.0,2026-03-17 11:55:00
1773748800000,9.79,9.79,9.79,9.79,2.54,2026-03-17 12:00:00
1773749100000,9.79,9.79,9.79,9.79,0.0,2026-03-17 12:05:00
1773749400000,9.79,9.79,9.79,9.79,0.0,2026-03-17 12:10:00
1773749700000,9.79,9.79,9.79,9.79,0.0,2026-03-17 12:15:00
1773750000000,9.79,9.79,9.79,9.79,0.0,2026-03-17 12:20:00
1773750300000,9.79,9.79,9.79,9.79,0.0,2026-03-17 12:25:00
1773750600000,9.79,9.79,9.79,9.79,0.0,2026-03-17 12:30:00
1773750900000,9.79,9.79,9.79,9.79,0.0,2026-03-17 12:35:00
1773751200000,9.79,9.79,9.79,9.79,0.0,2026-03-17 12:40:00
1773751500000,9.79,9.79,9.79,9.79,0.0,2026-03-17 12:45:00
1773751800000,9.79,9.79,9.79,9.79,0.0,2026-03-17 12:50:00
1773752100000,9.79,9.79,9.79,9.79,0.0,2026-03-17 12:55:00
1773752400000,9.79,9.79,9.79,9.79,0.0,2026-03-17 13:00:00
1773752700000,9.76,9.76,9.76,9.76,0.54,2026-03-17 13:05:00
1773753000000,9.76,9.76,9.76,9.76,0.0,2026-03-17 13:10:00
1773753300000,9.76,9.76,9.76,9.76,0.0,2026-03-17 13:15:00
1773753600000,9.76,9.76,9.76,9.76,0.0,2026-03-17 13:20:00
1773753900000,9.76,9.76,9.76,9.76,0.0,2026-03-17 13:25:00
1773754200000,9.82,9.82,9.82,9.82,0.61,2026-03-17 13:30:00
1773754500000,9.83,9.83,9.83,9.83,0.29,2026-03-17 13:35:00
1773754800000,9.83,9.83,9.83,9.83,0.0,2026-03-17 13:40:00
1773755100000,9.77,9.77,9.74,9.74,0.9,2026-03-17 13:45:00
1773755400000,9.75,9.75,9.75,9.75,0.29,2026-03-17 13:50:00
1773755700000,9.75,9.75,9.75,9.75,0.0,2026-03-17 13:55:00
1773756000000,9.75,9.75,9.75,9.75,0.0,2026-03-17 14:00:00
1773756300000,9.75,9.75,9.75,9.75,0.0,2026-03-17 14:05:00
1773756600000,9.82,9.82,9.82,9.82,0.54,2026-03-17 14:10:00
1773756900000,9.82,9.82,9.82,9.82,0.07,2026-03-17 14:15:00
1773757200000,9.82,9.82,9.82,9.82,0.0,2026-03-17 14:20:00
1773757500000,9.82,9.82,9.82,9.82,0.0,2026-03-17 14:25:00
1773757800000,9.82,9.82,9.82,9.82,0.0,2026-03-17 14:30:00
1773758100000,9.85,9.85,9.85,9.85,90.07,2026-03-17 14:35:00
1773758400000,9.86,9.86,9.86,9.86,6.59,2026-03-17 14:40:00
1773758700000,9.85,9.85,9.85,9.85,4.97,2026-03-17 14:45:00
1773759000000,9.85,9.85,9.85,9.85,0.0,2026-03-17 14:50:00
1773759300000,9.85,9.85,9.85,9.85,0.0,2026-03-17 14:55:00
1773759600000,9.87,9.87,9.87,9.87,0.61,2026-03-17 15:00:00
1773759900000,9.91,9.91,9.91,9.91,5.03,2026-03-17 15:05:00
1773760200000,9.91,9.91,9.91,9.91,0.0,2026-03-17 15:10:00
1773760500000,9.82,9.82,9.82,9.82,0.61,2026-03-17 15:15:00
1773760800000,9.82,9.82,9.82,9.82,0.0,2026-03-17 15:20:00
1773761100000,9.84,9.84,9.84,9.84,2.17,2026-03-17 15:25:00
1773761400000,9.84,9.84,9.84,9.84,0.0,2026-03-17 15:30:00
1773761700000,9.77,9.77,9.77,9.77,0.61,2026-03-17 15:35:00
1773762000000,9.77,9.77,9.77,9.77,0.0,2026-03-17 15:40:00
1773762300000,9.77,9.77,9.77,9.77,0.0,2026-03-17 15:45:00
1773762600000,9.77,9.77,9.77,9.77,0.0,2026-03-17 15:50:00
1773762900000,9.77,9.77,9.77,9.77,0.0,2026-03-17 15:55:00
1773763200000,9.77,9.77,9.77,9.77,0.0,2026-03-17 16:00:00
1773763500000,9.77,9.77,9.77,9.77,0.0,2026-03-17 16:05:00
1773763800000,9.82,9.82,9.82,9.82,0.61,2026-03-17 16:10:00
1773764100000,9.82,9.82,9.82,9.82,0.0,2026-03-17 16:15:00
1773764400000,9.82,9.82,9.82,9.82,0.0,2026-03-17 16:20:00
1773764700000,9.82,9.82,9.82,9.82,0.0,2026-03-17 16:25:00
1773765000000,9.82,9.82,9.82,9.82,0.0,2026-03-17 16:30:00
1773765300000,9.82,9.82,9.82,9.82,0.0,2026-03-17 16:35:00
1773765600000,9.82,9.82,9.82,9.82,0.0,2026-03-17 16:40:00
1773765900000,9.82,9.82,9.82,9.82,0.0,2026-03-17 16:45:00
1773766200000,9.82,9.82,9.82,9.82,0.0,2026-03-17 16:50:00
1773766500000,9.82,9.82,9.82,9.82,0.0,2026-03-17 16:55:00
1773766800000,9.82,9.82,9.82,9.82,0.0,2026-03-17 17:00:00
1773767100000,9.83,9.83,9.83,9.83,2.54,2026-03-17 17:05:00
1773767400000,9.83,9.83,9.83,9.83,0.9,2026-03-17 17:10:00
1773767700000,9.83,9.83,9.83,9.83,0.0,2026-03-17 17:15:00
1773768000000,9.83,9.83,9.83,9.83,0.0,2026-03-17 17:20:00
1773768300000,9.83,9.83,9.83,9.83,0.0,2026-03-17 17:25:00
1773768600000,9.83,9.83,9.83,9.83,0.0,2026-03-17 17:30:00
1773768900000,9.83,9.83,9.83,9.83,0.0,2026-03-17 17:35:00
1773769200000,9.83,9.83,9.83,9.83,0.0,2026-03-17 17:40:00
1773769500000,9.83,9.83,9.83,9.83,0.0,2026-03-17 17:45:00
1773769800000,9.87,9.87,9.87,9.87,0.61,2026-03-17 17:50:00
1773770100000,9.87,9.87,9.87,9.87,0.0,2026-03-17 17:55:00
1773770400000,9.87,9.87,9.87,9.87,0.0,2026-03-17 18:00:00
1773770700000,9.87,9.87,9.87,9.87,0.0,2026-03-17 18:05:00
1773771000000,9.87,9.87,9.87,9.87,0.0,2026-03-17 18:10:00
1773771300000,9.87,9.87,9.87,9.87,0.0,2026-03-17 18:15:00
1773771600000,9.87,9.87,9.87,9.87,0.0,2026-03-17 18:20:00
1773771900000,9.87,9.87,9.87,9.87,0.0,2026-03-17 18:25:00
1773772200000,9.87,9.87,9.87,9.87,0.0,2026-03-17 18:30:00
1773772500000,9.87,9.87,9.87,9.87,0.0,2026-03-17 18:35:00
1773772800000,9.87,9.87,9.87,9.87,0.0,2026-03-17 18:40:00
1773773100000,9.87,9.87,9.87,9.87,0.0,2026-03-17 18:45:00
1773773400000,9.87,9.87,9.87,9.87,0.0,2026-03-17 18:50:00
1773773700000,9.87,9.87,9.87,9.87,0.0,2026-03-17 18:55:00
1773774000000,9.87,9.87,9.87,9.87,0.0,2026-03-17 19:00:00
1773774300000,9.89,9.89,9.89,9.89,2.52,2026-03-17 19:05:00
1773774600000,9.89,9.89,9.89,9.89,0.0,2026-03-17 19:10:00
1773774900000,9.89,9.89,9.89,9.89,49.96,2026-03-17 19:15:00
1773775200000,9.89,9.89,9.89,9.89,0.0,2026-03-17 19:20:00
1773775500000,9.89,9.89,9.89,9.89,0.0,2026-03-17 19:25:00
1773775800000,9.89,9.89,9.89,9.89,0.0,2026-03-17 19:30:00
1773776100000,9.89,9.89,9.89,9.89,0.0,2026-03-17 19:35:00
1773776400000,9.89,9.89,9.89,9.89,0.0,2026-03-17 19:40:00
1773776700000,9.89,9.89,9.89,9.89,0.0,2026-03-17 19:45:00
1773777000000,9.89,9.89,9.89,9.89,0.0,2026-03-17 19:50:00
1773777300000,9.82,9.82,9.82,9.82,0.61,2026-03-17 19:55:00
1773777600000,9.82,9.82,9.82,9.82,0.0,2026-03-17 20:00:00
1773777900000,9.82,9.82,9.82,9.82,0.0,2026-03-17 20:05:00
1773778200000,9.82,9.82,9.82,9.82,0.0,2026-03-17 20:10:00
1773778500000,9.82,9.82,9.82,9.82,0.0,2026-03-17 20:15:00
1773778800000,9.82,9.82,9.82,9.82,0.0,2026-03-17 20:20:00
1773779100000,9.82,9.82,9.82,9.82,0.0,2026-03-17 20:25:00
1773779400000,9.82,9.82,9.82,9.82,0.0,2026-03-17 20:30:00
1773779700000,9.82,9.82,9.82,9.82,0.0,2026-03-17 20:35:00
1773780000000,9.83,9.83,9.83,9.83,2.43,2026-03-17 20:40:00
1773780300000,9.83,9.83,9.83,9.83,0.0,2026-03-17 20:45:00
1773780600000,9.83,9.83,9.83,9.83,0.0,2026-03-17 20:50:00
1773780900000,9.83,9.83,9.83,9.83,0.0,2026-03-17 20:55:00
1773781200000,9.83,9.83,9.83,9.83,0.0,2026-03-17 21:00:00
1773781500000,9.83,9.83,9.83,9.83,0.0,2026-03-17 21:05:00
1773781800000,9.87,9.87,9.87,9.87,0.61,2026-03-17 21:10:00
1773782100000,9.87,9.87,9.87,9.87,0.0,2026-03-17 21:15:00
1773782400000,9.87,9.87,9.87,9.87,0.0,2026-03-17 21:20:00
1773782700000,9.87,9.87,9.87,9.87,0.0,2026-03-17 21:25:00
1773783000000,9.87,9.87,9.87,9.87,0.0,2026-03-17 21:30:00
1773783300000,9.87,9.87,9.87,9.87,0.0,2026-03-17 21:35:00
1773783600000,9.87,9.87,9.87,9.87,0.0,2026-03-17 21:40:00
1773783900000,9.87,9.87,9.87,9.87,0.0,2026-03-17 21:45:00
1773784200000,9.87,9.87,9.87,9.87,0.0,2026-03-17 21:50:00
1773784500000,9.87,9.87,9.87,9.87,0.0,2026-03-17 21:55:00
1773784800000,9.87,9.87,9.87,9.87,0.0,2026-03-17 22:00:00
1773785100000,9.87,9.87,9.87,9.87,0.0,2026-03-17 22:05:00
1773785400000,9.87,9.87,9.87,9.87,0.0,2026-03-17 22:10:00
1773785700000,9.87,9.87,9.87,9.87,0.0,2026-03-17 22:15:00
1773786000000,9.87,9.87,9.87,9.87,0.0,2026-03-17 22:20:00
1773786300000,9.87,9.87,9.87,9.87,0.0,2026-03-17 22:25:00
1773786600000,9.87,9.87,9.87,9.87,0.0,2026-03-17 22:30:00
1773786900000,9.82,9.82,9.82,9.82,10.49,2026-03-17 22:35:00
1773787200000,9.81,9.81,9.81,9.81,9.47,2026-03-17 22:40:00
1773787500000,9.81,9.81,9.81,9.81,0.0,2026-03-17 22:45:00
1773787800000,9.81,9.81,9.81,9.81,0.0,2026-03-17 22:50:00
1773788100000,9.81,9.81,9.81,9.81,0.0,2026-03-17 22:55:00
1773788400000,9.81,9.81,9.81,9.81,0.0,2026-03-17 23:00:00
1773788700000,9.86,9.86,9.86,9.86,2.62,2026-03-17 23:05:00
1773789000000,9.86,9.86,9.86,9.86,0.0,2026-03-17 23:10:00
1773789300000,9.83,9.83,9.83,9.83,1.74,2026-03-17 23:15:00
1773789600000,9.83,9.83,9.83,9.83,0.0,2026-03-17 23:20:00
1773789900000,9.83,9.83,9.83,9.83,0.0,2026-03-17 23:25:00
1773790200000,9.83,9.83,9.83,9.83,0.0,2026-03-17 23:30:00
1773790500000,9.83,9.83,9.83,9.83,0.0,2026-03-17 23:35:00
1773790800000,9.83,9.83,9.83,9.83,0.0,2026-03-17 23:40:00
1773791100000,9.83,9.83,9.83,9.83,0.0,2026-03-17 23:45:00
1773791400000,9.83,9.83,9.83,9.83,0.0,2026-03-17 23:50:00
1773791700000,9.8,9.8,9.8,9.8,3.04,2026-03-17 23:55:00
1773792000000,9.8,9.8,9.8,9.8,0.0,2026-03-18 00:00:00
1773792300000,9.8,9.8,9.8,9.8,0.0,2026-03-18 00:05:00
1773792600000,9.82,9.82,9.82,9.82,1.52,2026-03-18 00:10:00
1773792900000,9.82,9.82,9.82,9.82,0.0,2026-03-18 00:15:00
1773793200000,9.8,9.8,9.77,9.77,1.96,2026-03-18 00:20:00
1773793500000,9.77,9.79,9.77,9.79,1.49,2026-03-18 00:25:00
1773793800000,9.78,9.78,9.77,9.78,3.85,2026-03-18 00:30:00
1773794100000,9.78,9.78,9.77,9.77,0.36,2026-03-18 00:35:00
1773794400000,9.78,9.78,9.77,9.77,0.42,2026-03-18 00:40:00
1773794700000,9.8,9.82,9.8,9.82,1.6,2026-03-18 00:45:00
1773795000000,9.83,9.83,9.83,9.83,5.43,2026-03-18 00:50:00
1773795300000,9.83,9.83,9.83,9.83,0.0,2026-03-18 00:55:00
1773795600000,9.85,9.85,9.85,9.85,50.54,2026-03-18 01:00:00
1773795900000,9.85,9.85,9.85,9.85,0.0,2026-03-18 01:05:00
1773796200000,9.85,9.85,9.85,9.85,0.0,2026-03-18 01:10:00
1773796500000,9.85,9.85,9.85,9.85,0.0,2026-03-18 01:15:00
1773796800000,9.85,9.85,9.85,9.85,0.0,2026-03-18 01:20:00
1773797100000,9.85,9.85,9.85,9.85,0.0,2026-03-18 01:25:00
1773797400000,9.85,9.85,9.85,9.85,0.0,2026-03-18 01:30:00
1773797700000,9.85,9.85,9.85,9.85,0.0,2026-03-18 01:35:00
1773798000000,9.85,9.85,9.85,9.85,0.0,2026-03-18 01:40:00
1773798300000,9.85,9.85,9.85,9.85,0.0,2026-03-18 01:45:00
1773798600000,9.85,9.85,9.85,9.85,0.0,2026-03-18 01:50:00
1773798900000,9.85,9.85,9.85,9.85,0.0,2026-03-18 01:55:00
1773799200000,9.85,9.85,9.85,9.85,0.0,2026-03-18 02:00:00
1773799500000,9.85,9.85,9.85,9.85,0.0,2026-03-18 02:05:00
1773799800000,9.85,9.85,9.85,9.85,0.0,2026-03-18 02:10:00
1773800100000,9.85,9.85,9.85,9.85,0.0,2026-03-18 02:15:00
1773800400000,9.85,9.85,9.85,9.85,0.0,2026-03-18 02:20:00
1773800700000,9.85,9.85,9.85,9.85,0.0,2026-03-18 02:25:00
1773801000000,9.85,9.85,9.85,9.85,0.0,2026-03-18 02:30:00
1773801300000,9.85,9.85,9.85,9.85,0.0,2026-03-18 02:35:00
1773801600000,9.85,9.85,9.85,9.85,0.0,2026-03-18 02:40:00
1773801900000,9.85,9.85,9.85,9.85,0.0,2026-03-18 02:45:00
1773802200000,9.85,9.85,9.85,9.85,0.0,2026-03-18 02:50:00
1773802500000,9.85,9.85,9.85,9.85,0.0,2026-03-18 02:55:00
1773802800000,9.85,9.85,9.85,9.85,0.0,2026-03-18 03:00:00
1773803100000,9.85,9.85,9.85,9.85,0.0,2026-03-18 03:05:00
1773803400000,9.85,9.85,9.85,9.85,0.0,2026-03-18 03:10:00
1773803700000,9.85,9.85,9.85,9.85,0.0,2026-03-18 03:15:00
1773804000000,9.87,9.87,9.87,9.87,0.61,2026-03-18 03:20:00
1773804300000,9.87,9.87,9.87,9.87,0.0,2026-03-18 03:25:00
1773804600000,9.87,9.87,9.87,9.87,0.0,2026-03-18 03:30:00
1773804900000,9.87,9.87,9.87,9.87,0.0,2026-03-18 03:35:00
1773805200000,9.87,9.87,9.87,9.87,0.0,2026-03-18 03:40:00
1773805500000,9.87,9.87,9.87,9.87,0.0,2026-03-18 03:45:00
1773805800000,9.87,9.87,9.87,9.87,0.0,2026-03-18 03:50:00
1773806100000,9.87,9.87,9.87,9.87,0.0,2026-03-18 03:55:00
1773806400000,9.87,9.87,9.87,9.87,0.0,2026-03-18 04:00:00
1773806700000,9.9,9.9,9.89,9.89,1.51,2026-03-18 04:05:00
1773807000000,9.89,9.89,9.89,9.89,0.0,2026-03-18 04:10:00
1773807300000,9.89,9.89,9.89,9.89,0.0,2026-03-18 04:15:00
1773807600000,9.89,9.89,9.89,9.89,0.0,2026-03-18 04:20:00
1773807900000,9.89,9.89,9.89,9.89,0.0,2026-03-18 04:25:00
1773808200000,9.89,9.89,9.89,9.89,0.0,2026-03-18 04:30:00
1773808500000,9.89,9.89,9.89,9.89,0.0,2026-03-18 04:35:00
1773808800000,9.89,9.89,9.89,9.89,0.0,2026-03-18 04:40:00
1773809100000,9.89,9.89,9.89,9.89,0.0,2026-03-18 04:45:00
1773809400000,9.89,9.89,9.89,9.89,0.0,2026-03-18 04:50:00
1773809700000,9.89,9.89,9.89,9.89,0.0,2026-03-18 04:55:00
1773810000000,9.89,9.89,9.89,9.89,0.0,2026-03-18 05:00:00
1773810300000,9.89,9.89,9.89,9.89,0.0,2026-03-18 05:05:00
1773810600000,9.89,9.89,9.89,9.89,0.0,2026-03-18 05:10:00
1773810900000,9.89,9.89,9.89,9.89,0.0,2026-03-18 05:15:00
1773811200000,9.89,9.89,9.89,9.89,0.0,2026-03-18 05:20:00
1773811500000,9.89,9.89,9.89,9.89,0.0,2026-03-18 05:25:00
1773811800000,9.89,9.89,9.89,9.89,0.0,2026-03-18 05:30:00
1773812100000,9.89,9.89,9.89,9.89,0.0,2026-03-18 05:35:00
1773812400000,9.89,9.89,9.89,9.89,0.0,2026-03-18 05:40:00
1773812700000,9.89,9.89,9.89,9.89,0.0,2026-03-18 05:45:00
1773813000000,9.83,9.83,9.82,9.82,6.2,2026-03-18 05:50:00
1773813300000,9.82,9.82,9.82,9.82,0.0,2026-03-18 05:55:00
1773813600000,9.82,9.82,9.82,9.82,0.0,2026-03-18 06:00:00
1773813900000,9.82,9.82,9.82,9.82,0.0,2026-03-18 06:05:00
1773814200000,9.82,9.82,9.82,9.82,0.0,2026-03-18 06:10:00
1773814500000,9.82,9.82,9.82,9.82,0.0,2026-03-18 06:15:00
1773814800000,9.82,9.82,9.82,9.82,0.0,2026-03-18 06:20:00
1773815100000,9.82,9.82,9.82,9.82,0.0,2026-03-18 06:25:00
1773815400000,9.82,9.82,9.82,9.82,0.0,2026-03-18 06:30:00
1773815700000,9.82,9.82,9.82,9.82,0.0,2026-03-18 06:35:00
1773816000000,9.82,9.82,9.82,9.82,0.0,2026-03-18 06:40:00
1773816300000,9.82,9.82,9.82,9.82,0.0,2026-03-18 06:45:00
1773816600000,9.82,9.82,9.82,9.82,0.0,2026-03-18 06:50:00
1773816900000,9.82,9.82,9.82,9.82,0.0,2026-03-18 06:55:00
1773817200000,9.82,9.82,9.82,9.82,0.0,2026-03-18 07:00:00
1773817500000,9.82,9.82,9.82,9.82,0.0,2026-03-18 07:05:00
1773817800000,9.82,9.82,9.82,9.82,0.0,2026-03-18 07:10:00
1773818100000,9.82,9.82,9.82,9.82,0.0,2026-03-18 07:15:00
1773818400000,9.82,9.82,9.82,9.82,0.0,2026-03-18 07:20:00
1773818700000,9.82,9.82,9.82,9.82,0.0,2026-03-18 07:25:00
1773819000000,9.82,9.82,9.82,9.82,0.0,2026-03-18 07:30:00
1773819300000,9.82,9.82,9.82,9.82,0.0,2026-03-18 07:35:00
1773819600000,9.82,9.82,9.82,9.82,0.0,2026-03-18 07:40:00
1773819900000,9.82,9.82,9.82,9.82,0.0,2026-03-18 07:45:00
1773820200000,9.82,9.82,9.82,9.82,0.0,2026-03-18 07:50:00
1773820500000,9.82,9.82,9.82,9.82,0.0,2026-03-18 07:55:00
1773820800000,9.82,9.82,9.82,9.82,0.0,2026-03-18 08:00:00
1773821100000,9.86,9.86,9.86,9.86,0.27,2026-03-18 08:05:00
1773821400000,9.86,9.86,9.86,9.86,0.0,2026-03-18 08:10:00
1773821700000,9.86,9.86,9.86,9.86,0.0,2026-03-18 08:15:00
1773822000000,9.86,9.86,9.86,9.86,0.0,2026-03-18 08:20:00
1773822300000,9.86,9.86,9.86,9.86,0.0,2026-03-18 08:25:00
1773822600000,9.86,9.86,9.86,9.86,0.0,2026-03-18 08:30:00
1773822900000,9.86,9.86,9.86,9.86,0.0,2026-03-18 08:35:00
1773823200000,9.86,9.86,9.86,9.86,0.0,2026-03-18 08:40:00
1773823500000,9.86,9.86,9.86,9.86,0.0,2026-03-18 08:45:00
1773823800000,9.86,9.86,9.86,9.86,0.0,2026-03-18 08:50:00
1773824100000,9.86,9.86,9.86,9.86,0.0,2026-03-18 08:55:00
1773824400000,9.86,9.86,9.86,9.86,0.0,2026-03-18 09:00:00
1773824700000,9.86,9.87,9.86,9.86,1.0,2026-03-18 09:05:00
1773825000000,9.86,9.86,9.86,9.86,0.0,2026-03-18 09:10:00
1773825300000,9.86,9.86,9.86,9.86,0.0,2026-03-18 09:15:00
1773825600000,9.83,9.83,9.82,9.82,7.64,2026-03-18 09:20:00
1773825900000,9.82,9.82,9.82,9.82,0.0,2026-03-18 09:25:00
1773826200000,9.82,9.82,9.82,9.82,0.0,2026-03-18 09:30:00
1773826500000,9.82,9.82,9.82,9.82,0.0,2026-03-18 09:35:00
1773826800000,9.82,9.82,9.82,9.82,0.0,2026-03-18 09:40:00
1773827100000,9.82,9.82,9.82,9.82,0.0,2026-03-18 09:45:00
1773827400000,9.82,9.82,9.82,9.82,0.0,2026-03-18 09:50:00
1773827700000,9.82,9.82,9.82,9.82,0.0,2026-03-18 09:55:00
1773828000000,9.82,9.82,9.82,9.82,0.0,2026-03-18 10:00:00
1773828300000,9.82,9.82,9.82,9.82,0.0,2026-03-18 10:05:00
1773828600000,9.82,9.82,9.82,9.82,0.0,2026-03-18 10:10:00
1773828900000,9.82,9.82,9.82,9.82,0.0,2026-03-18 10:15:00
1773829200000,9.82,9.82,9.82,9.82,0.0,2026-03-18 10:20:00
1773829500000,9.82,9.82,9.82,9.82,0.0,2026-03-18 10:25:00
1773829800000,9.82,9.82,9.82,9.82,0.0,2026-03-18 10:30:00
1773830100000,9.82,9.82,9.82,9.82,0.0,2026-03-18 10:35:00
1773830400000,9.77,9.77,9.77,9.77,0.61,2026-03-18 10:40:00
1773830700000,9.77,9.77,9.77,9.77,0.0,2026-03-18 10:45:00
1773831000000,9.77,9.77,9.77,9.77,0.0,2026-03-18 10:50:00
1773831300000,9.77,9.77,9.77,9.77,11.12,2026-03-18 10:55:00
1773831600000,9.77,9.77,9.77,9.77,0.0,2026-03-18 11:00:00
1773831900000,9.77,9.77,9.77,9.77,0.0,2026-03-18 11:05:00
1773832200000,9.77,9.77,9.77,9.77,0.0,2026-03-18 11:10:00
1773832500000,9.77,9.77,9.77,9.77,0.0,2026-03-18 11:15:00
1773832800000,9.77,9.77,9.77,9.77,0.0,2026-03-18 11:20:00
1773833100000,9.72,9.74,9.72,9.74,2.74,2026-03-18 11:25:00
1773833400000,9.67,9.67,9.59,9.64,145.43,2026-03-18 11:30:00
1773833700000,9.59,9.59,9.52,9.54,69.58,2026-03-18 11:35:00
1773834000000,9.56,9.6,9.56,9.6,6.88,2026-03-18 11:40:00
1773834300000,9.59,9.59,9.59,9.59,2.05,2026-03-18 11:45:00
1773834600000,9.56,9.56,9.56,9.56,2.03,2026-03-18 11:50:00
1773834900000,9.56,9.56,9.56,9.56,0.0,2026-03-18 11:55:00
1773835200000,9.56,9.56,9.56,9.56,0.0,2026-03-18 12:00:00
1773835500000,9.53,9.53,9.52,9.52,0.94,2026-03-18 12:05:00
1773835800000,9.52,9.52,9.52,9.52,0.0,2026-03-18 12:10:00
1773836100000,9.52,9.52,9.52,9.52,0.0,2026-03-18 12:15:00
1773836400000,9.5,9.51,9.5,9.51,4.57,2026-03-18 12:20:00
1773836700000,9.51,9.51,9.51,9.51,0.0,2026-03-18 12:25:00
1773837000000,9.47,9.47,9.37,9.37,71.61,2026-03-18 12:30:00
1773837300000,9.37,9.37,9.37,9.37,0.0,2026-03-18 12:35:00
1773837600000,9.37,9.37,9.37,9.37,0.0,2026-03-18 12:40:00
1773837900000,9.4,9.4,9.4,9.4,5.39,2026-03-18 12:45:00
1773838200000,9.41,9.42,9.41,9.42,52.88,2026-03-18 12:50:00
1773838500000,9.42,9.42,9.42,9.42,0.0,2026-03-18 12:55:00
1773838800000,9.37,9.37,9.35,9.35,10.6,2026-03-18 13:00:00
1773839100000,9.41,9.41,9.41,9.41,16.69,2026-03-18 13:05:00
1773839400000,9.41,9.41,9.41,9.41,0.0,2026-03-18 13:10:00
1773839700000,9.41,9.41,9.41,9.41,0.0,2026-03-18 13:15:00
1773840000000,9.41,9.41,9.41,9.41,0.0,2026-03-18 13:20:00
1773840300000,9.41,9.41,9.41,9.41,0.0,2026-03-18 13:25:00
1773840600000,9.41,9.41,9.41,9.41,0.0,2026-03-18 13:30:00
1773840900000,9.41,9.41,9.41,9.41,7.84,2026-03-18 13:35:00
1773841200000,9.41,9.41,9.41,9.41,0.0,2026-03-18 13:40:00
1773841500000,9.41,9.41,9.41,9.41,0.0,2026-03-18 13:45:00
1773841800000,9.41,9.41,9.41,9.41,0.0,2026-03-18 13:50:00
1773842100000,9.41,9.41,9.41,9.41,0.0,2026-03-18 13:55:00
1773842400000,9.41,9.41,9.41,9.41,0.0,2026-03-18 14:00:00
1773842700000,9.41,9.41,9.41,9.41,0.0,2026-03-18 14:05:00
1773843000000,9.36,9.36,9.36,9.36,0.57,2026-03-18 14:10:00
1773843300000,9.36,9.36,9.36,9.36,0.0,2026-03-18 14:15:00
1773843600000,9.36,9.36,9.36,9.36,0.0,2026-03-18 14:20:00
1773843900000,9.33,9.33,9.31,9.31,55.65,2026-03-18 14:25:00
1773844200000,9.31,9.31,9.31,9.31,0.0,2026-03-18 14:30:00
1773844500000,9.31,9.31,9.31,9.31,0.0,2026-03-18 14:35:00
1773844800000,9.27,9.28,9.27,9.28,51.81,2026-03-18 14:40:00
1773845100000,9.28,9.28,9.28,9.28,0.0,2026-03-18 14:45:00
1773845400000,9.27,9.27,9.23,9.23,39.91,2026-03-18 14:50:00
1773845700000,9.22,9.22,9.22,9.22,6.04,2026-03-18 14:55:00
1773846000000,9.17,9.2,9.16,9.2,457.22,2026-03-18 15:00:00
1773846300000,9.2,9.24,9.13,9.24,1037.12,2026-03-18 15:05:00
1773846600000,9.18,9.18,9.18,9.18,5.02,2026-03-18 15:10:00
1773846900000,9.18,9.18,9.18,9.18,3.04,2026-03-18 15:15:00
1773847200000,9.18,9.18,9.18,9.18,0.0,2026-03-18 15:20:00
1773847500000,9.18,9.18,9.18,9.18,0.0,2026-03-18 15:25:00
1773847800000,9.18,9.18,9.18,9.18,0.0,2026-03-18 15:30:00
1773848100000,9.18,9.18,9.18,9.18,0.0,2026-03-18 15:35:00
1773848400000,9.18,9.18,9.18,9.18,0.0,2026-03-18 15:40:00
1773848700000,9.18,9.18,9.18,9.18,0.0,2026-03-18 15:45:00
1773849000000,9.18,9.18,9.18,9.18,0.0,2026-03-18 15:50:00
1773849300000,9.18,9.18,9.18,9.18,0.0,2026-03-18 15:55:00
1773849600000,9.18,9.18,9.18,9.18,0.0,2026-03-18 16:00:00
1773849900000,9.18,9.18,9.18,9.18,0.0,2026-03-18 16:05:00
1773850200000,9.17,9.17,9.17,9.17,0.65,2026-03-18 16:10:00
1773850500000,9.17,9.17,9.17,9.17,0.0,2026-03-18 16:15:00
1773850800000,9.17,9.17,9.17,9.17,0.0,2026-03-18 16:20:00
1773851100000,9.12,9.12,9.12,9.12,1.14,2026-03-18 16:25:00
1773851400000,9.12,9.12,9.12,9.12,0.0,2026-03-18 16:30:00
1773851700000,9.1,9.1,9.1,9.1,1.42,2026-03-18 16:35:00
1773852000000,9.1,9.1,9.1,9.1,0.0,2026-03-18 16:40:00
1773852300000,9.14,9.14,9.14,9.14,3.84,2026-03-18 16:45:00
1773852600000,9.14,9.14,9.14,9.14,0.0,2026-03-18 16:50:00
1773852900000,9.14,9.14,9.14,9.14,0.0,2026-03-18 16:55:00
1773853200000,9.14,9.14,9.14,9.14,0.0,2026-03-18 17:00:00
1773853500000,9.14,9.14,9.14,9.14,0.0,2026-03-18 17:05:00
1773853800000,9.14,9.14,9.14,9.14,0.0,2026-03-18 17:10:00
1773854100000,9.14,9.14,9.14,9.14,0.0,2026-03-18 17:15:00
1773854400000,9.17,9.17,9.17,9.17,0.66,2026-03-18 17:20:00
1773854700000,9.17,9.17,9.17,9.17,0.0,2026-03-18 17:25:00
1773855000000,9.17,9.17,9.17,9.17,0.0,2026-03-18 17:30:00
1773855300000,9.22,9.25,9.22,9.25,17.18,2026-03-18 17:35:00
1773855600000,9.25,9.25,9.25,9.25,0.0,2026-03-18 17:40:00
1773855900000,9.25,9.25,9.25,9.25,4.17,2026-03-18 17:45:00
1773856200000,9.2,9.2,9.2,9.2,8.97,2026-03-18 17:50:00
1773856500000,9.2,9.2,9.2,9.2,0.0,2026-03-18 17:55:00
1773856800000,9.23,9.3,9.23,9.3,19.29,2026-03-18 18:00:00
1773857100000,9.3,9.3,9.3,9.3,0.0,2026-03-18 18:05:00
1773857400000,9.3,9.3,9.3,9.3,0.0,2026-03-18 18:10:00
1773857700000,9.26,9.26,9.26,9.26,53.99,2026-03-18 18:15:00
1773858000000,9.26,9.26,9.26,9.26,0.0,2026-03-18 18:20:00
1773858300000,9.22,9.22,9.2,9.2,11.36,2026-03-18 18:25:00
1773858600000,9.23,9.23,9.23,9.23,9.32,2026-03-18 18:30:00
1773858900000,9.23,9.23,9.23,9.23,0.0,2026-03-18 18:35:00
1773859200000,9.23,9.23,9.23,9.23,0.0,2026-03-18 18:40:00
1773859500000,9.23,9.23,9.23,9.23,0.0,2026-03-18 18:45:00
1773859800000,9.23,9.23,9.23,9.23,0.0,2026-03-18 18:50:00
1773860100000,9.18,9.18,9.17,9.17,1.52,2026-03-18 18:55:00
1773860400000,9.17,9.17,9.17,9.17,0.0,2026-03-18 19:00:00
1773860700000,9.22,9.24,9.22,9.24,3.35,2026-03-18 19:05:00
1773861000000,9.24,9.24,9.21,9.21,145.5,2026-03-18 19:10:00
1773861300000,9.21,9.21,9.21,9.21,0.0,2026-03-18 19:15:00
1773861600000,9.21,9.21,9.21,9.21,0.0,2026-03-18 19:20:00
1773861900000,9.21,9.21,9.21,9.21,0.0,2026-03-18 19:25:00
1773862200000,9.21,9.21,9.21,9.21,0.0,2026-03-18 19:30:00
1773862500000,9.21,9.21,9.21,9.21,0.0,2026-03-18 19:35:00
1773862800000,9.21,9.21,9.21,9.21,0.0,2026-03-18 19:40:00
1773863100000,9.21,9.21,9.21,9.21,0.0,2026-03-18 19:45:00
1773863400000,9.21,9.21,9.21,9.21,0.0,2026-03-18 19:50:00
1773863700000,9.18,9.18,9.18,9.18,2.5,2026-03-18 19:55:00
1773864000000,9.18,9.18,9.18,9.18,0.0,2026-03-18 20:00:00
1773864300000,9.17,9.17,9.12,9.12,67.53,2026-03-18 20:05:00
1773864600000,9.1,9.1,9.1,9.1,29.66,2026-03-18 20:10:00
1773864900000,9.1,9.1,9.1,9.1,0.0,2026-03-18 20:15:00
1773865200000,9.1,9.1,9.1,9.1,0.0,2026-03-18 20:20:00
1773865500000,9.1,9.1,9.1,9.1,0.0,2026-03-18 20:25:00
1773865800000,9.17,9.17,9.17,9.17,0.66,2026-03-18 20:30:00
1773866100000,9.17,9.17,9.17,9.17,0.0,2026-03-18 20:35:00
1773866400000,9.17,9.17,9.17,9.17,0.0,2026-03-18 20:40:00
1773866700000,9.17,9.17,9.17,9.17,0.0,2026-03-18 20:45:00
1773867000000,9.22,9.22,9.22,9.22,0.65,2026-03-18 20:50:00
1773867300000,9.22,9.22,9.22,9.22,0.0,2026-03-18 20:55:00
1773867600000,9.22,9.22,9.22,9.22,0.0,2026-03-18 21:00:00
1773867900000,9.22,9.22,9.22,9.22,0.0,2026-03-18 21:05:00
1773868200000,9.22,9.22,9.22,9.22,0.0,2026-03-18 21:10:00
1773868500000,9.22,9.22,9.22,9.22,0.0,2026-03-18 21:15:00
1773868800000,9.22,9.22,9.22,9.22,0.0,2026-03-18 21:20:00
1773869100000,9.22,9.22,9.22,9.22,0.0,2026-03-18 21:25:00
1773869400000,9.22,9.22,9.22,9.22,0.0,2026-03-18 21:30:00
1773869700000,9.22,9.22,9.22,9.22,0.0,2026-03-18 21:35:00
1773870000000,9.22,9.22,9.22,9.22,0.0,2026-03-18 21:40:00
1773870300000,9.22,9.22,9.22,9.22,0.0,2026-03-18 21:45:00
1773870600000,9.22,9.22,9.22,9.22,0.0,2026-03-18 21:50:00
1773870900000,9.22,9.22,9.22,9.22,0.0,2026-03-18 21:55:00
1773871200000,9.22,9.22,9.22,9.22,0.0,2026-03-18 22:00:00
1773871500000,9.22,9.22,9.22,9.22,0.0,2026-03-18 22:05:00
1773871800000,9.22,9.22,9.22,9.22,0.0,2026-03-18 22:10:00
1773872100000,9.22,9.22,9.22,9.22,0.0,2026-03-18 22:15:00
1773872400000,9.22,9.22,9.22,9.22,0.0,2026-03-18 22:20:00
1773872700000,9.22,9.22,9.22,9.22,0.0,2026-03-18 22:25:00
1773873000000,9.22,9.22,9.22,9.22,0.0,2026-03-18 22:30:00
1773873300000,9.22,9.22,9.22,9.22,0.0,2026-03-18 22:35:00
1773873600000,9.22,9.22,9.22,9.22,0.0,2026-03-18 22:40:00
1773873900000,9.22,9.22,9.22,9.22,0.0,2026-03-18 22:45:00
1773874200000,9.22,9.22,9.22,9.22,0.0,2026-03-18 22:50:00
1773874500000,9.22,9.22,9.22,9.22,0.0,2026-03-18 22:55:00
1773874800000,9.22,9.22,9.22,9.22,0.0,2026-03-18 23:00:00
1773875100000,9.22,9.22,9.22,9.22,0.0,2026-03-18 23:05:00
1773875400000,9.22,9.22,9.22,9.22,0.0,2026-03-18 23:10:00
1773875700000,9.22,9.22,9.22,9.22,0.0,2026-03-18 23:15:00
1773876000000,9.22,9.22,9.22,9.22,0.0,2026-03-18 23:20:00
1773876300000,9.22,9.22,9.22,9.22,0.0,2026-03-18 23:25:00
1773876600000,9.22,9.22,9.22,9.22,0.0,2026-03-18 23:30:00
1773876900000,9.22,9.22,9.22,9.22,0.0,2026-03-18 23:35:00
1773877200000,9.24,9.24,9.24,9.24,5.4,2026-03-18 23:40:00
1773877500000,9.24,9.24,9.24,9.24,0.0,2026-03-18 23:45:00
1773877800000,9.21,9.21,9.21,9.21,2.1,2026-03-18 23:50:00
1773878100000,9.21,9.21,9.21,9.21,0.0,2026-03-18 23:55:00
1773878400000,9.21,9.21,9.21,9.21,113.17,2026-03-19 00:00:00
1773878700000,9.24,9.24,9.24,9.24,3.38,2026-03-19 00:05:00
1773879000000,9.24,9.24,9.24,9.24,0.0,2026-03-19 00:10:00
1773879300000,9.22,9.22,9.22,9.22,0.23,2026-03-19 00:15:00
1773879600000,9.22,9.23,9.22,9.22,38.67,2026-03-19 00:20:00
1773879900000,9.23,9.25,9.22,9.25,1.96,2026-03-19 00:25:00
1773880200000,9.25,9.25,9.25,9.25,0.17,2026-03-19 00:30:00
1773880500000,9.22,9.22,9.22,9.22,0.14,2026-03-19 00:35:00
1773880800000,9.22,9.22,9.22,9.22,0.0,2026-03-19 00:40:00
1773881100000,9.24,9.24,9.21,9.21,20.23,2026-03-19 00:45:00
1773881400000,9.21,9.21,9.21,9.21,0.0,2026-03-19 00:50:00
1773881700000,9.21,9.21,9.21,9.21,31.1,2026-03-19 00:55:00
1773882000000,9.21,9.21,9.21,9.21,0.0,2026-03-19 01:00:00
1773882300000,9.21,9.21,9.21,9.21,0.0,2026-03-19 01:05:00
1773882600000,9.21,9.21,9.21,9.21,0.0,2026-03-19 01:10:00
1773882900000,9.21,9.21,9.21,9.21,0.0,2026-03-19 01:15:00
1773883200000,9.21,9.21,9.21,9.21,0.0,2026-03-19 01:20:00
1773883500000,9.21,9.21,9.21,9.21,0.0,2026-03-19 01:25:00
1773883800000,9.21,9.21,9.21,9.21,0.0,2026-03-19 01:30:00
1773884100000,9.21,9.21,9.21,9.21,0.0,2026-03-19 01:35:00
1773884400000,9.21,9.21,9.21,9.21,0.0,2026-03-19 01:40:00
1773884700000,9.21,9.21,9.21,9.21,0.0,2026-03-19 01:45:00
1773885000000,9.21,9.21,9.21,9.21,0.0,2026-03-19 01:50:00
1773885300000,9.21,9.21,9.21,9.21,0.0,2026-03-19 01:55:00
1773885600000,9.21,9.21,9.21,9.21,0.0,2026-03-19 02:00:00
1773885900000,9.21,9.21,9.21,9.21,0.0,2026-03-19 02:05:00
1773886200000,9.21,9.21,9.21,9.21,0.0,2026-03-19 02:10:00
1773886500000,9.21,9.21,9.21,9.21,0.0,2026-03-19 02:15:00
1773886800000,9.21,9.21,9.21,9.21,0.0,2026-03-19 02:20:00
1773887100000,9.21,9.21,9.21,9.21,0.0,2026-03-19 02:25:00
1773887400000,9.21,9.21,9.21,9.21,0.0,2026-03-19 02:30:00
1773887700000,9.21,9.21,9.21,9.21,0.0,2026-03-19 02:35:00
1773888000000,9.21,9.21,9.21,9.21,0.0,2026-03-19 02:40:00
1773888300000,9.21,9.21,9.21,9.21,0.0,2026-03-19 02:45:00
1773888600000,9.21,9.21,9.21,9.21,0.0,2026-03-19 02:50:00
1773888900000,9.21,9.21,9.21,9.21,0.0,2026-03-19 02:55:00
1773889200000,9.21,9.21,9.21,9.21,0.0,2026-03-19 03:00:00
1773889500000,9.21,9.21,9.21,9.21,0.0,2026-03-19 03:05:00
1773889800000,9.21,9.21,9.21,9.21,0.0,2026-03-19 03:10:00
1773890100000,9.27,9.27,9.27,9.27,0.65,2026-03-19 03:15:00
1773890400000,9.3,9.3,9.3,9.3,10.75,2026-03-19 03:20:00
1773890700000,9.32,9.32,9.32,9.32,0.65,2026-03-19 03:25:00
1773891000000,9.3,9.3,9.3,9.3,1.22,2026-03-19 03:30:00
1773891300000,9.3,9.3,9.3,9.3,0.0,2026-03-19 03:35:00
1773891600000,9.27,9.27,9.27,9.27,0.65,2026-03-19 03:40:00
1773891900000,9.27,9.27,9.27,9.27,0.0,2026-03-19 03:45:00
1773892200000,9.27,9.27,9.27,9.27,0.0,2026-03-19 03:50:00
1773892500000,9.27,9.27,9.27,9.27,0.0,2026-03-19 03:55:00
1773892800000,9.27,9.27,9.27,9.27,0.0,2026-03-19 04:00:00
1773893100000,9.22,9.26,9.22,9.22,2.27,2026-03-19 04:05:00
1773893400000,9.23,9.23,9.23,9.23,1.62,2026-03-19 04:10:00
1773893700000,9.23,9.23,9.23,9.23,0.0,2026-03-19 04:15:00
1773894000000,9.23,9.23,9.23,9.23,0.0,2026-03-19 04:20:00
1773894300000,9.18,9.18,9.18,9.18,10.28,2026-03-19 04:25:00
1773894600000,9.18,9.18,9.18,9.18,0.0,2026-03-19 04:30:00
1773894900000,9.18,9.18,9.18,9.18,0.0,2026-03-19 04:35:00
1773895200000,9.18,9.18,9.18,9.18,0.0,2026-03-19 04:40:00
1773895500000,9.18,9.18,9.18,9.18,0.0,2026-03-19 04:45:00
1773895800000,9.18,9.18,9.18,9.18,0.0,2026-03-19 04:50:00
1773896100000,9.18,9.18,9.18,9.18,0.0,2026-03-19 04:55:00
1773896400000,9.18,9.18,9.18,9.18,0.0,2026-03-19 05:00:00
1773896700000,9.18,9.18,9.18,9.18,0.0,2026-03-19 05:05:00
1773897000000,9.18,9.18,9.18,9.18,0.0,2026-03-19 05:10:00
1773897300000,9.18,9.18,9.18,9.18,0.0,2026-03-19 05:15:00
1773897600000,9.18,9.18,9.18,9.18,0.0,2026-03-19 05:20:00
1773897900000,9.18,9.18,9.18,9.18,0.0,2026-03-19 05:25:00
1773898200000,9.18,9.18,9.18,9.18,0.0,2026-03-19 05:30:00
1773898500000,9.17,9.17,9.17,9.17,0.65,2026-03-19 05:35:00
1773898800000,9.17,9.17,9.17,9.17,0.0,2026-03-19 05:40:00
1773899100000,9.17,9.17,9.17,9.17,0.0,2026-03-19 05:45:00
1773899400000,9.17,9.17,9.17,9.17,0.0,2026-03-19 05:50:00
1773899700000,9.17,9.17,9.17,9.17,0.0,2026-03-19 05:55:00
1773900000000,9.17,9.17,9.17,9.17,0.0,2026-03-19 06:00:00
1773900300000,9.17,9.17,9.17,9.17,0.0,2026-03-19 06:05:00
1773900600000,9.17,9.17,9.17,9.17,0.0,2026-03-19 06:10:00
1773900900000,9.2,9.2,9.2,9.2,10.86,2026-03-19 06:15:00
1773901200000,9.2,9.2,9.2,9.2,0.0,2026-03-19 06:20:00
1773901500000,9.2,9.2,9.2,9.2,0.0,2026-03-19 06:25:00
1773901800000,9.15,9.2,9.15,9.17,1005.58,2026-03-19 06:30:00
1773902100000,9.17,9.17,9.17,9.17,0.0,2026-03-19 06:35:00
1773902400000,9.18,9.18,9.18,9.18,78.74,2026-03-19 06:40:00
1773902700000,9.18,9.18,9.18,9.18,0.0,2026-03-19 06:45:00
1773903000000,9.18,9.18,9.18,9.18,0.0,2026-03-19 06:50:00
1773903300000,9.18,9.18,9.18,9.18,0.0,2026-03-19 06:55:00
1773903600000,9.18,9.18,9.18,9.18,0.0,2026-03-19 07:00:00
1773903900000,9.18,9.18,9.18,9.18,0.0,2026-03-19 07:05:00
1773904200000,9.12,9.12,9.12,9.12,0.66,2026-03-19 07:10:00
1773904500000,9.09,9.09,9.09,9.09,4.38,2026-03-19 07:15:00
1773904800000,9.08,9.08,9.06,9.06,22.71,2026-03-19 07:20:00
1773905100000,9.06,9.06,9.06,9.06,0.0,2026-03-19 07:25:00
1773905400000,9.06,9.06,9.06,9.06,0.0,2026-03-19 07:30:00
1773905700000,9.12,9.12,9.12,9.12,0.65,2026-03-19 07:35:00
1773906000000,9.12,9.14,9.12,9.14,18.57,2026-03-19 07:40:00
1773906300000,9.14,9.14,9.14,9.14,0.0,2026-03-19 07:45:00
1773906600000,9.14,9.14,9.14,9.14,0.0,2026-03-19 07:50:00
1773906900000,9.14,9.14,9.14,9.14,0.0,2026-03-19 07:55:00
1773907200000,9.14,9.14,9.14,9.14,0.0,2026-03-19 08:00:00
1773907500000,9.14,9.14,9.14,9.14,0.0,2026-03-19 08:05:00
1773907800000,9.14,9.14,9.14,9.14,0.0,2026-03-19 08:10:00
1773908100000,9.14,9.14,9.14,9.14,0.0,2026-03-19 08:15:00
1773908400000,9.14,9.14,9.14,9.14,0.0,2026-03-19 08:20:00
1773908700000,9.14,9.14,9.14,9.14,0.0,2026-03-19 08:25:00
1773909000000,9.14,9.14,9.14,9.14,0.0,2026-03-19 08:30:00
1773909300000,9.14,9.14,9.14,9.14,0.0,2026-03-19 08:35:00
1773909600000,9.14,9.14,9.14,9.14,0.0,2026-03-19 08:40:00
1773909900000,9.14,9.14,9.14,9.14,0.0,2026-03-19 08:45:00
1773910200000,9.14,9.14,9.14,9.14,0.0,2026-03-19 08:50:00
1773910500000,9.14,9.14,9.14,9.14,0.0,2026-03-19 08:55:00
1773910800000,9.14,9.14,9.14,9.14,0.0,2026-03-19 09:00:00
1773911100000,9.14,9.14,9.14,9.14,0.0,2026-03-19 09:05:00
1773911400000,9.14,9.14,9.14,9.14,0.0,2026-03-19 09:10:00
1773911700000,9.14,9.14,9.14,9.14,0.0,2026-03-19 09:15:00
1773912000000,9.11,9.16,9.11,9.16,3.14,2026-03-19 09:20:00
1773912300000,9.16,9.16,9.16,9.16,0.0,2026-03-19 09:25:00
1773912600000,9.16,9.16,9.16,9.16,0.0,2026-03-19 09:30:00
1773912900000,9.16,9.16,9.16,9.16,0.0,2026-03-19 09:35:00
1773913200000,9.16,9.16,9.16,9.16,0.0,2026-03-19 09:40:00
1773913500000,9.16,9.16,9.16,9.16,0.0,2026-03-19 09:45:00
1773913800000,9.16,9.16,9.16,9.16,0.0,2026-03-19 09:50:00
1773914100000,9.16,9.16,9.16,9.16,0.0,2026-03-19 09:55:00
1773914400000,9.16,9.16,9.16,9.16,0.0,2026-03-19 10:00:00
1773914700000,9.16,9.16,9.16,9.16,0.0,2026-03-19 10:05:00
1773915000000,9.16,9.16,9.16,9.16,0.0,2026-03-19 10:10:00
1773915300000,9.16,9.16,9.16,9.16,0.0,2026-03-19 10:15:00
1773915600000,9.16,9.16,9.16,9.16,0.0,2026-03-19 10:20:00
1773915900000,9.16,9.16,9.16,9.16,0.0,2026-03-19 10:25:00
1773916200000,9.16,9.16,9.16,9.16,0.0,2026-03-19 10:30:00
1773916500000,9.16,9.16,9.16,9.16,0.0,2026-03-19 10:35:00
1773916800000,9.16,9.16,9.16,9.16,0.0,2026-03-19 10:40:00
1773917100000,9.16,9.16,9.16,9.16,0.0,2026-03-19 10:45:00
1773917400000,9.16,9.16,9.16,9.16,0.0,2026-03-19 10:50:00
1773917700000,9.16,9.16,9.16,9.16,0.0,2026-03-19 10:55:00
1773918000000,9.16,9.16,9.16,9.16,0.0,2026-03-19 11:00:00
1773918300000,9.16,9.16,9.16,9.16,0.0,2026-03-19 11:05:00
1773918600000,9.16,9.16,9.16,9.16,0.0,2026-03-19 11:10:00
1773918900000,9.16,9.16,9.16,9.16,0.0,2026-03-19 11:15:00
1773919200000,9.16,9.16,9.16,9.16,0.0,2026-03-19 11:20:00
1773919500000,9.16,9.16,9.16,9.16,0.0,2026-03-19 11:25:00
1773919800000,9.16,9.16,9.16,9.16,0.0,2026-03-19 11:30:00
1773920100000,9.16,9.16,9.16,9.16,0.0,2026-03-19 11:35:00
1773920400000,9.16,9.16,9.16,9.16,0.0,2026-03-19 11:40:00
1773920700000,9.16,9.16,9.16,9.16,0.0,2026-03-19 11:45:00
1773921000000,9.16,9.16,9.16,9.16,0.0,2026-03-19 11:50:00
1773921300000,9.16,9.16,9.16,9.16,0.0,2026-03-19 11:55:00
1773921600000,9.16,9.16,9.16,9.16,0.0,2026-03-19 12:00:00
1773921900000,9.16,9.16,9.16,9.16,0.0,2026-03-19 12:05:00
1773922200000,9.16,9.16,9.16,9.16,0.0,2026-03-19 12:10:00
1773922500000,9.07,9.07,9.07,9.07,0.66,2026-03-19 12:15:00
1773922800000,9.05,9.06,9.02,9.06,130.78,2026-03-19 12:20:00
1773923100000,9.06,9.06,9.06,9.06,0.0,2026-03-19 12:25:00
1773923400000,9.02,9.02,9.02,9.02,28.01,2026-03-19 12:30:00
1773923700000,9.02,9.02,9.02,9.02,3.36,2026-03-19 12:35:00
1773924000000,9.02,9.02,9.02,9.02,0.0,2026-03-19 12:40:00
1773924300000,9.01,9.01,9.01,9.01,149.65,2026-03-19 12:45:00
1773924600000,9.0,9.0,8.97,8.97,77.15,2026-03-19 12:50:00
1773924900000,8.97,8.97,8.97,8.97,0.0,2026-03-19 12:55:00
1773925200000,8.96,8.96,8.95,8.96,43.23,2026-03-19 13:00:00
1773925500000,8.96,8.96,8.96,8.96,0.0,2026-03-19 13:05:00
1773925800000,8.97,8.97,8.96,8.96,33.91,2026-03-19 13:10:00
1773926100000,8.93,8.93,8.93,8.93,11.17,2026-03-19 13:15:00
1773926400000,8.96,8.96,8.96,8.96,2.21,2026-03-19 13:20:00
1773926700000,8.96,8.96,8.96,8.96,0.0,2026-03-19 13:25:00
1773927000000,8.96,8.96,8.96,8.96,0.0,2026-03-19 13:30:00
1773927300000,8.96,8.96,8.96,8.96,0.0,2026-03-19 13:35:00
1773927600000,8.96,8.96,8.96,8.96,0.0,2026-03-19 13:40:00
1773927900000,8.98,8.98,8.98,8.98,8.8,2026-03-19 13:45:00
1773928200000,8.99,9.0,8.99,9.0,59.34,2026-03-19 13:50:00
1773928500000,9.0,9.0,9.0,9.0,0.0,2026-03-19 13:55:00
1773928800000,9.0,9.0,9.0,9.0,0.0,2026-03-19 14:00:00
1773929100000,9.0,9.0,9.0,9.0,0.0,2026-03-19 14:05:00
1773929400000,9.0,9.0,9.0,9.0,0.59,2026-03-19 14:10:00
1773929700000,9.0,9.0,9.0,9.0,0.0,2026-03-19 14:15:00
1773930000000,9.0,9.0,9.0,9.0,0.0,2026-03-19 14:20:00
1773930300000,8.94,8.94,8.94,8.94,55.78,2026-03-19 14:25:00
1773930600000,8.92,8.92,8.92,8.92,15.83,2026-03-19 14:30:00
1773930900000,8.91,8.91,8.91,8.91,0.67,2026-03-19 14:35:00
1773931200000,8.94,8.94,8.94,8.94,24.62,2026-03-19 14:40:00
1773931500000,8.94,8.94,8.94,8.94,0.0,2026-03-19 14:45:00
1773931800000,8.95,8.95,8.95,8.95,8.8,2026-03-19 14:50:00
1773932100000,8.95,8.95,8.95,8.95,0.0,2026-03-19 14:55:00
1773932400000,8.95,8.95,8.95,8.95,0.0,2026-03-19 15:00:00
1773932700000,8.97,9.0,8.97,9.0,6.21,2026-03-19 15:05:00
1773933000000,9.0,9.0,9.0,9.0,0.0,2026-03-19 15:10:00
1773933300000,8.95,8.95,8.95,8.95,8.55,2026-03-19 15:15:00
1773933600000,8.95,8.95,8.95,8.95,0.0,2026-03-19 15:20:00
1773933900000,8.94,8.94,8.94,8.94,2.03,2026-03-19 15:25:00
1773934200000,8.94,8.94,8.94,8.94,0.0,2026-03-19 15:30:00
1773934500000,8.94,8.94,8.94,8.94,0.0,2026-03-19 15:35:00
1773934800000,8.94,8.94,8.94,8.94,0.0,2026-03-19 15:40:00
1773935100000,8.91,8.91,8.91,8.91,1.67,2026-03-19 15:45:00
1773935400000,8.91,8.91,8.91,8.91,0.0,2026-03-19 15:50:00
1773935700000,8.91,8.91,8.91,8.91,0.0,2026-03-19 15:55:00
1773936000000,8.91,8.91,8.91,8.91,0.0,2026-03-19 16:00:00
1773936300000,8.91,8.91,8.91,8.91,0.0,2026-03-19 16:05:00
1773936600000,8.91,8.91,8.91,8.91,0.0,2026-03-19 16:10:00
1773936900000,8.91,8.91,8.91,8.91,0.0,2026-03-19 16:15:00
1773937200000,8.91,8.91,8.91,8.91,0.0,2026-03-19 16:20:00
1773937500000,8.91,8.91,8.91,8.91,0.0,2026-03-19 16:25:00
1773937800000,8.91,8.91,8.91,8.91,0.0,2026-03-19 16:30:00
1773938100000,8.91,8.91,8.91,8.91,0.0,2026-03-19 16:35:00
1773938400000,8.91,8.91,8.91,8.91,0.0,2026-03-19 16:40:00
1773938700000,8.91,8.91,8.91,8.91,0.0,2026-03-19 16:45:00
1773939000000,8.91,8.91,8.91,8.91,0.0,2026-03-19 16:50:00
1773939300000,8.91,8.91,8.91,8.91,0.0,2026-03-19 16:55:00
1773939600000,8.91,8.91,8.91,8.91,0.0,2026-03-19 17:00:00
1773939900000,8.91,8.91,8.91,8.91,0.0,2026-03-19 17:05:00
1773940200000,8.92,8.93,8.92,8.93,5.57,2026-03-19 17:10:00
1773940500000,8.93,8.93,8.93,8.93,0.0,2026-03-19 17:15:00
1773940800000,8.97,9.0,8.97,9.0,6.25,2026-03-19 17:20:00
1773941100000,9.0,9.0,9.0,9.0,0.0,2026-03-19 17:25:00
1773941400000,9.0,9.0,9.0,9.0,0.0,2026-03-19 17:30:00
1773941700000,9.0,9.0,9.0,9.0,0.0,2026-03-19 17:35:00
1773942000000,9.0,9.0,9.0,9.0,0.0,2026-03-19 17:40:00
1773942300000,9.0,9.0,9.0,9.0,0.0,2026-03-19 17:45:00
1773942600000,9.0,9.0,9.0,9.0,0.0,2026-03-19 17:50:00
1773942900000,9.0,9.0,9.0,9.0,0.0,2026-03-19 17:55:00
1773943200000,9.0,9.0,9.0,9.0,0.0,2026-03-19 18:00:00
1773943500000,9.0,9.0,9.0,9.0,0.0,2026-03-19 18:05:00
1773943800000,9.0,9.0,9.0,9.0,0.0,2026-03-19 18:10:00
1773944100000,9.0,9.0,9.0,9.0,0.0,2026-03-19 18:15:00
1773944400000,9.0,9.0,9.0,9.0,0.0,2026-03-19 18:20:00
1773944700000,9.0,9.0,9.0,9.0,0.0,2026-03-19 18:25:00
1773945000000,9.0,9.0,9.0,9.0,0.0,2026-03-19 18:30:00
1773945300000,9.0,9.0,9.0,9.0,0.0,2026-03-19 18:35:00
1773945600000,9.0,9.0,9.0,9.0,0.0,2026-03-19 18:40:00
1773945900000,9.0,9.0,9.0,9.0,0.0,2026-03-19 18:45:00
1773946200000,9.0,9.0,9.0,9.0,0.0,2026-03-19 18:50:00
1773946500000,9.0,9.0,9.0,9.0,0.0,2026-03-19 18:55:00
1773946800000,9.0,9.02,9.0,9.02,10.59,2026-03-19 19:00:00
1773947100000,9.05,9.05,9.04,9.04,9.55,2026-03-19 19:05:00
1773947400000,9.07,9.07,9.07,9.07,0.66,2026-03-19 19:10:00
1773947700000,9.07,9.07,9.07,9.07,0.0,2026-03-19 19:15:00
1773948000000,9.07,9.07,9.07,9.07,0.0,2026-03-19 19:20:00
1773948300000,9.07,9.07,9.07,9.07,0.0,2026-03-19 19:25:00
1773948600000,9.07,9.07,9.07,9.07,0.0,2026-03-19 19:30:00
1773948900000,9.07,9.07,9.07,9.07,0.0,2026-03-19 19:35:00
1773949200000,9.07,9.07,9.07,9.07,0.0,2026-03-19 19:40:00
1773949500000,9.07,9.07,9.07,9.07,0.0,2026-03-19 19:45:00
1773949800000,9.07,9.07,9.07,9.07,0.0,2026-03-19 19:50:00
1773950100000,9.07,9.07,9.07,9.07,0.0,2026-03-19 19:55:00
1773950400000,9.07,9.07,9.07,9.07,0.0,2026-03-19 20:00:00
1773950700000,9.07,9.07,9.07,9.07,0.0,2026-03-19 20:05:00
1773951000000,9.07,9.07,9.07,9.07,0.0,2026-03-19 20:10:00
1773951300000,9.07,9.07,9.07,9.07,0.0,2026-03-19 20:15:00
1773951600000,9.07,9.07,9.07,9.07,0.0,2026-03-19 20:20:00
1773951900000,9.07,9.07,9.07,9.07,0.0,2026-03-19 20:25:00
1773952200000,9.07,9.07,9.07,9.07,0.0,2026-03-19 20:30:00
1773952500000,9.07,9.07,9.07,9.07,0.0,2026-03-19 20:35:00
1773952800000,9.07,9.07,9.07,9.07,0.0,2026-03-19 20:40:00
1773953100000,9.07,9.07,9.07,9.07,0.0,2026-03-19 20:45:00
1773953400000,9.05,9.05,9.05,9.05,9.94,2026-03-19 20:50:00
1773953700000,9.06,9.06,9.06,9.06,1.32,2026-03-19 20:55:00
1773954000000,9.05,9.05,9.05,9.05,1.32,2026-03-19 21:00:00
1773954300000,9.07,9.07,9.05,9.05,2.64,2026-03-19 21:05:00
1773954600000,9.09,9.09,9.09,9.09,1.32,2026-03-19 21:10:00
1773954900000,9.08,9.08,9.08,9.08,13.2,2026-03-19 21:15:00
1773955200000,9.08,9.08,9.08,9.08,0.0,2026-03-19 21:20:00
1773955500000,9.08,9.08,9.08,9.08,0.0,2026-03-19 21:25:00
1773955800000,9.08,9.08,9.08,9.08,0.0,2026-03-19 21:30:00
1773956100000,9.08,9.08,9.08,9.08,0.0,2026-03-19 21:35:00
1773956400000,9.08,9.08,9.08,9.08,0.0,2026-03-19 21:40:00
1773956700000,9.08,9.08,9.08,9.08,0.0,2026-03-19 21:45:00
1773957000000,9.08,9.08,9.08,9.08,0.0,2026-03-19 21:50:00
1773957300000,9.08,9.08,9.08,9.08,0.0,2026-03-19 21:55:00
1773957600000,9.08,9.08,9.08,9.08,9.37,2026-03-19 22:00:00
1773957900000,9.08,9.08,9.08,9.08,0.0,2026-03-19 22:05:00
1773958200000,9.08,9.08,9.08,9.08,0.0,2026-03-19 22:10:00
1773958500000,9.08,9.08,9.08,9.08,0.0,2026-03-19 22:15:00
1773958800000,9.08,9.08,9.08,9.08,0.0,2026-03-19 22:20:00
1773959100000,9.08,9.08,9.08,9.08,0.0,2026-03-19 22:25:00
1773959400000,9.08,9.08,9.08,9.08,0.0,2026-03-19 22:30:00
1773959700000,9.04,9.04,9.04,9.04,11.03,2026-03-19 22:35:00
1773960000000,9.04,9.04,9.04,9.04,0.0,2026-03-19 22:40:00
1773960300000,9.04,9.04,9.04,9.04,0.0,2026-03-19 22:45:00
1773960600000,9.04,9.04,9.04,9.04,0.0,2026-03-19 22:50:00
1773960900000,9.04,9.04,9.04,9.04,0.0,2026-03-19 22:55:00
1773961200000,9.04,9.04,9.04,9.04,0.0,2026-03-19 23:00:00
1773961500000,9.04,9.04,9.04,9.04,0.0,2026-03-19 23:05:00
1773961800000,9.04,9.04,9.04,9.04,0.0,2026-03-19 23:10:00
1773962100000,9.04,9.04,9.04,9.04,0.0,2026-03-19 23:15:00
1773962400000,9.05,9.05,9.05,9.05,3.0,2026-03-19 23:20:00
1773962700000,9.05,9.05,9.05,9.05,0.0,2026-03-19 23:25:00
1773963000000,9.05,9.05,9.05,9.05,0.0,2026-03-19 23:30:00
1773963300000,9.05,9.05,9.05,9.05,0.0,2026-03-19 23:35:00
1773963600000,9.05,9.05,9.05,9.05,0.0,2026-03-19 23:40:00
1773963900000,9.05,9.05,9.05,9.05,0.0,2026-03-19 23:45:00
1773964200000,9.05,9.05,9.05,9.05,0.0,2026-03-19 23:50:00
1773964500000,9.05,9.05,9.05,9.05,0.0,2026-03-19 23:55:00
1773964800000,9.05,9.05,9.05,9.05,0.0,2026-03-20 00:00:00
1773965100000,9.05,9.05,9.05,9.05,0.0,2026-03-20 00:05:00
1773965400000,9.05,9.05,9.05,9.05,0.0,2026-03-20 00:10:00
1773965700000,9.08,9.1,9.08,9.1,13.78,2026-03-20 00:15:00
1773966000000,9.1,9.1,9.07,9.07,2.3,2026-03-20 00:20:00
1773966300000,9.08,9.09,9.08,9.08,1.32,2026-03-20 00:25:00
1773966600000,9.08,9.08,9.08,9.08,0.0,2026-03-20 00:30:00
1773966900000,9.08,9.09,9.08,9.09,0.52,2026-03-20 00:35:00
1773967200000,9.09,9.09,9.09,9.09,0.16,2026-03-20 00:40:00
1773967500000,9.09,9.09,9.09,9.09,0.0,2026-03-20 00:45:00
1773967800000,9.09,9.09,9.09,9.09,4.77,2026-03-20 00:50:00
1773968100000,9.09,9.09,9.09,9.09,0.0,2026-03-20 00:55:00
1773968400000,9.09,9.09,9.09,9.09,0.0,2026-03-20 01:00:00
1773968700000,9.09,9.09,9.09,9.09,0.0,2026-03-20 01:05:00
1773969000000,9.12,9.12,9.12,9.12,86.77,2026-03-20 01:10:00
1773969300000,9.12,9.12,9.12,9.12,0.0,2026-03-20 01:15:00
1773969600000,9.12,9.12,9.12,9.12,0.0,2026-03-20 01:20:00
1773969900000,9.12,9.12,9.12,9.12,0.0,2026-03-20 01:25:00
1773970200000,9.12,9.12,9.12,9.12,0.0,2026-03-20 01:30:00
1773970500000,9.13,9.13,9.13,9.13,10.95,2026-03-20 01:35:00
1773970800000,9.13,9.13,9.13,9.13,0.0,2026-03-20 01:40:00
1773971100000,9.13,9.13,9.13,9.13,0.0,2026-03-20 01:45:00
1773971400000,9.13,9.13,9.13,9.13,0.0,2026-03-20 01:50:00
1773971700000,9.13,9.13,9.13,9.13,0.0,2026-03-20 01:55:00
1773972000000,9.11,9.11,9.11,9.11,14.72,2026-03-20 02:00:00
1773972300000,9.11,9.11,9.11,9.11,0.0,2026-03-20 02:05:00
1773972600000,9.11,9.11,9.11,9.11,0.0,2026-03-20 02:10:00
1773972900000,9.09,9.09,9.09,9.09,6.5,2026-03-20 02:15:00
1773973200000,9.09,9.09,9.09,9.09,0.0,2026-03-20 02:20:00
1773973500000,9.09,9.09,9.09,9.09,0.0,2026-03-20 02:25:00
1773973800000,9.09,9.09,9.07,9.07,52.04,2026-03-20 02:30:00
1773974100000,9.07,9.07,9.07,9.07,0.0,2026-03-20 02:35:00
1773974400000,9.07,9.07,9.07,9.07,0.0,2026-03-20 02:40:00
1773974700000,9.07,9.07,9.07,9.07,0.0,2026-03-20 02:45:00
1773975000000,9.07,9.07,9.07,9.07,0.0,2026-03-20 02:50:00
1773975300000,9.07,9.07,9.07,9.07,0.0,2026-03-20 02:55:00
1773975600000,9.07,9.07,9.07,9.07,0.0,2026-03-20 03:00:00
1773975900000,9.11,9.11,9.11,9.11,0.49,2026-03-20 03:05:00
1773976200000,9.11,9.11,9.11,9.11,0.0,2026-03-20 03:10:00
1773976500000,9.11,9.11,9.11,9.11,0.0,2026-03-20 03:15:00
1773976800000,9.11,9.11,9.11,9.11,0.0,2026-03-20 03:20:00
1773977100000,9.11,9.11,9.11,9.11,0.0,2026-03-20 03:25:00
1773977400000,9.12,9.12,9.12,9.12,0.66,2026-03-20 03:30:00
1773977700000,9.12,9.12,9.12,9.12,0.0,2026-03-20 03:35:00
1773978000000,9.12,9.12,9.12,9.12,0.0,2026-03-20 03:40:00
1773978300000,9.12,9.12,9.12,9.12,0.0,2026-03-20 03:45:00
1773978600000,9.12,9.12,9.12,9.12,5.3,2026-03-20 03:50:00
1773978900000,9.12,9.12,9.12,9.12,0.0,2026-03-20 03:55:00
1773979200000,9.12,9.12,9.12,9.12,0.0,2026-03-20 04:00:00
1773979500000,9.15,9.15,9.15,9.15,1.63,2026-03-20 04:05:00
1773979800000,9.15,9.15,9.15,9.15,0.0,2026-03-20 04:10:00
1773980100000,9.15,9.15,9.15,9.15,0.0,2026-03-20 04:15:00
1773980400000,9.15,9.15,9.15,9.15,0.0,2026-03-20 04:20:00
1773980700000,9.15,9.15,9.15,9.15,0.0,2026-03-20 04:25:00
1773981000000,9.15,9.15,9.15,9.15,0.0,2026-03-20 04:30:00
1773981300000,9.15,9.15,9.15,9.15,0.0,2026-03-20 04:35:00
1773981600000,9.15,9.15,9.15,9.15,0.0,2026-03-20 04:40:00
1773981900000,9.15,9.15,9.15,9.15,0.0,2026-03-20 04:45:00
1773982200000,9.15,9.15,9.15,9.15,0.0,2026-03-20 04:50:00
1773982500000,9.15,9.15,9.15,9.15,0.0,2026-03-20 04:55:00
1773982800000,9.15,9.15,9.15,9.15,0.0,2026-03-20 05:00:00
1773983100000,9.15,9.15,9.15,9.15,0.0,2026-03-20 05:05:00
1773983400000,9.15,9.15,9.15,9.15,0.0,2026-03-20 05:10:00
1773983700000,9.15,9.15,9.15,9.15,0.0,2026-03-20 05:15:00
1773984000000,9.15,9.15,9.15,9.15,0.0,2026-03-20 05:20:00
1773984300000,9.15,9.15,9.15,9.15,0.0,2026-03-20 05:25:00
1773984600000,9.15,9.15,9.15,9.15,0.0,2026-03-20 05:30:00
1773984900000,9.12,9.12,9.12,9.12,7.63,2026-03-20 05:35:00
1773985200000,9.12,9.12,9.12,9.12,0.0,2026-03-20 05:40:00
1773985500000,9.12,9.12,9.12,9.12,0.0,2026-03-20 05:45:00
1773985800000,9.12,9.12,9.12,9.12,0.0,2026-03-20 05:50:00
1773986100000,9.12,9.12,9.12,9.12,0.0,2026-03-20 05:55:00
1773986400000,9.12,9.12,9.12,9.12,0.0,2026-03-20 06:00:00
1773986700000,9.12,9.12,9.12,9.12,10.96,2026-03-20 06:05:00
1773987000000,9.12,9.13,9.12,9.13,10.96,2026-03-20 06:10:00
1773987300000,9.12,9.12,9.12,9.12,10.95,2026-03-20 06:15:00
1773987600000,9.09,9.09,9.09,9.09,10.95,2026-03-20 06:20:00
1773987900000,9.09,9.09,9.09,9.09,0.0,2026-03-20 06:25:00
1773988200000,9.11,9.12,9.11,9.12,11.0,2026-03-20 06:30:00
1773988500000,9.12,9.12,9.12,9.12,0.0,2026-03-20 06:35:00
1773988800000,9.09,9.09,9.09,9.09,0.41,2026-03-20 06:40:00
1773989100000,9.09,9.09,9.09,9.09,0.0,2026-03-20 06:45:00
1773989400000,9.1,9.1,9.1,9.1,8.31,2026-03-20 06:50:00
1773989700000,9.1,9.1,9.1,9.1,0.0,2026-03-20 06:55:00
1773990000000,9.07,9.07,9.04,9.04,22.72,2026-03-20 07:00:00
1773990300000,9.07,9.07,9.07,9.07,11.06,2026-03-20 07:05:00
1773990600000,9.07,9.07,9.07,9.07,0.0,2026-03-20 07:10:00
1773990900000,9.07,9.07,9.07,9.07,0.0,2026-03-20 07:15:00
1773991200000,9.07,9.07,9.07,9.07,0.0,2026-03-20 07:20:00
1773991500000,9.07,9.07,9.07,9.07,0.0,2026-03-20 07:25:00
1773991800000,9.08,9.08,9.08,9.08,9.32,2026-03-20 07:30:00
1773992100000,9.11,9.11,9.11,9.11,7.82,2026-03-20 07:35:00
1773992400000,9.11,9.11,9.11,9.11,0.0,2026-03-20 07:40:00
1773992700000,9.12,9.12,9.12,9.12,0.66,2026-03-20 07:45:00
1773993000000,9.12,9.12,9.12,9.12,0.0,2026-03-20 07:50:00
1773993300000,9.12,9.12,9.12,9.12,0.0,2026-03-20 07:55:00
1773993600000,9.12,9.12,9.12,9.12,0.0,2026-03-20 08:00:00
1773993900000,9.12,9.12,9.12,9.12,0.0,2026-03-20 08:05:00
1773994200000,9.17,9.2,9.17,9.2,26.09,2026-03-20 08:10:00
1773994500000,9.2,9.2,9.2,9.2,0.0,2026-03-20 08:15:00
1773994800000,9.2,9.2,9.2,9.2,0.0,2026-03-20 08:20:00
1773995100000,9.2,9.2,9.2,9.2,0.0,2026-03-20 08:25:00
1773995400000,9.2,9.2,9.2,9.2,0.0,2026-03-20 08:30:00
1773995700000,9.2,9.2,9.2,9.2,0.0,2026-03-20 08:35:00
1773996000000,9.17,9.17,9.17,9.17,10.88,2026-03-20 08:40:00
1773996300000,9.17,9.17,9.17,9.17,0.0,2026-03-20 08:45:00
1773996600000,9.17,9.17,9.17,9.17,0.0,2026-03-20 08:50:00
1773996900000,9.17,9.17,9.17,9.17,0.0,2026-03-20 08:55:00
1773997200000,9.17,9.17,9.17,9.17,0.0,2026-03-20 09:00:00
1773997500000,9.17,9.17,9.17,9.17,0.0,2026-03-20 09:05:00
1773997800000,9.17,9.17,9.17,9.17,0.0,2026-03-20 09:10:00
1773998100000,9.12,9.12,9.12,9.12,0.66,2026-03-20 09:15:00
1773998400000,9.08,9.08,9.07,9.07,15.53,2026-03-20 09:20:00
1773998700000,9.07,9.07,9.07,9.07,0.0,2026-03-20 09:25:00
1773999000000,9.07,9.07,9.07,9.07,0.0,2026-03-20 09:30:00
1773999300000,9.07,9.07,9.07,9.07,0.0,2026-03-20 09:35:00
1773999600000,9.11,9.11,9.11,9.11,6.02,2026-03-20 09:40:00
1773999900000,9.11,9.11,9.11,9.11,0.0,2026-03-20 09:45:00
1774000200000,9.11,9.11,9.11,9.11,0.0,2026-03-20 09:50:00
1774000500000,9.11,9.11,9.11,9.11,0.0,2026-03-20 09:55:00
1774000800000,9.11,9.11,9.11,9.11,0.0,2026-03-20 10:00:00
1774001100000,9.11,9.11,9.11,9.11,0.0,2026-03-20 10:05:00
1774001400000,9.11,9.11,9.11,9.11,0.0,2026-03-20 10:10:00
1774001700000,9.11,9.11,9.11,9.11,0.0,2026-03-20 10:15:00
1774002000000,9.11,9.11,9.11,9.11,0.0,2026-03-20 10:20:00
1774002300000,9.11,9.11,9.11,9.11,0.0,2026-03-20 10:25:00
1774002600000,9.11,9.11,9.11,9.11,0.0,2026-03-20 10:30:00
1774002900000,9.11,9.11,9.11,9.11,0.0,2026-03-20 10:35:00
1774003200000,9.12,9.12,9.12,9.12,0.66,2026-03-20 10:40:00
1774003500000,9.12,9.12,9.12,9.12,0.0,2026-03-20 10:45:00
1774003800000,9.12,9.12,9.12,9.12,0.0,2026-03-20 10:50:00
1774004100000,9.12,9.12,9.12,9.12,0.0,2026-03-20 10:55:00
1774004400000,9.12,9.12,9.12,9.12,0.0,2026-03-20 11:00:00
1774004700000,9.1,9.1,9.1,9.1,11.06,2026-03-20 11:05:00
1774005000000,9.14,9.14,9.14,9.14,10.98,2026-03-20 11:10:00
1774005300000,9.14,9.14,9.14,9.14,0.0,2026-03-20 11:15:00
1774005600000,9.14,9.14,9.14,9.14,0.0,2026-03-20 11:20:00
1774005900000,9.14,9.14,9.14,9.14,0.0,2026-03-20 11:25:00
1774006200000,9.14,9.14,9.14,9.14,0.0,2026-03-20 11:30:00
1774006500000,9.07,9.07,9.07,9.07,0.66,2026-03-20 11:35:00
1774006800000,9.07,9.07,9.07,9.07,0.0,2026-03-20 11:40:00
1774007100000,9.07,9.07,9.07,9.07,0.0,2026-03-20 11:45:00
1774007400000,9.07,9.07,9.07,9.07,0.0,2026-03-20 11:50:00
1774007700000,9.07,9.07,9.07,9.07,0.0,2026-03-20 11:55:00
1774008000000,9.07,9.07,9.07,9.07,0.0,2026-03-20 12:00:00
1774008300000,9.07,9.07,9.07,9.07,0.0,2026-03-20 12:05:00
1774008600000,9.07,9.07,9.07,9.07,0.0,2026-03-20 12:10:00
1774008900000,9.07,9.07,9.07,9.07,0.0,2026-03-20 12:15:00
1774009200000,9.07,9.07,9.07,9.07,0.0,2026-03-20 12:20:00
1774009500000,9.07,9.07,9.07,9.07,0.0,2026-03-20 12:25:00
1774009800000,9.07,9.07,9.07,9.07,0.0,2026-03-20 12:30:00
1774010100000,9.07,9.07,9.07,9.07,0.0,2026-03-20 12:35:00
1774010400000,9.07,9.07,9.07,9.07,0.0,2026-03-20 12:40:00
1774010700000,9.07,9.07,9.07,9.07,0.0,2026-03-20 12:45:00
1774011000000,9.07,9.07,9.07,9.07,0.0,2026-03-20 12:50:00
1774011300000,9.07,9.07,9.07,9.07,0.0,2026-03-20 12:55:00
1774011600000,9.08,9.09,9.08,9.08,6.91,2026-03-20 13:00:00
1774011900000,9.1,9.1,9.1,9.1,3.01,2026-03-20 13:05:00
1774012200000,9.08,9.08,9.07,9.07,1.56,2026-03-20 13:10:00
1774012500000,9.08,9.08,9.08,9.08,1.54,2026-03-20 13:15:00
1774012800000,9.1,9.11,9.1,9.11,1.65,2026-03-20 13:20:00
1774013100000,9.11,9.11,9.1,9.1,1.76,2026-03-20 13:25:00
1774013400000,9.06,9.07,9.05,9.05,12.92,2026-03-20 13:30:00
1774013700000,9.04,9.07,9.04,9.06,6.16,2026-03-20 13:35:00
1774014000000,9.05,9.08,9.05,9.08,1.44,2026-03-20 13:40:00
1774014300000,9.1,9.1,9.06,9.06,2.08,2026-03-20 13:45:00
1774014600000,9.06,9.06,9.06,9.06,0.0,2026-03-20 13:50:00
1774014900000,9.02,9.02,9.02,9.02,0.66,2026-03-20 13:55:00
1774015200000,9.0,9.0,8.99,8.99,22.09,2026-03-20 14:00:00
1774015500000,8.99,8.99,8.99,8.99,0.0,2026-03-20 14:05:00
1774015800000,9.07,9.1,9.01,9.01,32.1,2026-03-20 14:10:00
1774016100000,9.05,9.05,9.05,9.05,11.09,2026-03-20 14:15:00
1774016400000,9.05,9.05,9.05,9.05,0.0,2026-03-20 14:20:00
1774016700000,9.03,9.03,9.03,9.03,9.69,2026-03-20 14:25:00
1774017000000,9.07,9.09,9.05,9.09,55.49,2026-03-20 14:30:00
1774017300000,9.08,9.08,9.08,9.08,0.85,2026-03-20 14:35:00
1774017600000,9.06,9.06,9.06,9.06,0.91,2026-03-20 14:40:00
1774017900000,9.05,9.06,9.05,9.06,1.03,2026-03-20 14:45:00
1774018200000,9.03,9.03,9.01,9.01,2.0,2026-03-20 14:50:00
1774018500000,9.0,9.0,9.0,9.0,0.27,2026-03-20 14:55:00
1774018800000,9.0,9.0,8.97,8.97,15.25,2026-03-20 15:00:00
1774019100000,9.0,9.0,8.98,8.99,6.65,2026-03-20 15:05:00
1774019400000,9.01,9.01,9.01,9.01,0.67,2026-03-20 15:10:00
1774019700000,8.99,8.99,8.98,8.98,0.63,2026-03-20 15:15:00
1774020000000,8.97,9.02,8.97,9.02,419.76,2026-03-20 15:20:00
1774020300000,9.0,9.02,8.99,9.02,21.12,2026-03-20 15:25:00
1774020600000,9.02,9.03,9.02,9.03,0.82,2026-03-20 15:30:00
1774020900000,9.02,9.02,9.01,9.01,5.72,2026-03-20 15:35:00
1774021200000,9.02,9.02,9.02,9.02,0.53,2026-03-20 15:40:00
1774021500000,9.03,9.03,9.03,9.03,0.34,2026-03-20 15:45:00
1774021800000,9.02,9.04,9.02,9.04,1.5,2026-03-20 15:50:00
1774022100000,9.03,9.03,9.03,9.03,0.45,2026-03-20 15:55:00
1774022400000,9.05,9.05,9.02,9.02,0.98,2026-03-20 16:00:00
1774022700000,9.02,9.02,9.01,9.01,0.78,2026-03-20 16:05:00
1774023000000,9.02,9.04,9.02,9.03,7.18,2026-03-20 16:10:00
1774023300000,9.01,9.03,9.01,9.03,0.74,2026-03-20 16:15:00
1774023600000,9.05,9.07,9.04,9.04,1.75,2026-03-20 16:20:00
1774023900000,9.03,9.03,9.03,9.03,0.68,2026-03-20 16:25:00
1774024200000,9.02,9.02,9.01,9.01,0.78,2026-03-20 16:30:00
1774024500000,8.99,8.99,8.99,8.99,0.71,2026-03-20 16:35:00
1774024800000,9.03,9.03,9.03,9.03,22.12,2026-03-20 16:40:00
1774025100000,9.03,9.03,9.03,9.03,0.0,2026-03-20 16:45:00
1774025400000,9.03,9.03,9.03,9.03,0.0,2026-03-20 16:50:00
1774025700000,9.03,9.03,9.03,9.03,0.0,2026-03-20 16:55:00
1774026000000,9.04,9.04,9.04,9.04,36.58,2026-03-20 17:00:00
1774026300000,9.04,9.04,9.04,9.04,0.0,2026-03-20 17:05:00
1774026600000,9.04,9.04,9.04,9.04,0.0,2026-03-20 17:10:00
1774026900000,9.04,9.04,9.04,9.04,0.0,2026-03-20 17:15:00
1774027200000,9.02,9.02,9.02,9.02,5.53,2026-03-20 17:20:00
1774027500000,9.02,9.02,9.02,9.02,0.0,2026-03-20 17:25:00
1774027800000,9.0,9.0,9.0,9.0,7.99,2026-03-20 17:30:00
1774028100000,8.97,8.99,8.97,8.99,172.51,2026-03-20 17:35:00
1774028400000,8.99,8.99,8.99,8.99,0.0,2026-03-20 17:40:00
1774028700000,8.99,8.99,8.99,8.99,0.0,2026-03-20 17:45:00
1774029000000,8.99,8.99,8.99,8.99,0.0,2026-03-20 17:50:00
1774029300000,9.02,9.02,9.02,9.02,0.67,2026-03-20 17:55:00
1774029600000,9.02,9.02,9.02,9.02,0.0,2026-03-20 18:00:00
1774029900000,9.01,9.01,9.01,9.01,0.99,2026-03-20 18:05:00
1774030200000,9.04,9.04,9.04,9.04,11.09,2026-03-20 18:10:00
1774030500000,9.04,9.04,9.04,9.04,0.97,2026-03-20 18:15:00
1774030800000,9.04,9.04,9.04,9.04,0.0,2026-03-20 18:20:00
1774031100000,9.04,9.04,9.04,9.04,0.0,2026-03-20 18:25:00
1774031400000,9.04,9.04,9.04,9.04,0.0,2026-03-20 18:30:00
1774031700000,9.04,9.04,9.04,9.04,0.0,2026-03-20 18:35:00
1774032000000,9.04,9.04,9.04,9.04,0.0,2026-03-20 18:40:00
1774032300000,9.04,9.04,9.04,9.04,0.0,2026-03-20 18:45:00
1774032600000,9.04,9.04,9.04,9.04,0.0,2026-03-20 18:50:00
1774032900000,9.04,9.04,9.04,9.04,0.0,2026-03-20 18:55:00
1774033200000,9.04,9.04,9.04,9.04,0.0,2026-03-20 19:00:00
1774033500000,9.04,9.04,9.04,9.04,0.0,2026-03-20 19:05:00
1774033800000,9.04,9.04,9.04,9.04,0.0,2026-03-20 19:10:00
1774034100000,9.04,9.04,9.04,9.04,0.0,2026-03-20 19:15:00
1774034400000,9.04,9.04,9.04,9.04,0.0,2026-03-20 19:20:00
1774034700000,8.98,8.98,8.98,8.98,12.05,2026-03-20 19:25:00
1774035000000,8.98,8.98,8.98,8.98,0.0,2026-03-20 19:30:00
1774035300000,8.98,8.98,8.98,8.98,0.0,2026-03-20 19:35:00
1774035600000,8.98,8.98,8.98,8.98,0.0,2026-03-20 19:40:00
1774035900000,8.98,8.98,8.98,8.98,0.0,2026-03-20 19:45:00
1774036200000,8.98,8.98,8.98,8.98,0.0,2026-03-20 19:50:00
1774036500000,8.98,8.98,8.98,8.98,0.0,2026-03-20 19:55:00
1774036800000,8.98,8.98,8.98,8.98,0.0,2026-03-20 20:00:00
1774037100000,8.98,8.98,8.98,8.98,0.0,2026-03-20 20:05:00
1774037400000,8.98,8.98,8.98,8.98,0.0,2026-03-20 20:10:00
1774037700000,9.03,9.03,9.03,9.03,4.52,2026-03-20 20:15:00
1774038000000,9.03,9.03,9.03,9.03,0.0,2026-03-20 20:20:00
1774038300000,9.03,9.03,9.03,9.03,0.0,2026-03-20 20:25:00
1774038600000,9.03,9.03,9.03,9.03,0.0,2026-03-20 20:30:00
1774038900000,9.03,9.03,9.03,9.03,0.0,2026-03-20 20:35:00
1774039200000,9.03,9.03,9.03,9.03,0.0,2026-03-20 20:40:00
1774039500000,9.03,9.03,9.03,9.03,0.0,2026-03-20 20:45:00
1774039800000,9.03,9.03,9.03,9.03,0.0,2026-03-20 20:50:00
1774040100000,9.03,9.03,9.03,9.03,0.0,2026-03-20 20:55:00
1774040400000,9.03,9.03,9.03,9.03,0.0,2026-03-20 21:00:00
1774040700000,9.03,9.03,9.03,9.03,0.0,2026-03-20 21:05:00
1774041000000,9.03,9.03,9.03,9.03,0.0,2026-03-20 21:10:00
1774041300000,9.06,9.09,9.06,9.09,38.63,2026-03-20 21:15:00
1774041600000,9.09,9.09,9.09,9.09,10.32,2026-03-20 21:20:00
1774041900000,9.09,9.09,9.09,9.09,0.0,2026-03-20 21:25:00
1774042200000,9.09,9.09,9.09,9.09,0.0,2026-03-20 21:30:00
1774042500000,9.09,9.09,9.09,9.09,0.0,2026-03-20 21:35:00
1774042800000,9.09,9.09,9.09,9.09,0.0,2026-03-20 21:40:00
1774043100000,9.09,9.09,9.09,9.09,0.0,2026-03-20 21:45:00
1774043400000,9.09,9.09,9.09,9.09,0.0,2026-03-20 21:50:00
1774043700000,9.09,9.09,9.09,9.09,0.0,2026-03-20 21:55:00
1774044000000,9.12,9.13,9.12,9.13,6.14,2026-03-20 22:00:00
1774044300000,9.13,9.13,9.13,9.13,0.0,2026-03-20 22:05:00
1774044600000,9.13,9.13,9.13,9.13,0.0,2026-03-20 22:10:00
1774044900000,9.13,9.13,9.13,9.13,0.0,2026-03-20 22:15:00
1774045200000,9.13,9.13,9.13,9.13,0.0,2026-03-20 22:20:00
1774045500000,9.13,9.13,9.13,9.13,0.0,2026-03-20 22:25:00
1774045800000,9.13,9.13,9.13,9.13,0.0,2026-03-20 22:30:00
1774046100000,9.13,9.13,9.13,9.13,0.0,2026-03-20 22:35:00
1774046400000,9.13,9.13,9.13,9.13,0.0,2026-03-20 22:40:00
1774046700000,9.13,9.13,9.13,9.13,0.0,2026-03-20 22:45:00
1774047000000,9.13,9.13,9.13,9.13,0.0,2026-03-20 22:50:00
1774047300000,9.16,9.16,9.16,9.16,10.95,2026-03-20 22:55:00
1774047600000,9.15,9.15,9.15,9.15,1.09,2026-03-20 23:00:00
1774047900000,9.11,9.11,9.11,9.11,0.17,2026-03-20 23:05:00
1774048200000,9.11,9.11,9.11,9.11,0.0,2026-03-20 23:10:00
1774048500000,9.11,9.11,9.11,9.11,0.0,2026-03-20 23:15:00
1774048800000,9.11,9.11,9.11,9.11,0.0,2026-03-20 23:20:00
1774049100000,9.11,9.11,9.11,9.11,0.0,2026-03-20 23:25:00
1774049400000,9.11,9.11,9.11,9.11,0.0,2026-03-20 23:30:00
1774049700000,9.11,9.11,9.11,9.11,0.0,2026-03-20 23:35:00
1774050000000,9.11,9.11,9.11,9.11,0.0,2026-03-20 23:40:00
1774050300000,9.11,9.11,9.11,9.11,0.0,2026-03-20 23:45:00
1774050600000,9.11,9.11,9.11,9.11,0.0,2026-03-20 23:50:00
1774050900000,9.11,9.11,9.11,9.11,0.0,2026-03-20 23:55:00
1774051200000,9.11,9.11,9.11,9.11,0.0,2026-03-21 00:00:00
1774051500000,9.11,9.11,9.11,9.11,0.0,2026-03-21 00:05:00
1774051800000,9.11,9.11,9.11,9.11,0.0,2026-03-21 00:10:00
1774052100000,9.13,9.14,9.13,9.14,0.81,2026-03-21 00:15:00
1774052400000,9.16,9.17,9.16,9.16,0.68,2026-03-21 00:20:00
1774052700000,9.16,9.17,9.16,9.16,2.28,2026-03-21 00:25:00
1774053000000,9.15,9.16,9.13,9.15,2.47,2026-03-21 00:30:00
1774053300000,9.15,9.16,9.15,9.15,0.4,2026-03-21 00:35:00
1774053600000,9.15,9.15,9.15,9.15,0.16,2026-03-21 00:40:00
1774053900000,9.15,9.15,9.15,9.15,0.0,2026-03-21 00:45:00
1774054200000,9.15,9.15,9.15,9.15,0.0,2026-03-21 00:50:00
1774054500000,9.15,9.15,9.15,9.15,0.0,2026-03-21 00:55:00
1774054800000,9.15,9.15,9.15,9.15,0.0,2026-03-21 01:00:00
1774055100000,9.17,9.17,9.17,9.17,2.58,2026-03-21 01:05:00
1774055400000,9.17,9.17,9.17,9.17,0.0,2026-03-21 01:10:00
1774055700000,9.17,9.17,9.17,9.17,0.0,2026-03-21 01:15:00
1774056000000,9.17,9.17,9.17,9.17,0.0,2026-03-21 01:20:00
1774056300000,9.17,9.17,9.17,9.17,0.0,2026-03-21 01:25:00
1774056600000,9.17,9.17,9.17,9.17,0.0,2026-03-21 01:30:00
1774056900000,9.16,9.16,9.16,9.16,2.57,2026-03-21 01:35:00
1774057200000,9.16,9.16,9.16,9.16,0.0,2026-03-21 01:40:00
1774057500000,9.16,9.16,9.16,9.16,0.0,2026-03-21 01:45:00
1774057800000,9.16,9.16,9.16,9.16,0.0,2026-03-21 01:50:00
1774058100000,9.13,9.13,9.13,9.13,10.91,2026-03-21 01:55:00
1774058400000,9.13,9.13,9.13,9.13,0.0,2026-03-21 02:00:00
1774058700000,9.13,9.13,9.13,9.13,0.0,2026-03-21 02:05:00
1774059000000,9.12,9.12,9.12,9.12,0.66,2026-03-21 02:10:00
1774059300000,9.12,9.12,9.12,9.12,0.0,2026-03-21 02:15:00
1774059600000,9.12,9.12,9.12,9.12,0.0,2026-03-21 02:20:00
1774059900000,9.12,9.12,9.12,9.12,0.0,2026-03-21 02:25:00
1774060200000,9.12,9.12,9.12,9.12,0.0,2026-03-21 02:30:00
1774060500000,9.12,9.12,9.12,9.12,0.0,2026-03-21 02:35:00
1774060800000,9.12,9.12,9.12,9.12,0.0,2026-03-21 02:40:00
1774061100000,9.12,9.12,9.12,9.12,0.0,2026-03-21 02:45:00
1774061400000,9.12,9.12,9.12,9.12,0.0,2026-03-21 02:50:00
1774061700000,9.15,9.15,9.15,9.15,10.95,2026-03-21 02:55:00
1774062000000,9.16,9.16,9.15,9.15,13.65,2026-03-21 03:00:00
1774062300000,9.15,9.15,9.15,9.15,0.0,2026-03-21 03:05:00
1774062600000,9.15,9.15,9.15,9.15,0.0,2026-03-21 03:10:00
1774062900000,9.15,9.15,9.15,9.15,0.0,2026-03-21 03:15:00
1774063200000,9.15,9.15,9.15,9.15,0.0,2026-03-21 03:20:00
1774063500000,9.15,9.15,9.15,9.15,0.0,2026-03-21 03:25:00
1774063800000,9.15,9.15,9.15,9.15,54.51,2026-03-21 03:30:00
1774064100000,9.15,9.15,9.15,9.15,0.0,2026-03-21 03:35:00
1774064400000,9.15,9.15,9.15,9.15,0.0,2026-03-21 03:40:00
1774064700000,9.15,9.15,9.15,9.15,0.0,2026-03-21 03:45:00
1774065000000,9.15,9.15,9.15,9.15,2.18,2026-03-21 03:50:00
1774065300000,9.15,9.15,9.15,9.15,0.0,2026-03-21 03:55:00
1774065600000,9.15,9.15,9.15,9.15,0.0,2026-03-21 04:00:00
1774065900000,9.16,9.16,9.16,9.16,1.63,2026-03-21 04:05:00
1774066200000,9.16,9.16,9.16,9.16,0.0,2026-03-21 04:10:00
1774066500000,9.16,9.16,9.16,9.16,0.0,2026-03-21 04:15:00
1774066800000,9.16,9.16,9.16,9.16,0.0,2026-03-21 04:20:00
1774067100000,9.16,9.16,9.16,9.16,0.0,2026-03-21 04:25:00
1774067400000,9.16,9.16,9.16,9.16,0.0,2026-03-21 04:30:00
1774067700000,9.16,9.16,9.16,9.16,0.0,2026-03-21 04:35:00
1774068000000,9.16,9.16,9.16,9.16,0.0,2026-03-21 04:40:00
1774068300000,9.16,9.16,9.16,9.16,0.0,2026-03-21 04:45:00
1774068600000,9.16,9.16,9.16,9.16,0.0,2026-03-21 04:50:00
1774068900000,9.16,9.16,9.16,9.16,0.0,2026-03-21 04:55:00
1774069200000,9.16,9.16,9.16,9.16,0.0,2026-03-21 05:00:00
1774069500000,9.16,9.16,9.16,9.16,0.0,2026-03-21 05:05:00
1774069800000,9.16,9.16,9.16,9.16,0.0,2026-03-21 05:10:00
1774070100000,9.14,9.14,9.14,9.14,31.43,2026-03-21 05:15:00
1774070400000,9.14,9.14,9.14,9.14,0.0,2026-03-21 05:20:00
1774070700000,9.14,9.14,9.14,9.14,0.0,2026-03-21 05:25:00
1774071000000,9.14,9.14,9.14,9.14,0.0,2026-03-21 05:30:00
1774071300000,9.14,9.14,9.14,9.14,0.0,2026-03-21 05:35:00
1774071600000,9.14,9.14,9.14,9.14,0.0,2026-03-21 05:40:00
1774071900000,9.14,9.14,9.14,9.14,0.0,2026-03-21 05:45:00
1774072200000,9.14,9.14,9.14,9.14,0.0,2026-03-21 05:50:00
1774072500000,9.13,9.13,9.13,9.13,10.91,2026-03-21 05:55:00
1774072800000,9.13,9.13,9.13,9.13,0.0,2026-03-21 06:00:00
1774073100000,9.13,9.13,9.13,9.13,0.0,2026-03-21 06:05:00
1774073400000,9.13,9.13,9.13,9.13,0.0,2026-03-21 06:10:00
1774073700000,9.13,9.13,9.13,9.13,0.0,2026-03-21 06:15:00
1774074000000,9.13,9.13,9.13,9.13,0.0,2026-03-21 06:20:00
1774074300000,9.13,9.13,9.13,9.13,0.0,2026-03-21 06:25:00
1774074600000,9.13,9.13,9.13,9.13,0.0,2026-03-21 06:30:00
1774074900000,9.13,9.13,9.13,9.13,0.0,2026-03-21 06:35:00
1774075200000,9.13,9.13,9.13,9.13,0.0,2026-03-21 06:40:00
1774075500000,9.13,9.13,9.13,9.13,0.0,2026-03-21 06:45:00
1774075800000,9.13,9.13,9.13,9.13,0.0,2026-03-21 06:50:00
1774076100000,9.13,9.13,9.13,9.13,0.0,2026-03-21 06:55:00
1774076400000,9.11,9.11,9.11,9.11,10.93,2026-03-21 07:00:00
1774076700000,9.14,9.14,9.14,9.14,10.96,2026-03-21 07:05:00
1774077000000,9.14,9.14,9.14,9.14,0.0,2026-03-21 07:10:00
1774077300000,9.14,9.14,9.14,9.14,0.0,2026-03-21 07:15:00
1774077600000,9.14,9.14,9.14,9.14,0.0,2026-03-21 07:20:00
1774077900000,9.14,9.14,9.14,9.14,0.0,2026-03-21 07:25:00
1774078200000,9.14,9.14,9.14,9.14,0.0,2026-03-21 07:30:00
1774078500000,9.14,9.14,9.14,9.14,0.0,2026-03-21 07:35:00
1774078800000,9.14,9.14,9.14,9.14,0.0,2026-03-21 07:40:00
1774079100000,9.14,9.14,9.14,9.14,0.0,2026-03-21 07:45:00
1774079400000,9.14,9.14,9.14,9.14,0.0,2026-03-21 07:50:00
1774079700000,9.14,9.14,9.14,9.14,0.0,2026-03-21 07:55:00
1774080000000,9.14,9.14,9.14,9.14,0.0,2026-03-21 08:00:00
1774080300000,9.14,9.14,9.14,9.14,0.0,2026-03-21 08:05:00
1774080600000,9.14,9.14,9.14,9.14,0.0,2026-03-21 08:10:00
1774080900000,9.14,9.14,9.14,9.14,0.0,2026-03-21 08:15:00
1774081200000,9.14,9.14,9.14,9.14,0.0,2026-03-21 08:20:00
1774081500000,9.14,9.14,9.14,9.14,0.0,2026-03-21 08:25:00
1774081800000,9.14,9.14,9.14,9.14,0.0,2026-03-21 08:30:00
1774082100000,9.14,9.14,9.14,9.14,0.0,2026-03-21 08:35:00
1774082400000,9.14,9.14,9.14,9.14,0.0,2026-03-21 08:40:00
1774082700000,9.14,9.14,9.14,9.14,0.0,2026-03-21 08:45:00
1774083000000,9.14,9.14,9.14,9.14,0.0,2026-03-21 08:50:00
1774083300000,9.14,9.14,9.14,9.14,0.0,2026-03-21 08:55:00
1774083600000,9.14,9.14,9.14,9.14,0.0,2026-03-21 09:00:00
1774083900000,9.14,9.14,9.14,9.14,0.0,2026-03-21 09:05:00
1774084200000,9.14,9.14,9.14,9.14,0.0,2026-03-21 09:10:00
1774084500000,9.14,9.14,9.14,9.14,0.0,2026-03-21 09:15:00
1774084800000,9.14,9.14,9.12,9.12,32.89,2026-03-21 09:20:00
1774085100000,9.12,9.12,9.12,9.12,0.0,2026-03-21 09:25:00
1774085400000,9.12,9.12,9.12,9.12,31.35,2026-03-21 09:30:00
1774085700000,9.14,9.14,9.14,9.14,7.59,2026-03-21 09:35:00
1774086000000,9.14,9.14,9.14,9.14,0.0,2026-03-21 09:40:00
1774086300000,9.14,9.14,9.14,9.14,0.0,2026-03-21 09:45:00
1774086600000,9.14,9.14,9.14,9.14,0.0,2026-03-21 09:50:00
1774086900000,9.14,9.14,9.14,9.14,0.0,2026-03-21 09:55:00
1774087200000,9.14,9.14,9.14,9.14,0.0,2026-03-21 10:00:00
1774087500000,9.14,9.14,9.14,9.14,0.0,2026-03-21 10:05:00
1774087800000,9.14,9.14,9.14,9.14,0.0,2026-03-21 10:10:00
1774088100000,9.14,9.14,9.14,9.14,0.0,2026-03-21 10:15:00
1774088400000,9.14,9.14,9.14,9.14,0.0,2026-03-21 10:20:00
1774088700000,9.14,9.14,9.14,9.14,0.0,2026-03-21 10:25:00
1774089000000,9.14,9.14,9.14,9.14,0.0,2026-03-21 10:30:00
1774089300000,9.14,9.14,9.14,9.14,0.0,2026-03-21 10:35:00
1774089600000,9.14,9.14,9.14,9.14,0.0,2026-03-21 10:40:00
1774089900000,9.14,9.14,9.14,9.14,0.0,2026-03-21 10:45:00
1774090200000,9.14,9.14,9.14,9.14,0.0,2026-03-21 10:50:00
1774090500000,9.14,9.14,9.14,9.14,0.0,2026-03-21 10:55:00
1774090800000,9.11,9.11,9.11,9.11,0.55,2026-03-21 11:00:00
1774091100000,9.08,9.08,9.08,9.08,10.96,2026-03-21 11:05:00
1774091400000,9.08,9.08,9.08,9.08,0.0,2026-03-21 11:10:00
1774091700000,9.1,9.1,9.1,9.1,11.01,2026-03-21 11:15:00
1774092000000,9.1,9.1,9.1,9.1,0.0,2026-03-21 11:20:00
1774092300000,9.1,9.1,9.1,9.1,0.0,2026-03-21 11:25:00
1774092600000,9.1,9.1,9.1,9.1,0.0,2026-03-21 11:30:00
1774092900000,9.1,9.1,9.1,9.1,0.0,2026-03-21 11:35:00
1774093200000,9.1,9.1,9.1,9.1,0.0,2026-03-21 11:40:00
1774093500000,9.1,9.1,9.1,9.1,0.0,2026-03-21 11:45:00
1774093800000,9.1,9.1,9.1,9.1,0.0,2026-03-21 11:50:00
1774094100000,9.1,9.1,9.1,9.1,0.0,2026-03-21 11:55:00
1774094400000,9.1,9.1,9.1,9.1,0.0,2026-03-21 12:00:00
1774094700000,9.1,9.1,9.1,9.1,0.0,2026-03-21 12:05:00
1774095000000,9.1,9.1,9.1,9.1,0.0,2026-03-21 12:10:00
1774095300000,9.1,9.1,9.1,9.1,0.0,2026-03-21 12:15:00
1774095600000,9.1,9.1,9.1,9.1,0.0,2026-03-21 12:20:00
1774095900000,9.1,9.1,9.1,9.1,0.0,2026-03-21 12:25:00
1774096200000,9.1,9.1,9.1,9.1,0.0,2026-03-21 12:30:00
1774096500000,9.1,9.1,9.1,9.1,0.0,2026-03-21 12:35:00
1774096800000,9.1,9.1,9.1,9.1,0.0,2026-03-21 12:40:00
1774097100000,9.1,9.1,9.1,9.1,0.0,2026-03-21 12:45:00
1774097400000,9.1,9.1,9.1,9.1,0.0,2026-03-21 12:50:00
1774097700000,9.1,9.1,9.1,9.1,0.0,2026-03-21 12:55:00
1774098000000,9.11,9.11,9.11,9.11,8.08,2026-03-21 13:00:00
1774098300000,9.11,9.11,9.11,9.11,0.0,2026-03-21 13:05:00
1774098600000,9.11,9.11,9.11,9.11,0.0,2026-03-21 13:10:00
1774098900000,9.11,9.11,9.11,9.11,0.0,2026-03-21 13:15:00
1774099200000,9.11,9.11,9.11,9.11,0.0,2026-03-21 13:20:00
1774099500000,9.11,9.11,9.11,9.11,0.0,2026-03-21 13:25:00
1774099800000,9.11,9.11,9.11,9.11,0.0,2026-03-21 13:30:00
1774100100000,9.11,9.11,9.11,9.11,0.0,2026-03-21 13:35:00
1774100400000,9.11,9.11,9.11,9.11,0.0,2026-03-21 13:40:00
1774100700000,9.11,9.11,9.11,9.11,0.0,2026-03-21 13:45:00
1774101000000,9.11,9.11,9.11,9.11,0.0,2026-03-21 13:50:00
1774101300000,9.11,9.11,9.11,9.11,0.0,2026-03-21 13:55:00
1774101600000,9.11,9.11,9.11,9.11,0.0,2026-03-21 14:00:00
1774101900000,9.11,9.11,9.11,9.11,0.0,2026-03-21 14:05:00
1774102200000,9.14,9.14,9.14,9.14,0.58,2026-03-21 14:10:00
1774102500000,9.14,9.14,9.14,9.14,0.0,2026-03-21 14:15:00
1774102800000,9.14,9.14,9.14,9.14,0.0,2026-03-21 14:20:00
1774103100000,9.14,9.14,9.14,9.14,0.0,2026-03-21 14:25:00
1774103400000,9.14,9.14,9.14,9.14,0.0,2026-03-21 14:30:00
1774103700000,9.14,9.14,9.14,9.14,0.0,2026-03-21 14:35:00
1774104000000,9.14,9.14,9.14,9.14,0.0,2026-03-21 14:40:00
1774104300000,9.11,9.11,9.1,9.1,2.18,2026-03-21 14:45:00
1774104600000,9.09,9.09,9.08,9.08,2.19,2026-03-21 14:50:00
1774104900000,9.08,9.08,9.08,9.08,0.0,2026-03-21 14:55:00
1774105200000,9.08,9.08,9.08,9.08,4.39,2026-03-21 15:00:00
1774105500000,9.08,9.08,9.06,9.07,17.6,2026-03-21 15:05:00
1774105800000,9.07,9.07,9.07,9.07,0.0,2026-03-21 15:10:00
1774106100000,9.07,9.07,9.07,9.07,0.0,2026-03-21 15:15:00
1774106400000,9.07,9.07,9.07,9.07,0.0,2026-03-21 15:20:00
1774106700000,9.07,9.07,9.07,9.07,0.0,2026-03-21 15:25:00
1774107000000,9.08,9.09,9.08,9.09,2.2,2026-03-21 15:30:00
1774107300000,9.09,9.09,9.09,9.09,0.0,2026-03-21 15:35:00
1774107600000,9.09,9.09,9.09,9.09,0.0,2026-03-21 15:40:00
1774107900000,9.09,9.09,9.09,9.09,0.0,2026-03-21 15:45:00
1774108200000,9.09,9.09,9.09,9.09,0.0,2026-03-21 15:50:00
1774108500000,9.09,9.09,9.09,9.09,0.0,2026-03-21 15:55:00
1774108800000,9.09,9.09,9.09,9.09,0.0,2026-03-21 16:00:00
1774109100000,9.09,9.09,9.09,9.09,0.0,2026-03-21 16:05:00
1774109400000,9.08,9.08,9.08,9.08,11.01,2026-03-21 16:10:00
1774109700000,9.09,9.09,9.09,9.09,12.1,2026-03-21 16:15:00
1774110000000,9.09,9.09,9.09,9.09,0.0,2026-03-21 16:20:00
1774110300000,9.09,9.09,9.09,9.09,0.0,2026-03-21 16:25:00
1774110600000,9.09,9.09,9.09,9.09,0.0,2026-03-21 16:30:00
1774110900000,9.09,9.09,9.09,9.09,0.0,2026-03-21 16:35:00
1774111200000,9.08,9.08,9.08,9.08,1.1,2026-03-21 16:40:00
1774111500000,9.08,9.08,9.08,9.08,0.0,2026-03-21 16:45:00
1774111800000,9.08,9.08,9.08,9.08,0.0,2026-03-21 16:50:00
1774112100000,9.08,9.08,9.08,9.08,0.0,2026-03-21 16:55:00
1774112400000,9.08,9.08,9.08,9.08,0.0,2026-03-21 17:00:00
1774112700000,9.07,9.07,9.06,9.06,2.86,2026-03-21 17:05:00
1774113000000,9.06,9.06,9.06,9.06,0.0,2026-03-21 17:10:00
1774113300000,9.06,9.06,9.06,9.06,0.0,2026-03-21 17:15:00
1774113600000,9.06,9.06,9.06,9.06,0.0,2026-03-21 17:20:00
1774113900000,9.06,9.06,9.06,9.06,0.0,2026-03-21 17:25:00
1774114200000,9.06,9.06,9.06,9.06,0.0,2026-03-21 17:30:00
1774114500000,9.06,9.06,9.06,9.06,0.0,2026-03-21 17:35:00
1774114800000,9.07,9.07,9.07,9.07,1.1,2026-03-21 17:40:00
1774115100000,9.07,9.07,9.07,9.07,0.0,2026-03-21 17:45:00
1774115400000,9.07,9.07,9.07,9.07,0.0,2026-03-21 17:50:00
1774115700000,9.07,9.07,9.07,9.07,0.0,2026-03-21 17:55:00
1774116000000,9.07,9.07,9.07,9.07,0.0,2026-03-21 18:00:00
1774116300000,9.07,9.07,9.07,9.07,0.0,2026-03-21 18:05:00
1774116600000,9.07,9.07,9.07,9.07,0.0,2026-03-21 18:10:00
1774116900000,9.07,9.07,9.07,9.07,0.0,2026-03-21 18:15:00
1774117200000,9.07,9.07,9.07,9.07,0.0,2026-03-21 18:20:00
1774117500000,9.07,9.07,9.07,9.07,0.0,2026-03-21 18:25:00
1774117800000,9.07,9.07,9.07,9.07,0.0,2026-03-21 18:30:00
1774118100000,9.07,9.07,9.07,9.07,0.0,2026-03-21 18:35:00
1774118400000,9.07,9.07,9.07,9.07,0.0,2026-03-21 18:40:00
1774118700000,9.07,9.07,9.07,9.07,0.0,2026-03-21 18:45:00
1774119000000,9.07,9.07,9.07,9.07,0.0,2026-03-21 18:50:00
1774119300000,9.07,9.07,9.07,9.07,0.0,2026-03-21 18:55:00
1774119600000,9.07,9.07,9.07,9.07,0.0,2026-03-21 19:00:00
1774119900000,9.07,9.07,9.07,9.07,0.0,2026-03-21 19:05:00
1774120200000,9.07,9.07,9.07,9.07,0.0,2026-03-21 19:10:00
1774120500000,9.06,9.06,9.06,9.06,1.1,2026-03-21 19:15:00
1774120800000,9.06,9.06,9.06,9.06,0.0,2026-03-21 19:20:00
1774121100000,9.07,9.07,9.07,9.07,0.15,2026-03-21 19:25:00
1774121400000,9.07,9.07,9.05,9.05,0.75,2026-03-21 19:30:00
1774121700000,9.06,9.06,9.05,9.05,0.74,2026-03-21 19:35:00
1774122000000,9.05,9.05,9.05,9.05,0.51,2026-03-21 19:40:00
1774122300000,9.05,9.06,9.05,9.06,1.59,2026-03-21 19:45:00
1774122600000,9.05,9.05,9.05,9.05,0.51,2026-03-21 19:50:00
1774122900000,9.05,9.06,9.05,9.06,0.49,2026-03-21 19:55:00
1774123200000,9.07,9.07,9.07,9.07,0.5,2026-03-21 20:00:00
1774123500000,9.08,9.08,9.08,9.08,0.16,2026-03-21 20:05:00
1774123800000,9.08,9.09,9.08,9.09,1.66,2026-03-21 20:10:00
1774124100000,9.07,9.07,9.06,9.06,11.13,2026-03-21 20:15:00
1774124400000,9.07,9.09,9.07,9.09,2.83,2026-03-21 20:20:00
1774124700000,9.09,9.09,9.09,9.09,0.83,2026-03-21 20:25:00
1774125000000,9.09,9.1,9.09,9.1,14.16,2026-03-21 20:30:00
1774125300000,9.1,9.11,9.1,9.11,11.37,2026-03-21 20:35:00
1774125600000,9.09,9.11,9.09,9.11,1.23,2026-03-21 20:40:00
1774125900000,9.11,9.11,9.11,9.11,0.94,2026-03-21 20:45:00
1774126200000,9.11,9.11,9.11,9.11,0.24,2026-03-21 20:50:00
1774126500000,9.09,9.09,9.09,9.09,0.49,2026-03-21 20:55:00
1774126800000,9.1,9.11,9.1,9.11,54.76,2026-03-21 21:00:00
1774127100000,9.1,9.1,9.1,9.1,0.34,2026-03-21 21:05:00
1774127400000,9.09,9.09,9.09,9.09,0.14,2026-03-21 21:10:00
1774127700000,9.1,9.1,9.1,9.1,0.17,2026-03-21 21:15:00
1774128000000,9.09,9.09,9.09,9.09,0.21,2026-03-21 21:20:00
1774128300000,9.09,9.09,9.09,9.09,0.0,2026-03-21 21:25:00
1774128600000,9.09,9.09,9.09,9.09,0.3,2026-03-21 21:30:00
1774128900000,9.1,9.11,9.1,9.11,0.43,2026-03-21 21:35:00
1774129200000,9.09,9.09,9.09,9.09,0.15,2026-03-21 21:40:00
1774129500000,9.09,9.09,9.09,9.09,0.37,2026-03-21 21:45:00
1774129800000,9.1,9.1,9.1,9.1,0.17,2026-03-21 21:50:00
1774130100000,9.1,9.1,9.09,9.1,0.6,2026-03-21 21:55:00
1774130400000,9.08,9.08,9.07,9.07,1.33,2026-03-21 22:00:00
1774130700000,9.07,9.07,9.07,9.07,10.27,2026-03-21 22:05:00
1774131000000,9.07,9.07,9.07,9.07,0.0,2026-03-21 22:10:00
1774131300000,9.07,9.07,9.07,9.07,0.35,2026-03-21 22:15:00
1774131600000,9.06,9.06,9.06,9.06,0.15,2026-03-21 22:20:00
1774131900000,9.06,9.06,9.06,9.06,0.15,2026-03-21 22:25:00
1774132200000,9.06,9.06,9.06,9.06,0.25,2026-03-21 22:30:00
1774132500000,9.06,9.06,9.06,9.06,0.0,2026-03-21 22:35:00
1774132800000,9.06,9.06,9.06,9.06,0.0,2026-03-21 22:40:00
1774133100000,9.06,9.06,9.06,9.06,0.0,2026-03-21 22:45:00
1774133400000,9.06,9.06,9.06,9.06,0.0,2026-03-21 22:50:00
1774133700000,9.06,9.06,9.06,9.06,0.0,2026-03-21 22:55:00
1774134000000,9.06,9.06,9.06,9.06,0.0,2026-03-21 23:00:00
1774134300000,9.06,9.06,9.06,9.06,0.0,2026-03-21 23:05:00
1774134600000,9.06,9.06,9.06,9.06,0.0,2026-03-21 23:10:00
1774134900000,9.07,9.07,9.07,9.07,2.5,2026-03-21 23:15:00
1774135200000,9.07,9.07,9.07,9.07,0.0,2026-03-21 23:20:00
1774135500000,9.07,9.07,9.07,9.07,0.0,2026-03-21 23:25:00
1774135800000,9.07,9.07,9.07,9.07,0.0,2026-03-21 23:30:00
1774136100000,9.06,9.06,9.06,9.06,5.43,2026-03-21 23:35:00
1774136400000,9.06,9.06,9.06,9.06,0.0,2026-03-21 23:40:00
1774136700000,9.06,9.06,8.98,8.98,28.09,2026-03-21 23:45:00
1774137000000,8.99,8.99,8.85,8.91,265.93,2026-03-21 23:50:00
1774137300000,8.86,8.88,8.8,8.84,62.76,2026-03-21 23:55:00
1774137600000,8.75,8.75,8.68,8.68,134.62,2026-03-22 00:00:00
1774137900000,8.75,8.81,8.75,8.81,11.66,2026-03-22 00:05:00
1774138200000,8.79,8.79,8.79,8.79,8.91,2026-03-22 00:10:00
1774138500000,8.82,8.85,8.82,8.84,2.02,2026-03-22 00:15:00
1774138800000,8.83,8.83,8.81,8.83,25.4,2026-03-22 00:20:00
1774139100000,8.84,8.84,8.82,8.83,5.79,2026-03-22 00:25:00
1774139400000,8.86,8.89,8.86,8.88,4.96,2026-03-22 00:30:00
1774139700000,8.89,8.89,8.89,8.89,0.15,2026-03-22 00:35:00
1774140000000,8.88,8.88,8.86,8.86,0.96,2026-03-22 00:40:00
1774140300000,8.86,8.86,8.86,8.86,0.0,2026-03-22 00:45:00
1774140600000,8.86,8.86,8.86,8.86,0.0,2026-03-22 00:50:00
1774140900000,8.86,8.86,8.86,8.86,0.0,2026-03-22 00:55:00
1774141200000,8.86,8.86,8.86,8.86,0.0,2026-03-22 01:00:00
1774141500000,8.86,8.86,8.86,8.86,0.0,2026-03-22 01:05:00
1774141800000,8.86,8.86,8.86,8.86,0.0,2026-03-22 01:10:00
1774142100000,8.86,8.86,8.86,8.86,0.0,2026-03-22 01:15:00
1774142400000,8.86,8.86,8.86,8.86,0.0,2026-03-22 01:20:00
1774142700000,8.86,8.86,8.86,8.86,0.0,2026-03-22 01:25:00
1774143000000,8.86,8.86,8.86,8.86,0.0,2026-03-22 01:30:00
1774143300000,8.86,8.86,8.86,8.86,0.0,2026-03-22 01:35:00
1774143600000,8.86,8.86,8.86,8.86,0.0,2026-03-22 01:40:00
1774143900000,8.86,8.86,8.86,8.86,0.0,2026-03-22 01:45:00
1774144200000,8.86,8.86,8.86,8.86,0.0,2026-03-22 01:50:00
1774144500000,8.85,8.85,8.85,8.85,2.08,2026-03-22 01:55:00
1774144800000,8.85,8.85,8.85,8.85,0.0,2026-03-22 02:00:00
1774145100000,8.85,8.85,8.85,8.85,0.0,2026-03-22 02:05:00
1774145400000,8.85,8.85,8.85,8.85,0.0,2026-03-22 02:10:00
1774145700000,8.85,8.85,8.85,8.85,0.0,2026-03-22 02:15:00
1774146000000,8.85,8.85,8.85,8.85,0.0,2026-03-22 02:20:00
1774146300000,8.91,8.92,8.91,8.92,15.69,2026-03-22 02:25:00
1774146600000,8.9,8.9,8.9,8.9,7.3,2026-03-22 02:30:00
1774146900000,8.9,8.9,8.9,8.9,0.0,2026-03-22 02:35:00
1774147200000,8.9,8.9,8.9,8.9,0.0,2026-03-22 02:40:00
1774147500000,8.9,8.9,8.9,8.9,0.0,2026-03-22 02:45:00
1774147800000,8.9,8.9,8.9,8.9,0.0,2026-03-22 02:50:00
1774148100000,8.91,8.91,8.88,8.88,3.21,2026-03-22 02:55:00
1774148400000,8.9,8.9,8.87,8.89,5.32,2026-03-22 03:00:00
1774148700000,8.89,8.89,8.89,8.89,0.0,2026-03-22 03:05:00
1774149000000,8.89,8.89,8.89,8.89,0.0,2026-03-22 03:10:00
1774149300000,8.89,8.89,8.89,8.89,0.0,2026-03-22 03:15:00
1774149600000,8.89,8.89,8.89,8.89,0.0,2026-03-22 03:20:00
1774149900000,8.89,8.89,8.89,8.89,0.0,2026-03-22 03:25:00
1774150200000,8.93,8.93,8.93,8.93,8.39,2026-03-22 03:30:00
1774150500000,8.93,8.93,8.93,8.93,0.0,2026-03-22 03:35:00
1774150800000,8.93,8.93,8.93,8.93,0.0,2026-03-22 03:40:00
1774151100000,8.93,8.93,8.93,8.93,0.0,2026-03-22 03:45:00
1774151400000,8.93,8.93,8.93,8.93,0.0,2026-03-22 03:50:00
1774151700000,8.93,8.93,8.93,8.93,0.0,2026-03-22 03:55:00
1774152000000,8.92,8.92,8.92,8.92,5.59,2026-03-22 04:00:00
1774152300000,8.94,8.94,8.94,8.94,1.67,2026-03-22 04:05:00
1774152600000,8.94,8.94,8.94,8.94,0.0,2026-03-22 04:10:00
1774152900000,8.94,8.94,8.94,8.94,0.0,2026-03-22 04:15:00
1774153200000,8.94,8.94,8.94,8.94,0.0,2026-03-22 04:20:00
1774153500000,8.94,8.94,8.94,8.94,0.0,2026-03-22 04:25:00
1774153800000,8.94,8.94,8.94,8.94,0.0,2026-03-22 04:30:00
1774154100000,8.94,8.94,8.94,8.94,0.0,2026-03-22 04:35:00
1774154400000,8.93,8.93,8.93,8.93,55.78,2026-03-22 04:40:00
1774154700000,8.93,8.93,8.93,8.93,0.0,2026-03-22 04:45:00
1774155000000,8.93,8.93,8.93,8.93,0.0,2026-03-22 04:50:00
1774155300000,8.91,8.91,8.91,8.91,0.6,2026-03-22 04:55:00
1774155600000,8.91,8.91,8.91,8.91,0.0,2026-03-22 05:00:00
1774155900000,8.91,8.91,8.91,8.91,0.0,2026-03-22 05:05:00
1774156200000,8.91,8.91,8.91,8.91,0.0,2026-03-22 05:10:00
1774156500000,8.94,8.94,8.94,8.94,0.97,2026-03-22 05:15:00
1774156800000,8.94,8.94,8.94,8.94,0.0,2026-03-22 05:20:00
1774157100000,8.94,8.94,8.94,8.94,0.0,2026-03-22 05:25:00
1774157400000,8.94,8.94,8.94,8.94,0.0,2026-03-22 05:30:00
1774157700000,8.94,8.94,8.94,8.94,0.0,2026-03-22 05:35:00
1774158000000,8.94,8.94,8.94,8.94,0.0,2026-03-22 05:40:00
1774158300000,8.91,8.91,8.91,8.91,0.96,2026-03-22 05:45:00
1774158600000,8.91,8.91,8.91,8.91,6.51,2026-03-22 05:50:00
1774158900000,8.91,8.91,8.91,8.91,0.0,2026-03-22 05:55:00
1774159200000,8.91,8.91,8.91,8.91,0.0,2026-03-22 06:00:00
1774159500000,8.91,8.91,8.91,8.91,0.0,2026-03-22 06:05:00
1774159800000,8.91,8.91,8.91,8.91,0.0,2026-03-22 06:10:00
1774160100000,8.91,8.91,8.91,8.91,0.0,2026-03-22 06:15:00
1774160400000,8.91,8.91,8.91,8.91,0.0,2026-03-22 06:20:00
1774160700000,8.91,8.91,8.91,8.91,0.0,2026-03-22 06:25:00
1774161000000,8.91,8.91,8.91,8.91,0.0,2026-03-22 06:30:00
1774161300000,8.91,8.91,8.91,8.91,0.0,2026-03-22 06:35:00
1774161600000,8.91,8.91,8.91,8.91,0.0,2026-03-22 06:40:00
1774161900000,8.91,8.91,8.91,8.91,0.0,2026-03-22 06:45:00
1774162200000,8.91,8.91,8.91,8.91,0.0,2026-03-22 06:50:00
1774162500000,8.91,8.91,8.91,8.91,0.0,2026-03-22 06:55:00
1774162800000,8.9,8.9,8.9,8.9,0.34,2026-03-22 07:00:00
1774163100000,8.9,8.9,8.9,8.9,0.0,2026-03-22 07:05:00
1774163400000,8.9,8.9,8.9,8.9,0.0,2026-03-22 07:10:00
1774163700000,8.9,8.9,8.9,8.9,0.0,2026-03-22 07:15:00
1774164000000,8.9,8.9,8.9,8.9,0.0,2026-03-22 07:20:00
1774164300000,8.9,8.9,8.9,8.9,0.0,2026-03-22 07:25:00
1774164600000,8.9,8.9,8.9,8.9,0.0,2026-03-22 07:30:00
1774164900000,8.9,8.9,8.9,8.9,0.0,2026-03-22 07:35:00
1774165200000,8.9,8.9,8.9,8.9,0.0,2026-03-22 07:40:00
1774165500000,8.9,8.9,8.9,8.9,0.0,2026-03-22 07:45:00
1774165800000,8.9,8.9,8.9,8.9,0.0,2026-03-22 07:50:00
1774166100000,8.86,8.86,8.86,8.86,0.68,2026-03-22 07:55:00
1774166400000,8.82,8.82,8.78,8.78,1.48,2026-03-22 08:00:00
1774166700000,8.78,8.78,8.78,8.78,0.0,2026-03-22 08:05:00
1774167000000,8.78,8.78,8.78,8.78,0.0,2026-03-22 08:10:00
1774167300000,8.83,8.83,8.83,8.83,11.38,2026-03-22 08:15:00
1774167600000,8.83,8.83,8.83,8.83,0.0,2026-03-22 08:20:00
1774167900000,8.83,8.83,8.83,8.83,0.0,2026-03-22 08:25:00
1774168200000,8.83,8.83,8.83,8.83,0.0,2026-03-22 08:30:00
1774168500000,8.83,8.83,8.83,8.83,0.0,2026-03-22 08:35:00
1774168800000,8.83,8.83,8.83,8.83,0.0,2026-03-22 08:40:00
1774169100000,8.83,8.83,8.83,8.83,0.0,2026-03-22 08:45:00
1774169400000,8.83,8.83,8.83,8.83,0.0,2026-03-22 08:50:00
1774169700000,8.83,8.83,8.83,8.83,0.0,2026-03-22 08:55:00
1774170000000,8.83,8.83,8.83,8.83,0.0,2026-03-22 09:00:00
1774170300000,8.83,8.83,8.83,8.83,0.0,2026-03-22 09:05:00
1774170600000,8.83,8.83,8.83,8.83,0.0,2026-03-22 09:10:00
1774170900000,8.83,8.83,8.83,8.83,0.0,2026-03-22 09:15:00
1774171200000,8.81,8.81,8.81,8.81,5.53,2026-03-22 09:20:00
1774171500000,8.81,8.81,8.81,8.81,0.0,2026-03-22 09:25:00
1774171800000,8.81,8.81,8.81,8.81,0.0,2026-03-22 09:30:00
1774172100000,8.81,8.81,8.81,8.81,0.0,2026-03-22 09:35:00
1774172400000,8.81,8.81,8.81,8.81,0.0,2026-03-22 09:40:00
1774172700000,8.81,8.81,8.81,8.81,0.0,2026-03-22 09:45:00
1774173000000,8.81,8.81,8.81,8.81,0.0,2026-03-22 09:50:00
1774173300000,8.81,8.81,8.81,8.81,0.0,2026-03-22 09:55:00
1774173600000,8.83,8.83,8.81,8.81,1.68,2026-03-22 10:00:00
1774173900000,8.81,8.81,8.79,8.79,0.42,2026-03-22 10:05:00
1774174200000,8.79,8.79,8.79,8.79,0.0,2026-03-22 10:10:00
1774174500000,8.79,8.79,8.79,8.79,0.0,2026-03-22 10:15:00
1774174800000,8.79,8.79,8.79,8.79,0.0,2026-03-22 10:20:00
1774175100000,8.79,8.79,8.79,8.79,0.0,2026-03-22 10:25:00
1774175400000,8.79,8.79,8.79,8.79,0.0,2026-03-22 10:30:00
1774175700000,8.79,8.79,8.79,8.79,0.0,2026-03-22 10:35:00
1774176000000,8.79,8.79,8.79,8.79,0.0,2026-03-22 10:40:00
1774176300000,8.79,8.79,8.79,8.79,0.0,2026-03-22 10:45:00
1774176600000,8.79,8.79,8.79,8.79,0.0,2026-03-22 10:50:00
1774176900000,8.79,8.79,8.79,8.79,0.0,2026-03-22 10:55:00
1774177200000,8.79,8.79,8.79,8.79,0.0,2026-03-22 11:00:00
1774177500000,8.79,8.79,8.79,8.79,0.0,2026-03-22 11:05:00
1774177800000,8.79,8.79,8.79,8.79,0.0,2026-03-22 11:10:00
1774178100000,8.79,8.79,8.79,8.79,0.0,2026-03-22 11:15:00
1774178400000,8.79,8.79,8.79,8.79,0.0,2026-03-22 11:20:00
1774178700000,8.79,8.79,8.79,8.79,0.0,2026-03-22 11:25:00
1774179000000,8.79,8.79,8.79,8.79,0.0,2026-03-22 11:30:00
1774179300000,8.78,8.78,8.78,8.78,22.81,2026-03-22 11:35:00
1774179600000,8.78,8.78,8.78,8.78,0.0,2026-03-22 11:40:00
1774179900000,8.78,8.78,8.78,8.78,0.0,2026-03-22 11:45:00
1774180200000,8.78,8.78,8.78,8.78,0.0,2026-03-22 11:50:00
1774180500000,8.78,8.78,8.78,8.78,0.0,2026-03-22 11:55:00
1774180800000,8.78,8.78,8.78,8.78,0.0,2026-03-22 12:00:00
1774181100000,8.78,8.78,8.78,8.78,0.0,2026-03-22 12:05:00
1774181400000,8.78,8.78,8.78,8.78,0.0,2026-03-22 12:10:00
1774181700000,8.78,8.78,8.78,8.78,0.0,2026-03-22 12:15:00
1774182000000,8.77,8.77,8.77,8.77,24.0,2026-03-22 12:20:00
1774182300000,8.77,8.77,8.77,8.77,0.0,2026-03-22 12:25:00
1774182600000,8.77,8.77,8.77,8.77,0.0,2026-03-22 12:30:00
1774182900000,8.77,8.77,8.77,8.77,0.0,2026-03-22 12:35:00
1774183200000,8.77,8.77,8.77,8.77,0.0,2026-03-22 12:40:00
1774183500000,8.77,8.77,8.77,8.77,0.0,2026-03-22 12:45:00
1774183800000,8.77,8.77,8.77,8.77,0.0,2026-03-22 12:50:00
1774184100000,8.77,8.77,8.77,8.77,0.0,2026-03-22 12:55:00
1774184400000,8.77,8.77,8.77,8.77,0.0,2026-03-22 13:00:00
1774184700000,8.77,8.77,8.77,8.77,0.0,2026-03-22 13:05:00
1774185000000,8.77,8.77,8.77,8.77,0.0,2026-03-22 13:10:00
1774185300000,8.77,8.77,8.77,8.77,0.0,2026-03-22 13:15:00
1774185600000,8.77,8.77,8.77,8.77,0.0,2026-03-22 13:20:00
1774185900000,8.77,8.77,8.77,8.77,0.0,2026-03-22 13:25:00
1774186200000,8.77,8.77,8.77,8.77,0.0,2026-03-22 13:30:00
1774186500000,8.77,8.77,8.77,8.77,0.0,2026-03-22 13:35:00
1774186800000,8.77,8.77,8.77,8.77,0.0,2026-03-22 13:40:00
1774187100000,8.77,8.77,8.77,8.77,0.0,2026-03-22 13:45:00
1774187400000,8.77,8.77,8.77,8.77,0.0,2026-03-22 13:50:00
1774187700000,8.77,8.77,8.77,8.77,0.0,2026-03-22 13:55:00
1774188000000,8.77,8.77,8.77,8.77,0.0,2026-03-22 14:00:00
1774188300000,8.77,8.77,8.77,8.77,0.0,2026-03-22 14:05:00
1774188600000,8.81,8.81,8.81,8.81,0.61,2026-03-22 14:10:00
1774188900000,8.78,8.78,8.78,8.78,11.35,2026-03-22 14:15:00
1774189200000,8.78,8.78,8.78,8.78,0.0,2026-03-22 14:20:00
1774189500000,8.78,8.78,8.78,8.78,0.0,2026-03-22 14:25:00
1774189800000,8.78,8.78,8.78,8.78,0.0,2026-03-22 14:30:00
1774190100000,8.78,8.78,8.78,8.78,0.0,2026-03-22 14:35:00
1774190400000,8.78,8.78,8.78,8.78,0.0,2026-03-22 14:40:00
1774190700000,8.78,8.78,8.78,8.78,0.0,2026-03-22 14:45:00
1774191000000,8.78,8.78,8.78,8.78,0.0,2026-03-22 14:50:00
1774191300000,8.78,8.78,8.78,8.78,0.0,2026-03-22 14:55:00
1774191600000,8.78,8.78,8.78,8.78,0.0,2026-03-22 15:00:00
1774191900000,8.81,8.81,8.81,8.81,5.66,2026-03-22 15:05:00
1774192200000,8.81,8.81,8.81,8.81,0.0,2026-03-22 15:10:00
1774192500000,8.81,8.81,8.81,8.81,0.0,2026-03-22 15:15:00
1774192800000,8.81,8.81,8.81,8.81,0.0,2026-03-22 15:20:00
1774193100000,8.8,8.8,8.8,8.8,56.73,2026-03-22 15:25:00
1774193400000,8.8,8.8,8.8,8.8,0.0,2026-03-22 15:30:00
1774193700000,8.8,8.8,8.8,8.8,0.0,2026-03-22 15:35:00
1774194000000,8.8,8.8,8.8,8.8,0.0,2026-03-22 15:40:00
1774194300000,8.8,8.8,8.8,8.8,0.0,2026-03-22 15:45:00
1774194600000,8.8,8.8,8.8,8.8,0.0,2026-03-22 15:50:00
1774194900000,8.8,8.8,8.8,8.8,0.0,2026-03-22 15:55:00
1774195200000,8.8,8.81,8.8,8.81,28.69,2026-03-22 16:00:00
1774195500000,8.8,8.8,8.8,8.8,74.08,2026-03-22 16:05:00
1774195800000,8.81,8.81,8.8,8.8,58.04,2026-03-22 16:10:00
1774196100000,8.8,8.82,8.8,8.82,50.71,2026-03-22 16:15:00
1774196400000,8.82,8.82,8.81,8.81,43.47,2026-03-22 16:20:00
1774196700000,8.8,8.8,8.8,8.8,7.25,2026-03-22 16:25:00
1774197000000,8.8,8.8,8.8,8.8,0.0,2026-03-22 16:30:00
1774197300000,8.81,8.81,8.8,8.8,28.99,2026-03-22 16:35:00
1774197600000,8.79,8.79,8.79,8.79,50.76,2026-03-22 16:40:00
1774197900000,8.79,8.8,8.79,8.8,50.72,2026-03-22 16:45:00
1774198200000,8.8,8.8,8.8,8.8,57.97,2026-03-22 16:50:00
1774198500000,8.8,8.8,8.8,8.8,14.49,2026-03-22 16:55:00
1774198800000,8.8,8.8,8.8,8.8,0.0,2026-03-22 17:00:00
1774199100000,8.79,8.79,8.79,8.79,36.27,2026-03-22 17:05:00
1774199400000,8.79,8.79,8.79,8.79,7.58,2026-03-22 17:10:00
1774199700000,8.79,8.79,8.79,8.79,0.0,2026-03-22 17:15:00
1774200000000,8.79,8.79,8.79,8.79,0.0,2026-03-22 17:20:00
1774200300000,8.79,8.79,8.79,8.79,0.0,2026-03-22 17:25:00
1774200600000,8.79,8.79,8.79,8.79,0.0,2026-03-22 17:30:00
1774200900000,8.79,8.79,8.79,8.79,0.0,2026-03-22 17:35:00
1774201200000,8.79,8.79,8.79,8.79,0.0,2026-03-22 17:40:00
1774201500000,8.79,8.79,8.79,8.79,0.0,2026-03-22 17:45:00
1774201800000,8.79,8.79,8.79,8.79,0.0,2026-03-22 17:50:00
1774202100000,8.79,8.79,8.79,8.79,0.0,2026-03-22 17:55:00
1774202400000,8.79,8.79,8.79,8.79,0.0,2026-03-22 18:00:00
1774202700000,8.79,8.79,8.79,8.79,0.0,2026-03-22 18:05:00
1774203000000,8.79,8.79,8.79,8.79,0.0,2026-03-22 18:10:00
1774203300000,8.78,8.78,8.78,8.78,8.55,2026-03-22 18:15:00
1774203600000,8.78,8.78,8.78,8.78,0.0,2026-03-22 18:20:00
1774203900000,8.78,8.78,8.78,8.78,0.0,2026-03-22 18:25:00
1774204200000,8.78,8.78,8.78,8.78,0.0,2026-03-22 18:30:00
1774204500000,8.75,8.75,8.75,8.75,168.87,2026-03-22 18:35:00
1774204800000,8.75,8.75,8.75,8.75,0.0,2026-03-22 18:40:00
1774205100000,8.75,8.75,8.75,8.75,0.0,2026-03-22 18:45:00
1774205400000,8.75,8.75,8.75,8.75,0.0,2026-03-22 18:50:00
1774205700000,8.75,8.75,8.75,8.75,0.0,2026-03-22 18:55:00
1774206000000,8.75,8.75,8.75,8.75,0.0,2026-03-22 19:00:00
1774206300000,8.75,8.75,8.75,8.75,0.0,2026-03-22 19:05:00
1774206600000,8.74,8.74,8.74,8.74,1.14,2026-03-22 19:10:00
1774206900000,8.74,8.74,8.74,8.74,0.0,2026-03-22 19:15:00
1774207200000,8.73,8.73,8.72,8.72,28.36,2026-03-22 19:20:00
1774207500000,8.72,8.72,8.72,8.72,0.0,2026-03-22 19:25:00
1774207800000,8.71,8.71,8.7,8.7,1.74,2026-03-22 19:30:00
1774208100000,8.7,8.7,8.7,8.7,0.0,2026-03-22 19:35:00
1774208400000,8.7,8.7,8.7,8.7,0.0,2026-03-22 19:40:00
1774208700000,8.7,8.7,8.7,8.7,0.0,2026-03-22 19:45:00
1774209000000,8.7,8.7,8.7,8.7,0.0,2026-03-22 19:50:00
1774209300000,8.7,8.7,8.7,8.7,0.0,2026-03-22 19:55:00
1774209600000,8.7,8.7,8.7,8.7,0.0,2026-03-22 20:00:00
1774209900000,8.7,8.7,8.7,8.7,0.0,2026-03-22 20:05:00
1774210200000,8.74,8.74,8.74,8.74,2.28,2026-03-22 20:10:00
1774210500000,8.74,8.74,8.74,8.74,0.57,2026-03-22 20:15:00
1774210800000,8.74,8.74,8.74,8.74,0.0,2026-03-22 20:20:00
1774211100000,8.74,8.74,8.74,8.74,0.0,2026-03-22 20:25:00
1774211400000,8.74,8.74,8.74,8.74,0.0,2026-03-22 20:30:00
1774211700000,8.74,8.74,8.74,8.74,0.0,2026-03-22 20:35:00
1774212000000,8.72,8.72,8.72,8.72,57.18,2026-03-22 20:40:00
1774212300000,8.72,8.73,8.72,8.72,21.79,2026-03-22 20:45:00
1774212600000,8.72,8.72,8.7,8.71,39.1,2026-03-22 20:50:00
1774212900000,8.71,8.71,8.71,8.71,0.0,2026-03-22 20:55:00
1774213200000,8.71,8.71,8.71,8.71,0.0,2026-03-22 21:00:00
1774213500000,8.68,8.68,8.62,8.62,600.39,2026-03-22 21:05:00
1774213800000,8.62,8.62,8.62,8.62,0.0,2026-03-22 21:10:00
1774214100000,8.62,8.62,8.6,8.6,4.31,2026-03-22 21:15:00
1774214400000,8.59,8.59,8.59,8.59,15.24,2026-03-22 21:20:00
1774214700000,8.62,8.64,8.62,8.64,1.16,2026-03-22 21:25:00
1774215000000,8.64,8.64,8.64,8.64,0.0,2026-03-22 21:30:00
1774215300000,8.65,8.65,8.65,8.65,0.7,2026-03-22 21:35:00
1774215600000,8.68,8.68,8.68,8.68,522.29,2026-03-22 21:40:00
1774215900000,8.68,8.68,8.68,8.68,0.0,2026-03-22 21:45:00
1774216200000,8.68,8.68,8.68,8.68,0.0,2026-03-22 21:50:00
1774216500000,8.68,8.68,8.68,8.68,0.0,2026-03-22 21:55:00
1774216800000,8.63,8.63,8.63,8.63,9.21,2026-03-22 22:00:00
1774217100000,8.66,8.66,8.66,8.66,9.42,2026-03-22 22:05:00
1774217400000,8.66,8.66,8.66,8.66,0.0,2026-03-22 22:10:00
1774217700000,8.66,8.66,8.66,8.66,0.0,2026-03-22 22:15:00
1774218000000,8.66,8.66,8.66,8.66,8.61,2026-03-22 22:20:00
1774218300000,8.7,8.71,8.7,8.71,29.39,2026-03-22 22:25:00
1774218600000,8.71,8.71,8.71,8.71,0.0,2026-03-22 22:30:00
1774218900000,8.71,8.71,8.71,8.71,0.0,2026-03-22 22:35:00
1774219200000,8.71,8.71,8.71,8.71,0.0,2026-03-22 22:40:00
1774219500000,8.71,8.71,8.71,8.71,0.0,2026-03-22 22:45:00
1774219800000,8.71,8.71,8.71,8.71,0.0,2026-03-22 22:50:00
1774220100000,8.71,8.71,8.71,8.71,0.0,2026-03-22 22:55:00
1774220400000,8.71,8.71,8.71,8.71,0.0,2026-03-22 23:00:00
1774220700000,8.71,8.71,8.71,8.71,0.0,2026-03-22 23:05:00
1774221000000,8.75,8.75,8.75,8.75,0.69,2026-03-22 23:10:00
1774221300000,8.75,8.75,8.75,8.75,0.0,2026-03-22 23:15:00
1774221600000,8.75,8.75,8.75,8.75,0.0,2026-03-22 23:20:00
1774221900000,8.75,8.75,8.75,8.75,0.0,2026-03-22 23:25:00
1774222200000,8.75,8.75,8.75,8.75,0.0,2026-03-22 23:30:00
1774222500000,8.75,8.75,8.75,8.75,0.0,2026-03-22 23:35:00
1774222800000,8.75,8.75,8.75,8.75,0.0,2026-03-22 23:40:00
1774223100000,8.75,8.75,8.75,8.75,0.0,2026-03-22 23:45:00
1774223400000,8.7,8.72,8.7,8.72,2.76,2026-03-22 23:50:00
1774223700000,8.72,8.72,8.72,8.72,0.0,2026-03-22 23:55:00
1774224000000,8.72,8.72,8.72,8.72,0.57,2026-03-23 00:00:00
1774224300000,8.72,8.72,8.72,8.72,25.2,2026-03-23 00:05:00
1774224600000,8.73,8.73,8.73,8.73,0.14,2026-03-23 00:10:00
1774224900000,8.7,8.72,8.7,8.72,7.71,2026-03-23 00:15:00
1774225200000,8.7,8.72,8.7,8.72,6.91,2026-03-23 00:20:00
1774225500000,8.72,8.72,8.72,8.72,0.79,2026-03-23 00:25:00
1774225800000,8.72,8.72,8.7,8.7,0.37,2026-03-23 00:30:00
1774226100000,8.7,8.7,8.7,8.7,0.0,2026-03-23 00:35:00
1774226400000,8.65,8.65,8.64,8.65,7.0,2026-03-23 00:40:00
1774226700000,8.69,8.7,8.69,8.7,1.65,2026-03-23 00:45:00
1774227000000,8.7,8.7,8.7,8.7,0.0,2026-03-23 00:50:00
1774227300000,8.7,8.7,8.7,8.7,0.0,2026-03-23 00:55:00
1774227600000,8.68,8.68,8.68,8.68,20.61,2026-03-23 01:00:00
1774227900000,8.68,8.68,8.68,8.68,0.0,2026-03-23 01:05:00
1774228200000,8.71,8.71,8.71,8.71,9.12,2026-03-23 01:10:00
1774228500000,8.71,8.71,8.71,8.71,670.44,2026-03-23 01:15:00
1774228800000,8.75,8.75,8.7,8.72,12.35,2026-03-23 01:20:00
1774229100000,8.72,8.72,8.72,8.72,0.0,2026-03-23 01:25:00
1774229400000,8.72,8.72,8.72,8.72,0.0,2026-03-23 01:30:00
1774229700000,8.72,8.72,8.72,8.72,0.0,2026-03-23 01:35:00
1774230000000,8.72,8.72,8.72,8.72,0.0,2026-03-23 01:40:00
1774230300000,8.72,8.72,8.72,8.72,0.0,2026-03-23 01:45:00
1774230600000,8.72,8.72,8.72,8.72,0.0,2026-03-23 01:50:00
1774230900000,8.7,8.7,8.7,8.7,0.69,2026-03-23 01:55:00
1774231200000,8.7,8.7,8.7,8.7,0.0,2026-03-23 02:00:00
1774231500000,8.7,8.7,8.7,8.7,0.0,2026-03-23 02:05:00
1774231800000,8.7,8.7,8.7,8.7,0.0,2026-03-23 02:10:00
1774232100000,8.7,8.7,8.7,8.7,0.0,2026-03-23 02:15:00
1774232400000,8.7,8.7,8.7,8.7,0.0,2026-03-23 02:20:00
1774232700000,8.75,8.75,8.75,8.75,0.69,2026-03-23 02:25:00
1774233000000,8.78,8.78,8.78,8.78,20.0,2026-03-23 02:30:00
1774233300000,8.78,8.78,8.78,8.78,0.0,2026-03-23 02:35:00
1774233600000,8.78,8.78,8.78,8.78,0.0,2026-03-23 02:40:00
1774233900000,8.78,8.78,8.78,8.78,0.0,2026-03-23 02:45:00
1774234200000,8.78,8.78,8.78,8.78,0.0,2026-03-23 02:50:00
1774234500000,8.78,8.78,8.78,8.78,0.0,2026-03-23 02:55:00
1774234800000,8.78,8.79,8.78,8.79,6.82,2026-03-23 03:00:00
1774235100000,8.79,8.79,8.79,8.79,0.0,2026-03-23 03:05:00
1774235400000,8.75,8.75,8.75,8.75,7.4,2026-03-23 03:10:00
1774235700000,8.75,8.75,8.75,8.75,0.0,2026-03-23 03:15:00
1774236000000,8.75,8.75,8.75,8.75,0.0,2026-03-23 03:20:00
1774236300000,8.71,8.71,8.71,8.71,10.8,2026-03-23 03:25:00
1774236600000,8.71,8.71,8.71,8.71,0.0,2026-03-23 03:30:00
1774236900000,8.71,8.71,8.71,8.71,0.0,2026-03-23 03:35:00
1774237200000,8.71,8.71,8.71,8.71,0.0,2026-03-23 03:40:00
1774237500000,8.71,8.71,8.71,8.71,0.0,2026-03-23 03:45:00
1774237800000,8.73,8.73,8.73,8.73,12.01,2026-03-23 03:50:00
1774238100000,8.73,8.73,8.73,8.73,0.0,2026-03-23 03:55:00
1774238400000,8.73,8.73,8.73,8.73,0.0,2026-03-23 04:00:00
1774238700000,8.72,8.72,8.72,8.72,1.71,2026-03-23 04:05:00
1774239000000,8.72,8.72,8.72,8.72,0.0,2026-03-23 04:10:00
1774239300000,8.7,8.7,8.7,8.7,34.99,2026-03-23 04:15:00
1774239600000,8.73,8.73,8.73,8.73,57.14,2026-03-23 04:20:00
1774239900000,8.73,8.73,8.73,8.73,0.0,2026-03-23 04:25:00
1774240200000,8.73,8.73,8.73,8.73,0.0,2026-03-23 04:30:00
1774240500000,8.73,8.73,8.73,8.73,0.0,2026-03-23 04:35:00
1774240800000,8.74,8.74,8.74,8.74,17.16,2026-03-23 04:40:00
1774241100000,8.74,8.74,8.74,8.74,0.0,2026-03-23 04:45:00
1774241400000,8.73,8.73,8.73,8.73,7.67,2026-03-23 04:50:00
1774241700000,8.73,8.73,8.73,8.73,0.0,2026-03-23 04:55:00
1774242000000,8.75,8.79,8.75,8.79,4.23,2026-03-23 05:00:00
1774242300000,8.79,8.79,8.79,8.79,0.0,2026-03-23 05:05:00
1774242600000,8.79,8.79,8.79,8.79,0.0,2026-03-23 05:10:00
1774242900000,8.79,8.79,8.79,8.79,0.0,2026-03-23 05:15:00
1774243200000,8.79,8.79,8.79,8.79,0.0,2026-03-23 05:20:00
1774243500000,8.76,8.76,8.76,8.76,8.61,2026-03-23 05:25:00
1774243800000,8.76,8.76,8.76,8.76,0.0,2026-03-23 05:30:00
1774244100000,8.76,8.76,8.76,8.76,0.0,2026-03-23 05:35:00
1774244400000,8.76,8.76,8.76,8.76,0.0,2026-03-23 05:40:00
1774244700000,8.76,8.76,8.76,8.76,0.0,2026-03-23 05:45:00
1774245000000,8.76,8.76,8.76,8.76,0.0,2026-03-23 05:50:00
1774245300000,8.76,8.76,8.76,8.76,0.0,2026-03-23 05:55:00
1774245600000,8.76,8.76,8.76,8.76,0.0,2026-03-23 06:00:00
1774245900000,8.74,8.74,8.71,8.71,14.01,2026-03-23 06:05:00
1774246200000,8.71,8.71,8.71,8.71,0.0,2026-03-23 06:10:00
1774246500000,8.71,8.71,8.71,8.71,0.0,2026-03-23 06:15:00
1774246800000,8.71,8.71,8.71,8.71,0.0,2026-03-23 06:20:00
1774247100000,8.71,8.71,8.71,8.71,0.0,2026-03-23 06:25:00
1774247400000,8.7,8.7,8.7,8.7,0.69,2026-03-23 06:30:00
1774247700000,8.67,8.67,8.65,8.65,5.07,2026-03-23 06:35:00
1774248000000,8.63,8.63,8.63,8.63,1.14,2026-03-23 06:40:00
1774248300000,8.62,8.66,8.62,8.66,22.33,2026-03-23 06:45:00
1774248600000,8.66,8.66,8.66,8.66,0.0,2026-03-23 06:50:00
1774248900000,8.66,8.66,8.66,8.66,0.0,2026-03-23 06:55:00
1774249200000,8.65,8.65,8.65,8.65,5.62,2026-03-23 07:00:00
1774249500000,8.61,8.61,8.6,8.61,20.14,2026-03-23 07:05:00
1774249800000,8.61,8.61,8.61,8.61,0.0,2026-03-23 07:10:00
1774250100000,8.61,8.61,8.61,8.61,0.0,2026-03-23 07:15:00
1774250400000,8.62,8.62,8.59,8.59,24.08,2026-03-23 07:20:00
1774250700000,8.58,8.63,8.58,8.63,42.8,2026-03-23 07:25:00
1774251000000,8.63,8.63,8.62,8.62,36.34,2026-03-23 07:30:00
1774251300000,8.64,8.65,8.64,8.65,7.81,2026-03-23 07:35:00
1774251600000,8.65,8.65,8.65,8.65,0.0,2026-03-23 07:40:00
1774251900000,8.65,8.65,8.65,8.65,0.0,2026-03-23 07:45:00
1774252200000,8.65,8.65,8.65,8.65,0.0,2026-03-23 07:50:00
1774252500000,8.64,8.64,8.64,8.64,11.55,2026-03-23 07:55:00
1774252800000,8.64,8.64,8.64,8.64,0.0,2026-03-23 08:00:00
1774253100000,8.64,8.64,8.64,8.64,0.0,2026-03-23 08:05:00
1774253400000,8.64,8.64,8.64,8.64,0.0,2026-03-23 08:10:00
1774253700000,8.64,8.64,8.64,8.64,0.0,2026-03-23 08:15:00
1774254000000,8.64,8.64,8.64,8.64,0.0,2026-03-23 08:20:00
1774254300000,8.64,8.64,8.64,8.64,0.0,2026-03-23 08:25:00
1774254600000,8.64,8.64,8.64,8.64,0.0,2026-03-23 08:30:00
1774254900000,8.64,8.64,8.64,8.64,0.0,2026-03-23 08:35:00
1774255200000,8.64,8.64,8.64,8.64,0.0,2026-03-23 08:40:00
1774255500000,8.64,8.64,8.64,8.64,0.0,2026-03-23 08:45:00
1774255800000,8.64,8.64,8.64,8.64,0.0,2026-03-23 08:50:00
1774256100000,8.64,8.64,8.64,8.64,0.0,2026-03-23 08:55:00
1774256400000,8.64,8.64,8.64,8.64,0.0,2026-03-23 09:00:00
1774256700000,8.64,8.64,8.64,8.64,0.0,2026-03-23 09:05:00
1774257000000,8.64,8.64,8.64,8.64,0.0,2026-03-23 09:10:00
1774257300000,8.64,8.64,8.64,8.64,0.0,2026-03-23 09:15:00
1774257600000,8.63,8.63,8.63,8.63,5.64,2026-03-23 09:20:00
1774257900000,8.63,8.63,8.63,8.63,0.0,2026-03-23 09:25:00
1774258200000,8.63,8.63,8.63,8.63,0.0,2026-03-23 09:30:00
1774258500000,8.6,8.6,8.6,8.6,0.7,2026-03-23 09:35:00
1774258800000,8.6,8.6,8.6,8.6,0.0,2026-03-23 09:40:00
1774259100000,8.62,8.62,8.62,8.62,4.15,2026-03-23 09:45:00
1774259400000,8.62,8.62,8.62,8.62,0.0,2026-03-23 09:50:00
1774259700000,8.62,8.62,8.62,8.62,0.0,2026-03-23 09:55:00
1774260000000,8.65,8.65,8.65,8.65,0.7,2026-03-23 10:00:00
1774260300000,8.65,8.65,8.65,8.65,0.0,2026-03-23 10:05:00
1774260600000,8.65,8.65,8.65,8.65,0.0,2026-03-23 10:10:00
1774260900000,8.65,8.65,8.65,8.65,0.0,2026-03-23 10:15:00
1774261200000,8.65,8.65,8.65,8.65,0.0,2026-03-23 10:20:00
1774261500000,8.65,8.65,8.65,8.65,0.0,2026-03-23 10:25:00
1774261800000,8.65,8.65,8.65,8.65,0.0,2026-03-23 10:30:00
1774262100000,8.65,8.65,8.65,8.65,0.0,2026-03-23 10:35:00
1774262400000,8.65,8.65,8.65,8.65,0.0,2026-03-23 10:40:00
1774262700000,8.65,8.65,8.65,8.65,0.0,2026-03-23 10:45:00
1774263000000,8.65,8.65,8.65,8.65,0.0,2026-03-23 10:50:00
1774263300000,8.65,8.65,8.65,8.65,0.0,2026-03-23 10:55:00
1774263600000,8.65,8.65,8.65,8.65,0.0,2026-03-23 11:00:00
1774263900000,8.67,9.12,8.67,9.12,786.93,2026-03-23 11:05:00
1774264200000,9.17,9.25,9.12,9.16,36.51,2026-03-23 11:10:00
1774264500000,9.16,9.16,9.16,9.16,11.76,2026-03-23 11:15:00
1774264800000,9.12,9.12,9.02,9.02,37.16,2026-03-23 11:20:00
1774265100000,9.02,9.02,9.02,9.02,0.0,2026-03-23 11:25:00
1774265400000,9.12,9.12,9.12,9.12,0.66,2026-03-23 11:30:00
1774265700000,9.07,9.07,9.02,9.02,2.42,2026-03-23 11:35:00
1774266000000,9.02,9.02,9.02,9.02,0.0,2026-03-23 11:40:00
1774266300000,8.99,8.99,8.97,8.97,16.35,2026-03-23 11:45:00
1774266600000,9.02,9.02,9.02,9.02,0.67,2026-03-23 11:50:00
1774266900000,9.02,9.02,9.02,9.02,0.0,2026-03-23 11:55:00
1774267200000,8.97,8.97,8.96,8.97,17.39,2026-03-23 12:00:00
1774267500000,8.99,8.99,8.99,8.99,2.77,2026-03-23 12:05:00
1774267800000,8.99,8.99,8.99,8.99,0.73,2026-03-23 12:10:00
1774268100000,8.99,8.99,8.99,8.99,0.0,2026-03-23 12:15:00
1774268400000,8.99,8.99,8.99,8.99,0.0,2026-03-23 12:20:00
1774268700000,9.0,9.0,9.0,9.0,587.75,2026-03-23 12:25:00
1774269000000,9.0,9.0,9.0,9.0,0.0,2026-03-23 12:30:00
1774269300000,9.02,9.03,9.02,9.03,8.56,2026-03-23 12:35:00
1774269600000,9.03,9.03,9.03,9.03,0.0,2026-03-23 12:40:00
1774269900000,9.03,9.03,9.03,9.03,0.0,2026-03-23 12:45:00
1774270200000,9.03,9.03,9.03,9.03,0.0,2026-03-23 12:50:00
1774270500000,9.03,9.03,9.03,9.03,0.0,2026-03-23 12:55:00
1774270800000,9.03,9.03,9.03,9.03,0.0,2026-03-23 13:00:00
1774271100000,9.03,9.03,9.03,9.03,0.0,2026-03-23 13:05:00
1774271400000,9.03,9.03,9.03,9.03,0.0,2026-03-23 13:10:00
1774271700000,9.03,9.03,9.03,9.03,0.0,2026-03-23 13:15:00
1774272000000,9.03,9.03,9.03,9.03,0.0,2026-03-23 13:20:00
1774272300000,9.03,9.03,9.03,9.03,0.0,2026-03-23 13:25:00
1774272600000,9.03,9.03,9.03,9.03,0.0,2026-03-23 13:30:00
1774272900000,9.05,9.07,9.05,9.07,11.3,2026-03-23 13:35:00
1774273200000,9.12,9.12,9.12,9.12,0.66,2026-03-23 13:40:00
1774273500000,9.11,9.11,9.11,9.11,8.98,2026-03-23 13:45:00
1774273800000,9.11,9.11,9.11,9.11,0.0,2026-03-23 13:50:00
1774274100000,9.11,9.11,9.11,9.11,0.0,2026-03-23 13:55:00
1774274400000,9.17,9.19,9.17,9.19,15.22,2026-03-23 14:00:00
1774274700000,9.15,9.19,9.15,9.19,593.34,2026-03-23 14:05:00
1774275000000,9.18,9.18,9.18,9.18,0.58,2026-03-23 14:10:00
1774275300000,9.18,9.18,9.18,9.18,0.0,2026-03-23 14:15:00
1774275600000,9.18,9.18,9.18,9.18,0.0,2026-03-23 14:20:00
1774275900000,9.18,9.18,9.18,9.18,0.0,2026-03-23 14:25:00
1774276200000,9.18,9.18,9.18,9.18,0.0,2026-03-23 14:30:00
1774276500000,9.18,9.18,9.18,9.18,0.0,2026-03-23 14:35:00
1774276800000,9.18,9.18,9.18,9.18,0.0,2026-03-23 14:40:00
1774277100000,9.18,9.18,9.18,9.18,0.0,2026-03-23 14:45:00
1774277400000,9.18,9.18,9.18,9.18,0.0,2026-03-23 14:50:00
1774277700000,9.22,9.22,9.22,9.22,0.65,2026-03-23 14:55:00
1774278000000,9.25,9.29,9.25,9.29,12.41,2026-03-23 15:00:00
1774278300000,9.28,9.28,9.28,9.28,5.37,2026-03-23 15:05:00
1774278600000,9.28,9.28,9.28,9.28,0.0,2026-03-23 15:10:00
1774278900000,9.25,9.25,9.25,9.25,7.06,2026-03-23 15:15:00
1774279200000,9.22,9.22,9.19,9.19,1.95,2026-03-23 15:20:00
1774279500000,9.19,9.19,9.17,9.17,2.22,2026-03-23 15:25:00
1774279800000,9.12,9.12,9.11,9.11,1.22,2026-03-23 15:30:00
1774280100000,9.11,9.11,9.11,9.11,0.54,2026-03-23 15:35:00
1774280400000,9.11,9.11,9.11,9.11,0.0,2026-03-23 15:40:00
1774280700000,9.07,9.07,9.07,9.07,0.66,2026-03-23 15:45:00
1774281000000,9.07,9.07,9.07,9.07,0.0,2026-03-23 15:50:00
1774281300000,9.07,9.07,9.07,9.07,0.0,2026-03-23 15:55:00
1774281600000,9.08,9.08,9.08,9.08,1.1,2026-03-23 16:00:00
1774281900000,9.1,9.1,9.1,9.1,54.92,2026-03-23 16:05:00
1774282200000,9.1,9.1,9.1,9.1,0.0,2026-03-23 16:10:00
1774282500000,9.1,9.1,9.1,9.1,0.0,2026-03-23 16:15:00
1774282800000,9.1,9.1,9.1,9.1,0.0,2026-03-23 16:20:00
1774283100000,9.04,9.04,9.0,9.0,164.65,2026-03-23 16:25:00
1774283400000,9.0,9.0,9.0,9.0,0.0,2026-03-23 16:30:00
1774283700000,9.0,9.0,9.0,9.0,0.0,2026-03-23 16:35:00
1774284000000,9.0,9.0,9.0,9.0,0.0,2026-03-23 16:40:00
1774284300000,9.0,9.0,9.0,9.0,0.0,2026-03-23 16:45:00
1774284600000,9.0,9.0,9.0,9.0,0.0,2026-03-23 16:50:00
1774284900000,9.0,9.0,9.0,9.0,0.0,2026-03-23 16:55:00
1774285200000,9.0,9.0,9.0,9.0,0.0,2026-03-23 17:00:00
1774285500000,9.07,9.07,9.07,9.07,7.29,2026-03-23 17:05:00
1774285800000,9.07,9.07,9.07,9.07,0.0,2026-03-23 17:10:00
1774286100000,9.04,9.04,9.04,9.04,2.21,2026-03-23 17:15:00
1774286400000,9.02,9.02,9.02,9.02,0.66,2026-03-23 17:20:00
1774286700000,9.02,9.02,9.02,9.02,0.0,2026-03-23 17:25:00
1774287000000,9.07,9.07,9.07,9.07,0.66,2026-03-23 17:30:00
1774287300000,9.11,9.12,9.11,9.12,2.01,2026-03-23 17:35:00
1774287600000,9.09,9.09,9.09,9.09,0.11,2026-03-23 17:40:00
1774287900000,9.09,9.09,9.09,9.09,0.0,2026-03-23 17:45:00
1774288200000,9.12,9.12,9.12,9.12,5.47,2026-03-23 17:50:00
1774288500000,9.12,9.12,9.12,9.12,0.0,2026-03-23 17:55:00
1774288800000,9.12,9.12,9.12,9.12,0.0,2026-03-23 18:00:00
1774289100000,9.12,9.12,9.12,9.12,0.0,2026-03-23 18:05:00
1774289400000,9.12,9.12,9.12,9.12,0.0,2026-03-23 18:10:00
1774289700000,9.12,9.12,9.12,9.12,0.0,2026-03-23 18:15:00
1774290000000,9.12,9.12,9.12,9.12,0.0,2026-03-23 18:20:00
1774290300000,9.12,9.12,9.12,9.12,0.0,2026-03-23 18:25:00
1774290600000,9.15,9.15,9.15,9.15,4.62,2026-03-23 18:30:00
1774290900000,9.15,9.15,9.15,9.15,0.0,2026-03-23 18:35:00
1774291200000,9.15,9.15,9.15,9.15,0.0,2026-03-23 18:40:00
1774291500000,9.15,9.15,9.15,9.15,0.0,2026-03-23 18:45:00
1774291800000,9.15,9.15,9.15,9.15,0.0,2026-03-23 18:50:00
1774292100000,9.17,9.17,9.17,9.17,0.66,2026-03-23 18:55:00
1774292400000,9.17,9.17,9.17,9.17,0.0,2026-03-23 19:00:00
1774292700000,9.17,9.17,9.17,9.17,0.0,2026-03-23 19:05:00
1774293000000,9.17,9.17,9.17,9.17,0.0,2026-03-23 19:10:00
1774293300000,9.17,9.17,9.17,9.17,0.0,2026-03-23 19:15:00
1774293600000,9.17,9.17,9.17,9.17,0.0,2026-03-23 19:20:00
1774293900000,9.17,9.17,9.17,9.17,0.0,2026-03-23 19:25:00
1774294200000,9.17,9.17,9.17,9.17,0.0,2026-03-23 19:30:00
1774294500000,9.17,9.17,9.17,9.17,0.0,2026-03-23 19:35:00
1774294800000,9.17,9.17,9.17,9.17,0.0,2026-03-23 19:40:00
1774295100000,9.17,9.17,9.17,9.17,0.0,2026-03-23 19:45:00
1774295400000,9.17,9.17,9.17,9.17,0.0,2026-03-23 19:50:00
1774295700000,9.17,9.17,9.17,9.17,0.0,2026-03-23 19:55:00
1774296000000,9.17,9.17,9.17,9.17,0.0,2026-03-23 20:00:00
1774296300000,9.14,9.14,9.14,9.14,5.46,2026-03-23 20:05:00
1774296600000,9.14,9.14,9.14,9.14,0.0,2026-03-23 20:10:00
1774296900000,9.14,9.14,9.14,9.14,0.0,2026-03-23 20:15:00
1774297200000,9.14,9.14,9.14,9.14,0.0,2026-03-23 20:20:00
1774297500000,9.14,9.14,9.14,9.14,0.0,2026-03-23 20:25:00
1774297800000,9.14,9.14,9.14,9.14,0.0,2026-03-23 20:30:00
1774298100000,9.14,9.14,9.14,9.14,0.0,2026-03-23 20:35:00
1774298400000,9.14,9.14,9.14,9.14,0.0,2026-03-23 20:40:00
1774298700000,9.14,9.14,9.14,9.14,0.0,2026-03-23 20:45:00
1774299000000,9.14,9.14,9.14,9.14,0.0,2026-03-23 20:50:00
1774299300000,9.14,9.14,9.14,9.14,0.0,2026-03-23 20:55:00
1774299600000,9.14,9.14,9.14,9.14,0.0,2026-03-23 21:00:00
1774299900000,9.14,9.14,9.14,9.14,0.0,2026-03-23 21:05:00
1774300200000,9.14,9.14,9.14,9.14,0.0,2026-03-23 21:10:00
1774300500000,9.14,9.14,9.14,9.14,0.0,2026-03-23 21:15:00
1774300800000,9.14,9.14,9.14,9.14,0.0,2026-03-23 21:20:00
1774301100000,9.14,9.14,9.14,9.14,0.0,2026-03-23 21:25:00
1774301400000,9.16,9.16,9.16,9.16,31.67,2026-03-23 21:30:00
1774301700000,9.16,9.16,9.16,9.16,0.0,2026-03-23 21:35:00
1774302000000,9.16,9.16,9.16,9.16,0.0,2026-03-23 21:40:00
1774302300000,9.16,9.16,9.16,9.16,0.0,2026-03-23 21:45:00
1774302600000,9.16,9.16,9.16,9.16,0.0,2026-03-23 21:50:00
1774302900000,9.16,9.16,9.16,9.16,0.0,2026-03-23 21:55:00
1774303200000,9.12,9.12,9.12,9.12,0.66,2026-03-23 22:00:00
1774303500000,9.12,9.12,9.12,9.12,0.0,2026-03-23 22:05:00
1774303800000,9.12,9.12,9.12,9.12,0.0,2026-03-23 22:10:00
1774304100000,9.09,9.09,9.09,9.09,31.59,2026-03-23 22:15:00
1774304400000,9.09,9.09,9.09,9.09,0.0,2026-03-23 22:20:00
1774304700000,9.09,9.09,9.09,9.09,0.0,2026-03-23 22:25:00
1774305000000,9.11,9.11,9.11,9.11,31.31,2026-03-23 22:30:00
1774305300000,9.11,9.11,9.11,9.11,0.0,2026-03-23 22:35:00
1774305600000,9.11,9.11,9.11,9.11,0.0,2026-03-23 22:40:00
1774305900000,9.11,9.11,9.11,9.11,0.0,2026-03-23 22:45:00
1774306200000,9.11,9.11,9.11,9.11,0.0,2026-03-23 22:50:00
1774306500000,9.11,9.11,9.11,9.11,0.0,2026-03-23 22:55:00
1774306800000,9.12,9.12,9.12,9.12,0.77,2026-03-23 23:00:00
1774307100000,9.11,9.11,9.09,9.09,98.77,2026-03-23 23:05:00
1774307400000,9.09,9.09,9.09,9.09,0.0,2026-03-23 23:10:00
1774307700000,9.07,9.07,9.06,9.06,31.23,2026-03-23 23:15:00
1774308000000,9.06,9.06,9.06,9.06,0.0,2026-03-23 23:20:00
1774308300000,9.06,9.06,9.06,9.06,0.0,2026-03-23 23:25:00
1774308600000,9.06,9.06,9.06,9.06,0.0,2026-03-23 23:30:00
1774308900000,9.06,9.06,9.06,9.06,0.0,2026-03-23 23:35:00
1774309200000,9.06,9.06,9.06,9.06,0.0,2026-03-23 23:40:00
1774309500000,9.06,9.06,9.06,9.06,0.0,2026-03-23 23:45:00
1774309800000,9.06,9.06,9.06,9.06,0.0,2026-03-23 23:50:00
1774310100000,9.06,9.06,9.06,9.06,0.0,2026-03-23 23:55:00
1774310400000,9.12,9.12,9.12,9.12,0.65,2026-03-24 00:00:00
1774310700000,9.12,9.12,9.12,9.12,0.0,2026-03-24 00:05:00
1774311000000,9.12,9.12,9.12,9.12,4.38,2026-03-24 00:10:00
1774311300000,9.07,9.1,9.07,9.1,5.93,2026-03-24 00:15:00
1774311600000,9.11,9.11,9.09,9.1,1.02,2026-03-24 00:20:00
1774311900000,9.09,9.1,9.09,9.09,1.42,2026-03-24 00:25:00
1774312200000,9.09,9.09,9.07,9.07,1.11,2026-03-24 00:30:00
1774312500000,9.08,9.09,9.05,9.05,0.87,2026-03-24 00:35:00
1774312800000,9.07,9.08,9.07,9.08,1.0,2026-03-24 00:40:00
1774313100000,9.08,9.08,9.08,9.08,0.0,2026-03-24 00:45:00
1774313400000,9.08,9.08,9.08,9.08,0.0,2026-03-24 00:50:00
1774313700000,9.08,9.08,9.08,9.08,0.0,2026-03-24 00:55:00
1774314000000,9.08,9.08,9.08,9.08,0.0,2026-03-24 01:00:00
1774314300000,9.08,9.08,9.08,9.08,0.0,2026-03-24 01:05:00
1774314600000,9.08,9.08,9.08,9.08,0.0,2026-03-24 01:10:00
1774314900000,9.06,9.06,9.06,9.06,24.2,2026-03-24 01:15:00
1774315200000,9.06,9.06,9.06,9.06,0.0,2026-03-24 01:20:00
1774315500000,9.06,9.06,9.06,9.06,0.0,2026-03-24 01:25:00
1774315800000,9.06,9.06,9.06,9.06,0.0,2026-03-24 01:30:00
1774316100000,9.05,9.05,9.05,9.05,1.39,2026-03-24 01:35:00
1774316400000,9.02,9.02,9.02,9.02,0.66,2026-03-24 01:40:00
1774316700000,9.02,9.02,9.02,9.02,0.0,2026-03-24 01:45:00
1774317000000,9.02,9.02,9.02,9.02,0.0,2026-03-24 01:50:00
1774317300000,9.02,9.02,9.02,9.02,0.0,2026-03-24 01:55:00
1774317600000,9.07,9.07,9.07,9.07,0.66,2026-03-24 02:00:00
1774317900000,9.06,9.06,9.06,9.06,0.3,2026-03-24 02:05:00
1774318200000,9.06,9.06,9.06,9.06,0.0,2026-03-24 02:10:00
1774318500000,9.07,9.08,9.07,9.08,55.0,2026-03-24 02:15:00
1774318800000,9.08,9.08,9.08,9.08,0.0,2026-03-24 02:20:00
1774319100000,9.07,9.07,9.07,9.07,4.11,2026-03-24 02:25:00
1774319400000,9.07,9.07,9.07,9.07,0.0,2026-03-24 02:30:00
1774319700000,9.07,9.07,9.07,9.07,0.0,2026-03-24 02:35:00
1774320000000,9.07,9.07,9.07,9.07,0.0,2026-03-24 02:40:00
1774320300000,9.07,9.07,9.07,9.07,0.0,2026-03-24 02:45:00
1774320600000,9.07,9.07,9.07,9.07,0.0,2026-03-24 02:50:00
1774320900000,9.07,9.07,9.07,9.07,0.0,2026-03-24 02:55:00
1774321200000,9.07,9.07,9.07,9.07,0.0,2026-03-24 03:00:00
1774321500000,9.07,9.07,9.07,9.07,0.0,2026-03-24 03:05:00
1774321800000,9.07,9.07,9.04,9.04,10.55,2026-03-24 03:10:00
1774322100000,9.04,9.04,9.04,9.04,0.0,2026-03-24 03:15:00
1774322400000,9.04,9.04,9.04,9.04,0.0,2026-03-24 03:20:00
1774322700000,9.04,9.04,9.04,9.04,0.0,2026-03-24 03:25:00
1774323000000,9.08,9.08,9.08,9.08,2.5,2026-03-24 03:30:00
1774323300000,9.08,9.08,9.08,9.08,0.0,2026-03-24 03:35:00
1774323600000,9.08,9.08,9.08,9.08,0.0,2026-03-24 03:40:00
1774323900000,9.08,9.08,9.08,9.08,0.0,2026-03-24 03:45:00
1774324200000,9.08,9.08,9.08,9.08,0.0,2026-03-24 03:50:00
1774324500000,9.08,9.08,9.08,9.08,0.0,2026-03-24 03:55:00
1774324800000,9.08,9.08,9.08,9.08,0.0,2026-03-24 04:00:00
1774325100000,9.12,9.14,9.12,9.14,2.3,2026-03-24 04:05:00
1774325400000,9.14,9.14,9.14,9.14,0.0,2026-03-24 04:10:00
1774325700000,9.14,9.14,9.14,9.14,0.0,2026-03-24 04:15:00
1774326000000,9.14,9.14,9.14,9.14,0.0,2026-03-24 04:20:00
1774326300000,9.14,9.14,9.14,9.14,0.0,2026-03-24 04:25:00
1774326600000,9.07,9.07,9.07,9.07,0.66,2026-03-24 04:30:00
1774326900000,9.07,9.07,9.07,9.07,0.0,2026-03-24 04:35:00
1774327200000,9.07,9.07,9.07,9.07,0.0,2026-03-24 04:40:00
1774327500000,9.07,9.07,9.07,9.07,0.0,2026-03-24 04:45:00
1774327800000,9.07,9.07,9.07,9.07,0.0,2026-03-24 04:50:00
1774328100000,9.07,9.07,9.07,9.07,0.0,2026-03-24 04:55:00
1774328400000,9.07,9.07,9.07,9.07,0.0,2026-03-24 05:00:00
1774328700000,9.07,9.07,9.07,9.07,0.0,2026-03-24 05:05:00
1774329000000,9.07,9.07,9.07,9.07,0.0,2026-03-24 05:10:00
1774329300000,9.07,9.07,9.07,9.07,0.0,2026-03-24 05:15:00
1774329600000,9.07,9.07,9.07,9.07,0.0,2026-03-24 05:20:00
1774329900000,9.09,9.09,9.09,9.09,22.0,2026-03-24 05:25:00
1774330200000,9.09,9.09,9.09,9.09,0.0,2026-03-24 05:30:00
1774330500000,9.09,9.09,9.09,9.09,100.0,2026-03-24 05:35:00
1774330800000,9.09,9.09,9.09,9.09,0.0,2026-03-24 05:40:00
1774331100000,9.09,9.09,9.09,9.09,0.0,2026-03-24 05:45:00
1774331400000,9.1,9.1,9.1,9.1,1.64,2026-03-24 05:50:00
1774331700000,9.1,9.1,9.1,9.1,0.0,2026-03-24 05:55:00
1774332000000,9.1,9.1,9.1,9.1,0.0,2026-03-24 06:00:00
1774332300000,9.1,9.1,9.1,9.1,0.0,2026-03-24 06:05:00
1774332600000,9.1,9.1,9.1,9.1,0.0,2026-03-24 06:10:00
1774332900000,9.1,9.1,9.1,9.1,0.0,2026-03-24 06:15:00
1774333200000,9.1,9.1,9.1,9.1,0.0,2026-03-24 06:20:00
1774333500000,9.1,9.1,9.1,9.1,0.0,2026-03-24 06:25:00
1774333800000,9.1,9.1,9.1,9.1,0.0,2026-03-24 06:30:00
1774334100000,9.1,9.1,9.1,9.1,0.0,2026-03-24 06:35:00
1774334400000,9.1,9.1,9.1,9.1,0.0,2026-03-24 06:40:00
1774334700000,9.1,9.1,9.1,9.1,0.0,2026-03-24 06:45:00
1774335000000,9.1,9.1,9.1,9.1,0.0,2026-03-24 06:50:00
1774335300000,9.12,9.12,9.12,9.12,0.66,2026-03-24 06:55:00
1774335600000,9.12,9.12,9.12,9.12,0.0,2026-03-24 07:00:00
1774335900000,9.14,9.17,9.14,9.17,3.29,2026-03-24 07:05:00
1774336200000,9.19,9.19,9.19,9.19,4.0,2026-03-24 07:10:00
1774336500000,9.19,9.19,9.19,9.19,0.0,2026-03-24 07:15:00
1774336800000,9.19,9.19,9.19,9.19,0.0,2026-03-24 07:20:00
1774337100000,9.19,9.19,9.19,9.19,0.0,2026-03-24 07:25:00
1774337400000,9.19,9.19,9.19,9.19,0.0,2026-03-24 07:30:00
1774337700000,9.19,9.19,9.19,9.19,0.0,2026-03-24 07:35:00
1774338000000,9.19,9.19,9.19,9.19,0.0,2026-03-24 07:40:00
1774338300000,9.19,9.19,9.19,9.19,0.0,2026-03-24 07:45:00
1774338600000,9.19,9.19,9.19,9.19,0.0,2026-03-24 07:50:00
1774338900000,9.21,9.25,9.2,9.25,27.09,2026-03-24 07:55:00
1774339200000,9.25,9.25,9.25,9.25,0.0,2026-03-24 08:00:00
1774339500000,9.25,9.25,9.25,9.25,0.0,2026-03-24 08:05:00
1774339800000,9.25,9.25,9.25,9.25,0.0,2026-03-24 08:10:00
1774340100000,9.25,9.25,9.25,9.25,0.0,2026-03-24 08:15:00
1774340400000,9.25,9.25,9.25,9.25,0.0,2026-03-24 08:20:00
1774340700000,9.25,9.25,9.25,9.25,0.0,2026-03-24 08:25:00
1774341000000,9.25,9.25,9.25,9.25,0.0,2026-03-24 08:30:00
1774341300000,9.22,9.22,9.22,9.22,9.52,2026-03-24 08:35:00
1774341600000,9.23,9.23,9.23,9.23,0.2,2026-03-24 08:40:00
1774341900000,9.23,9.23,9.23,9.23,0.0,2026-03-24 08:45:00
1774342200000,9.23,9.23,9.23,9.23,0.0,2026-03-24 08:50:00
1774342500000,9.23,9.23,9.23,9.23,0.0,2026-03-24 08:55:00
1774342800000,9.23,9.23,9.23,9.23,0.0,2026-03-24 09:00:00
1774343100000,9.23,9.23,9.23,9.23,0.0,2026-03-24 09:05:00
1774343400000,9.23,9.23,9.23,9.23,0.0,2026-03-24 09:10:00
1774343700000,9.23,9.23,9.23,9.23,0.0,2026-03-24 09:15:00
1774344000000,9.17,9.17,9.17,9.17,0.92,2026-03-24 09:20:00
1774344300000,9.17,9.17,9.17,9.17,0.0,2026-03-24 09:25:00
1774344600000,9.17,9.17,9.17,9.17,0.0,2026-03-24 09:30:00
1774344900000,9.17,9.17,9.17,9.17,0.0,2026-03-24 09:35:00
1774345200000,9.22,9.22,9.22,9.22,182.28,2026-03-24 09:40:00
1774345500000,9.22,9.22,9.22,9.22,0.0,2026-03-24 09:45:00
1774345800000,9.22,9.22,9.22,9.22,0.0,2026-03-24 09:50:00
1774346100000,9.22,9.22,9.22,9.22,0.0,2026-03-24 09:55:00
1774346400000,9.22,9.22,9.22,9.22,0.0,2026-03-24 10:00:00
1774346700000,9.22,9.22,9.22,9.22,0.0,2026-03-24 10:05:00
1774347000000,9.24,9.24,9.24,9.24,1.95,2026-03-24 10:10:00
1774347300000,9.24,9.24,9.24,9.24,0.0,2026-03-24 10:15:00
1774347600000,9.24,9.24,9.24,9.24,0.0,2026-03-24 10:20:00
1774347900000,9.24,9.24,9.24,9.24,0.0,2026-03-24 10:25:00
1774348200000,9.22,9.22,9.22,9.22,6.92,2026-03-24 10:30:00
1774348500000,9.22,9.22,9.22,9.22,0.0,2026-03-24 10:35:00
1774348800000,9.23,9.23,9.22,9.22,56.49,2026-03-24 10:40:00
1774349100000,9.22,9.22,9.22,9.22,0.0,2026-03-24 10:45:00
1774349400000,9.22,9.22,9.22,9.22,0.0,2026-03-24 10:50:00
1774349700000,9.22,9.22,9.22,9.22,0.0,2026-03-24 10:55:00
1774350000000,9.22,9.22,9.22,9.22,0.0,2026-03-24 11:00:00
1774350300000,9.22,9.22,9.22,9.22,0.0,2026-03-24 11:05:00
1774350600000,9.22,9.22,9.22,9.22,0.0,2026-03-24 11:10:00
1774350900000,9.22,9.22,9.22,9.22,0.0,2026-03-24 11:15:00
1774351200000,9.22,9.22,9.22,9.22,0.0,2026-03-24 11:20:00
1774351500000,9.22,9.22,9.22,9.22,0.0,2026-03-24 11:25:00
1774351800000,9.22,9.22,9.22,9.22,0.0,2026-03-24 11:30:00
1774352100000,9.22,9.22,9.22,9.22,2.48,2026-03-24 11:35:00
1774352400000,9.22,9.22,9.22,9.22,0.0,2026-03-24 11:40:00
1774352700000,9.22,9.22,9.22,9.22,0.0,2026-03-24 11:45:00
1774353000000,9.22,9.22,9.22,9.22,27.8,2026-03-24 11:50:00
1774353300000,9.22,9.22,9.22,9.22,0.0,2026-03-24 11:55:00
1774353600000,9.22,9.22,9.22,9.22,0.0,2026-03-24 12:00:00
1774353900000,9.22,9.22,9.22,9.22,0.0,2026-03-24 12:05:00
1774354200000,9.22,9.22,9.22,9.22,0.0,2026-03-24 12:10:00
1774354500000,9.22,9.22,9.22,9.22,0.0,2026-03-24 12:15:00
1774354800000,9.22,9.22,9.22,9.22,2.2,2026-03-24 12:20:00
1774355100000,9.22,9.22,9.22,9.22,0.0,2026-03-24 12:25:00
1774355400000,9.22,9.22,9.22,9.22,0.0,2026-03-24 12:30:00
1774355700000,9.22,9.22,9.22,9.22,0.0,2026-03-24 12:35:00
1774356000000,9.22,9.22,9.22,9.22,0.0,2026-03-24 12:40:00
1774356300000,9.24,9.24,9.22,9.22,31.07,2026-03-24 12:45:00
1774356600000,9.22,9.22,9.22,9.22,0.0,2026-03-24 12:50:00
1774356900000,9.22,9.22,9.22,9.22,0.17,2026-03-24 12:55:00
1774357200000,9.25,9.25,9.25,9.25,0.54,2026-03-24 13:00:00
1774357500000,9.25,9.25,9.25,9.25,0.0,2026-03-24 13:05:00
1774357800000,9.25,9.25,9.25,9.25,0.0,2026-03-24 13:10:00
1774358100000,9.19,9.19,9.19,9.19,10.34,2026-03-24 13:15:00
1774358400000,9.17,9.17,9.17,9.17,0.56,2026-03-24 13:20:00
1774358700000,9.17,9.17,9.17,9.17,0.0,2026-03-24 13:25:00
1774359000000,9.17,9.17,9.17,9.17,30.83,2026-03-24 13:30:00
1774359300000,9.17,9.17,9.17,9.17,0.0,2026-03-24 13:35:00
1774359600000,9.12,9.12,9.12,9.12,0.66,2026-03-24 13:40:00
1774359900000,9.13,9.13,9.13,9.13,2.74,2026-03-24 13:45:00
1774360200000,9.13,9.13,9.13,9.13,0.0,2026-03-24 13:50:00
1774360500000,9.13,9.13,9.13,9.13,0.0,2026-03-24 13:55:00
1774360800000,9.13,9.13,9.13,9.13,0.0,2026-03-24 14:00:00
1774361100000,9.13,9.13,9.13,9.13,0.0,2026-03-24 14:05:00
1774361400000,9.08,9.08,9.07,9.07,1.25,2026-03-24 14:10:00
1774361700000,9.08,9.08,9.08,9.08,11.02,2026-03-24 14:15:00
1774362000000,9.08,9.08,9.08,9.08,0.0,2026-03-24 14:20:00
1774362300000,9.08,9.08,9.08,9.08,0.0,2026-03-24 14:25:00
1774362600000,9.08,9.08,9.08,9.08,0.0,2026-03-24 14:30:00
1774362900000,9.08,9.08,9.08,9.08,0.0,2026-03-24 14:35:00
1774363200000,9.08,9.08,9.08,9.08,0.0,2026-03-24 14:40:00
1774363500000,9.08,9.08,9.08,9.08,69.71,2026-03-24 14:45:00
1774363800000,9.12,9.12,9.12,9.12,0.66,2026-03-24 14:50:00
1774364100000,9.12,9.12,9.12,9.12,0.0,2026-03-24 14:55:00
1774364400000,9.12,9.12,9.12,9.12,0.0,2026-03-24 15:00:00
1774364700000,9.14,9.14,9.14,9.14,5.46,2026-03-24 15:05:00
1774365000000,9.14,9.14,9.14,9.14,0.0,2026-03-24 15:10:00
1774365300000,9.14,9.14,9.14,9.14,0.0,2026-03-24 15:15:00
1774365600000,9.14,9.14,9.14,9.14,0.0,2026-03-24 15:20:00
1774365900000,9.14,9.14,9.14,9.14,0.0,2026-03-24 15:25:00
1774366200000,9.14,9.14,9.14,9.14,0.0,2026-03-24 15:30:00
1774366500000,9.14,9.14,9.14,9.14,0.0,2026-03-24 15:35:00
1774366800000,9.14,9.14,9.14,9.14,0.0,2026-03-24 15:40:00
1774367100000,9.14,9.14,9.14,9.14,0.0,2026-03-24 15:45:00
1774367400000,9.14,9.14,9.14,9.14,0.0,2026-03-24 15:50:00
1774367700000,9.14,9.14,9.14,9.14,0.0,2026-03-24 15:55:00
1774368000000,9.14,9.14,9.14,9.14,0.0,2026-03-24 16:00:00
1774368300000,9.14,9.14,9.14,9.14,0.0,2026-03-24 16:05:00
1774368600000,9.14,9.14,9.14,9.14,0.0,2026-03-24 16:10:00
1774368900000,9.14,9.14,9.14,9.14,0.0,2026-03-24 16:15:00
1774369200000,9.14,9.14,9.14,9.14,0.0,2026-03-24 16:20:00
1774369500000,9.14,9.14,9.14,9.14,0.0,2026-03-24 16:25:00
1774369800000,9.14,9.14,9.14,9.14,0.0,2026-03-24 16:30:00
1774370100000,9.1,9.1,9.1,9.1,21.84,2026-03-24 16:35:00
1774370400000,9.1,9.1,9.1,9.1,0.0,2026-03-24 16:40:00
1774370700000,9.1,9.1,9.1,9.1,0.0,2026-03-24 16:45:00
1774371000000,9.1,9.1,9.1,9.1,0.0,2026-03-24 16:50:00
1774371300000,9.1,9.1,9.1,9.1,0.0,2026-03-24 16:55:00
1774371600000,9.1,9.1,9.1,9.1,0.0,2026-03-24 17:00:00
1774371900000,9.07,9.07,9.07,9.07,0.66,2026-03-24 17:05:00
1774372200000,9.07,9.07,9.07,9.07,0.0,2026-03-24 17:10:00
1774372500000,9.07,9.07,9.07,9.07,0.0,2026-03-24 17:15:00
1774372800000,9.07,9.07,9.07,9.07,0.0,2026-03-24 17:20:00
1774373100000,9.07,9.07,9.07,9.07,0.0,2026-03-24 17:25:00
1774373400000,9.07,9.07,9.07,9.07,0.0,2026-03-24 17:30:00
1774373700000,9.07,9.07,9.07,9.07,0.0,2026-03-24 17:35:00
1774374000000,9.07,9.07,9.07,9.07,0.0,2026-03-24 17:40:00
1774374300000,9.07,9.07,9.07,9.07,0.0,2026-03-24 17:45:00
1774374600000,9.07,9.07,9.07,9.07,0.0,2026-03-24 17:50:00
1774374900000,9.07,9.07,9.07,9.07,0.0,2026-03-24 17:55:00
1774375200000,9.07,9.07,9.07,9.07,0.0,2026-03-24 18:00:00
1774375500000,9.07,9.07,9.07,9.07,0.0,2026-03-24 18:05:00
1774375800000,9.07,9.07,9.07,9.07,0.0,2026-03-24 18:10:00
1774376100000,9.07,9.07,9.07,9.07,0.0,2026-03-24 18:15:00
1774376400000,9.07,9.07,9.07,9.07,0.0,2026-03-24 18:20:00
1774376700000,9.07,9.07,9.07,9.07,0.0,2026-03-24 18:25:00
1774377000000,9.07,9.07,9.07,9.07,0.0,2026-03-24 18:30:00
1774377300000,9.07,9.07,9.07,9.07,0.0,2026-03-24 18:35:00
1774377600000,9.07,9.07,9.07,9.07,0.0,2026-03-24 18:40:00
1774377900000,9.07,9.07,9.07,9.07,0.0,2026-03-24 18:45:00
1774378200000,9.07,9.07,9.07,9.07,0.0,2026-03-24 18:50:00
1774378500000,9.07,9.07,9.07,9.07,0.0,2026-03-24 18:55:00
1774378800000,9.1,9.1,9.1,9.1,2.07,2026-03-24 19:00:00
1774379100000,9.1,9.1,9.1,9.1,0.0,2026-03-24 19:05:00
1774379400000,9.1,9.1,9.1,9.1,0.0,2026-03-24 19:10:00
1774379700000,9.1,9.1,9.1,9.1,0.0,2026-03-24 19:15:00
1774380000000,9.1,9.1,9.1,9.1,0.0,2026-03-24 19:20:00
1774380300000,9.1,9.1,9.1,9.1,0.0,2026-03-24 19:25:00
1774380600000,9.09,9.09,9.09,9.09,27.45,2026-03-24 19:30:00
1774380900000,9.09,9.09,9.09,9.09,0.0,2026-03-24 19:35:00
1774381200000,9.09,9.09,9.09,9.09,0.0,2026-03-24 19:40:00
1774381500000,9.09,9.09,9.09,9.09,0.0,2026-03-24 19:45:00
1774381800000,9.09,9.09,9.09,9.09,0.0,2026-03-24 19:50:00
1774382100000,9.09,9.09,9.09,9.09,0.0,2026-03-24 19:55:00
1774382400000,9.09,9.09,9.09,9.09,0.0,2026-03-24 20:00:00
1774382700000,9.09,9.09,9.09,9.09,0.0,2026-03-24 20:05:00
1774383000000,9.09,9.09,9.09,9.09,0.0,2026-03-24 20:10:00
1774383300000,9.09,9.09,9.09,9.09,0.0,2026-03-24 20:15:00
1774383600000,9.12,9.17,9.12,9.17,1.32,2026-03-24 20:20:00
1774383900000,9.22,9.25,9.22,9.25,0.86,2026-03-24 20:25:00
1774384200000,9.18,9.18,9.17,9.17,10.99,2026-03-24 20:30:00
1774384500000,9.22,9.22,9.22,9.22,0.65,2026-03-24 20:35:00
1774384800000,9.22,9.22,9.22,9.22,23.9,2026-03-24 20:40:00
1774385100000,9.22,9.22,9.22,9.22,0.0,2026-03-24 20:45:00
1774385400000,9.22,9.22,9.22,9.22,0.0,2026-03-24 20:50:00
1774385700000,9.22,9.22,9.22,9.22,0.0,2026-03-24 20:55:00
1774386000000,9.23,9.23,9.23,9.23,0.28,2026-03-24 21:00:00
1774386300000,9.23,9.23,9.23,9.23,0.0,2026-03-24 21:05:00
1774386600000,9.23,9.23,9.23,9.23,0.0,2026-03-24 21:10:00
1774386900000,9.17,9.17,9.17,9.17,0.65,2026-03-24 21:15:00
1774387200000,9.17,9.17,9.17,9.17,0.0,2026-03-24 21:20:00
1774387500000,9.17,9.17,9.17,9.17,0.0,2026-03-24 21:25:00
1774387800000,9.18,9.18,9.17,9.17,20.9,2026-03-24 21:30:00
1774388100000,9.19,9.19,9.19,9.19,0.18,2026-03-24 21:35:00
1774388400000,9.19,9.19,9.19,9.19,0.0,2026-03-24 21:40:00
1774388700000,9.19,9.19,9.19,9.19,0.0,2026-03-24 21:45:00
1774389000000,9.19,9.19,9.19,9.19,0.0,2026-03-24 21:50:00
1774389300000,9.19,9.19,9.19,9.19,0.0,2026-03-24 21:55:00
1774389600000,9.19,9.19,9.19,9.19,0.0,2026-03-24 22:00:00
1774389900000,9.22,9.22,9.22,9.22,0.65,2026-03-24 22:05:00
1774390200000,9.22,9.22,9.22,9.22,0.0,2026-03-24 22:10:00
1774390500000,9.22,9.22,9.22,9.22,0.0,2026-03-24 22:15:00
1774390800000,9.21,9.23,9.21,9.23,1.14,2026-03-24 22:20:00
1774391100000,9.23,9.23,9.23,9.23,0.0,2026-03-24 22:25:00
1774391400000,9.23,9.23,9.23,9.23,0.0,2026-03-24 22:30:00
1774391700000,9.23,9.23,9.23,9.23,0.0,2026-03-24 22:35:00
1774392000000,9.21,9.21,9.21,9.21,10.82,2026-03-24 22:40:00
1774392300000,9.21,9.21,9.21,9.21,0.0,2026-03-24 22:45:00
1774392600000,9.21,9.21,9.21,9.21,0.0,2026-03-24 22:50:00
1774392900000,9.21,9.21,9.21,9.21,0.0,2026-03-24 22:55:00
1774393200000,9.21,9.21,9.21,9.21,0.0,2026-03-24 23:00:00
1774393500000,9.21,9.21,9.21,9.21,0.0,2026-03-24 23:05:00
1774393800000,9.21,9.21,9.21,9.21,0.0,2026-03-24 23:10:00
1774394100000,9.21,9.21,9.21,9.21,0.0,2026-03-24 23:15:00
1774394400000,9.24,9.24,9.24,9.24,8.83,2026-03-24 23:20:00
1774394700000,9.24,9.24,9.24,9.24,0.0,2026-03-24 23:25:00
1774395000000,9.24,9.24,9.24,9.24,0.0,2026-03-24 23:30:00
1774395300000,9.24,9.24,9.24,9.24,0.0,2026-03-24 23:35:00
1774395600000,9.24,9.24,9.24,9.24,0.0,2026-03-24 23:40:00
1774395900000,9.24,9.24,9.24,9.24,0.0,2026-03-24 23:45:00
1774396200000,9.24,9.24,9.24,9.24,0.0,2026-03-24 23:50:00
1774396500000,9.24,9.24,9.24,9.24,0.0,2026-03-24 23:55:00
1774396800000,9.24,9.24,9.24,9.24,0.0,2026-03-25 00:00:00
1774397100000,9.24,9.24,9.24,9.24,0.0,2026-03-25 00:05:00
1774397400000,9.27,9.27,9.27,9.27,0.23,2026-03-25 00:10:00
1774397700000,9.27,9.27,9.25,9.26,0.5,2026-03-25 00:15:00
1774398000000,9.26,9.26,9.26,9.26,11.29,2026-03-25 00:20:00
1774398300000,9.26,9.27,9.26,9.27,1.29,2026-03-25 00:25:00
1774398600000,9.26,9.28,9.24,9.28,0.62,2026-03-25 00:30:00
1774398900000,9.28,9.28,9.28,9.28,0.16,2026-03-25 00:35:00
1774399200000,9.3,9.31,9.3,9.31,0.22,2026-03-25 00:40:00
1774399500000,9.31,9.31,9.31,9.31,0.0,2026-03-25 00:45:00
1774399800000,9.31,9.31,9.31,9.31,0.0,2026-03-25 00:50:00
1774400100000,9.31,9.31,9.31,9.31,0.0,2026-03-25 00:55:00
1774400400000,9.28,9.28,9.28,9.28,53.78,2026-03-25 01:00:00
1774400700000,9.28,9.28,9.28,9.28,24.84,2026-03-25 01:05:00
1774401000000,9.28,9.28,9.28,9.28,0.0,2026-03-25 01:10:00
1774401300000,9.28,9.28,9.28,9.28,0.0,2026-03-25 01:15:00
1774401600000,9.28,9.28,9.28,9.28,0.0,2026-03-25 01:20:00
1774401900000,9.28,9.28,9.28,9.28,0.0,2026-03-25 01:25:00
1774402200000,9.28,9.28,9.28,9.28,0.0,2026-03-25 01:30:00
1774402500000,9.28,9.28,9.28,9.28,0.0,2026-03-25 01:35:00
1774402800000,9.27,9.27,9.27,9.27,4.31,2026-03-25 01:40:00
1774403100000,9.27,9.27,9.27,9.27,0.0,2026-03-25 01:45:00
1774403400000,9.27,9.27,9.27,9.27,0.0,2026-03-25 01:50:00
1774403700000,9.27,9.27,9.27,9.27,0.0,2026-03-25 01:55:00
1774404000000,9.27,9.27,9.27,9.27,0.0,2026-03-25 02:00:00
1774404300000,9.27,9.27,9.27,9.27,0.0,2026-03-25 02:05:00
1774404600000,9.27,9.27,9.27,9.27,0.0,2026-03-25 02:10:00
1774404900000,9.27,9.27,9.27,9.27,0.0,2026-03-25 02:15:00
1774405200000,9.27,9.27,9.27,9.27,0.0,2026-03-25 02:20:00
1774405500000,9.22,9.22,9.21,9.21,10.79,2026-03-25 02:25:00
1774405800000,9.21,9.21,9.21,9.21,0.0,2026-03-25 02:30:00
1774406100000,9.24,9.25,9.22,9.24,36.04,2026-03-25 02:35:00
1774406400000,9.24,9.25,9.24,9.24,78.89,2026-03-25 02:40:00
1774406700000,9.26,9.26,9.26,9.26,1.08,2026-03-25 02:45:00
1774407000000,9.26,9.26,9.26,9.26,0.0,2026-03-25 02:50:00
1774407300000,9.22,9.22,9.22,9.22,43.26,2026-03-25 02:55:00
1774407600000,9.22,9.22,9.22,9.22,0.0,2026-03-25 03:00:00
1774407900000,9.23,9.23,9.2,9.2,4.55,2026-03-25 03:05:00
1774408200000,9.18,9.21,9.18,9.21,29.23,2026-03-25 03:10:00
1774408500000,9.21,9.21,9.21,9.21,0.0,2026-03-25 03:15:00
1774408800000,9.21,9.21,9.21,9.21,0.0,2026-03-25 03:20:00
1774409100000,9.21,9.21,9.21,9.21,0.0,2026-03-25 03:25:00
1774409400000,9.21,9.21,9.21,9.21,0.0,2026-03-25 03:30:00
1774409700000,9.21,9.21,9.21,9.21,0.0,2026-03-25 03:35:00
1774410000000,9.21,9.21,9.21,9.21,0.0,2026-03-25 03:40:00
1774410300000,9.21,9.21,9.21,9.21,0.0,2026-03-25 03:45:00
1774410600000,9.21,9.21,9.21,9.21,0.0,2026-03-25 03:50:00
1774410900000,9.21,9.21,9.21,9.21,0.0,2026-03-25 03:55:00
1774411200000,9.21,9.21,9.21,9.21,0.0,2026-03-25 04:00:00
1774411500000,9.26,9.26,9.26,9.26,1.62,2026-03-25 04:05:00
1774411800000,9.26,9.26,9.26,9.26,0.0,2026-03-25 04:10:00
1774412100000,9.26,9.26,9.26,9.26,0.0,2026-03-25 04:15:00
1774412400000,9.26,9.26,9.26,9.26,0.0,2026-03-25 04:20:00
1774412700000,9.26,9.26,9.26,9.26,0.0,2026-03-25 04:25:00
1774413000000,9.26,9.26,9.26,9.26,0.0,2026-03-25 04:30:00
1774413300000,9.26,9.26,9.26,9.26,0.0,2026-03-25 04:35:00
1774413600000,9.26,9.26,9.26,9.26,0.0,2026-03-25 04:40:00
1774413900000,9.26,9.26,9.26,9.26,0.0,2026-03-25 04:45:00
1774414200000,9.26,9.26,9.26,9.26,0.0,2026-03-25 04:50:00
1774414500000,9.26,9.26,9.26,9.26,0.0,2026-03-25 04:55:00
1774414800000,9.26,9.26,9.26,9.26,0.0,2026-03-25 05:00:00
1774415100000,9.27,9.35,9.27,9.28,13.52,2026-03-25 05:05:00
1774415400000,9.28,9.28,9.28,9.28,0.0,2026-03-25 05:10:00
1774415700000,9.28,9.28,9.28,9.28,0.0,2026-03-25 05:15:00
1774416000000,9.28,9.28,9.28,9.28,0.0,2026-03-25 05:20:00
1774416300000,9.28,9.28,9.28,9.28,0.0,2026-03-25 05:25:00
1774416600000,9.28,9.28,9.28,9.28,0.0,2026-03-25 05:30:00
1774416900000,9.28,9.28,9.28,9.28,0.0,2026-03-25 05:35:00
1774417200000,9.32,9.32,9.32,9.32,10.71,2026-03-25 05:40:00
1774417500000,9.32,9.32,9.32,9.32,0.0,2026-03-25 05:45:00
1774417800000,9.32,9.32,9.32,9.32,0.0,2026-03-25 05:50:00
1774418100000,9.32,9.32,9.32,9.32,0.0,2026-03-25 05:55:00
1774418400000,9.35,9.35,9.35,9.35,4.37,2026-03-25 06:00:00
1774418700000,9.35,9.35,9.35,9.35,0.0,2026-03-25 06:05:00
1774419000000,9.35,9.35,9.35,9.35,0.0,2026-03-25 06:10:00
1774419300000,9.35,9.35,9.35,9.35,0.0,2026-03-25 06:15:00
1774419600000,9.35,9.35,9.35,9.35,0.0,2026-03-25 06:20:00
1774419900000,9.35,9.35,9.35,9.35,0.0,2026-03-25 06:25:00
1774420200000,9.35,9.35,9.35,9.35,0.0,2026-03-25 06:30:00
1774420500000,9.35,9.35,9.35,9.35,0.0,2026-03-25 06:35:00
1774420800000,9.35,9.35,9.35,9.35,0.0,2026-03-25 06:40:00
1774421100000,9.35,9.35,9.35,9.35,0.0,2026-03-25 06:45:00
1774421400000,9.35,9.35,9.35,9.35,0.0,2026-03-25 06:50:00
1774421700000,9.34,9.34,9.34,9.34,0.96,2026-03-25 06:55:00
1774422000000,9.34,9.34,9.34,9.34,0.0,2026-03-25 07:00:00
1774422300000,9.34,9.34,9.34,9.34,0.0,2026-03-25 07:05:00
1774422600000,9.34,9.34,9.34,9.34,0.0,2026-03-25 07:10:00
1774422900000,9.34,9.34,9.34,9.34,0.0,2026-03-25 07:15:00
1774423200000,9.34,9.34,9.34,9.34,0.0,2026-03-25 07:20:00
1774423500000,9.34,9.34,9.34,9.34,0.0,2026-03-25 07:25:00
1774423800000,9.34,9.34,9.34,9.34,0.0,2026-03-25 07:30:00
1774424100000,9.34,9.34,9.34,9.34,0.0,2026-03-25 07:35:00
1774424400000,9.35,9.35,9.35,9.35,2.51,2026-03-25 07:40:00
1774424700000,9.35,9.35,9.35,9.35,0.0,2026-03-25 07:45:00
1774425000000,9.31,9.31,9.31,9.31,10.69,2026-03-25 07:50:00
1774425300000,9.31,9.31,9.31,9.31,0.0,2026-03-25 07:55:00
1774425600000,9.31,9.31,9.31,9.31,0.0,2026-03-25 08:00:00
1774425900000,9.28,9.28,9.28,9.28,10.69,2026-03-25 08:05:00
1774426200000,9.28,9.28,9.28,9.28,0.0,2026-03-25 08:10:00
1774426500000,9.28,9.28,9.28,9.28,0.0,2026-03-25 08:15:00
1774426800000,9.28,9.28,9.28,9.28,0.0,2026-03-25 08:20:00
1774427100000,9.28,9.28,9.28,9.28,0.0,2026-03-25 08:25:00
1774427400000,9.37,9.4,9.37,9.4,8.64,2026-03-25 08:30:00
1774427700000,9.38,9.38,9.38,9.38,16.0,2026-03-25 08:35:00
1774428000000,9.38,9.38,9.38,9.38,0.0,2026-03-25 08:40:00
1774428300000,9.38,9.38,9.38,9.38,0.0,2026-03-25 08:45:00
1774428600000,9.38,9.38,9.38,9.38,0.0,2026-03-25 08:50:00
1774428900000,9.38,9.38,9.38,9.38,0.0,2026-03-25 08:55:00
1774429200000,9.38,9.38,9.38,9.38,0.0,2026-03-25 09:00:00
1774429500000,9.38,9.38,9.38,9.38,0.0,2026-03-25 09:05:00
1774429800000,9.38,9.38,9.38,9.38,0.0,2026-03-25 09:10:00
1774430100000,9.38,9.38,9.38,9.38,0.0,2026-03-25 09:15:00
1774430400000,9.35,9.35,9.35,9.35,10.07,2026-03-25 09:20:00
1774430700000,9.35,9.35,9.35,9.35,0.0,2026-03-25 09:25:00
1774431000000,9.35,9.35,9.35,9.35,0.0,2026-03-25 09:30:00
1774431300000,9.35,9.35,9.35,9.35,0.0,2026-03-25 09:35:00
1774431600000,9.35,9.35,9.35,9.35,0.0,2026-03-25 09:40:00
1774431900000,9.35,9.35,9.35,9.35,0.0,2026-03-25 09:45:00
1774432200000,9.35,9.35,9.35,9.35,0.0,2026-03-25 09:50:00
1774432500000,9.38,9.38,9.38,9.38,1.06,2026-03-25 09:55:00
1774432800000,9.38,9.38,9.38,9.38,0.0,2026-03-25 10:00:00
1774433100000,9.38,9.38,9.38,9.38,0.0,2026-03-25 10:05:00
1774433400000,9.38,9.38,9.38,9.38,0.0,2026-03-25 10:10:00
1774433700000,9.38,9.38,9.38,9.38,0.0,2026-03-25 10:15:00
1774434000000,9.38,9.38,9.38,9.38,0.0,2026-03-25 10:20:00
1774434300000,9.38,9.38,9.38,9.38,0.0,2026-03-25 10:25:00
1774434600000,9.38,9.38,9.38,9.38,0.0,2026-03-25 10:30:00
1774434900000,9.37,9.37,9.37,9.37,0.94,2026-03-25 10:35:00
1774435200000,9.37,9.37,9.37,9.37,0.0,2026-03-25 10:40:00
1774435500000,9.37,9.37,9.37,9.37,0.0,2026-03-25 10:45:00
1774435800000,9.37,9.37,9.37,9.37,0.0,2026-03-25 10:50:00
1774436100000,9.37,9.37,9.37,9.37,0.0,2026-03-25 10:55:00
1774436400000,9.37,9.37,9.37,9.37,0.0,2026-03-25 11:00:00
1774436700000,9.37,9.37,9.37,9.37,0.0,2026-03-25 11:05:00
1774437000000,9.37,9.37,9.37,9.37,0.0,2026-03-25 11:10:00
1774437300000,9.37,9.37,9.37,9.37,0.0,2026-03-25 11:15:00
1774437600000,9.37,9.37,9.37,9.37,0.0,2026-03-25 11:20:00
1774437900000,9.41,9.42,9.41,9.42,8.15,2026-03-25 11:25:00
1774438200000,9.43,9.46,9.43,9.46,13.54,2026-03-25 11:30:00
1774438500000,9.46,9.46,9.46,9.46,0.0,2026-03-25 11:35:00
1774438800000,9.46,9.46,9.46,9.46,0.0,2026-03-25 11:40:00
1774439100000,9.46,9.46,9.46,9.46,0.0,2026-03-25 11:45:00
1774439400000,9.46,9.46,9.46,9.46,0.0,2026-03-25 11:50:00
1774439700000,9.46,9.46,9.46,9.46,0.0,2026-03-25 11:55:00
1774440000000,9.46,9.46,9.46,9.46,0.0,2026-03-25 12:00:00
1774440300000,9.43,9.43,9.43,9.43,11.0,2026-03-25 12:05:00
1774440600000,9.43,9.43,9.43,9.43,0.0,2026-03-25 12:10:00
1774440900000,9.43,9.43,9.43,9.43,0.0,2026-03-25 12:15:00
1774441200000,9.38,9.38,9.37,9.37,35.56,2026-03-25 12:20:00
1774441500000,9.37,9.37,9.37,9.37,0.0,2026-03-25 12:25:00
1774441800000,9.37,9.37,9.37,9.37,0.0,2026-03-25 12:30:00
1774442100000,9.37,9.37,9.37,9.37,0.0,2026-03-25 12:35:00
1774442400000,9.39,9.39,9.39,9.39,44.85,2026-03-25 12:40:00
1774442700000,9.39,9.39,9.39,9.39,0.0,2026-03-25 12:45:00
1774443000000,9.39,9.39,9.39,9.39,0.0,2026-03-25 12:50:00
1774443300000,9.42,9.46,9.42,9.46,27.07,2026-03-25 12:55:00
1774443600000,9.46,9.46,9.46,9.46,0.0,2026-03-25 13:00:00
1774443900000,9.46,9.46,9.46,9.46,0.0,2026-03-25 13:05:00
1774444200000,9.46,9.46,9.46,9.46,0.0,2026-03-25 13:10:00
1774444500000,9.46,9.46,9.46,9.46,23.3,2026-03-25 13:15:00
1774444800000,9.46,9.46,9.46,9.46,0.0,2026-03-25 13:20:00
1774445100000,9.46,9.46,9.46,9.46,0.0,2026-03-25 13:25:00
1774445400000,9.47,9.47,9.45,9.45,15.04,2026-03-25 13:30:00
1774445700000,9.45,9.45,9.45,9.45,0.0,2026-03-25 13:35:00
1774446000000,9.45,9.45,9.45,9.45,0.0,2026-03-25 13:40:00
1774446300000,9.45,9.45,9.45,9.45,0.0,2026-03-25 13:45:00
1774446600000,9.45,9.45,9.45,9.45,0.0,2026-03-25 13:50:00
1774446900000,9.45,9.45,9.45,9.45,0.0,2026-03-25 13:55:00
1774447200000,9.43,9.45,9.43,9.45,746.22,2026-03-25 14:00:00
1774447500000,9.45,9.45,9.45,9.45,0.0,2026-03-25 14:05:00
1774447800000,9.44,9.44,9.44,9.44,0.57,2026-03-25 14:10:00
1774448100000,9.44,9.44,9.44,9.44,0.0,2026-03-25 14:15:00
1774448400000,9.42,9.42,9.42,9.42,0.63,2026-03-25 14:20:00
1774448700000,9.4,9.4,9.4,9.4,0.55,2026-03-25 14:25:00
1774449000000,9.4,9.4,9.4,9.4,0.0,2026-03-25 14:30:00
1774449300000,9.4,9.4,9.4,9.4,0.0,2026-03-25 14:35:00
1774449600000,9.4,9.4,9.4,9.4,0.0,2026-03-25 14:40:00
1774449900000,9.4,9.4,9.4,9.4,0.0,2026-03-25 14:45:00
1774450200000,9.4,9.4,9.4,9.4,0.0,2026-03-25 14:50:00
1774450500000,9.4,9.4,9.4,9.4,0.0,2026-03-25 14:55:00
1774450800000,9.4,9.4,9.4,9.4,0.0,2026-03-25 15:00:00
1774451100000,9.41,9.41,9.37,9.37,85.71,2026-03-25 15:05:00
1774451400000,9.37,9.37,9.37,9.37,2.66,2026-03-25 15:10:00
1774451700000,9.32,9.32,9.32,9.32,1.8,2026-03-25 15:15:00
1774452000000,9.32,9.32,9.32,9.32,0.0,2026-03-25 15:20:00
1774452300000,9.32,9.32,9.32,9.32,0.0,2026-03-25 15:25:00
1774452600000,9.37,9.37,9.37,9.37,0.53,2026-03-25 15:30:00
1774452900000,9.37,9.37,9.37,9.37,0.0,2026-03-25 15:35:00
1774453200000,9.37,9.37,9.37,9.37,0.0,2026-03-25 15:40:00
1774453500000,9.37,9.37,9.37,9.37,0.0,2026-03-25 15:45:00
1774453800000,9.37,9.37,9.37,9.37,0.0,2026-03-25 15:50:00
1774454100000,9.37,9.37,9.37,9.37,0.0,2026-03-25 15:55:00
1774454400000,9.37,9.37,9.37,9.37,0.0,2026-03-25 16:00:00
1774454700000,9.37,9.37,9.37,9.37,0.0,2026-03-25 16:05:00
1774455000000,9.37,9.37,9.37,9.37,0.0,2026-03-25 16:10:00
1774455300000,9.37,9.37,9.37,9.37,0.0,2026-03-25 16:15:00
1774455600000,9.37,9.37,9.37,9.37,0.11,2026-03-25 16:20:00
1774455900000,9.42,9.46,9.42,9.46,27.07,2026-03-25 16:25:00
1774456200000,9.45,9.45,9.45,9.45,7.15,2026-03-25 16:30:00
1774456500000,9.45,9.45,9.45,9.45,0.0,2026-03-25 16:35:00
1774456800000,9.45,9.45,9.45,9.45,0.0,2026-03-25 16:40:00
1774457100000,9.45,9.45,9.45,9.45,0.0,2026-03-25 16:45:00
1774457400000,9.45,9.45,9.45,9.45,0.0,2026-03-25 16:50:00
1774457700000,9.45,9.45,9.45,9.45,0.0,2026-03-25 16:55:00
1774458000000,9.45,9.45,9.45,9.45,0.0,2026-03-25 17:00:00
1774458300000,9.45,9.45,9.45,9.45,0.0,2026-03-25 17:05:00
1774458600000,9.45,9.45,9.45,9.45,0.0,2026-03-25 17:10:00
1774458900000,9.45,9.45,9.45,9.45,0.0,2026-03-25 17:15:00
1774459200000,9.45,9.45,9.45,9.45,0.0,2026-03-25 17:20:00
1774459500000,9.45,9.45,9.45,9.45,0.0,2026-03-25 17:25:00
1774459800000,9.45,9.45,9.45,9.45,0.0,2026-03-25 17:30:00
1774460100000,9.45,9.45,9.45,9.45,0.0,2026-03-25 17:35:00
1774460400000,9.45,9.45,9.45,9.45,0.0,2026-03-25 17:40:00
1774460700000,9.4,9.4,9.37,9.37,53.46,2026-03-25 17:45:00
1774461000000,9.37,9.37,9.36,9.36,69.45,2026-03-25 17:50:00
1774461300000,9.36,9.36,9.36,9.36,0.0,2026-03-25 17:55:00
1774461600000,9.36,9.36,9.36,9.36,0.0,2026-03-25 18:00:00
1774461900000,9.36,9.36,9.36,9.36,0.0,2026-03-25 18:05:00
1774462200000,9.36,9.36,9.36,9.36,0.0,2026-03-25 18:10:00
1774462500000,9.36,9.36,9.36,9.36,0.0,2026-03-25 18:15:00
1774462800000,9.36,9.36,9.36,9.36,0.0,2026-03-25 18:20:00
1774463100000,9.36,9.36,9.36,9.36,0.0,2026-03-25 18:25:00
1774463400000,9.36,9.36,9.36,9.36,0.0,2026-03-25 18:30:00
1774463700000,9.36,9.36,9.36,9.36,0.0,2026-03-25 18:35:00
1774464000000,9.36,9.36,9.36,9.36,0.0,2026-03-25 18:40:00
1774464300000,9.36,9.36,9.36,9.36,0.0,2026-03-25 18:45:00
1774464600000,9.36,9.36,9.36,9.36,0.0,2026-03-25 18:50:00
1774464900000,9.32,9.32,9.32,9.32,0.64,2026-03-25 18:55:00
1774465200000,9.33,9.33,9.33,9.33,8.21,2026-03-25 19:00:00
1774465500000,9.33,9.33,9.33,9.33,0.0,2026-03-25 19:05:00
1774465800000,9.33,9.33,9.33,9.33,0.0,2026-03-25 19:10:00
1774466100000,9.33,9.33,9.33,9.33,24.0,2026-03-25 19:15:00
1774466400000,9.33,9.33,9.33,9.33,0.0,2026-03-25 19:20:00
1774466700000,9.33,9.33,9.33,9.33,0.0,2026-03-25 19:25:00
1774467000000,9.33,9.33,9.33,9.33,0.0,2026-03-25 19:30:00
1774467300000,9.33,9.33,9.33,9.33,0.0,2026-03-25 19:35:00
1774467600000,9.33,9.33,9.33,9.33,0.0,2026-03-25 19:40:00
1774467900000,9.33,9.33,9.33,9.33,0.0,2026-03-25 19:45:00
1774468200000,9.33,9.33,9.33,9.33,0.0,2026-03-25 19:50:00
1774468500000,9.33,9.33,9.33,9.33,0.0,2026-03-25 19:55:00
1774468800000,9.33,9.33,9.33,9.33,0.0,2026-03-25 20:00:00
1774469100000,9.35,9.35,9.35,9.35,2.67,2026-03-25 20:05:00
1774469400000,9.35,9.35,9.35,9.35,0.0,2026-03-25 20:10:00
1774469700000,9.35,9.35,9.35,9.35,0.0,2026-03-25 20:15:00
1774470000000,9.35,9.35,9.35,9.35,0.0,2026-03-25 20:20:00
1774470300000,9.35,9.35,9.35,9.35,0.0,2026-03-25 20:25:00
1774470600000,9.3,9.3,9.3,9.3,53.88,2026-03-25 20:30:00
1774470900000,9.3,9.3,9.3,9.3,3.22,2026-03-25 20:35:00
1774471200000,9.3,9.3,9.3,9.3,0.0,2026-03-25 20:40:00
1774471500000,9.3,9.3,9.3,9.3,0.0,2026-03-25 20:45:00
1774471800000,9.32,9.32,9.32,9.32,1.07,2026-03-25 20:50:00
1774472100000,9.32,9.32,9.32,9.32,0.0,2026-03-25 20:55:00
1774472400000,9.32,9.32,9.32,9.32,0.0,2026-03-25 21:00:00
1774472700000,9.32,9.32,9.32,9.32,0.0,2026-03-25 21:05:00
1774473000000,9.32,9.32,9.32,9.32,0.0,2026-03-25 21:10:00
1774473300000,9.32,9.32,9.32,9.32,0.0,2026-03-25 21:15:00
1774473600000,9.32,9.32,9.32,9.32,0.0,2026-03-25 21:20:00
1774473900000,9.32,9.32,9.32,9.32,0.0,2026-03-25 21:25:00
1774474200000,9.32,9.32,9.32,9.32,1.26,2026-03-25 21:30:00
1774474500000,9.32,9.32,9.32,9.32,0.0,2026-03-25 21:35:00
1774474800000,9.32,9.32,9.32,9.32,0.0,2026-03-25 21:40:00
1774475100000,9.32,9.32,9.32,9.32,0.0,2026-03-25 21:45:00
1774475400000,9.32,9.32,9.32,9.32,0.0,2026-03-25 21:50:00
1774475700000,9.32,9.32,9.32,9.32,0.0,2026-03-25 21:55:00
1774476000000,9.32,9.32,9.32,9.32,0.0,2026-03-25 22:00:00
1774476300000,9.32,9.32,9.32,9.32,0.0,2026-03-25 22:05:00
1774476600000,9.32,9.32,9.32,9.32,0.0,2026-03-25 22:10:00
1774476900000,9.32,9.32,9.32,9.32,0.0,2026-03-25 22:15:00
1774477200000,9.32,9.32,9.32,9.32,0.0,2026-03-25 22:20:00
1774477500000,9.32,9.32,9.32,9.32,0.0,2026-03-25 22:25:00
1774477800000,9.37,9.37,9.37,9.37,0.64,2026-03-25 22:30:00
1774478100000,9.37,9.37,9.37,9.37,0.0,2026-03-25 22:35:00
1774478400000,9.37,9.37,9.37,9.37,0.0,2026-03-25 22:40:00
1774478700000,9.37,9.37,9.37,9.37,0.0,2026-03-25 22:45:00
1774479000000,9.37,9.37,9.37,9.37,0.0,2026-03-25 22:50:00
1774479300000,9.37,9.37,9.37,9.37,0.0,2026-03-25 22:55:00
1774479600000,9.37,9.37,9.37,9.37,0.0,2026-03-25 23:00:00
1774479900000,9.37,9.37,9.37,9.37,0.0,2026-03-25 23:05:00
1774480200000,9.37,9.37,9.37,9.37,0.0,2026-03-25 23:10:00
1774480500000,9.37,9.37,9.37,9.37,0.0,2026-03-25 23:15:00
1774480800000,9.37,9.37,9.37,9.37,0.0,2026-03-25 23:20:00
1774481100000,9.37,9.37,9.37,9.37,0.0,2026-03-25 23:25:00
1774481400000,9.37,9.37,9.37,9.37,0.0,2026-03-25 23:30:00
1774481700000,9.37,9.37,9.37,9.37,0.0,2026-03-25 23:35:00
1774482000000,9.37,9.37,9.37,9.37,0.0,2026-03-25 23:40:00
1774482300000,9.37,9.37,9.37,9.37,0.0,2026-03-25 23:45:00
1774482600000,9.37,9.37,9.37,9.37,0.0,2026-03-25 23:50:00
1774482900000,9.37,9.37,9.37,9.37,0.0,2026-03-25 23:55:00
1774483200000,9.37,9.37,9.37,9.37,0.0,2026-03-26 00:00:00
1774483500000,9.37,9.37,9.37,9.37,0.0,2026-03-26 00:05:00
1774483800000,9.37,9.37,9.37,9.37,0.0,2026-03-26 00:10:00
1774484100000,9.4,9.4,9.36,9.36,5.29,2026-03-26 00:15:00
1774484400000,9.36,9.36,9.36,9.36,0.0,2026-03-26 00:20:00
1774484700000,9.36,9.36,9.36,9.36,0.0,2026-03-26 00:25:00
1774485000000,9.38,9.39,9.38,9.38,1.0,2026-03-26 00:30:00
1774485300000,9.39,9.39,9.38,9.38,0.46,2026-03-26 00:35:00
1774485600000,9.38,9.38,9.38,9.38,0.12,2026-03-26 00:40:00
1774485900000,9.39,9.39,9.39,9.39,0.13,2026-03-26 00:45:00
1774486200000,9.38,9.38,9.38,9.38,0.92,2026-03-26 00:50:00
1774486500000,9.38,9.38,9.38,9.38,0.0,2026-03-26 00:55:00
1774486800000,9.38,9.38,9.38,9.38,0.0,2026-03-26 01:00:00
1774487100000,9.38,9.38,9.38,9.38,0.0,2026-03-26 01:05:00
1774487400000,9.38,9.38,9.38,9.38,0.0,2026-03-26 01:10:00
1774487700000,9.38,9.38,9.38,9.38,0.0,2026-03-26 01:15:00
1774488000000,9.38,9.38,9.38,9.38,0.0,2026-03-26 01:20:00
1774488300000,9.38,9.38,9.38,9.38,0.0,2026-03-26 01:25:00
1774488600000,9.38,9.38,9.38,9.38,0.0,2026-03-26 01:30:00
1774488900000,9.38,9.38,9.38,9.38,0.0,2026-03-26 01:35:00
1774489200000,9.38,9.38,9.38,9.38,0.0,2026-03-26 01:40:00
1774489500000,9.38,9.38,9.38,9.38,0.0,2026-03-26 01:45:00
1774489800000,9.38,9.38,9.38,9.38,0.0,2026-03-26 01:50:00
1774490100000,9.38,9.38,9.38,9.38,0.0,2026-03-26 01:55:00
1774490400000,9.38,9.38,9.38,9.38,0.0,2026-03-26 02:00:00
1774490700000,9.38,9.38,9.38,9.38,0.0,2026-03-26 02:05:00
1774491000000,9.38,9.38,9.38,9.38,0.0,2026-03-26 02:10:00
1774491300000,9.32,9.32,9.32,9.32,0.64,2026-03-26 02:15:00
1774491600000,9.32,9.32,9.32,9.32,0.0,2026-03-26 02:20:00
1774491900000,9.32,9.32,9.32,9.32,0.0,2026-03-26 02:25:00
1774492200000,9.28,9.28,9.24,9.24,50.08,2026-03-26 02:30:00
1774492500000,9.24,9.24,9.24,9.24,0.0,2026-03-26 02:35:00
1774492800000,9.24,9.24,9.24,9.24,0.0,2026-03-26 02:40:00
1774493100000,9.24,9.24,9.24,9.24,0.0,2026-03-26 02:45:00
1774493400000,9.24,9.24,9.24,9.24,0.0,2026-03-26 02:50:00
1774493700000,9.24,9.24,9.24,9.24,0.0,2026-03-26 02:55:00
1774494000000,9.24,9.24,9.24,9.24,0.0,2026-03-26 03:00:00
1774494300000,9.24,9.24,9.24,9.24,0.0,2026-03-26 03:05:00
1774494600000,9.24,9.24,9.24,9.24,0.0,2026-03-26 03:10:00
1774494900000,9.28,9.28,9.28,9.28,3.0,2026-03-26 03:15:00
1774495200000,9.28,9.28,9.28,9.28,0.0,2026-03-26 03:20:00
1774495500000,9.28,9.28,9.28,9.28,0.0,2026-03-26 03:25:00
1774495800000,9.28,9.28,9.28,9.28,0.0,2026-03-26 03:30:00
1774496100000,9.28,9.28,9.28,9.28,0.0,2026-03-26 03:35:00
1774496400000,9.25,9.25,9.25,9.25,3.79,2026-03-26 03:40:00
1774496700000,9.25,9.25,9.25,9.25,0.0,2026-03-26 03:45:00
1774497000000,9.25,9.25,9.25,9.25,0.0,2026-03-26 03:50:00
1774497300000,9.25,9.25,9.25,9.25,0.0,2026-03-26 03:55:00
1774497600000,9.25,9.25,9.25,9.25,0.0,2026-03-26 04:00:00
1774497900000,9.24,9.25,9.24,9.25,1.62,2026-03-26 04:05:00
1774498200000,9.24,9.24,9.24,9.24,1.62,2026-03-26 04:10:00
1774498500000,9.24,9.24,9.24,9.24,0.0,2026-03-26 04:15:00
1774498800000,9.24,9.24,9.24,9.24,0.0,2026-03-26 04:20:00
1774499100000,9.24,9.24,9.24,9.24,0.0,2026-03-26 04:25:00
1774499400000,9.24,9.24,9.24,9.24,0.0,2026-03-26 04:30:00
1774499700000,9.24,9.24,9.24,9.24,0.0,2026-03-26 04:35:00
1774500000000,9.24,9.24,9.24,9.24,0.0,2026-03-26 04:40:00
1774500300000,9.24,9.24,9.24,9.24,0.0,2026-03-26 04:45:00
1774500600000,9.24,9.24,9.24,9.24,0.0,2026-03-26 04:50:00
1774500900000,9.24,9.24,9.24,9.24,0.0,2026-03-26 04:55:00
1774501200000,9.24,9.24,9.24,9.24,0.0,2026-03-26 05:00:00
1774501500000,9.22,9.22,9.22,9.22,0.65,2026-03-26 05:05:00
1774501800000,9.22,9.22,9.22,9.22,0.0,2026-03-26 05:10:00
1774502100000,9.22,9.22,9.22,9.22,0.0,2026-03-26 05:15:00
1774502400000,9.22,9.22,9.22,9.22,0.0,2026-03-26 05:20:00
1774502700000,9.22,9.22,9.22,9.22,0.0,2026-03-26 05:25:00
1774503000000,9.22,9.22,9.22,9.22,0.0,2026-03-26 05:30:00
1774503300000,9.22,9.22,9.22,9.22,0.0,2026-03-26 05:35:00
1774503600000,9.17,9.17,9.16,9.16,12.04,2026-03-26 05:40:00
1774503900000,9.14,9.14,9.14,9.14,27.35,2026-03-26 05:45:00
1774504200000,9.12,9.12,9.12,9.12,1.14,2026-03-26 05:50:00
1774504500000,9.12,9.12,9.12,9.12,0.0,2026-03-26 05:55:00
1774504800000,9.09,9.09,9.07,9.07,4.99,2026-03-26 06:00:00
1774505100000,9.07,9.07,9.07,9.07,0.0,2026-03-26 06:05:00
1774505400000,9.07,9.07,9.07,9.07,0.0,2026-03-26 06:10:00
1774505700000,9.07,9.07,9.07,9.07,0.0,2026-03-26 06:15:00
1774506000000,9.07,9.07,9.07,9.07,0.0,2026-03-26 06:20:00
1774506300000,9.07,9.07,9.07,9.07,0.0,2026-03-26 06:25:00
1774506600000,9.07,9.07,9.07,9.07,0.0,2026-03-26 06:30:00
1774506900000,9.07,9.07,9.07,9.07,0.0,2026-03-26 06:35:00
1774507200000,9.07,9.07,9.07,9.07,0.0,2026-03-26 06:40:00
1774507500000,9.07,9.07,9.07,9.07,0.0,2026-03-26 06:45:00
1774507800000,9.07,9.07,9.07,9.07,0.0,2026-03-26 06:50:00
1774508100000,9.07,9.07,9.07,9.07,0.0,2026-03-26 06:55:00
1774508400000,9.07,9.07,9.07,9.07,0.0,2026-03-26 07:00:00
1774508700000,9.07,9.07,9.07,9.07,0.0,2026-03-26 07:05:00
1774509000000,9.07,9.07,9.07,9.07,0.0,2026-03-26 07:10:00
1774509300000,9.07,9.07,9.07,9.07,0.0,2026-03-26 07:15:00
1774509600000,9.08,9.09,9.08,9.09,93.83,2026-03-26 07:20:00
1774509900000,9.09,9.09,9.09,9.09,0.0,2026-03-26 07:25:00
1774510200000,9.09,9.09,9.09,9.09,0.0,2026-03-26 07:30:00
1774510500000,9.09,9.09,9.09,9.09,0.0,2026-03-26 07:35:00
1774510800000,9.09,9.09,9.09,9.09,0.0,2026-03-26 07:40:00
1774511100000,9.09,9.09,9.09,9.09,0.0,2026-03-26 07:45:00
1774511400000,9.12,9.12,9.12,9.12,4.6,2026-03-26 07:50:00
1774511700000,9.12,9.12,9.12,9.12,0.0,2026-03-26 07:55:00
1774512000000,9.12,9.12,9.12,9.12,0.0,2026-03-26 08:00:00
1774512300000,9.12,9.12,9.12,9.12,0.0,2026-03-26 08:05:00
1774512600000,9.12,9.12,9.12,9.12,0.0,2026-03-26 08:10:00
1774512900000,9.12,9.12,9.12,9.12,0.0,2026-03-26 08:15:00
1774513200000,9.12,9.12,9.12,9.12,0.0,2026-03-26 08:20:00
1774513500000,9.12,9.12,9.12,9.12,0.0,2026-03-26 08:25:00
1774513800000,9.12,9.12,9.12,9.12,0.0,2026-03-26 08:30:00
1774514100000,9.12,9.12,9.12,9.12,0.0,2026-03-26 08:35:00
1774514400000,9.12,9.12,9.12,9.12,0.0,2026-03-26 08:40:00
1774514700000,9.12,9.12,9.12,9.12,0.0,2026-03-26 08:45:00
1774515000000,9.12,9.12,9.12,9.12,0.0,2026-03-26 08:50:00
1774515300000,9.12,9.12,9.12,9.12,0.0,2026-03-26 08:55:00
1774515600000,9.12,9.12,9.12,9.12,0.0,2026-03-26 09:00:00
1774515900000,9.12,9.12,9.12,9.12,0.0,2026-03-26 09:05:00
1774516200000,9.12,9.12,9.12,9.12,0.0,2026-03-26 09:10:00
1774516500000,9.12,9.12,9.12,9.12,0.0,2026-03-26 09:15:00
1774516800000,9.07,9.07,9.07,9.07,12.5,2026-03-26 09:20:00
1774517100000,9.07,9.07,9.07,9.07,0.0,2026-03-26 09:25:00
1774517400000,9.02,9.02,8.94,8.94,28.35,2026-03-26 09:30:00
1774517700000,8.99,8.99,8.99,8.99,17.26,2026-03-26 09:35:00
1774518000000,8.99,8.99,8.99,8.99,0.0,2026-03-26 09:40:00
1774518300000,8.99,8.99,8.99,8.99,0.0,2026-03-26 09:45:00
1774518600000,8.99,8.99,8.99,8.99,0.0,2026-03-26 09:50:00
1774518900000,8.99,8.99,8.99,8.99,0.0,2026-03-26 09:55:00
1774519200000,8.97,8.97,8.97,8.97,167.33,2026-03-26 10:00:00
1774519500000,8.97,8.97,8.97,8.97,0.79,2026-03-26 10:05:00
1774519800000,8.97,8.97,8.97,8.97,0.0,2026-03-26 10:10:00
1774520100000,8.97,8.97,8.97,8.97,0.0,2026-03-26 10:15:00
1774520400000,8.97,8.97,8.97,8.97,0.0,2026-03-26 10:20:00
1774520700000,8.97,8.97,8.97,8.97,0.0,2026-03-26 10:25:00
1774521000000,8.97,8.97,8.97,8.97,0.0,2026-03-26 10:30:00
1774521300000,8.97,8.97,8.97,8.97,0.0,2026-03-26 10:35:00
1774521600000,8.97,8.97,8.97,8.97,0.0,2026-03-26 10:40:00
1774521900000,8.97,8.97,8.97,8.97,0.0,2026-03-26 10:45:00
1774522200000,8.97,8.97,8.97,8.97,0.0,2026-03-26 10:50:00
1774522500000,8.97,8.97,8.97,8.97,0.0,2026-03-26 10:55:00
1774522800000,8.97,8.97,8.97,8.97,0.0,2026-03-26 11:00:00
1774523100000,8.97,8.97,8.97,8.97,0.0,2026-03-26 11:05:00
1774523400000,8.96,8.96,8.96,8.96,92.78,2026-03-26 11:10:00
1774523700000,8.96,8.96,8.96,8.96,0.0,2026-03-26 11:15:00
1774524000000,8.96,8.96,8.96,8.96,0.0,2026-03-26 11:20:00
1774524300000,8.96,8.96,8.96,8.96,1.33,2026-03-26 11:25:00
1774524600000,8.96,8.96,8.96,8.96,0.0,2026-03-26 11:30:00
1774524900000,8.96,8.96,8.96,8.96,0.0,2026-03-26 11:35:00
1774525200000,8.96,8.96,8.96,8.96,0.0,2026-03-26 11:40:00
1774525500000,8.96,8.96,8.96,8.96,0.0,2026-03-26 11:45:00
1774525800000,8.96,8.96,8.96,8.96,0.0,2026-03-26 11:50:00
1774526100000,8.96,8.96,8.96,8.96,0.0,2026-03-26 11:55:00
1774526400000,8.96,8.96,8.96,8.96,0.0,2026-03-26 12:00:00
1774526700000,8.96,8.96,8.96,8.96,0.0,2026-03-26 12:05:00
1774527000000,8.96,8.96,8.96,8.96,0.0,2026-03-26 12:10:00
1774527300000,8.96,8.96,8.96,8.96,0.0,2026-03-26 12:15:00
1774527600000,8.96,8.96,8.96,8.96,0.0,2026-03-26 12:20:00
1774527900000,8.96,8.96,8.96,8.96,0.0,2026-03-26 12:25:00
1774528200000,8.96,8.96,8.96,8.96,0.0,2026-03-26 12:30:00
1774528500000,8.96,8.96,8.96,8.96,0.0,2026-03-26 12:35:00
1774528800000,8.96,8.96,8.96,8.96,0.0,2026-03-26 12:40:00
1774529100000,8.96,8.96,8.96,8.96,0.0,2026-03-26 12:45:00
1774529400000,8.96,8.96,8.96,8.96,0.0,2026-03-26 12:50:00
1774529700000,8.97,8.97,8.97,8.97,8.35,2026-03-26 12:55:00
1774530000000,8.95,8.95,8.94,8.95,21.86,2026-03-26 13:00:00
1774530300000,8.95,8.95,8.95,8.95,0.0,2026-03-26 13:05:00
1774530600000,8.95,8.95,8.95,8.95,0.0,2026-03-26 13:10:00
1774530900000,8.95,8.95,8.95,8.95,0.0,2026-03-26 13:15:00
1774531200000,8.95,8.95,8.95,8.95,0.0,2026-03-26 13:20:00
1774531500000,8.95,8.95,8.95,8.95,0.0,2026-03-26 13:25:00
1774531800000,8.95,8.95,8.95,8.95,0.0,2026-03-26 13:30:00
1774532100000,8.95,8.95,8.95,8.95,0.0,2026-03-26 13:35:00
1774532400000,8.95,8.95,8.95,8.95,0.0,2026-03-26 13:40:00
1774532700000,8.95,8.95,8.95,8.95,0.0,2026-03-26 13:45:00
1774533000000,9.01,9.01,9.01,9.01,55.42,2026-03-26 13:50:00
1774533300000,9.01,9.01,9.01,9.01,0.0,2026-03-26 13:55:00
1774533600000,9.01,9.01,9.01,9.01,0.0,2026-03-26 14:00:00
1774533900000,9.01,9.01,9.01,9.01,0.0,2026-03-26 14:05:00
1774534200000,9.0,9.0,9.0,9.0,0.59,2026-03-26 14:10:00
1774534500000,8.98,8.98,8.98,8.98,19.4,2026-03-26 14:15:00
1774534800000,8.98,8.98,8.98,8.98,0.0,2026-03-26 14:20:00
1774535100000,8.96,8.98,8.96,8.98,147.4,2026-03-26 14:25:00
1774535400000,8.96,8.96,8.96,8.96,4.44,2026-03-26 14:30:00
1774535700000,8.96,8.96,8.96,8.96,0.0,2026-03-26 14:35:00
1774536000000,8.96,8.96,8.96,8.96,0.0,2026-03-26 14:40:00
1774536300000,8.96,8.96,8.96,8.96,0.0,2026-03-26 14:45:00
1774536600000,8.96,8.98,8.96,8.98,149.2,2026-03-26 14:50:00
1774536900000,8.98,8.98,8.98,8.98,0.0,2026-03-26 14:55:00
1774537200000,8.98,8.98,8.98,8.98,0.0,2026-03-26 15:00:00
1774537500000,8.95,8.95,8.93,8.93,607.84,2026-03-26 15:05:00
1774537800000,8.91,8.91,8.9,8.9,1.16,2026-03-26 15:10:00
1774538100000,8.88,8.91,8.87,8.91,16.65,2026-03-26 15:15:00
1774538400000,8.93,8.93,8.93,8.93,0.56,2026-03-26 15:20:00
1774538700000,8.93,8.93,8.93,8.93,0.0,2026-03-26 15:25:00
1774539000000,8.93,8.93,8.93,8.93,0.0,2026-03-26 15:30:00
1774539300000,8.93,8.93,8.93,8.93,0.0,2026-03-26 15:35:00
1774539600000,8.91,8.91,8.91,8.91,0.9,2026-03-26 15:40:00
1774539900000,8.91,8.91,8.91,8.91,7.16,2026-03-26 15:45:00
1774540200000,8.91,8.91,8.91,8.91,0.0,2026-03-26 15:50:00
1774540500000,8.91,8.91,8.91,8.91,0.0,2026-03-26 15:55:00
1774540800000,8.94,8.94,8.94,8.94,55.59,2026-03-26 16:00:00
1774541100000,8.94,8.94,8.94,8.94,0.0,2026-03-26 16:05:00
1774541400000,8.94,8.94,8.94,8.94,0.0,2026-03-26 16:10:00
1774541700000,8.94,8.94,8.94,8.94,0.0,2026-03-26 16:15:00
1774542000000,8.94,8.94,8.94,8.94,0.0,2026-03-26 16:20:00
1774542300000,8.94,8.94,8.94,8.94,0.0,2026-03-26 16:25:00
1774542600000,8.94,8.94,8.94,8.94,0.0,2026-03-26 16:30:00
1774542900000,8.91,8.91,8.91,8.91,15.5,2026-03-26 16:35:00
1774543200000,8.91,8.91,8.91,8.91,0.0,2026-03-26 16:40:00
1774543500000,8.91,8.91,8.91,8.91,0.0,2026-03-26 16:45:00
1774543800000,8.91,8.91,8.91,8.91,0.0,2026-03-26 16:50:00
1774544100000,8.91,8.91,8.91,8.91,0.0,2026-03-26 16:55:00
1774544400000,8.91,8.91,8.91,8.91,0.0,2026-03-26 17:00:00
1774544700000,8.91,8.91,8.91,8.91,0.0,2026-03-26 17:05:00
1774545000000,8.91,8.91,8.91,8.91,0.0,2026-03-26 17:10:00
1774545300000,8.91,8.91,8.91,8.91,0.0,2026-03-26 17:15:00
1774545600000,8.91,8.91,8.91,8.91,0.0,2026-03-26 17:20:00
1774545900000,8.91,8.91,8.91,8.91,0.0,2026-03-26 17:25:00
1774546200000,8.91,8.91,8.91,8.91,0.0,2026-03-26 17:30:00
1774546500000,8.91,8.91,8.91,8.91,0.0,2026-03-26 17:35:00
1774546800000,8.91,8.91,8.91,8.91,0.0,2026-03-26 17:40:00
1774547100000,8.91,8.91,8.91,8.91,0.0,2026-03-26 17:45:00
1774547400000,8.91,8.91,8.89,8.89,28.44,2026-03-26 17:50:00
1774547700000,8.87,8.87,8.87,8.87,4.29,2026-03-26 17:55:00
1774548000000,8.87,8.87,8.87,8.87,0.0,2026-03-26 18:00:00
1774548300000,8.86,8.86,8.86,8.86,0.68,2026-03-26 18:05:00
1774548600000,8.86,8.86,8.86,8.86,0.0,2026-03-26 18:10:00
1774548900000,8.85,8.85,8.85,8.85,14.79,2026-03-26 18:15:00
1774549200000,8.82,8.82,8.82,8.82,1.33,2026-03-26 18:20:00
1774549500000,8.83,8.84,8.82,8.83,1011.56,2026-03-26 18:25:00
1774549800000,8.83,8.83,8.83,8.83,0.0,2026-03-26 18:30:00
1774550100000,8.83,8.83,8.83,8.83,0.0,2026-03-26 18:35:00
1774550400000,8.83,8.83,8.83,8.83,0.0,2026-03-26 18:40:00
1774550700000,8.83,8.83,8.83,8.83,0.0,2026-03-26 18:45:00
1774551000000,8.83,8.83,8.83,8.83,0.0,2026-03-26 18:50:00
1774551300000,8.83,8.83,8.83,8.83,0.0,2026-03-26 18:55:00
1774551600000,8.83,8.83,8.83,8.83,0.0,2026-03-26 19:00:00
1774551900000,8.83,8.83,8.83,8.83,0.0,2026-03-26 19:05:00
1774552200000,8.83,8.83,8.83,8.83,0.0,2026-03-26 19:10:00
1774552500000,8.83,8.83,8.83,8.83,0.0,2026-03-26 19:15:00
1774552800000,8.83,8.83,8.83,8.83,0.0,2026-03-26 19:20:00
1774553100000,8.83,8.83,8.83,8.83,0.0,2026-03-26 19:25:00
1774553400000,8.83,8.83,8.83,8.83,0.0,2026-03-26 19:30:00
1774553700000,8.83,8.83,8.83,8.83,0.0,2026-03-26 19:35:00
1774554000000,8.83,8.83,8.83,8.83,0.0,2026-03-26 19:40:00
1774554300000,8.83,8.83,8.83,8.83,0.0,2026-03-26 19:45:00
1774554600000,8.83,8.83,8.83,8.83,0.0,2026-03-26 19:50:00
1774554900000,8.83,8.83,8.83,8.83,0.0,2026-03-26 19:55:00
1774555200000,8.83,8.83,8.83,8.83,0.0,2026-03-26 20:00:00
1774555500000,8.83,8.83,8.83,8.83,0.0,2026-03-26 20:05:00
1774555800000,8.91,8.97,8.91,8.97,1.35,2026-03-26 20:10:00
1774556100000,8.95,8.95,8.95,8.95,8.09,2026-03-26 20:15:00
1774556400000,8.96,8.96,8.96,8.96,0.5,2026-03-26 20:20:00
1774556700000,8.96,8.96,8.96,8.96,0.0,2026-03-26 20:25:00
1774557000000,8.95,8.95,8.95,8.95,111.69,2026-03-26 20:30:00
1774557300000,8.95,8.95,8.95,8.95,0.0,2026-03-26 20:35:00
1774557600000,8.95,8.95,8.95,8.95,0.0,2026-03-26 20:40:00
1774557900000,8.95,8.95,8.95,8.95,0.0,2026-03-26 20:45:00
1774558200000,8.95,8.95,8.95,8.95,0.0,2026-03-26 20:50:00
1774558500000,8.95,8.95,8.95,8.95,0.0,2026-03-26 20:55:00
1774558800000,8.91,8.91,8.91,8.91,0.67,2026-03-26 21:00:00
1774559100000,8.91,8.91,8.91,8.91,0.0,2026-03-26 21:05:00
1774559400000,8.91,8.91,8.91,8.91,0.0,2026-03-26 21:10:00
1774559700000,8.91,8.91,8.91,8.91,0.0,2026-03-26 21:15:00
1774560000000,8.91,8.91,8.91,8.91,0.0,2026-03-26 21:20:00
1774560300000,8.91,8.91,8.91,8.91,0.0,2026-03-26 21:25:00
1774560600000,8.91,8.91,8.91,8.91,0.0,2026-03-26 21:30:00
1774560900000,8.91,8.91,8.91,8.91,0.0,2026-03-26 21:35:00
1774561200000,8.91,8.91,8.91,8.91,0.0,2026-03-26 21:40:00
1774561500000,8.91,8.91,8.91,8.91,0.0,2026-03-26 21:45:00
1774561800000,8.91,8.91,8.91,8.91,0.0,2026-03-26 21:50:00
1774562100000,8.97,8.97,8.97,8.97,22.26,2026-03-26 21:55:00
1774562400000,8.97,8.97,8.97,8.97,0.0,2026-03-26 22:00:00
1774562700000,8.97,8.97,8.97,8.97,0.0,2026-03-26 22:05:00
1774563000000,8.96,8.96,8.96,8.96,0.94,2026-03-26 22:10:00
1774563300000,8.96,8.96,8.96,8.96,0.0,2026-03-26 22:15:00
1774563600000,8.93,8.93,8.93,8.93,7.7,2026-03-26 22:20:00
1774563900000,8.91,8.99,8.91,8.91,12.52,2026-03-26 22:25:00
1774564200000,8.91,8.91,8.91,8.91,0.0,2026-03-26 22:30:00
1774564500000,8.91,8.91,8.91,8.91,0.0,2026-03-26 22:35:00
1774564800000,8.91,8.91,8.91,8.91,0.0,2026-03-26 22:40:00
1774565100000,8.94,8.94,8.94,8.94,1.23,2026-03-26 22:45:00
1774565400000,8.94,8.94,8.94,8.94,0.0,2026-03-26 22:50:00
1774565700000,8.94,8.94,8.94,8.94,0.0,2026-03-26 22:55:00
1774566000000,8.94,8.94,8.94,8.94,0.0,2026-03-26 23:00:00
1774566300000,8.94,8.94,8.94,8.94,0.0,2026-03-26 23:05:00
1774566600000,8.95,8.95,8.95,8.95,3.0,2026-03-26 23:10:00
1774566900000,8.95,8.95,8.95,8.95,0.0,2026-03-26 23:15:00
1774567200000,8.95,8.95,8.95,8.95,0.0,2026-03-26 23:20:00
1774567500000,8.95,8.95,8.95,8.95,0.0,2026-03-26 23:25:00
1774567800000,8.95,8.95,8.95,8.95,0.0,2026-03-26 23:30:00
1774568100000,8.95,8.95,8.95,8.95,0.0,2026-03-26 23:35:00
1774568400000,8.95,8.95,8.95,8.95,0.0,2026-03-26 23:40:00
1774568700000,8.95,8.95,8.95,8.95,0.0,2026-03-26 23:45:00
1774569000000,8.95,8.95,8.95,8.95,0.0,2026-03-26 23:50:00
1774569300000,8.95,8.95,8.95,8.95,0.0,2026-03-26 23:55:00
1774569600000,8.95,8.95,8.95,8.95,0.0,2026-03-27 00:00:00
1774569900000,8.95,8.95,8.95,8.95,0.0,2026-03-27 00:05:00
1774570200000,8.95,8.95,8.95,8.95,0.0,2026-03-27 00:10:00
1774570500000,8.95,8.95,8.95,8.95,0.0,2026-03-27 00:15:00
1774570800000,8.95,8.95,8.95,8.95,0.0,2026-03-27 00:20:00
1774571100000,8.9,8.9,8.9,8.9,0.48,2026-03-27 00:25:00
1774571400000,8.9,8.9,8.9,8.9,0.0,2026-03-27 00:30:00
1774571700000,8.9,8.9,8.9,8.9,0.0,2026-03-27 00:35:00
1774572000000,8.9,8.9,8.9,8.9,0.0,2026-03-27 00:40:00
1774572300000,8.9,8.9,8.9,8.9,0.0,2026-03-27 00:45:00
1774572600000,8.9,8.9,8.9,8.9,0.0,2026-03-27 00:50:00
1774572900000,8.9,8.9,8.9,8.9,0.0,2026-03-27 00:55:00
1774573200000,8.9,8.9,8.9,8.9,0.0,2026-03-27 01:00:00
1774573500000,8.9,8.9,8.9,8.9,0.0,2026-03-27 01:05:00
1774573800000,8.9,8.9,8.9,8.9,0.0,2026-03-27 01:10:00
1774574100000,8.9,8.9,8.9,8.9,0.0,2026-03-27 01:15:00
1774574400000,8.9,8.9,8.9,8.9,0.0,2026-03-27 01:20:00
1774574700000,8.9,8.9,8.9,8.9,0.0,2026-03-27 01:25:00
1774575000000,8.9,8.9,8.9,8.9,0.0,2026-03-27 01:30:00
1774575300000,8.9,8.9,8.9,8.9,0.0,2026-03-27 01:35:00
1774575600000,8.9,8.9,8.9,8.9,0.0,2026-03-27 01:40:00
1774575900000,8.9,8.9,8.9,8.9,0.0,2026-03-27 01:45:00
1774576200000,8.9,8.9,8.9,8.9,0.0,2026-03-27 01:50:00
1774576500000,8.9,8.9,8.9,8.9,0.0,2026-03-27 01:55:00
1774576800000,8.9,8.9,8.9,8.9,0.0,2026-03-27 02:00:00
1774577100000,8.9,8.9,8.9,8.9,0.0,2026-03-27 02:05:00
1774577400000,8.9,8.9,8.9,8.9,0.0,2026-03-27 02:10:00
1774577700000,8.9,8.9,8.9,8.9,0.0,2026-03-27 02:15:00
1774578000000,8.9,8.9,8.9,8.9,0.0,2026-03-27 02:20:00
1774578300000,8.9,8.9,8.9,8.9,0.0,2026-03-27 02:25:00
1774578600000,8.97,8.97,8.97,8.97,0.67,2026-03-27 02:30:00
1774578900000,8.98,8.98,8.95,8.95,11.3,2026-03-27 02:35:00
1774579200000,8.95,8.95,8.95,8.95,0.0,2026-03-27 02:40:00
1774579500000,8.95,8.95,8.95,8.95,0.0,2026-03-27 02:45:00
1774579800000,8.95,8.95,8.95,8.95,0.0,2026-03-27 02:50:00
1774580100000,8.95,8.95,8.95,8.95,0.0,2026-03-27 02:55:00
1774580400000,8.95,8.95,8.95,8.95,0.0,2026-03-27 03:00:00
1774580700000,8.94,8.94,8.94,8.94,0.5,2026-03-27 03:05:00
1774581000000,8.91,8.93,8.91,8.93,0.68,2026-03-27 03:10:00
1774581300000,8.93,8.93,8.93,8.93,0.0,2026-03-27 03:15:00
1774581600000,8.93,8.93,8.93,8.93,0.0,2026-03-27 03:20:00
1774581900000,8.93,8.93,8.93,8.93,0.0,2026-03-27 03:25:00
1774582200000,8.93,8.93,8.93,8.93,0.0,2026-03-27 03:30:00
1774582500000,8.93,8.93,8.93,8.93,0.0,2026-03-27 03:35:00
1774582800000,8.93,8.93,8.93,8.93,0.0,2026-03-27 03:40:00
1774583100000,8.93,8.93,8.93,8.93,0.0,2026-03-27 03:45:00
1774583400000,8.93,8.93,8.93,8.93,0.0,2026-03-27 03:50:00
1774583700000,8.93,8.93,8.93,8.93,0.0,2026-03-27 03:55:00
1774584000000,8.91,8.91,8.87,8.87,11.78,2026-03-27 04:00:00
1774584300000,8.88,8.88,8.86,8.86,4.36,2026-03-27 04:05:00
1774584600000,8.86,8.86,8.86,8.86,0.0,2026-03-27 04:10:00
1774584900000,8.86,8.86,8.86,8.86,0.0,2026-03-27 04:15:00
1774585200000,8.86,8.86,8.86,8.86,0.0,2026-03-27 04:20:00
1774585500000,8.86,8.86,8.86,8.86,0.0,2026-03-27 04:25:00
1774585800000,8.86,8.86,8.86,8.86,0.0,2026-03-27 04:30:00
1774586100000,8.86,8.86,8.86,8.86,0.0,2026-03-27 04:35:00
1774586400000,8.88,8.88,8.88,8.88,9.9,2026-03-27 04:40:00
1774586700000,8.88,8.88,8.88,8.88,0.0,2026-03-27 04:45:00
1774587000000,8.88,8.88,8.88,8.88,0.0,2026-03-27 04:50:00
1774587300000,8.9,8.9,8.9,8.9,39.25,2026-03-27 04:55:00
1774587600000,8.9,8.9,8.9,8.9,0.0,2026-03-27 05:00:00
1774587900000,8.89,8.89,8.89,8.89,11.77,2026-03-27 05:05:00
1774588200000,8.91,8.91,8.91,8.91,0.68,2026-03-27 05:10:00
1774588500000,8.91,8.91,8.91,8.91,0.0,2026-03-27 05:15:00
1774588800000,8.91,8.91,8.91,8.91,0.0,2026-03-27 05:20:00
1774589100000,8.91,8.91,8.91,8.91,0.0,2026-03-27 05:25:00
1774589400000,8.91,8.91,8.91,8.91,0.0,2026-03-27 05:30:00
1774589700000,8.91,8.91,8.91,8.91,0.0,2026-03-27 05:35:00
1774590000000,8.91,8.91,8.91,8.91,0.0,2026-03-27 05:40:00
1774590300000,8.91,8.91,8.91,8.91,0.0,2026-03-27 05:45:00
1774590600000,8.91,8.91,8.91,8.91,0.0,2026-03-27 05:50:00
1774590900000,8.91,8.91,8.91,8.91,0.0,2026-03-27 05:55:00
1774591200000,8.91,8.91,8.91,8.91,0.0,2026-03-27 06:00:00
1774591500000,8.91,8.91,8.91,8.91,0.0,2026-03-27 06:05:00
1774591800000,8.91,8.91,8.91,8.91,0.0,2026-03-27 06:10:00
1774592100000,8.91,8.91,8.91,8.91,0.0,2026-03-27 06:15:00
1774592400000,8.91,8.91,8.91,8.91,0.0,2026-03-27 06:20:00
1774592700000,8.91,8.91,8.91,8.91,0.0,2026-03-27 06:25:00
1774593000000,8.91,8.91,8.91,8.91,0.0,2026-03-27 06:30:00
1774593300000,8.91,8.91,8.91,8.91,0.0,2026-03-27 06:35:00
1774593600000,8.91,8.91,8.91,8.91,0.0,2026-03-27 06:40:00
1774593900000,8.91,8.91,8.91,8.91,0.0,2026-03-27 06:45:00
1774594200000,8.91,8.91,8.91,8.91,0.0,2026-03-27 06:50:00
1774594500000,8.91,8.91,8.91,8.91,5.6,2026-03-27 06:55:00
1774594800000,8.91,8.91,8.91,8.91,0.0,2026-03-27 07:00:00
1774595100000,8.91,8.91,8.91,8.91,0.0,2026-03-27 07:05:00
1774595400000,8.91,8.91,8.91,8.91,0.0,2026-03-27 07:10:00
1774595700000,8.91,8.91,8.91,8.91,0.0,2026-03-27 07:15:00
1774596000000,8.91,8.91,8.91,8.91,0.0,2026-03-27 07:20:00
1774596300000,8.91,8.91,8.91,8.91,0.0,2026-03-27 07:25:00
1774596600000,8.91,8.91,8.91,8.91,0.0,2026-03-27 07:30:00
1774596900000,8.91,8.91,8.91,8.91,0.0,2026-03-27 07:35:00
1774597200000,8.91,8.91,8.91,8.91,0.0,2026-03-27 07:40:00
1774597500000,8.91,8.91,8.91,8.91,0.0,2026-03-27 07:45:00
1774597800000,8.91,8.91,8.91,8.91,0.0,2026-03-27 07:50:00
1774598100000,8.91,8.91,8.91,8.91,0.0,2026-03-27 07:55:00
1774598400000,8.91,8.91,8.91,8.91,0.0,2026-03-27 08:00:00
1774598700000,8.91,8.91,8.91,8.91,0.0,2026-03-27 08:05:00
1774599000000,8.91,8.91,8.91,8.91,0.0,2026-03-27 08:10:00
1774599300000,8.91,8.91,8.91,8.91,0.0,2026-03-27 08:15:00
1774599600000,8.91,8.91,8.91,8.91,0.0,2026-03-27 08:20:00
1774599900000,8.91,8.91,8.91,8.91,0.0,2026-03-27 08:25:00
1774600200000,8.91,8.91,8.91,8.91,0.0,2026-03-27 08:30:00
1774600500000,8.86,8.86,8.78,8.79,48.91,2026-03-27 08:35:00
1774600800000,8.79,8.79,8.79,8.79,0.0,2026-03-27 08:40:00
1774601100000,8.79,8.79,8.79,8.79,0.0,2026-03-27 08:45:00
1774601400000,8.79,8.79,8.79,8.79,0.0,2026-03-27 08:50:00
1774601700000,8.79,8.79,8.79,8.79,0.0,2026-03-27 08:55:00
1774602000000,8.82,8.82,8.81,8.81,12.84,2026-03-27 09:00:00
1774602300000,8.81,8.81,8.81,8.81,0.0,2026-03-27 09:05:00
1774602600000,8.81,8.81,8.81,8.81,0.0,2026-03-27 09:10:00
1774602900000,8.81,8.81,8.81,8.81,0.0,2026-03-27 09:15:00
1774603200000,8.79,8.79,8.79,8.79,44.47,2026-03-27 09:20:00
1774603500000,8.79,8.79,8.79,8.79,0.0,2026-03-27 09:25:00
1774603800000,8.79,8.79,8.79,8.79,0.0,2026-03-27 09:30:00
1774604100000,8.79,8.79,8.79,8.79,0.0,2026-03-27 09:35:00
1774604400000,8.79,8.79,8.79,8.79,0.0,2026-03-27 09:40:00
1774604700000,8.79,8.79,8.79,8.79,0.0,2026-03-27 09:45:00
1774605000000,8.79,8.79,8.79,8.79,0.0,2026-03-27 09:50:00
1774605300000,8.79,8.79,8.79,8.79,0.0,2026-03-27 09:55:00
1774605600000,8.79,8.79,8.79,8.79,0.0,2026-03-27 10:00:00
1774605900000,8.79,8.79,8.79,8.79,0.0,2026-03-27 10:05:00
1774606200000,8.79,8.79,8.79,8.79,0.0,2026-03-27 10:10:00
1774606500000,8.79,8.79,8.79,8.79,0.0,2026-03-27 10:15:00
1774606800000,8.79,8.79,8.79,8.79,0.0,2026-03-27 10:20:00
1774607100000,8.79,8.79,8.79,8.79,0.0,2026-03-27 10:25:00
1774607400000,8.79,8.79,8.79,8.79,0.0,2026-03-27 10:30:00
1774607700000,8.75,8.75,8.65,8.65,106.88,2026-03-27 10:35:00
1774608000000,8.65,8.65,8.65,8.65,0.0,2026-03-27 10:40:00
1774608300000,8.65,8.65,8.65,8.65,0.0,2026-03-27 10:45:00
1774608600000,8.66,8.66,8.59,8.59,24.38,2026-03-27 10:50:00
1774608900000,8.59,8.62,8.59,8.62,21.69,2026-03-27 10:55:00
1774609200000,8.58,8.59,8.58,8.59,12.73,2026-03-27 11:00:00
1774609500000,8.59,8.59,8.59,8.59,0.0,2026-03-27 11:05:00
1774609800000,8.59,8.59,8.59,8.59,0.0,2026-03-27 11:10:00
1774610100000,8.62,8.62,8.62,8.62,10.0,2026-03-27 11:15:00
1774610400000,8.62,8.62,8.62,8.62,0.0,2026-03-27 11:20:00
1774610700000,8.62,8.62,8.62,8.62,0.0,2026-03-27 11:25:00
1774611000000,8.62,8.62,8.62,8.62,0.0,2026-03-27 11:30:00
1774611300000,8.62,8.62,8.62,8.62,0.0,2026-03-27 11:35:00
1774611600000,8.62,8.62,8.62,8.62,0.0,2026-03-27 11:40:00
1774611900000,8.62,8.62,8.62,8.62,0.0,2026-03-27 11:45:00
1774612200000,8.62,8.62,8.62,8.62,0.0,2026-03-27 11:50:00
1774612500000,8.62,8.62,8.62,8.62,0.0,2026-03-27 11:55:00
1774612800000,8.62,8.62,8.62,8.62,0.0,2026-03-27 12:00:00
1774613100000,8.59,8.59,8.59,8.59,5.76,2026-03-27 12:05:00
1774613400000,8.58,8.58,8.58,8.58,70.0,2026-03-27 12:10:00
1774613700000,8.59,8.59,8.59,8.59,18.0,2026-03-27 12:15:00
1774614000000,8.59,8.59,8.59,8.59,0.0,2026-03-27 12:20:00
1774614300000,8.59,8.59,8.59,8.59,0.0,2026-03-27 12:25:00
1774614600000,8.59,8.59,8.59,8.59,0.0,2026-03-27 12:30:00
1774614900000,8.56,8.56,8.56,8.56,56.61,2026-03-27 12:35:00
1774615200000,8.56,8.56,8.56,8.56,0.0,2026-03-27 12:40:00
1774615500000,8.56,8.56,8.56,8.56,0.0,2026-03-27 12:45:00
1774615800000,8.56,8.56,8.56,8.56,0.0,2026-03-27 12:50:00
1774616100000,8.62,8.62,8.62,8.62,6.38,2026-03-27 12:55:00
1774616400000,8.62,8.62,8.62,8.62,0.0,2026-03-27 13:00:00
1774616700000,8.6,8.6,8.6,8.6,1.39,2026-03-27 13:05:00
1774617000000,8.6,8.6,8.6,8.6,0.0,2026-03-27 13:10:00
1774617300000,8.6,8.6,8.6,8.6,0.0,2026-03-27 13:15:00
1774617600000,8.6,8.6,8.6,8.6,0.0,2026-03-27 13:20:00
1774617900000,8.6,8.6,8.6,8.6,0.0,2026-03-27 13:25:00
1774618200000,8.6,8.6,8.6,8.6,0.0,2026-03-27 13:30:00
1774618500000,8.56,8.57,8.51,8.57,154.13,2026-03-27 13:35:00
1774618800000,8.57,8.6,8.57,8.6,6.38,2026-03-27 13:40:00
1774619100000,8.6,8.6,8.6,8.6,0.0,2026-03-27 13:45:00
1774619400000,8.6,8.6,8.6,8.6,0.0,2026-03-27 13:50:00
1774619700000,8.6,8.6,8.6,8.6,0.0,2026-03-27 13:55:00
1774620000000,8.6,8.6,8.6,8.6,0.0,2026-03-27 14:00:00
1774620300000,8.6,8.6,8.6,8.6,0.0,2026-03-27 14:05:00
1774620600000,8.6,8.6,8.6,8.6,0.62,2026-03-27 14:10:00
1774620900000,8.6,8.6,8.6,8.6,0.0,2026-03-27 14:15:00
1774621200000,8.56,8.57,8.52,8.56,13.99,2026-03-27 14:20:00
1774621500000,8.56,8.56,8.56,8.56,0.0,2026-03-27 14:25:00
1774621800000,8.56,8.56,8.56,8.56,0.0,2026-03-27 14:30:00
1774622100000,8.56,8.56,8.56,8.56,0.0,2026-03-27 14:35:00
1774622400000,8.56,8.56,8.56,8.56,0.0,2026-03-27 14:40:00
1774622700000,8.56,8.56,8.53,8.53,151.5,2026-03-27 14:45:00
1774623000000,8.53,8.53,8.53,8.53,0.0,2026-03-27 14:50:00
1774623300000,8.53,8.53,8.53,8.53,0.0,2026-03-27 14:55:00
1774623600000,8.53,8.53,8.53,8.53,0.0,2026-03-27 15:00:00
1774623900000,8.6,8.62,8.6,8.62,6.49,2026-03-27 15:05:00
1774624200000,8.62,8.62,8.62,8.62,0.0,2026-03-27 15:10:00
1774624500000,8.62,8.62,8.62,8.62,0.0,2026-03-27 15:15:00
1774624800000,8.62,8.62,8.62,8.62,0.7,2026-03-27 15:20:00
1774625100000,8.62,8.62,8.62,8.62,0.0,2026-03-27 15:25:00
1774625400000,8.65,8.65,8.64,8.64,30.67,2026-03-27 15:30:00
1774625700000,8.64,8.64,8.64,8.64,0.0,2026-03-27 15:35:00
1774626000000,8.64,8.64,8.64,8.64,0.0,2026-03-27 15:40:00
1774626300000,8.64,8.64,8.64,8.64,0.0,2026-03-27 15:45:00
1774626600000,8.64,8.64,8.64,8.64,0.0,2026-03-27 15:50:00
1774626900000,8.64,8.64,8.64,8.64,0.0,2026-03-27 15:55:00
1774627200000,8.64,8.64,8.64,8.64,0.0,2026-03-27 16:00:00
1774627500000,8.64,8.64,8.64,8.64,0.0,2026-03-27 16:05:00
1774627800000,8.64,8.64,8.64,8.64,0.0,2026-03-27 16:10:00
1774628100000,8.6,8.6,8.6,8.6,0.7,2026-03-27 16:15:00
1774628400000,8.6,8.6,8.6,8.6,0.0,2026-03-27 16:20:00
1774628700000,8.6,8.6,8.6,8.6,0.0,2026-03-27 16:25:00
1774629000000,8.6,8.6,8.6,8.6,0.0,2026-03-27 16:30:00
1774629300000,8.6,8.6,8.6,8.6,0.0,2026-03-27 16:35:00
1774629600000,8.6,8.6,8.6,8.6,0.0,2026-03-27 16:40:00
1774629900000,8.6,8.6,8.6,8.6,0.0,2026-03-27 16:45:00
1774630200000,8.6,8.6,8.6,8.6,0.0,2026-03-27 16:50:00
1774630500000,8.6,8.6,8.6,8.6,0.0,2026-03-27 16:55:00
1774630800000,8.6,8.6,8.6,8.6,0.0,2026-03-27 17:00:00
1774631100000,8.6,8.6,8.6,8.6,0.0,2026-03-27 17:05:00
1774631400000,8.6,8.6,8.6,8.6,0.0,2026-03-27 17:10:00
1774631700000,8.6,8.6,8.6,8.6,0.0,2026-03-27 17:15:00
1774632000000,8.6,8.6,8.6,8.6,0.0,2026-03-27 17:20:00
1774632300000,8.6,8.6,8.6,8.6,11.0,2026-03-27 17:25:00
1774632600000,8.61,8.61,8.61,8.61,11.62,2026-03-27 17:30:00
1774632900000,8.61,8.61,8.61,8.61,0.0,2026-03-27 17:35:00
1774633200000,8.61,8.61,8.61,8.61,0.0,2026-03-27 17:40:00
1774633500000,8.55,8.55,8.55,8.55,8.49,2026-03-27 17:45:00
1774633800000,8.55,8.55,8.55,8.55,0.0,2026-03-27 17:50:00
1774634100000,8.55,8.55,8.55,8.55,0.0,2026-03-27 17:55:00
1774634400000,8.55,8.55,8.55,8.55,0.0,2026-03-27 18:00:00
1774634700000,8.55,8.55,8.55,8.55,0.0,2026-03-27 18:05:00
1774635000000,8.55,8.55,8.55,8.55,0.0,2026-03-27 18:10:00
1774635300000,8.55,8.55,8.55,8.55,0.0,2026-03-27 18:15:00
1774635600000,8.55,8.55,8.55,8.55,0.0,2026-03-27 18:20:00
1774635900000,8.55,8.55,8.55,8.55,0.0,2026-03-27 18:25:00
1774636200000,8.56,8.56,8.56,8.56,23.95,2026-03-27 18:30:00
1774636500000,8.54,8.54,8.53,8.53,15.05,2026-03-27 18:35:00
1774636800000,8.53,8.53,8.53,8.53,0.0,2026-03-27 18:40:00
1774637100000,8.53,8.53,8.53,8.53,0.0,2026-03-27 18:45:00
1774637400000,8.53,8.53,8.53,8.53,0.0,2026-03-27 18:50:00
1774637700000,8.53,8.53,8.53,8.53,0.0,2026-03-27 18:55:00
1774638000000,8.52,8.52,8.52,8.52,11.7,2026-03-27 19:00:00
1774638300000,8.5,8.5,8.5,8.5,13.19,2026-03-27 19:05:00
1774638600000,8.5,8.5,8.5,8.5,0.0,2026-03-27 19:10:00
1774638900000,8.5,8.5,8.5,8.5,0.0,2026-03-27 19:15:00
1774639200000,8.5,8.5,8.5,8.5,0.0,2026-03-27 19:20:00
1774639500000,8.5,8.5,8.5,8.5,0.0,2026-03-27 19:25:00
1774639800000,8.55,8.55,8.55,8.55,186.37,2026-03-27 19:30:00
1774640100000,8.55,8.55,8.55,8.55,0.0,2026-03-27 19:35:00
1774640400000,8.55,8.55,8.55,8.55,0.0,2026-03-27 19:40:00
1774640700000,8.54,8.54,8.54,8.54,10.47,2026-03-27 19:45:00
1774641000000,8.54,8.54,8.54,8.54,0.0,2026-03-27 19:50:00
1774641300000,8.54,8.54,8.54,8.54,0.0,2026-03-27 19:55:00
1774641600000,8.54,8.54,8.54,8.54,0.0,2026-03-27 20:00:00
1774641900000,8.54,8.54,8.54,8.54,0.0,2026-03-27 20:05:00
1774642200000,8.54,8.54,8.54,8.54,0.0,2026-03-27 20:10:00
1774642500000,8.54,8.54,8.54,8.54,0.0,2026-03-27 20:15:00
1774642800000,8.54,8.54,8.54,8.54,0.0,2026-03-27 20:20:00
1774643100000,8.51,8.51,8.51,8.51,9.95,2026-03-27 20:25:00
1774643400000,8.51,8.51,8.51,8.51,0.0,2026-03-27 20:30:00
1774643700000,8.51,8.51,8.51,8.51,0.0,2026-03-27 20:35:00
1774644000000,8.51,8.51,8.51,8.51,0.0,2026-03-27 20:40:00
1774644300000,8.51,8.51,8.51,8.51,0.0,2026-03-27 20:45:00
1774644600000,8.51,8.51,8.51,8.51,2.9,2026-03-27 20:50:00
1774644900000,8.51,8.51,8.51,8.51,0.0,2026-03-27 20:55:00
1774645200000,8.55,8.55,8.55,8.55,8.92,2026-03-27 21:00:00
1774645500000,8.55,8.55,8.55,8.55,0.0,2026-03-27 21:05:00
1774645800000,8.54,8.54,8.54,8.54,1.9,2026-03-27 21:10:00
1774646100000,8.54,8.54,8.54,8.54,0.0,2026-03-27 21:15:00
1774646400000,8.54,8.54,8.54,8.54,0.0,2026-03-27 21:20:00
1774646700000,8.54,8.54,8.54,8.54,0.0,2026-03-27 21:25:00
1774647000000,8.54,8.54,8.54,8.54,0.0,2026-03-27 21:30:00
1774647300000,8.54,8.54,8.54,8.54,0.0,2026-03-27 21:35:00
1774647600000,8.54,8.54,8.54,8.54,3.5,2026-03-27 21:40:00
1774647900000,8.54,8.54,8.54,8.54,0.0,2026-03-27 21:45:00
1774648200000,8.54,8.54,8.54,8.54,0.0,2026-03-27 21:50:00
1774648500000,8.54,8.54,8.54,8.54,0.0,2026-03-27 21:55:00
1774648800000,8.54,8.54,8.54,8.54,0.0,2026-03-27 22:00:00
1774649100000,8.54,8.54,8.54,8.54,0.0,2026-03-27 22:05:00
1774649400000,8.55,8.55,8.52,8.52,8.16,2026-03-27 22:10:00
1774649700000,8.52,8.52,8.52,8.52,0.0,2026-03-27 22:15:00
1774650000000,8.52,8.52,8.52,8.52,0.0,2026-03-27 22:20:00
1774650300000,8.52,8.52,8.52,8.52,0.0,2026-03-27 22:25:00
1774650600000,8.52,8.52,8.52,8.52,0.0,2026-03-27 22:30:00
1774650900000,8.52,8.52,8.52,8.52,0.0,2026-03-27 22:35:00
1774651200000,8.52,8.52,8.52,8.52,0.0,2026-03-27 22:40:00
1774651500000,8.52,8.52,8.52,8.52,0.0,2026-03-27 22:45:00
1774651800000,8.52,8.52,8.52,8.52,0.0,2026-03-27 22:50:00
1774652100000,8.52,8.52,8.52,8.52,0.0,2026-03-27 22:55:00
1774652400000,8.54,8.54,8.53,8.53,7.45,2026-03-27 23:00:00
1774652700000,8.53,8.53,8.53,8.53,0.0,2026-03-27 23:05:00
1774653000000,8.53,8.53,8.53,8.53,0.0,2026-03-27 23:10:00
1774653300000,8.53,8.53,8.53,8.53,0.0,2026-03-27 23:15:00
1774653600000,8.53,8.53,8.53,8.53,0.0,2026-03-27 23:20:00
1774653900000,8.53,8.53,8.53,8.53,0.0,2026-03-27 23:25:00
1774654200000,8.53,8.53,8.53,8.53,0.0,2026-03-27 23:30:00
1774654500000,8.53,8.53,8.53,8.53,0.0,2026-03-27 23:35:00
1774654800000,8.53,8.53,8.53,8.53,0.0,2026-03-27 23:40:00
1774655100000,8.53,8.53,8.53,8.53,0.0,2026-03-27 23:45:00
1774655400000,8.53,8.53,8.53,8.53,0.0,2026-03-27 23:50:00
1774655700000,8.53,8.53,8.53,8.53,0.0,2026-03-27 23:55:00
1774656000000,8.53,8.53,8.53,8.53,0.0,2026-03-28 00:00:00
1774656300000,8.53,8.53,8.53,8.53,0.0,2026-03-28 00:05:00
1774656600000,8.53,8.53,8.53,8.53,0.0,2026-03-28 00:10:00
1774656900000,8.53,8.53,8.53,8.53,0.0,2026-03-28 00:15:00
1774657200000,8.57,8.57,8.57,8.57,0.19,2026-03-28 00:20:00
1774657500000,8.57,8.57,8.57,8.57,0.58,2026-03-28 00:25:00
1774657800000,8.58,8.58,8.58,8.58,0.37,2026-03-28 00:30:00
1774658100000,8.58,8.58,8.58,8.58,0.15,2026-03-28 00:35:00
1774658400000,8.58,8.58,8.58,8.58,0.0,2026-03-28 00:40:00
1774658700000,8.58,8.58,8.58,8.58,0.0,2026-03-28 00:45:00
1774659000000,8.57,8.57,8.57,8.57,0.53,2026-03-28 00:50:00
1774659300000,8.57,8.57,8.57,8.57,0.0,2026-03-28 00:55:00
1774659600000,8.56,8.56,8.56,8.56,11.0,2026-03-28 01:00:00
1774659900000,8.56,8.56,8.56,8.56,0.0,2026-03-28 01:05:00
1774660200000,8.54,8.54,8.53,8.53,9.72,2026-03-28 01:10:00
1774660500000,8.53,8.53,8.53,8.53,0.0,2026-03-28 01:15:00
1774660800000,8.53,8.53,8.53,8.53,0.0,2026-03-28 01:20:00
1774661100000,8.54,8.54,8.54,8.54,5.26,2026-03-28 01:25:00
1774661400000,8.54,8.54,8.54,8.54,0.0,2026-03-28 01:30:00
1774661700000,8.54,8.54,8.54,8.54,0.0,2026-03-28 01:35:00
1774662000000,8.54,8.54,8.54,8.54,0.0,2026-03-28 01:40:00
1774662300000,8.54,8.54,8.54,8.54,0.0,2026-03-28 01:45:00
1774662600000,8.54,8.54,8.54,8.54,0.0,2026-03-28 01:50:00
1774662900000,8.54,8.54,8.54,8.54,0.0,2026-03-28 01:55:00
1774663200000,8.54,8.54,8.54,8.54,0.0,2026-03-28 02:00:00
1774663500000,8.54,8.54,8.54,8.54,0.0,2026-03-28 02:05:00
1774663800000,8.54,8.54,8.54,8.54,0.0,2026-03-28 02:10:00
1774664100000,8.54,8.54,8.54,8.54,0.0,2026-03-28 02:15:00
1774664400000,8.54,8.54,8.54,8.54,0.0,2026-03-28 02:20:00
1774664700000,8.54,8.54,8.54,8.54,0.0,2026-03-28 02:25:00
1774665000000,8.54,8.54,8.54,8.54,0.0,2026-03-28 02:30:00
1774665300000,8.54,8.54,8.54,8.54,0.0,2026-03-28 02:35:00
1774665600000,8.54,8.54,8.54,8.54,0.0,2026-03-28 02:40:00
1774665900000,8.52,8.52,8.52,8.52,5.85,2026-03-28 02:45:00
1774666200000,8.52,8.52,8.52,8.52,0.0,2026-03-28 02:50:00
1774666500000,8.52,8.52,8.52,8.52,0.0,2026-03-28 02:55:00
1774666800000,8.54,8.54,8.54,8.54,2.92,2026-03-28 03:00:00
1774667100000,8.54,8.54,8.54,8.54,0.0,2026-03-28 03:05:00
1774667400000,8.54,8.54,8.54,8.54,0.0,2026-03-28 03:10:00
1774667700000,8.52,8.52,8.52,8.52,7.02,2026-03-28 03:15:00
1774668000000,8.52,8.52,8.52,8.52,0.0,2026-03-28 03:20:00
1774668300000,8.52,8.52,8.52,8.52,0.0,2026-03-28 03:25:00
1774668600000,8.52,8.52,8.52,8.52,0.0,2026-03-28 03:30:00
1774668900000,8.52,8.52,8.52,8.52,0.0,2026-03-28 03:35:00
1774669200000,8.52,8.52,8.52,8.52,0.0,2026-03-28 03:40:00
1774669500000,8.52,8.52,8.52,8.52,0.0,2026-03-28 03:45:00
1774669800000,8.52,8.52,8.52,8.52,0.0,2026-03-28 03:50:00
1774670100000,8.52,8.52,8.52,8.52,0.0,2026-03-28 03:55:00
1774670400000,8.52,8.52,8.52,8.52,0.0,2026-03-28 04:00:00
1774670700000,8.53,8.58,8.53,8.58,8.3,2026-03-28 04:05:00
1774671000000,8.58,8.58,8.58,8.58,0.0,2026-03-28 04:10:00
1774671300000,8.58,8.58,8.58,8.58,0.0,2026-03-28 04:15:00
1774671600000,8.58,8.58,8.58,8.58,0.0,2026-03-28 04:20:00
1774671900000,8.58,8.58,8.58,8.58,0.0,2026-03-28 04:25:00
1774672200000,8.58,8.58,8.58,8.58,0.0,2026-03-28 04:30:00
1774672500000,8.58,8.58,8.58,8.58,0.0,2026-03-28 04:35:00
1774672800000,8.58,8.58,8.58,8.58,0.0,2026-03-28 04:40:00
1774673100000,8.58,8.58,8.58,8.58,0.0,2026-03-28 04:45:00
1774673400000,8.58,8.58,8.58,8.58,0.0,2026-03-28 04:50:00
1774673700000,8.52,8.52,8.52,8.52,9.9,2026-03-28 04:55:00
1774674000000,8.53,8.53,8.53,8.53,7.75,2026-03-28 05:00:00
1774674300000,8.53,8.53,8.53,8.53,0.0,2026-03-28 05:05:00
1774674600000,8.53,8.53,8.53,8.53,0.0,2026-03-28 05:10:00
1774674900000,8.53,8.53,8.53,8.53,0.0,2026-03-28 05:15:00
1774675200000,8.53,8.53,8.53,8.53,0.0,2026-03-28 05:20:00
1774675500000,8.53,8.53,8.53,8.53,0.0,2026-03-28 05:25:00
1774675800000,8.53,8.53,8.53,8.53,0.0,2026-03-28 05:30:00
1774676100000,8.53,8.53,8.53,8.53,0.0,2026-03-28 05:35:00
1774676400000,8.53,8.53,8.53,8.53,0.0,2026-03-28 05:40:00
1774676700000,8.53,8.53,8.53,8.53,0.0,2026-03-28 05:45:00
1774677000000,8.53,8.53,8.53,8.53,0.0,2026-03-28 05:50:00
1774677300000,8.53,8.53,8.53,8.53,0.0,2026-03-28 05:55:00
1774677600000,8.53,8.53,8.53,8.53,0.0,2026-03-28 06:00:00
1774677900000,8.53,8.53,8.53,8.53,0.0,2026-03-28 06:05:00
1774678200000,8.53,8.53,8.53,8.53,0.0,2026-03-28 06:10:00
1774678500000,8.56,8.56,8.56,8.56,143.07,2026-03-28 06:15:00
1774678800000,8.57,8.57,8.57,8.57,9.03,2026-03-28 06:20:00
1774679100000,8.57,8.57,8.57,8.57,0.0,2026-03-28 06:25:00
1774679400000,8.57,8.57,8.57,8.57,0.0,2026-03-28 06:30:00
1774679700000,8.57,8.57,8.57,8.57,0.0,2026-03-28 06:35:00
1774680000000,8.57,8.57,8.57,8.57,0.0,2026-03-28 06:40:00
1774680300000,8.57,8.57,8.57,8.57,0.0,2026-03-28 06:45:00
1774680600000,8.57,8.57,8.57,8.57,0.0,2026-03-28 06:50:00
1774680900000,8.57,8.57,8.57,8.57,0.0,2026-03-28 06:55:00
1774681200000,8.57,8.57,8.57,8.57,0.0,2026-03-28 07:00:00
1774681500000,8.57,8.57,8.57,8.57,0.0,2026-03-28 07:05:00
1774681800000,8.57,8.57,8.57,8.57,0.0,2026-03-28 07:10:00
1774682100000,8.57,8.57,8.57,8.57,0.0,2026-03-28 07:15:00
1774682400000,8.57,8.57,8.57,8.57,0.0,2026-03-28 07:20:00
1774682700000,8.57,8.57,8.57,8.57,0.0,2026-03-28 07:25:00
1774683000000,8.57,8.57,8.57,8.57,0.0,2026-03-28 07:30:00
1774683300000,8.57,8.57,8.57,8.57,0.0,2026-03-28 07:35:00
1774683600000,8.57,8.57,8.57,8.57,0.0,2026-03-28 07:40:00
1774683900000,8.57,8.57,8.57,8.57,0.0,2026-03-28 07:45:00
1774684200000,8.57,8.57,8.57,8.57,0.0,2026-03-28 07:50:00
1774684500000,8.57,8.57,8.57,8.57,0.0,2026-03-28 07:55:00
1774684800000,8.57,8.57,8.57,8.57,0.0,2026-03-28 08:00:00
1774685100000,8.6,8.6,8.6,8.6,0.7,2026-03-28 08:05:00
1774685400000,8.6,8.6,8.6,8.6,0.0,2026-03-28 08:10:00
1774685700000,8.61,8.61,8.61,8.61,11.62,2026-03-28 08:15:00
1774686000000,8.61,8.61,8.61,8.61,0.0,2026-03-28 08:20:00
1774686300000,8.61,8.61,8.61,8.61,0.0,2026-03-28 08:25:00
1774686600000,8.61,8.61,8.61,8.61,0.0,2026-03-28 08:30:00
1774686900000,8.61,8.61,8.61,8.61,0.0,2026-03-28 08:35:00
1774687200000,8.61,8.61,8.61,8.61,0.0,2026-03-28 08:40:00
1774687500000,8.61,8.61,8.61,8.61,0.0,2026-03-28 08:45:00
1774687800000,8.61,8.61,8.61,8.61,0.0,2026-03-28 08:50:00
1774688100000,8.61,8.61,8.61,8.61,0.0,2026-03-28 08:55:00
1774688400000,8.56,8.56,8.56,8.56,1.13,2026-03-28 09:00:00
1774688700000,8.55,8.55,8.55,8.55,0.7,2026-03-28 09:05:00
1774689000000,8.55,8.55,8.55,8.55,0.0,2026-03-28 09:10:00
1774689300000,8.55,8.55,8.55,8.55,0.0,2026-03-28 09:15:00
1774689600000,8.53,8.53,8.53,8.53,8.04,2026-03-28 09:20:00
1774689900000,8.53,8.53,8.53,8.53,0.0,2026-03-28 09:25:00
1774690200000,8.53,8.53,8.53,8.53,0.0,2026-03-28 09:30:00
1774690500000,8.53,8.53,8.53,8.53,0.0,2026-03-28 09:35:00
1774690800000,8.53,8.53,8.53,8.53,0.0,2026-03-28 09:40:00
1774691100000,8.53,8.53,8.53,8.53,0.0,2026-03-28 09:45:00
1774691400000,8.53,8.53,8.53,8.53,0.0,2026-03-28 09:50:00
1774691700000,8.53,8.53,8.53,8.53,0.0,2026-03-28 09:55:00
1774692000000,8.53,8.53,8.53,8.53,0.0,2026-03-28 10:00:00
1774692300000,8.53,8.53,8.53,8.53,0.0,2026-03-28 10:05:00
1774692600000,8.53,8.53,8.53,8.53,0.0,2026-03-28 10:10:00
1774692900000,8.53,8.53,8.53,8.53,0.0,2026-03-28 10:15:00
1774693200000,8.53,8.53,8.53,8.53,0.0,2026-03-28 10:20:00
1774693500000,8.52,8.52,8.52,8.52,13.57,2026-03-28 10:25:00
1774693800000,8.52,8.52,8.52,8.52,0.0,2026-03-28 10:30:00
1774694100000,8.52,8.52,8.52,8.52,0.0,2026-03-28 10:35:00
1774694400000,8.52,8.52,8.52,8.52,0.0,2026-03-28 10:40:00
1774694700000,8.52,8.52,8.52,8.52,0.0,2026-03-28 10:45:00
1774695000000,8.52,8.52,8.52,8.52,0.0,2026-03-28 10:50:00
1774695300000,8.52,8.52,8.52,8.52,0.0,2026-03-28 10:55:00
1774695600000,8.53,8.53,8.53,8.53,0.58,2026-03-28 11:00:00
1774695900000,8.53,8.53,8.53,8.53,0.0,2026-03-28 11:05:00
1774696200000,8.53,8.53,8.53,8.53,0.0,2026-03-28 11:10:00
1774696500000,8.53,8.53,8.53,8.53,0.0,2026-03-28 11:15:00
1774696800000,8.53,8.53,8.53,8.53,0.0,2026-03-28 11:20:00
1774697100000,8.53,8.53,8.53,8.53,0.0,2026-03-28 11:25:00
1774697400000,8.53,8.53,8.53,8.53,0.0,2026-03-28 11:30:00
1774697700000,8.53,8.53,8.53,8.53,0.0,2026-03-28 11:35:00
1774698000000,8.53,8.53,8.53,8.53,0.0,2026-03-28 11:40:00
1774698300000,8.53,8.53,8.53,8.53,0.0,2026-03-28 11:45:00
1774698600000,8.53,8.53,8.53,8.53,0.0,2026-03-28 11:50:00
1774698900000,8.53,8.53,8.53,8.53,0.0,2026-03-28 11:55:00
1774699200000,8.53,8.53,8.53,8.53,0.0,2026-03-28 12:00:00
1774699500000,8.53,8.53,8.53,8.53,0.0,2026-03-28 12:05:00
1774699800000,8.53,8.53,8.53,8.53,0.0,2026-03-28 12:10:00
1774700100000,8.53,8.53,8.53,8.53,0.0,2026-03-28 12:15:00
1774700400000,8.53,8.53,8.53,8.53,0.0,2026-03-28 12:20:00
1774700700000,8.53,8.53,8.53,8.53,0.0,2026-03-28 12:25:00
1774701000000,8.53,8.53,8.53,8.53,0.0,2026-03-28 12:30:00
1774701300000,8.53,8.53,8.53,8.53,0.0,2026-03-28 12:35:00
1774701600000,8.53,8.53,8.53,8.53,0.0,2026-03-28 12:40:00
1774701900000,8.53,8.53,8.53,8.53,0.0,2026-03-28 12:45:00
1774702200000,8.53,8.53,8.53,8.53,0.0,2026-03-28 12:50:00
1774702500000,8.53,8.53,8.53,8.53,0.0,2026-03-28 12:55:00
1774702800000,8.53,8.53,8.53,8.53,0.0,2026-03-28 13:00:00
1774703100000,8.53,8.53,8.53,8.53,2.34,2026-03-28 13:05:00
1774703400000,8.53,8.53,8.53,8.53,0.0,2026-03-28 13:10:00
1774703700000,8.53,8.53,8.53,8.53,0.0,2026-03-28 13:15:00
1774704000000,8.53,8.53,8.53,8.53,0.0,2026-03-28 13:20:00
1774704300000,8.53,8.53,8.53,8.53,0.0,2026-03-28 13:25:00
1774704600000,8.53,8.53,8.53,8.53,0.0,2026-03-28 13:30:00
1774704900000,8.53,8.53,8.53,8.53,0.0,2026-03-28 13:35:00
1774705200000,8.56,8.66,8.56,8.66,97.71,2026-03-28 13:40:00
1774705500000,8.66,8.66,8.66,8.66,0.0,2026-03-28 13:45:00
1774705800000,8.66,8.66,8.66,8.66,0.0,2026-03-28 13:50:00
1774706100000,8.62,8.62,8.62,8.62,2.0,2026-03-28 13:55:00
1774706400000,8.62,8.62,8.62,8.62,0.0,2026-03-28 14:00:00
1774706700000,8.62,8.62,8.62,8.62,0.0,2026-03-28 14:05:00
1774707000000,8.62,8.62,8.62,8.62,0.62,2026-03-28 14:10:00
1774707300000,8.62,8.62,8.62,8.62,0.0,2026-03-28 14:15:00
1774707600000,8.62,8.62,8.62,8.62,0.0,2026-03-28 14:20:00
1774707900000,8.62,8.62,8.62,8.62,0.0,2026-03-28 14:25:00
1774708200000,8.62,8.62,8.62,8.62,0.0,2026-03-28 14:30:00
1774708500000,8.62,8.62,8.62,8.62,0.0,2026-03-28 14:35:00
1774708800000,8.62,8.62,8.62,8.62,0.0,2026-03-28 14:40:00
1774709100000,8.62,8.62,8.62,8.62,0.0,2026-03-28 14:45:00
1774709400000,8.62,8.62,8.62,8.62,0.0,2026-03-28 14:50:00
1774709700000,8.62,8.62,8.62,8.62,0.0,2026-03-28 14:55:00
1774710000000,8.62,8.62,8.62,8.62,0.0,2026-03-28 15:00:00
1774710300000,8.62,8.62,8.62,8.62,5.79,2026-03-28 15:05:00
1774710600000,8.6,8.6,8.6,8.6,1.32,2026-03-28 15:10:00
1774710900000,8.63,8.65,8.63,8.65,103.17,2026-03-28 15:15:00
1774711200000,8.65,8.65,8.65,8.65,0.0,2026-03-28 15:20:00
1774711500000,8.65,8.65,8.65,8.65,0.0,2026-03-28 15:25:00
1774711800000,8.65,8.65,8.65,8.65,0.0,2026-03-28 15:30:00
1774712100000,8.65,8.65,8.65,8.65,0.0,2026-03-28 15:35:00
1774712400000,8.65,8.65,8.65,8.65,0.0,2026-03-28 15:40:00
1774712700000,8.65,8.65,8.65,8.65,0.0,2026-03-28 15:45:00
1774713000000,8.65,8.65,8.65,8.65,0.0,2026-03-28 15:50:00
1774713300000,8.63,8.64,8.62,8.64,27.71,2026-03-28 15:55:00
1774713600000,8.64,8.64,8.64,8.64,0.0,2026-03-28 16:00:00
1774713900000,8.65,8.65,8.65,8.65,162.94,2026-03-28 16:05:00
1774714200000,8.65,8.65,8.65,8.65,0.0,2026-03-28 16:10:00
1774714500000,8.65,8.65,8.65,8.65,0.0,2026-03-28 16:15:00
1774714800000,8.65,8.65,8.65,8.65,0.0,2026-03-28 16:20:00
1774715100000,8.65,8.65,8.65,8.65,0.0,2026-03-28 16:25:00
1774715400000,8.65,8.65,8.65,8.65,0.0,2026-03-28 16:30:00
1774715700000,8.65,8.65,8.65,8.65,0.0,2026-03-28 16:35:00
1774716000000,8.65,8.65,8.65,8.65,0.0,2026-03-28 16:40:00
1774716300000,8.65,8.65,8.65,8.65,0.0,2026-03-28 16:45:00
1774716600000,8.65,8.65,8.65,8.65,0.0,2026-03-28 16:50:00
1774716900000,8.65,8.65,8.65,8.65,0.0,2026-03-28 16:55:00
1774717200000,8.65,8.65,8.65,8.65,0.0,2026-03-28 17:00:00
1774717500000,8.65,8.65,8.65,8.65,0.0,2026-03-28 17:05:00
1774717800000,8.65,8.65,8.65,8.65,0.0,2026-03-28 17:10:00
1774718100000,8.65,8.65,8.65,8.65,0.0,2026-03-28 17:15:00
1774718400000,8.65,8.65,8.65,8.65,0.0,2026-03-28 17:20:00
1774718700000,8.65,8.65,8.65,8.65,0.0,2026-03-28 17:25:00
1774719000000,8.65,8.65,8.65,8.65,0.0,2026-03-28 17:30:00
1774719300000,8.65,8.65,8.65,8.65,0.0,2026-03-28 17:35:00
1774719600000,8.65,8.65,8.65,8.65,0.0,2026-03-28 17:40:00
1774719900000,8.65,8.65,8.65,8.65,0.0,2026-03-28 17:45:00
1774720200000,8.65,8.65,8.65,8.65,0.0,2026-03-28 17:50:00
1774720500000,8.65,8.65,8.65,8.65,0.0,2026-03-28 17:55:00
1774720800000,8.65,8.65,8.65,8.65,0.0,2026-03-28 18:00:00
1774721100000,8.65,8.65,8.65,8.65,0.0,2026-03-28 18:05:00
1774721400000,8.65,8.65,8.65,8.65,0.0,2026-03-28 18:10:00
1774721700000,8.65,8.65,8.65,8.65,0.0,2026-03-28 18:15:00
1774722000000,8.65,8.65,8.65,8.65,0.0,2026-03-28 18:20:00
1774722300000,8.65,8.65,8.65,8.65,0.0,2026-03-28 18:25:00
1774722600000,8.65,8.65,8.65,8.65,0.0,2026-03-28 18:30:00
1774722900000,8.65,8.65,8.65,8.65,0.0,2026-03-28 18:35:00
1774723200000,8.65,8.65,8.65,8.65,0.0,2026-03-28 18:40:00
1774723500000,8.65,8.65,8.65,8.65,0.0,2026-03-28 18:45:00
1774723800000,8.65,8.65,8.65,8.65,0.0,2026-03-28 18:50:00
1774724100000,8.65,8.65,8.65,8.65,0.0,2026-03-28 18:55:00
1774724400000,8.65,8.65,8.65,8.65,0.0,2026-03-28 19:00:00
1774724700000,8.65,8.65,8.65,8.65,0.0,2026-03-28 19:05:00
1774725000000,8.6,8.6,8.6,8.6,0.7,2026-03-28 19:10:00
1774725300000,8.6,8.6,8.6,8.6,0.0,2026-03-28 19:15:00
1774725600000,8.6,8.6,8.6,8.6,0.0,2026-03-28 19:20:00
1774725900000,8.6,8.6,8.6,8.6,0.0,2026-03-28 19:25:00
1774726200000,8.6,8.6,8.6,8.6,0.0,2026-03-28 19:30:00
1774726500000,8.6,8.6,8.6,8.6,0.0,2026-03-28 19:35:00
1774726800000,8.6,8.6,8.6,8.6,0.0,2026-03-28 19:40:00
1774727100000,8.6,8.6,8.6,8.6,0.0,2026-03-28 19:45:00
1774727400000,8.58,8.58,8.58,8.58,3.65,2026-03-28 19:50:00
1774727700000,8.58,8.58,8.58,8.58,0.0,2026-03-28 19:55:00
1774728000000,8.6,8.6,8.6,8.6,8.2,2026-03-28 20:00:00
1774728300000,8.6,8.6,8.6,8.6,0.0,2026-03-28 20:05:00
1774728600000,8.6,8.6,8.6,8.6,0.0,2026-03-28 20:10:00
1774728900000,8.6,8.6,8.6,8.6,0.0,2026-03-28 20:15:00
1774729200000,8.6,8.6,8.6,8.6,0.0,2026-03-28 20:20:00
1774729500000,8.6,8.6,8.6,8.6,0.0,2026-03-28 20:25:00
1774729800000,8.6,8.6,8.6,8.6,0.0,2026-03-28 20:30:00
1774730100000,8.6,8.6,8.6,8.6,0.0,2026-03-28 20:35:00
1774730400000,8.6,8.6,8.6,8.6,0.0,2026-03-28 20:40:00
1774730700000,8.6,8.6,8.6,8.6,0.0,2026-03-28 20:45:00
1774731000000,8.6,8.6,8.6,8.6,0.0,2026-03-28 20:50:00
1774731300000,8.6,8.6,8.6,8.6,0.0,2026-03-28 20:55:00
1774731600000,8.6,8.6,8.6,8.6,0.0,2026-03-28 21:00:00
1774731900000,8.6,8.6,8.6,8.6,0.0,2026-03-28 21:05:00
1774732200000,8.6,8.6,8.6,8.6,0.0,2026-03-28 21:10:00
1774732500000,8.6,8.6,8.6,8.6,0.0,2026-03-28 21:15:00
1774732800000,8.6,8.6,8.6,8.6,0.0,2026-03-28 21:20:00
1774733100000,8.6,8.6,8.6,8.6,0.0,2026-03-28 21:25:00
1774733400000,8.6,8.6,8.6,8.6,0.0,2026-03-28 21:30:00
1774733700000,8.59,8.59,8.59,8.59,582.07,2026-03-28 21:35:00
1774734000000,8.59,8.59,8.59,8.59,0.0,2026-03-28 21:40:00
1774734300000,8.59,8.59,8.59,8.59,0.0,2026-03-28 21:45:00
1774734600000,8.57,8.57,8.57,8.57,40.0,2026-03-28 21:50:00
1774734900000,8.57,8.57,8.57,8.57,0.0,2026-03-28 21:55:00
1774735200000,8.57,8.57,8.57,8.57,0.0,2026-03-28 22:00:00
1774735500000,8.57,8.57,8.57,8.57,0.0,2026-03-28 22:05:00
1774735800000,8.57,8.57,8.57,8.57,0.0,2026-03-28 22:10:00
1774736100000,8.57,8.57,8.57,8.57,0.0,2026-03-28 22:15:00
1774736400000,8.57,8.57,8.57,8.57,0.0,2026-03-28 22:20:00
1774736700000,8.57,8.57,8.57,8.57,0.0,2026-03-28 22:25:00
1774737000000,8.57,8.57,8.57,8.57,0.0,2026-03-28 22:30:00
1774737300000,8.57,8.57,8.57,8.57,0.0,2026-03-28 22:35:00
1774737600000,8.57,8.57,8.57,8.57,0.0,2026-03-28 22:40:00
1774737900000,8.57,8.57,8.57,8.57,0.0,2026-03-28 22:45:00
1774738200000,8.57,8.57,8.57,8.57,0.0,2026-03-28 22:50:00
1774738500000,8.57,8.57,8.57,8.57,0.0,2026-03-28 22:55:00
1774738800000,8.57,8.57,8.57,8.57,0.0,2026-03-28 23:00:00
1774739100000,8.55,8.55,8.55,8.55,0.7,2026-03-28 23:05:00
1774739400000,8.5,8.5,8.41,8.41,211.45,2026-03-28 23:10:00
1774739700000,8.43,8.43,8.43,8.43,11.59,2026-03-28 23:15:00
1774740000000,8.43,8.43,8.43,8.43,0.0,2026-03-28 23:20:00
1774740300000,8.43,8.43,8.43,8.43,0.0,2026-03-28 23:25:00
1774740600000,8.43,8.43,8.43,8.43,0.0,2026-03-28 23:30:00
1774740900000,8.43,8.43,8.43,8.43,0.0,2026-03-28 23:35:00
1774741200000,8.46,8.49,8.46,8.49,12.18,2026-03-28 23:40:00
1774741500000,8.49,8.49,8.49,8.49,0.0,2026-03-28 23:45:00
1774741800000,8.49,8.49,8.49,8.49,0.0,2026-03-28 23:50:00
1774742100000,8.49,8.49,8.49,8.49,0.0,2026-03-28 23:55:00
1774742400000,8.49,8.49,8.49,8.49,0.0,2026-03-29 00:00:00
1774742700000,8.49,8.49,8.49,8.49,0.0,2026-03-29 00:05:00
1774743000000,8.49,8.49,8.49,8.49,0.0,2026-03-29 00:10:00
1774743300000,8.46,8.46,8.45,8.45,0.34,2026-03-29 00:15:00
1774743600000,8.44,8.44,8.44,8.44,0.12,2026-03-29 00:20:00
1774743900000,8.44,8.45,8.44,8.45,0.96,2026-03-29 00:25:00
1774744200000,8.46,8.48,8.46,8.48,0.25,2026-03-29 00:30:00
1774744500000,8.46,8.46,8.45,8.46,2.85,2026-03-29 00:35:00
1774744800000,8.45,8.46,8.45,8.46,0.42,2026-03-29 00:40:00
1774745100000,8.45,8.46,8.45,8.46,0.72,2026-03-29 00:45:00
1774745400000,8.47,8.47,8.47,8.47,0.26,2026-03-29 00:50:00
1774745700000,8.47,8.47,8.47,8.47,0.0,2026-03-29 00:55:00
1774746000000,8.47,8.47,8.47,8.47,0.0,2026-03-29 01:00:00
1774746300000,8.47,8.47,8.47,8.47,0.0,2026-03-29 01:05:00
1774746600000,8.48,8.48,8.48,8.48,4.41,2026-03-29 01:10:00
1774746900000,8.48,8.48,8.48,8.48,0.0,2026-03-29 01:15:00
1774747200000,8.48,8.48,8.48,8.48,0.0,2026-03-29 01:20:00
1774747500000,8.48,8.48,8.48,8.48,0.0,2026-03-29 01:25:00
1774747800000,8.48,8.48,8.48,8.48,0.0,2026-03-29 01:30:00
1774748100000,8.48,8.48,8.48,8.48,7.76,2026-03-29 01:35:00
1774748400000,8.48,8.48,8.48,8.48,0.0,2026-03-29 01:40:00
1774748700000,8.48,8.48,8.48,8.48,0.0,2026-03-29 01:45:00
1774749000000,8.48,8.48,8.48,8.48,0.0,2026-03-29 01:50:00
1774749300000,8.48,8.48,8.48,8.48,0.0,2026-03-29 01:55:00
1774749600000,8.48,8.48,8.48,8.48,0.0,2026-03-29 02:00:00
1774749900000,8.48,8.48,8.48,8.48,0.0,2026-03-29 02:05:00
1774750200000,8.48,8.48,8.48,8.48,0.0,2026-03-29 02:10:00
1774750500000,8.5,8.51,8.5,8.51,3.0,2026-03-29 02:15:00
1774750800000,8.51,8.51,8.51,8.51,0.0,2026-03-29 02:20:00
1774751100000,8.51,8.51,8.51,8.51,0.0,2026-03-29 02:25:00
1774751400000,8.51,8.51,8.51,8.51,0.0,2026-03-29 02:30:00
1774751700000,8.51,8.51,8.51,8.51,0.0,2026-03-29 02:35:00
1774752000000,8.51,8.51,8.51,8.51,0.0,2026-03-29 02:40:00
1774752300000,8.51,8.51,8.51,8.51,0.0,2026-03-29 02:45:00
1774752600000,8.51,8.51,8.51,8.51,0.0,2026-03-29 02:50:00
1774752900000,8.51,8.51,8.51,8.51,0.0,2026-03-29 02:55:00
1774753200000,8.52,8.52,8.52,8.52,7.48,2026-03-29 03:00:00
1774753500000,8.52,8.52,8.52,8.52,0.0,2026-03-29 03:05:00
1774753800000,8.52,8.52,8.52,8.52,0.0,2026-03-29 03:10:00
1774754100000,8.55,8.55,8.52,8.52,243.49,2026-03-29 03:15:00
1774754400000,8.52,8.52,8.52,8.52,0.0,2026-03-29 03:20:00
1774754700000,8.52,8.52,8.52,8.52,0.0,2026-03-29 03:25:00
1774755000000,8.55,8.55,8.55,8.55,0.6,2026-03-29 03:30:00
1774755300000,8.55,8.55,8.55,8.55,0.0,2026-03-29 03:35:00
1774755600000,8.55,8.55,8.55,8.55,0.0,2026-03-29 03:40:00
1774755900000,8.55,8.55,8.55,8.55,0.0,2026-03-29 03:45:00
1774756200000,8.55,8.55,8.55,8.55,0.0,2026-03-29 03:50:00
1774756500000,8.55,8.55,8.55,8.55,0.0,2026-03-29 03:55:00
1774756800000,8.53,8.53,8.53,8.53,5.84,2026-03-29 04:00:00
1774757100000,8.54,8.54,8.54,8.54,1.75,2026-03-29 04:05:00
1774757400000,8.54,8.54,8.54,8.54,0.0,2026-03-29 04:10:00
1774757700000,8.54,8.54,8.54,8.54,0.0,2026-03-29 04:15:00
1774758000000,8.54,8.54,8.54,8.54,0.0,2026-03-29 04:20:00
1774758300000,8.54,8.54,8.54,8.54,0.0,2026-03-29 04:25:00
1774758600000,8.54,8.54,8.54,8.54,0.0,2026-03-29 04:30:00
1774758900000,8.54,8.54,8.54,8.54,0.0,2026-03-29 04:35:00
1774759200000,8.54,8.54,8.54,8.54,0.0,2026-03-29 04:40:00
1774759500000,8.54,8.54,8.54,8.54,0.0,2026-03-29 04:45:00
1774759800000,8.54,8.54,8.54,8.54,0.0,2026-03-29 04:50:00
1774760100000,8.54,8.54,8.54,8.54,0.0,2026-03-29 04:55:00
1774760400000,8.54,8.54,8.54,8.54,0.0,2026-03-29 05:00:00
1774760700000,8.54,8.54,8.54,8.54,0.0,2026-03-29 05:05:00
1774761000000,8.54,8.54,8.54,8.54,0.0,2026-03-29 05:10:00
1774761300000,8.54,8.54,8.54,8.54,0.0,2026-03-29 05:15:00
1774761600000,8.54,8.54,8.54,8.54,0.0,2026-03-29 05:20:00
1774761900000,8.54,8.54,8.54,8.54,0.0,2026-03-29 05:25:00
1774762200000,8.54,8.54,8.54,8.54,0.0,2026-03-29 05:30:00
1774762500000,8.54,8.54,8.54,8.54,0.0,2026-03-29 05:35:00
1774762800000,8.54,8.54,8.54,8.54,0.0,2026-03-29 05:40:00
1774763100000,8.54,8.54,8.54,8.54,0.0,2026-03-29 05:45:00
1774763400000,8.54,8.54,8.54,8.54,0.0,2026-03-29 05:50:00
1774763700000,8.54,8.54,8.54,8.54,0.0,2026-03-29 05:55:00
1774764000000,8.54,8.54,8.54,8.54,0.0,2026-03-29 06:00:00
1774764300000,8.54,8.54,8.54,8.54,0.0,2026-03-29 06:05:00
1774764600000,8.54,8.54,8.54,8.54,0.0,2026-03-29 06:10:00
1774764900000,8.54,8.54,8.54,8.54,0.0,2026-03-29 06:15:00
1774765200000,8.54,8.54,8.54,8.54,0.0,2026-03-29 06:20:00
1774765500000,8.54,8.54,8.54,8.54,0.0,2026-03-29 06:25:00
1774765800000,8.54,8.54,8.54,8.54,0.0,2026-03-29 06:30:00
1774766100000,8.54,8.54,8.54,8.54,0.0,2026-03-29 06:35:00
1774766400000,8.54,8.54,8.54,8.54,0.0,2026-03-29 06:40:00
1774766700000,8.54,8.54,8.54,8.54,0.0,2026-03-29 06:45:00
1774767000000,8.54,8.54,8.54,8.54,0.0,2026-03-29 06:50:00
1774767300000,8.54,8.54,8.54,8.54,0.0,2026-03-29 06:55:00
1774767600000,8.54,8.54,8.54,8.54,0.0,2026-03-29 07:00:00
1774767900000,8.54,8.54,8.54,8.54,0.0,2026-03-29 07:05:00
1774768200000,8.54,8.54,8.54,8.54,0.0,2026-03-29 07:10:00
1774768500000,8.54,8.54,8.54,8.54,0.0,2026-03-29 07:15:00
1774768800000,8.54,8.54,8.54,8.54,0.0,2026-03-29 07:20:00
1774769100000,8.54,8.54,8.54,8.54,0.0,2026-03-29 07:25:00
1774769400000,8.54,8.54,8.54,8.54,0.0,2026-03-29 07:30:00
1774769700000,8.54,8.54,8.54,8.54,0.0,2026-03-29 07:35:00
1774770000000,8.54,8.54,8.54,8.54,0.0,2026-03-29 07:40:00
1774770300000,8.54,8.54,8.54,8.54,0.0,2026-03-29 07:45:00
1774770600000,8.53,8.53,8.53,8.53,154.6,2026-03-29 07:50:00
1774770900000,8.53,8.53,8.53,8.53,0.0,2026-03-29 07:55:00
1774771200000,8.53,8.53,8.53,8.53,0.0,2026-03-29 08:00:00
1774771500000,8.53,8.53,8.53,8.53,0.0,2026-03-29 08:05:00
1774771800000,8.53,8.53,8.53,8.53,0.0,2026-03-29 08:10:00
1774772100000,8.53,8.53,8.53,8.53,0.0,2026-03-29 08:15:00
1774772400000,8.53,8.53,8.53,8.53,0.0,2026-03-29 08:20:00
1774772700000,8.53,8.53,8.53,8.53,0.0,2026-03-29 08:25:00
1774773000000,8.53,8.53,8.53,8.53,0.0,2026-03-29 08:30:00
1774773300000,8.53,8.53,8.53,8.53,0.0,2026-03-29 08:35:00
1774773600000,8.53,8.53,8.53,8.53,0.0,2026-03-29 08:40:00
1774773900000,8.53,8.53,8.53,8.53,0.0,2026-03-29 08:45:00
1774774200000,8.53,8.53,8.53,8.53,0.0,2026-03-29 08:50:00
1774774500000,8.53,8.53,8.53,8.53,0.0,2026-03-29 08:55:00
1774774800000,8.54,8.54,8.54,8.54,9.54,2026-03-29 09:00:00
1774775100000,8.54,8.54,8.54,8.54,0.0,2026-03-29 09:05:00
1774775400000,8.54,8.54,8.54,8.54,0.0,2026-03-29 09:10:00
1774775700000,8.54,8.54,8.54,8.54,0.0,2026-03-29 09:15:00
1774776000000,8.51,8.51,8.51,8.51,28.79,2026-03-29 09:20:00
1774776300000,8.51,8.51,8.51,8.51,0.0,2026-03-29 09:25:00
1774776600000,8.53,8.53,8.53,8.53,6.85,2026-03-29 09:30:00
1774776900000,8.53,8.53,8.53,8.53,0.0,2026-03-29 09:35:00
1774777200000,8.53,8.53,8.53,8.53,0.0,2026-03-29 09:40:00
1774777500000,8.53,8.53,8.53,8.53,0.0,2026-03-29 09:45:00
1774777800000,8.53,8.53,8.53,8.53,0.0,2026-03-29 09:50:00
1774778100000,8.53,8.53,8.53,8.53,0.0,2026-03-29 09:55:00
1774778400000,8.53,8.53,8.53,8.53,0.0,2026-03-29 10:00:00
1774778700000,8.5,8.5,8.5,8.5,0.7,2026-03-29 10:05:00
1774779000000,8.5,8.5,8.5,8.5,0.0,2026-03-29 10:10:00
1774779300000,8.5,8.5,8.5,8.5,0.0,2026-03-29 10:15:00
1774779600000,8.5,8.5,8.5,8.5,0.0,2026-03-29 10:20:00
1774779900000,8.5,8.5,8.5,8.5,0.0,2026-03-29 10:25:00
1774780200000,8.5,8.5,8.5,8.5,0.0,2026-03-29 10:30:00
1774780500000,8.5,8.5,8.5,8.5,0.0,2026-03-29 10:35:00
1774780800000,8.5,8.5,8.5,8.5,0.0,2026-03-29 10:40:00
1774781100000,8.5,8.5,8.5,8.5,0.0,2026-03-29 10:45:00
1774781400000,8.5,8.5,8.5,8.5,0.0,2026-03-29 10:50:00
1774781700000,8.5,8.5,8.5,8.5,0.0,2026-03-29 10:55:00
1774782000000,8.5,8.5,8.5,8.5,0.0,2026-03-29 11:00:00
1774782300000,8.5,8.5,8.5,8.5,7.55,2026-03-29 11:05:00
1774782600000,8.5,8.5,8.5,8.5,0.0,2026-03-29 11:10:00
1774782900000,8.5,8.5,8.5,8.5,7.43,2026-03-29 11:15:00
1774783200000,8.5,8.5,8.5,8.5,0.0,2026-03-29 11:20:00
1774783500000,8.5,8.5,8.5,8.5,0.0,2026-03-29 11:25:00
1774783800000,8.5,8.5,8.5,8.5,0.0,2026-03-29 11:30:00
1774784100000,8.5,8.5,8.5,8.5,0.0,2026-03-29 11:35:00
1774784400000,8.51,8.51,8.51,8.51,9.83,2026-03-29 11:40:00
1774784700000,8.51,8.51,8.51,8.51,0.0,2026-03-29 11:45:00
1774785000000,8.51,8.51,8.51,8.51,0.0,2026-03-29 11:50:00
1774785300000,8.51,8.51,8.51,8.51,0.0,2026-03-29 11:55:00
1774785600000,8.51,8.51,8.51,8.51,0.0,2026-03-29 12:00:00
1774785900000,8.51,8.51,8.51,8.51,0.0,2026-03-29 12:05:00
1774786200000,8.51,8.51,8.51,8.51,0.0,2026-03-29 12:10:00
1774786500000,8.51,8.51,8.51,8.51,0.0,2026-03-29 12:15:00
1774786800000,8.51,8.51,8.51,8.51,0.0,2026-03-29 12:20:00
1774787100000,8.49,8.49,8.48,8.48,53.17,2026-03-29 12:25:00
1774787400000,8.48,8.48,8.48,8.48,0.4,2026-03-29 12:30:00
1774787700000,8.48,8.48,8.48,8.48,7.56,2026-03-29 12:35:00
1774788000000,8.48,8.48,8.48,8.48,0.0,2026-03-29 12:40:00
1774788300000,8.48,8.48,8.48,8.48,0.0,2026-03-29 12:45:00
1774788600000,8.48,8.48,8.48,8.48,0.0,2026-03-29 12:50:00
1774788900000,8.48,8.48,8.48,8.48,0.0,2026-03-29 12:55:00
1774789200000,8.48,8.48,8.48,8.48,0.0,2026-03-29 13:00:00
1774789500000,8.45,8.45,8.43,8.43,82.38,2026-03-29 13:05:00
1774789800000,8.43,8.43,8.43,8.43,0.0,2026-03-29 13:10:00
1774790100000,8.43,8.43,8.43,8.43,0.0,2026-03-29 13:15:00
1774790400000,8.43,8.43,8.43,8.43,0.0,2026-03-29 13:20:00
1774790700000,8.43,8.43,8.43,8.43,0.0,2026-03-29 13:25:00
1774791000000,8.43,8.43,8.43,8.43,0.0,2026-03-29 13:30:00
1774791300000,8.43,8.43,8.43,8.43,0.0,2026-03-29 13:35:00
1774791600000,8.43,8.43,8.43,8.43,0.0,2026-03-29 13:40:00
1774791900000,8.43,8.43,8.43,8.43,0.0,2026-03-29 13:45:00
1774792200000,8.43,8.43,8.43,8.43,0.0,2026-03-29 13:50:00
1774792500000,8.43,8.43,8.43,8.43,0.0,2026-03-29 13:55:00
1774792800000,8.43,8.43,8.43,8.43,0.0,2026-03-29 14:00:00
1774793100000,8.43,8.43,8.43,8.43,0.0,2026-03-29 14:05:00
1774793400000,8.47,8.47,8.47,8.47,0.63,2026-03-29 14:10:00
1774793700000,8.47,8.47,8.47,8.47,0.0,2026-03-29 14:15:00
1774794000000,8.47,8.47,8.47,8.47,0.0,2026-03-29 14:20:00
1774794300000,8.47,8.47,8.47,8.47,0.0,2026-03-29 14:25:00
1774794600000,8.47,8.47,8.47,8.47,0.0,2026-03-29 14:30:00
1774794900000,8.47,8.47,8.47,8.47,0.0,2026-03-29 14:35:00
1774795200000,8.47,8.47,8.47,8.47,0.0,2026-03-29 14:40:00
1774795500000,8.47,8.47,8.47,8.47,0.0,2026-03-29 14:45:00
1774795800000,8.47,8.47,8.47,8.47,0.0,2026-03-29 14:50:00
1774796100000,8.47,8.47,8.47,8.47,0.0,2026-03-29 14:55:00
1774796400000,8.47,8.47,8.47,8.47,0.0,2026-03-29 15:00:00
1774796700000,8.46,8.46,8.46,8.46,5.9,2026-03-29 15:05:00
1774797000000,8.46,8.46,8.46,8.46,0.0,2026-03-29 15:10:00
1774797300000,8.46,8.46,8.46,8.46,0.0,2026-03-29 15:15:00
1774797600000,8.46,8.46,8.46,8.46,0.0,2026-03-29 15:20:00
1774797900000,8.41,8.41,8.41,8.41,9.73,2026-03-29 15:25:00
1774798200000,8.41,8.41,8.41,8.41,0.0,2026-03-29 15:30:00
1774798500000,8.41,8.41,8.41,8.41,0.0,2026-03-29 15:35:00
1774798800000,8.41,8.41,8.41,8.41,0.0,2026-03-29 15:40:00
1774799100000,8.41,8.41,8.41,8.41,0.0,2026-03-29 15:45:00
1774799400000,8.41,8.41,8.41,8.41,0.0,2026-03-29 15:50:00
1774799700000,8.41,8.41,8.41,8.41,0.0,2026-03-29 15:55:00
1774800000000,8.41,8.41,8.41,8.41,0.0,2026-03-29 16:00:00
1774800300000,8.41,8.41,8.41,8.41,0.0,2026-03-29 16:05:00
1774800600000,8.41,8.41,8.41,8.41,0.0,2026-03-29 16:10:00
1774800900000,8.41,8.41,8.41,8.41,0.0,2026-03-29 16:15:00
1774801200000,8.44,8.44,8.44,8.44,29.39,2026-03-29 16:20:00
1774801500000,8.44,8.44,8.44,8.44,0.0,2026-03-29 16:25:00
1774801800000,8.44,8.44,8.44,8.44,0.0,2026-03-29 16:30:00
1774802100000,8.44,8.44,8.44,8.44,0.0,2026-03-29 16:35:00
1774802400000,8.44,8.44,8.44,8.44,0.0,2026-03-29 16:40:00
1774802700000,8.44,8.44,8.44,8.44,0.0,2026-03-29 16:45:00
1774803000000,8.44,8.44,8.44,8.44,0.0,2026-03-29 16:50:00
1774803300000,8.44,8.44,8.44,8.44,0.0,2026-03-29 16:55:00
1774803600000,8.44,8.44,8.44,8.44,0.0,2026-03-29 17:00:00
1774803900000,8.44,8.44,8.44,8.44,0.0,2026-03-29 17:05:00
1774804200000,8.45,8.45,8.45,8.45,0.35,2026-03-29 17:10:00
1774804500000,8.45,8.45,8.45,8.45,0.0,2026-03-29 17:15:00
1774804800000,8.45,8.45,8.45,8.45,0.0,2026-03-29 17:20:00
1774805100000,8.45,8.45,8.45,8.45,0.0,2026-03-29 17:25:00
1774805400000,8.45,8.45,8.45,8.45,0.0,2026-03-29 17:30:00
1774805700000,8.45,8.45,8.45,8.45,0.0,2026-03-29 17:35:00
1774806000000,8.45,8.45,8.45,8.45,0.0,2026-03-29 17:40:00
1774806300000,8.45,8.45,8.45,8.45,0.0,2026-03-29 17:45:00
1774806600000,8.45,8.45,8.45,8.45,0.0,2026-03-29 17:50:00
1774806900000,8.45,8.45,8.45,8.45,0.0,2026-03-29 17:55:00
1774807200000,8.45,8.45,8.45,8.45,0.0,2026-03-29 18:00:00
1774807500000,8.45,8.45,8.45,8.45,0.0,2026-03-29 18:05:00
1774807800000,8.45,8.45,8.45,8.45,0.0,2026-03-29 18:10:00
1774808100000,8.45,8.45,8.45,8.45,0.0,2026-03-29 18:15:00
1774808400000,8.45,8.45,8.45,8.45,0.0,2026-03-29 18:20:00
1774808700000,8.45,8.45,8.45,8.45,0.0,2026-03-29 18:25:00
1774809000000,8.42,8.42,8.42,8.42,9.32,2026-03-29 18:30:00
1774809300000,8.42,8.42,8.42,8.42,0.0,2026-03-29 18:35:00
1774809600000,8.42,8.42,8.42,8.42,0.0,2026-03-29 18:40:00
1774809900000,8.42,8.42,8.42,8.42,0.0,2026-03-29 18:45:00
1774810200000,8.42,8.42,8.42,8.42,0.0,2026-03-29 18:50:00
1774810500000,8.42,8.42,8.42,8.42,0.0,2026-03-29 18:55:00
1774810800000,8.42,8.42,8.42,8.42,0.0,2026-03-29 19:00:00
1774811100000,8.42,8.42,8.42,8.42,0.0,2026-03-29 19:05:00
1774811400000,8.44,8.44,8.44,8.44,1.18,2026-03-29 19:10:00
1774811700000,8.44,8.44,8.44,8.44,0.0,2026-03-29 19:15:00
1774812000000,8.44,8.44,8.44,8.44,0.0,2026-03-29 19:20:00
1774812300000,8.44,8.44,8.44,8.44,0.0,2026-03-29 19:25:00
1774812600000,8.44,8.44,8.44,8.44,0.0,2026-03-29 19:30:00
1774812900000,8.44,8.44,8.44,8.44,0.0,2026-03-29 19:35:00
1774813200000,8.44,8.44,8.44,8.44,0.0,2026-03-29 19:40:00
1774813500000,8.44,8.44,8.44,8.44,0.0,2026-03-29 19:45:00
1774813800000,8.44,8.44,8.44,8.44,0.0,2026-03-29 19:50:00
1774814100000,8.44,8.44,8.44,8.44,0.0,2026-03-29 19:55:00
1774814400000,8.44,8.44,8.44,8.44,0.0,2026-03-29 20:00:00
1774814700000,8.44,8.44,8.44,8.44,0.0,2026-03-29 20:05:00
1774815000000,8.44,8.44,8.44,8.44,0.0,2026-03-29 20:10:00
1774815300000,8.44,8.44,8.44,8.44,0.0,2026-03-29 20:15:00
1774815600000,8.44,8.44,8.44,8.44,0.0,2026-03-29 20:20:00
1774815900000,8.44,8.44,8.44,8.44,0.0,2026-03-29 20:25:00
1774816200000,8.44,8.44,8.44,8.44,0.0,2026-03-29 20:30:00
1774816500000,8.44,8.44,8.44,8.44,0.0,2026-03-29 20:35:00
1774816800000,8.44,8.44,8.44,8.44,0.0,2026-03-29 20:40:00
1774817100000,8.44,8.44,8.44,8.44,0.0,2026-03-29 20:45:00
1774817400000,8.44,8.44,8.44,8.44,0.0,2026-03-29 20:50:00
1774817700000,8.44,8.44,8.44,8.44,0.0,2026-03-29 20:55:00
1774818000000,8.44,8.44,8.44,8.44,0.0,2026-03-29 21:00:00
1774818300000,8.44,8.44,8.44,8.44,0.0,2026-03-29 21:05:00
1774818600000,8.44,8.44,8.44,8.44,0.0,2026-03-29 21:10:00
1774818900000,8.44,8.44,8.44,8.44,0.0,2026-03-29 21:15:00
1774819200000,8.44,8.44,8.44,8.44,0.0,2026-03-29 21:20:00
1774819500000,8.44,8.44,8.44,8.44,0.0,2026-03-29 21:25:00
1774819800000,8.44,8.44,8.44,8.44,0.0,2026-03-29 21:30:00
1774820100000,8.44,8.44,8.44,8.44,0.0,2026-03-29 21:35:00
1774820400000,8.44,8.44,8.44,8.44,0.0,2026-03-29 21:40:00
1774820700000,8.44,8.44,8.44,8.44,0.0,2026-03-29 21:45:00
1774821000000,8.44,8.44,8.44,8.44,0.0,2026-03-29 21:50:00
1774821300000,8.44,8.44,8.44,8.44,0.0,2026-03-29 21:55:00
1774821600000,8.44,8.44,8.44,8.44,0.0,2026-03-29 22:00:00
1774821900000,8.44,8.44,8.44,8.44,0.0,2026-03-29 22:05:00
1774822200000,8.44,8.44,8.44,8.44,0.0,2026-03-29 22:10:00
1774822500000,8.44,8.44,8.44,8.44,0.0,2026-03-29 22:15:00
1774822800000,8.44,8.44,8.44,8.44,0.0,2026-03-29 22:20:00
1774823100000,8.44,8.44,8.44,8.44,0.0,2026-03-29 22:25:00
1774823400000,8.44,8.44,8.44,8.44,0.0,2026-03-29 22:30:00
1774823700000,8.44,8.44,8.44,8.44,0.0,2026-03-29 22:35:00
1774824000000,8.39,8.4,8.34,8.36,51.49,2026-03-29 22:40:00
1774824300000,8.3,8.3,8.23,8.23,92.2,2026-03-29 22:45:00
1774824600000,8.29,8.31,8.29,8.31,5.95,2026-03-29 22:50:00
1774824900000,8.31,8.38,8.31,8.38,41.5,2026-03-29 22:55:00
1774825200000,8.39,8.44,8.39,8.44,2.23,2026-03-29 23:00:00
1774825500000,8.44,8.44,8.44,8.44,0.0,2026-03-29 23:05:00
1774825800000,8.44,8.44,8.44,8.44,0.0,2026-03-29 23:10:00
1774826100000,8.44,8.44,8.44,8.44,0.0,2026-03-29 23:15:00
1774826400000,8.44,8.44,8.44,8.44,0.0,2026-03-29 23:20:00
1774826700000,8.44,8.44,8.44,8.44,0.0,2026-03-29 23:25:00
1774827000000,8.44,8.44,8.44,8.44,0.0,2026-03-29 23:30:00
1774827300000,8.44,8.44,8.44,8.44,0.0,2026-03-29 23:35:00
1774827600000,8.44,8.44,8.44,8.44,0.0,2026-03-29 23:40:00
1774827900000,8.44,8.44,8.44,8.44,0.0,2026-03-29 23:45:00
1774828200000,8.44,8.44,8.44,8.44,0.0,2026-03-29 23:50:00
1774828500000,8.44,8.44,8.44,8.44,0.0,2026-03-29 23:55:00
1774828800000,8.43,8.43,8.43,8.43,0.59,2026-03-30 00:00:00
1774829100000,8.42,8.42,8.42,8.42,9.59,2026-03-30 00:05:00
1774829400000,8.39,8.39,8.39,8.39,32.28,2026-03-30 00:10:00
1774829700000,8.41,8.53,8.41,8.53,57.01,2026-03-30 00:15:00
1774830000000,8.55,8.56,8.5,8.56,17.14,2026-03-30 00:20:00
1774830300000,8.55,8.56,8.53,8.53,0.98,2026-03-30 00:25:00
1774830600000,8.53,8.56,8.53,8.53,0.57,2026-03-30 00:30:00
1774830900000,8.51,8.52,8.5,8.5,1.12,2026-03-30 00:35:00
1774831200000,8.48,8.48,8.47,8.47,1.07,2026-03-30 00:40:00
1774831500000,8.5,8.5,8.49,8.49,0.27,2026-03-30 00:45:00
1774831800000,8.49,8.49,8.49,8.49,0.0,2026-03-30 00:50:00
1774832100000,8.49,8.49,8.49,8.49,0.0,2026-03-30 00:55:00
1774832400000,8.49,8.49,8.49,8.49,0.0,2026-03-30 01:00:00
1774832700000,8.49,8.49,8.49,8.49,0.0,2026-03-30 01:05:00
1774833000000,8.48,8.48,8.48,8.48,2.33,2026-03-30 01:10:00
1774833300000,8.48,8.48,8.48,8.48,0.0,2026-03-30 01:15:00
1774833600000,8.48,8.48,8.48,8.48,0.0,2026-03-30 01:20:00
1774833900000,8.48,8.48,8.48,8.48,0.0,2026-03-30 01:25:00
1774834200000,8.48,8.48,8.48,8.48,0.0,2026-03-30 01:30:00
1774834500000,8.48,8.48,8.48,8.48,0.0,2026-03-30 01:35:00
1774834800000,8.53,8.53,8.52,8.52,9.98,2026-03-30 01:40:00
1774835100000,8.52,8.55,8.52,8.53,6.79,2026-03-30 01:45:00
1774835400000,8.57,8.57,8.57,8.57,2.33,2026-03-30 01:50:00
1774835700000,8.57,8.57,8.57,8.57,0.0,2026-03-30 01:55:00
1774836000000,8.57,8.57,8.57,8.57,0.0,2026-03-30 02:00:00
1774836300000,8.57,8.57,8.57,8.57,0.0,2026-03-30 02:05:00
1774836600000,8.56,8.56,8.56,8.56,9.24,2026-03-30 02:10:00
1774836900000,8.56,8.56,8.56,8.56,0.0,2026-03-30 02:15:00
1774837200000,8.56,8.56,8.56,8.56,0.0,2026-03-30 02:20:00
1774837500000,8.56,8.56,8.56,8.56,0.0,2026-03-30 02:25:00
1774837800000,8.55,8.55,8.55,8.55,17.96,2026-03-30 02:30:00
1774838100000,8.55,8.55,8.55,8.55,0.0,2026-03-30 02:35:00
1774838400000,8.57,8.57,8.57,8.57,70.13,2026-03-30 02:40:00
1774838700000,8.6,8.65,8.6,8.65,18.38,2026-03-30 02:45:00
1774839000000,8.64,8.64,8.64,8.64,7.58,2026-03-30 02:50:00
1774839300000,8.64,8.64,8.64,8.64,0.0,2026-03-30 02:55:00
1774839600000,8.65,8.65,8.65,8.65,6.94,2026-03-30 03:00:00
1774839900000,8.61,8.61,8.61,8.61,7.33,2026-03-30 03:05:00
1774840200000,8.61,8.61,8.61,8.61,0.0,2026-03-30 03:10:00
1774840500000,8.61,8.61,8.61,8.61,0.0,2026-03-30 03:15:00
1774840800000,8.61,8.61,8.61,8.61,0.0,2026-03-30 03:20:00
1774841100000,8.61,8.61,8.61,8.61,0.0,2026-03-30 03:25:00
1774841400000,8.61,8.61,8.61,8.61,0.0,2026-03-30 03:30:00
1774841700000,8.61,8.61,8.61,8.61,0.0,2026-03-30 03:35:00
1774842000000,8.61,8.61,8.61,8.61,0.0,2026-03-30 03:40:00
1774842300000,8.61,8.61,8.61,8.61,0.0,2026-03-30 03:45:00
1774842600000,8.61,8.61,8.61,8.61,0.0,2026-03-30 03:50:00
1774842900000,8.61,8.61,8.61,8.61,0.0,2026-03-30 03:55:00
1774843200000,8.66,8.66,8.66,8.66,1.15,2026-03-30 04:00:00
1774843500000,8.66,8.7,8.66,8.7,8.75,2026-03-30 04:05:00
1774843800000,8.7,8.7,8.7,8.7,0.0,2026-03-30 04:10:00
1774844100000,8.7,8.7,8.7,8.7,0.0,2026-03-30 04:15:00
1774844400000,8.7,8.7,8.7,8.7,0.0,2026-03-30 04:20:00
1774844700000,8.7,8.7,8.7,8.7,0.0,2026-03-30 04:25:00
1774845000000,8.7,8.7,8.7,8.7,0.0,2026-03-30 04:30:00
1774845300000,8.7,8.7,8.7,8.7,0.0,2026-03-30 04:35:00
1774845600000,8.69,8.69,8.69,8.69,103.22,2026-03-30 04:40:00
1774845900000,8.69,8.69,8.69,8.69,0.0,2026-03-30 04:45:00
1774846200000,8.69,8.69,8.69,8.69,0.0,2026-03-30 04:50:00
1774846500000,8.69,8.69,8.69,8.69,0.0,2026-03-30 04:55:00
1774846800000,8.7,8.7,8.69,8.69,36.12,2026-03-30 05:00:00
1774847100000,8.69,8.69,8.69,8.69,0.0,2026-03-30 05:05:00
1774847400000,8.69,8.69,8.69,8.69,0.0,2026-03-30 05:10:00
1774847700000,8.69,8.69,8.69,8.69,0.0,2026-03-30 05:15:00
1774848000000,8.69,8.69,8.69,8.69,0.0,2026-03-30 05:20:00
1774848300000,8.69,8.69,8.69,8.69,0.0,2026-03-30 05:25:00
1774848600000,8.69,8.69,8.69,8.69,0.0,2026-03-30 05:30:00
1774848900000,8.69,8.69,8.69,8.69,0.0,2026-03-30 05:35:00
1774849200000,8.69,8.69,8.69,8.69,0.0,2026-03-30 05:40:00
1774849500000,8.69,8.69,8.69,8.69,0.0,2026-03-30 05:45:00
1774849800000,8.69,8.69,8.69,8.69,0.0,2026-03-30 05:50:00
1774850100000,8.69,8.69,8.69,8.69,0.0,2026-03-30 05:55:00
1774850400000,8.69,8.69,8.69,8.69,0.0,2026-03-30 06:00:00
1774850700000,8.7,8.7,8.7,8.7,2.3,2026-03-30 06:05:00
1774851000000,8.7,8.7,8.7,8.7,0.0,2026-03-30 06:10:00
1774851300000,8.7,8.7,8.7,8.7,32.04,2026-03-30 06:15:00
1774851600000,8.7,8.7,8.7,8.7,0.0,2026-03-30 06:20:00
1774851900000,8.7,8.7,8.7,8.7,0.0,2026-03-30 06:25:00
1774852200000,8.7,8.7,8.7,8.7,0.0,2026-03-30 06:30:00
1774852500000,8.65,8.65,8.64,8.64,12.35,2026-03-30 06:35:00
1774852800000,8.64,8.64,8.64,8.64,0.0,2026-03-30 06:40:00
1774853100000,8.65,8.65,8.65,8.65,37.8,2026-03-30 06:45:00
1774853400000,8.65,8.65,8.65,8.65,0.0,2026-03-30 06:50:00
1774853700000,8.65,8.65,8.65,8.65,0.0,2026-03-30 06:55:00
1774854000000,8.65,8.65,8.65,8.65,0.0,2026-03-30 07:00:00
1774854300000,8.68,8.68,8.68,8.68,0.32,2026-03-30 07:05:00
1774854600000,8.68,8.68,8.68,8.68,0.0,2026-03-30 07:10:00
1774854900000,8.68,8.68,8.68,8.68,0.0,2026-03-30 07:15:00
1774855200000,8.68,8.68,8.68,8.68,0.0,2026-03-30 07:20:00
1774855500000,8.68,8.68,8.68,8.68,0.0,2026-03-30 07:25:00
1774855800000,8.68,8.68,8.68,8.68,0.0,2026-03-30 07:30:00
1774856100000,8.68,8.68,8.68,8.68,0.0,2026-03-30 07:35:00
1774856400000,8.68,8.68,8.68,8.68,0.0,2026-03-30 07:40:00
1774856700000,8.7,8.73,8.7,8.73,4.78,2026-03-30 07:45:00
1774857000000,8.73,8.73,8.73,8.73,5.44,2026-03-30 07:50:00
1774857300000,8.73,8.73,8.73,8.73,0.0,2026-03-30 07:55:00
1774857600000,8.75,8.75,8.75,8.75,5.39,2026-03-30 08:00:00
1774857900000,8.77,8.78,8.77,8.78,20.95,2026-03-30 08:05:00
1774858200000,8.78,8.78,8.78,8.78,0.0,2026-03-30 08:10:00
1774858500000,8.78,8.78,8.78,8.78,0.0,2026-03-30 08:15:00
1774858800000,8.78,8.78,8.78,8.78,0.0,2026-03-30 08:20:00
1774859100000,8.78,8.78,8.78,8.78,0.0,2026-03-30 08:25:00
1774859400000,8.78,8.78,8.78,8.78,0.0,2026-03-30 08:30:00
1774859700000,8.78,8.78,8.78,8.78,0.0,2026-03-30 08:35:00
1774860000000,8.78,8.78,8.78,8.78,0.0,2026-03-30 08:40:00
1774860300000,8.78,8.78,8.78,8.78,0.0,2026-03-30 08:45:00
1774860600000,8.78,8.78,8.78,8.78,0.0,2026-03-30 08:50:00
1774860900000,8.78,8.78,8.78,8.78,0.0,2026-03-30 08:55:00
1774861200000,8.78,8.78,8.78,8.78,0.0,2026-03-30 09:00:00
1774861500000,8.78,8.78,8.78,8.78,0.0,2026-03-30 09:05:00
1774861800000,8.78,8.78,8.78,8.78,0.0,2026-03-30 09:10:00
1774862100000,8.78,8.78,8.78,8.78,0.0,2026-03-30 09:15:00
1774862400000,8.78,8.78,8.77,8.77,6.16,2026-03-30 09:20:00
1774862700000,8.77,8.77,8.77,8.77,0.0,2026-03-30 09:25:00
1774863000000,8.77,8.77,8.77,8.77,0.0,2026-03-30 09:30:00
1774863300000,8.77,8.77,8.77,8.77,0.0,2026-03-30 09:35:00
1774863600000,8.77,8.77,8.77,8.77,0.0,2026-03-30 09:40:00
1774863900000,8.77,8.77,8.77,8.77,0.0,2026-03-30 09:45:00
1774864200000,8.79,8.79,8.79,8.79,3.85,2026-03-30 09:50:00
1774864500000,8.79,8.79,8.79,8.79,0.0,2026-03-30 09:55:00
1774864800000,8.79,8.79,8.79,8.79,0.0,2026-03-30 10:00:00
1774865100000,8.79,8.79,8.79,8.79,0.0,2026-03-30 10:05:00
1774865400000,8.79,8.79,8.79,8.79,0.0,2026-03-30 10:10:00
1774865700000,8.79,8.79,8.79,8.79,0.0,2026-03-30 10:15:00
1774866000000,8.79,8.79,8.79,8.79,0.0,2026-03-30 10:20:00
1774866300000,8.79,8.79,8.79,8.79,0.0,2026-03-30 10:25:00
1774866600000,8.79,8.79,8.79,8.79,0.0,2026-03-30 10:30:00
1774866900000,8.79,8.79,8.79,8.79,0.0,2026-03-30 10:35:00
1774867200000,8.79,8.79,8.79,8.79,0.0,2026-03-30 10:40:00
1774867500000,8.74,8.74,8.74,8.74,4.98,2026-03-30 10:45:00
1774867800000,8.73,8.73,8.73,8.73,0.59,2026-03-30 10:50:00
1774868100000,8.73,8.73,8.73,8.73,0.0,2026-03-30 10:55:00
1774868400000,8.73,8.73,8.73,8.73,0.0,2026-03-30 11:00:00
1774868700000,8.73,8.73,8.73,8.73,0.0,2026-03-30 11:05:00
1774869000000,8.73,8.73,8.73,8.73,0.0,2026-03-30 11:10:00
1774869300000,8.73,8.73,8.73,8.73,0.0,2026-03-30 11:15:00
1774869600000,8.73,8.73,8.73,8.73,0.0,2026-03-30 11:20:00
1774869900000,8.81,8.87,8.81,8.81,30.33,2026-03-30 11:25:00
1774870200000,8.83,8.83,8.83,8.83,8.05,2026-03-30 11:30:00
1774870500000,8.86,8.86,8.86,8.86,0.68,2026-03-30 11:35:00
1774870800000,8.86,8.86,8.86,8.86,0.0,2026-03-30 11:40:00
1774871100000,8.86,8.86,8.86,8.86,0.0,2026-03-30 11:45:00
1774871400000,8.86,8.86,8.86,8.86,0.0,2026-03-30 11:50:00
1774871700000,8.86,8.86,8.86,8.86,0.0,2026-03-30 11:55:00
1774872000000,8.89,8.89,8.89,8.89,11.22,2026-03-30 12:00:00
1774872300000,8.91,8.91,8.91,8.91,2.8,2026-03-30 12:05:00
1774872600000,8.91,8.91,8.91,8.91,0.0,2026-03-30 12:10:00
1774872900000,8.91,8.91,8.91,8.91,0.0,2026-03-30 12:15:00
1774873200000,8.91,8.91,8.91,8.91,0.0,2026-03-30 12:20:00
1774873500000,8.91,8.91,8.91,8.91,0.0,2026-03-30 12:25:00
1774873800000,8.91,8.91,8.91,8.91,0.0,2026-03-30 12:30:00
1774874100000,8.9,8.9,8.87,8.87,13.15,2026-03-30 12:35:00
1774874400000,8.87,8.87,8.87,8.87,0.0,2026-03-30 12:40:00
1774874700000,8.87,8.87,8.87,8.87,0.0,2026-03-30 12:45:00
1774875000000,8.87,8.87,8.87,8.87,0.0,2026-03-30 12:50:00
1774875300000,8.87,8.87,8.87,8.87,0.0,2026-03-30 12:55:00
1774875600000,8.87,8.87,8.87,8.87,0.0,2026-03-30 13:00:00
1774875900000,8.87,8.87,8.87,8.87,0.0,2026-03-30 13:05:00
1774876200000,8.87,8.87,8.87,8.87,0.0,2026-03-30 13:10:00
1774876500000,8.87,8.87,8.87,8.87,0.0,2026-03-30 13:15:00
1774876800000,8.89,8.95,8.89,8.95,25.92,2026-03-30 13:20:00
1774877100000,8.89,8.89,8.86,8.86,20.96,2026-03-30 13:25:00
1774877400000,8.86,8.86,8.86,8.86,0.0,2026-03-30 13:30:00
1774877700000,8.87,8.87,8.85,8.85,9.54,2026-03-30 13:35:00
1774878000000,8.85,8.85,8.85,8.85,0.0,2026-03-30 13:40:00
1774878300000,8.85,8.85,8.85,8.85,0.0,2026-03-30 13:45:00
1774878600000,8.85,8.85,8.85,8.85,0.0,2026-03-30 13:50:00
1774878900000,8.86,8.86,8.86,8.86,6.65,2026-03-30 13:55:00
1774879200000,8.85,8.89,8.85,8.89,119.11,2026-03-30 14:00:00
1774879500000,8.85,8.85,8.85,8.85,13.22,2026-03-30 14:05:00
1774879800000,8.9,8.9,8.9,8.9,0.6,2026-03-30 14:10:00
1774880100000,8.9,8.9,8.9,8.9,0.0,2026-03-30 14:15:00
1774880400000,8.9,8.9,8.9,8.9,0.0,2026-03-30 14:20:00
1774880700000,8.84,8.84,8.84,8.84,7.71,2026-03-30 14:25:00
1774881000000,8.84,8.84,8.84,8.84,0.0,2026-03-30 14:30:00
1774881300000,8.81,8.81,8.81,8.81,0.68,2026-03-30 14:35:00
1774881600000,8.81,8.81,8.81,8.81,0.0,2026-03-30 14:40:00
1774881900000,8.8,8.8,8.8,8.8,5.81,2026-03-30 14:45:00
1774882200000,8.81,8.83,8.81,8.83,113.32,2026-03-30 14:50:00
1774882500000,8.86,8.86,8.86,8.86,0.68,2026-03-30 14:55:00
1774882800000,8.86,8.86,8.86,8.86,0.0,2026-03-30 15:00:00
1774883100000,8.89,8.89,8.89,8.89,5.62,2026-03-30 15:05:00
1774883400000,8.89,8.89,8.89,8.89,0.0,2026-03-30 15:10:00
1774883700000,8.81,8.82,8.81,8.82,4.65,2026-03-30 15:15:00
1774884000000,8.82,8.82,8.82,8.82,0.0,2026-03-30 15:20:00
1774884300000,8.82,8.82,8.82,8.82,0.0,2026-03-30 15:25:00
1774884600000,8.82,8.82,8.82,8.82,0.0,2026-03-30 15:30:00
1774884900000,8.86,8.86,8.84,8.84,4.62,2026-03-30 15:35:00
1774885200000,8.84,8.84,8.84,8.84,0.0,2026-03-30 15:40:00
1774885500000,8.84,8.84,8.84,8.84,0.0,2026-03-30 15:45:00
1774885800000,8.84,8.84,8.84,8.84,0.0,2026-03-30 15:50:00
1774886100000,8.84,8.84,8.84,8.84,0.0,2026-03-30 15:55:00
1774886400000,8.84,8.84,8.83,8.83,4.52,2026-03-30 16:00:00
1774886700000,8.83,8.83,8.83,8.83,0.0,2026-03-30 16:05:00
1774887000000,8.83,8.83,8.83,8.83,0.0,2026-03-30 16:10:00
1774887300000,8.83,8.83,8.83,8.83,0.0,2026-03-30 16:15:00
1774887600000,8.83,8.83,8.83,8.83,0.0,2026-03-30 16:20:00
1774887900000,8.83,8.83,8.83,8.83,0.0,2026-03-30 16:25:00
1774888200000,8.83,8.83,8.83,8.83,0.0,2026-03-30 16:30:00
1774888500000,8.83,8.83,8.83,8.83,0.0,2026-03-30 16:35:00
1774888800000,8.83,8.83,8.83,8.83,0.0,2026-03-30 16:40:00
1774889100000,8.83,8.83,8.83,8.83,0.0,2026-03-30 16:45:00
1774889400000,8.82,8.82,8.82,8.82,10.27,2026-03-30 16:50:00
1774889700000,8.82,8.82,8.82,8.82,0.0,2026-03-30 16:55:00
1774890000000,8.82,8.82,8.82,8.82,6.24,2026-03-30 17:00:00
1774890300000,8.82,8.82,8.82,8.82,0.0,2026-03-30 17:05:00
1774890600000,8.82,8.82,8.82,8.82,0.0,2026-03-30 17:10:00
1774890900000,8.82,8.82,8.82,8.82,0.0,2026-03-30 17:15:00
1774891200000,8.75,8.75,8.75,8.75,0.68,2026-03-30 17:20:00
1774891500000,8.72,8.72,8.7,8.7,15.7,2026-03-30 17:25:00
1774891800000,8.7,8.7,8.7,8.7,0.0,2026-03-30 17:30:00
1774892100000,8.73,8.73,8.73,8.73,1.14,2026-03-30 17:35:00
1774892400000,8.73,8.73,8.73,8.73,0.0,2026-03-30 17:40:00
1774892700000,8.73,8.73,8.73,8.73,0.0,2026-03-30 17:45:00
1774893000000,8.73,8.73,8.73,8.73,0.0,2026-03-30 17:50:00
1774893300000,8.73,8.73,8.73,8.73,0.0,2026-03-30 17:55:00
1774893600000,8.73,8.73,8.73,8.73,0.0,2026-03-30 18:00:00
1774893900000,8.7,8.7,8.7,8.7,3.44,2026-03-30 18:05:00
1774894200000,8.7,8.7,8.7,8.7,0.0,2026-03-30 18:10:00
1774894500000,8.7,8.7,8.7,8.7,0.0,2026-03-30 18:15:00
1774894800000,8.7,8.7,8.7,8.7,0.0,2026-03-30 18:20:00
1774895100000,8.66,8.66,8.66,8.66,4.24,2026-03-30 18:25:00
1774895400000,8.66,8.66,8.66,8.66,0.0,2026-03-30 18:30:00
1774895700000,8.69,8.69,8.69,8.69,4.04,2026-03-30 18:35:00
1774896000000,8.69,8.69,8.69,8.69,0.0,2026-03-30 18:40:00
1774896300000,8.69,8.69,8.69,8.69,0.0,2026-03-30 18:45:00
1774896600000,8.65,8.65,8.64,8.64,5.44,2026-03-30 18:50:00
1774896900000,8.64,8.64,8.64,8.64,0.0,2026-03-30 18:55:00
1774897200000,8.64,8.64,8.64,8.64,0.0,2026-03-30 19:00:00
1774897500000,8.62,8.62,8.62,8.62,6.75,2026-03-30 19:05:00
1774897800000,8.6,8.6,8.59,8.59,4.54,2026-03-30 19:10:00
1774898100000,8.59,8.59,8.59,8.59,0.0,2026-03-30 19:15:00
1774898400000,8.59,8.59,8.59,8.59,11.4,2026-03-30 19:20:00
1774898700000,8.62,8.62,8.62,8.62,4.34,2026-03-30 19:25:00
1774899000000,8.62,8.62,8.62,8.62,0.0,2026-03-30 19:30:00
1774899300000,8.62,8.62,8.62,8.62,0.0,2026-03-30 19:35:00
1774899600000,8.62,8.62,8.62,8.62,0.0,2026-03-30 19:40:00
1774899900000,8.57,8.57,8.57,8.57,3.39,2026-03-30 19:45:00
1774900200000,8.57,8.57,8.57,8.57,0.0,2026-03-30 19:50:00
1774900500000,8.57,8.57,8.57,8.57,0.0,2026-03-30 19:55:00
1774900800000,8.57,8.57,8.57,8.57,0.0,2026-03-30 20:00:00
1774901100000,8.57,8.57,8.57,8.57,0.0,2026-03-30 20:05:00
1774901400000,8.57,8.57,8.57,8.57,0.0,2026-03-30 20:10:00
1774901700000,8.57,8.57,8.57,8.57,0.0,2026-03-30 20:15:00
1774902000000,8.57,8.57,8.57,8.57,0.0,2026-03-30 20:20:00
1774902300000,8.57,8.57,8.57,8.57,0.0,2026-03-30 20:25:00
1774902600000,8.57,8.57,8.57,8.57,0.0,2026-03-30 20:30:00
1774902900000,8.57,8.57,8.57,8.57,0.0,2026-03-30 20:35:00
1774903200000,8.57,8.57,8.57,8.57,0.0,2026-03-30 20:40:00
1774903500000,8.57,8.57,8.57,8.57,0.0,2026-03-30 20:45:00
1774903800000,8.57,8.57,8.57,8.57,0.0,2026-03-30 20:50:00
1774904100000,8.57,8.57,8.57,8.57,0.0,2026-03-30 20:55:00
1774904400000,8.57,8.57,8.57,8.57,0.0,2026-03-30 21:00:00
1774904700000,8.57,8.57,8.57,8.57,0.0,2026-03-30 21:05:00
1774905000000,8.65,8.67,8.65,8.67,2.08,2026-03-30 21:10:00
1774905300000,8.67,8.67,8.67,8.67,0.0,2026-03-30 21:15:00
1774905600000,8.7,8.7,8.7,8.7,0.69,2026-03-30 21:20:00
1774905900000,8.7,8.7,8.7,8.7,0.0,2026-03-30 21:25:00
1774906200000,8.7,8.7,8.7,8.7,0.0,2026-03-30 21:30:00
1774906500000,8.7,8.7,8.7,8.7,0.0,2026-03-30 21:35:00
1774906800000,8.71,8.71,8.71,8.71,5.38,2026-03-30 21:40:00
1774907100000,8.71,8.71,8.71,8.71,0.0,2026-03-30 21:45:00
1774907400000,8.71,8.71,8.71,8.71,0.0,2026-03-30 21:50:00
1774907700000,8.71,8.71,8.71,8.71,0.0,2026-03-30 21:55:00
1774908000000,8.71,8.71,8.71,8.71,0.0,2026-03-30 22:00:00
1774908300000,8.68,8.68,8.64,8.64,5.27,2026-03-30 22:05:00
1774908600000,8.64,8.64,8.64,8.64,0.0,2026-03-30 22:10:00
1774908900000,8.67,8.67,8.67,8.67,5.0,2026-03-30 22:15:00
1774909200000,8.67,8.67,8.67,8.67,0.0,2026-03-30 22:20:00
1774909500000,8.67,8.67,8.67,8.67,0.0,2026-03-30 22:25:00
1774909800000,8.67,8.67,8.67,8.67,0.0,2026-03-30 22:30:00
1774910100000,8.67,8.67,8.67,8.67,0.0,2026-03-30 22:35:00
1774910400000,8.67,8.67,8.67,8.67,0.0,2026-03-30 22:40:00
1774910700000,8.67,8.67,8.67,8.67,0.0,2026-03-30 22:45:00
1774911000000,8.67,8.67,8.67,8.67,0.0,2026-03-30 22:50:00
1774911300000,8.67,8.67,8.67,8.67,0.0,2026-03-30 22:55:00
1774911600000,8.62,8.62,8.62,8.62,0.81,2026-03-30 23:00:00
1774911900000,8.6,8.61,8.6,8.61,1.86,2026-03-30 23:05:00
1774912200000,8.6,8.6,8.6,8.6,5.74,2026-03-30 23:10:00
1774912500000,8.6,8.6,8.6,8.6,0.0,2026-03-30 23:15:00
1774912800000,8.6,8.6,8.6,8.6,0.0,2026-03-30 23:20:00
1774913100000,8.6,8.6,8.6,8.6,0.0,2026-03-30 23:25:00
1774913400000,8.6,8.6,8.6,8.6,0.0,2026-03-30 23:30:00
1774913700000,8.6,8.6,8.6,8.6,0.0,2026-03-30 23:35:00
1774914000000,8.6,8.6,8.6,8.6,0.0,2026-03-30 23:40:00
1774914300000,8.6,8.6,8.6,8.6,0.0,2026-03-30 23:45:00
1774914600000,8.6,8.6,8.6,8.6,0.0,2026-03-30 23:50:00
1774914900000,8.6,8.6,8.6,8.6,0.0,2026-03-30 23:55:00
1774915200000,8.6,8.6,8.6,8.6,0.0,2026-03-31 00:00:00
1774915500000,8.6,8.6,8.6,8.6,0.0,2026-03-31 00:05:00
1774915800000,8.62,8.62,8.62,8.62,4.63,2026-03-31 00:10:00
1774916100000,8.61,8.61,8.61,8.61,0.12,2026-03-31 00:15:00
1774916400000,8.64,8.64,8.64,8.64,0.14,2026-03-31 00:20:00
1774916700000,8.63,8.63,8.63,8.63,0.13,2026-03-31 00:25:00
1774917000000,8.64,8.64,8.64,8.64,0.12,2026-03-31 00:30:00
1774917300000,8.63,8.63,8.63,8.63,0.25,2026-03-31 00:35:00
1774917600000,8.63,8.63,8.63,8.63,0.0,2026-03-31 00:40:00
1774917900000,8.65,8.69,8.65,8.69,191.9,2026-03-31 00:45:00
1774918200000,8.69,8.69,8.69,8.69,0.0,2026-03-31 00:50:00
1774918500000,8.69,8.69,8.69,8.69,0.0,2026-03-31 00:55:00
1774918800000,8.69,8.69,8.69,8.69,0.0,2026-03-31 01:00:00
1774919100000,8.69,8.69,8.69,8.69,0.0,2026-03-31 01:05:00
1774919400000,8.69,8.69,8.69,8.69,0.0,2026-03-31 01:10:00
1774919700000,8.68,8.68,8.68,8.68,5.66,2026-03-31 01:15:00
1774920000000,8.7,8.7,8.7,8.7,6.2,2026-03-31 01:20:00
1774920300000,8.7,8.7,8.7,8.7,0.0,2026-03-31 01:25:00
1774920600000,8.75,8.81,8.75,8.81,16.61,2026-03-31 01:30:00
1774920900000,8.81,8.81,8.81,8.81,7.48,2026-03-31 01:35:00
1774921200000,8.81,8.81,8.81,8.81,0.0,2026-03-31 01:40:00
1774921500000,8.81,8.81,8.81,8.81,0.0,2026-03-31 01:45:00
1774921800000,8.78,8.78,8.78,8.78,6.34,2026-03-31 01:50:00
1774922100000,8.78,8.78,8.78,8.78,2.28,2026-03-31 01:55:00
1774922400000,8.78,8.78,8.78,8.78,0.0,2026-03-31 02:00:00
1774922700000,8.78,8.78,8.78,8.78,0.0,2026-03-31 02:05:00
1774923000000,8.81,8.81,8.81,8.81,2.25,2026-03-31 02:10:00
1774923300000,8.81,8.81,8.81,8.81,0.0,2026-03-31 02:15:00
1774923600000,8.81,8.81,8.81,8.81,0.0,2026-03-31 02:20:00
1774923900000,8.81,8.81,8.81,8.81,0.0,2026-03-31 02:25:00
1774924200000,8.81,8.81,8.81,8.81,0.0,2026-03-31 02:30:00
1774924500000,8.81,8.81,8.81,8.81,0.0,2026-03-31 02:35:00
1774924800000,8.81,8.81,8.81,8.81,0.0,2026-03-31 02:40:00
1774925100000,8.81,8.81,8.81,8.81,0.0,2026-03-31 02:45:00
1774925400000,8.81,8.81,8.81,8.81,0.0,2026-03-31 02:50:00
1774925700000,8.81,8.81,8.81,8.81,1.36,2026-03-31 02:55:00
1774926000000,8.81,8.81,8.81,8.81,0.0,2026-03-31 03:00:00
1774926300000,8.81,8.81,8.81,8.81,0.0,2026-03-31 03:05:00
1774926600000,8.81,8.81,8.81,8.81,0.0,2026-03-31 03:10:00
1774926900000,8.81,8.81,8.81,8.81,0.0,2026-03-31 03:15:00
1774927200000,8.77,8.78,8.74,8.78,60.89,2026-03-31 03:20:00
1774927500000,8.78,8.78,8.78,8.78,0.0,2026-03-31 03:25:00
1774927800000,8.78,8.78,8.78,8.78,0.0,2026-03-31 03:30:00
1774928100000,8.78,8.78,8.78,8.78,0.0,2026-03-31 03:35:00
1774928400000,8.78,8.78,8.78,8.78,0.0,2026-03-31 03:40:00
1774928700000,8.78,8.78,8.78,8.78,0.0,2026-03-31 03:45:00
1774929000000,8.78,8.78,8.78,8.78,0.0,2026-03-31 03:50:00
1774929300000,8.78,8.78,8.78,8.78,0.0,2026-03-31 03:55:00
1774929600000,8.78,8.78,8.78,8.78,0.0,2026-03-31 04:00:00
1774929900000,8.77,8.77,8.77,8.77,1.71,2026-03-31 04:05:00
1774930200000,8.77,8.77,8.77,8.77,0.0,2026-03-31 04:10:00
1774930500000,8.77,8.77,8.77,8.77,0.0,2026-03-31 04:15:00
1774930800000,8.77,8.77,8.77,8.77,415.43,2026-03-31 04:20:00
1774931100000,8.76,8.76,8.76,8.76,8.26,2026-03-31 04:25:00
1774931400000,8.76,8.76,8.76,8.76,0.0,2026-03-31 04:30:00
1774931700000,8.76,8.76,8.76,8.76,0.0,2026-03-31 04:35:00
1774932000000,8.76,8.76,8.76,8.76,0.0,2026-03-31 04:40:00
1774932300000,8.76,8.76,8.76,8.76,0.0,2026-03-31 04:45:00
1774932600000,8.76,8.76,8.76,8.76,0.0,2026-03-31 04:50:00
1774932900000,8.76,8.76,8.76,8.76,0.0,2026-03-31 04:55:00
1774933200000,8.72,8.72,8.7,8.7,10.02,2026-03-31 05:00:00
1774933500000,8.7,8.7,8.7,8.7,0.0,2026-03-31 05:05:00
1774933800000,8.7,8.7,8.7,8.7,0.0,2026-03-31 05:10:00
1774934100000,8.7,8.7,8.7,8.7,0.0,2026-03-31 05:15:00
1774934400000,8.7,8.7,8.7,8.7,0.0,2026-03-31 05:20:00
1774934700000,8.7,8.7,8.7,8.7,0.0,2026-03-31 05:25:00
1774935000000,8.7,8.7,8.7,8.7,0.0,2026-03-31 05:30:00
1774935300000,8.7,8.7,8.7,8.7,0.0,2026-03-31 05:35:00
1774935600000,8.7,8.7,8.7,8.7,0.0,2026-03-31 05:40:00
1774935900000,8.75,8.75,8.75,8.75,0.69,2026-03-31 05:45:00
1774936200000,8.75,8.75,8.75,8.75,0.0,2026-03-31 05:50:00
1774936500000,8.75,8.75,8.75,8.75,0.0,2026-03-31 05:55:00
1774936800000,8.75,8.75,8.75,8.75,0.0,2026-03-31 06:00:00
1774937100000,8.75,8.75,8.75,8.75,0.0,2026-03-31 06:05:00
1774937400000,8.75,8.75,8.75,8.75,0.0,2026-03-31 06:10:00
1774937700000,8.75,8.75,8.75,8.75,0.0,2026-03-31 06:15:00
1774938000000,8.75,8.75,8.75,8.75,0.0,2026-03-31 06:20:00
1774938300000,8.75,8.75,8.75,8.75,0.0,2026-03-31 06:25:00
1774938600000,8.75,8.75,8.75,8.75,0.0,2026-03-31 06:30:00
1774938900000,8.75,8.75,8.75,8.75,0.0,2026-03-31 06:35:00
1774939200000,8.75,8.75,8.75,8.75,0.0,2026-03-31 06:40:00
1774939500000,8.75,8.75,8.75,8.75,0.0,2026-03-31 06:45:00
1774939800000,8.75,8.75,8.75,8.75,0.0,2026-03-31 06:50:00
1774940100000,8.75,8.75,8.75,8.75,0.0,2026-03-31 06:55:00
1774940400000,8.73,8.73,8.73,8.73,4.01,2026-03-31 07:00:00
1774940700000,8.73,8.73,8.73,8.73,0.0,2026-03-31 07:05:00
1774941000000,8.73,8.73,8.73,8.73,0.0,2026-03-31 07:10:00
1774941300000,8.7,8.7,8.7,8.7,0.69,2026-03-31 07:15:00
1774941600000,8.7,8.7,8.7,8.7,0.0,2026-03-31 07:20:00
1774941900000,8.7,8.7,8.7,8.7,0.0,2026-03-31 07:25:00
1774942200000,8.7,8.7,8.7,8.7,0.0,2026-03-31 07:30:00
1774942500000,8.7,8.7,8.7,8.7,0.0,2026-03-31 07:35:00
1774942800000,8.7,8.7,8.7,8.7,0.0,2026-03-31 07:40:00
1774943100000,8.7,8.7,8.7,8.7,0.0,2026-03-31 07:45:00
1774943400000,8.7,8.7,8.7,8.7,0.0,2026-03-31 07:50:00
1774943700000,8.7,8.7,8.7,8.7,0.0,2026-03-31 07:55:00
1774944000000,8.7,8.7,8.7,8.7,0.0,2026-03-31 08:00:00
1774944300000,8.7,8.7,8.7,8.7,0.0,2026-03-31 08:05:00
1774944600000,8.7,8.7,8.7,8.7,0.0,2026-03-31 08:10:00
1774944900000,8.7,8.7,8.7,8.7,0.0,2026-03-31 08:15:00
1774945200000,8.7,8.7,8.7,8.7,0.0,2026-03-31 08:20:00
1774945500000,8.7,8.7,8.7,8.7,0.0,2026-03-31 08:25:00
1774945800000,8.7,8.7,8.7,8.7,0.0,2026-03-31 08:30:00
1774946100000,8.7,8.7,8.7,8.7,0.0,2026-03-31 08:35:00
1774946400000,8.65,8.65,8.65,8.65,0.69,2026-03-31 08:40:00
1774946700000,8.65,8.65,8.65,8.65,0.0,2026-03-31 08:45:00
1774947000000,8.65,8.65,8.65,8.65,0.0,2026-03-31 08:50:00
1774947300000,8.65,8.65,8.65,8.65,0.0,2026-03-31 08:55:00
1774947600000,8.65,8.65,8.65,8.65,0.0,2026-03-31 09:00:00
1774947900000,8.65,8.65,8.65,8.65,0.0,2026-03-31 09:05:00
1774948200000,8.65,8.65,8.65,8.65,0.0,2026-03-31 09:10:00
1774948500000,8.65,8.65,8.65,8.65,0.0,2026-03-31 09:15:00
1774948800000,8.65,8.65,8.65,8.65,0.0,2026-03-31 09:20:00
1774949100000,8.6,8.6,8.57,8.57,19.68,2026-03-31 09:25:00
1774949400000,8.6,8.6,8.6,8.6,11.66,2026-03-31 09:30:00
1774949700000,8.6,8.6,8.6,8.6,0.0,2026-03-31 09:35:00
1774950000000,8.6,8.6,8.6,8.6,0.0,2026-03-31 09:40:00
1774950300000,8.6,8.6,8.6,8.6,0.0,2026-03-31 09:45:00
1774950600000,8.6,8.6,8.6,8.6,0.0,2026-03-31 09:50:00
1774950900000,8.56,8.56,8.55,8.55,29.91,2026-03-31 09:55:00
1774951200000,8.55,8.55,8.55,8.55,0.0,2026-03-31 10:00:00
1774951500000,8.55,8.55,8.55,8.55,0.0,2026-03-31 10:05:00
1774951800000,8.55,8.55,8.55,8.55,0.0,2026-03-31 10:10:00
1774952100000,8.55,8.55,8.55,8.55,0.0,2026-03-31 10:15:00
1774952400000,8.54,8.54,8.54,8.54,0.6,2026-03-31 10:20:00
1774952700000,8.54,8.54,8.54,8.54,0.0,2026-03-31 10:25:00
1774953000000,8.54,8.54,8.54,8.54,0.0,2026-03-31 10:30:00
1774953300000,8.57,8.57,8.57,8.57,4.09,2026-03-31 10:35:00
1774953600000,8.57,8.57,8.57,8.57,0.0,2026-03-31 10:40:00
1774953900000,8.57,8.57,8.57,8.57,0.0,2026-03-31 10:45:00
1774954200000,8.57,8.57,8.57,8.57,0.0,2026-03-31 10:50:00
1774954500000,8.57,8.57,8.57,8.57,0.0,2026-03-31 10:55:00
1774954800000,8.57,8.57,8.57,8.57,0.0,2026-03-31 11:00:00
1774955100000,8.57,8.57,8.57,8.57,0.0,2026-03-31 11:05:00
1774955400000,8.57,8.57,8.57,8.57,0.0,2026-03-31 11:10:00
1774955700000,8.6,8.6,8.6,8.6,0.7,2026-03-31 11:15:00
1774956000000,8.6,8.6,8.6,8.6,0.0,2026-03-31 11:20:00
1774956300000,8.6,8.6,8.6,8.6,0.0,2026-03-31 11:25:00
1774956600000,8.6,8.6,8.6,8.6,0.0,2026-03-31 11:30:00
1774956900000,8.6,8.6,8.6,8.6,0.0,2026-03-31 11:35:00
1774957200000,8.6,8.6,8.6,8.6,0.0,2026-03-31 11:40:00
1774957500000,8.6,8.6,8.6,8.6,0.0,2026-03-31 11:45:00
1774957800000,8.6,8.6,8.6,8.6,0.0,2026-03-31 11:50:00
1774958100000,8.6,8.6,8.6,8.6,0.0,2026-03-31 11:55:00
1774958400000,8.6,8.6,8.6,8.6,0.0,2026-03-31 12:00:00
1774958700000,8.6,8.6,8.6,8.6,0.0,2026-03-31 12:05:00
1774959000000,8.6,8.6,8.6,8.6,0.0,2026-03-31 12:10:00
1774959300000,8.6,8.6,8.6,8.6,0.0,2026-03-31 12:15:00
1774959600000,8.6,8.6,8.6,8.6,0.0,2026-03-31 12:20:00
1774959900000,8.65,8.65,8.65,8.65,29.6,2026-03-31 12:25:00
1774960200000,8.64,8.67,8.64,8.67,34.77,2026-03-31 12:30:00
1774960500000,8.67,8.67,8.67,8.67,0.0,2026-03-31 12:35:00
1774960800000,8.67,8.67,8.67,8.67,0.0,2026-03-31 12:40:00
1774961100000,8.67,8.67,8.67,8.67,0.0,2026-03-31 12:45:00
1774961400000,8.67,8.67,8.67,8.67,0.0,2026-03-31 12:50:00
1774961700000,8.67,8.67,8.67,8.67,0.0,2026-03-31 12:55:00
1774962000000,8.67,8.67,8.67,8.67,0.0,2026-03-31 13:00:00
1774962300000,8.67,8.67,8.67,8.67,0.0,2026-03-31 13:05:00
1774962600000,8.67,8.67,8.67,8.67,0.0,2026-03-31 13:10:00
1774962900000,8.67,8.67,8.67,8.67,0.0,2026-03-31 13:15:00
1774963200000,8.67,8.67,8.67,8.67,0.0,2026-03-31 13:20:00
1774963500000,8.66,8.66,8.65,8.65,23.0,2026-03-31 13:25:00
1774963800000,8.7,8.7,8.69,8.69,219.89,2026-03-31 13:30:00
1774964100000,8.69,8.69,8.69,8.69,8.95,2026-03-31 13:35:00
1774964400000,8.7,8.7,8.7,8.7,0.12,2026-03-31 13:40:00
1774964700000,8.73,8.73,8.73,8.73,4.26,2026-03-31 13:45:00
1774965000000,8.75,8.75,8.75,8.75,0.69,2026-03-31 13:50:00
1774965300000,8.78,8.78,8.78,8.78,1.99,2026-03-31 13:55:00
1774965600000,8.78,8.78,8.78,8.78,13.25,2026-03-31 14:00:00
1774965900000,8.78,8.78,8.78,8.78,0.0,2026-03-31 14:05:00
1774966200000,8.76,8.76,8.76,8.76,0.61,2026-03-31 14:10:00
1774966500000,8.8,8.8,8.8,8.8,2.83,2026-03-31 14:15:00
1774966800000,8.8,8.8,8.8,8.8,0.0,2026-03-31 14:20:00
1774967100000,8.8,8.8,8.8,8.8,0.0,2026-03-31 14:25:00
1774967400000,8.8,8.8,8.8,8.8,0.0,2026-03-31 14:30:00
1774967700000,8.76,8.76,8.76,8.76,4.77,2026-03-31 14:35:00
1774968000000,8.76,8.76,8.76,8.76,0.0,2026-03-31 14:40:00
1774968300000,8.7,8.7,8.7,8.7,0.69,2026-03-31 14:45:00
1774968600000,8.65,8.65,8.65,8.65,0.69,2026-03-31 14:50:00
1774968900000,8.65,8.65,8.65,8.65,0.0,2026-03-31 14:55:00
