timestamp,open,high,low,close,volume,date
1772377200000,86.05,86.14,86.05,86.14,5.1,2026-03-01 15:00:00
1772377500000,86.05,86.14,85.9,86.14,12.125,2026-03-01 15:05:00
1772377800000,86.13,86.28,86.13,86.28,6.655,2026-03-01 15:10:00
1772378100000,86.35,86.35,86.35,86.35,0.035,2026-03-01 15:15:00
1772378400000,86.35,86.39,86.3,86.3,1.154,2026-03-01 15:20:00
1772378700000,86.28,86.28,86.23,86.23,3.263,2026-03-01 15:25:00
1772379000000,86.23,86.23,86.23,86.23,0.0,2026-03-01 15:30:00
1772379300000,86.43,86.43,86.33,86.38,19.443,2026-03-01 15:35:00
1772379600000,86.42,86.59,86.42,86.46,27.994,2026-03-01 15:40:00
1772379900000,86.39,86.39,86.36,86.36,6.681,2026-03-01 15:45:00
1772380200000,86.4,86.41,86.31,86.31,76.015,2026-03-01 15:50:00
1772380500000,86.19,86.19,85.65,85.65,20.767,2026-03-01 15:55:00
1772380800000,85.65,85.97,85.36,85.97,20.895,2026-03-01 16:00:00
1772381100000,86.05,86.05,85.91,85.91,0.463,2026-03-01 16:05:00
1772381400000,86.0,86.0,85.9,85.9,3.979,2026-03-01 16:10:00
1772381700000,85.77,85.77,85.76,85.76,0.318,2026-03-01 16:15:00
1772382000000,85.63,85.69,85.63,85.69,3.414,2026-03-01 16:20:00
1772382300000,85.9,85.9,85.9,85.9,0.175,2026-03-01 16:25:00
1772382600000,85.91,85.91,85.88,85.88,4.142,2026-03-01 16:30:00
1772382900000,85.87,85.87,85.87,85.87,0.174,2026-03-01 16:35:00
1772383200000,85.87,85.87,85.87,85.87,0.0,2026-03-01 16:40:00
1772383500000,85.58,85.58,84.41,84.41,120.616,2026-03-01 16:45:00
1772383800000,84.24,84.35,83.85,84.14,57.696,2026-03-01 16:50:00
1772384100000,84.23,84.31,84.23,84.31,0.272,2026-03-01 16:55:00
1772384400000,83.93,84.04,83.8,84.04,3.32,2026-03-01 17:00:00
1772384700000,84.01,84.2,84.01,84.18,1.743,2026-03-01 17:05:00
1772385000000,84.21,84.22,84.06,84.07,26.198,2026-03-01 17:10:00
1772385300000,84.13,84.13,83.36,83.45,13.864,2026-03-01 17:15:00
1772385600000,83.25,83.53,83.23,83.39,12.114,2026-03-01 17:20:00
1772385900000,83.67,83.67,83.67,83.67,0.53,2026-03-01 17:25:00
1772386200000,83.66,83.72,83.66,83.72,6.732,2026-03-01 17:30:00
1772386500000,83.84,84.15,83.84,84.15,12.168,2026-03-01 17:35:00
1772386800000,84.04,84.04,84.04,84.04,0.57,2026-03-01 17:40:00
1772387100000,83.94,84.13,83.94,84.13,8.427,2026-03-01 17:45:00
1772387400000,84.25,84.26,84.2,84.2,2.947,2026-03-01 17:50:00
1772387700000,84.08,84.08,83.9,83.9,8.793,2026-03-01 17:55:00
1772388000000,83.97,84.58,83.97,84.58,8.911,2026-03-01 18:00:00
1772388300000,84.58,84.97,84.58,84.97,11.611,2026-03-01 18:05:00
1772388600000,84.66,84.66,84.57,84.57,2.817,2026-03-01 18:10:00
1772388900000,84.48,84.73,84.48,84.73,20.078,2026-03-01 18:15:00
1772389200000,84.39,84.39,84.31,84.31,3.133,2026-03-01 18:20:00
1772389500000,84.23,84.23,84.23,84.23,3.115,2026-03-01 18:25:00
1772389800000,84.23,84.36,84.23,84.36,12.269,2026-03-01 18:30:00
1772390100000,84.37,84.44,84.37,84.44,14.316,2026-03-01 18:35:00
1772390400000,84.44,84.44,84.44,84.44,0.0,2026-03-01 18:40:00
1772390700000,84.28,84.28,84.28,84.28,9.306,2026-03-01 18:45:00
1772391000000,84.06,84.06,84.04,84.04,5.914,2026-03-01 18:50:00
1772391300000,84.0,84.0,83.9,83.9,14.996,2026-03-01 18:55:00
1772391600000,83.97,83.97,83.95,83.95,2.14,2026-03-01 19:00:00
1772391900000,83.83,83.84,83.78,83.82,36.181,2026-03-01 19:05:00
1772392200000,83.87,83.88,83.6,83.6,3.717,2026-03-01 19:10:00
1772392500000,83.57,83.57,83.57,83.57,3.402,2026-03-01 19:15:00
1772392800000,83.57,83.57,83.57,83.57,0.0,2026-03-01 19:20:00
1772393100000,83.41,83.41,83.35,83.41,1.288,2026-03-01 19:25:00
1772393400000,83.46,83.53,83.36,83.36,9.586,2026-03-01 19:30:00
1772393700000,83.48,83.48,83.48,83.48,0.356,2026-03-01 19:35:00
1772394000000,83.55,83.55,83.19,83.19,8.675,2026-03-01 19:40:00
1772394300000,83.31,83.31,83.31,83.31,0.199,2026-03-01 19:45:00
1772394600000,83.13,83.23,83.06,83.23,2.941,2026-03-01 19:50:00
1772394900000,83.23,83.23,83.23,83.23,0.971,2026-03-01 19:55:00
1772395200000,83.21,83.21,83.0,83.14,3.59,2026-03-01 20:00:00
1772395500000,82.99,83.02,82.76,82.8,10.509,2026-03-01 20:05:00
1772395800000,82.8,82.8,82.41,82.5,44.077,2026-03-01 20:10:00
1772396100000,82.56,82.56,82.41,82.42,7.257,2026-03-01 20:15:00
1772396400000,82.42,82.56,82.36,82.36,14.115,2026-03-01 20:20:00
1772396700000,82.44,82.46,82.41,82.46,11.048,2026-03-01 20:25:00
1772397000000,82.22,82.4,82.09,82.28,39.856,2026-03-01 20:30:00
1772397300000,82.24,82.24,81.8,81.92,39.694,2026-03-01 20:35:00
1772397600000,81.77,81.85,81.67,81.85,97.63,2026-03-01 20:40:00
1772397900000,82.01,82.01,81.78,81.84,11.748,2026-03-01 20:45:00
1772398200000,81.98,82.0,81.98,82.0,4.67,2026-03-01 20:50:00
1772398500000,81.93,82.06,81.93,82.06,3.458,2026-03-01 20:55:00
1772398800000,82.07,82.08,82.05,82.05,7.193,2026-03-01 21:00:00
1772399100000,82.03,82.14,82.03,82.14,6.193,2026-03-01 21:05:00
1772399400000,82.28,82.49,82.28,82.49,1.401,2026-03-01 21:10:00
1772399700000,82.61,82.61,82.49,82.49,4.362,2026-03-01 21:15:00
1772400000000,82.66,82.89,82.66,82.89,6.361,2026-03-01 21:20:00
1772400300000,82.89,82.89,82.89,82.89,0.0,2026-03-01 21:25:00
1772400600000,82.83,82.85,82.8,82.8,10.394,2026-03-01 21:30:00
1772400900000,82.81,82.81,82.81,82.81,0.604,2026-03-01 21:35:00
1772401200000,82.92,82.97,82.83,82.86,4.831,2026-03-01 21:40:00
1772401500000,82.92,82.92,82.86,82.86,4.945,2026-03-01 21:45:00
1772401800000,82.96,82.96,82.88,82.88,10.518,2026-03-01 21:50:00
1772402100000,82.97,83.01,82.92,82.92,67.844,2026-03-01 21:55:00
1772402400000,82.88,83.02,82.88,83.02,7.877,2026-03-01 22:00:00
1772402700000,82.95,82.95,82.95,82.95,16.257,2026-03-01 22:05:00
1772403000000,82.84,83.94,82.84,83.48,92.013,2026-03-01 22:10:00
1772403300000,83.41,83.53,83.41,83.53,9.871,2026-03-01 22:15:00
1772403600000,83.45,83.45,83.45,83.45,0.238,2026-03-01 22:20:00
1772403900000,83.42,83.42,83.05,83.27,41.782,2026-03-01 22:25:00
1772404200000,83.02,83.02,82.85,82.85,13.016,2026-03-01 22:30:00
1772404500000,82.45,82.73,82.38,82.73,25.454,2026-03-01 22:35:00
1772404800000,82.91,82.99,82.91,82.99,22.629,2026-03-01 22:40:00
1772405100000,82.87,82.87,82.83,82.83,5.092,2026-03-01 22:45:00
1772405400000,82.85,82.85,82.85,82.85,0.06,2026-03-01 22:50:00
1772405700000,82.85,82.85,82.85,82.85,0.0,2026-03-01 22:55:00
1772406000000,82.58,83.19,82.58,83.19,3.601,2026-03-01 23:00:00
1772406300000,83.33,83.94,83.33,83.94,26.43,2026-03-01 23:05:00
1772406600000,84.04,84.11,83.77,83.77,8.083,2026-03-01 23:10:00
1772406900000,83.64,83.68,83.58,83.68,31.772,2026-03-01 23:15:00
1772407200000,83.7,83.73,83.7,83.73,32.636,2026-03-01 23:20:00
1772407500000,83.64,83.64,83.64,83.64,25.734,2026-03-01 23:25:00
1772407800000,83.55,83.55,83.55,83.55,0.352,2026-03-01 23:30:00
1772408100000,83.64,83.75,83.64,83.75,20.506,2026-03-01 23:35:00
1772408400000,83.75,83.75,83.75,83.75,0.0,2026-03-01 23:40:00
1772408700000,83.66,83.86,83.66,83.86,5.776,2026-03-01 23:45:00
1772409000000,83.86,83.86,83.86,83.86,0.0,2026-03-01 23:50:00
1772409300000,83.57,83.57,83.57,83.57,0.383,2026-03-01 23:55:00
1772409600000,83.57,83.57,83.57,83.57,0.0,2026-03-02 00:00:00
1772409900000,83.62,83.88,83.62,83.88,9.142,2026-03-02 00:05:00
1772410200000,83.93,84.18,83.93,84.18,7.347,2026-03-02 00:10:00
1772410500000,84.18,84.18,84.18,84.18,0.0,2026-03-02 00:15:00
1772410800000,83.9,83.99,83.69,83.99,0.892,2026-03-02 00:20:00
1772411100000,83.99,84.02,83.76,83.76,47.098,2026-03-02 00:25:00
1772411400000,83.76,83.76,83.76,83.76,0.0,2026-03-02 00:30:00
1772411700000,83.76,83.76,83.76,83.76,0.0,2026-03-02 00:35:00
1772412000000,84.3,84.84,84.3,84.84,71.217,2026-03-02 00:40:00
1772412300000,84.96,85.14,84.96,85.14,12.565,2026-03-02 00:45:00
1772412600000,85.02,85.02,84.94,84.94,26.936,2026-03-02 00:50:00
1772412900000,84.94,84.94,84.94,84.94,0.0,2026-03-02 00:55:00
1772413200000,85.04,85.41,85.04,85.14,40.851,2026-03-02 01:00:00
1772413500000,85.34,85.57,85.34,85.43,7.591,2026-03-02 01:05:00
1772413800000,85.6,86.17,85.6,85.86,30.6,2026-03-02 01:10:00
1772414100000,85.85,85.86,85.85,85.86,3.234,2026-03-02 01:15:00
1772414400000,85.26,85.3,85.18,85.18,1.754,2026-03-02 01:20:00
1772414700000,84.82,84.83,84.81,84.81,2.73,2026-03-02 01:25:00
1772415000000,84.89,85.01,84.89,85.01,0.353,2026-03-02 01:30:00
1772415300000,85.01,85.01,85.01,85.01,0.0,2026-03-02 01:35:00
1772415600000,84.95,84.95,84.95,84.95,0.127,2026-03-02 01:40:00
1772415900000,84.58,84.58,84.56,84.56,0.198,2026-03-02 01:45:00
1772416200000,84.54,84.7,84.52,84.7,6.76,2026-03-02 01:50:00
1772416500000,84.7,84.7,84.7,84.7,5.341,2026-03-02 01:55:00
1772416800000,84.7,84.7,84.7,84.7,0.0,2026-03-02 02:00:00
1772417100000,84.56,84.56,83.94,83.94,9.149,2026-03-02 02:05:00
1772417400000,83.85,83.85,83.58,83.69,13.304,2026-03-02 02:10:00
1772417700000,83.89,83.92,83.85,83.85,0.461,2026-03-02 02:15:00
1772418000000,84.01,84.15,83.86,84.15,0.477,2026-03-02 02:20:00
1772418300000,84.15,84.15,84.15,84.15,0.0,2026-03-02 02:25:00
1772418600000,84.08,84.08,84.08,84.08,0.036,2026-03-02 02:30:00
1772418900000,84.08,84.08,84.08,84.08,0.0,2026-03-02 02:35:00
1772419200000,84.08,84.08,84.08,84.08,0.0,2026-03-02 02:40:00
1772419500000,84.08,84.08,84.08,84.08,0.0,2026-03-02 02:45:00
1772419800000,84.0,84.0,84.0,84.0,1.0,2026-03-02 02:50:00
1772420100000,84.0,84.0,84.0,84.0,0.0,2026-03-02 02:55:00
1772420400000,84.19,84.19,84.19,84.19,0.13,2026-03-02 03:00:00
1772420700000,84.14,84.14,84.09,84.14,2.14,2026-03-02 03:05:00
1772421000000,84.14,84.58,84.14,84.52,16.681,2026-03-02 03:10:00
1772421300000,84.5,84.65,84.46,84.65,4.079,2026-03-02 03:15:00
1772421600000,84.82,84.82,84.58,84.58,2.111,2026-03-02 03:20:00
1772421900000,84.96,84.98,84.96,84.98,7.091,2026-03-02 03:25:00
1772422200000,84.83,84.83,84.79,84.79,3.16,2026-03-02 03:30:00
1772422500000,84.89,85.0,84.89,85.0,3.218,2026-03-02 03:35:00
1772422800000,85.0,85.0,85.0,85.0,0.0,2026-03-02 03:40:00
1772423100000,84.88,84.88,84.88,84.88,0.02,2026-03-02 03:45:00
1772423400000,84.96,85.06,84.96,85.06,1.426,2026-03-02 03:50:00
1772423700000,84.74,84.74,84.74,84.74,0.22,2026-03-02 03:55:00
1772424000000,84.75,84.81,84.75,84.81,0.641,2026-03-02 04:00:00
1772424300000,84.59,84.59,84.56,84.56,2.758,2026-03-02 04:05:00
1772424600000,84.54,84.54,84.54,84.54,0.068,2026-03-02 04:10:00
1772424900000,84.53,84.53,84.53,84.53,0.092,2026-03-02 04:15:00
1772425200000,84.53,84.53,84.29,84.29,7.591,2026-03-02 04:20:00
1772425500000,84.29,84.29,84.29,84.29,0.0,2026-03-02 04:25:00
1772425800000,84.62,84.62,84.53,84.53,98.832,2026-03-02 04:30:00
1772426100000,84.5,84.5,84.5,84.5,3.032,2026-03-02 04:35:00
1772426400000,84.38,84.38,84.35,84.35,11.562,2026-03-02 04:40:00
1772426700000,84.31,84.31,84.21,84.21,3.197,2026-03-02 04:45:00
1772427000000,84.19,84.19,84.19,84.19,0.02,2026-03-02 04:50:00
1772427300000,84.18,84.22,84.18,84.22,7.07,2026-03-02 04:55:00
1772427600000,84.35,84.35,84.25,84.28,0.292,2026-03-02 05:00:00
1772427900000,84.05,84.05,83.88,83.97,8.001,2026-03-02 05:05:00
1772428200000,83.97,83.97,83.97,83.97,0.0,2026-03-02 05:10:00
1772428500000,84.2,84.2,84.2,84.2,0.101,2026-03-02 05:15:00
1772428800000,84.2,84.2,84.2,84.2,0.0,2026-03-02 05:20:00
1772429100000,84.2,84.2,84.2,84.2,0.0,2026-03-02 05:25:00
1772429400000,84.3,84.36,84.3,84.36,8.834,2026-03-02 05:30:00
1772429700000,84.38,84.38,84.38,84.38,0.237,2026-03-02 05:35:00
1772430000000,84.3,84.68,84.3,84.68,18.158,2026-03-02 05:40:00
1772430300000,84.5,84.5,84.5,84.5,3.185,2026-03-02 05:45:00
1772430600000,84.48,84.48,84.48,84.48,0.101,2026-03-02 05:50:00
1772430900000,84.48,84.48,84.48,84.48,0.0,2026-03-02 05:55:00
1772431200000,84.11,84.11,83.96,83.99,0.398,2026-03-02 06:00:00
1772431500000,84.07,84.07,84.07,84.07,0.119,2026-03-02 06:05:00
1772431800000,83.96,83.96,83.96,83.96,0.119,2026-03-02 06:10:00
1772432100000,83.96,83.96,83.54,83.54,1.191,2026-03-02 06:15:00
1772432400000,83.31,83.31,82.93,82.93,30.588,2026-03-02 06:20:00
1772432700000,83.22,83.31,83.21,83.21,10.449,2026-03-02 06:25:00
1772433000000,83.36,83.56,83.31,83.56,21.427,2026-03-02 06:30:00
1772433300000,83.47,83.47,83.47,83.47,0.239,2026-03-02 06:35:00
1772433600000,83.3,83.3,83.3,83.3,0.209,2026-03-02 06:40:00
1772433900000,83.3,83.3,83.3,83.3,0.0,2026-03-02 06:45:00
1772434200000,83.15,83.15,83.15,83.15,0.097,2026-03-02 06:50:00
1772434500000,83.31,83.31,83.31,83.31,0.137,2026-03-02 06:55:00
1772434800000,83.25,83.32,83.07,83.07,13.837,2026-03-02 07:00:00
1772435100000,82.85,82.85,82.6,82.6,1.933,2026-03-02 07:05:00
1772435400000,82.48,82.75,82.48,82.75,6.046,2026-03-02 07:10:00
1772435700000,82.75,82.75,82.75,82.75,0.0,2026-03-02 07:15:00
1772436000000,82.41,82.76,82.41,82.76,3.761,2026-03-02 07:20:00
1772436300000,82.76,82.76,82.76,82.76,0.0,2026-03-02 07:25:00
1772436600000,82.76,82.76,82.76,82.76,0.0,2026-03-02 07:30:00
1772436900000,82.76,82.76,82.76,82.76,0.0,2026-03-02 07:35:00
1772437200000,82.76,82.76,82.76,82.76,0.0,2026-03-02 07:40:00
1772437500000,82.76,82.76,82.76,82.76,0.0,2026-03-02 07:45:00
1772437800000,83.12,83.12,83.06,83.06,0.644,2026-03-02 07:50:00
1772438100000,83.0,83.0,82.92,82.92,3.321,2026-03-02 07:55:00
1772438400000,82.88,82.88,82.74,82.81,3.742,2026-03-02 08:00:00
1772438700000,82.79,82.79,82.79,82.79,0.084,2026-03-02 08:05:00
1772439000000,82.79,83.06,82.47,83.06,60.243,2026-03-02 08:10:00
1772439300000,83.06,83.06,83.06,83.06,0.0,2026-03-02 08:15:00
1772439600000,82.9,82.91,82.66,82.66,61.487,2026-03-02 08:20:00
1772439900000,82.66,82.66,82.66,82.66,0.0,2026-03-02 08:25:00
1772440200000,82.66,82.66,82.66,82.66,0.0,2026-03-02 08:30:00
1772440500000,82.72,82.96,82.72,82.96,6.511,2026-03-02 08:35:00
1772440800000,82.96,82.96,82.96,82.96,0.0,2026-03-02 08:40:00
1772441100000,83.0,83.0,83.0,83.0,3.299,2026-03-02 08:45:00
1772441400000,83.27,83.35,83.27,83.35,3.356,2026-03-02 08:50:00
1772441700000,83.44,83.49,83.44,83.49,3.373,2026-03-02 08:55:00
1772442000000,83.42,83.69,83.42,83.44,3.527,2026-03-02 09:00:00
1772442300000,83.37,83.37,83.37,83.37,0.609,2026-03-02 09:05:00
1772442600000,83.72,83.77,83.72,83.77,1.055,2026-03-02 09:10:00
1772442900000,83.77,84.06,83.77,84.06,6.131,2026-03-02 09:15:00
1772443200000,83.8,84.12,83.8,83.9,9.471,2026-03-02 09:20:00
1772443500000,83.9,83.9,83.9,83.9,0.0,2026-03-02 09:25:00
1772443800000,83.9,83.9,83.9,83.9,0.0,2026-03-02 09:30:00
1772444100000,83.93,83.93,83.93,83.93,3.321,2026-03-02 09:35:00
1772444400000,83.93,83.93,83.93,83.93,0.0,2026-03-02 09:40:00
1772444700000,83.8,83.8,83.8,83.8,3.071,2026-03-02 09:45:00
1772445000000,83.8,83.8,83.8,83.8,0.0,2026-03-02 09:50:00
1772445300000,83.8,83.8,83.8,83.8,0.0,2026-03-02 09:55:00
1772445600000,83.8,83.8,83.8,83.8,0.0,2026-03-02 10:00:00
1772445900000,83.86,83.86,83.86,83.86,0.036,2026-03-02 10:05:00
1772446200000,83.43,83.43,83.43,83.43,3.224,2026-03-02 10:10:00
1772446500000,83.58,83.58,83.45,83.45,3.323,2026-03-02 10:15:00
1772446800000,83.49,83.5,83.49,83.5,3.203,2026-03-02 10:20:00
1772447100000,83.54,83.54,83.54,83.54,3.262,2026-03-02 10:25:00
1772447400000,83.54,83.54,83.54,83.54,0.0,2026-03-02 10:30:00
1772447700000,83.54,83.54,83.54,83.54,0.0,2026-03-02 10:35:00
1772448000000,83.78,83.78,83.75,83.75,35.765,2026-03-02 10:40:00
1772448300000,83.75,83.75,83.75,83.75,0.0,2026-03-02 10:45:00
1772448600000,83.75,83.75,83.75,83.75,0.0,2026-03-02 10:50:00
1772448900000,83.75,83.75,83.75,83.75,0.0,2026-03-02 10:55:00
1772449200000,83.87,83.87,83.73,83.8,11.775,2026-03-02 11:00:00
1772449500000,83.77,83.77,83.63,83.63,6.379,2026-03-02 11:05:00
1772449800000,83.63,83.63,83.63,83.63,0.0,2026-03-02 11:10:00
1772450100000,83.58,83.79,83.58,83.79,13.398,2026-03-02 11:15:00
1772450400000,84.1,84.1,83.76,83.98,13.207,2026-03-02 11:20:00
1772450700000,83.88,83.88,83.88,83.88,0.594,2026-03-02 11:25:00
1772451000000,83.88,83.88,83.88,83.88,0.0,2026-03-02 11:30:00
1772451300000,84.13,84.13,84.1,84.1,9.571,2026-03-02 11:35:00
1772451600000,84.1,84.1,84.06,84.06,1.78,2026-03-02 11:40:00
1772451900000,84.17,84.19,84.16,84.16,16.956,2026-03-02 11:45:00
1772452200000,84.16,84.16,84.16,84.16,0.0,2026-03-02 11:50:00
1772452500000,84.16,84.16,84.16,84.16,0.0,2026-03-02 11:55:00
1772452800000,84.16,84.16,84.16,84.16,0.0,2026-03-02 12:00:00
1772453100000,84.16,84.16,84.16,84.16,0.0,2026-03-02 12:05:00
1772453400000,84.16,84.16,84.16,84.16,0.0,2026-03-02 12:10:00
1772453700000,84.16,84.16,84.16,84.16,0.0,2026-03-02 12:15:00
1772454000000,83.88,83.88,83.72,83.72,7.933,2026-03-02 12:20:00
1772454300000,83.72,83.72,83.72,83.72,0.0,2026-03-02 12:25:00
1772454600000,83.87,83.87,83.87,83.87,0.357,2026-03-02 12:30:00
1772454900000,83.65,83.65,83.65,83.65,3.381,2026-03-02 12:35:00
1772455200000,83.67,83.73,83.67,83.73,20.349,2026-03-02 12:40:00
1772455500000,83.64,83.64,83.64,83.64,17.964,2026-03-02 12:45:00
1772455800000,83.84,83.84,83.84,83.84,23.533,2026-03-02 12:50:00
1772456100000,83.84,83.84,83.84,83.84,0.0,2026-03-02 12:55:00
1772456400000,83.57,83.57,83.57,83.57,3.223,2026-03-02 13:00:00
1772456700000,83.43,83.56,83.2,83.2,29.634,2026-03-02 13:05:00
1772457000000,83.33,83.33,83.3,83.3,3.402,2026-03-02 13:10:00
1772457300000,83.33,83.64,83.33,83.64,73.767,2026-03-02 13:15:00
1772457600000,83.64,83.64,83.64,83.64,0.0,2026-03-02 13:20:00
1772457900000,83.74,83.74,83.28,83.34,26.752,2026-03-02 13:25:00
1772458200000,83.33,83.33,83.25,83.25,18.48,2026-03-02 13:30:00
1772458500000,83.25,83.25,83.25,83.25,0.0,2026-03-02 13:35:00
1772458800000,83.34,83.34,83.26,83.26,3.204,2026-03-02 13:40:00
1772459100000,83.16,83.16,83.16,83.16,0.642,2026-03-02 13:45:00
1772459400000,83.06,83.06,83.06,83.06,2.082,2026-03-02 13:50:00
1772459700000,83.06,83.06,83.06,83.06,0.0,2026-03-02 13:55:00
1772460000000,83.09,83.09,82.85,82.85,19.862,2026-03-02 14:00:00
1772460300000,82.85,82.85,82.85,82.85,0.0,2026-03-02 14:05:00
1772460600000,83.25,83.25,83.25,83.25,0.064,2026-03-02 14:10:00
1772460900000,83.25,83.25,83.25,83.25,0.0,2026-03-02 14:15:00
1772461200000,83.11,83.13,83.11,83.13,1.187,2026-03-02 14:20:00
1772461500000,83.01,83.22,83.01,83.22,6.443,2026-03-02 14:25:00
1772461800000,83.22,84.49,83.22,84.49,30.285,2026-03-02 14:30:00
1772462100000,84.42,84.42,83.79,84.16,13.385,2026-03-02 14:35:00
1772462400000,84.28,84.82,84.28,84.75,6.311,2026-03-02 14:40:00
1772462700000,84.83,85.55,84.83,85.48,22.871,2026-03-02 14:45:00
1772463000000,85.45,85.89,85.45,85.6,100.142,2026-03-02 14:50:00
1772463300000,85.38,85.51,85.38,85.51,19.399,2026-03-02 14:55:00
1772463600000,85.53,86.3,85.53,86.22,8.508,2026-03-02 15:00:00
1772463900000,86.44,87.06,86.32,87.0,136.758,2026-03-02 15:05:00
1772464200000,87.17,87.95,87.16,87.95,49.67,2026-03-02 15:10:00
1772464500000,88.0,88.29,87.51,87.51,25.74,2026-03-02 15:15:00
1772464800000,88.05,88.05,88.05,88.05,0.036,2026-03-02 15:20:00
1772465100000,87.74,87.74,87.55,87.55,27.527,2026-03-02 15:25:00
1772465400000,87.68,87.92,87.68,87.92,4.412,2026-03-02 15:30:00
1772465700000,87.75,88.54,87.75,88.54,25.104,2026-03-02 15:35:00
1772466000000,88.58,88.7,88.35,88.69,14.2,2026-03-02 15:40:00
1772466300000,88.89,88.93,88.49,88.49,12.652,2026-03-02 15:45:00
1772466600000,88.76,88.76,87.95,88.06,6.959,2026-03-02 15:50:00
1772466900000,88.0,88.58,88.0,88.58,45.804,2026-03-02 15:55:00
1772467200000,88.89,89.28,88.86,88.99,51.642,2026-03-02 16:00:00
1772467500000,89.29,89.97,89.29,89.97,65.466,2026-03-02 16:05:00
1772467800000,89.68,89.68,89.68,89.68,0.129,2026-03-02 16:10:00
1772468100000,89.51,89.51,89.28,89.28,4.845,2026-03-02 16:15:00
1772468400000,89.48,90.0,89.39,89.79,42.344,2026-03-02 16:20:00
1772468700000,89.82,89.82,89.27,89.27,15.69,2026-03-02 16:25:00
1772469000000,89.5,89.5,88.8,88.8,21.411,2026-03-02 16:30:00
1772469300000,88.68,88.68,88.68,88.68,3.142,2026-03-02 16:35:00
1772469600000,88.83,90.0,88.83,90.0,194.858,2026-03-02 16:40:00
1772469900000,89.82,90.28,89.82,89.86,147.231,2026-03-02 16:45:00
1772470200000,89.39,89.51,89.39,89.49,6.261,2026-03-02 16:50:00
1772470500000,89.24,89.24,88.89,88.92,5.132,2026-03-02 16:55:00
1772470800000,88.92,88.92,88.92,88.92,0.0,2026-03-02 17:00:00
1772471100000,88.65,88.65,88.65,88.65,0.056,2026-03-02 17:05:00
1772471400000,88.65,88.65,88.3,88.39,6.227,2026-03-02 17:10:00
1772471700000,88.57,88.57,88.03,88.07,17.821,2026-03-02 17:15:00
1772472000000,88.25,88.26,88.25,88.26,1.978,2026-03-02 17:20:00
1772472300000,87.88,87.92,87.7,87.92,5.055,2026-03-02 17:25:00
1772472600000,87.78,87.78,87.78,87.78,0.227,2026-03-02 17:30:00
1772472900000,87.82,87.82,87.4,87.4,12.989,2026-03-02 17:35:00
1772473200000,87.39,87.4,86.59,86.6,20.513,2026-03-02 17:40:00
1772473500000,86.65,86.98,86.5,86.98,16.679,2026-03-02 17:45:00
1772473800000,87.11,87.48,87.11,87.48,15.233,2026-03-02 17:50:00
1772474100000,87.48,87.48,87.48,87.48,0.0,2026-03-02 17:55:00
1772474400000,87.25,87.26,86.78,86.92,10.447,2026-03-02 18:00:00
1772474700000,87.19,87.37,87.16,87.37,1.47,2026-03-02 18:05:00
1772475000000,87.52,87.52,87.52,87.52,0.098,2026-03-02 18:10:00
1772475300000,87.34,87.34,87.34,87.34,0.228,2026-03-02 18:15:00
1772475600000,87.4,87.4,87.4,87.4,0.098,2026-03-02 18:20:00
1772475900000,87.59,87.59,87.59,87.59,5.737,2026-03-02 18:25:00
1772476200000,87.35,87.84,87.35,87.65,19.737,2026-03-02 18:30:00
1772476500000,87.55,87.55,87.55,87.55,0.098,2026-03-02 18:35:00
1772476800000,87.33,87.58,87.33,87.58,0.498,2026-03-02 18:40:00
1772477100000,87.58,87.58,87.58,87.58,0.0,2026-03-02 18:45:00
1772477400000,87.56,87.56,87.52,87.52,7.202,2026-03-02 18:50:00
1772477700000,87.27,87.27,87.23,87.23,6.293,2026-03-02 18:55:00
1772478000000,87.27,87.36,87.16,87.32,24.001,2026-03-02 19:00:00
1772478300000,87.44,87.44,86.77,87.14,28.836,2026-03-02 19:05:00
1772478600000,87.08,87.14,87.08,87.14,3.316,2026-03-02 19:10:00
1772478900000,87.22,87.42,87.22,87.42,4.402,2026-03-02 19:15:00
1772479200000,87.42,87.42,87.42,87.42,0.0,2026-03-02 19:20:00
1772479500000,87.42,87.42,87.42,87.42,0.0,2026-03-02 19:25:00
1772479800000,87.24,87.5,87.24,87.5,8.244,2026-03-02 19:30:00
1772480100000,87.5,87.5,87.5,87.5,0.0,2026-03-02 19:35:00
1772480400000,87.41,87.41,87.29,87.29,22.206,2026-03-02 19:40:00
1772480700000,87.46,87.46,87.46,87.46,1.739,2026-03-02 19:45:00
1772481000000,87.62,87.62,87.62,87.62,10.224,2026-03-02 19:50:00
1772481300000,87.62,87.62,87.62,87.62,0.0,2026-03-02 19:55:00
1772481600000,87.66,88.05,87.66,88.02,1.851,2026-03-02 20:00:00
1772481900000,88.04,88.04,87.39,87.44,3.129,2026-03-02 20:05:00
1772482200000,87.28,87.35,86.97,87.35,7.099,2026-03-02 20:10:00
1772482500000,87.17,87.48,87.17,87.48,0.649,2026-03-02 20:15:00
1772482800000,87.54,87.54,87.45,87.49,9.736,2026-03-02 20:20:00
1772483100000,87.4,87.54,87.4,87.54,0.282,2026-03-02 20:25:00
1772483400000,87.52,87.52,87.5,87.5,2.438,2026-03-02 20:30:00
1772483700000,87.56,87.56,87.52,87.52,0.151,2026-03-02 20:35:00
1772484000000,87.7,87.7,87.7,87.7,2.277,2026-03-02 20:40:00
1772484300000,87.95,87.95,87.95,87.95,3.096,2026-03-02 20:45:00
1772484600000,88.03,88.03,88.03,88.03,0.106,2026-03-02 20:50:00
1772484900000,87.67,87.67,87.67,87.67,3.121,2026-03-02 20:55:00
1772485200000,87.54,87.54,87.43,87.47,3.483,2026-03-02 21:00:00
1772485500000,87.5,87.5,87.5,87.5,0.57,2026-03-02 21:05:00
1772485800000,87.43,87.5,87.43,87.5,3.369,2026-03-02 21:10:00
1772486100000,87.5,87.5,87.5,87.5,0.0,2026-03-02 21:15:00
1772486400000,87.5,87.5,87.5,87.5,0.0,2026-03-02 21:20:00
1772486700000,87.5,87.5,87.5,87.5,0.0,2026-03-02 21:25:00
1772487000000,87.62,87.62,87.48,87.57,6.162,2026-03-02 21:30:00
1772487300000,87.61,87.65,87.57,87.57,9.571,2026-03-02 21:35:00
1772487600000,87.62,87.62,87.61,87.62,3.309,2026-03-02 21:40:00
1772487900000,87.65,87.71,87.56,87.67,15.715,2026-03-02 21:45:00
1772488200000,87.55,87.55,87.55,87.55,0.094,2026-03-02 21:50:00
1772488500000,87.56,87.56,87.52,87.52,0.649,2026-03-02 21:55:00
1772488800000,87.63,87.66,87.63,87.65,6.595,2026-03-02 22:00:00
1772489100000,87.73,87.8,87.72,87.72,66.536,2026-03-02 22:05:00
1772489400000,87.88,87.88,87.74,87.74,0.575,2026-03-02 22:10:00
1772489700000,87.47,87.55,87.31,87.54,9.586,2026-03-02 22:15:00
1772490000000,87.54,87.79,87.54,87.79,0.41,2026-03-02 22:20:00
1772490300000,87.86,87.96,87.86,87.96,0.23,2026-03-02 22:25:00
1772490600000,88.0,88.0,88.0,88.0,11.341,2026-03-02 22:30:00
1772490900000,88.09,88.23,88.01,88.01,11.276,2026-03-02 22:35:00
1772491200000,88.01,88.02,88.01,88.02,3.13,2026-03-02 22:40:00
1772491500000,88.1,88.18,88.01,88.03,34.161,2026-03-02 22:45:00
1772491800000,88.07,88.07,87.91,87.91,18.966,2026-03-02 22:50:00
1772492100000,87.97,87.99,87.93,87.94,9.778,2026-03-02 22:55:00
1772492400000,87.87,87.88,87.62,87.62,3.294,2026-03-02 23:00:00
1772492700000,87.69,87.83,87.63,87.83,10.236,2026-03-02 23:05:00
1772493000000,87.83,87.83,87.46,87.46,23.654,2026-03-02 23:10:00
1772493300000,87.46,87.46,87.46,87.46,0.0,2026-03-02 23:15:00
1772493600000,87.33,87.33,87.12,87.12,9.527,2026-03-02 23:20:00
1772493900000,86.85,86.85,86.85,86.85,3.091,2026-03-02 23:25:00
1772494200000,86.72,86.83,86.71,86.83,14.023,2026-03-02 23:30:00
1772494500000,86.8,86.97,86.57,86.57,15.337,2026-03-02 23:35:00
1772494800000,86.5,86.62,86.39,86.45,35.032,2026-03-02 23:40:00
1772495100000,86.5,86.78,86.5,86.75,75.17,2026-03-02 23:45:00
1772495400000,86.7,86.7,86.7,86.7,0.115,2026-03-02 23:50:00
1772495700000,86.71,86.71,86.71,86.71,0.288,2026-03-02 23:55:00
1772496000000,86.63,86.73,86.63,86.72,47.281,2026-03-03 00:00:00
1772496300000,86.75,86.92,86.75,86.92,23.937,2026-03-03 00:05:00
1772496600000,86.8,86.8,86.28,86.37,30.304,2026-03-03 00:10:00
1772496900000,86.59,86.59,86.14,86.14,30.218,2026-03-03 00:15:00
1772497200000,86.22,86.27,86.17,86.17,33.81,2026-03-03 00:20:00
1772497500000,86.29,86.35,86.29,86.34,6.598,2026-03-03 00:25:00
1772497800000,86.44,86.87,86.29,86.87,24.242,2026-03-03 00:30:00
1772498100000,87.01,87.17,87.01,87.06,26.232,2026-03-03 00:35:00
1772498400000,87.15,87.31,87.15,87.31,13.084,2026-03-03 00:40:00
1772498700000,86.92,86.92,86.92,86.92,0.346,2026-03-03 00:45:00
1772499000000,86.92,86.92,86.92,86.92,0.0,2026-03-03 00:50:00
1772499300000,86.92,86.92,86.92,86.92,0.0,2026-03-03 00:55:00
1772499600000,86.8,86.8,86.8,86.8,0.057,2026-03-03 01:00:00
1772499900000,87.02,87.02,87.02,87.02,3.12,2026-03-03 01:05:00
1772500200000,87.02,87.02,87.02,87.02,0.0,2026-03-03 01:10:00
1772500500000,86.56,86.56,86.56,86.56,0.173,2026-03-03 01:15:00
1772500800000,86.81,86.81,86.81,86.81,2.94,2026-03-03 01:20:00
1772501100000,86.79,86.79,86.68,86.68,3.126,2026-03-03 01:25:00
1772501400000,86.8,86.8,86.8,86.8,3.102,2026-03-03 01:30:00
1772501700000,86.69,86.69,86.69,86.69,3.143,2026-03-03 01:35:00
1772502000000,86.61,86.61,86.59,86.59,39.113,2026-03-03 01:40:00
1772502300000,86.62,86.68,86.62,86.68,13.256,2026-03-03 01:45:00
1772502600000,86.6,86.6,86.59,86.59,2.242,2026-03-03 01:50:00
1772502900000,86.42,86.42,86.25,86.25,37.924,2026-03-03 01:55:00
1772503200000,86.11,86.11,85.56,85.69,36.176,2026-03-03 02:00:00
1772503500000,85.62,85.71,85.61,85.67,4.498,2026-03-03 02:05:00
1772503800000,85.72,85.72,85.71,85.71,3.835,2026-03-03 02:10:00
1772504100000,85.49,85.49,85.41,85.49,16.868,2026-03-03 02:15:00
1772504400000,85.37,85.56,85.3,85.56,21.927,2026-03-03 02:20:00
1772504700000,85.91,85.91,85.91,85.91,3.205,2026-03-03 02:25:00
1772505000000,85.89,86.12,85.89,86.12,3.224,2026-03-03 02:30:00
1772505300000,85.76,85.76,85.76,85.76,3.241,2026-03-03 02:35:00
1772505600000,85.76,85.76,85.76,85.76,0.0,2026-03-03 02:40:00
1772505900000,86.19,86.3,86.17,86.3,1.184,2026-03-03 02:45:00
1772506200000,86.3,86.3,86.3,86.3,0.0,2026-03-03 02:50:00
1772506500000,86.15,86.15,86.15,86.15,0.379,2026-03-03 02:55:00
1772506800000,86.28,86.28,86.19,86.19,1.572,2026-03-03 03:00:00
1772507100000,86.19,86.19,86.19,86.19,0.0,2026-03-03 03:05:00
1772507400000,86.27,86.27,86.27,86.27,0.289,2026-03-03 03:10:00
1772507700000,86.25,86.34,86.06,86.06,3.494,2026-03-03 03:15:00
1772508000000,85.98,86.02,85.98,86.02,6.435,2026-03-03 03:20:00
1772508300000,86.04,86.04,86.04,86.04,1.801,2026-03-03 03:25:00
1772508600000,86.39,86.43,86.39,86.43,3.301,2026-03-03 03:30:00
1772508900000,86.59,86.59,86.59,86.59,2.082,2026-03-03 03:35:00
1772509200000,86.62,86.62,86.59,86.59,0.5,2026-03-03 03:40:00
1772509500000,86.59,86.59,86.59,86.59,0.0,2026-03-03 03:45:00
1772509800000,86.59,86.59,86.59,86.59,0.0,2026-03-03 03:50:00
1772510100000,86.59,86.59,86.59,86.59,0.0,2026-03-03 03:55:00
1772510400000,86.4,86.4,86.36,86.36,6.174,2026-03-03 04:00:00
1772510700000,86.19,86.19,86.18,86.18,22.104,2026-03-03 04:05:00
1772511000000,86.18,86.18,86.18,86.18,0.0,2026-03-03 04:10:00
1772511300000,86.18,86.18,86.18,86.18,0.0,2026-03-03 04:15:00
1772511600000,86.38,86.38,86.38,86.38,0.106,2026-03-03 04:20:00
1772511900000,86.38,86.38,86.38,86.38,0.0,2026-03-03 04:25:00
1772512200000,86.27,86.27,86.27,86.27,3.136,2026-03-03 04:30:00
1772512500000,86.27,86.27,86.27,86.27,0.0,2026-03-03 04:35:00
1772512800000,85.97,85.97,85.97,85.97,3.215,2026-03-03 04:40:00
1772513100000,85.82,85.82,85.71,85.71,5.398,2026-03-03 04:45:00
1772513400000,85.71,85.71,85.71,85.71,0.0,2026-03-03 04:50:00
1772513700000,85.71,85.71,85.71,85.71,0.0,2026-03-03 04:55:00
1772514000000,85.71,85.71,85.71,85.71,0.0,2026-03-03 05:00:00
1772514300000,85.78,85.99,85.66,85.99,13.695,2026-03-03 05:05:00
1772514600000,86.23,86.23,86.23,86.23,11.331,2026-03-03 05:10:00
1772514900000,86.42,86.75,86.42,86.75,18.302,2026-03-03 05:15:00
1772515200000,86.53,86.53,86.53,86.53,3.164,2026-03-03 05:20:00
1772515500000,86.53,86.53,86.53,86.53,0.0,2026-03-03 05:25:00
1772515800000,86.35,86.35,86.18,86.18,6.711,2026-03-03 05:30:00
1772516100000,85.98,85.98,85.98,85.98,0.174,2026-03-03 05:35:00
1772516400000,85.98,85.98,85.98,85.98,0.0,2026-03-03 05:40:00
1772516700000,85.8,85.8,85.71,85.71,57.136,2026-03-03 05:45:00
1772517000000,85.71,85.71,85.71,85.71,0.0,2026-03-03 05:50:00
1772517300000,85.61,85.83,85.61,85.83,4.091,2026-03-03 05:55:00
1772517600000,85.83,85.83,85.83,85.83,0.0,2026-03-03 06:00:00
1772517900000,85.83,85.83,85.83,85.83,0.0,2026-03-03 06:05:00
1772518200000,85.83,85.83,85.83,85.83,0.0,2026-03-03 06:10:00
1772518500000,85.63,85.68,85.57,85.68,52.933,2026-03-03 06:15:00
1772518800000,85.68,85.68,85.68,85.68,0.0,2026-03-03 06:20:00
1772519100000,85.74,85.74,85.74,85.74,3.202,2026-03-03 06:25:00
1772519400000,85.74,85.74,85.74,85.74,0.0,2026-03-03 06:30:00
1772519700000,85.51,85.63,85.41,85.41,6.838,2026-03-03 06:35:00
1772520000000,85.41,85.41,85.41,85.41,0.0,2026-03-03 06:40:00
1772520300000,85.53,85.54,85.5,85.5,9.516,2026-03-03 06:45:00
1772520600000,85.67,85.68,85.58,85.68,9.614,2026-03-03 06:50:00
1772520900000,85.91,85.91,85.91,85.91,3.148,2026-03-03 06:55:00
1772521200000,85.86,85.86,85.86,85.86,0.349,2026-03-03 07:00:00
1772521500000,85.93,85.93,85.88,85.88,1.782,2026-03-03 07:05:00
1772521800000,85.87,86.08,85.87,86.08,22.441,2026-03-03 07:10:00
1772522100000,86.08,86.08,86.08,86.08,0.0,2026-03-03 07:15:00
1772522400000,86.08,86.08,86.08,86.08,0.0,2026-03-03 07:20:00
1772522700000,86.01,86.04,85.9,85.9,16.317,2026-03-03 07:25:00
1772523000000,85.91,85.91,85.72,85.72,14.316,2026-03-03 07:30:00
1772523300000,85.82,85.82,85.58,85.58,21.286,2026-03-03 07:35:00
1772523600000,85.58,85.58,85.58,85.58,0.0,2026-03-03 07:40:00
1772523900000,85.73,85.73,85.73,85.73,0.582,2026-03-03 07:45:00
1772524200000,85.73,85.73,85.73,85.73,0.0,2026-03-03 07:50:00
1772524500000,85.73,85.73,85.73,85.73,0.0,2026-03-03 07:55:00
1772524800000,85.58,85.58,85.51,85.51,0.622,2026-03-03 08:00:00
1772525100000,85.58,85.63,85.58,85.63,5.996,2026-03-03 08:05:00
1772525400000,85.41,85.41,85.18,85.18,18.17,2026-03-03 08:10:00
1772525700000,85.18,85.26,85.04,85.26,5.333,2026-03-03 08:15:00
1772526000000,85.0,85.0,84.96,84.96,31.477,2026-03-03 08:20:00
1772526300000,84.91,84.91,84.89,84.89,0.644,2026-03-03 08:25:00
1772526600000,84.91,84.91,84.76,84.81,26.609,2026-03-03 08:30:00
1772526900000,84.64,84.64,84.54,84.54,7.212,2026-03-03 08:35:00
1772527200000,84.51,84.51,84.41,84.41,7.815,2026-03-03 08:40:00
1772527500000,84.35,84.35,84.11,84.11,14.102,2026-03-03 08:45:00
1772527800000,84.18,84.18,84.11,84.11,3.771,2026-03-03 08:50:00
1772528100000,84.09,84.25,83.92,84.25,43.321,2026-03-03 08:55:00
1772528400000,84.41,84.41,84.33,84.41,12.013,2026-03-03 09:00:00
1772528700000,84.54,84.98,84.54,84.98,12.279,2026-03-03 09:05:00
1772529000000,84.98,84.98,84.98,84.98,0.0,2026-03-03 09:10:00
1772529300000,84.98,84.98,84.98,84.98,0.0,2026-03-03 09:15:00
1772529600000,84.73,84.73,84.69,84.69,29.336,2026-03-03 09:20:00
1772529900000,84.47,84.47,84.47,84.47,3.055,2026-03-03 09:25:00
1772530200000,84.16,84.36,84.06,84.36,8.963,2026-03-03 09:30:00
1772530500000,84.46,84.71,84.46,84.63,12.885,2026-03-03 09:35:00
1772530800000,84.49,84.49,84.49,84.49,3.188,2026-03-03 09:40:00
1772531100000,84.27,84.31,84.27,84.31,6.311,2026-03-03 09:45:00
1772531400000,84.38,84.38,84.27,84.27,0.257,2026-03-03 09:50:00
1772531700000,84.27,84.27,84.27,84.27,0.0,2026-03-03 09:55:00
1772532000000,84.27,84.27,84.27,84.27,0.0,2026-03-03 10:00:00
1772532300000,83.94,83.94,83.85,83.85,5.632,2026-03-03 10:05:00
1772532600000,83.72,83.72,83.71,83.71,0.173,2026-03-03 10:10:00
1772532900000,83.71,83.71,83.71,83.71,0.0,2026-03-03 10:15:00
1772533200000,83.71,83.71,83.71,83.71,0.0,2026-03-03 10:20:00
1772533500000,84.03,84.03,84.03,84.03,0.354,2026-03-03 10:25:00
1772533800000,84.03,84.03,84.03,84.03,0.0,2026-03-03 10:30:00
1772534100000,84.03,84.03,84.03,84.03,0.0,2026-03-03 10:35:00
1772534400000,84.03,84.03,84.03,84.03,0.0,2026-03-03 10:40:00
1772534700000,84.45,84.5,84.38,84.5,9.597,2026-03-03 10:45:00
1772535000000,84.18,84.18,84.1,84.1,6.44,2026-03-03 10:50:00
1772535300000,83.92,83.93,83.75,83.93,12.637,2026-03-03 10:55:00
1772535600000,84.14,84.14,84.14,84.14,3.292,2026-03-03 11:00:00
1772535900000,84.14,84.14,84.14,84.14,0.0,2026-03-03 11:05:00
1772536200000,84.24,84.24,84.15,84.15,7.74,2026-03-03 11:10:00
1772536500000,84.15,84.15,84.15,84.15,0.0,2026-03-03 11:15:00
1772536800000,84.15,84.15,84.15,84.15,0.0,2026-03-03 11:20:00
1772537100000,84.31,84.31,84.1,84.1,7.717,2026-03-03 11:25:00
1772537400000,84.1,84.1,84.01,84.02,9.593,2026-03-03 11:30:00
1772537700000,84.0,84.0,83.88,83.92,15.901,2026-03-03 11:35:00
1772538000000,83.92,83.92,83.92,83.92,0.0,2026-03-03 11:40:00
1772538300000,84.25,84.25,84.25,84.25,3.125,2026-03-03 11:45:00
1772538600000,84.25,84.25,84.25,84.25,0.0,2026-03-03 11:50:00
1772538900000,84.25,84.25,84.25,84.25,0.0,2026-03-03 11:55:00
1772539200000,84.24,84.58,84.24,84.58,3.376,2026-03-03 12:00:00
1772539500000,84.54,84.82,84.54,84.76,9.579,2026-03-03 12:05:00
1772539800000,84.76,85.16,84.59,84.99,37.49,2026-03-03 12:10:00
1772540100000,84.99,84.99,84.99,84.99,0.0,2026-03-03 12:15:00
1772540400000,84.87,84.87,84.87,84.87,0.47,2026-03-03 12:20:00
1772540700000,84.87,84.87,84.87,84.87,0.0,2026-03-03 12:25:00
1772541000000,84.79,84.79,84.58,84.58,6.219,2026-03-03 12:30:00
1772541300000,84.54,84.54,84.27,84.27,8.855,2026-03-03 12:35:00
1772541600000,84.27,84.27,84.27,84.27,0.0,2026-03-03 12:40:00
1772541900000,84.31,84.31,84.18,84.3,18.699,2026-03-03 12:45:00
1772542200000,84.31,84.31,84.31,84.31,7.768,2026-03-03 12:50:00
1772542500000,84.31,84.31,84.31,84.31,0.0,2026-03-03 12:55:00
1772542800000,84.04,84.04,84.0,84.0,3.892,2026-03-03 13:00:00
1772543100000,83.94,84.13,83.94,84.07,10.205,2026-03-03 13:05:00
1772543400000,83.98,83.98,83.83,83.83,3.822,2026-03-03 13:10:00
1772543700000,83.84,83.97,83.84,83.97,6.274,2026-03-03 13:15:00
1772544000000,84.08,84.08,84.07,84.07,21.241,2026-03-03 13:20:00
1772544300000,84.0,84.0,84.0,84.0,14.817,2026-03-03 13:25:00
1772544600000,83.72,83.89,83.58,83.89,10.51,2026-03-03 13:30:00
1772544900000,83.76,83.78,83.76,83.78,11.905,2026-03-03 13:35:00
1772545200000,83.78,83.78,83.78,83.78,0.0,2026-03-03 13:40:00
1772545500000,83.29,83.31,83.25,83.25,6.676,2026-03-03 13:45:00
1772545800000,83.48,83.49,83.42,83.42,10.223,2026-03-03 13:50:00
1772546100000,83.64,83.64,83.64,83.64,7.385,2026-03-03 13:55:00
1772546400000,83.44,83.8,83.44,83.8,18.949,2026-03-03 14:00:00
1772546700000,83.8,83.8,83.8,83.8,0.0,2026-03-03 14:05:00
1772547000000,83.8,83.9,83.77,83.9,2.717,2026-03-03 14:10:00
1772547300000,83.97,83.97,83.97,83.97,1.689,2026-03-03 14:15:00
1772547600000,84.24,84.24,84.14,84.16,15.479,2026-03-03 14:20:00
1772547900000,84.0,84.02,83.83,83.83,11.865,2026-03-03 14:25:00
1772548200000,83.75,84.37,83.39,83.54,82.027,2026-03-03 14:30:00
1772548500000,83.54,83.86,83.26,83.86,22.651,2026-03-03 14:35:00
1772548800000,83.66,83.75,82.97,82.97,43.838,2026-03-03 14:40:00
1772549100000,82.94,83.28,82.53,82.75,49.61,2026-03-03 14:45:00
1772549400000,82.81,83.61,82.81,83.52,35.442,2026-03-03 14:50:00
1772549700000,83.67,83.72,83.3,83.3,26.642,2026-03-03 14:55:00
1772550000000,83.24,83.42,83.2,83.32,43.424,2026-03-03 15:00:00
1772550300000,83.29,83.54,83.17,83.38,28.892,2026-03-03 15:05:00
1772550600000,83.21,83.46,83.21,83.46,9.75,2026-03-03 15:10:00
1772550900000,83.77,83.82,83.51,83.51,30.178,2026-03-03 15:15:00
1772551200000,83.32,83.55,83.32,83.55,6.352,2026-03-03 15:20:00
1772551500000,83.49,83.66,83.49,83.55,15.986,2026-03-03 15:25:00
1772551800000,83.52,84.12,83.52,84.07,49.205,2026-03-03 15:30:00
1772552100000,84.21,84.83,84.21,84.83,20.46,2026-03-03 15:35:00
1772552400000,84.84,85.11,84.47,84.47,30.939,2026-03-03 15:40:00
1772552700000,84.65,85.03,84.65,84.84,92.913,2026-03-03 15:45:00
1772553000000,85.03,85.03,85.03,85.03,3.266,2026-03-03 15:50:00
1772553300000,84.86,84.86,84.86,84.86,3.103,2026-03-03 15:55:00
1772553600000,85.14,85.41,84.95,85.41,31.486,2026-03-03 16:00:00
1772553900000,85.44,86.3,85.42,86.3,38.417,2026-03-03 16:05:00
1772554200000,86.36,86.36,86.01,86.01,1.081,2026-03-03 16:10:00
1772554500000,86.45,86.59,86.08,86.08,19.381,2026-03-03 16:15:00
1772554800000,86.4,87.17,86.4,87.17,35.389,2026-03-03 16:20:00
1772555100000,87.25,87.33,86.89,86.91,9.603,2026-03-03 16:25:00
1772555400000,86.91,86.91,85.71,85.83,18.059,2026-03-03 16:30:00
1772555700000,85.85,85.85,84.82,85.01,82.465,2026-03-03 16:35:00
1772556000000,84.95,85.03,84.41,84.41,26.501,2026-03-03 16:40:00
1772556300000,85.18,85.44,85.11,85.44,48.628,2026-03-03 16:45:00
1772556600000,85.37,85.68,85.37,85.68,6.932,2026-03-03 16:50:00
1772556900000,85.66,85.79,85.49,85.49,38.701,2026-03-03 16:55:00
1772557200000,84.86,84.86,84.72,84.77,8.596,2026-03-03 17:00:00
1772557500000,84.92,84.96,84.63,84.63,15.923,2026-03-03 17:05:00
1772557800000,84.58,84.58,84.24,84.48,27.922,2026-03-03 17:10:00
1772558100000,84.59,84.59,84.58,84.58,3.055,2026-03-03 17:15:00
1772558400000,84.49,84.67,84.48,84.67,8.183,2026-03-03 17:20:00
1772558700000,85.05,85.05,84.89,84.93,6.876,2026-03-03 17:25:00
1772559000000,84.68,84.68,84.35,84.35,9.772,2026-03-03 17:30:00
1772559300000,84.44,84.58,84.44,84.58,6.175,2026-03-03 17:35:00
1772559600000,84.77,84.77,84.77,84.77,3.211,2026-03-03 17:40:00
1772559900000,85.19,85.19,85.19,85.19,3.093,2026-03-03 17:45:00
1772560200000,85.19,85.28,85.19,85.19,10.708,2026-03-03 17:50:00
1772560500000,85.16,85.21,85.16,85.21,6.239,2026-03-03 17:55:00
1772560800000,85.25,85.41,85.14,85.14,63.536,2026-03-03 18:00:00
1772561100000,85.18,85.27,85.18,85.27,4.339,2026-03-03 18:05:00
1772561400000,84.6,84.6,84.6,84.6,1.414,2026-03-03 18:10:00
1772561700000,84.77,84.77,84.77,84.77,7.673,2026-03-03 18:15:00
1772562000000,85.19,85.54,85.19,85.54,31.885,2026-03-03 18:20:00
1772562300000,85.4,85.71,85.4,85.54,12.957,2026-03-03 18:25:00
1772562600000,85.73,85.84,85.73,85.84,16.991,2026-03-03 18:30:00
1772562900000,85.88,85.9,85.69,85.69,13.708,2026-03-03 18:35:00
1772563200000,85.69,85.69,85.69,85.69,0.0,2026-03-03 18:40:00
1772563500000,85.69,85.69,85.69,85.69,0.0,2026-03-03 18:45:00
1772563800000,85.69,85.69,85.69,85.69,0.0,2026-03-03 18:50:00
1772564100000,85.25,85.42,85.25,85.42,22.124,2026-03-03 18:55:00
1772564400000,85.26,85.26,85.26,85.26,11.932,2026-03-03 19:00:00
1772564700000,85.27,85.27,84.81,84.81,13.836,2026-03-03 19:05:00
1772565000000,84.89,84.89,84.89,84.89,0.235,2026-03-03 19:10:00
1772565300000,84.89,84.89,84.89,84.89,0.0,2026-03-03 19:15:00
1772565600000,85.19,85.33,85.19,85.33,12.624,2026-03-03 19:20:00
1772565900000,85.42,85.58,85.2,85.22,28.704,2026-03-03 19:25:00
1772566200000,85.21,85.21,85.07,85.07,7.034,2026-03-03 19:30:00
1772566500000,84.89,85.71,84.82,85.52,33.534,2026-03-03 19:35:00
1772566800000,85.48,85.48,85.27,85.4,12.543,2026-03-03 19:40:00
1772567100000,85.5,85.5,85.44,85.44,6.068,2026-03-03 19:45:00
1772567400000,85.44,85.44,85.44,85.44,0.0,2026-03-03 19:50:00
1772567700000,85.13,85.13,85.12,85.12,157.094,2026-03-03 19:55:00
1772568000000,85.14,85.19,85.14,85.19,12.904,2026-03-03 20:00:00
1772568300000,84.98,85.15,84.95,84.95,14.267,2026-03-03 20:05:00
1772568600000,84.82,84.82,84.82,84.82,2.082,2026-03-03 20:10:00
1772568900000,84.8,84.86,84.8,84.86,60.23,2026-03-03 20:15:00
1772569200000,85.02,85.02,85.0,85.0,25.533,2026-03-03 20:20:00
1772569500000,85.03,85.03,85.03,85.03,14.866,2026-03-03 20:25:00
1772569800000,85.0,85.0,84.91,84.91,15.035,2026-03-03 20:30:00
1772570100000,85.06,85.28,85.04,85.04,16.203,2026-03-03 20:35:00
1772570400000,85.11,85.15,85.11,85.15,71.874,2026-03-03 20:40:00
1772570700000,85.1,85.1,85.02,85.02,1.416,2026-03-03 20:45:00
1772571000000,85.02,85.02,85.02,85.02,0.0,2026-03-03 20:50:00
1772571300000,84.99,84.99,84.87,84.87,131.038,2026-03-03 20:55:00
1772571600000,84.65,84.65,84.58,84.58,3.264,2026-03-03 21:00:00
1772571900000,84.46,84.51,84.38,84.51,10.883,2026-03-03 21:05:00
1772572200000,84.58,84.58,84.58,84.58,0.118,2026-03-03 21:10:00
1772572500000,84.58,84.58,84.58,84.58,0.0,2026-03-03 21:15:00
1772572800000,84.58,84.58,84.58,84.58,0.0,2026-03-03 21:20:00
1772573100000,84.27,84.37,84.27,84.37,5.518,2026-03-03 21:25:00
1772573400000,84.39,84.48,84.39,84.48,3.244,2026-03-03 21:30:00
1772573700000,84.48,84.48,84.48,84.48,0.0,2026-03-03 21:35:00
1772574000000,84.72,84.72,84.72,84.72,1.18,2026-03-03 21:40:00
1772574300000,84.76,84.96,84.75,84.96,5.159,2026-03-03 21:45:00
1772574600000,84.96,84.96,84.96,84.96,0.0,2026-03-03 21:50:00
1772574900000,84.96,84.96,84.96,84.96,0.0,2026-03-03 21:55:00
1772575200000,85.16,85.84,85.16,85.69,29.401,2026-03-03 22:00:00
1772575500000,85.51,85.51,85.51,85.51,4.373,2026-03-03 22:05:00
1772575800000,85.51,85.51,85.51,85.51,0.0,2026-03-03 22:10:00
1772576100000,85.69,85.71,85.69,85.71,3.489,2026-03-03 22:15:00
1772576400000,85.74,86.17,85.74,86.17,9.901,2026-03-03 22:20:00
1772576700000,86.01,86.01,85.98,85.98,4.593,2026-03-03 22:25:00
1772577000000,85.93,86.01,85.93,86.01,3.271,2026-03-03 22:30:00
1772577300000,86.17,86.59,86.17,86.59,19.0,2026-03-03 22:35:00
1772577600000,86.59,86.59,86.59,86.59,0.0,2026-03-03 22:40:00
1772577900000,86.25,86.25,86.25,86.25,3.069,2026-03-03 22:45:00
1772578200000,86.25,86.25,86.25,86.25,0.0,2026-03-03 22:50:00
1772578500000,86.27,86.27,86.24,86.24,3.226,2026-03-03 22:55:00
1772578800000,86.72,86.72,86.72,86.72,0.585,2026-03-03 23:00:00
1772579100000,86.75,87.05,86.75,87.05,8.944,2026-03-03 23:05:00
1772579400000,87.06,87.42,87.01,87.01,8.379,2026-03-03 23:10:00
1772579700000,87.1,87.21,87.02,87.21,68.925,2026-03-03 23:15:00
1772580000000,87.31,87.34,87.29,87.34,0.279,2026-03-03 23:20:00
1772580300000,87.22,87.22,87.22,87.22,0.093,2026-03-03 23:25:00
1772580600000,86.96,86.96,86.74,86.74,0.507,2026-03-03 23:30:00
1772580900000,86.65,87.08,86.65,87.07,10.679,2026-03-03 23:35:00
1772581200000,87.27,87.27,87.27,87.27,0.465,2026-03-03 23:40:00
1772581500000,87.17,87.34,87.14,87.34,6.079,2026-03-03 23:45:00
1772581800000,87.29,87.32,87.29,87.32,11.455,2026-03-03 23:50:00
1772582100000,86.96,86.96,86.96,86.96,3.107,2026-03-03 23:55:00
1772582400000,86.96,86.96,86.96,86.96,5.372,2026-03-04 00:00:00
1772582700000,87.11,87.11,87.11,87.11,3.162,2026-03-04 00:05:00
1772583000000,86.96,87.05,86.96,86.99,0.856,2026-03-04 00:10:00
1772583300000,87.04,87.32,87.01,87.25,15.83,2026-03-04 00:15:00
1772583600000,87.23,87.38,87.23,87.38,0.834,2026-03-04 00:20:00
1772583900000,87.07,87.07,86.98,87.02,4.533,2026-03-04 00:25:00
1772584200000,86.71,86.71,86.71,86.71,3.052,2026-03-04 00:30:00
1772584500000,86.46,86.7,86.45,86.7,4.682,2026-03-04 00:35:00
1772584800000,86.43,86.43,86.36,86.36,0.583,2026-03-04 00:40:00
1772585100000,86.52,86.71,86.52,86.71,0.223,2026-03-04 00:45:00
1772585400000,86.91,86.91,86.78,86.78,8.622,2026-03-04 00:50:00
1772585700000,86.72,86.72,86.58,86.58,4.388,2026-03-04 00:55:00
1772586000000,86.71,87.43,86.65,87.41,4.443,2026-03-04 01:00:00
1772586300000,87.47,87.62,86.94,87.15,30.069,2026-03-04 01:05:00
1772586600000,87.01,87.11,87.0,87.11,6.323,2026-03-04 01:10:00
1772586900000,86.89,86.89,86.77,86.77,3.44,2026-03-04 01:15:00
1772587200000,86.59,86.59,86.55,86.55,2.201,2026-03-04 01:20:00
1772587500000,86.83,87.21,86.83,87.21,6.229,2026-03-04 01:25:00
1772587800000,87.17,87.47,87.17,87.47,6.636,2026-03-04 01:30:00
1772588100000,87.45,87.63,87.45,87.63,4.697,2026-03-04 01:35:00
1772588400000,87.57,88.05,87.57,87.74,15.266,2026-03-04 01:40:00
1772588700000,87.51,87.59,87.51,87.59,0.225,2026-03-04 01:45:00
1772589000000,87.44,87.44,87.31,87.31,1.236,2026-03-04 01:50:00
1772589300000,87.29,87.29,87.24,87.24,3.498,2026-03-04 01:55:00
1772589600000,87.17,87.17,87.07,87.07,4.404,2026-03-04 02:00:00
1772589900000,86.9,87.06,86.9,87.06,3.162,2026-03-04 02:05:00
1772590200000,87.22,87.24,87.16,87.16,3.193,2026-03-04 02:10:00
1772590500000,86.98,87.11,86.93,87.11,9.485,2026-03-04 02:15:00
1772590800000,87.29,87.29,87.29,87.29,2.932,2026-03-04 02:20:00
1772591100000,86.84,86.84,86.72,86.72,1.014,2026-03-04 02:25:00
1772591400000,86.72,86.72,86.59,86.59,8.019,2026-03-04 02:30:00
1772591700000,86.59,86.59,86.59,86.59,0.0,2026-03-04 02:35:00
1772592000000,86.59,86.59,86.59,86.59,0.0,2026-03-04 02:40:00
1772592300000,86.59,86.59,86.59,86.59,0.0,2026-03-04 02:45:00
1772592600000,87.19,87.19,87.17,87.17,4.082,2026-03-04 02:50:00
1772592900000,87.15,87.15,87.06,87.07,1.041,2026-03-04 02:55:00
1772593200000,86.96,86.96,86.96,86.96,0.126,2026-03-04 03:00:00
1772593500000,86.96,86.96,86.96,86.96,0.0,2026-03-04 03:05:00
1772593800000,86.75,86.97,86.75,86.89,2.919,2026-03-04 03:10:00
1772594100000,86.9,86.9,86.79,86.81,122.623,2026-03-04 03:15:00
1772594400000,86.96,86.96,86.88,86.88,3.332,2026-03-04 03:20:00
1772594700000,86.72,86.72,86.2,86.2,4.556,2026-03-04 03:25:00
1772595000000,86.16,86.16,85.56,85.56,23.481,2026-03-04 03:30:00
1772595300000,85.45,85.85,85.35,85.81,19.17,2026-03-04 03:35:00
1772595600000,85.65,85.65,85.36,85.36,4.261,2026-03-04 03:40:00
1772595900000,85.25,85.61,85.16,85.61,4.842,2026-03-04 03:45:00
1772596200000,85.5,85.65,85.5,85.65,6.65,2026-03-04 03:50:00
1772596500000,85.59,85.59,85.59,85.59,0.049,2026-03-04 03:55:00
1772596800000,85.78,85.78,85.47,85.47,8.426,2026-03-04 04:00:00
1772597100000,85.6,85.6,85.6,85.6,0.07,2026-03-04 04:05:00
1772597400000,85.52,85.52,85.52,85.52,3.251,2026-03-04 04:10:00
1772597700000,85.45,85.45,85.11,85.11,3.503,2026-03-04 04:15:00
1772598000000,85.04,85.09,85.0,85.01,46.5,2026-03-04 04:20:00
1772598300000,85.01,85.01,85.01,85.01,0.0,2026-03-04 04:25:00
1772598600000,84.96,85.09,84.96,85.09,47.746,2026-03-04 04:30:00
1772598900000,84.91,84.91,84.89,84.89,0.644,2026-03-04 04:35:00
1772599200000,85.32,85.35,85.32,85.35,0.152,2026-03-04 04:40:00
1772599500000,85.31,85.31,85.31,85.31,4.759,2026-03-04 04:45:00
1772599800000,85.29,85.49,85.29,85.49,16.183,2026-03-04 04:50:00
1772600100000,85.56,85.56,85.4,85.4,1.295,2026-03-04 04:55:00
1772600400000,85.36,85.36,85.17,85.17,43.628,2026-03-04 05:00:00
1772600700000,85.3,85.3,85.3,85.3,0.035,2026-03-04 05:05:00
1772601000000,85.38,85.38,85.38,85.38,0.049,2026-03-04 05:10:00
1772601300000,85.38,85.38,85.38,85.38,0.0,2026-03-04 05:15:00
1772601600000,85.54,85.63,85.54,85.55,12.451,2026-03-04 05:20:00
1772601900000,85.47,85.47,85.21,85.21,36.943,2026-03-04 05:25:00
1772602200000,85.18,85.18,84.97,84.97,6.341,2026-03-04 05:30:00
1772602500000,84.83,84.83,84.82,84.82,6.752,2026-03-04 05:35:00
1772602800000,85.71,85.88,85.71,85.84,5.561,2026-03-04 05:40:00
1772603100000,85.75,85.94,85.72,85.72,11.46,2026-03-04 05:45:00
1772603400000,85.78,85.78,85.78,85.78,3.155,2026-03-04 05:50:00
1772603700000,85.77,85.78,85.77,85.78,3.232,2026-03-04 05:55:00
1772604000000,85.44,85.44,85.44,85.44,5.362,2026-03-04 06:00:00
1772604300000,85.57,85.57,85.44,85.44,11.443,2026-03-04 06:05:00
1772604600000,85.29,85.29,85.08,85.16,10.59,2026-03-04 06:10:00
1772604900000,85.04,85.04,85.04,85.04,3.249,2026-03-04 06:15:00
1772605200000,85.04,85.04,85.04,85.04,0.0,2026-03-04 06:20:00
1772605500000,85.2,85.2,85.16,85.16,3.511,2026-03-04 06:25:00
1772605800000,85.38,85.38,85.3,85.32,10.42,2026-03-04 06:30:00
1772606100000,85.93,85.93,85.87,85.87,0.115,2026-03-04 06:35:00
1772606400000,85.99,86.05,85.97,85.97,16.273,2026-03-04 06:40:00
1772606700000,85.77,85.77,85.47,85.58,25.218,2026-03-04 06:45:00
1772607000000,85.48,85.49,85.42,85.49,7.347,2026-03-04 06:50:00
1772607300000,85.49,85.49,85.49,85.49,0.0,2026-03-04 06:55:00
1772607600000,85.71,85.71,85.55,85.55,5.811,2026-03-04 07:00:00
1772607900000,85.59,85.77,85.59,85.77,3.399,2026-03-04 07:05:00
1772608200000,85.71,85.71,85.71,85.71,0.117,2026-03-04 07:10:00
1772608500000,85.68,85.68,85.68,85.68,6.27,2026-03-04 07:15:00
1772608800000,85.68,85.68,85.68,85.68,0.0,2026-03-04 07:20:00
1772609100000,85.68,85.68,85.68,85.68,0.0,2026-03-04 07:25:00
1772609400000,86.3,86.33,86.28,86.28,5.772,2026-03-04 07:30:00
1772609700000,86.28,86.28,86.28,86.28,0.0,2026-03-04 07:35:00
1772610000000,86.58,86.72,86.53,86.67,10.312,2026-03-04 07:40:00
1772610300000,86.74,87.47,86.74,87.33,21.453,2026-03-04 07:45:00
1772610600000,87.3,87.3,87.2,87.2,0.114,2026-03-04 07:50:00
1772610900000,87.19,87.51,87.19,87.51,0.36,2026-03-04 07:55:00
1772611200000,87.51,87.67,87.14,87.18,12.095,2026-03-04 08:00:00
1772611500000,87.31,87.5,87.31,87.41,12.31,2026-03-04 08:05:00
1772611800000,87.41,87.41,87.38,87.38,3.189,2026-03-04 08:10:00
1772612100000,87.09,87.16,87.0,87.0,5.956,2026-03-04 08:15:00
1772612400000,87.21,87.26,87.21,87.26,0.083,2026-03-04 08:20:00
1772612700000,87.26,87.26,87.26,87.26,0.0,2026-03-04 08:25:00
1772613000000,87.26,87.26,87.26,87.26,0.068,2026-03-04 08:30:00
1772613300000,87.26,87.26,87.26,87.26,0.0,2026-03-04 08:35:00
1772613600000,87.44,87.9,87.44,87.87,20.361,2026-03-04 08:40:00
1772613900000,88.0,88.91,87.97,88.91,68.026,2026-03-04 08:45:00
1772614200000,88.99,89.09,88.79,89.0,110.604,2026-03-04 08:50:00
1772614500000,89.13,89.85,89.13,89.74,20.867,2026-03-04 08:55:00
1772614800000,89.75,89.87,89.6,89.62,3.476,2026-03-04 09:00:00
1772615100000,89.89,89.91,89.49,89.49,3.753,2026-03-04 09:05:00
1772615400000,89.54,89.54,89.54,89.54,0.089,2026-03-04 09:10:00
1772615700000,90.0,90.15,89.77,89.77,49.064,2026-03-04 09:15:00
1772616000000,89.91,90.18,89.91,89.96,7.406,2026-03-04 09:20:00
1772616300000,89.92,90.28,89.92,90.06,4.049,2026-03-04 09:25:00
1772616600000,90.35,90.87,90.35,90.87,38.29,2026-03-04 09:30:00
1772616900000,90.99,91.39,90.86,90.99,41.539,2026-03-04 09:35:00
1772617200000,90.99,90.99,90.99,90.99,0.0,2026-03-04 09:40:00
1772617500000,90.94,90.94,90.94,90.94,0.089,2026-03-04 09:45:00
1772617800000,90.82,90.82,90.38,90.38,16.007,2026-03-04 09:50:00
1772618100000,90.31,90.47,90.31,90.47,1.006,2026-03-04 09:55:00
1772618400000,90.56,90.62,90.56,90.62,3.459,2026-03-04 10:00:00
1772618700000,90.51,91.0,90.48,90.93,8.044,2026-03-04 10:05:00
1772619000000,90.93,90.93,90.93,90.93,0.0,2026-03-04 10:10:00
1772619300000,90.56,90.56,90.27,90.27,6.137,2026-03-04 10:15:00
1772619600000,90.3,90.34,90.12,90.12,3.034,2026-03-04 10:20:00
1772619900000,90.16,90.16,89.92,90.1,18.843,2026-03-04 10:25:00
1772620200000,90.38,90.62,90.13,90.13,16.904,2026-03-04 10:30:00
1772620500000,90.13,90.13,90.13,90.13,0.0,2026-03-04 10:35:00
1772620800000,90.22,90.22,90.22,90.22,66.504,2026-03-04 10:40:00
1772621100000,90.28,90.29,90.11,90.21,38.804,2026-03-04 10:45:00
1772621400000,90.39,90.43,90.2,90.2,2.285,2026-03-04 10:50:00
1772621700000,90.07,90.12,89.97,90.12,14.196,2026-03-04 10:55:00
1772622000000,90.12,90.12,90.12,90.12,0.0,2026-03-04 11:00:00
1772622300000,90.24,90.24,90.24,90.24,0.066,2026-03-04 11:05:00
1772622600000,90.31,90.46,90.31,90.46,2.089,2026-03-04 11:10:00
1772622900000,90.5,90.5,90.5,90.5,3.023,2026-03-04 11:15:00
1772623200000,90.4,90.4,90.3,90.3,0.916,2026-03-04 11:20:00
1772623500000,90.28,90.28,90.06,90.06,1.653,2026-03-04 11:25:00
1772623800000,89.98,89.98,89.94,89.94,3.146,2026-03-04 11:30:00
1772624100000,89.84,89.84,89.48,89.63,6.185,2026-03-04 11:35:00
1772624400000,89.67,89.78,89.59,89.78,1.25,2026-03-04 11:40:00
1772624700000,89.7,89.78,89.7,89.75,0.374,2026-03-04 11:45:00
1772625000000,89.75,89.81,89.75,89.81,50.795,2026-03-04 11:50:00
1772625300000,89.77,89.81,89.77,89.79,0.643,2026-03-04 11:55:00
1772625600000,89.8,89.88,89.73,89.75,53.871,2026-03-04 12:00:00
1772625900000,89.77,89.86,89.59,89.6,5.074,2026-03-04 12:05:00
1772626200000,89.6,89.6,89.6,89.6,0.0,2026-03-04 12:10:00
1772626500000,89.62,89.62,89.24,89.24,6.759,2026-03-04 12:15:00
1772626800000,89.17,89.17,89.02,89.02,6.355,2026-03-04 12:20:00
1772627100000,88.96,89.13,88.81,88.81,40.21,2026-03-04 12:25:00
1772627400000,88.76,89.12,88.76,89.12,6.237,2026-03-04 12:30:00
1772627700000,89.15,89.26,88.99,89.26,14.589,2026-03-04 12:35:00
1772628000000,89.3,89.3,89.3,89.3,0.089,2026-03-04 12:40:00
1772628300000,89.07,89.3,89.07,89.14,170.978,2026-03-04 12:45:00
1772628600000,89.17,89.17,89.17,89.17,2.887,2026-03-04 12:50:00
1772628900000,89.12,89.49,89.12,89.49,18.125,2026-03-04 12:55:00
1772629200000,89.4,89.4,89.4,89.4,3.025,2026-03-04 13:00:00
1772629500000,89.71,90.12,89.71,89.96,37.121,2026-03-04 13:05:00
1772629800000,89.69,89.71,89.69,89.71,0.245,2026-03-04 13:10:00
1772630100000,89.76,89.97,89.76,89.97,112.029,2026-03-04 13:15:00
1772630400000,89.97,89.97,89.97,89.97,0.0,2026-03-04 13:20:00
1772630700000,89.97,89.97,89.97,89.97,0.0,2026-03-04 13:25:00
1772631000000,89.52,89.75,89.52,89.75,18.496,2026-03-04 13:30:00
1772631300000,89.75,89.75,89.75,89.75,0.0,2026-03-04 13:35:00
1772631600000,89.93,89.93,89.88,89.88,1.816,2026-03-04 13:40:00
1772631900000,89.88,89.9,89.75,89.81,13.77,2026-03-04 13:45:00
1772632200000,89.78,89.78,89.78,89.78,0.666,2026-03-04 13:50:00
1772632500000,90.0,90.08,89.96,90.03,18.406,2026-03-04 13:55:00
1772632800000,90.04,90.06,90.03,90.06,36.485,2026-03-04 14:00:00
1772633100000,90.06,90.31,90.06,90.31,13.95,2026-03-04 14:05:00
1772633400000,90.18,90.23,89.95,89.95,9.812,2026-03-04 14:10:00
1772633700000,89.95,89.95,89.95,89.95,0.0,2026-03-04 14:15:00
1772634000000,89.99,90.0,89.96,90.0,1.684,2026-03-04 14:20:00
1772634300000,89.86,90.17,89.86,90.17,6.676,2026-03-04 14:25:00
1772634600000,90.11,91.69,90.11,91.45,78.25,2026-03-04 14:30:00
1772634900000,90.83,90.83,90.16,90.29,23.474,2026-03-04 14:35:00
1772635200000,90.38,90.53,89.76,89.79,127.541,2026-03-04 14:40:00
1772635500000,89.67,90.27,89.64,90.19,24.19,2026-03-04 14:45:00
1772635800000,90.1,90.37,90.1,90.24,14.3,2026-03-04 14:50:00
1772636100000,90.22,90.32,90.22,90.32,30.995,2026-03-04 14:55:00
1772636400000,90.29,90.83,90.29,90.37,56.512,2026-03-04 15:00:00
1772636700000,90.52,90.88,90.52,90.88,16.328,2026-03-04 15:05:00
1772637000000,91.11,91.11,91.03,91.09,0.21,2026-03-04 15:10:00
1772637300000,90.92,91.5,90.92,91.5,143.53,2026-03-04 15:15:00
1772637600000,91.59,91.83,91.5,91.5,20.801,2026-03-04 15:20:00
1772637900000,91.74,92.62,91.74,92.62,289.806,2026-03-04 15:25:00
1772638200000,92.69,92.69,91.97,92.13,121.985,2026-03-04 15:30:00
1772638500000,91.89,92.29,91.89,91.95,9.783,2026-03-04 15:35:00
1772638800000,92.07,92.1,92.07,92.1,2.868,2026-03-04 15:40:00
1772639100000,92.2,92.31,92.2,92.27,6.076,2026-03-04 15:45:00
1772639400000,92.6,92.6,92.33,92.48,10.156,2026-03-04 15:50:00
1772639700000,92.49,93.1,92.49,92.9,10.288,2026-03-04 15:55:00
1772640000000,92.99,93.13,92.45,92.45,137.22,2026-03-04 16:00:00
1772640300000,92.42,92.52,92.05,92.05,34.672,2026-03-04 16:05:00
1772640600000,92.05,92.05,91.63,91.72,36.424,2026-03-04 16:10:00
1772640900000,91.72,91.72,91.46,91.52,49.301,2026-03-04 16:15:00
1772641200000,91.5,91.5,91.02,91.25,236.824,2026-03-04 16:20:00
1772641500000,91.06,91.66,91.06,91.66,14.59,2026-03-04 16:25:00
1772641800000,91.44,91.82,91.44,91.82,17.06,2026-03-04 16:30:00
1772642100000,91.65,91.65,91.5,91.5,14.23,2026-03-04 16:35:00
1772642400000,91.61,91.78,91.61,91.78,23.011,2026-03-04 16:40:00
1772642700000,91.66,91.72,91.66,91.7,23.993,2026-03-04 16:45:00
1772643000000,91.63,91.82,91.53,91.82,41.139,2026-03-04 16:50:00
1772643300000,91.62,91.62,91.62,91.62,1.878,2026-03-04 16:55:00
1772643600000,91.65,91.65,91.65,91.65,0.109,2026-03-04 17:00:00
1772643900000,91.69,91.71,91.62,91.62,5.881,2026-03-04 17:05:00
1772644200000,91.88,92.13,91.88,92.13,30.298,2026-03-04 17:10:00
1772644500000,91.95,92.0,91.62,91.62,7.42,2026-03-04 17:15:00
1772644800000,91.2,91.21,90.74,90.76,48.325,2026-03-04 17:20:00
1772645100000,91.0,91.14,91.0,91.14,119.066,2026-03-04 17:25:00
1772645400000,91.23,91.58,91.23,91.36,26.893,2026-03-04 17:30:00
1772645700000,91.52,91.55,91.49,91.49,44.974,2026-03-04 17:35:00
1772646000000,91.43,91.58,91.43,91.49,17.236,2026-03-04 17:40:00
1772646300000,91.49,91.72,91.48,91.72,13.095,2026-03-04 17:45:00
1772646600000,91.74,91.84,91.57,91.57,5.244,2026-03-04 17:50:00
1772646900000,91.62,91.62,91.59,91.59,1.544,2026-03-04 17:55:00
1772647200000,91.57,91.64,91.49,91.64,14.071,2026-03-04 18:00:00
1772647500000,91.61,91.73,91.61,91.72,4.196,2026-03-04 18:05:00
1772647800000,91.66,91.66,91.13,91.36,8.775,2026-03-04 18:10:00
1772648100000,91.7,91.78,91.7,91.78,4.977,2026-03-04 18:15:00
1772648400000,91.91,91.93,91.86,91.86,16.355,2026-03-04 18:20:00
1772648700000,91.98,91.98,91.98,91.98,2.826,2026-03-04 18:25:00
1772649000000,92.07,92.07,92.07,92.07,1.523,2026-03-04 18:30:00
1772649300000,91.72,91.76,91.72,91.76,1.513,2026-03-04 18:35:00
1772649600000,91.89,92.07,91.89,92.03,27.472,2026-03-04 18:40:00
1772649900000,92.07,92.27,92.01,92.01,13.22,2026-03-04 18:45:00
1772650200000,92.35,92.35,92.35,92.35,0.106,2026-03-04 18:50:00
1772650500000,92.27,92.27,92.24,92.24,0.154,2026-03-04 18:55:00
1772650800000,92.4,92.64,92.33,92.47,28.874,2026-03-04 19:00:00
1772651100000,92.62,92.62,92.37,92.37,13.313,2026-03-04 19:05:00
1772651400000,92.42,92.89,92.42,92.78,101.081,2026-03-04 19:10:00
1772651700000,92.74,93.32,92.7,93.32,37.096,2026-03-04 19:15:00
1772652000000,93.24,93.35,92.73,92.78,11.76,2026-03-04 19:20:00
1772652300000,92.62,92.65,92.59,92.65,0.774,2026-03-04 19:25:00
1772652600000,92.65,92.76,92.65,92.76,2.875,2026-03-04 19:30:00
1772652900000,92.76,93.07,92.76,93.07,13.335,2026-03-04 19:35:00
1772653200000,93.41,94.02,93.33,93.73,54.492,2026-03-04 19:40:00
1772653500000,93.74,93.74,93.71,93.71,0.624,2026-03-04 19:45:00
1772653800000,93.71,93.71,93.71,93.71,0.0,2026-03-04 19:50:00
1772654100000,93.61,93.61,93.17,93.17,0.278,2026-03-04 19:55:00
1772654400000,93.28,93.39,93.28,93.33,5.714,2026-03-04 20:00:00
1772654700000,93.32,93.32,92.89,92.89,9.722,2026-03-04 20:05:00
1772655000000,92.96,93.09,92.93,93.09,6.945,2026-03-04 20:10:00
1772655300000,93.09,93.56,93.09,93.26,107.079,2026-03-04 20:15:00
1772655600000,93.22,93.44,93.22,93.42,37.529,2026-03-04 20:20:00
1772655900000,93.42,93.66,93.37,93.44,33.374,2026-03-04 20:25:00
1772656200000,93.47,93.54,93.22,93.41,42.056,2026-03-04 20:30:00
1772656500000,93.5,93.55,93.41,93.41,2.106,2026-03-04 20:35:00
1772656800000,93.73,93.73,93.63,93.71,6.358,2026-03-04 20:40:00
1772657100000,93.65,93.65,93.44,93.44,6.138,2026-03-04 20:45:00
1772657400000,93.44,93.44,93.44,93.44,0.0,2026-03-04 20:50:00
1772657700000,93.14,93.14,92.84,92.88,14.401,2026-03-04 20:55:00
1772658000000,92.87,92.87,92.64,92.64,6.993,2026-03-04 21:00:00
1772658300000,92.64,92.64,92.64,92.64,0.0,2026-03-04 21:05:00
1772658600000,92.55,92.57,92.53,92.54,6.69,2026-03-04 21:10:00
1772658900000,92.39,92.39,92.39,92.39,0.064,2026-03-04 21:15:00
1772659200000,92.59,92.61,92.53,92.53,0.398,2026-03-04 21:20:00
1772659500000,92.53,92.53,92.53,92.53,0.0,2026-03-04 21:25:00
1772659800000,92.46,92.46,92.43,92.43,1.143,2026-03-04 21:30:00
1772660100000,92.35,92.49,92.3,92.49,0.265,2026-03-04 21:35:00
1772660400000,92.38,92.38,92.38,92.38,0.171,2026-03-04 21:40:00
1772660700000,92.42,92.45,92.42,92.45,0.101,2026-03-04 21:45:00
1772661000000,92.45,92.54,92.45,92.54,0.254,2026-03-04 21:50:00
1772661300000,92.27,92.28,92.2,92.26,7.912,2026-03-04 21:55:00
1772661600000,92.6,92.78,92.54,92.72,5.484,2026-03-04 22:00:00
1772661900000,92.72,92.72,92.72,92.72,0.0,2026-03-04 22:05:00
1772662200000,92.71,92.71,92.61,92.67,1.517,2026-03-04 22:10:00
1772662500000,92.42,92.47,92.38,92.38,2.143,2026-03-04 22:15:00
1772662800000,92.48,92.48,92.48,92.48,2.421,2026-03-04 22:20:00
1772663100000,92.42,92.42,92.16,92.16,21.785,2026-03-04 22:25:00
1772663400000,92.03,92.09,91.9,91.98,21.645,2026-03-04 22:30:00
1772663700000,91.92,91.92,91.72,91.72,8.67,2026-03-04 22:35:00
1772664000000,91.66,91.66,91.51,91.53,4.062,2026-03-04 22:40:00
1772664300000,91.48,91.55,91.4,91.4,12.94,2026-03-04 22:45:00
1772664600000,91.38,91.38,91.38,91.38,2.876,2026-03-04 22:50:00
1772664900000,91.29,91.29,91.22,91.25,2.981,2026-03-04 22:55:00
1772665200000,91.17,91.33,91.17,91.32,4.35,2026-03-04 23:00:00
1772665500000,91.31,91.31,91.31,91.31,0.546,2026-03-04 23:05:00
1772665800000,91.22,91.22,91.22,91.22,1.095,2026-03-04 23:10:00
1772666100000,91.32,91.32,91.26,91.26,6.608,2026-03-04 23:15:00
1772666400000,91.04,91.04,90.62,90.7,36.863,2026-03-04 23:20:00
1772666700000,90.89,90.98,90.87,90.87,17.035,2026-03-04 23:25:00
1772667000000,90.53,90.53,90.36,90.36,9.255,2026-03-04 23:30:00
1772667300000,90.78,91.04,90.78,91.04,2.875,2026-03-04 23:35:00
1772667600000,91.04,91.04,91.04,91.04,0.0,2026-03-04 23:40:00
1772667900000,91.26,91.26,91.16,91.16,2.171,2026-03-04 23:45:00
1772668200000,91.11,91.11,91.11,91.11,1.37,2026-03-04 23:50:00
1772668500000,90.94,90.94,90.74,90.74,10.743,2026-03-04 23:55:00
1772668800000,91.01,91.11,91.01,91.11,0.767,2026-03-05 00:00:00
1772669100000,90.98,90.98,90.96,90.96,12.48,2026-03-05 00:05:00
1772669400000,90.91,90.93,90.91,90.93,10.972,2026-03-05 00:10:00
1772669700000,91.36,91.36,91.36,91.36,0.165,2026-03-05 00:15:00
1772670000000,91.34,91.34,91.34,91.34,2.772,2026-03-05 00:20:00
1772670300000,91.34,91.34,91.34,91.34,0.0,2026-03-05 00:25:00
1772670600000,91.34,91.34,91.34,91.34,0.0,2026-03-05 00:30:00
1772670900000,91.16,91.16,91.16,91.16,2.841,2026-03-05 00:35:00
1772671200000,91.1,91.19,91.1,91.19,2.94,2026-03-05 00:40:00
1772671500000,91.22,91.27,91.2,91.2,17.026,2026-03-05 00:45:00
1772671800000,91.12,91.12,91.12,91.12,0.87,2026-03-05 00:50:00
1772672100000,90.87,90.94,90.84,90.84,6.539,2026-03-05 00:55:00
1772672400000,90.72,90.76,90.59,90.63,4.848,2026-03-05 01:00:00
1772672700000,90.78,91.0,90.78,91.0,13.536,2026-03-05 01:05:00
1772673000000,91.23,91.4,91.13,91.4,17.943,2026-03-05 01:10:00
1772673300000,91.24,91.24,91.24,91.24,1.094,2026-03-05 01:15:00
1772673600000,90.6,90.6,90.45,90.45,10.423,2026-03-05 01:20:00
1772673900000,90.46,90.54,90.37,90.54,134.193,2026-03-05 01:25:00
1772674200000,90.3,90.39,90.26,90.26,0.963,2026-03-05 01:30:00
1772674500000,90.48,90.48,89.96,89.96,26.384,2026-03-05 01:35:00
1772674800000,90.12,90.12,89.83,90.04,30.068,2026-03-05 01:40:00
1772675100000,89.96,90.0,89.96,90.0,0.154,2026-03-05 01:45:00
1772675400000,89.91,89.91,89.91,89.91,0.039,2026-03-05 01:50:00
1772675700000,89.97,89.97,89.97,89.97,0.499,2026-03-05 01:55:00
1772676000000,90.19,90.36,90.18,90.36,9.918,2026-03-05 02:00:00
1772676300000,90.34,90.59,90.31,90.4,18.936,2026-03-05 02:05:00
1772676600000,90.33,90.38,90.2,90.38,9.397,2026-03-05 02:10:00
1772676900000,90.42,90.53,90.42,90.53,15.126,2026-03-05 02:15:00
1772677200000,90.47,90.47,90.47,90.47,1.104,2026-03-05 02:20:00
1772677500000,90.35,90.37,90.35,90.37,0.132,2026-03-05 02:25:00
1772677800000,90.37,90.37,90.37,90.37,1.049,2026-03-05 02:30:00
1772678100000,90.37,90.37,90.37,90.37,0.0,2026-03-05 02:35:00
1772678400000,90.18,90.18,90.14,90.14,0.188,2026-03-05 02:40:00
1772678700000,90.14,90.14,90.14,90.14,0.0,2026-03-05 02:45:00
1772679000000,90.36,90.36,90.36,90.36,1.104,2026-03-05 02:50:00
1772679300000,90.14,90.14,90.14,90.14,1.106,2026-03-05 02:55:00
1772679600000,90.23,90.3,90.23,90.3,55.104,2026-03-05 03:00:00
1772679900000,90.44,90.44,90.44,90.44,0.276,2026-03-05 03:05:00
1772680200000,90.19,90.23,90.19,90.23,1.481,2026-03-05 03:10:00
1772680500000,90.25,90.25,90.25,90.25,0.065,2026-03-05 03:15:00
1772680800000,90.16,90.29,90.14,90.14,1.265,2026-03-05 03:20:00
1772681100000,90.16,90.16,90.16,90.16,0.896,2026-03-05 03:25:00
1772681400000,90.16,90.16,90.16,90.16,0.0,2026-03-05 03:30:00
1772681700000,89.95,90.01,89.7,89.7,20.964,2026-03-05 03:35:00
1772682000000,89.86,89.86,89.64,89.64,29.444,2026-03-05 03:40:00
1772682300000,89.92,89.97,89.9,89.97,3.456,2026-03-05 03:45:00
1772682600000,89.97,89.97,89.97,89.97,0.0,2026-03-05 03:50:00
1772682900000,90.06,90.14,90.05,90.05,8.336,2026-03-05 03:55:00
1772683200000,90.01,90.01,90.01,90.01,0.065,2026-03-05 04:00:00
1772683500000,90.17,90.17,90.17,90.17,0.026,2026-03-05 04:05:00
1772683800000,90.23,90.23,90.23,90.23,3.016,2026-03-05 04:10:00
1772684100000,90.08,90.15,89.98,90.15,18.616,2026-03-05 04:15:00
1772684400000,90.15,90.33,90.15,90.33,5.7,2026-03-05 04:20:00
1772684700000,90.33,90.33,90.33,90.33,6.637,2026-03-05 04:25:00
1772685000000,90.33,90.33,90.33,90.33,0.0,2026-03-05 04:30:00
1772685300000,90.15,90.31,90.15,90.31,9.725,2026-03-05 04:35:00
1772685600000,90.53,90.53,90.53,90.53,2.703,2026-03-05 04:40:00
1772685900000,90.62,90.75,90.49,90.49,24.378,2026-03-05 04:45:00
1772686200000,90.31,90.34,90.31,90.34,1.229,2026-03-05 04:50:00
1772686500000,90.35,90.53,90.34,90.34,7.996,2026-03-05 04:55:00
1772686800000,90.61,90.62,90.61,90.62,0.549,2026-03-05 05:00:00
1772687100000,90.52,90.56,90.51,90.56,0.617,2026-03-05 05:05:00
1772687400000,90.52,90.52,90.52,90.52,1.104,2026-03-05 05:10:00
1772687700000,90.52,90.52,90.52,90.52,0.0,2026-03-05 05:15:00
1772688000000,90.16,90.16,90.12,90.12,6.206,2026-03-05 05:20:00
1772688300000,90.08,90.16,90.08,90.16,0.156,2026-03-05 05:25:00
1772688600000,90.21,90.21,90.21,90.21,0.462,2026-03-05 05:30:00
1772688900000,90.06,90.07,90.06,90.07,4.045,2026-03-05 05:35:00
1772689200000,90.09,90.17,90.05,90.17,24.191,2026-03-05 05:40:00
1772689500000,90.17,90.17,90.17,90.17,0.0,2026-03-05 05:45:00
1772689800000,90.2,90.2,90.17,90.17,4.155,2026-03-05 05:50:00
1772690100000,90.23,90.23,90.11,90.11,3.169,2026-03-05 05:55:00
1772690400000,89.96,90.2,89.93,90.2,3.604,2026-03-05 06:00:00
1772690700000,90.03,90.03,89.93,89.93,0.664,2026-03-05 06:05:00
1772691000000,89.76,89.76,89.72,89.72,1.316,2026-03-05 06:10:00
1772691300000,89.72,89.72,89.72,89.72,0.0,2026-03-05 06:15:00
1772691600000,90.27,90.35,90.27,90.35,4.325,2026-03-05 06:20:00
1772691900000,90.35,90.35,90.34,90.34,1.172,2026-03-05 06:25:00
1772692200000,90.34,90.34,90.34,90.34,175.533,2026-03-05 06:30:00
1772692500000,90.34,90.34,90.34,90.34,0.0,2026-03-05 06:35:00
1772692800000,90.34,90.34,90.34,90.34,0.0,2026-03-05 06:40:00
1772693100000,90.53,90.62,90.53,90.58,3.477,2026-03-05 06:45:00
1772693400000,90.92,90.98,90.83,90.83,16.421,2026-03-05 06:50:00
1772693700000,90.88,90.89,90.88,90.89,24.752,2026-03-05 06:55:00
1772694000000,91.01,91.23,91.01,91.23,3.149,2026-03-05 07:00:00
1772694300000,90.85,90.85,90.85,90.85,0.066,2026-03-05 07:05:00
1772694600000,91.03,91.03,91.03,91.03,2.974,2026-03-05 07:10:00
1772694900000,91.03,91.03,91.03,91.03,0.0,2026-03-05 07:15:00
1772695200000,91.03,91.03,91.03,91.03,0.0,2026-03-05 07:20:00
1772695500000,91.03,91.03,91.03,91.03,1.098,2026-03-05 07:25:00
1772695800000,90.99,90.99,90.99,90.99,0.066,2026-03-05 07:30:00
1772696100000,90.59,90.59,90.59,90.59,0.165,2026-03-05 07:35:00
1772696400000,90.57,90.57,90.57,90.57,0.055,2026-03-05 07:40:00
1772696700000,90.51,90.52,90.51,90.52,21.995,2026-03-05 07:45:00
1772697000000,90.41,90.41,89.86,89.88,11.988,2026-03-05 07:50:00
1772697300000,89.94,89.94,89.94,89.94,0.065,2026-03-05 07:55:00
1772697600000,89.94,89.94,89.94,89.94,0.0,2026-03-05 08:00:00
1772697900000,89.94,89.94,89.94,89.94,0.0,2026-03-05 08:05:00
1772698200000,89.96,89.99,89.96,89.99,0.768,2026-03-05 08:10:00
1772698500000,90.18,90.18,89.99,89.99,2.217,2026-03-05 08:15:00
1772698800000,89.99,89.99,89.99,89.99,0.0,2026-03-05 08:20:00
1772699100000,89.76,89.76,89.7,89.7,0.273,2026-03-05 08:25:00
1772699400000,90.29,90.33,90.29,90.33,8.634,2026-03-05 08:30:00
1772699700000,90.28,90.28,90.28,90.28,0.332,2026-03-05 08:35:00
1772700000000,90.13,90.13,90.13,90.13,1.107,2026-03-05 08:40:00
1772700300000,90.13,90.13,90.13,90.13,0.0,2026-03-05 08:45:00
1772700600000,90.62,90.62,90.62,90.62,0.106,2026-03-05 08:50:00
1772700900000,90.63,90.63,90.63,90.63,0.331,2026-03-05 08:55:00
1772701200000,90.62,91.01,90.62,91.01,19.057,2026-03-05 09:00:00
1772701500000,91.06,91.22,90.94,91.22,46.739,2026-03-05 09:05:00
1772701800000,91.35,91.57,91.35,91.4,15.948,2026-03-05 09:10:00
1772702100000,91.4,91.4,91.4,91.4,0.0,2026-03-05 09:15:00
1772702400000,91.19,91.42,91.19,91.42,16.322,2026-03-05 09:20:00
1772702700000,91.42,91.42,91.42,91.42,0.0,2026-03-05 09:25:00
1772703000000,91.42,91.42,91.39,91.39,4.023,2026-03-05 09:30:00
1772703300000,91.66,91.8,91.5,91.5,6.908,2026-03-05 09:35:00
1772703600000,91.25,91.27,91.25,91.27,0.854,2026-03-05 09:40:00
1772703900000,91.27,91.27,91.27,91.27,0.0,2026-03-05 09:45:00
1772704200000,91.26,91.26,91.26,91.26,0.547,2026-03-05 09:50:00
1772704500000,91.26,91.26,91.26,91.26,0.0,2026-03-05 09:55:00
1772704800000,91.26,91.26,91.26,91.26,0.0,2026-03-05 10:00:00
1772705100000,91.26,91.26,91.26,91.26,0.0,2026-03-05 10:05:00
1772705400000,91.37,91.37,91.37,91.37,1.214,2026-03-05 10:10:00
1772705700000,91.37,91.37,91.37,91.37,0.0,2026-03-05 10:15:00
1772706000000,91.4,91.67,91.4,91.67,1.529,2026-03-05 10:20:00
1772706300000,91.78,92.35,91.78,92.26,47.854,2026-03-05 10:25:00
1772706600000,92.27,92.72,92.12,92.68,32.671,2026-03-05 10:30:00
1772706900000,92.52,92.52,92.46,92.52,67.701,2026-03-05 10:35:00
1772707200000,92.3,92.3,92.27,92.27,0.525,2026-03-05 10:40:00
1772707500000,92.49,92.49,92.49,92.49,0.032,2026-03-05 10:45:00
1772707800000,92.79,92.88,92.79,92.88,0.779,2026-03-05 10:50:00
1772708100000,92.79,92.79,92.63,92.63,7.493,2026-03-05 10:55:00
1772708400000,92.69,92.69,92.6,92.64,3.0,2026-03-05 11:00:00
1772708700000,92.64,92.64,92.64,92.64,0.0,2026-03-05 11:05:00
1772709000000,92.29,92.29,92.19,92.26,0.303,2026-03-05 11:10:00
1772709300000,92.32,92.32,92.3,92.3,2.381,2026-03-05 11:15:00
1772709600000,92.22,92.22,92.1,92.1,1.037,2026-03-05 11:20:00
1772709900000,92.09,92.36,92.09,92.36,4.849,2026-03-05 11:25:00
1772710200000,92.36,92.36,92.36,92.36,0.0,2026-03-05 11:30:00
1772710500000,92.22,92.22,91.77,91.77,1.283,2026-03-05 11:35:00
1772710800000,91.68,91.71,91.65,91.69,11.535,2026-03-05 11:40:00
1772711100000,91.69,91.69,91.69,91.69,3.041,2026-03-05 11:45:00
1772711400000,91.69,91.69,91.69,91.69,0.0,2026-03-05 11:50:00
1772711700000,91.69,91.69,91.69,91.69,0.0,2026-03-05 11:55:00
1772712000000,91.92,91.92,91.48,91.48,36.482,2026-03-05 12:00:00
1772712300000,91.83,91.83,91.83,91.83,0.39,2026-03-05 12:05:00
1772712600000,91.86,91.86,91.86,91.86,0.163,2026-03-05 12:10:00
1772712900000,91.5,91.5,91.5,91.5,1.088,2026-03-05 12:15:00
1772713200000,91.65,91.72,91.65,91.72,0.295,2026-03-05 12:20:00
1772713500000,91.72,91.72,91.72,91.72,0.0,2026-03-05 12:25:00
1772713800000,91.57,91.57,91.45,91.56,6.46,2026-03-05 12:30:00
1772714100000,91.61,91.61,91.61,91.61,1.863,2026-03-05 12:35:00
1772714400000,91.8,91.8,91.78,91.78,2.744,2026-03-05 12:40:00
1772714700000,92.13,92.14,92.13,92.14,4.178,2026-03-05 12:45:00
1772715000000,92.14,92.14,92.14,92.14,0.0,2026-03-05 12:50:00
1772715300000,91.97,92.0,91.97,92.0,1.477,2026-03-05 12:55:00
1772715600000,91.77,91.77,91.73,91.73,5.493,2026-03-05 13:00:00
1772715900000,91.5,91.55,91.5,91.55,0.336,2026-03-05 13:05:00
1772716200000,91.46,91.5,91.46,91.5,3.074,2026-03-05 13:10:00
1772716500000,91.5,91.5,91.5,91.5,0.065,2026-03-05 13:15:00
1772716800000,91.29,91.29,91.19,91.2,3.579,2026-03-05 13:20:00
1772717100000,91.09,91.31,90.93,91.21,19.333,2026-03-05 13:25:00
1772717400000,90.88,90.88,90.48,90.83,10.068,2026-03-05 13:30:00
1772717700000,90.82,90.82,90.72,90.72,11.565,2026-03-05 13:35:00
1772718000000,90.72,90.72,90.72,90.72,0.0,2026-03-05 13:40:00
1772718300000,90.92,91.1,90.92,91.1,13.44,2026-03-05 13:45:00
1772718600000,91.04,91.04,91.04,91.04,3.961,2026-03-05 13:50:00
1772718900000,90.96,90.96,90.83,90.83,3.879,2026-03-05 13:55:00
1772719200000,90.79,90.79,90.79,90.79,0.412,2026-03-05 14:00:00
1772719500000,90.96,91.05,90.96,91.02,7.494,2026-03-05 14:05:00
1772719800000,90.99,90.99,90.92,90.94,11.05,2026-03-05 14:10:00
1772720100000,90.94,90.94,90.94,90.94,0.0,2026-03-05 14:15:00
1772720400000,90.9,90.9,90.9,90.9,2.928,2026-03-05 14:20:00
1772720700000,90.8,90.8,90.8,90.8,3.609,2026-03-05 14:25:00
1772721000000,91.01,91.01,91.01,91.01,10.814,2026-03-05 14:30:00
1772721300000,91.4,91.48,90.16,90.16,22.375,2026-03-05 14:35:00
1772721600000,90.15,90.15,89.89,89.95,29.249,2026-03-05 14:40:00
1772721900000,90.04,90.19,90.04,90.18,5.658,2026-03-05 14:45:00
1772722200000,90.47,90.47,90.47,90.47,11.723,2026-03-05 14:50:00
1772722500000,90.68,91.05,90.68,90.99,5.073,2026-03-05 14:55:00
1772722800000,90.96,90.96,90.51,90.59,8.283,2026-03-05 15:00:00
1772723100000,90.35,90.35,89.76,89.76,4.744,2026-03-05 15:05:00
1772723400000,89.72,89.91,89.44,89.82,58.954,2026-03-05 15:10:00
1772723700000,89.73,89.73,89.53,89.53,67.667,2026-03-05 15:15:00
1772724000000,89.41,89.41,89.32,89.32,1.193,2026-03-05 15:20:00
1772724300000,89.31,89.31,89.02,89.02,40.934,2026-03-05 15:25:00
1772724600000,89.0,89.0,88.89,88.96,11.141,2026-03-05 15:30:00
1772724900000,88.96,88.96,88.96,88.96,0.0,2026-03-05 15:35:00
1772725200000,89.76,89.76,89.41,89.41,50.749,2026-03-05 15:40:00
1772725500000,89.37,89.41,89.37,89.41,0.803,2026-03-05 15:45:00
1772725800000,89.47,89.47,89.46,89.46,3.171,2026-03-05 15:50:00
1772726100000,89.63,89.63,89.4,89.41,9.343,2026-03-05 15:55:00
1772726400000,89.52,89.52,89.26,89.26,9.572,2026-03-05 16:00:00
1772726700000,89.14,89.14,88.04,88.04,47.95,2026-03-05 16:05:00
1772727000000,88.03,88.41,87.98,88.35,17.918,2026-03-05 16:10:00
1772727300000,88.31,88.31,88.11,88.11,4.32,2026-03-05 16:15:00
1772727600000,88.34,88.34,88.34,88.34,3.023,2026-03-05 16:20:00
1772727900000,88.53,88.53,88.53,88.53,0.161,2026-03-05 16:25:00
1772728200000,88.73,88.73,88.73,88.73,10.004,2026-03-05 16:30:00
1772728500000,88.82,88.91,88.82,88.91,7.997,2026-03-05 16:35:00
1772728800000,88.96,88.96,88.89,88.89,7.24,2026-03-05 16:40:00
1772729100000,88.89,88.89,88.89,88.89,0.0,2026-03-05 16:45:00
1772729400000,88.89,88.89,88.89,88.89,0.0,2026-03-05 16:50:00
1772729700000,89.0,89.01,89.0,89.01,10.691,2026-03-05 16:55:00
1772730000000,88.97,89.4,88.97,89.4,1.613,2026-03-05 17:00:00
1772730300000,88.79,88.99,88.79,88.92,5.997,2026-03-05 17:05:00
1772730600000,88.52,88.81,88.52,88.69,38.317,2026-03-05 17:10:00
1772730900000,88.49,88.49,88.48,88.48,10.34,2026-03-05 17:15:00
1772731200000,88.54,88.54,88.54,88.54,0.1,2026-03-05 17:20:00
1772731500000,88.65,88.65,88.46,88.46,22.856,2026-03-05 17:25:00
1772731800000,88.11,88.27,88.0,88.27,30.457,2026-03-05 17:30:00
1772732100000,88.27,88.27,88.27,88.27,0.0,2026-03-05 17:35:00
1772732400000,88.27,88.27,88.27,88.27,0.0,2026-03-05 17:40:00
1772732700000,88.27,88.27,88.27,88.27,0.0,2026-03-05 17:45:00
1772733000000,88.22,88.22,88.22,88.22,5.33,2026-03-05 17:50:00
1772733300000,88.06,88.18,88.03,88.11,28.47,2026-03-05 17:55:00
1772733600000,88.09,88.26,88.09,88.26,3.182,2026-03-05 18:00:00
1772733900000,88.16,88.33,88.16,88.33,16.45,2026-03-05 18:05:00
1772734200000,88.36,88.42,88.25,88.25,5.487,2026-03-05 18:10:00
1772734500000,88.25,88.25,88.25,88.25,0.0,2026-03-05 18:15:00
1772734800000,88.33,88.33,88.3,88.3,0.861,2026-03-05 18:20:00
1772735100000,88.3,88.3,88.3,88.3,0.0,2026-03-05 18:25:00
1772735400000,88.15,88.2,88.15,88.2,13.5,2026-03-05 18:30:00
1772735700000,88.58,88.58,88.58,88.58,0.068,2026-03-05 18:35:00
1772736000000,88.58,88.58,88.58,88.58,0.0,2026-03-05 18:40:00
1772736300000,88.58,88.58,88.58,88.58,0.0,2026-03-05 18:45:00
1772736600000,88.58,88.58,88.58,88.58,0.0,2026-03-05 18:50:00
1772736900000,88.59,88.59,88.59,88.59,0.1,2026-03-05 18:55:00
1772737200000,88.89,89.07,88.89,89.06,9.14,2026-03-05 19:00:00
1772737500000,89.06,89.06,89.06,89.06,0.0,2026-03-05 19:05:00
1772737800000,89.09,89.09,88.92,88.92,0.886,2026-03-05 19:10:00
1772738100000,88.92,88.92,88.92,88.92,0.0,2026-03-05 19:15:00
1772738400000,89.18,89.18,89.18,89.18,1.119,2026-03-05 19:20:00
1772738700000,89.0,89.0,89.0,89.0,1.121,2026-03-05 19:25:00
1772739000000,88.94,89.04,88.94,89.04,4.23,2026-03-05 19:30:00
1772739300000,89.04,89.04,89.04,89.04,0.0,2026-03-05 19:35:00
1772739600000,89.04,89.04,89.04,89.04,0.0,2026-03-05 19:40:00
1772739900000,88.91,88.91,88.91,88.91,1.123,2026-03-05 19:45:00
1772740200000,88.9,88.9,88.9,88.9,1.629,2026-03-05 19:50:00
1772740500000,88.9,88.9,88.9,88.9,0.0,2026-03-05 19:55:00
1772740800000,88.77,88.79,88.7,88.74,1.315,2026-03-05 20:00:00
1772741100000,88.98,88.98,88.98,88.98,0.056,2026-03-05 20:05:00
1772741400000,89.14,89.14,89.02,89.04,23.602,2026-03-05 20:10:00
1772741700000,89.04,89.04,89.04,89.04,0.0,2026-03-05 20:15:00
1772742000000,89.2,89.4,89.2,89.4,1.017,2026-03-05 20:20:00
1772742300000,89.4,89.4,89.19,89.19,0.341,2026-03-05 20:25:00
1772742600000,89.19,89.19,89.19,89.19,0.0,2026-03-05 20:30:00
1772742900000,89.5,89.5,89.5,89.5,1.094,2026-03-05 20:35:00
1772743200000,89.24,89.24,89.24,89.24,1.117,2026-03-05 20:40:00
1772743500000,89.13,89.26,89.13,89.25,26.124,2026-03-05 20:45:00
1772743800000,89.29,89.3,89.04,89.04,30.772,2026-03-05 20:50:00
1772744100000,89.04,89.04,89.04,89.04,0.0,2026-03-05 20:55:00
1772744400000,89.04,89.04,89.04,89.04,0.0,2026-03-05 21:00:00
1772744700000,89.29,89.29,89.28,89.28,4.607,2026-03-05 21:05:00
1772745000000,89.3,89.3,89.3,89.3,0.112,2026-03-05 21:10:00
1772745300000,89.3,89.3,89.3,89.3,0.0,2026-03-05 21:15:00
1772745600000,89.76,89.76,89.76,89.76,0.191,2026-03-05 21:20:00
1772745900000,89.66,89.73,89.66,89.73,46.242,2026-03-05 21:25:00
1772746200000,89.82,89.84,89.65,89.65,4.623,2026-03-05 21:30:00
1772746500000,89.65,89.65,89.65,89.65,0.0,2026-03-05 21:35:00
1772746800000,89.14,89.14,89.14,89.14,4.209,2026-03-05 21:40:00
1772747100000,89.13,89.13,89.13,89.13,0.23,2026-03-05 21:45:00
1772747400000,89.13,89.13,89.13,89.13,0.0,2026-03-05 21:50:00
1772747700000,89.13,89.13,89.13,89.13,0.0,2026-03-05 21:55:00
1772748000000,89.14,89.21,89.14,89.21,0.583,2026-03-05 22:00:00
1772748300000,89.13,89.13,89.13,89.13,2.12,2026-03-05 22:05:00
1772748600000,89.1,89.1,89.03,89.05,90.892,2026-03-05 22:10:00
1772748900000,89.0,89.0,89.0,89.0,0.813,2026-03-05 22:15:00
1772749200000,89.02,89.02,88.99,88.99,9.93,2026-03-05 22:20:00
1772749500000,88.9,88.9,88.9,88.9,1.886,2026-03-05 22:25:00
1772749800000,89.05,89.09,89.05,89.09,27.818,2026-03-05 22:30:00
1772750100000,89.17,89.17,89.17,89.17,1.138,2026-03-05 22:35:00
1772750400000,89.17,89.17,89.17,89.17,0.0,2026-03-05 22:40:00
1772750700000,89.17,89.17,89.17,89.17,0.0,2026-03-05 22:45:00
1772751000000,89.17,89.17,89.17,89.17,0.0,2026-03-05 22:50:00
1772751300000,89.17,89.17,89.17,89.17,0.0,2026-03-05 22:55:00
1772751600000,89.17,89.17,89.17,89.17,0.0,2026-03-05 23:00:00
1772751900000,89.06,89.06,89.06,89.06,0.56,2026-03-05 23:05:00
1772752200000,88.97,88.97,88.97,88.97,0.56,2026-03-05 23:10:00
1772752500000,89.01,89.01,89.01,89.01,1.273,2026-03-05 23:15:00
1772752800000,89.01,89.01,89.01,89.01,0.0,2026-03-05 23:20:00
1772753100000,89.01,89.01,89.01,89.01,0.0,2026-03-05 23:25:00
1772753400000,88.94,88.94,88.89,88.89,1.229,2026-03-05 23:30:00
1772753700000,88.69,88.76,88.69,88.75,12.02,2026-03-05 23:35:00
1772754000000,88.75,88.75,88.75,88.75,0.0,2026-03-05 23:40:00
1772754300000,88.75,88.75,88.75,88.75,1.619,2026-03-05 23:45:00
1772754600000,88.74,88.74,88.74,88.74,0.322,2026-03-05 23:50:00
1772754900000,88.74,88.74,88.74,88.74,0.0,2026-03-05 23:55:00
1772755200000,88.85,88.85,88.82,88.84,1.626,2026-03-06 00:00:00
1772755500000,88.84,88.84,88.84,88.84,0.0,2026-03-06 00:05:00
1772755800000,88.86,88.86,88.86,88.86,0.034,2026-03-06 00:10:00
1772756100000,88.86,88.86,88.86,88.86,0.0,2026-03-06 00:15:00
1772756400000,88.86,88.86,88.86,88.86,0.0,2026-03-06 00:20:00
1772756700000,88.86,88.86,88.86,88.86,0.0,2026-03-06 00:25:00
1772757000000,88.79,88.79,88.79,88.79,1.236,2026-03-06 00:30:00
1772757300000,88.86,88.86,88.75,88.83,12.229,2026-03-06 00:35:00
1772757600000,88.87,88.87,88.87,88.87,0.174,2026-03-06 00:40:00
1772757900000,88.86,88.86,88.86,88.86,1.125,2026-03-06 00:45:00
1772758200000,88.68,88.68,88.68,88.68,0.091,2026-03-06 00:50:00
1772758500000,88.68,88.68,88.68,88.68,0.0,2026-03-06 00:55:00
1772758800000,88.76,88.76,88.76,88.76,0.4,2026-03-06 01:00:00
1772759100000,88.84,88.84,88.81,88.82,1.696,2026-03-06 01:05:00
1772759400000,88.8,88.8,88.8,88.8,2.181,2026-03-06 01:10:00
1772759700000,88.64,88.74,88.64,88.74,3.173,2026-03-06 01:15:00
1772760000000,88.69,88.69,88.69,88.69,0.056,2026-03-06 01:20:00
1772760300000,88.05,88.18,88.05,88.18,4.822,2026-03-06 01:25:00
1772760600000,88.7,88.7,88.7,88.7,4.219,2026-03-06 01:30:00
1772760900000,89.17,89.17,89.14,89.14,7.015,2026-03-06 01:35:00
1772761200000,89.14,89.14,89.14,89.14,0.0,2026-03-06 01:40:00
1772761500000,89.14,89.14,89.14,89.14,0.0,2026-03-06 01:45:00
1772761800000,89.14,89.14,89.14,89.14,0.0,2026-03-06 01:50:00
1772762100000,89.14,89.14,89.14,89.14,0.0,2026-03-06 01:55:00
1772762400000,89.14,89.14,89.14,89.14,0.0,2026-03-06 02:00:00
1772762700000,89.14,89.14,89.14,89.14,0.0,2026-03-06 02:05:00
1772763000000,89.04,89.25,89.04,89.25,2.495,2026-03-06 02:10:00
1772763300000,89.17,89.17,89.17,89.17,1.089,2026-03-06 02:15:00
1772763600000,88.65,88.65,88.33,88.33,6.388,2026-03-06 02:20:00
1772763900000,88.46,88.46,88.35,88.35,0.158,2026-03-06 02:25:00
1772764200000,88.66,88.68,88.41,88.41,20.31,2026-03-06 02:30:00
1772764500000,88.41,88.41,88.41,88.41,0.0,2026-03-06 02:35:00
1772764800000,88.63,88.75,88.63,88.75,1.239,2026-03-06 02:40:00
1772765100000,88.75,88.75,88.75,88.75,0.0,2026-03-06 02:45:00
1772765400000,88.5,88.5,88.37,88.37,19.155,2026-03-06 02:50:00
1772765700000,88.38,88.39,88.38,88.39,4.936,2026-03-06 02:55:00
1772766000000,88.47,88.48,88.35,88.4,3.704,2026-03-06 03:00:00
1772766300000,88.53,88.64,88.52,88.52,114.714,2026-03-06 03:05:00
1772766600000,88.54,88.54,88.22,88.26,7.598,2026-03-06 03:10:00
1772766900000,88.25,88.25,88.25,88.25,0.243,2026-03-06 03:15:00
1772767200000,88.25,88.25,88.25,88.25,0.0,2026-03-06 03:20:00
1772767500000,88.52,88.52,88.52,88.52,0.113,2026-03-06 03:25:00
1772767800000,88.52,88.52,88.52,88.52,0.0,2026-03-06 03:30:00
1772768100000,88.52,88.52,88.5,88.5,31.527,2026-03-06 03:35:00
1772768400000,88.4,88.4,88.4,88.4,5.643,2026-03-06 03:40:00
1772768700000,88.4,88.4,88.4,88.4,0.0,2026-03-06 03:45:00
1772769000000,88.39,88.39,88.38,88.38,2.968,2026-03-06 03:50:00
1772769300000,88.38,88.38,88.38,88.38,0.0,2026-03-06 03:55:00
1772769600000,88.38,88.38,88.38,88.38,0.0,2026-03-06 04:00:00
1772769900000,88.38,88.38,88.38,88.38,0.0,2026-03-06 04:05:00
1772770200000,88.32,88.32,88.32,88.32,0.125,2026-03-06 04:10:00
1772770500000,88.39,88.44,88.39,88.41,2.636,2026-03-06 04:15:00
1772770800000,88.4,88.4,88.4,88.4,0.097,2026-03-06 04:20:00
1772771100000,88.52,88.52,88.49,88.49,29.394,2026-03-06 04:25:00
1772771400000,88.52,88.52,88.52,88.52,0.959,2026-03-06 04:30:00
1772771700000,88.43,88.43,88.43,88.43,0.226,2026-03-06 04:35:00
1772772000000,88.15,88.15,87.7,88.06,32.446,2026-03-06 04:40:00
1772772300000,88.06,88.06,88.06,88.06,0.0,2026-03-06 04:45:00
1772772600000,88.06,88.06,88.06,88.06,0.0,2026-03-06 04:50:00
1772772900000,88.15,88.15,88.15,88.15,0.068,2026-03-06 04:55:00
1772773200000,88.12,88.12,88.12,88.12,0.467,2026-03-06 05:00:00
1772773500000,88.08,88.08,87.98,87.98,0.068,2026-03-06 05:05:00
1772773800000,88.02,88.02,88.02,88.02,0.067,2026-03-06 05:10:00
1772774100000,88.02,88.02,88.02,88.02,0.0,2026-03-06 05:15:00
1772774400000,88.02,88.02,88.02,88.02,0.0,2026-03-06 05:20:00
1772774700000,88.02,88.02,88.02,88.02,0.0,2026-03-06 05:25:00
1772775000000,87.96,87.96,87.96,87.96,0.08,2026-03-06 05:30:00
1772775300000,87.62,87.62,87.58,87.58,7.583,2026-03-06 05:35:00
1772775600000,87.55,87.58,87.55,87.58,0.085,2026-03-06 05:40:00
1772775900000,87.54,87.59,87.54,87.59,2.775,2026-03-06 05:45:00
1772776200000,87.73,87.73,87.73,87.73,0.1,2026-03-06 05:50:00
1772776500000,87.98,87.98,87.98,87.98,0.53,2026-03-06 05:55:00
1772776800000,87.98,87.98,87.98,87.98,0.0,2026-03-06 06:00:00
1772777100000,87.98,87.98,87.98,87.98,0.0,2026-03-06 06:05:00
1772777400000,87.75,87.77,87.75,87.77,1.69,2026-03-06 06:10:00
1772777700000,87.81,87.81,87.81,87.81,0.031,2026-03-06 06:15:00
1772778000000,87.81,87.81,87.79,87.79,1.749,2026-03-06 06:20:00
1772778300000,87.92,87.92,87.92,87.92,1.209,2026-03-06 06:25:00
1772778600000,87.92,87.92,87.92,87.92,1.901,2026-03-06 06:30:00
1772778900000,87.93,87.93,87.93,87.93,2.476,2026-03-06 06:35:00
1772779200000,87.93,87.93,87.93,87.93,0.0,2026-03-06 06:40:00
1772779500000,88.21,88.45,88.21,88.45,9.471,2026-03-06 06:45:00
1772779800000,88.45,88.45,88.45,88.45,0.0,2026-03-06 06:50:00
1772780100000,88.17,88.17,88.17,88.17,0.543,2026-03-06 06:55:00
1772780400000,88.19,88.19,88.19,88.19,3.171,2026-03-06 07:00:00
1772780700000,88.21,88.21,88.21,88.21,0.031,2026-03-06 07:05:00
1772781000000,88.21,88.21,88.21,88.21,0.0,2026-03-06 07:10:00
1772781300000,88.06,88.06,88.06,88.06,0.114,2026-03-06 07:15:00
1772781600000,88.27,88.35,88.27,88.35,10.439,2026-03-06 07:20:00
1772781900000,88.48,88.59,88.48,88.59,3.249,2026-03-06 07:25:00
1772782200000,88.62,88.62,88.54,88.54,1.856,2026-03-06 07:30:00
1772782500000,88.54,88.54,88.54,88.54,0.0,2026-03-06 07:35:00
1772782800000,88.69,88.69,88.69,88.69,0.058,2026-03-06 07:40:00
1772783100000,88.69,88.89,88.69,88.89,4.432,2026-03-06 07:45:00
1772783400000,88.7,88.7,88.7,88.7,2.137,2026-03-06 07:50:00
1772783700000,88.74,88.74,88.74,88.74,0.281,2026-03-06 07:55:00
1772784000000,88.64,88.64,88.45,88.45,0.128,2026-03-06 08:00:00
1772784300000,88.44,88.44,88.44,88.44,0.596,2026-03-06 08:05:00
1772784600000,88.41,88.41,88.41,88.41,1.128,2026-03-06 08:10:00
1772784900000,88.42,88.47,88.42,88.44,6.587,2026-03-06 08:15:00
1772785200000,88.44,88.44,88.44,88.44,0.0,2026-03-06 08:20:00
1772785500000,88.44,88.44,88.44,88.44,0.0,2026-03-06 08:25:00
1772785800000,88.53,88.53,88.53,88.53,0.198,2026-03-06 08:30:00
1772786100000,88.53,88.53,88.53,88.53,0.0,2026-03-06 08:35:00
1772786400000,88.53,88.53,88.53,88.53,0.0,2026-03-06 08:40:00
1772786700000,88.58,88.58,88.58,88.58,0.959,2026-03-06 08:45:00
1772787000000,88.58,88.58,88.58,88.58,0.0,2026-03-06 08:50:00
1772787300000,88.58,88.58,88.58,88.58,0.0,2026-03-06 08:55:00
1772787600000,88.58,88.58,88.58,88.58,0.0,2026-03-06 09:00:00
1772787900000,88.41,88.52,88.37,88.52,10.617,2026-03-06 09:05:00
1772788200000,88.03,88.03,87.72,87.72,14.854,2026-03-06 09:10:00
1772788500000,87.76,87.76,87.4,87.65,8.666,2026-03-06 09:15:00
1772788800000,87.65,87.65,87.65,87.65,0.0,2026-03-06 09:20:00
1772789100000,87.36,87.36,87.36,87.36,4.931,2026-03-06 09:25:00
1772789400000,87.34,87.34,87.18,87.18,12.473,2026-03-06 09:30:00
1772789700000,87.18,87.18,87.18,87.18,0.0,2026-03-06 09:35:00
1772790000000,87.18,87.18,87.18,87.18,0.0,2026-03-06 09:40:00
1772790300000,87.18,87.18,87.18,87.18,0.0,2026-03-06 09:45:00
1772790600000,87.18,87.18,87.18,87.18,0.0,2026-03-06 09:50:00
1772790900000,87.18,87.18,87.18,87.18,0.0,2026-03-06 09:55:00
1772791200000,87.18,87.18,87.18,87.18,0.0,2026-03-06 10:00:00
1772791500000,87.18,87.18,87.18,87.18,0.0,2026-03-06 10:05:00
1772791800000,87.18,87.18,87.18,87.18,0.0,2026-03-06 10:10:00
1772792100000,87.18,87.18,87.18,87.18,0.0,2026-03-06 10:15:00
1772792400000,87.18,87.18,87.18,87.18,0.0,2026-03-06 10:20:00
1772792700000,87.77,87.9,87.75,87.9,3.026,2026-03-06 10:25:00
1772793000000,87.9,87.9,87.9,87.9,0.0,2026-03-06 10:30:00
1772793300000,87.69,87.69,87.69,87.69,1.138,2026-03-06 10:35:00
1772793600000,87.69,87.69,87.69,87.69,0.0,2026-03-06 10:40:00
1772793900000,87.69,87.69,87.69,87.69,0.0,2026-03-06 10:45:00
1772794200000,87.63,87.89,87.63,87.89,28.257,2026-03-06 10:50:00
1772794500000,87.89,87.89,87.89,87.89,0.0,2026-03-06 10:55:00
1772794800000,87.89,87.89,87.89,87.89,0.0,2026-03-06 11:00:00
1772795100000,87.6,87.69,87.6,87.69,0.603,2026-03-06 11:05:00
1772795400000,87.69,87.69,87.69,87.69,0.0,2026-03-06 11:10:00
1772795700000,87.69,87.69,87.69,87.69,0.0,2026-03-06 11:15:00
1772796000000,87.69,87.69,87.69,87.69,0.0,2026-03-06 11:20:00
1772796300000,87.84,87.84,87.84,87.84,0.17,2026-03-06 11:25:00
1772796600000,87.79,87.79,87.76,87.76,2.377,2026-03-06 11:30:00
1772796900000,87.76,87.76,87.76,87.76,2.049,2026-03-06 11:35:00
1772797200000,87.76,87.76,87.76,87.76,0.0,2026-03-06 11:40:00
1772797500000,87.41,87.41,87.41,87.41,3.042,2026-03-06 11:45:00
1772797800000,87.17,87.17,87.15,87.17,3.301,2026-03-06 11:50:00
1772798100000,87.23,87.27,87.12,87.27,5.846,2026-03-06 11:55:00
1772798400000,87.25,87.25,87.07,87.07,0.763,2026-03-06 12:00:00
1772798700000,86.9,86.9,86.5,86.62,111.604,2026-03-06 12:05:00
1772799000000,86.41,86.41,86.19,86.32,0.822,2026-03-06 12:10:00
1772799300000,86.32,86.32,86.32,86.32,0.0,2026-03-06 12:15:00
1772799600000,86.32,86.32,86.32,86.32,0.0,2026-03-06 12:20:00
1772799900000,86.89,86.89,86.87,86.87,3.255,2026-03-06 12:25:00
1772800200000,86.86,86.86,86.86,86.86,0.299,2026-03-06 12:30:00
1772800500000,86.33,86.33,86.19,86.29,6.677,2026-03-06 12:35:00
1772800800000,86.25,86.28,86.25,86.28,4.969,2026-03-06 12:40:00
1772801100000,86.29,86.29,86.0,86.19,25.923,2026-03-06 12:45:00
1772801400000,86.19,86.19,86.19,86.19,0.0,2026-03-06 12:50:00
1772801700000,86.19,86.19,86.19,86.19,0.0,2026-03-06 12:55:00
1772802000000,86.57,86.6,86.57,86.59,1.648,2026-03-06 13:00:00
1772802300000,86.65,86.65,86.65,86.65,0.288,2026-03-06 13:05:00
1772802600000,86.58,86.58,86.58,86.58,0.253,2026-03-06 13:10:00
1772802900000,86.58,86.58,86.58,86.58,0.0,2026-03-06 13:15:00
1772803200000,86.51,86.52,86.51,86.52,2.496,2026-03-06 13:20:00
1772803500000,86.67,86.67,86.67,86.67,0.576,2026-03-06 13:25:00
1772803800000,86.29,86.29,86.14,86.14,8.733,2026-03-06 13:30:00
1772804100000,86.82,86.82,86.77,86.77,3.277,2026-03-06 13:35:00
1772804400000,86.65,86.65,86.65,86.65,0.606,2026-03-06 13:40:00
1772804700000,86.65,86.65,86.65,86.65,0.0,2026-03-06 13:45:00
1772805000000,86.65,86.65,86.65,86.65,0.0,2026-03-06 13:50:00
1772805300000,86.54,86.54,85.57,85.57,230.808,2026-03-06 13:55:00
1772805600000,85.56,85.6,85.36,85.6,17.992,2026-03-06 14:00:00
1772805900000,85.57,85.57,85.11,85.11,4.489,2026-03-06 14:05:00
1772806200000,85.12,85.21,84.89,85.12,56.065,2026-03-06 14:10:00
1772806500000,85.05,85.05,85.05,85.05,20.0,2026-03-06 14:15:00
1772806800000,85.21,85.23,85.21,85.23,0.093,2026-03-06 14:20:00
1772807100000,85.23,85.23,85.23,85.23,0.0,2026-03-06 14:25:00
1772807400000,85.14,85.14,84.84,84.84,10.913,2026-03-06 14:30:00
1772807700000,84.68,84.68,84.28,84.28,28.288,2026-03-06 14:35:00
1772808000000,84.74,84.74,84.67,84.67,2.27,2026-03-06 14:40:00
1772808300000,84.74,84.74,84.48,84.5,75.448,2026-03-06 14:45:00
1772808600000,84.34,84.41,84.24,84.24,17.27,2026-03-06 14:50:00
1772808900000,84.2,84.27,83.98,84.19,57.714,2026-03-06 14:55:00
1772809200000,84.48,84.6,84.41,84.58,10.326,2026-03-06 15:00:00
1772809500000,84.29,84.29,84.29,84.29,0.703,2026-03-06 15:05:00
1772809800000,84.43,84.58,84.39,84.58,4.041,2026-03-06 15:10:00
1772810100000,84.71,85.02,84.71,85.02,7.033,2026-03-06 15:15:00
1772810400000,85.02,85.02,85.02,85.02,0.0,2026-03-06 15:20:00
1772810700000,85.05,85.15,85.03,85.03,42.565,2026-03-06 15:25:00
1772811000000,85.09,85.14,85.09,85.14,0.12,2026-03-06 15:30:00
1772811300000,85.14,85.14,85.14,85.14,0.0,2026-03-06 15:35:00
1772811600000,84.9,84.97,84.89,84.89,7.384,2026-03-06 15:40:00
1772811900000,84.7,84.7,84.7,84.7,3.245,2026-03-06 15:45:00
1772812200000,84.68,84.68,84.61,84.61,157.016,2026-03-06 15:50:00
1772812500000,84.61,84.61,84.61,84.61,0.0,2026-03-06 15:55:00
1772812800000,84.61,84.61,84.61,84.61,0.1,2026-03-06 16:00:00
1772813100000,84.94,84.94,84.87,84.87,0.161,2026-03-06 16:05:00
1772813400000,84.87,84.87,84.87,84.87,0.0,2026-03-06 16:10:00
1772813700000,84.87,84.87,84.87,84.87,0.0,2026-03-06 16:15:00
1772814000000,84.47,84.5,84.47,84.5,2.68,2026-03-06 16:20:00
1772814300000,84.5,84.5,84.5,84.5,0.0,2026-03-06 16:25:00
1772814600000,84.5,84.5,84.5,84.5,0.0,2026-03-06 16:30:00
1772814900000,84.5,84.5,84.5,84.5,0.0,2026-03-06 16:35:00
1772815200000,84.5,84.5,84.5,84.5,0.0,2026-03-06 16:40:00
1772815500000,84.5,84.5,84.5,84.5,0.0,2026-03-06 16:45:00
1772815800000,84.2,84.2,84.2,84.2,20.0,2026-03-06 16:50:00
1772816100000,84.4,84.4,84.4,84.4,1.184,2026-03-06 16:55:00
1772816400000,84.43,84.43,84.38,84.38,3.092,2026-03-06 17:00:00
1772816700000,84.46,84.46,84.31,84.31,4.453,2026-03-06 17:05:00
1772817000000,84.42,84.43,84.42,84.43,11.812,2026-03-06 17:10:00
1772817300000,84.43,84.43,84.43,84.43,0.0,2026-03-06 17:15:00
1772817600000,84.55,84.66,84.43,84.66,13.702,2026-03-06 17:20:00
1772817900000,84.29,84.29,84.29,84.29,14.006,2026-03-06 17:25:00
1772818200000,84.3,84.38,84.3,84.38,33.982,2026-03-06 17:30:00
1772818500000,84.1,84.1,83.6,83.73,29.638,2026-03-06 17:35:00
1772818800000,83.69,83.69,83.69,83.69,0.478,2026-03-06 17:40:00
1772819100000,83.69,83.69,83.69,83.69,0.0,2026-03-06 17:45:00
1772819400000,83.69,83.69,83.69,83.69,0.0,2026-03-06 17:50:00
1772819700000,83.69,83.69,83.69,83.69,0.0,2026-03-06 17:55:00
1772820000000,84.17,84.58,84.17,84.58,5.693,2026-03-06 18:00:00
1772820300000,84.76,84.76,84.63,84.63,1.239,2026-03-06 18:05:00
1772820600000,84.71,84.71,84.71,84.71,0.15,2026-03-06 18:10:00
1772820900000,84.9,84.9,84.9,84.9,0.198,2026-03-06 18:15:00
1772821200000,84.76,84.86,84.76,84.86,35.601,2026-03-06 18:20:00
1772821500000,84.8,84.82,84.8,84.82,6.239,2026-03-06 18:25:00
1772821800000,84.8,85.03,84.8,85.03,1.175,2026-03-06 18:30:00
1772822100000,85.17,85.19,85.17,85.19,28.315,2026-03-06 18:35:00
1772822400000,85.23,85.34,85.23,85.34,9.34,2026-03-06 18:40:00
1772822700000,85.29,85.6,85.29,85.43,23.625,2026-03-06 18:45:00
1772823000000,85.56,85.56,85.44,85.44,10.471,2026-03-06 18:50:00
1772823300000,85.44,85.44,85.44,85.44,0.773,2026-03-06 18:55:00
1772823600000,85.44,85.44,85.44,85.44,0.0,2026-03-06 19:00:00
1772823900000,85.28,85.45,85.28,85.45,0.293,2026-03-06 19:05:00
1772824200000,85.47,85.47,85.47,85.47,0.233,2026-03-06 19:10:00
1772824500000,85.63,85.77,85.63,85.77,3.099,2026-03-06 19:15:00
1772824800000,85.77,85.77,85.77,85.77,0.0,2026-03-06 19:20:00
1772825100000,85.52,85.52,85.51,85.51,3.219,2026-03-06 19:25:00
1772825400000,85.43,85.47,85.43,85.47,5.902,2026-03-06 19:30:00
1772825700000,85.39,85.39,85.39,85.39,0.117,2026-03-06 19:35:00
1772826000000,85.39,85.39,85.39,85.39,0.0,2026-03-06 19:40:00
1772826300000,85.3,85.3,85.29,85.29,2.716,2026-03-06 19:45:00
1772826600000,85.17,85.2,85.17,85.2,0.814,2026-03-06 19:50:00
1772826900000,85.22,85.22,85.22,85.22,2.353,2026-03-06 19:55:00
1772827200000,85.27,85.36,85.26,85.36,11.16,2026-03-06 20:00:00
1772827500000,85.31,85.31,85.3,85.3,0.098,2026-03-06 20:05:00
1772827800000,85.3,85.3,85.3,85.3,0.0,2026-03-06 20:10:00
1772828100000,85.03,85.09,84.99,84.99,12.467,2026-03-06 20:15:00
1772828400000,84.9,85.03,84.88,85.03,8.212,2026-03-06 20:20:00
1772828700000,85.03,85.03,85.03,85.03,0.0,2026-03-06 20:25:00
1772829000000,84.67,84.68,84.67,84.68,5.106,2026-03-06 20:30:00
1772829300000,84.67,84.73,84.66,84.73,4.721,2026-03-06 20:35:00
1772829600000,85.04,85.04,85.04,85.04,0.235,2026-03-06 20:40:00
1772829900000,85.04,85.04,85.04,85.04,0.0,2026-03-06 20:45:00
1772830200000,85.04,85.04,85.04,85.04,0.0,2026-03-06 20:50:00
1772830500000,85.1,85.1,85.1,85.1,0.117,2026-03-06 20:55:00
1772830800000,85.03,85.03,85.03,85.03,0.018,2026-03-06 21:00:00
1772831100000,85.03,85.03,85.03,85.03,0.0,2026-03-06 21:05:00
1772831400000,85.03,85.03,85.03,85.03,0.0,2026-03-06 21:10:00
1772831700000,85.03,85.03,85.03,85.03,0.0,2026-03-06 21:15:00
1772832000000,84.58,84.58,84.54,84.54,0.141,2026-03-06 21:20:00
1772832300000,84.52,84.55,84.48,84.51,26.405,2026-03-06 21:25:00
1772832600000,84.51,84.51,84.51,84.51,0.0,2026-03-06 21:30:00
1772832900000,84.51,84.51,84.51,84.51,0.0,2026-03-06 21:35:00
1772833200000,84.51,84.51,84.51,84.51,0.0,2026-03-06 21:40:00
1772833500000,84.7,84.7,84.66,84.66,69.107,2026-03-06 21:45:00
1772833800000,84.65,84.65,84.65,84.65,1.003,2026-03-06 21:50:00
1772834100000,84.72,84.72,84.72,84.72,0.151,2026-03-06 21:55:00
1772834400000,84.72,84.72,84.72,84.72,0.0,2026-03-06 22:00:00
1772834700000,84.66,84.66,84.66,84.66,1.183,2026-03-06 22:05:00
1772835000000,84.68,84.68,84.62,84.62,1.688,2026-03-06 22:10:00
1772835300000,84.62,84.62,84.62,84.62,0.0,2026-03-06 22:15:00
1772835600000,84.62,84.62,84.62,84.62,0.0,2026-03-06 22:20:00
1772835900000,84.67,84.81,84.67,84.81,74.598,2026-03-06 22:25:00
1772836200000,84.68,84.68,84.68,84.68,0.09,2026-03-06 22:30:00
1772836500000,84.68,84.68,84.68,84.68,0.0,2026-03-06 22:35:00
1772836800000,84.68,84.68,84.68,84.68,0.0,2026-03-06 22:40:00
1772837100000,84.68,84.68,84.68,84.68,0.0,2026-03-06 22:45:00
1772837400000,85.0,85.0,85.0,85.0,0.706,2026-03-06 22:50:00
1772837700000,85.0,85.0,85.0,85.0,0.0,2026-03-06 22:55:00
1772838000000,84.93,84.93,84.93,84.93,0.186,2026-03-06 23:00:00
1772838300000,84.94,84.98,84.94,84.98,1.78,2026-03-06 23:05:00
1772838600000,85.01,85.01,85.01,85.01,0.059,2026-03-06 23:10:00
1772838900000,85.0,85.0,84.99,84.99,4.26,2026-03-06 23:15:00
1772839200000,85.04,85.04,85.04,85.04,0.511,2026-03-06 23:20:00
1772839500000,85.04,85.04,85.04,85.04,0.0,2026-03-06 23:25:00
1772839800000,85.04,85.04,85.04,85.04,0.0,2026-03-06 23:30:00
1772840100000,85.04,85.04,85.04,85.04,0.0,2026-03-06 23:35:00
1772840400000,84.75,84.75,84.68,84.68,16.444,2026-03-06 23:40:00
1772840700000,84.71,84.74,84.71,84.74,2.697,2026-03-06 23:45:00
1772841000000,84.64,84.68,84.62,84.68,16.46,2026-03-06 23:50:00
1772841300000,84.68,84.68,84.68,84.68,0.0,2026-03-06 23:55:00
1772841600000,84.68,84.68,84.68,84.68,0.0,2026-03-07 00:00:00
1772841900000,84.76,84.77,84.76,84.77,0.529,2026-03-07 00:05:00
1772842200000,84.93,84.93,84.85,84.85,23.268,2026-03-07 00:10:00
1772842500000,84.77,84.85,84.77,84.85,137.23,2026-03-07 00:15:00
1772842800000,84.85,84.85,84.85,84.85,0.0,2026-03-07 00:20:00
1772843100000,84.85,84.85,84.85,84.85,0.0,2026-03-07 00:25:00
1772843400000,85.0,85.0,85.0,85.0,0.235,2026-03-07 00:30:00
1772843700000,84.77,84.77,84.77,84.77,3.082,2026-03-07 00:35:00
1772844000000,84.77,84.77,84.77,84.77,0.0,2026-03-07 00:40:00
1772844300000,84.77,84.77,84.77,84.77,0.0,2026-03-07 00:45:00
1772844600000,84.77,84.77,84.77,84.77,0.0,2026-03-07 00:50:00
1772844900000,84.77,84.77,84.77,84.77,0.0,2026-03-07 00:55:00
1772845200000,84.87,84.87,84.87,84.87,0.047,2026-03-07 01:00:00
1772845500000,84.79,84.79,84.79,84.79,2.4,2026-03-07 01:05:00
1772845800000,84.79,84.79,84.79,84.79,0.0,2026-03-07 01:10:00
1772846100000,84.79,84.79,84.79,84.79,0.0,2026-03-07 01:15:00
1772846400000,84.67,84.67,84.67,84.67,0.108,2026-03-07 01:20:00
1772846700000,84.61,84.61,84.61,84.61,0.152,2026-03-07 01:25:00
1772847000000,84.61,84.61,84.61,84.61,0.0,2026-03-07 01:30:00
1772847300000,84.61,84.61,84.61,84.61,0.0,2026-03-07 01:35:00
1772847600000,84.69,84.69,84.69,84.69,0.151,2026-03-07 01:40:00
1772847900000,84.69,84.69,84.69,84.69,0.0,2026-03-07 01:45:00
1772848200000,84.69,84.69,84.69,84.69,0.0,2026-03-07 01:50:00
1772848500000,84.7,84.7,84.7,84.7,1.107,2026-03-07 01:55:00
1772848800000,84.66,84.66,84.66,84.66,0.883,2026-03-07 02:00:00
1772849100000,84.66,84.66,84.66,84.66,0.0,2026-03-07 02:05:00
1772849400000,84.73,84.73,84.73,84.73,0.285,2026-03-07 02:10:00
1772849700000,84.68,84.68,84.68,84.68,0.354,2026-03-07 02:15:00
1772850000000,84.5,84.5,84.5,84.5,3.05,2026-03-07 02:20:00
1772850300000,84.5,84.5,84.5,84.5,0.0,2026-03-07 02:25:00
1772850600000,84.5,84.5,84.5,84.5,0.0,2026-03-07 02:30:00
1772850900000,84.5,84.5,84.5,84.5,0.0,2026-03-07 02:35:00
1772851200000,84.54,84.54,84.54,84.54,0.152,2026-03-07 02:40:00
1772851500000,84.54,84.54,84.54,84.54,0.0,2026-03-07 02:45:00
1772851800000,84.54,84.54,84.54,84.54,0.0,2026-03-07 02:50:00
1772852100000,84.51,84.62,84.51,84.62,176.11,2026-03-07 02:55:00
1772852400000,84.68,84.68,84.68,84.68,0.13,2026-03-07 03:00:00
1772852700000,84.68,84.68,84.68,84.68,0.0,2026-03-07 03:05:00
1772853000000,84.72,85.06,84.72,85.06,0.444,2026-03-07 03:10:00
1772853300000,84.8,84.8,84.8,84.8,5.882,2026-03-07 03:15:00
1772853600000,84.72,84.72,84.67,84.67,0.387,2026-03-07 03:20:00
1772853900000,84.65,84.65,84.62,84.65,37.506,2026-03-07 03:25:00
1772854200000,84.63,84.64,84.63,84.64,14.342,2026-03-07 03:30:00
1772854500000,84.62,84.62,84.62,84.62,44.203,2026-03-07 03:35:00
1772854800000,84.54,84.59,84.54,84.55,2.226,2026-03-07 03:40:00
1772855100000,84.55,84.55,84.55,84.55,0.0,2026-03-07 03:45:00
1772855400000,84.42,84.42,84.42,84.42,5.351,2026-03-07 03:50:00
1772855700000,84.42,84.42,84.42,84.42,0.0,2026-03-07 03:55:00
1772856000000,84.35,84.35,84.03,84.03,9.926,2026-03-07 04:00:00
1772856300000,84.22,84.26,84.22,84.26,23.842,2026-03-07 04:05:00
1772856600000,84.2,84.2,84.2,84.2,3.291,2026-03-07 04:10:00
1772856900000,84.2,84.2,84.2,84.2,0.0,2026-03-07 04:15:00
1772857200000,84.2,84.2,84.2,84.2,0.0,2026-03-07 04:20:00
1772857500000,84.2,84.2,84.2,84.2,0.0,2026-03-07 04:25:00
1772857800000,84.2,84.2,84.2,84.2,0.0,2026-03-07 04:30:00
1772858100000,84.2,84.2,84.2,84.2,0.0,2026-03-07 04:35:00
1772858400000,84.2,84.2,84.2,84.2,0.0,2026-03-07 04:40:00
1772858700000,84.2,84.2,84.2,84.2,0.0,2026-03-07 04:45:00
1772859000000,84.2,84.2,84.2,84.2,0.0,2026-03-07 04:50:00
1772859300000,84.2,84.2,84.2,84.2,0.0,2026-03-07 04:55:00
1772859600000,84.2,84.2,84.2,84.2,0.0,2026-03-07 05:00:00
1772859900000,84.33,84.33,84.33,84.33,0.035,2026-03-07 05:05:00
1772860200000,84.33,84.33,84.22,84.22,67.558,2026-03-07 05:10:00
1772860500000,84.22,84.22,84.22,84.22,0.0,2026-03-07 05:15:00
1772860800000,84.22,84.22,84.22,84.22,0.0,2026-03-07 05:20:00
1772861100000,84.41,84.41,84.41,84.41,0.591,2026-03-07 05:25:00
1772861400000,84.4,84.4,84.2,84.2,0.65,2026-03-07 05:30:00
1772861700000,84.15,84.15,84.15,84.15,5.446,2026-03-07 05:35:00
1772862000000,84.15,84.15,84.15,84.15,0.0,2026-03-07 05:40:00
1772862300000,84.15,84.15,84.15,84.15,0.0,2026-03-07 05:45:00
1772862600000,84.46,84.47,84.46,84.47,0.879,2026-03-07 05:50:00
1772862900000,84.47,84.47,84.47,84.47,0.0,2026-03-07 05:55:00
1772863200000,84.31,84.32,84.26,84.26,1.237,2026-03-07 06:00:00
1772863500000,84.22,84.22,84.22,84.22,0.118,2026-03-07 06:05:00
1772863800000,84.15,84.15,84.11,84.11,53.252,2026-03-07 06:10:00
1772864100000,84.15,84.15,84.15,84.15,0.178,2026-03-07 06:15:00
1772864400000,84.22,84.22,84.22,84.22,5.922,2026-03-07 06:20:00
1772864700000,84.22,84.22,84.22,84.22,0.0,2026-03-07 06:25:00
1772865000000,84.22,84.22,84.22,84.22,0.0,2026-03-07 06:30:00
1772865300000,84.22,84.22,84.22,84.22,0.0,2026-03-07 06:35:00
1772865600000,84.22,84.22,84.22,84.22,0.0,2026-03-07 06:40:00
1772865900000,84.22,84.22,84.22,84.22,0.0,2026-03-07 06:45:00
1772866200000,84.0,84.0,84.0,84.0,2.965,2026-03-07 06:50:00
1772866500000,84.0,84.0,84.0,84.0,0.0,2026-03-07 06:55:00
1772866800000,84.0,84.0,84.0,84.0,0.0,2026-03-07 07:00:00
1772867100000,83.96,83.98,83.96,83.98,0.207,2026-03-07 07:05:00
1772867400000,84.19,84.19,84.19,84.19,0.119,2026-03-07 07:10:00
1772867700000,84.19,84.19,84.19,84.19,0.0,2026-03-07 07:15:00
1772868000000,84.19,84.19,84.19,84.19,0.0,2026-03-07 07:20:00
1772868300000,84.15,84.15,84.13,84.13,9.516,2026-03-07 07:25:00
1772868600000,84.13,84.13,84.13,84.13,0.0,2026-03-07 07:30:00
1772868900000,84.13,84.13,84.13,84.13,0.0,2026-03-07 07:35:00
1772869200000,84.13,84.13,84.13,84.13,0.0,2026-03-07 07:40:00
1772869500000,84.3,84.3,84.3,84.3,0.284,2026-03-07 07:45:00
1772869800000,84.3,84.3,84.3,84.3,0.0,2026-03-07 07:50:00
1772870100000,84.39,84.45,84.37,84.45,3.437,2026-03-07 07:55:00
1772870400000,84.28,84.28,84.28,84.28,0.092,2026-03-07 08:00:00
1772870700000,84.28,84.28,84.28,84.28,0.0,2026-03-07 08:05:00
1772871000000,84.28,84.28,84.28,84.28,0.0,2026-03-07 08:10:00
1772871300000,84.41,84.41,84.41,84.41,0.549,2026-03-07 08:15:00
1772871600000,84.4,84.42,84.4,84.42,6.224,2026-03-07 08:20:00
1772871900000,84.42,84.42,84.42,84.42,0.0,2026-03-07 08:25:00
1772872200000,84.48,84.55,84.48,84.55,7.68,2026-03-07 08:30:00
1772872500000,84.55,84.55,84.55,84.55,0.0,2026-03-07 08:35:00
1772872800000,84.55,84.55,84.55,84.55,0.0,2026-03-07 08:40:00
1772873100000,84.55,84.55,84.55,84.55,0.0,2026-03-07 08:45:00
1772873400000,84.55,84.55,84.55,84.55,0.0,2026-03-07 08:50:00
1772873700000,84.55,84.55,84.55,84.55,0.0,2026-03-07 08:55:00
1772874000000,84.29,84.29,84.29,84.29,0.095,2026-03-07 09:00:00
1772874300000,84.29,84.29,84.29,84.29,0.0,2026-03-07 09:05:00
1772874600000,84.29,84.29,84.29,84.29,0.0,2026-03-07 09:10:00
1772874900000,84.29,84.29,84.29,84.29,0.0,2026-03-07 09:15:00
1772875200000,84.29,84.29,84.29,84.29,0.0,2026-03-07 09:20:00
1772875500000,84.29,84.29,84.29,84.29,0.0,2026-03-07 09:25:00
1772875800000,84.29,84.29,84.29,84.29,0.0,2026-03-07 09:30:00
1772876100000,84.29,84.29,84.29,84.29,0.0,2026-03-07 09:35:00
1772876400000,84.29,84.29,84.29,84.29,0.0,2026-03-07 09:40:00
1772876700000,84.29,84.29,84.29,84.29,0.0,2026-03-07 09:45:00
1772877000000,84.63,84.63,84.63,84.63,1.178,2026-03-07 09:50:00
1772877300000,84.63,84.63,84.63,84.63,0.0,2026-03-07 09:55:00
1772877600000,84.63,84.63,84.63,84.63,0.0,2026-03-07 10:00:00
1772877900000,84.63,84.63,84.63,84.63,0.0,2026-03-07 10:05:00
1772878200000,84.63,84.63,84.63,84.63,0.0,2026-03-07 10:10:00
1772878500000,84.63,84.63,84.63,84.63,0.0,2026-03-07 10:15:00
1772878800000,84.63,84.63,84.63,84.63,0.0,2026-03-07 10:20:00
1772879100000,84.62,84.62,84.61,84.61,57.034,2026-03-07 10:25:00
1772879400000,84.61,84.61,84.61,84.61,0.0,2026-03-07 10:30:00
1772879700000,84.61,84.61,84.61,84.61,0.0,2026-03-07 10:35:00
1772880000000,84.61,84.61,84.61,84.61,0.0,2026-03-07 10:40:00
1772880300000,84.61,84.61,84.61,84.61,0.0,2026-03-07 10:45:00
1772880600000,84.61,84.61,84.61,84.61,0.0,2026-03-07 10:50:00
1772880900000,84.61,84.61,84.61,84.61,0.0,2026-03-07 10:55:00
1772881200000,84.61,84.61,84.61,84.61,0.0,2026-03-07 11:00:00
1772881500000,84.61,84.61,84.61,84.61,0.0,2026-03-07 11:05:00
1772881800000,84.64,84.72,84.64,84.72,1.277,2026-03-07 11:10:00
1772882100000,84.72,84.72,84.72,84.72,0.0,2026-03-07 11:15:00
1772882400000,84.72,84.72,84.72,84.72,0.0,2026-03-07 11:20:00
1772882700000,84.72,84.72,84.72,84.72,0.0,2026-03-07 11:25:00
1772883000000,84.72,84.72,84.72,84.72,0.0,2026-03-07 11:30:00
1772883300000,84.72,84.72,84.72,84.72,0.0,2026-03-07 11:35:00
1772883600000,84.72,84.72,84.72,84.72,0.0,2026-03-07 11:40:00
1772883900000,84.72,84.72,84.72,84.72,0.0,2026-03-07 11:45:00
1772884200000,84.74,84.74,84.74,84.74,0.036,2026-03-07 11:50:00
1772884500000,84.75,84.75,84.75,84.75,0.294,2026-03-07 11:55:00
1772884800000,84.67,84.67,84.67,84.67,0.118,2026-03-07 12:00:00
1772885100000,84.67,84.67,84.67,84.67,0.0,2026-03-07 12:05:00
1772885400000,84.67,84.67,84.67,84.67,0.0,2026-03-07 12:10:00
1772885700000,84.67,84.67,84.67,84.67,0.0,2026-03-07 12:15:00
1772886000000,84.67,84.67,84.67,84.67,0.0,2026-03-07 12:20:00
1772886300000,84.67,84.67,84.67,84.67,0.0,2026-03-07 12:25:00
1772886600000,84.67,84.67,84.67,84.67,0.0,2026-03-07 12:30:00
1772886900000,84.67,84.67,84.67,84.67,0.0,2026-03-07 12:35:00
1772887200000,84.51,84.51,84.48,84.48,29.797,2026-03-07 12:40:00
1772887500000,84.48,84.48,84.48,84.48,0.0,2026-03-07 12:45:00
1772887800000,84.48,84.48,84.48,84.48,0.0,2026-03-07 12:50:00
1772888100000,84.3,84.3,84.27,84.27,7.348,2026-03-07 12:55:00
1772888400000,84.34,84.49,84.34,84.49,1.154,2026-03-07 13:00:00
1772888700000,84.39,84.39,84.39,84.39,0.295,2026-03-07 13:05:00
1772889000000,84.48,84.48,84.48,84.48,0.508,2026-03-07 13:10:00
1772889300000,84.48,84.48,84.47,84.47,32.522,2026-03-07 13:15:00
1772889600000,84.47,84.47,84.47,84.47,0.0,2026-03-07 13:20:00
1772889900000,84.53,84.53,84.53,84.53,1.928,2026-03-07 13:25:00
1772890200000,84.53,84.53,84.53,84.53,0.0,2026-03-07 13:30:00
1772890500000,84.53,84.53,84.53,84.53,0.0,2026-03-07 13:35:00
1772890800000,84.3,84.3,84.3,84.3,16.551,2026-03-07 13:40:00
1772891100000,84.3,84.3,84.3,84.3,0.0,2026-03-07 13:45:00
1772891400000,84.33,84.33,84.33,84.33,1.067,2026-03-07 13:50:00
1772891700000,84.33,84.33,84.33,84.33,0.0,2026-03-07 13:55:00
1772892000000,84.33,84.33,84.33,84.33,0.0,2026-03-07 14:00:00
1772892300000,84.1,84.1,84.04,84.04,1.08,2026-03-07 14:05:00
1772892600000,83.85,83.85,83.71,83.71,4.014,2026-03-07 14:10:00
1772892900000,83.71,83.71,83.71,83.71,0.0,2026-03-07 14:15:00
1772893200000,83.95,83.95,83.95,83.95,1.782,2026-03-07 14:20:00
1772893500000,83.95,83.95,83.95,83.95,0.0,2026-03-07 14:25:00
1772893800000,83.95,83.95,83.95,83.95,0.0,2026-03-07 14:30:00
1772894100000,84.24,84.24,84.24,84.24,0.082,2026-03-07 14:35:00
1772894400000,84.33,84.33,84.33,84.33,0.591,2026-03-07 14:40:00
1772894700000,84.33,84.33,84.33,84.33,0.0,2026-03-07 14:45:00
1772895000000,84.33,84.33,84.33,84.33,0.0,2026-03-07 14:50:00
1772895300000,84.24,84.24,84.24,84.24,1.419,2026-03-07 14:55:00
1772895600000,84.21,84.21,84.14,84.14,1.067,2026-03-07 15:00:00
1772895900000,84.09,84.12,84.09,84.12,11.421,2026-03-07 15:05:00
1772896200000,84.06,84.06,84.06,84.06,0.059,2026-03-07 15:10:00
1772896500000,84.13,84.13,84.13,84.13,0.036,2026-03-07 15:15:00
1772896800000,84.13,84.13,84.13,84.13,0.0,2026-03-07 15:20:00
1772897100000,84.03,84.04,84.03,84.04,3.529,2026-03-07 15:25:00
1772897400000,83.88,84.04,83.88,84.04,2.849,2026-03-07 15:30:00
1772897700000,84.0,84.0,83.53,83.53,100.589,2026-03-07 15:35:00
1772898000000,83.53,83.53,83.53,83.53,0.0,2026-03-07 15:40:00
1772898300000,83.55,83.55,83.55,83.55,5.966,2026-03-07 15:45:00
1772898600000,83.69,83.78,83.69,83.78,4.294,2026-03-07 15:50:00
1772898900000,83.78,83.78,83.78,83.78,0.0,2026-03-07 15:55:00
1772899200000,83.78,83.78,83.78,83.78,0.0,2026-03-07 16:00:00
1772899500000,83.65,83.65,83.65,83.65,0.119,2026-03-07 16:05:00
1772899800000,83.78,83.78,83.78,83.78,0.238,2026-03-07 16:10:00
1772900100000,83.65,83.65,83.65,83.65,0.498,2026-03-07 16:15:00
1772900400000,83.65,83.65,83.65,83.65,0.0,2026-03-07 16:20:00
1772900700000,83.65,83.65,83.65,83.65,0.0,2026-03-07 16:25:00
1772901000000,83.65,83.65,83.65,83.65,0.0,2026-03-07 16:30:00
1772901300000,83.59,83.59,83.59,83.59,0.058,2026-03-07 16:35:00
1772901600000,83.61,83.61,83.61,83.61,1.315,2026-03-07 16:40:00
1772901900000,83.61,83.61,83.61,83.61,0.0,2026-03-07 16:45:00
1772902200000,83.62,83.62,83.62,83.62,3.578,2026-03-07 16:50:00
1772902500000,83.59,83.59,83.55,83.55,23.24,2026-03-07 16:55:00
1772902800000,83.56,83.56,83.51,83.51,11.01,2026-03-07 17:00:00
1772903100000,83.76,83.76,83.76,83.76,0.178,2026-03-07 17:05:00
1772903400000,83.76,83.76,83.76,83.76,0.0,2026-03-07 17:10:00
1772903700000,83.76,83.76,83.76,83.76,0.0,2026-03-07 17:15:00
1772904000000,83.76,83.76,83.76,83.76,0.0,2026-03-07 17:20:00
1772904300000,83.76,83.76,83.76,83.76,0.0,2026-03-07 17:25:00
1772904600000,84.0,84.0,84.0,84.0,5.439,2026-03-07 17:30:00
1772904900000,83.94,83.94,83.94,83.94,2.191,2026-03-07 17:35:00
1772905200000,83.97,83.97,83.97,83.97,0.377,2026-03-07 17:40:00
1772905500000,83.97,84.04,83.97,84.04,18.343,2026-03-07 17:45:00
1772905800000,83.93,83.93,83.93,83.93,0.238,2026-03-07 17:50:00
1772906100000,83.92,84.0,83.92,84.0,30.107,2026-03-07 17:55:00
1772906400000,83.51,83.51,83.07,83.07,39.833,2026-03-07 18:00:00
1772906700000,83.26,83.29,83.26,83.26,1.977,2026-03-07 18:05:00
1772907000000,83.35,83.42,83.35,83.42,0.074,2026-03-07 18:10:00
1772907300000,83.42,83.42,83.4,83.4,24.539,2026-03-07 18:15:00
1772907600000,83.4,83.4,83.4,83.4,0.0,2026-03-07 18:20:00
1772907900000,83.44,83.44,83.44,83.44,0.24,2026-03-07 18:25:00
1772908200000,83.38,83.38,83.38,83.38,7.067,2026-03-07 18:30:00
1772908500000,83.38,83.38,83.38,83.38,0.0,2026-03-07 18:35:00
1772908800000,83.38,83.38,83.38,83.38,0.0,2026-03-07 18:40:00
1772909100000,83.41,83.41,83.41,83.41,0.036,2026-03-07 18:45:00
1772909400000,83.44,83.44,83.4,83.4,4.089,2026-03-07 18:50:00
1772909700000,83.39,83.39,83.39,83.39,0.12,2026-03-07 18:55:00
1772910000000,83.3,83.3,83.03,83.03,7.563,2026-03-07 19:00:00
1772910300000,83.15,83.22,83.15,83.19,27.657,2026-03-07 19:05:00
1772910600000,83.2,83.2,83.2,83.2,0.24,2026-03-07 19:10:00
1772910900000,83.01,83.01,82.84,82.84,99.94,2026-03-07 19:15:00
1772911200000,83.06,83.09,83.06,83.09,0.707,2026-03-07 19:20:00
1772911500000,82.99,82.99,82.74,82.78,20.702,2026-03-07 19:25:00
1772911800000,82.8,82.8,82.8,82.8,1.257,2026-03-07 19:30:00
1772912100000,82.8,82.8,82.8,82.8,0.0,2026-03-07 19:35:00
1772912400000,82.95,82.95,82.95,82.95,3.16,2026-03-07 19:40:00
1772912700000,82.74,82.74,82.6,82.6,1.142,2026-03-07 19:45:00
1772913000000,82.5,82.5,82.41,82.47,26.446,2026-03-07 19:50:00
1772913300000,82.37,82.37,82.33,82.33,10.77,2026-03-07 19:55:00
1772913600000,82.58,82.79,82.58,82.79,176.017,2026-03-07 20:00:00
1772913900000,82.8,82.81,82.8,82.81,0.163,2026-03-07 20:05:00
1772914200000,82.81,82.81,82.81,82.81,0.0,2026-03-07 20:10:00
1772914500000,82.83,82.83,82.83,82.83,0.783,2026-03-07 20:15:00
1772914800000,82.83,82.83,82.83,82.83,0.0,2026-03-07 20:20:00
1772915100000,82.86,82.9,82.86,82.9,6.962,2026-03-07 20:25:00
1772915400000,82.9,82.9,82.9,82.9,0.0,2026-03-07 20:30:00
1772915700000,82.9,82.9,82.9,82.9,0.0,2026-03-07 20:35:00
1772916000000,83.09,83.09,83.06,83.06,0.613,2026-03-07 20:40:00
1772916300000,83.02,83.03,83.02,83.03,6.106,2026-03-07 20:45:00
1772916600000,82.94,82.94,82.93,82.93,33.33,2026-03-07 20:50:00
1772916900000,83.07,83.07,83.07,83.07,14.086,2026-03-07 20:55:00
1772917200000,83.07,83.07,83.07,83.07,0.0,2026-03-07 21:00:00
1772917500000,83.03,83.03,83.03,83.03,1.203,2026-03-07 21:05:00
1772917800000,83.03,83.03,83.03,83.03,0.0,2026-03-07 21:10:00
1772918100000,83.06,83.11,83.06,83.11,12.135,2026-03-07 21:15:00
1772918400000,83.11,83.11,83.11,83.11,0.0,2026-03-07 21:20:00
1772918700000,83.1,83.1,83.1,83.1,0.481,2026-03-07 21:25:00
1772919000000,83.1,83.1,83.08,83.08,8.392,2026-03-07 21:30:00
1772919300000,83.08,83.08,82.91,82.91,133.265,2026-03-07 21:35:00
1772919600000,82.91,82.91,82.91,82.91,0.0,2026-03-07 21:40:00
1772919900000,82.91,82.91,82.91,82.91,0.0,2026-03-07 21:45:00
1772920200000,82.91,82.91,82.91,82.91,0.0,2026-03-07 21:50:00
1772920500000,82.91,82.91,82.91,82.91,0.0,2026-03-07 21:55:00
1772920800000,82.91,82.91,82.91,82.91,0.0,2026-03-07 22:00:00
1772921100000,82.91,82.91,82.91,82.91,0.0,2026-03-07 22:05:00
1772921400000,82.91,82.91,82.91,82.91,0.0,2026-03-07 22:10:00
1772921700000,82.91,82.91,82.91,82.91,0.0,2026-03-07 22:15:00
1772922000000,82.91,82.91,82.91,82.91,0.0,2026-03-07 22:20:00
1772922300000,82.91,82.91,82.91,82.91,0.0,2026-03-07 22:25:00
1772922600000,82.91,82.91,82.91,82.91,0.0,2026-03-07 22:30:00
1772922900000,82.7,82.7,82.7,82.7,10.0,2026-03-07 22:35:00
1772923200000,82.96,82.96,82.96,82.96,7.624,2026-03-07 22:40:00
1772923500000,82.96,82.96,82.96,82.96,0.0,2026-03-07 22:45:00
1772923800000,83.04,83.04,83.04,83.04,0.369,2026-03-07 22:50:00
1772924100000,83.04,83.04,83.04,83.04,0.0,2026-03-07 22:55:00
1772924400000,82.95,82.95,82.95,82.95,0.601,2026-03-07 23:00:00
1772924700000,83.16,83.18,83.16,83.18,0.899,2026-03-07 23:05:00
1772925000000,83.18,83.18,83.18,83.18,0.0,2026-03-07 23:10:00
1772925300000,83.18,83.18,83.18,83.18,0.0,2026-03-07 23:15:00
1772925600000,83.18,83.18,83.18,83.18,0.0,2026-03-07 23:20:00
1772925900000,83.18,83.18,83.18,83.18,0.0,2026-03-07 23:25:00
1772926200000,83.18,83.18,83.18,83.18,0.0,2026-03-07 23:30:00
1772926500000,83.22,83.22,83.22,83.22,0.623,2026-03-07 23:35:00
1772926800000,83.15,83.15,83.15,83.15,0.3,2026-03-07 23:40:00
1772927100000,83.19,83.19,83.19,83.19,6.013,2026-03-07 23:45:00
1772927400000,83.19,83.19,83.19,83.19,0.601,2026-03-07 23:50:00
1772927700000,83.19,83.19,83.19,83.19,0.0,2026-03-07 23:55:00
1772928000000,83.33,83.35,83.33,83.35,7.786,2026-03-08 00:00:00
1772928300000,83.41,83.43,83.41,83.43,4.994,2026-03-08 00:05:00
1772928600000,83.47,83.47,83.47,83.47,0.036,2026-03-08 00:10:00
1772928900000,83.47,83.47,83.47,83.47,0.0,2026-03-08 00:15:00
1772929200000,83.42,83.42,83.42,83.42,0.423,2026-03-08 00:20:00
1772929500000,83.18,83.2,83.18,83.2,0.546,2026-03-08 00:25:00
1772929800000,83.11,83.11,83.11,83.11,0.177,2026-03-08 00:30:00
1772930100000,83.07,83.07,83.07,83.07,4.801,2026-03-08 00:35:00
1772930400000,83.06,83.06,83.06,83.06,0.3,2026-03-08 00:40:00
1772930700000,83.07,83.07,83.07,83.07,0.12,2026-03-08 00:45:00
1772931000000,83.01,83.01,83.01,83.01,0.18,2026-03-08 00:50:00
1772931300000,83.01,83.01,83.01,83.01,0.0,2026-03-08 00:55:00
1772931600000,83.01,83.01,83.01,83.01,0.0,2026-03-08 01:00:00
1772931900000,83.15,83.15,83.15,83.15,3.597,2026-03-08 01:05:00
1772932200000,83.07,83.07,83.07,83.07,1.202,2026-03-08 01:10:00
1772932500000,83.16,83.16,83.16,83.16,0.12,2026-03-08 01:15:00
1772932800000,83.16,83.16,83.16,83.16,0.0,2026-03-08 01:20:00
1772933100000,83.09,83.09,83.09,83.09,3.255,2026-03-08 01:25:00
1772933400000,82.84,82.84,82.84,82.84,0.259,2026-03-08 01:30:00
1772933700000,82.79,82.79,82.79,82.79,3.087,2026-03-08 01:35:00
1772934000000,82.79,82.79,82.79,82.79,0.0,2026-03-08 01:40:00
1772934300000,82.79,82.79,82.79,82.79,0.0,2026-03-08 01:45:00
1772934600000,82.79,82.79,82.79,82.79,0.0,2026-03-08 01:50:00
1772934900000,82.79,82.79,82.79,82.79,0.0,2026-03-08 01:55:00
1772935200000,82.96,82.96,82.92,82.92,3.422,2026-03-08 02:00:00
1772935500000,82.91,82.91,82.83,82.83,2.544,2026-03-08 02:05:00
1772935800000,82.8,82.8,82.8,82.8,0.036,2026-03-08 02:10:00
1772936100000,83.03,83.03,83.03,83.03,0.735,2026-03-08 02:15:00
1772936400000,82.98,82.98,82.97,82.97,2.347,2026-03-08 02:20:00
1772936700000,82.97,82.97,82.97,82.97,0.0,2026-03-08 02:25:00
1772937000000,82.68,82.68,82.68,82.68,0.308,2026-03-08 02:30:00
1772937300000,82.68,82.68,82.68,82.68,0.0,2026-03-08 02:35:00
1772937600000,82.87,83.0,82.87,83.0,5.931,2026-03-08 02:40:00
1772937900000,83.02,83.02,82.67,82.67,1.18,2026-03-08 02:45:00
1772938200000,82.5,82.5,82.14,82.48,19.835,2026-03-08 02:50:00
1772938500000,82.48,82.48,82.48,82.48,0.0,2026-03-08 02:55:00
1772938800000,82.42,82.42,82.4,82.4,0.254,2026-03-08 03:00:00
1772939100000,82.46,82.46,82.46,82.46,0.041,2026-03-08 03:05:00
1772939400000,82.51,82.58,82.51,82.58,3.493,2026-03-08 03:10:00
1772939700000,82.57,82.57,82.57,82.57,1.21,2026-03-08 03:15:00
1772940000000,82.57,82.57,82.57,82.57,0.0,2026-03-08 03:20:00
1772940300000,82.57,82.57,82.57,82.57,0.0,2026-03-08 03:25:00
1772940600000,82.52,82.52,82.51,82.51,29.664,2026-03-08 03:30:00
1772940900000,82.51,82.51,82.51,82.51,0.0,2026-03-08 03:35:00
1772941200000,82.48,82.48,82.46,82.46,21.646,2026-03-08 03:40:00
1772941500000,82.46,82.46,82.46,82.46,0.036,2026-03-08 03:45:00
1772941800000,82.42,82.42,82.42,82.42,0.067,2026-03-08 03:50:00
1772942100000,82.4,82.46,82.36,82.36,41.614,2026-03-08 03:55:00
1772942400000,82.36,82.36,82.36,82.36,0.0,2026-03-08 04:00:00
1772942700000,82.47,82.47,82.47,82.47,0.065,2026-03-08 04:05:00
1772943000000,82.49,82.49,82.3,82.3,0.315,2026-03-08 04:10:00
1772943300000,82.41,82.41,82.41,82.41,0.968,2026-03-08 04:15:00
1772943600000,82.47,82.48,82.47,82.48,0.302,2026-03-08 04:20:00
1772943900000,82.48,82.48,82.48,82.48,1.212,2026-03-08 04:25:00
1772944200000,82.36,82.36,82.36,82.36,0.493,2026-03-08 04:30:00
1772944500000,82.28,82.28,82.28,82.28,0.075,2026-03-08 04:35:00
1772944800000,82.28,82.28,82.28,82.28,0.0,2026-03-08 04:40:00
1772945100000,82.2,82.2,82.2,82.2,0.095,2026-03-08 04:45:00
1772945400000,82.0,82.02,81.88,82.02,50.514,2026-03-08 04:50:00
1772945700000,81.8,81.98,81.75,81.97,18.987,2026-03-08 04:55:00
1772946000000,82.05,82.05,82.05,82.05,0.304,2026-03-08 05:00:00
1772946300000,82.14,82.35,82.14,82.3,4.642,2026-03-08 05:05:00
1772946600000,82.31,82.31,82.31,82.31,0.036,2026-03-08 05:10:00
1772946900000,82.45,82.45,82.45,82.45,0.136,2026-03-08 05:15:00
1772947200000,82.59,82.59,82.59,82.59,0.602,2026-03-08 05:20:00
1772947500000,82.59,82.59,82.59,82.59,0.0,2026-03-08 05:25:00
1772947800000,82.59,82.59,82.59,82.59,0.0,2026-03-08 05:30:00
1772948100000,82.66,82.66,82.66,82.66,1.811,2026-03-08 05:35:00
1772948400000,82.59,82.59,82.59,82.59,0.716,2026-03-08 05:40:00
1772948700000,82.59,82.59,82.59,82.59,0.0,2026-03-08 05:45:00
1772949000000,82.66,82.66,82.66,82.66,0.06,2026-03-08 05:50:00
1772949300000,82.53,82.53,82.53,82.53,1.209,2026-03-08 05:55:00
1772949600000,82.53,82.53,82.53,82.53,0.0,2026-03-08 06:00:00
1772949900000,82.57,82.57,82.57,82.57,1.136,2026-03-08 06:05:00
1772950200000,82.53,82.53,82.28,82.28,0.065,2026-03-08 06:10:00
1772950500000,82.28,82.28,82.28,82.28,0.0,2026-03-08 06:15:00
1772950800000,82.28,82.28,82.28,82.28,0.0,2026-03-08 06:20:00
1772951100000,82.28,82.28,82.28,82.28,0.0,2026-03-08 06:25:00
1772951400000,82.28,82.28,82.28,82.28,0.0,2026-03-08 06:30:00
1772951700000,82.28,82.28,82.28,82.28,0.0,2026-03-08 06:35:00
1772952000000,82.28,82.28,82.28,82.28,0.0,2026-03-08 06:40:00
1772952300000,82.28,82.28,82.28,82.28,0.0,2026-03-08 06:45:00
1772952600000,82.28,82.28,82.28,82.28,0.0,2026-03-08 06:50:00
1772952900000,82.49,82.49,82.49,82.49,4.405,2026-03-08 06:55:00
1772953200000,82.43,82.43,82.43,82.43,1.201,2026-03-08 07:00:00
1772953500000,82.78,82.78,82.78,82.78,0.033,2026-03-08 07:05:00
1772953800000,82.85,82.89,82.85,82.89,0.546,2026-03-08 07:10:00
1772954100000,82.94,82.94,82.94,82.94,0.014,2026-03-08 07:15:00
1772954400000,83.0,83.03,83.0,83.03,9.14,2026-03-08 07:20:00
1772954700000,82.78,82.78,82.78,82.78,1.193,2026-03-08 07:25:00
1772955000000,82.86,82.86,82.86,82.86,3.28,2026-03-08 07:30:00
1772955300000,82.86,82.86,82.86,82.86,0.0,2026-03-08 07:35:00
1772955600000,82.86,82.86,82.86,82.86,0.0,2026-03-08 07:40:00
1772955900000,82.86,82.86,82.86,82.86,0.0,2026-03-08 07:45:00
1772956200000,82.86,82.86,82.86,82.86,0.0,2026-03-08 07:50:00
1772956500000,82.86,82.86,82.86,82.86,0.0,2026-03-08 07:55:00
1772956800000,82.86,82.86,82.86,82.86,0.0,2026-03-08 08:00:00
1772957100000,82.86,82.86,82.86,82.86,0.0,2026-03-08 08:05:00
1772957400000,82.86,82.86,82.86,82.86,0.0,2026-03-08 08:10:00
1772957700000,82.54,82.54,82.54,82.54,3.314,2026-03-08 08:15:00
1772958000000,82.54,82.54,82.54,82.54,0.0,2026-03-08 08:20:00
1772958300000,82.67,82.67,82.67,82.67,0.162,2026-03-08 08:25:00
1772958600000,82.67,82.67,82.67,82.67,0.0,2026-03-08 08:30:00
1772958900000,82.81,82.81,82.81,82.81,0.273,2026-03-08 08:35:00
1772959200000,82.89,82.89,82.89,82.89,6.304,2026-03-08 08:40:00
1772959500000,82.89,82.89,82.89,82.89,0.0,2026-03-08 08:45:00
1772959800000,82.99,82.99,82.99,82.99,0.3,2026-03-08 08:50:00
1772960100000,82.99,82.99,82.99,82.99,0.0,2026-03-08 08:55:00
1772960400000,82.99,82.99,82.99,82.99,0.0,2026-03-08 09:00:00
1772960700000,82.99,82.99,82.99,82.99,0.0,2026-03-08 09:05:00
1772961000000,83.23,83.23,83.23,83.23,1.462,2026-03-08 09:10:00
1772961300000,83.23,83.23,83.23,83.23,0.0,2026-03-08 09:15:00
1772961600000,83.14,83.14,83.14,83.14,1.56,2026-03-08 09:20:00
1772961900000,83.14,83.14,83.14,83.14,0.0,2026-03-08 09:25:00
1772962200000,83.14,83.14,83.14,83.14,0.0,2026-03-08 09:30:00
1772962500000,83.14,83.14,83.14,83.14,0.0,2026-03-08 09:35:00
1772962800000,83.19,83.23,83.19,83.23,3.378,2026-03-08 09:40:00
1772963100000,83.19,83.19,83.19,83.19,1.202,2026-03-08 09:45:00
1772963400000,83.19,83.19,83.19,83.19,0.0,2026-03-08 09:50:00
1772963700000,83.19,83.19,83.19,83.19,0.0,2026-03-08 09:55:00
1772964000000,83.17,83.18,83.17,83.18,0.182,2026-03-08 10:00:00
1772964300000,83.33,83.33,83.33,83.33,1.274,2026-03-08 10:05:00
1772964600000,83.32,83.41,83.32,83.41,68.3,2026-03-08 10:10:00
1772964900000,83.45,83.66,83.45,83.66,0.242,2026-03-08 10:15:00
1772965200000,83.69,83.97,83.69,83.97,0.685,2026-03-08 10:20:00
1772965500000,84.04,84.04,84.04,84.04,0.186,2026-03-08 10:25:00
1772965800000,83.9,83.9,83.9,83.9,0.06,2026-03-08 10:30:00
1772966100000,83.9,83.9,83.9,83.9,0.0,2026-03-08 10:35:00
1772966400000,83.78,83.78,83.78,83.78,5.484,2026-03-08 10:40:00
1772966700000,83.75,83.75,83.75,83.75,0.059,2026-03-08 10:45:00
1772967000000,83.74,83.74,83.74,83.74,2.452,2026-03-08 10:50:00
1772967300000,83.74,83.74,83.74,83.74,0.0,2026-03-08 10:55:00
1772967600000,83.48,83.51,83.46,83.49,1.247,2026-03-08 11:00:00
1772967900000,83.12,83.13,82.62,82.62,17.176,2026-03-08 11:05:00
1772968200000,82.94,82.94,82.94,82.94,0.355,2026-03-08 11:10:00
1772968500000,82.94,82.94,82.94,82.94,0.0,2026-03-08 11:15:00
1772968800000,82.94,82.94,82.94,82.94,0.0,2026-03-08 11:20:00
1772969100000,83.01,83.06,82.98,83.06,2.586,2026-03-08 11:25:00
1772969400000,82.88,82.93,82.88,82.93,2.223,2026-03-08 11:30:00
1772969700000,82.93,82.93,82.93,82.93,0.0,2026-03-08 11:35:00
1772970000000,82.93,82.93,82.93,82.93,0.0,2026-03-08 11:40:00
1772970300000,82.93,82.93,82.93,82.93,0.0,2026-03-08 11:45:00
1772970600000,82.73,82.73,82.7,82.7,3.333,2026-03-08 11:50:00
1772970900000,82.7,82.7,82.7,82.7,0.0,2026-03-08 11:55:00
1772971200000,82.8,82.8,82.8,82.8,0.121,2026-03-08 12:00:00
1772971500000,82.84,82.84,82.43,82.43,4.284,2026-03-08 12:05:00
1772971800000,82.48,82.48,82.14,82.14,0.341,2026-03-08 12:10:00
1772972100000,82.01,82.01,81.71,81.71,31.243,2026-03-08 12:15:00
1772972400000,82.35,82.45,82.34,82.45,1.091,2026-03-08 12:20:00
1772972700000,82.54,82.58,82.54,82.58,16.558,2026-03-08 12:25:00
1772973000000,82.58,82.59,82.54,82.54,419.717,2026-03-08 12:30:00
1772973300000,82.54,82.54,82.54,82.54,0.0,2026-03-08 12:35:00
1772973600000,82.54,82.54,82.54,82.54,0.0,2026-03-08 12:40:00
1772973900000,82.35,82.35,82.28,82.28,25.509,2026-03-08 12:45:00
1772974200000,82.37,82.37,82.37,82.37,3.111,2026-03-08 12:50:00
1772974500000,82.37,82.37,82.37,82.37,0.0,2026-03-08 12:55:00
1772974800000,82.33,82.33,82.17,82.19,19.751,2026-03-08 13:00:00
1772975100000,82.1,82.17,82.1,82.17,1.231,2026-03-08 13:05:00
1772975400000,82.03,82.03,81.74,81.74,27.563,2026-03-08 13:10:00
1772975700000,81.74,81.74,81.74,81.74,0.0,2026-03-08 13:15:00
1772976000000,81.66,81.66,81.66,81.66,0.457,2026-03-08 13:20:00
1772976300000,81.6,81.85,81.26,81.85,23.952,2026-03-08 13:25:00
1772976600000,81.67,81.67,81.67,81.67,0.062,2026-03-08 13:30:00
1772976900000,81.67,81.67,81.67,81.67,0.0,2026-03-08 13:35:00
1772977200000,81.67,81.67,81.67,81.67,0.0,2026-03-08 13:40:00
1772977500000,81.96,82.08,81.96,82.08,0.135,2026-03-08 13:45:00
1772977800000,81.97,81.97,81.97,81.97,1.218,2026-03-08 13:50:00
1772978100000,82.13,82.13,82.13,82.13,0.043,2026-03-08 13:55:00
1772978400000,82.15,82.15,82.08,82.08,0.686,2026-03-08 14:00:00
1772978700000,82.13,82.13,82.13,82.13,0.607,2026-03-08 14:05:00
1772979000000,82.23,82.23,82.23,82.23,0.065,2026-03-08 14:10:00
1772979300000,82.17,82.24,82.17,82.24,67.08,2026-03-08 14:15:00
1772979600000,82.28,82.29,82.25,82.25,16.656,2026-03-08 14:20:00
1772979900000,82.25,82.25,82.25,82.25,0.0,2026-03-08 14:25:00
1772980200000,82.25,82.25,82.25,82.25,0.0,2026-03-08 14:30:00
1772980500000,82.25,82.25,82.25,82.25,0.0,2026-03-08 14:35:00
1772980800000,82.25,82.25,82.25,82.25,0.0,2026-03-08 14:40:00
1772981100000,82.25,82.25,82.25,82.25,0.0,2026-03-08 14:45:00
1772981400000,82.33,82.33,82.33,82.33,1.821,2026-03-08 14:50:00
1772981700000,82.33,82.33,82.33,82.33,0.0,2026-03-08 14:55:00
1772982000000,82.3,82.31,82.23,82.31,29.003,2026-03-08 15:00:00
1772982300000,82.17,82.18,82.15,82.18,11.336,2026-03-08 15:05:00
1772982600000,82.31,82.31,82.26,82.29,9.442,2026-03-08 15:10:00
1772982900000,82.21,82.21,82.21,82.21,0.036,2026-03-08 15:15:00
1772983200000,82.21,82.21,82.21,82.21,0.0,2026-03-08 15:20:00
1772983500000,82.21,82.21,82.21,82.21,0.0,2026-03-08 15:25:00
1772983800000,82.05,82.08,82.05,82.08,6.082,2026-03-08 15:30:00
1772984100000,82.08,82.08,82.08,82.08,0.0,2026-03-08 15:35:00
1772984400000,82.08,82.08,82.08,82.08,0.0,2026-03-08 15:40:00
1772984700000,82.08,82.08,82.08,82.08,0.0,2026-03-08 15:45:00
1772985000000,82.08,82.08,82.08,82.08,0.0,2026-03-08 15:50:00
1772985300000,82.08,82.08,82.08,82.08,0.0,2026-03-08 15:55:00
1772985600000,82.08,82.08,82.08,82.08,0.0,2026-03-08 16:00:00
1772985900000,82.13,82.13,82.11,82.11,2.838,2026-03-08 16:05:00
1772986200000,82.09,82.09,82.02,82.02,3.965,2026-03-08 16:10:00
1772986500000,81.74,81.74,81.74,81.74,0.65,2026-03-08 16:15:00
1772986800000,81.74,81.74,81.74,81.74,0.0,2026-03-08 16:20:00
1772987100000,81.74,81.74,81.74,81.74,0.0,2026-03-08 16:25:00
1772987400000,81.74,81.74,81.74,81.74,0.0,2026-03-08 16:30:00
1772987700000,81.74,81.74,81.74,81.74,0.0,2026-03-08 16:35:00
1772988000000,81.72,81.79,81.72,81.79,0.279,2026-03-08 16:40:00
1772988300000,81.72,81.72,81.72,81.72,3.369,2026-03-08 16:45:00
1772988600000,81.72,81.72,81.72,81.72,0.0,2026-03-08 16:50:00
1772988900000,81.72,81.72,81.72,81.72,0.0,2026-03-08 16:55:00
1772989200000,81.58,81.61,81.52,81.52,0.438,2026-03-08 17:00:00
1772989500000,81.94,81.98,81.83,81.83,2.192,2026-03-08 17:05:00
1772989800000,81.67,81.72,81.67,81.72,2.0,2026-03-08 17:10:00
1772990100000,81.72,81.72,81.72,81.72,0.0,2026-03-08 17:15:00
1772990400000,81.72,81.72,81.72,81.72,0.0,2026-03-08 17:20:00
1772990700000,81.59,81.59,81.59,81.59,1.223,2026-03-08 17:25:00
1772991000000,81.44,81.44,81.44,81.44,0.183,2026-03-08 17:30:00
1772991300000,81.49,81.49,81.49,81.49,0.164,2026-03-08 17:35:00
1772991600000,81.49,81.49,81.49,81.49,0.0,2026-03-08 17:40:00
1772991900000,81.49,81.49,81.49,81.49,0.0,2026-03-08 17:45:00
1772992200000,81.68,81.68,81.67,81.67,1.285,2026-03-08 17:50:00
1772992500000,81.67,81.67,81.67,81.67,0.0,2026-03-08 17:55:00
1772992800000,81.72,81.72,81.68,81.68,2.14,2026-03-08 18:00:00
1772993100000,81.58,81.6,81.48,81.48,7.594,2026-03-08 18:05:00
1772993400000,81.48,81.48,81.48,81.48,8.389,2026-03-08 18:10:00
1772993700000,81.5,81.5,81.5,81.5,1.223,2026-03-08 18:15:00
1772994000000,81.5,81.5,81.5,81.5,0.0,2026-03-08 18:20:00
1772994300000,81.78,81.78,81.7,81.7,8.42,2026-03-08 18:25:00
1772994600000,81.7,81.7,81.7,81.7,0.0,2026-03-08 18:30:00
1772994900000,81.73,81.73,81.73,81.73,0.39,2026-03-08 18:35:00
1772995200000,81.54,81.54,81.54,81.54,1.4,2026-03-08 18:40:00
1772995500000,81.54,81.54,81.54,81.54,0.0,2026-03-08 18:45:00
1772995800000,81.54,81.54,81.54,81.54,0.0,2026-03-08 18:50:00
1772996100000,81.54,81.54,81.54,81.54,0.0,2026-03-08 18:55:00
1772996400000,81.62,81.62,81.62,81.62,0.061,2026-03-08 19:00:00
1772996700000,81.7,81.7,81.7,81.7,0.61,2026-03-08 19:05:00
1772997000000,81.87,81.87,81.87,81.87,0.244,2026-03-08 19:10:00
1772997300000,82.18,82.18,82.18,82.18,0.122,2026-03-08 19:15:00
1772997600000,82.18,82.27,82.18,82.27,1.663,2026-03-08 19:20:00
1772997900000,82.29,82.29,82.25,82.25,4.06,2026-03-08 19:25:00
1772998200000,82.33,82.57,82.33,82.57,3.401,2026-03-08 19:30:00
1772998500000,82.54,82.54,82.54,82.54,10.896,2026-03-08 19:35:00
1772998800000,82.54,82.54,82.54,82.54,0.0,2026-03-08 19:40:00
1772999100000,82.55,82.61,82.55,82.57,0.446,2026-03-08 19:45:00
1772999400000,82.33,82.33,82.33,82.33,0.416,2026-03-08 19:50:00
1772999700000,82.42,82.42,82.41,82.41,1.004,2026-03-08 19:55:00
1773000000000,82.32,82.32,82.32,82.32,0.073,2026-03-08 20:00:00
1773000300000,82.21,82.26,82.21,82.26,0.789,2026-03-08 20:05:00
1773000600000,82.14,82.14,82.14,82.14,0.607,2026-03-08 20:10:00
1773000900000,82.15,82.32,82.14,82.32,1.034,2026-03-08 20:15:00
1773001200000,82.29,82.29,82.2,82.2,4.327,2026-03-08 20:20:00
1773001500000,82.18,82.26,82.16,82.23,3.339,2026-03-08 20:25:00
1773001800000,82.41,82.47,82.41,82.47,3.526,2026-03-08 20:30:00
1773002100000,82.55,82.86,82.55,82.76,5.472,2026-03-08 20:35:00
1773002400000,82.76,82.76,82.76,82.76,43.467,2026-03-08 20:40:00
1773002700000,82.62,82.62,82.59,82.59,0.184,2026-03-08 20:45:00
1773003000000,82.52,82.52,82.52,82.52,0.094,2026-03-08 20:50:00
1773003300000,82.42,82.42,82.29,82.29,27.81,2026-03-08 20:55:00
1773003600000,82.32,82.32,82.32,82.32,3.334,2026-03-08 21:00:00
1773003900000,82.11,82.11,81.96,81.96,19.765,2026-03-08 21:05:00
1773004200000,81.88,81.88,81.74,81.74,20.409,2026-03-08 21:10:00
1773004500000,81.74,81.74,81.74,81.74,0.0,2026-03-08 21:15:00
1773004800000,81.74,81.74,81.74,81.74,0.0,2026-03-08 21:20:00
1773005100000,81.74,81.74,81.74,81.74,0.0,2026-03-08 21:25:00
1773005400000,82.06,82.06,82.06,82.06,1.779,2026-03-08 21:30:00
1773005700000,82.01,82.01,82.01,82.01,0.12,2026-03-08 21:35:00
1773006000000,82.03,82.03,82.03,82.03,0.608,2026-03-08 21:40:00
1773006300000,82.22,82.22,82.22,82.22,3.283,2026-03-08 21:45:00
1773006600000,82.22,82.22,82.22,82.22,0.0,2026-03-08 21:50:00
1773006900000,82.22,82.22,82.22,82.22,0.452,2026-03-08 21:55:00
1773007200000,82.23,82.23,80.4,80.4,92.303,2026-03-08 22:00:00
1773007500000,80.37,81.27,80.28,81.23,62.067,2026-03-08 22:05:00
1773007800000,81.2,81.2,80.91,81.0,40.855,2026-03-08 22:10:00
1773008100000,81.0,81.0,81.0,81.0,0.0,2026-03-08 22:15:00
1773008400000,80.81,80.86,80.81,80.81,37.231,2026-03-08 22:20:00
1773008700000,81.29,81.48,81.29,81.48,3.726,2026-03-08 22:25:00
1773009000000,81.52,81.52,81.52,81.52,0.061,2026-03-08 22:30:00
1773009300000,81.51,81.99,81.51,81.99,15.448,2026-03-08 22:35:00
1773009600000,81.74,81.74,81.74,81.74,3.277,2026-03-08 22:40:00
1773009900000,82.02,82.46,81.96,82.46,6.611,2026-03-08 22:45:00
1773010200000,82.34,82.34,82.2,82.2,1.094,2026-03-08 22:50:00
1773010500000,81.92,81.92,81.84,81.84,0.45,2026-03-08 22:55:00
1773010800000,82.24,82.24,82.24,82.24,0.1,2026-03-08 23:00:00
1773011100000,82.41,82.41,82.15,82.15,17.277,2026-03-08 23:05:00
1773011400000,81.92,82.04,81.92,82.04,1.315,2026-03-08 23:10:00
1773011700000,82.2,82.32,82.15,82.15,23.564,2026-03-08 23:15:00
1773012000000,82.15,82.15,82.15,82.15,0.0,2026-03-08 23:20:00
1773012300000,82.29,82.29,82.29,82.29,0.016,2026-03-08 23:25:00
1773012600000,82.18,82.18,82.18,82.18,0.711,2026-03-08 23:30:00
1773012900000,82.18,82.18,82.18,82.18,0.0,2026-03-08 23:35:00
1773013200000,81.76,81.79,81.76,81.79,0.366,2026-03-08 23:40:00
1773013500000,81.79,81.79,81.79,81.79,0.0,2026-03-08 23:45:00
1773013800000,81.81,81.81,81.81,81.81,1.102,2026-03-08 23:50:00
1773014100000,81.67,81.67,81.67,81.67,3.215,2026-03-08 23:55:00
1773014400000,81.59,81.72,81.59,81.72,0.408,2026-03-09 00:00:00
1773014700000,82.19,82.23,82.19,82.23,0.667,2026-03-09 00:05:00
1773015000000,82.33,82.33,82.3,82.3,1.397,2026-03-09 00:10:00
1773015300000,82.25,82.35,82.25,82.35,2.049,2026-03-09 00:15:00
1773015600000,82.35,82.35,82.35,82.35,0.0,2026-03-09 00:20:00
1773015900000,81.72,81.72,81.72,81.72,0.183,2026-03-09 00:25:00
1773016200000,82.29,82.74,82.29,82.74,9.633,2026-03-09 00:30:00
1773016500000,82.85,83.25,82.85,82.85,6.15,2026-03-09 00:35:00
1773016800000,82.65,82.68,82.65,82.68,4.1,2026-03-09 00:40:00
1773017100000,82.56,82.56,82.56,82.56,3.319,2026-03-09 00:45:00
1773017400000,82.27,82.27,82.27,82.27,0.546,2026-03-09 00:50:00
1773017700000,82.27,82.27,82.27,82.27,0.0,2026-03-09 00:55:00
1773018000000,82.31,82.31,82.16,82.16,0.411,2026-03-09 01:00:00
1773018300000,81.99,81.99,81.99,81.99,0.106,2026-03-09 01:05:00
1773018600000,81.99,81.99,81.99,81.99,0.0,2026-03-09 01:10:00
1773018900000,82.31,82.74,82.31,82.65,12.791,2026-03-09 01:15:00
1773019200000,82.6,82.64,82.56,82.64,5.249,2026-03-09 01:20:00
1773019500000,82.76,82.85,82.76,82.85,7.016,2026-03-09 01:25:00
1773019800000,82.53,82.69,82.27,82.69,2.576,2026-03-09 01:30:00
1773020100000,82.69,82.69,82.69,82.69,0.0,2026-03-09 01:35:00
1773020400000,82.51,82.55,82.51,82.51,3.444,2026-03-09 01:40:00
1773020700000,82.69,82.73,82.58,82.58,7.252,2026-03-09 01:45:00
1773021000000,82.55,82.55,82.55,82.55,0.375,2026-03-09 01:50:00
1773021300000,82.55,82.55,82.55,82.55,0.0,2026-03-09 01:55:00
1773021600000,82.02,82.02,82.02,82.02,0.182,2026-03-09 02:00:00
1773021900000,81.99,81.99,81.99,81.99,0.106,2026-03-09 02:05:00
1773022200000,82.25,82.25,82.06,82.06,1.249,2026-03-09 02:10:00
1773022500000,81.78,81.78,81.78,81.78,0.183,2026-03-09 02:15:00
1773022800000,81.78,81.78,81.78,81.78,0.0,2026-03-09 02:20:00
1773023100000,81.78,81.78,81.78,81.78,0.0,2026-03-09 02:25:00
1773023400000,82.0,82.12,82.0,82.12,1.116,2026-03-09 02:30:00
1773023700000,82.35,82.59,82.35,82.59,1.386,2026-03-09 02:35:00
1773024000000,82.67,82.67,82.67,82.67,3.151,2026-03-09 02:40:00
1773024300000,82.85,82.85,82.73,82.73,1.014,2026-03-09 02:45:00
1773024600000,82.83,82.87,82.75,82.75,5.471,2026-03-09 02:50:00
1773024900000,82.91,82.91,82.91,82.91,9.351,2026-03-09 02:55:00
1773025200000,82.78,83.15,82.78,83.15,0.535,2026-03-09 03:00:00
1773025500000,83.13,83.67,83.08,83.67,45.351,2026-03-09 03:05:00
1773025800000,83.72,84.32,83.72,84.06,34.032,2026-03-09 03:10:00
1773026100000,84.17,84.49,84.13,84.49,2.76,2026-03-09 03:15:00
1773026400000,83.97,83.97,83.42,83.42,26.119,2026-03-09 03:20:00
1773026700000,83.57,83.57,83.57,83.57,0.588,2026-03-09 03:25:00
1773027000000,83.61,83.61,83.61,83.61,1.231,2026-03-09 03:30:00
1773027300000,83.46,83.46,83.17,83.2,1.078,2026-03-09 03:35:00
1773027600000,83.2,83.2,83.2,83.2,0.0,2026-03-09 03:40:00
1773027900000,83.01,83.14,83.01,83.14,0.32,2026-03-09 03:45:00
1773028200000,83.26,83.26,83.26,83.26,0.132,2026-03-09 03:50:00
1773028500000,83.17,83.17,83.17,83.17,1.201,2026-03-09 03:55:00
1773028800000,83.22,83.3,83.22,83.3,0.18,2026-03-09 04:00:00
1773029100000,83.26,83.26,83.26,83.26,0.036,2026-03-09 04:05:00
1773029400000,83.17,83.19,83.17,83.19,0.189,2026-03-09 04:10:00
1773029700000,83.16,83.16,83.16,83.16,6.311,2026-03-09 04:15:00
1773030000000,83.16,83.16,83.16,83.16,0.0,2026-03-09 04:20:00
1773030300000,83.72,83.72,83.72,83.72,0.086,2026-03-09 04:25:00
1773030600000,83.72,83.72,83.72,83.72,1.194,2026-03-09 04:30:00
1773030900000,83.72,83.72,83.72,83.72,0.0,2026-03-09 04:35:00
1773031200000,83.6,83.63,83.6,83.63,12.762,2026-03-09 04:40:00
1773031500000,83.63,83.63,83.63,83.63,0.0,2026-03-09 04:45:00
1773031800000,83.62,83.62,83.62,83.62,3.077,2026-03-09 04:50:00
1773032100000,83.62,83.62,83.62,83.62,0.0,2026-03-09 04:55:00
1773032400000,83.62,83.62,83.62,83.62,0.0,2026-03-09 05:00:00
1773032700000,83.42,83.42,83.37,83.37,3.312,2026-03-09 05:05:00
1773033000000,83.36,83.36,83.36,83.36,0.036,2026-03-09 05:10:00
1773033300000,83.36,83.36,83.36,83.36,0.0,2026-03-09 05:15:00
1773033600000,83.36,83.36,83.36,83.36,0.0,2026-03-09 05:20:00
1773033900000,83.47,83.51,83.45,83.51,12.512,2026-03-09 05:25:00
1773034200000,83.51,83.97,83.51,83.97,6.988,2026-03-09 05:30:00
1773034500000,83.87,83.87,83.74,83.76,1.422,2026-03-09 05:35:00
1773034800000,84.0,84.31,84.0,84.31,20.267,2026-03-09 05:40:00
1773035100000,84.45,84.51,84.45,84.51,1.425,2026-03-09 05:45:00
1773035400000,84.58,84.58,84.58,84.58,0.106,2026-03-09 05:50:00
1773035700000,84.15,84.3,84.15,84.3,3.264,2026-03-09 05:55:00
1773036000000,84.3,84.3,84.3,84.3,0.0,2026-03-09 06:00:00
1773036300000,84.1,84.1,84.1,84.1,0.119,2026-03-09 06:05:00
1773036600000,84.06,84.06,84.01,84.01,0.514,2026-03-09 06:10:00
1773036900000,84.01,84.01,84.01,84.01,0.0,2026-03-09 06:15:00
1773037200000,84.01,84.01,84.01,84.01,0.0,2026-03-09 06:20:00
1773037500000,84.01,84.01,84.01,84.01,0.0,2026-03-09 06:25:00
1773037800000,83.72,83.72,83.7,83.7,0.244,2026-03-09 06:30:00
1773038100000,83.58,83.58,83.58,83.58,3.077,2026-03-09 06:35:00
1773038400000,83.53,83.53,83.28,83.37,0.357,2026-03-09 06:40:00
1773038700000,83.27,83.27,83.27,83.27,0.099,2026-03-09 06:45:00
1773039000000,83.27,83.27,83.27,83.27,0.0,2026-03-09 06:50:00
1773039300000,83.27,83.27,83.27,83.27,0.0,2026-03-09 06:55:00
1773039600000,83.01,83.01,82.81,82.81,4.993,2026-03-09 07:00:00
1773039900000,82.75,82.79,82.75,82.79,0.461,2026-03-09 07:05:00
1773040200000,82.8,82.81,82.8,82.81,1.155,2026-03-09 07:10:00
1773040500000,82.83,82.83,82.41,82.41,8.086,2026-03-09 07:15:00
1773040800000,82.41,82.41,82.41,82.41,0.0,2026-03-09 07:20:00
1773041100000,82.91,82.91,82.91,82.91,3.166,2026-03-09 07:25:00
1773041400000,82.91,82.91,82.91,82.91,0.0,2026-03-09 07:30:00
1773041700000,83.24,83.24,83.24,83.24,3.591,2026-03-09 07:35:00
1773042000000,83.24,83.24,83.24,83.24,0.0,2026-03-09 07:40:00
1773042300000,83.24,83.24,83.24,83.24,0.0,2026-03-09 07:45:00
1773042600000,83.24,83.24,83.24,83.24,0.0,2026-03-09 07:50:00
1773042900000,83.24,83.24,83.24,83.24,0.0,2026-03-09 07:55:00
1773043200000,83.24,83.24,83.04,83.04,3.217,2026-03-09 08:00:00
1773043500000,83.04,83.04,83.04,83.04,0.0,2026-03-09 08:05:00
1773043800000,83.04,83.04,83.04,83.04,0.0,2026-03-09 08:10:00
1773044100000,83.04,83.04,83.04,83.04,0.0,2026-03-09 08:15:00
1773044400000,83.38,83.76,83.38,83.71,1.739,2026-03-09 08:20:00
1773044700000,83.71,83.71,83.71,83.71,0.0,2026-03-09 08:25:00
1773045000000,83.7,83.72,83.7,83.72,4.298,2026-03-09 08:30:00
1773045300000,83.72,83.72,83.72,83.72,0.0,2026-03-09 08:35:00
1773045600000,83.72,83.72,83.72,83.72,0.0,2026-03-09 08:40:00
1773045900000,83.72,83.72,83.72,83.72,0.0,2026-03-09 08:45:00
1773046200000,83.72,83.72,83.72,83.72,0.0,2026-03-09 08:50:00
1773046500000,83.73,83.73,83.71,83.71,8.739,2026-03-09 08:55:00
1773046800000,83.71,83.71,83.71,83.71,0.0,2026-03-09 09:00:00
1773047100000,83.5,83.5,83.5,83.5,3.31,2026-03-09 09:05:00
1773047400000,83.47,83.71,83.47,83.71,3.573,2026-03-09 09:10:00
1773047700000,83.93,83.93,83.93,83.93,0.1,2026-03-09 09:15:00
1773048000000,83.92,83.92,83.92,83.92,1.191,2026-03-09 09:20:00
1773048300000,84.12,84.12,84.12,84.12,0.603,2026-03-09 09:25:00
1773048600000,84.19,84.37,84.19,84.37,3.04,2026-03-09 09:30:00
1773048900000,84.45,84.58,84.45,84.55,0.712,2026-03-09 09:35:00
1773049200000,84.55,84.55,84.55,84.55,0.0,2026-03-09 09:40:00
1773049500000,84.55,84.55,84.55,84.55,0.0,2026-03-09 09:45:00
1773049800000,84.55,84.55,84.55,84.55,0.0,2026-03-09 09:50:00
1773050100000,84.55,84.55,84.55,84.55,0.0,2026-03-09 09:55:00
1773050400000,84.55,84.55,84.55,84.55,0.0,2026-03-09 10:00:00
1773050700000,84.55,84.55,84.55,84.55,0.0,2026-03-09 10:05:00
1773051000000,84.55,84.55,84.55,84.55,0.0,2026-03-09 10:10:00
1773051300000,83.95,83.95,83.9,83.9,2.473,2026-03-09 10:15:00
1773051600000,83.9,83.9,83.9,83.9,0.0,2026-03-09 10:20:00
1773051900000,83.9,83.9,83.9,83.9,0.0,2026-03-09 10:25:00
1773052200000,83.87,83.87,83.87,83.87,2.462,2026-03-09 10:30:00
1773052500000,83.96,83.96,83.96,83.96,0.178,2026-03-09 10:35:00
1773052800000,83.72,83.72,83.72,83.72,0.106,2026-03-09 10:40:00
1773053100000,83.7,83.7,83.7,83.7,0.808,2026-03-09 10:45:00
1773053400000,83.64,83.64,83.64,83.64,0.239,2026-03-09 10:50:00
1773053700000,83.64,83.64,83.64,83.64,0.0,2026-03-09 10:55:00
1773054000000,83.64,83.64,83.64,83.64,0.0,2026-03-09 11:00:00
1773054300000,83.64,83.64,83.64,83.64,0.0,2026-03-09 11:05:00
1773054600000,83.64,83.64,83.64,83.64,0.0,2026-03-09 11:10:00
1773054900000,83.53,83.53,83.53,83.53,0.099,2026-03-09 11:15:00
1773055200000,83.27,83.33,83.12,83.33,2.077,2026-03-09 11:20:00
1773055500000,83.33,83.33,83.33,83.33,0.0,2026-03-09 11:25:00
1773055800000,83.33,83.39,83.33,83.39,13.323,2026-03-09 11:30:00
1773056100000,83.39,83.39,83.39,83.39,0.0,2026-03-09 11:35:00
1773056400000,83.61,83.61,83.61,83.61,3.86,2026-03-09 11:40:00
1773056700000,83.64,83.7,83.64,83.7,9.738,2026-03-09 11:45:00
1773057000000,83.75,83.75,83.75,83.75,0.094,2026-03-09 11:50:00
1773057300000,83.75,83.75,83.75,83.75,0.0,2026-03-09 11:55:00
1773057600000,83.62,83.62,83.62,83.62,0.119,2026-03-09 12:00:00
1773057900000,83.62,83.62,83.62,83.62,0.0,2026-03-09 12:05:00
1773058200000,83.62,83.62,83.62,83.62,0.0,2026-03-09 12:10:00
1773058500000,83.95,83.95,83.95,83.95,0.416,2026-03-09 12:15:00
1773058800000,83.95,83.95,83.9,83.9,1.775,2026-03-09 12:20:00
1773059100000,83.9,83.9,83.9,83.9,0.0,2026-03-09 12:25:00
1773059400000,83.9,83.9,83.9,83.9,0.0,2026-03-09 12:30:00
1773059700000,83.95,84.14,83.95,84.14,14.619,2026-03-09 12:35:00
1773060000000,84.08,84.08,84.08,84.08,1.188,2026-03-09 12:40:00
1773060300000,84.08,84.08,84.08,84.08,0.0,2026-03-09 12:45:00
1773060600000,84.08,84.08,84.08,84.08,0.0,2026-03-09 12:50:00
1773060900000,83.99,83.99,83.99,83.99,3.241,2026-03-09 12:55:00
1773061200000,84.12,84.12,84.12,84.12,1.067,2026-03-09 13:00:00
1773061500000,84.19,84.23,84.19,84.23,0.489,2026-03-09 13:05:00
1773061800000,84.19,84.45,84.19,84.45,1.286,2026-03-09 13:10:00
1773062100000,84.4,84.4,84.29,84.29,3.447,2026-03-09 13:15:00
1773062400000,84.29,84.29,84.29,84.29,0.0,2026-03-09 13:20:00
1773062700000,84.58,85.0,84.58,85.0,12.805,2026-03-09 13:25:00
1773063000000,84.98,85.29,84.94,85.29,12.648,2026-03-09 13:30:00
1773063300000,85.3,85.3,84.7,84.83,2.991,2026-03-09 13:35:00
1773063600000,85.29,85.57,85.29,85.57,9.048,2026-03-09 13:40:00
1773063900000,85.59,85.72,85.41,85.41,101.553,2026-03-09 13:45:00
1773064200000,85.2,85.2,85.2,85.2,3.127,2026-03-09 13:50:00
1773064500000,85.29,85.29,85.29,85.29,3.172,2026-03-09 13:55:00
1773064800000,85.29,85.47,85.29,85.47,2.058,2026-03-09 14:00:00
1773065100000,85.24,85.24,84.78,84.78,4.401,2026-03-09 14:05:00
1773065400000,84.79,84.79,84.57,84.67,10.428,2026-03-09 14:10:00
1773065700000,85.29,85.44,85.29,85.44,4.378,2026-03-09 14:15:00
1773066000000,85.21,85.21,85.21,85.21,0.274,2026-03-09 14:20:00
1773066300000,85.2,85.2,85.2,85.2,0.05,2026-03-09 14:25:00
1773066600000,85.21,85.21,85.11,85.11,3.231,2026-03-09 14:30:00
1773066900000,85.2,85.2,85.2,85.2,75.069,2026-03-09 14:35:00
1773067200000,85.5,85.59,85.5,85.56,38.416,2026-03-09 14:40:00
1773067500000,85.5,85.5,85.5,85.5,74.621,2026-03-09 14:45:00
1773067800000,85.62,85.62,85.46,85.46,3.056,2026-03-09 14:50:00
1773068100000,85.46,85.46,85.46,85.46,0.0,2026-03-09 14:55:00
1773068400000,85.34,85.42,85.34,85.42,5.191,2026-03-09 15:00:00
1773068700000,85.32,85.32,84.96,84.96,1.408,2026-03-09 15:05:00
1773069000000,85.19,85.19,85.19,85.19,0.059,2026-03-09 15:10:00
1773069300000,85.31,85.31,85.31,85.31,0.035,2026-03-09 15:15:00
1773069600000,85.22,85.22,85.22,85.22,1.172,2026-03-09 15:20:00
1773069900000,85.3,85.3,85.3,85.3,74.42,2026-03-09 15:25:00
1773070200000,84.84,84.84,84.84,84.84,0.176,2026-03-09 15:30:00
1773070500000,84.68,84.87,84.68,84.76,44.48,2026-03-09 15:35:00
1773070800000,84.76,84.76,84.76,84.76,0.0,2026-03-09 15:40:00
1773071100000,84.76,84.76,84.76,84.76,0.0,2026-03-09 15:45:00
1773071400000,84.95,84.99,84.95,84.99,27.022,2026-03-09 15:50:00
1773071700000,84.99,84.99,84.99,84.99,0.0,2026-03-09 15:55:00
1773072000000,84.99,84.99,84.99,84.99,0.0,2026-03-09 16:00:00
1773072300000,85.12,85.12,85.12,85.12,0.117,2026-03-09 16:05:00
1773072600000,84.99,84.99,84.99,84.99,0.116,2026-03-09 16:10:00
1773072900000,84.99,84.99,84.99,84.99,0.0,2026-03-09 16:15:00
1773073200000,84.99,85.0,84.99,85.0,15.43,2026-03-09 16:20:00
1773073500000,85.09,85.09,85.09,85.09,1.005,2026-03-09 16:25:00
1773073800000,85.08,85.08,84.93,84.93,12.755,2026-03-09 16:30:00
1773074100000,85.08,85.08,85.08,85.08,3.143,2026-03-09 16:35:00
1773074400000,85.27,85.27,85.24,85.24,12.228,2026-03-09 16:40:00
1773074700000,85.24,85.28,85.24,85.28,1.641,2026-03-09 16:45:00
1773075000000,85.24,85.55,85.24,85.5,4.029,2026-03-09 16:50:00
1773075300000,85.12,85.17,85.12,85.15,1.033,2026-03-09 16:55:00
1773075600000,85.15,85.15,85.0,85.0,1.095,2026-03-09 17:00:00
1773075900000,85.22,85.22,85.22,85.22,0.058,2026-03-09 17:05:00
1773076200000,85.22,85.22,85.22,85.22,0.0,2026-03-09 17:10:00
1773076500000,85.2,85.2,84.97,85.0,10.189,2026-03-09 17:15:00
1773076800000,84.95,84.95,84.77,84.77,1.547,2026-03-09 17:20:00
1773077100000,84.77,84.77,84.77,84.77,0.0,2026-03-09 17:25:00
1773077400000,84.84,84.99,84.84,84.99,3.208,2026-03-09 17:30:00
1773077700000,84.72,84.72,84.72,84.72,1.176,2026-03-09 17:35:00
1773078000000,84.58,84.58,84.44,84.53,2.995,2026-03-09 17:40:00
1773078300000,84.65,84.65,84.65,84.65,5.897,2026-03-09 17:45:00
1773078600000,84.86,85.11,84.86,85.11,11.578,2026-03-09 17:50:00
1773078900000,85.26,85.26,85.26,85.26,0.096,2026-03-09 17:55:00
1773079200000,85.0,85.0,84.98,84.98,0.294,2026-03-09 18:00:00
1773079500000,84.81,84.81,84.59,84.59,5.154,2026-03-09 18:05:00
1773079800000,84.76,84.76,84.76,84.76,0.096,2026-03-09 18:10:00
1773080100000,84.81,85.25,84.81,85.25,4.07,2026-03-09 18:15:00
1773080400000,85.25,85.25,85.18,85.22,1.365,2026-03-09 18:20:00
1773080700000,85.18,85.18,85.18,85.18,9.182,2026-03-09 18:25:00
1773081000000,85.44,85.56,85.44,85.54,3.722,2026-03-09 18:30:00
1773081300000,85.43,85.43,85.37,85.4,25.998,2026-03-09 18:35:00
1773081600000,85.47,85.47,85.47,85.47,0.07,2026-03-09 18:40:00
1773081900000,85.3,85.3,85.3,85.3,1.17,2026-03-09 18:45:00
1773082200000,85.3,85.3,85.3,85.3,0.0,2026-03-09 18:50:00
1773082500000,85.22,85.22,85.22,85.22,5.896,2026-03-09 18:55:00
1773082800000,85.22,85.22,85.22,85.22,0.0,2026-03-09 19:00:00
1773083100000,85.22,85.22,85.22,85.22,0.0,2026-03-09 19:05:00
1773083400000,85.33,85.33,85.33,85.33,0.818,2026-03-09 19:10:00
1773083700000,85.1,85.62,85.1,85.62,9.352,2026-03-09 19:15:00
1773084000000,85.75,86.2,85.75,86.2,128.329,2026-03-09 19:20:00
1773084300000,86.19,86.86,86.19,86.86,13.03,2026-03-09 19:25:00
1773084600000,86.91,86.99,86.45,86.52,15.094,2026-03-09 19:30:00
1773084900000,86.53,86.53,86.17,86.2,18.546,2026-03-09 19:35:00
1773085200000,86.23,86.23,86.23,86.23,0.094,2026-03-09 19:40:00
1773085500000,86.23,86.23,86.23,86.23,0.0,2026-03-09 19:45:00
1773085800000,85.9,86.05,85.87,86.05,27.501,2026-03-09 19:50:00
1773086100000,85.98,85.98,85.93,85.93,25.364,2026-03-09 19:55:00
1773086400000,86.15,86.15,85.95,85.95,0.244,2026-03-09 20:00:00
1773086700000,85.77,85.77,85.77,85.77,0.058,2026-03-09 20:05:00
1773087000000,85.69,85.69,85.69,85.69,6.764,2026-03-09 20:10:00
1773087300000,85.85,85.85,85.81,85.81,0.697,2026-03-09 20:15:00
1773087600000,85.81,85.81,85.81,85.81,0.0,2026-03-09 20:20:00
1773087900000,85.81,85.81,85.81,85.81,1.165,2026-03-09 20:25:00
1773088200000,85.63,85.63,85.41,85.41,1.747,2026-03-09 20:30:00
1773088500000,85.41,85.41,85.41,85.41,0.0,2026-03-09 20:35:00
1773088800000,85.47,85.49,85.47,85.49,3.071,2026-03-09 20:40:00
1773089100000,85.49,85.49,85.37,85.37,0.17,2026-03-09 20:45:00
1773089400000,85.29,85.29,85.29,85.29,2.168,2026-03-09 20:50:00
1773089700000,85.83,85.83,85.83,85.83,1.94,2026-03-09 20:55:00
1773090000000,85.84,86.31,85.84,86.31,7.859,2026-03-09 21:00:00
1773090300000,86.24,86.25,86.2,86.25,5.522,2026-03-09 21:05:00
1773090600000,86.21,86.25,86.21,86.25,153.538,2026-03-09 21:10:00
1773090900000,86.24,86.24,86.24,86.24,0.574,2026-03-09 21:15:00
1773091200000,86.05,86.05,85.97,85.97,3.289,2026-03-09 21:20:00
1773091500000,86.03,86.16,85.99,86.16,18.145,2026-03-09 21:25:00
1773091800000,85.98,86.0,85.98,86.0,2.119,2026-03-09 21:30:00
1773092100000,86.0,86.0,86.0,86.0,0.0,2026-03-09 21:35:00
1773092400000,86.02,86.02,86.01,86.01,11.366,2026-03-09 21:40:00
1773092700000,85.97,85.98,85.97,85.97,36.22,2026-03-09 21:45:00
1773093000000,85.97,85.97,85.97,85.97,42.255,2026-03-09 21:50:00
1773093300000,86.02,86.05,86.02,86.05,3.122,2026-03-09 21:55:00
1773093600000,86.1,86.1,85.97,85.97,2.934,2026-03-09 22:00:00
1773093900000,85.95,85.95,85.9,85.9,3.924,2026-03-09 22:05:00
1773094200000,86.0,86.0,86.0,86.0,0.094,2026-03-09 22:10:00
1773094500000,86.0,86.0,86.0,86.0,0.0,2026-03-09 22:15:00
1773094800000,86.0,86.0,86.0,86.0,0.0,2026-03-09 22:20:00
1773095100000,86.27,86.27,86.27,86.27,1.031,2026-03-09 22:25:00
1773095400000,86.18,86.18,86.18,86.18,2.298,2026-03-09 22:30:00
1773095700000,86.11,86.11,85.74,85.74,7.32,2026-03-09 22:35:00
1773096000000,85.74,85.74,85.74,85.74,0.0,2026-03-09 22:40:00
1773096300000,85.86,85.87,85.83,85.85,4.566,2026-03-09 22:45:00
1773096600000,85.73,85.73,85.64,85.69,9.485,2026-03-09 22:50:00
1773096900000,85.69,85.69,85.69,85.69,0.0,2026-03-09 22:55:00
1773097200000,85.69,85.69,85.69,85.69,0.0,2026-03-09 23:00:00
1773097500000,85.63,85.98,85.63,85.98,4.632,2026-03-09 23:05:00
1773097800000,85.79,85.81,85.65,85.65,4.081,2026-03-09 23:10:00
1773098100000,85.6,85.6,85.47,85.47,2.645,2026-03-09 23:15:00
1773098400000,85.45,85.45,85.35,85.35,0.539,2026-03-09 23:20:00
1773098700000,85.35,85.35,85.35,85.35,0.0,2026-03-09 23:25:00
1773099000000,85.24,85.24,85.24,85.24,0.55,2026-03-09 23:30:00
1773099300000,85.31,85.31,85.24,85.24,0.514,2026-03-09 23:35:00
1773099600000,85.27,85.27,85.27,85.27,3.077,2026-03-09 23:40:00
1773099900000,85.11,85.11,84.9,84.96,16.742,2026-03-09 23:45:00
1773100200000,84.91,85.0,84.81,85.0,25.952,2026-03-09 23:50:00
1773100500000,85.0,85.0,85.0,85.0,0.0,2026-03-09 23:55:00
1773100800000,84.96,85.07,84.9,85.07,3.636,2026-03-10 00:00:00
1773101100000,84.95,85.0,84.95,85.0,20.741,2026-03-10 00:05:00
1773101400000,84.9,84.93,84.9,84.93,0.704,2026-03-10 00:10:00
1773101700000,84.95,84.95,84.93,84.93,11.537,2026-03-10 00:15:00
1773102000000,85.16,85.25,85.16,85.25,0.082,2026-03-10 00:20:00
1773102300000,85.62,85.62,85.62,85.62,2.7,2026-03-10 00:25:00
1773102600000,85.58,85.58,85.58,85.58,0.583,2026-03-10 00:30:00
1773102900000,85.72,85.79,85.72,85.79,27.771,2026-03-10 00:35:00
1773103200000,85.75,85.75,85.75,85.75,2.777,2026-03-10 00:40:00
1773103500000,85.75,85.75,85.75,85.75,0.0,2026-03-10 00:45:00
1773103800000,85.7,85.73,85.7,85.73,46.647,2026-03-10 00:50:00
1773104100000,85.58,85.58,85.55,85.55,1.297,2026-03-10 00:55:00
1773104400000,85.67,85.67,85.65,85.66,1.218,2026-03-10 01:00:00
1773104700000,85.66,85.66,85.66,85.66,0.0,2026-03-10 01:05:00
1773105000000,85.66,85.66,85.66,85.66,0.0,2026-03-10 01:10:00
1773105300000,85.6,85.65,85.6,85.65,62.95,2026-03-10 01:15:00
1773105600000,85.32,85.33,85.32,85.33,0.196,2026-03-10 01:20:00
1773105900000,85.33,85.33,85.33,85.33,0.0,2026-03-10 01:25:00
1773106200000,85.39,85.39,85.35,85.35,13.937,2026-03-10 01:30:00
1773106500000,85.32,85.32,85.32,85.32,0.759,2026-03-10 01:35:00
1773106800000,85.15,85.19,85.15,85.19,0.365,2026-03-10 01:40:00
1773107100000,85.3,85.38,85.3,85.38,0.267,2026-03-10 01:45:00
1773107400000,85.38,85.38,85.38,85.38,0.0,2026-03-10 01:50:00
1773107700000,85.8,85.82,85.75,85.82,14.586,2026-03-10 01:55:00
1773108000000,85.72,85.79,85.6,85.66,17.095,2026-03-10 02:00:00
1773108300000,85.66,85.66,85.66,85.66,0.0,2026-03-10 02:05:00
1773108600000,85.65,85.65,85.63,85.64,3.038,2026-03-10 02:10:00
1773108900000,85.67,85.67,85.6,85.6,3.086,2026-03-10 02:15:00
1773109200000,85.73,85.78,85.73,85.78,0.442,2026-03-10 02:20:00
1773109500000,85.63,85.63,85.63,85.63,1.165,2026-03-10 02:25:00
1773109800000,85.76,86.42,85.76,86.42,25.236,2026-03-10 02:30:00
1773110100000,86.42,86.72,86.27,86.46,62.184,2026-03-10 02:35:00
1773110400000,86.57,86.88,86.57,86.88,41.584,2026-03-10 02:40:00
1773110700000,86.76,86.87,86.63,86.87,28.506,2026-03-10 02:45:00
1773111000000,86.87,86.87,86.76,86.76,41.723,2026-03-10 02:50:00
1773111300000,86.76,86.76,86.76,86.76,0.0,2026-03-10 02:55:00
1773111600000,86.57,86.74,86.43,86.43,22.407,2026-03-10 03:00:00
1773111900000,86.37,86.43,86.37,86.43,0.175,2026-03-10 03:05:00
1773112200000,86.63,86.63,86.63,86.63,0.288,2026-03-10 03:10:00
1773112500000,86.58,86.58,86.58,86.58,0.058,2026-03-10 03:15:00
1773112800000,86.58,86.58,86.58,86.58,0.0,2026-03-10 03:20:00
1773113100000,86.58,86.58,86.58,86.58,0.0,2026-03-10 03:25:00
1773113400000,86.58,86.58,86.58,86.58,0.0,2026-03-10 03:30:00
1773113700000,86.31,86.31,86.31,86.31,0.699,2026-03-10 03:35:00
1773114000000,86.29,86.29,86.23,86.23,12.684,2026-03-10 03:40:00
1773114300000,85.9,85.9,85.62,85.65,0.973,2026-03-10 03:45:00
1773114600000,85.69,85.69,85.6,85.6,7.392,2026-03-10 03:50:00
1773114900000,85.62,85.62,85.57,85.57,20.481,2026-03-10 03:55:00
1773115200000,85.57,85.57,85.57,85.57,0.0,2026-03-10 04:00:00
1773115500000,85.7,85.7,85.65,85.65,3.319,2026-03-10 04:05:00
1773115800000,85.73,85.73,85.5,85.5,22.912,2026-03-10 04:10:00
1773116100000,85.52,85.52,85.44,85.44,0.197,2026-03-10 04:15:00
1773116400000,85.44,85.44,85.44,85.44,0.0,2026-03-10 04:20:00
1773116700000,85.89,85.89,85.89,85.89,0.034,2026-03-10 04:25:00
1773117000000,85.89,85.89,85.89,85.89,0.0,2026-03-10 04:30:00
1773117300000,86.22,86.22,86.22,86.22,0.616,2026-03-10 04:35:00
1773117600000,86.3,86.32,86.26,86.26,3.403,2026-03-10 04:40:00
1773117900000,86.21,86.26,86.21,86.26,0.149,2026-03-10 04:45:00
1773118200000,86.22,86.22,86.22,86.22,0.29,2026-03-10 04:50:00
1773118500000,86.54,86.67,86.51,86.51,17.89,2026-03-10 04:55:00
1773118800000,86.54,86.54,86.54,86.54,0.488,2026-03-10 05:00:00
1773119100000,86.69,86.79,86.69,86.69,0.218,2026-03-10 05:05:00
1773119400000,86.84,86.85,86.82,86.82,0.221,2026-03-10 05:10:00
1773119700000,86.91,86.92,86.91,86.92,0.157,2026-03-10 05:15:00
1773120000000,86.92,86.92,86.92,86.92,0.0,2026-03-10 05:20:00
1773120300000,86.74,86.74,86.74,86.74,0.017,2026-03-10 05:25:00
1773120600000,86.74,86.74,86.74,86.74,0.0,2026-03-10 05:30:00
1773120900000,86.74,86.74,86.74,86.74,0.0,2026-03-10 05:35:00
1773121200000,86.74,86.74,86.74,86.74,0.0,2026-03-10 05:40:00
1773121500000,86.74,86.74,86.74,86.74,0.0,2026-03-10 05:45:00
1773121800000,86.37,86.42,86.37,86.42,2.345,2026-03-10 05:50:00
1773122100000,86.37,86.37,86.36,86.37,57.876,2026-03-10 05:55:00
1773122400000,86.37,86.37,86.36,86.36,22.76,2026-03-10 06:00:00
1773122700000,86.28,86.28,86.28,86.28,0.355,2026-03-10 06:05:00
1773123000000,86.25,86.25,86.25,86.25,0.231,2026-03-10 06:10:00
1773123300000,86.25,86.25,86.25,86.25,0.0,2026-03-10 06:15:00
1773123600000,86.25,86.25,86.25,86.25,0.0,2026-03-10 06:20:00
1773123900000,86.25,86.25,86.25,86.25,0.0,2026-03-10 06:25:00
1773124200000,86.25,86.25,86.25,86.25,0.0,2026-03-10 06:30:00
1773124500000,86.25,86.25,86.25,86.25,0.0,2026-03-10 06:35:00
1773124800000,86.25,86.25,86.25,86.25,0.0,2026-03-10 06:40:00
1773125100000,86.29,86.29,86.29,86.29,0.091,2026-03-10 06:45:00
1773125400000,86.38,86.38,86.38,86.38,0.091,2026-03-10 06:50:00
1773125700000,86.38,86.38,86.38,86.38,0.0,2026-03-10 06:55:00
1773126000000,86.26,86.26,86.26,86.26,2.977,2026-03-10 07:00:00
1773126300000,86.38,86.6,86.38,86.59,16.177,2026-03-10 07:05:00
1773126600000,86.39,86.58,86.39,86.47,2.059,2026-03-10 07:10:00
1773126900000,86.47,86.47,86.47,86.47,0.0,2026-03-10 07:15:00
1773127200000,86.64,86.8,86.64,86.8,44.429,2026-03-10 07:20:00
1773127500000,86.8,86.8,86.8,86.8,0.0,2026-03-10 07:25:00
1773127800000,86.79,86.79,86.77,86.77,0.552,2026-03-10 07:30:00
1773128100000,86.81,86.83,86.81,86.81,1.734,2026-03-10 07:35:00
1773128400000,86.72,86.72,86.72,86.72,3.129,2026-03-10 07:40:00
1773128700000,86.68,86.68,86.68,86.68,0.038,2026-03-10 07:45:00
1773129000000,86.68,86.68,86.68,86.68,0.0,2026-03-10 07:50:00
1773129300000,86.68,86.68,86.68,86.68,0.0,2026-03-10 07:55:00
1773129600000,86.68,86.68,86.68,86.68,0.0,2026-03-10 08:00:00
1773129900000,86.94,87.36,86.93,87.36,18.57,2026-03-10 08:05:00
1773130200000,87.39,87.41,87.09,87.09,12.651,2026-03-10 08:10:00
1773130500000,87.04,87.04,86.94,86.94,27.344,2026-03-10 08:15:00
1773130800000,87.07,87.1,87.05,87.05,12.379,2026-03-10 08:20:00
1773131100000,87.04,87.04,87.03,87.03,41.088,2026-03-10 08:25:00
1773131400000,87.03,87.18,87.03,87.18,0.314,2026-03-10 08:30:00
1773131700000,86.72,86.88,86.72,86.82,41.605,2026-03-10 08:35:00
1773132000000,87.15,87.22,87.15,87.19,0.454,2026-03-10 08:40:00
1773132300000,86.95,86.95,86.95,86.95,1.776,2026-03-10 08:45:00
1773132600000,86.75,86.75,86.7,86.7,22.452,2026-03-10 08:50:00
1773132900000,86.73,86.73,86.73,86.73,1.723,2026-03-10 08:55:00
1773133200000,86.73,86.73,86.73,86.73,0.0,2026-03-10 09:00:00
1773133500000,86.65,86.8,86.65,86.8,4.077,2026-03-10 09:05:00
1773133800000,86.84,86.91,86.84,86.91,0.273,2026-03-10 09:10:00
1773134100000,86.81,86.88,86.81,86.86,0.37,2026-03-10 09:15:00
1773134400000,86.95,87.43,86.95,87.43,8.034,2026-03-10 09:20:00
1773134700000,87.25,87.37,87.25,87.35,0.372,2026-03-10 09:25:00
1773135000000,87.35,87.35,87.35,87.35,0.0,2026-03-10 09:30:00
1773135300000,87.31,87.31,87.31,87.31,0.093,2026-03-10 09:35:00
1773135600000,87.31,87.31,87.31,87.31,0.093,2026-03-10 09:40:00
1773135900000,87.22,87.22,87.16,87.16,3.067,2026-03-10 09:45:00
1773136200000,87.16,87.16,87.16,87.16,0.0,2026-03-10 09:50:00
1773136500000,87.16,87.16,87.16,87.16,0.0,2026-03-10 09:55:00
1773136800000,87.27,87.27,87.27,87.27,3.069,2026-03-10 10:00:00
1773137100000,87.46,87.62,87.3,87.3,43.562,2026-03-10 10:05:00
1773137400000,87.28,87.28,87.28,87.28,3.073,2026-03-10 10:10:00
1773137700000,87.28,87.28,87.28,87.28,0.0,2026-03-10 10:15:00
1773138000000,87.28,87.28,87.28,87.28,0.0,2026-03-10 10:20:00
1773138300000,87.12,87.12,87.12,87.12,0.401,2026-03-10 10:25:00
1773138600000,87.12,87.12,87.12,87.12,0.0,2026-03-10 10:30:00
1773138900000,87.12,87.12,87.12,87.12,0.0,2026-03-10 10:35:00
1773139200000,87.12,87.12,87.12,87.12,0.0,2026-03-10 10:40:00
1773139500000,87.12,87.12,87.12,87.12,0.0,2026-03-10 10:45:00
1773139800000,87.12,87.12,87.12,87.12,0.0,2026-03-10 10:50:00
1773140100000,87.12,87.12,87.12,87.12,0.0,2026-03-10 10:55:00
1773140400000,86.88,86.88,86.88,86.88,2.884,2026-03-10 11:00:00
1773140700000,86.88,86.88,86.88,86.88,0.0,2026-03-10 11:05:00
1773141000000,86.88,86.88,86.88,86.88,0.0,2026-03-10 11:10:00
1773141300000,86.88,86.88,86.88,86.88,0.0,2026-03-10 11:15:00
1773141600000,86.88,86.88,86.88,86.88,0.0,2026-03-10 11:20:00
1773141900000,86.92,86.92,86.92,86.92,3.041,2026-03-10 11:25:00
1773142200000,86.92,86.92,86.92,86.92,0.0,2026-03-10 11:30:00
1773142500000,86.82,86.82,86.82,86.82,0.067,2026-03-10 11:35:00
1773142800000,86.65,86.65,86.65,86.65,0.518,2026-03-10 11:40:00
1773143100000,86.65,86.65,86.65,86.65,0.0,2026-03-10 11:45:00
1773143400000,86.65,86.65,86.65,86.65,0.0,2026-03-10 11:50:00
1773143700000,86.65,86.65,86.65,86.65,0.0,2026-03-10 11:55:00
1773144000000,86.83,86.83,86.83,86.83,0.115,2026-03-10 12:00:00
1773144300000,86.53,86.54,86.43,86.43,10.536,2026-03-10 12:05:00
1773144600000,86.47,86.54,86.47,86.54,1.211,2026-03-10 12:10:00
1773144900000,86.54,86.54,86.54,86.54,0.0,2026-03-10 12:15:00
1773145200000,86.54,86.54,86.54,86.54,0.0,2026-03-10 12:20:00
1773145500000,86.54,86.54,86.54,86.54,0.0,2026-03-10 12:25:00
1773145800000,86.54,86.54,86.54,86.54,0.0,2026-03-10 12:30:00
1773146100000,86.55,86.55,86.49,86.49,16.91,2026-03-10 12:35:00
1773146400000,86.46,86.46,86.46,86.46,0.246,2026-03-10 12:40:00
1773146700000,86.46,86.46,86.46,86.46,0.0,2026-03-10 12:45:00
1773147000000,86.46,86.46,86.46,86.46,0.0,2026-03-10 12:50:00
1773147300000,86.46,86.46,86.46,86.46,0.0,2026-03-10 12:55:00
1773147600000,86.83,86.85,86.81,86.85,4.925,2026-03-10 13:00:00
1773147900000,86.92,86.92,86.85,86.85,0.487,2026-03-10 13:05:00
1773148200000,87.03,87.03,87.03,87.03,0.252,2026-03-10 13:10:00
1773148500000,87.1,87.16,87.1,87.14,36.562,2026-03-10 13:15:00
1773148800000,87.14,87.14,87.14,87.14,0.0,2026-03-10 13:20:00
1773149100000,87.25,87.25,87.25,87.25,0.114,2026-03-10 13:25:00
1773149400000,87.25,87.25,87.25,87.25,0.0,2026-03-10 13:30:00
1773149700000,86.3,86.3,85.82,85.82,8.025,2026-03-10 13:35:00
1773150000000,86.0,86.24,86.0,86.0,10.445,2026-03-10 13:40:00
1773150300000,86.15,86.39,86.15,86.39,7.859,2026-03-10 13:45:00
1773150600000,86.51,86.51,86.41,86.41,0.162,2026-03-10 13:50:00
1773150900000,86.41,86.41,86.41,86.41,0.0,2026-03-10 13:55:00
1773151200000,85.7,86.19,85.6,86.19,15.081,2026-03-10 14:00:00
1773151500000,86.24,86.24,85.36,85.36,15.581,2026-03-10 14:05:00
1773151800000,85.35,85.42,85.35,85.37,6.813,2026-03-10 14:10:00
1773152100000,85.19,85.51,84.94,85.51,2.82,2026-03-10 14:15:00
1773152400000,85.52,85.52,85.52,85.52,0.35,2026-03-10 14:20:00
1773152700000,85.52,85.52,85.52,85.52,0.0,2026-03-10 14:25:00
1773153000000,85.98,86.04,85.98,86.04,0.111,2026-03-10 14:30:00
1773153300000,86.06,86.31,86.06,86.31,1.009,2026-03-10 14:35:00
1773153600000,86.58,86.78,86.58,86.78,7.929,2026-03-10 14:40:00
1773153900000,86.84,87.0,86.84,87.0,10.418,2026-03-10 14:45:00
1773154200000,87.04,87.77,87.04,87.77,46.019,2026-03-10 14:50:00
1773154500000,87.77,88.21,87.77,88.04,420.317,2026-03-10 14:55:00
1773154800000,88.19,88.56,88.19,88.56,47.277,2026-03-10 15:00:00
1773155100000,87.87,88.01,87.87,87.96,4.178,2026-03-10 15:05:00
1773155400000,87.79,87.81,87.52,87.52,63.537,2026-03-10 15:10:00
1773155700000,87.47,87.48,87.41,87.41,3.834,2026-03-10 15:15:00
1773156000000,87.41,87.41,87.41,87.41,0.0,2026-03-10 15:20:00
1773156300000,87.72,88.0,87.72,87.73,10.452,2026-03-10 15:25:00
1773156600000,88.07,88.21,88.07,88.12,0.556,2026-03-10 15:30:00
1773156900000,88.12,88.12,88.12,88.12,0.0,2026-03-10 15:35:00
1773157200000,88.12,88.12,88.12,88.12,0.0,2026-03-10 15:40:00
1773157500000,87.75,87.87,87.73,87.73,0.705,2026-03-10 15:45:00
1773157800000,87.94,87.94,87.71,87.71,4.877,2026-03-10 15:50:00
1773158100000,88.32,88.32,88.32,88.32,0.81,2026-03-10 15:55:00
1773158400000,88.34,88.35,88.1,88.13,53.176,2026-03-10 16:00:00
1773158700000,87.75,87.86,87.74,87.86,44.759,2026-03-10 16:05:00
1773159000000,88.03,88.03,87.81,87.81,3.463,2026-03-10 16:10:00
1773159300000,88.03,88.2,88.0,88.2,13.47,2026-03-10 16:15:00
1773159600000,88.49,88.49,88.49,88.49,0.094,2026-03-10 16:20:00
1773159900000,88.61,88.68,88.36,88.36,4.229,2026-03-10 16:25:00
1773160200000,88.46,88.52,88.36,88.36,4.811,2026-03-10 16:30:00
1773160500000,88.36,88.36,88.36,88.36,0.0,2026-03-10 16:35:00
1773160800000,88.49,88.49,88.49,88.49,0.026,2026-03-10 16:40:00
1773161100000,88.44,88.44,88.37,88.37,0.395,2026-03-10 16:45:00
1773161400000,88.57,88.68,88.57,88.68,1.748,2026-03-10 16:50:00
1773161700000,88.68,88.68,88.68,88.68,0.0,2026-03-10 16:55:00
1773162000000,88.68,88.68,88.68,88.68,0.0,2026-03-10 17:00:00
1773162300000,88.79,88.79,88.57,88.57,0.106,2026-03-10 17:05:00
1773162600000,88.6,88.6,88.37,88.37,2.919,2026-03-10 17:10:00
1773162900000,88.37,88.56,88.37,88.56,3.686,2026-03-10 17:15:00
1773163200000,88.42,88.45,88.42,88.43,22.08,2026-03-10 17:20:00
1773163500000,88.32,88.32,88.26,88.26,22.009,2026-03-10 17:25:00
1773163800000,88.26,88.26,88.26,88.26,0.0,2026-03-10 17:30:00
1773164100000,87.7,87.76,87.7,87.76,4.703,2026-03-10 17:35:00
1773164400000,87.76,87.76,87.76,87.76,0.0,2026-03-10 17:40:00
1773164700000,87.76,87.76,87.76,87.76,0.0,2026-03-10 17:45:00
1773165000000,87.76,87.76,87.76,87.76,0.0,2026-03-10 17:50:00
1773165300000,87.76,87.76,87.76,87.76,0.0,2026-03-10 17:55:00
1773165600000,87.93,87.93,87.93,87.93,0.057,2026-03-10 18:00:00
1773165900000,88.01,88.01,87.7,87.7,1.25,2026-03-10 18:05:00
1773166200000,87.7,87.7,87.12,87.12,25.599,2026-03-10 18:10:00
1773166500000,87.06,87.31,86.62,86.62,13.285,2026-03-10 18:15:00
1773166800000,86.52,86.52,86.5,86.5,6.766,2026-03-10 18:20:00
1773167100000,86.8,86.8,86.8,86.8,77.259,2026-03-10 18:25:00
1773167400000,86.68,86.68,86.68,86.68,1.035,2026-03-10 18:30:00
1773167700000,86.83,86.83,86.74,86.74,8.76,2026-03-10 18:35:00
1773168000000,86.57,86.57,86.28,86.28,1.25,2026-03-10 18:40:00
1773168300000,86.23,86.4,86.11,86.4,2.06,2026-03-10 18:45:00
1773168600000,86.56,86.56,86.56,86.56,0.42,2026-03-10 18:50:00
1773168900000,86.18,86.18,86.18,86.18,0.089,2026-03-10 18:55:00
1773169200000,86.21,86.25,86.21,86.25,9.525,2026-03-10 19:00:00
1773169500000,86.1,86.36,86.0,86.36,3.078,2026-03-10 19:05:00
1773169800000,85.94,86.12,85.9,86.12,0.52,2026-03-10 19:10:00
1773170100000,86.36,86.36,86.36,86.36,10.0,2026-03-10 19:15:00
1773170400000,86.24,86.24,85.91,85.91,8.572,2026-03-10 19:20:00
1773170700000,86.04,86.04,86.04,86.04,0.49,2026-03-10 19:25:00
1773171000000,85.89,85.89,85.77,85.77,305.364,2026-03-10 19:30:00
1773171300000,85.71,85.71,85.7,85.7,3.532,2026-03-10 19:35:00
1773171600000,86.09,86.19,86.09,86.19,8.565,2026-03-10 19:40:00
1773171900000,86.13,86.13,86.13,86.13,1.16,2026-03-10 19:45:00
1773172200000,86.01,86.01,86.01,86.01,0.471,2026-03-10 19:50:00
1773172500000,86.01,86.01,86.01,86.01,0.0,2026-03-10 19:55:00
1773172800000,85.99,86.18,85.99,86.15,0.859,2026-03-10 20:00:00
1773173100000,86.24,86.27,86.03,86.04,10.359,2026-03-10 20:05:00
1773173400000,86.07,86.07,86.07,86.07,0.016,2026-03-10 20:10:00
1773173700000,86.07,86.07,86.07,86.07,0.0,2026-03-10 20:15:00
1773174000000,86.27,86.33,86.27,86.33,0.376,2026-03-10 20:20:00
1773174300000,86.3,86.3,86.3,86.3,1.158,2026-03-10 20:25:00
1773174600000,86.3,86.3,86.3,86.3,0.0,2026-03-10 20:30:00
1773174900000,86.14,86.14,86.14,86.14,14.039,2026-03-10 20:35:00
1773175200000,86.14,86.14,86.14,86.14,0.0,2026-03-10 20:40:00
1773175500000,86.14,86.14,86.14,86.14,0.0,2026-03-10 20:45:00
1773175800000,86.16,86.16,86.16,86.16,0.023,2026-03-10 20:50:00
1773176100000,86.16,86.16,86.16,86.16,0.0,2026-03-10 20:55:00
1773176400000,86.16,86.16,86.16,86.16,0.0,2026-03-10 21:00:00
1773176700000,86.27,86.38,86.27,86.38,5.097,2026-03-10 21:05:00
1773177000000,86.38,86.38,86.38,86.38,0.0,2026-03-10 21:10:00
1773177300000,85.98,86.06,85.93,85.99,15.911,2026-03-10 21:15:00
1773177600000,86.03,86.06,86.03,86.06,6.245,2026-03-10 21:20:00
1773177900000,86.06,86.06,86.06,86.06,0.0,2026-03-10 21:25:00
1773178200000,85.99,85.99,85.83,85.83,6.318,2026-03-10 21:30:00
1773178500000,85.99,85.99,85.41,85.46,78.127,2026-03-10 21:35:00
1773178800000,85.53,85.53,85.53,85.53,1.167,2026-03-10 21:40:00
1773179100000,85.41,85.42,85.36,85.42,18.176,2026-03-10 21:45:00
1773179400000,85.42,85.42,85.42,85.42,0.0,2026-03-10 21:50:00
1773179700000,85.78,85.81,85.78,85.81,34.903,2026-03-10 21:55:00
1773180000000,85.72,85.72,85.66,85.67,7.515,2026-03-10 22:00:00
1773180300000,85.52,85.52,85.29,85.32,14.207,2026-03-10 22:05:00
1773180600000,85.35,85.35,85.15,85.27,19.242,2026-03-10 22:10:00
1773180900000,85.19,85.19,85.11,85.14,14.311,2026-03-10 22:15:00
1773181200000,85.1,85.59,85.03,85.59,14.447,2026-03-10 22:20:00
1773181500000,85.7,85.7,85.6,85.6,4.371,2026-03-10 22:25:00
1773181800000,85.6,85.6,85.6,85.6,0.0,2026-03-10 22:30:00
1773182100000,85.33,85.33,85.33,85.33,3.05,2026-03-10 22:35:00
1773182400000,85.46,85.55,85.46,85.48,9.297,2026-03-10 22:40:00
1773182700000,85.45,85.54,85.45,85.54,12.807,2026-03-10 22:45:00
1773183000000,85.52,85.52,85.52,85.52,79.27,2026-03-10 22:50:00
1773183300000,85.48,85.54,85.48,85.54,25.809,2026-03-10 22:55:00
1773183600000,85.62,85.62,85.62,85.62,2.998,2026-03-10 23:00:00
1773183900000,85.7,85.7,85.58,85.61,14.67,2026-03-10 23:05:00
1773184200000,85.61,85.64,85.61,85.64,6.133,2026-03-10 23:10:00
1773184500000,85.73,85.74,85.73,85.73,10.759,2026-03-10 23:15:00
1773184800000,85.65,85.76,85.65,85.76,4.258,2026-03-10 23:20:00
1773185100000,85.71,85.71,85.48,85.48,25.159,2026-03-10 23:25:00
1773185400000,85.42,85.58,85.38,85.58,23.719,2026-03-10 23:30:00
1773185700000,85.63,85.64,85.63,85.64,3.091,2026-03-10 23:35:00
1773186000000,85.68,85.68,85.67,85.67,3.533,2026-03-10 23:40:00
1773186300000,85.71,85.71,85.69,85.69,5.189,2026-03-10 23:45:00
1773186600000,85.76,85.86,85.76,85.83,12.343,2026-03-10 23:50:00
1773186900000,85.87,85.89,85.87,85.89,6.097,2026-03-10 23:55:00
1773187200000,85.72,85.72,85.64,85.64,3.103,2026-03-11 00:00:00
1773187500000,85.94,85.94,85.87,85.87,0.931,2026-03-11 00:05:00
1773187800000,85.98,86.04,85.88,86.04,0.992,2026-03-11 00:10:00
1773188100000,86.08,86.08,85.67,85.8,28.088,2026-03-11 00:15:00
1773188400000,85.77,85.77,85.64,85.64,6.317,2026-03-11 00:20:00
1773188700000,85.89,86.02,85.89,86.02,6.455,2026-03-11 00:25:00
1773189000000,85.87,85.87,85.63,85.65,5.987,2026-03-11 00:30:00
1773189300000,85.67,85.78,85.67,85.78,6.618,2026-03-11 00:35:00
1773189600000,85.71,85.71,85.68,85.7,6.463,2026-03-11 00:40:00
1773189900000,85.71,85.88,85.71,85.79,12.788,2026-03-11 00:45:00
1773190200000,86.12,86.12,86.12,86.12,4.386,2026-03-11 00:50:00
1773190500000,86.09,86.09,86.0,86.0,9.134,2026-03-11 00:55:00
1773190800000,86.09,86.29,86.05,86.09,40.115,2026-03-11 01:00:00
1773191100000,86.25,86.26,86.14,86.15,13.752,2026-03-11 01:05:00
1773191400000,86.16,86.21,86.08,86.21,9.407,2026-03-11 01:10:00
1773191700000,86.15,86.15,86.09,86.09,6.131,2026-03-11 01:15:00
1773192000000,86.04,86.04,85.99,85.99,7.041,2026-03-11 01:20:00
1773192300000,85.95,86.0,85.95,86.0,5.473,2026-03-11 01:25:00
1773192600000,86.01,86.01,86.01,86.01,1.034,2026-03-11 01:30:00
1773192900000,85.9,85.9,85.7,85.73,9.289,2026-03-11 01:35:00
1773193200000,85.78,85.9,85.78,85.9,3.248,2026-03-11 01:40:00
1773193500000,85.86,85.86,85.86,85.86,0.275,2026-03-11 01:45:00
1773193800000,86.09,86.09,86.07,86.07,4.131,2026-03-11 01:50:00
1773194100000,86.07,86.07,86.07,86.07,0.0,2026-03-11 01:55:00
1773194400000,86.07,86.07,86.07,86.07,0.0,2026-03-11 02:00:00
1773194700000,86.11,86.13,86.11,86.13,5.271,2026-03-11 02:05:00
1773195000000,86.12,86.12,86.03,86.03,6.027,2026-03-11 02:10:00
1773195300000,85.98,85.98,85.98,85.98,1.151,2026-03-11 02:15:00
1773195600000,86.01,86.01,86.01,86.01,3.118,2026-03-11 02:20:00
1773195900000,86.01,86.01,86.01,86.01,0.0,2026-03-11 02:25:00
1773196200000,85.8,85.87,85.8,85.87,3.49,2026-03-11 02:30:00
1773196500000,85.87,85.87,85.87,85.87,0.0,2026-03-11 02:35:00
1773196800000,85.65,85.65,85.65,85.65,3.178,2026-03-11 02:40:00
1773197100000,85.65,85.65,85.65,85.65,0.0,2026-03-11 02:45:00
1773197400000,85.67,85.67,85.67,85.67,3.079,2026-03-11 02:50:00
1773197700000,85.78,85.78,85.78,85.78,0.235,2026-03-11 02:55:00
1773198000000,86.17,86.17,85.99,85.99,1.637,2026-03-11 03:00:00
1773198300000,85.99,85.99,85.99,85.99,0.0,2026-03-11 03:05:00
1773198600000,85.86,85.86,85.76,85.8,0.842,2026-03-11 03:10:00
1773198900000,85.66,85.66,85.66,85.66,0.69,2026-03-11 03:15:00
1773199200000,85.64,85.64,85.64,85.64,0.15,2026-03-11 03:20:00
1773199500000,85.61,85.61,85.61,85.61,3.244,2026-03-11 03:25:00
1773199800000,85.61,85.61,85.61,85.61,0.0,2026-03-11 03:30:00
1773200100000,85.65,85.73,85.62,85.73,107.411,2026-03-11 03:35:00
1773200400000,85.71,85.71,85.71,85.71,0.233,2026-03-11 03:40:00
1773200700000,85.62,85.62,85.62,85.62,0.225,2026-03-11 03:45:00
1773201000000,85.62,85.62,85.62,85.62,0.0,2026-03-11 03:50:00
1773201300000,85.66,85.66,85.66,85.66,2.997,2026-03-11 03:55:00
1773201600000,85.63,85.63,85.63,85.63,3.261,2026-03-11 04:00:00
1773201900000,85.57,85.57,85.49,85.49,8.07,2026-03-11 04:05:00
1773202200000,85.56,85.62,85.56,85.62,2.227,2026-03-11 04:10:00
1773202500000,85.62,85.62,85.62,85.62,0.0,2026-03-11 04:15:00
1773202800000,85.83,85.83,85.83,85.83,4.108,2026-03-11 04:20:00
1773203100000,86.08,86.15,86.08,86.15,4.198,2026-03-11 04:25:00
1773203400000,86.17,86.5,86.17,86.5,21.841,2026-03-11 04:30:00
1773203700000,86.58,86.58,86.58,86.58,0.096,2026-03-11 04:35:00
1773204000000,86.4,86.4,86.4,86.4,0.116,2026-03-11 04:40:00
1773204300000,86.42,86.5,86.42,86.5,22.786,2026-03-11 04:45:00
1773204600000,86.5,86.5,86.5,86.5,0.0,2026-03-11 04:50:00
1773204900000,86.6,86.72,86.57,86.72,25.908,2026-03-11 04:55:00
1773205200000,86.84,86.85,86.66,86.68,3.718,2026-03-11 05:00:00
1773205500000,86.63,86.66,86.54,86.54,113.032,2026-03-11 05:05:00
1773205800000,86.47,86.47,86.47,86.47,0.035,2026-03-11 05:10:00
1773206100000,86.44,86.44,86.3,86.3,3.363,2026-03-11 05:15:00
1773206400000,86.28,86.28,86.26,86.26,12.172,2026-03-11 05:20:00
1773206700000,86.28,86.28,86.28,86.28,0.469,2026-03-11 05:25:00
1773207000000,86.28,86.28,86.28,86.28,0.0,2026-03-11 05:30:00
1773207300000,86.28,86.28,86.28,86.28,0.0,2026-03-11 05:35:00
1773207600000,85.9,85.9,85.71,85.71,15.422,2026-03-11 05:40:00
1773207900000,85.93,85.93,85.85,85.93,25.912,2026-03-11 05:45:00
1773208200000,85.93,85.93,85.93,85.93,0.0,2026-03-11 05:50:00
1773208500000,85.78,85.78,85.78,85.78,1.163,2026-03-11 05:55:00
1773208800000,85.78,85.78,85.78,85.78,0.0,2026-03-11 06:00:00
1773209100000,85.78,85.78,85.78,85.78,0.0,2026-03-11 06:05:00
1773209400000,85.77,85.77,85.77,85.77,1.156,2026-03-11 06:10:00
1773209700000,85.77,85.77,85.77,85.77,0.0,2026-03-11 06:15:00
1773210000000,85.77,85.77,85.77,85.77,0.0,2026-03-11 06:20:00
1773210300000,85.77,85.77,85.77,85.77,0.0,2026-03-11 06:25:00
1773210600000,85.77,85.77,85.77,85.77,0.0,2026-03-11 06:30:00
1773210900000,85.77,85.77,85.77,85.77,0.0,2026-03-11 06:35:00
1773211200000,86.17,86.17,86.13,86.13,1.309,2026-03-11 06:40:00
1773211500000,86.13,86.13,86.13,86.13,0.0,2026-03-11 06:45:00
1773211800000,86.13,86.13,86.13,86.13,0.0,2026-03-11 06:50:00
1773212100000,86.05,86.05,86.05,86.05,0.116,2026-03-11 06:55:00
1773212400000,86.05,86.05,86.05,86.05,0.0,2026-03-11 07:00:00
1773212700000,86.02,86.12,86.02,86.12,1.193,2026-03-11 07:05:00
1773213000000,86.07,86.07,86.04,86.04,5.919,2026-03-11 07:10:00
1773213300000,86.04,86.04,86.04,86.04,0.0,2026-03-11 07:15:00
1773213600000,86.04,86.04,86.04,86.04,0.0,2026-03-11 07:20:00
1773213900000,86.04,86.04,86.04,86.04,0.0,2026-03-11 07:25:00
1773214200000,85.81,85.81,85.81,85.81,2.908,2026-03-11 07:30:00
1773214500000,85.63,85.63,85.26,85.26,20.407,2026-03-11 07:35:00
1773214800000,85.26,85.26,85.26,85.26,0.0,2026-03-11 07:40:00
1773215100000,85.26,85.26,85.26,85.26,0.0,2026-03-11 07:45:00
1773215400000,85.26,85.26,85.26,85.26,0.0,2026-03-11 07:50:00
1773215700000,85.26,85.26,85.26,85.26,0.0,2026-03-11 07:55:00
1773216000000,85.26,85.26,85.26,85.26,0.0,2026-03-11 08:00:00
1773216300000,85.46,85.46,85.39,85.42,1.614,2026-03-11 08:05:00
1773216600000,85.42,85.42,85.42,85.42,0.0,2026-03-11 08:10:00
1773216900000,85.42,85.42,85.42,85.42,0.0,2026-03-11 08:15:00
1773217200000,85.42,85.42,85.42,85.42,0.0,2026-03-11 08:20:00
1773217500000,85.42,85.42,85.42,85.42,0.0,2026-03-11 08:25:00
1773217800000,85.47,85.47,85.47,85.47,28.218,2026-03-11 08:30:00
1773218100000,85.38,85.5,85.38,85.5,13.88,2026-03-11 08:35:00
1773218400000,85.5,85.5,85.47,85.47,1.81,2026-03-11 08:40:00
1773218700000,85.47,85.47,85.47,85.47,0.0,2026-03-11 08:45:00
1773219000000,85.47,85.47,85.47,85.47,0.0,2026-03-11 08:50:00
1773219300000,85.49,85.49,85.49,85.49,2.986,2026-03-11 08:55:00
1773219600000,85.42,85.42,85.42,85.42,1.169,2026-03-11 09:00:00
1773219900000,85.42,85.42,85.42,85.42,0.0,2026-03-11 09:05:00
1773220200000,85.42,85.42,85.42,85.42,0.292,2026-03-11 09:10:00
1773220500000,85.3,85.3,85.3,85.3,0.136,2026-03-11 09:15:00
1773220800000,85.3,85.3,85.3,85.3,0.0,2026-03-11 09:20:00
1773221100000,85.3,85.3,85.3,85.3,0.0,2026-03-11 09:25:00
1773221400000,85.3,85.3,85.3,85.3,0.0,2026-03-11 09:30:00
1773221700000,85.12,85.12,85.1,85.1,0.277,2026-03-11 09:35:00
1773222000000,85.1,85.1,85.1,85.1,0.0,2026-03-11 09:40:00
1773222300000,85.47,85.47,85.47,85.47,0.057,2026-03-11 09:45:00
1773222600000,85.2,85.2,85.2,85.2,3.227,2026-03-11 09:50:00
1773222900000,85.14,85.14,84.83,84.83,7.195,2026-03-11 09:55:00
1773223200000,84.83,84.83,84.83,84.83,0.0,2026-03-11 10:00:00
1773223500000,84.83,84.83,84.83,84.83,0.0,2026-03-11 10:05:00
1773223800000,84.83,84.83,84.83,84.83,0.0,2026-03-11 10:10:00
1773224100000,85.11,85.14,85.11,85.14,3.523,2026-03-11 10:15:00
1773224400000,85.15,85.15,85.15,85.15,1.0,2026-03-11 10:20:00
1773224700000,85.15,85.15,85.15,85.15,2.348,2026-03-11 10:25:00
1773225000000,85.25,85.25,85.25,85.25,0.078,2026-03-11 10:30:00
1773225300000,85.25,85.25,85.25,85.25,0.0,2026-03-11 10:35:00
1773225600000,85.26,85.34,85.26,85.3,23.42,2026-03-11 10:40:00
1773225900000,85.3,85.3,85.3,85.3,0.0,2026-03-11 10:45:00
1773226200000,85.3,85.3,85.3,85.3,0.0,2026-03-11 10:50:00
1773226500000,85.35,85.35,85.35,85.35,0.09,2026-03-11 10:55:00
1773226800000,85.35,85.35,85.35,85.35,0.0,2026-03-11 11:00:00
1773227100000,85.11,85.15,85.11,85.15,2.0,2026-03-11 11:05:00
1773227400000,85.15,85.15,85.15,85.15,0.0,2026-03-11 11:10:00
1773227700000,85.15,85.15,85.15,85.15,0.0,2026-03-11 11:15:00
1773228000000,85.13,85.13,85.13,85.13,2.347,2026-03-11 11:20:00
1773228300000,84.92,84.92,84.92,84.92,0.047,2026-03-11 11:25:00
1773228600000,84.92,84.92,84.92,84.92,0.0,2026-03-11 11:30:00
1773228900000,85.07,85.07,85.07,85.07,0.158,2026-03-11 11:35:00
1773229200000,84.83,84.83,84.42,84.62,21.655,2026-03-11 11:40:00
1773229500000,84.62,84.62,84.62,84.62,0.0,2026-03-11 11:45:00
1773229800000,84.62,84.62,84.62,84.62,0.0,2026-03-11 11:50:00
1773230100000,84.49,84.62,84.49,84.62,4.135,2026-03-11 11:55:00
1773230400000,84.64,84.64,84.64,84.64,0.118,2026-03-11 12:00:00
1773230700000,84.41,84.41,84.41,84.41,0.181,2026-03-11 12:05:00
1773231000000,84.74,84.8,84.74,84.8,3.177,2026-03-11 12:10:00
1773231300000,84.8,84.8,84.8,84.8,0.0,2026-03-11 12:15:00
1773231600000,85.02,85.09,85.02,85.09,14.591,2026-03-11 12:20:00
1773231900000,85.1,85.1,85.1,85.1,0.293,2026-03-11 12:25:00
1773232200000,85.26,85.71,85.26,85.71,20.225,2026-03-11 12:30:00
1773232500000,85.06,85.13,85.06,85.13,3.478,2026-03-11 12:35:00
1773232800000,84.95,84.95,84.95,84.95,0.047,2026-03-11 12:40:00
1773233100000,84.99,84.99,84.92,84.92,19.69,2026-03-11 12:45:00
1773233400000,85.14,85.14,85.14,85.14,6.156,2026-03-11 12:50:00
1773233700000,85.27,85.27,85.27,85.27,0.659,2026-03-11 12:55:00
1773234000000,85.17,85.26,85.06,85.24,55.579,2026-03-11 13:00:00
1773234300000,85.4,85.43,85.4,85.43,0.41,2026-03-11 13:05:00
1773234600000,85.78,86.2,85.7,86.2,13.251,2026-03-11 13:10:00
1773234900000,86.05,86.31,85.93,85.93,56.827,2026-03-11 13:15:00
1773235200000,86.26,86.45,86.26,86.45,124.946,2026-03-11 13:20:00
1773235500000,86.45,86.45,86.45,86.45,0.0,2026-03-11 13:25:00
1773235800000,86.32,86.91,86.32,86.84,17.614,2026-03-11 13:30:00
1773236100000,87.06,87.33,87.06,87.33,6.451,2026-03-11 13:35:00
1773236400000,87.37,87.39,86.3,86.3,4.883,2026-03-11 13:40:00
1773236700000,86.43,86.43,85.84,85.84,89.462,2026-03-11 13:45:00
1773237000000,85.79,85.79,85.63,85.63,9.254,2026-03-11 13:50:00
1773237300000,85.74,85.99,85.45,85.93,81.326,2026-03-11 13:55:00
1773237600000,86.01,86.59,86.01,86.21,238.828,2026-03-11 14:00:00
1773237900000,86.21,86.39,86.04,86.11,152.594,2026-03-11 14:05:00
1773238200000,86.1,86.15,85.79,85.9,61.191,2026-03-11 14:10:00
1773238500000,86.0,86.46,85.98,86.46,42.071,2026-03-11 14:15:00
1773238800000,86.54,86.58,86.36,86.45,53.775,2026-03-11 14:20:00
1773239100000,86.22,86.55,86.06,86.55,194.544,2026-03-11 14:25:00
1773239400000,86.61,86.7,86.41,86.42,133.075,2026-03-11 14:30:00
1773239700000,86.84,86.85,86.84,86.85,0.142,2026-03-11 14:35:00
1773240000000,86.82,86.82,86.82,86.82,1.151,2026-03-11 14:40:00
1773240300000,86.98,87.12,86.77,86.79,158.431,2026-03-11 14:45:00
1773240600000,86.7,86.71,86.7,86.71,21.207,2026-03-11 14:50:00
1773240900000,86.7,86.7,86.61,86.61,67.378,2026-03-11 14:55:00
1773241200000,86.6,86.69,86.17,86.26,80.048,2026-03-11 15:00:00
1773241500000,86.06,86.26,85.91,85.96,53.705,2026-03-11 15:05:00
1773241800000,86.09,86.14,85.69,85.69,34.195,2026-03-11 15:10:00
1773242100000,85.75,85.87,85.71,85.87,21.418,2026-03-11 15:15:00
1773242400000,85.89,85.93,85.88,85.91,19.702,2026-03-11 15:20:00
1773242700000,86.04,86.04,85.66,85.66,2.7,2026-03-11 15:25:00
1773243000000,85.63,85.63,84.64,84.8,167.56,2026-03-11 15:30:00
1773243300000,85.15,85.17,85.15,85.17,6.644,2026-03-11 15:35:00
1773243600000,85.26,85.26,84.98,84.98,265.95,2026-03-11 15:40:00
1773243900000,84.99,85.0,84.87,84.88,66.877,2026-03-11 15:45:00
1773244200000,85.29,85.37,85.29,85.36,3.603,2026-03-11 15:50:00
1773244500000,85.47,85.48,85.38,85.41,123.026,2026-03-11 15:55:00
1773244800000,85.39,85.64,85.39,85.64,10.073,2026-03-11 16:00:00
1773245100000,85.67,85.67,85.63,85.63,0.225,2026-03-11 16:05:00
1773245400000,85.73,85.91,85.7,85.7,47.583,2026-03-11 16:10:00
1773245700000,85.83,85.93,85.83,85.93,4.736,2026-03-11 16:15:00
1773246000000,85.78,86.04,85.75,85.86,44.518,2026-03-11 16:20:00
1773246300000,85.93,85.98,85.84,85.98,46.836,2026-03-11 16:25:00
1773246600000,86.01,86.27,86.01,86.27,215.101,2026-03-11 16:30:00
1773246900000,86.29,86.33,86.27,86.33,3.541,2026-03-11 16:35:00
1773247200000,86.36,86.46,86.32,86.32,102.294,2026-03-11 16:40:00
1773247500000,86.43,86.5,86.43,86.49,19.086,2026-03-11 16:45:00
1773247800000,86.5,86.5,86.33,86.44,323.454,2026-03-11 16:50:00
1773248100000,86.38,86.39,86.25,86.39,36.685,2026-03-11 16:55:00
1773248400000,86.51,86.91,86.51,86.91,4.547,2026-03-11 17:00:00
1773248700000,86.83,86.88,86.76,86.82,10.581,2026-03-11 17:05:00
1773249000000,86.82,86.82,86.82,86.82,0.0,2026-03-11 17:10:00
1773249300000,86.69,86.93,86.69,86.93,368.984,2026-03-11 17:15:00
1773249600000,87.06,87.17,87.06,87.17,3.583,2026-03-11 17:20:00
1773249900000,87.32,87.79,87.32,87.49,108.951,2026-03-11 17:25:00
1773250200000,87.72,87.77,87.48,87.48,2.892,2026-03-11 17:30:00
1773250500000,86.9,87.06,86.82,87.06,8.274,2026-03-11 17:35:00
1773250800000,87.37,87.37,87.37,87.37,0.046,2026-03-11 17:40:00
1773251100000,87.25,87.29,87.1,87.24,21.731,2026-03-11 17:45:00
1773251400000,87.5,87.5,87.5,87.5,3.0,2026-03-11 17:50:00
1773251700000,87.15,87.18,87.15,87.18,2.389,2026-03-11 17:55:00
1773252000000,87.33,87.65,87.33,87.61,103.272,2026-03-11 18:00:00
1773252300000,87.69,87.69,87.45,87.5,3.628,2026-03-11 18:05:00
1773252600000,87.48,87.82,87.43,87.82,10.954,2026-03-11 18:10:00
1773252900000,87.78,87.93,87.78,87.93,1.676,2026-03-11 18:15:00
1773253200000,87.7,87.86,87.7,87.86,30.716,2026-03-11 18:20:00
1773253500000,87.72,87.72,87.61,87.61,0.462,2026-03-11 18:25:00
1773253800000,87.53,87.53,87.41,87.41,102.284,2026-03-11 18:30:00
1773254100000,87.41,87.41,87.41,87.41,0.0,2026-03-11 18:35:00
1773254400000,87.37,87.37,87.37,87.37,0.046,2026-03-11 18:40:00
1773254700000,87.42,87.42,87.42,87.42,0.097,2026-03-11 18:45:00
1773255000000,87.64,88.03,87.63,87.82,2.285,2026-03-11 18:50:00
1773255300000,87.92,87.92,87.92,87.92,0.222,2026-03-11 18:55:00
1773255600000,87.92,87.92,87.92,87.92,0.0,2026-03-11 19:00:00
1773255900000,87.61,87.61,87.37,87.37,41.627,2026-03-11 19:05:00
1773256200000,87.32,87.42,87.19,87.22,210.708,2026-03-11 19:10:00
1773256500000,87.29,87.33,87.2,87.29,99.792,2026-03-11 19:15:00
1773256800000,87.27,87.32,87.2,87.21,46.878,2026-03-11 19:20:00
1773257100000,87.36,87.36,87.36,87.36,0.093,2026-03-11 19:25:00
1773257400000,87.17,87.59,87.17,87.59,74.041,2026-03-11 19:30:00
1773257700000,87.59,87.59,87.59,87.59,0.0,2026-03-11 19:35:00
1773258000000,87.34,87.36,87.34,87.35,64.079,2026-03-11 19:40:00
1773258300000,87.17,87.17,87.17,87.17,44.804,2026-03-11 19:45:00
1773258600000,87.23,87.26,87.22,87.26,502.094,2026-03-11 19:50:00
1773258900000,87.08,87.22,86.98,87.22,55.949,2026-03-11 19:55:00
1773259200000,87.17,87.25,87.01,87.16,62.402,2026-03-11 20:00:00
1773259500000,87.1,87.19,87.08,87.17,13.341,2026-03-11 20:05:00
1773259800000,87.16,87.16,87.16,87.16,0.344,2026-03-11 20:10:00
1773260100000,87.22,87.22,87.22,87.22,85.969,2026-03-11 20:15:00
1773260400000,87.17,87.17,87.17,87.17,0.093,2026-03-11 20:20:00
1773260700000,87.17,87.17,87.17,87.17,0.0,2026-03-11 20:25:00
1773261000000,87.17,87.17,87.17,87.17,0.0,2026-03-11 20:30:00
1773261300000,87.17,87.17,87.17,87.17,0.093,2026-03-11 20:35:00
1773261600000,87.17,87.17,87.17,87.17,0.0,2026-03-11 20:40:00
1773261900000,87.34,87.44,87.33,87.33,11.227,2026-03-11 20:45:00
1773262200000,87.2,87.2,87.2,87.2,0.093,2026-03-11 20:50:00
1773262500000,87.2,87.35,87.2,87.35,1.811,2026-03-11 20:55:00
1773262800000,87.39,87.43,87.39,87.43,0.664,2026-03-11 21:00:00
1773263100000,87.5,87.5,87.5,87.5,0.093,2026-03-11 21:05:00
1773263400000,87.43,87.43,87.43,87.43,1.143,2026-03-11 21:10:00
1773263700000,87.26,87.26,87.23,87.23,0.253,2026-03-11 21:15:00
1773264000000,87.15,87.32,87.15,87.31,0.441,2026-03-11 21:20:00
1773264300000,87.31,87.31,87.31,87.31,0.0,2026-03-11 21:25:00
1773264600000,87.33,87.36,87.33,87.36,4.183,2026-03-11 21:30:00
1773264900000,87.36,87.36,87.36,87.36,0.0,2026-03-11 21:35:00
1773265200000,87.43,87.49,87.43,87.49,0.279,2026-03-11 21:40:00
1773265500000,87.49,87.49,87.49,87.49,0.0,2026-03-11 21:45:00
1773265800000,87.57,87.57,87.57,87.57,0.228,2026-03-11 21:50:00
1773266100000,87.48,87.48,87.48,87.48,0.091,2026-03-11 21:55:00
1773266400000,87.5,87.5,87.5,87.5,2.0,2026-03-11 22:00:00
1773266700000,87.53,87.53,87.53,87.53,2.857,2026-03-11 22:05:00
1773267000000,87.47,87.81,87.47,87.81,0.906,2026-03-11 22:10:00
1773267300000,87.68,87.68,87.68,87.68,1.423,2026-03-11 22:15:00
1773267600000,87.68,87.68,87.68,87.68,0.0,2026-03-11 22:20:00
1773267900000,87.34,87.34,87.16,87.16,0.612,2026-03-11 22:25:00
1773268200000,87.16,87.16,87.09,87.11,19.152,2026-03-11 22:30:00
1773268500000,86.97,86.97,86.97,86.97,0.095,2026-03-11 22:35:00
1773268800000,87.0,87.01,87.0,87.01,0.802,2026-03-11 22:40:00
1773269100000,87.23,87.23,87.18,87.18,0.74,2026-03-11 22:45:00
1773269400000,87.17,87.17,87.07,87.1,7.975,2026-03-11 22:50:00
1773269700000,87.0,87.0,87.0,87.0,0.057,2026-03-11 22:55:00
1773270000000,87.11,87.2,87.1,87.14,1.435,2026-03-11 23:00:00
1773270300000,87.13,87.16,86.98,86.98,2.957,2026-03-11 23:05:00
1773270600000,87.12,87.12,87.1,87.1,0.182,2026-03-11 23:10:00
1773270900000,87.01,87.01,87.01,87.01,1.942,2026-03-11 23:15:00
1773271200000,87.01,87.01,87.01,87.01,0.0,2026-03-11 23:20:00
1773271500000,86.91,86.94,86.91,86.94,11.665,2026-03-11 23:25:00
1773271800000,86.84,86.84,86.66,86.78,113.415,2026-03-11 23:30:00
1773272100000,86.84,86.85,86.81,86.85,0.389,2026-03-11 23:35:00
1773272400000,86.81,86.86,86.8,86.85,0.624,2026-03-11 23:40:00
1773272700000,86.74,86.74,86.58,86.58,0.934,2026-03-11 23:45:00
1773273000000,86.72,86.72,86.6,86.6,0.241,2026-03-11 23:50:00
1773273300000,86.58,86.6,86.58,86.6,0.23,2026-03-11 23:55:00
1773273600000,86.56,86.56,86.54,86.54,0.291,2026-03-12 00:00:00
1773273900000,86.53,86.67,86.47,86.67,1.657,2026-03-12 00:05:00
1773274200000,86.65,86.66,86.61,86.62,7.398,2026-03-12 00:10:00
1773274500000,86.58,86.58,86.58,86.58,0.091,2026-03-12 00:15:00
1773274800000,86.56,86.74,86.56,86.74,1.459,2026-03-12 00:20:00
1773275100000,86.77,86.77,86.67,86.67,0.655,2026-03-12 00:25:00
1773275400000,86.58,86.58,86.43,86.43,0.234,2026-03-12 00:30:00
1773275700000,86.59,86.66,86.57,86.66,1.023,2026-03-12 00:35:00
1773276000000,86.67,86.7,86.67,86.7,1.336,2026-03-12 00:40:00
1773276300000,86.7,86.7,86.7,86.7,0.288,2026-03-12 00:45:00
1773276600000,86.69,86.69,86.69,86.69,0.669,2026-03-12 00:50:00
1773276900000,86.71,86.71,86.65,86.69,0.426,2026-03-12 00:55:00
1773277200000,86.32,86.32,86.27,86.27,0.71,2026-03-12 01:00:00
1773277500000,86.3,86.3,86.15,86.27,3.432,2026-03-12 01:05:00
1773277800000,86.46,86.46,86.44,86.44,5.976,2026-03-12 01:10:00
1773278100000,86.26,86.37,86.24,86.37,3.747,2026-03-12 01:15:00
1773278400000,86.34,86.41,86.33,86.41,3.823,2026-03-12 01:20:00
1773278700000,86.36,86.42,86.31,86.41,3.868,2026-03-12 01:25:00
1773279000000,86.35,86.41,86.15,86.26,16.856,2026-03-12 01:30:00
1773279300000,86.18,86.23,86.18,86.21,0.404,2026-03-12 01:35:00
1773279600000,86.3,86.46,86.21,86.21,1.179,2026-03-12 01:40:00
1773279900000,86.17,86.17,86.05,86.05,0.974,2026-03-12 01:45:00
1773280200000,86.03,86.05,86.0,86.05,1.329,2026-03-12 01:50:00
1773280500000,86.05,86.05,86.05,86.05,0.0,2026-03-12 01:55:00
1773280800000,86.02,86.14,86.02,86.14,6.389,2026-03-12 02:00:00
1773281100000,86.11,86.11,86.06,86.06,0.679,2026-03-12 02:05:00
1773281400000,86.17,86.17,86.17,86.17,0.329,2026-03-12 02:10:00
1773281700000,86.09,86.09,85.89,85.89,2.368,2026-03-12 02:15:00
1773282000000,85.81,85.81,85.73,85.73,0.883,2026-03-12 02:20:00
1773282300000,85.72,85.72,85.72,85.72,0.28,2026-03-12 02:25:00
1773282600000,85.7,85.7,85.7,85.7,2.532,2026-03-12 02:30:00
1773282900000,85.63,85.63,85.6,85.6,0.688,2026-03-12 02:35:00
1773283200000,85.56,85.59,85.56,85.59,1.462,2026-03-12 02:40:00
1773283500000,85.5,85.5,85.44,85.45,2.81,2026-03-12 02:45:00
1773283800000,85.41,85.41,85.26,85.26,3.059,2026-03-12 02:50:00
1773284100000,85.26,85.26,85.26,85.26,0.0,2026-03-12 02:55:00
1773284400000,85.24,85.34,85.24,85.34,0.421,2026-03-12 03:00:00
1773284700000,85.32,85.35,85.32,85.35,0.312,2026-03-12 03:05:00
1773285000000,85.25,85.25,85.25,85.25,0.293,2026-03-12 03:10:00
1773285300000,85.25,85.25,85.25,85.25,0.0,2026-03-12 03:15:00
1773285600000,85.36,85.5,85.36,85.5,100.234,2026-03-12 03:20:00
1773285900000,85.36,85.36,85.36,85.36,0.019,2026-03-12 03:25:00
1773286200000,85.3,85.39,85.3,85.39,1.812,2026-03-12 03:30:00
1773286500000,85.38,85.39,85.32,85.32,2.363,2026-03-12 03:35:00
1773286800000,85.27,85.32,85.24,85.24,10.667,2026-03-12 03:40:00
1773287100000,85.14,85.14,84.84,84.86,9.316,2026-03-12 03:45:00
1773287400000,84.75,84.75,84.75,84.75,1.057,2026-03-12 03:50:00
1773287700000,84.84,84.84,84.84,84.84,1.77,2026-03-12 03:55:00
1773288000000,84.98,84.98,84.98,84.98,0.017,2026-03-12 04:00:00
1773288300000,84.98,84.98,84.98,84.98,0.0,2026-03-12 04:05:00
1773288600000,84.98,84.98,84.98,84.98,0.0,2026-03-12 04:10:00
1773288900000,84.98,84.98,84.98,84.98,0.0,2026-03-12 04:15:00
1773289200000,85.22,85.22,85.22,85.22,2.825,2026-03-12 04:20:00
1773289500000,85.16,85.16,85.09,85.09,8.654,2026-03-12 04:25:00
1773289800000,85.09,85.09,85.09,85.09,0.0,2026-03-12 04:30:00
1773290100000,85.09,85.09,85.09,85.09,0.0,2026-03-12 04:35:00
1773290400000,85.09,85.09,85.09,85.09,0.0,2026-03-12 04:40:00
1773290700000,85.12,85.12,85.09,85.09,0.88,2026-03-12 04:45:00
1773291000000,85.11,85.11,85.07,85.07,0.411,2026-03-12 04:50:00
1773291300000,85.09,85.09,85.07,85.07,7.045,2026-03-12 04:55:00
1773291600000,85.17,85.17,85.17,85.17,0.352,2026-03-12 05:00:00
1773291900000,85.23,85.23,85.14,85.2,30.003,2026-03-12 05:05:00
1773292200000,85.24,85.24,85.18,85.2,47.54,2026-03-12 05:10:00
1773292500000,85.1,85.13,85.1,85.13,1.174,2026-03-12 05:15:00
1773292800000,85.13,85.13,85.13,85.13,0.0,2026-03-12 05:20:00
1773293100000,84.95,84.95,84.95,84.95,1.052,2026-03-12 05:25:00
1773293400000,84.95,84.95,84.95,84.95,0.0,2026-03-12 05:30:00
1773293700000,84.95,84.95,84.95,84.95,0.0,2026-03-12 05:35:00
1773294000000,84.95,84.95,84.95,84.95,0.0,2026-03-12 05:40:00
1773294300000,84.95,84.95,84.95,84.95,0.0,2026-03-12 05:45:00
1773294600000,84.95,84.95,84.95,84.95,0.0,2026-03-12 05:50:00
1773294900000,85.13,85.13,85.13,85.13,0.224,2026-03-12 05:55:00
1773295200000,85.01,85.01,85.01,85.01,0.191,2026-03-12 06:00:00
1773295500000,85.07,85.07,85.07,85.07,0.117,2026-03-12 06:05:00
1773295800000,85.08,85.08,85.08,85.08,1.061,2026-03-12 06:10:00
1773296100000,85.08,85.08,85.08,85.08,0.0,2026-03-12 06:15:00
1773296400000,85.1,85.1,85.1,85.1,0.645,2026-03-12 06:20:00
1773296700000,85.1,85.1,85.1,85.1,0.0,2026-03-12 06:25:00
1773297000000,85.1,85.1,85.1,85.1,0.0,2026-03-12 06:30:00
1773297300000,85.1,85.1,85.1,85.1,0.0,2026-03-12 06:35:00
1773297600000,85.1,85.1,85.1,85.1,0.0,2026-03-12 06:40:00
1773297900000,85.1,85.1,85.1,85.1,0.0,2026-03-12 06:45:00
1773298200000,85.1,85.1,85.1,85.1,0.0,2026-03-12 06:50:00
1773298500000,85.1,85.1,85.1,85.1,0.0,2026-03-12 06:55:00
1773298800000,85.1,85.1,85.1,85.1,0.0,2026-03-12 07:00:00
1773299100000,85.43,85.43,85.43,85.43,0.032,2026-03-12 07:05:00
1773299400000,85.24,85.24,85.24,85.24,0.117,2026-03-12 07:10:00
1773299700000,85.24,85.24,85.24,85.24,0.0,2026-03-12 07:15:00
1773300000000,85.47,85.47,85.47,85.47,0.942,2026-03-12 07:20:00
1773300300000,85.48,85.5,85.48,85.5,8.638,2026-03-12 07:25:00
1773300600000,85.5,85.5,85.5,85.5,0.0,2026-03-12 07:30:00
1773300900000,85.5,85.5,85.5,85.5,0.0,2026-03-12 07:35:00
1773301200000,85.73,85.73,85.73,85.73,0.058,2026-03-12 07:40:00
1773301500000,85.78,85.79,85.78,85.79,0.239,2026-03-12 07:45:00
1773301800000,85.78,85.78,85.74,85.74,3.664,2026-03-12 07:50:00
1773302100000,85.74,85.74,85.74,85.74,0.0,2026-03-12 07:55:00
1773302400000,85.74,85.74,85.74,85.74,0.0,2026-03-12 08:00:00
1773302700000,85.74,85.74,85.74,85.74,0.0,2026-03-12 08:05:00
1773303000000,85.74,85.74,85.74,85.74,0.0,2026-03-12 08:10:00
1773303300000,86.04,86.04,86.04,86.04,0.097,2026-03-12 08:15:00
1773303600000,86.04,86.04,86.04,86.04,0.0,2026-03-12 08:20:00
1773303900000,85.81,85.81,85.81,85.81,0.773,2026-03-12 08:25:00
1773304200000,85.81,85.81,85.81,85.81,0.0,2026-03-12 08:30:00
1773304500000,85.81,85.81,85.81,85.81,0.0,2026-03-12 08:35:00
1773304800000,85.81,85.81,85.81,85.81,0.0,2026-03-12 08:40:00
1773305100000,85.81,85.81,85.81,85.81,0.0,2026-03-12 08:45:00
1773305400000,85.94,85.94,85.94,85.94,2.91,2026-03-12 08:50:00
1773305700000,85.94,85.94,85.94,85.94,0.0,2026-03-12 08:55:00
1773306000000,85.94,85.94,85.94,85.94,0.0,2026-03-12 09:00:00
1773306300000,85.94,85.94,85.94,85.94,0.0,2026-03-12 09:05:00
1773306600000,85.94,85.94,85.94,85.94,0.0,2026-03-12 09:10:00
1773306900000,85.94,85.94,85.94,85.94,0.0,2026-03-12 09:15:00
1773307200000,85.94,85.94,85.94,85.94,0.0,2026-03-12 09:20:00
1773307500000,85.71,85.71,85.71,85.71,0.093,2026-03-12 09:25:00
1773307800000,85.71,85.71,85.71,85.71,0.0,2026-03-12 09:30:00
1773308100000,85.8,85.8,85.8,85.8,0.058,2026-03-12 09:35:00
1773308400000,86.3,86.33,86.3,86.33,1.041,2026-03-12 09:40:00
1773308700000,86.58,86.68,86.03,86.03,0.498,2026-03-12 09:45:00
1773309000000,86.03,86.03,86.03,86.03,0.0,2026-03-12 09:50:00
1773309300000,86.08,86.08,86.07,86.07,0.146,2026-03-12 09:55:00
1773309600000,86.19,86.19,86.19,86.19,0.96,2026-03-12 10:00:00
1773309900000,86.19,86.19,86.19,86.19,0.0,2026-03-12 10:05:00
1773310200000,86.14,86.14,86.14,86.14,1.285,2026-03-12 10:10:00
1773310500000,86.14,86.14,86.12,86.12,0.958,2026-03-12 10:15:00
1773310800000,86.12,86.12,86.12,86.12,0.0,2026-03-12 10:20:00
1773311100000,86.12,86.12,86.12,86.12,0.0,2026-03-12 10:25:00
1773311400000,86.67,86.72,86.67,86.72,0.759,2026-03-12 10:30:00
1773311700000,86.79,86.87,86.79,86.87,1.196,2026-03-12 10:35:00
1773312000000,86.91,86.91,86.91,86.91,0.066,2026-03-12 10:40:00
1773312300000,86.89,86.89,86.89,86.89,18.88,2026-03-12 10:45:00
1773312600000,86.89,86.89,86.89,86.89,0.0,2026-03-12 10:50:00
1773312900000,86.89,86.89,86.89,86.89,0.0,2026-03-12 10:55:00
1773313200000,86.77,86.77,86.77,86.77,0.115,2026-03-12 11:00:00
1773313500000,86.77,86.77,86.77,86.77,0.0,2026-03-12 11:05:00
1773313800000,86.81,86.81,86.81,86.81,0.172,2026-03-12 11:10:00
1773314100000,86.81,86.81,86.81,86.81,0.0,2026-03-12 11:15:00
1773314400000,86.81,86.81,86.81,86.81,0.0,2026-03-12 11:20:00
1773314700000,86.67,86.67,86.66,86.66,0.19,2026-03-12 11:25:00
1773315000000,86.77,86.77,86.77,86.77,1.006,2026-03-12 11:30:00
1773315300000,86.77,86.77,86.77,86.77,0.0,2026-03-12 11:35:00
1773315600000,86.97,86.97,86.97,86.97,0.652,2026-03-12 11:40:00
1773315900000,87.03,87.06,87.03,87.06,0.545,2026-03-12 11:45:00
1773316200000,86.87,86.87,86.87,86.87,1.021,2026-03-12 11:50:00
1773316500000,86.87,86.87,86.87,86.87,0.0,2026-03-12 11:55:00
1773316800000,86.81,86.81,86.81,86.81,0.115,2026-03-12 12:00:00
1773317100000,86.61,86.78,86.61,86.78,8.193,2026-03-12 12:05:00
1773317400000,87.06,87.06,87.06,87.06,0.172,2026-03-12 12:10:00
1773317700000,87.09,87.12,87.09,87.12,5.356,2026-03-12 12:15:00
1773318000000,87.16,87.41,87.16,87.41,2.295,2026-03-12 12:20:00
1773318300000,87.17,87.17,87.17,87.17,11.44,2026-03-12 12:25:00
1773318600000,87.17,87.17,87.17,87.17,0.0,2026-03-12 12:30:00
1773318900000,87.19,87.19,87.19,87.19,0.095,2026-03-12 12:35:00
1773319200000,87.11,87.18,87.11,87.18,2.288,2026-03-12 12:40:00
1773319500000,87.25,87.5,87.25,87.5,0.475,2026-03-12 12:45:00
1773319800000,87.5,87.5,87.5,87.5,0.0,2026-03-12 12:50:00
1773320100000,87.5,87.5,87.5,87.5,0.0,2026-03-12 12:55:00
1773320400000,87.29,87.3,87.28,87.28,4.067,2026-03-12 13:00:00
1773320700000,87.52,87.61,87.52,87.61,0.639,2026-03-12 13:05:00
1773321000000,87.44,87.45,87.44,87.45,13.431,2026-03-12 13:10:00
1773321300000,87.34,87.35,87.08,87.16,3.269,2026-03-12 13:15:00
1773321600000,86.84,86.84,86.81,86.81,0.792,2026-03-12 13:20:00
1773321900000,86.81,86.81,86.81,86.81,0.0,2026-03-12 13:25:00
1773322200000,87.34,87.39,87.34,87.39,0.479,2026-03-12 13:30:00
1773322500000,87.41,87.62,87.24,87.34,0.989,2026-03-12 13:35:00
1773322800000,87.34,87.34,87.34,87.34,0.0,2026-03-12 13:40:00
1773323100000,86.84,86.84,86.6,86.81,0.809,2026-03-12 13:45:00
1773323400000,86.81,86.81,86.81,86.81,0.0,2026-03-12 13:50:00
1773323700000,86.43,86.43,86.39,86.39,0.113,2026-03-12 13:55:00
1773324000000,86.77,87.26,86.77,87.12,121.733,2026-03-12 14:00:00
1773324300000,87.12,87.12,87.12,87.12,0.0,2026-03-12 14:05:00
1773324600000,87.22,87.28,87.22,87.25,0.271,2026-03-12 14:10:00
1773324900000,87.37,87.57,87.37,87.57,18.948,2026-03-12 14:15:00
1773325200000,86.84,86.84,86.79,86.79,0.288,2026-03-12 14:20:00
1773325500000,86.77,86.77,86.52,86.52,0.58,2026-03-12 14:25:00
1773325800000,86.43,86.43,85.9,85.99,31.899,2026-03-12 14:30:00
1773326100000,85.94,85.94,85.7,85.81,3.104,2026-03-12 14:35:00
1773326400000,85.7,85.7,85.56,85.66,1.336,2026-03-12 14:40:00
1773326700000,85.64,85.87,85.26,85.39,4.934,2026-03-12 14:45:00
1773327000000,85.42,85.44,85.35,85.35,0.57,2026-03-12 14:50:00
1773327300000,85.56,85.58,85.45,85.57,1.17,2026-03-12 14:55:00
1773327600000,85.57,85.78,85.5,85.74,2.137,2026-03-12 15:00:00
1773327900000,85.54,85.54,85.41,85.43,1.56,2026-03-12 15:05:00
1773328200000,85.38,85.64,85.24,85.64,1.958,2026-03-12 15:10:00
1773328500000,85.62,85.72,85.53,85.71,59.431,2026-03-12 15:15:00
1773328800000,85.69,85.86,85.67,85.85,1.372,2026-03-12 15:20:00
1773329100000,86.03,86.45,86.03,86.41,1.803,2026-03-12 15:25:00
1773329400000,86.45,86.45,86.36,86.36,7.525,2026-03-12 15:30:00
1773329700000,86.54,86.9,86.54,86.9,1.457,2026-03-12 15:35:00
1773330000000,86.84,86.84,86.84,86.84,5.802,2026-03-12 15:40:00
1773330300000,86.84,86.84,86.84,86.84,0.0,2026-03-12 15:45:00
1773330600000,86.73,86.73,86.69,86.69,4.508,2026-03-12 15:50:00
1773330900000,86.7,86.7,86.52,86.52,2.02,2026-03-12 15:55:00
1773331200000,86.53,86.7,86.53,86.7,1.535,2026-03-12 16:00:00
1773331500000,86.89,86.89,85.9,85.9,3.262,2026-03-12 16:05:00
1773331800000,85.9,85.9,85.9,85.9,0.0,2026-03-12 16:10:00
1773332100000,86.18,86.18,86.18,86.18,0.116,2026-03-12 16:15:00
1773332400000,86.83,86.89,86.83,86.89,0.757,2026-03-12 16:20:00
1773332700000,86.32,86.32,86.28,86.28,0.661,2026-03-12 16:25:00
1773333000000,86.17,86.17,86.17,86.17,0.116,2026-03-12 16:30:00
1773333300000,86.17,86.17,86.17,86.17,0.0,2026-03-12 16:35:00
1773333600000,86.17,86.17,86.17,86.17,0.0,2026-03-12 16:40:00
1773333900000,86.84,86.88,86.84,86.85,0.925,2026-03-12 16:45:00
1773334200000,86.85,86.85,86.85,86.85,0.0,2026-03-12 16:50:00
1773334500000,86.85,86.85,86.85,86.85,0.0,2026-03-12 16:55:00
1773334800000,86.72,86.72,86.72,86.72,0.286,2026-03-12 17:00:00
1773335100000,86.76,86.76,86.61,86.64,1.308,2026-03-12 17:05:00
1773335400000,86.83,86.83,86.78,86.78,2.337,2026-03-12 17:10:00
1773335700000,86.78,86.78,86.78,86.78,0.116,2026-03-12 17:15:00
1773336000000,86.78,86.78,86.78,86.78,0.0,2026-03-12 17:20:00
1773336300000,86.78,86.78,86.78,86.78,0.0,2026-03-12 17:25:00
1773336600000,86.53,86.55,86.53,86.55,1.447,2026-03-12 17:30:00
1773336900000,86.75,86.75,86.75,86.75,0.115,2026-03-12 17:35:00
1773337200000,86.75,86.75,86.75,86.75,0.0,2026-03-12 17:40:00
1773337500000,86.76,86.91,86.52,86.79,327.946,2026-03-12 17:45:00
1773337800000,86.98,86.98,86.98,86.98,0.121,2026-03-12 17:50:00
1773338100000,86.98,86.98,86.98,86.98,0.0,2026-03-12 17:55:00
1773338400000,86.59,86.62,86.51,86.62,20.054,2026-03-12 18:00:00
1773338700000,86.38,86.56,86.38,86.56,1.201,2026-03-12 18:05:00
1773339000000,86.53,86.62,86.49,86.49,19.101,2026-03-12 18:10:00
1773339300000,86.49,86.49,86.49,86.49,0.0,2026-03-12 18:15:00
1773339600000,86.32,86.32,86.09,86.14,7.882,2026-03-12 18:20:00
1773339900000,86.17,86.17,86.17,86.17,0.186,2026-03-12 18:25:00
1773340200000,86.16,86.19,86.15,86.15,2.273,2026-03-12 18:30:00
1773340500000,86.15,86.15,86.15,86.15,0.0,2026-03-12 18:35:00
1773340800000,86.09,86.1,86.09,86.1,28.946,2026-03-12 18:40:00
1773341100000,86.0,86.0,85.98,85.98,0.144,2026-03-12 18:45:00
1773341400000,85.98,85.98,85.98,85.98,0.0,2026-03-12 18:50:00
1773341700000,85.96,85.96,85.85,85.85,0.925,2026-03-12 18:55:00
1773342000000,85.92,86.02,85.92,85.97,0.534,2026-03-12 19:00:00
1773342300000,85.92,85.97,85.79,85.97,1.641,2026-03-12 19:05:00
1773342600000,85.88,85.9,85.67,85.75,7.957,2026-03-12 19:10:00
1773342900000,85.91,86.07,85.91,86.07,0.279,2026-03-12 19:15:00
1773343200000,86.06,86.18,85.96,86.15,0.487,2026-03-12 19:20:00
1773343500000,86.32,86.42,86.32,86.42,0.235,2026-03-12 19:25:00
1773343800000,86.44,86.55,86.44,86.55,0.629,2026-03-12 19:30:00
1773344100000,86.55,86.55,86.55,86.55,0.0,2026-03-12 19:35:00
1773344400000,86.62,86.62,86.62,86.62,1.014,2026-03-12 19:40:00
1773344700000,86.62,86.62,86.62,86.62,0.0,2026-03-12 19:45:00
1773345000000,86.84,86.85,86.84,86.85,0.757,2026-03-12 19:50:00
1773345300000,86.85,86.85,86.85,86.85,0.0,2026-03-12 19:55:00
1773345600000,86.82,86.89,86.82,86.89,29.919,2026-03-12 20:00:00
1773345900000,86.89,86.89,86.83,86.86,0.442,2026-03-12 20:05:00
1773346200000,86.71,86.71,86.69,86.69,0.345,2026-03-12 20:10:00
1773346500000,86.69,86.69,86.69,86.69,0.0,2026-03-12 20:15:00
1773346800000,86.55,86.75,86.53,86.75,18.968,2026-03-12 20:20:00
1773347100000,86.81,86.81,86.81,86.81,2.185,2026-03-12 20:25:00
1773347400000,86.63,86.63,86.56,86.56,0.345,2026-03-12 20:30:00
1773347700000,86.49,86.52,86.49,86.52,1.985,2026-03-12 20:35:00
1773348000000,86.52,86.52,86.52,86.52,0.0,2026-03-12 20:40:00
1773348300000,86.56,86.56,86.56,86.56,2.657,2026-03-12 20:45:00
1773348600000,86.59,86.59,86.59,86.59,1.155,2026-03-12 20:50:00
1773348900000,86.44,86.5,86.44,86.5,0.33,2026-03-12 20:55:00
1773349200000,86.49,86.53,86.49,86.53,4.462,2026-03-12 21:00:00
1773349500000,86.49,86.49,86.49,86.49,0.29,2026-03-12 21:05:00
1773349800000,86.51,86.65,86.51,86.65,19.581,2026-03-12 21:10:00
1773350100000,86.5,86.5,86.5,86.5,0.285,2026-03-12 21:15:00
1773350400000,86.5,86.5,86.5,86.5,0.0,2026-03-12 21:20:00
1773350700000,86.33,86.33,86.33,86.33,0.157,2026-03-12 21:25:00
1773351000000,86.32,86.32,86.27,86.27,0.478,2026-03-12 21:30:00
1773351300000,86.26,86.26,86.25,86.25,0.858,2026-03-12 21:35:00
1773351600000,86.24,86.26,86.2,86.26,45.242,2026-03-12 21:40:00
1773351900000,86.4,86.4,86.4,86.4,24.333,2026-03-12 21:45:00
1773352200000,86.35,86.35,86.3,86.3,1.329,2026-03-12 21:50:00
1773352500000,86.52,86.52,86.52,86.52,0.521,2026-03-12 21:55:00
1773352800000,86.52,86.52,86.52,86.52,0.0,2026-03-12 22:00:00
1773353100000,86.54,86.54,86.52,86.52,5.094,2026-03-12 22:05:00
1773353400000,86.48,86.52,86.48,86.52,1.268,2026-03-12 22:10:00
1773353700000,86.31,86.31,86.26,86.26,0.455,2026-03-12 22:15:00
1773354000000,86.18,86.18,86.18,86.18,0.49,2026-03-12 22:20:00
1773354300000,86.18,86.18,86.18,86.18,0.0,2026-03-12 22:25:00
1773354600000,86.21,86.21,86.21,86.21,0.58,2026-03-12 22:30:00
1773354900000,86.15,86.17,86.15,86.17,1.329,2026-03-12 22:35:00
1773355200000,86.17,86.17,86.17,86.17,0.0,2026-03-12 22:40:00
1773355500000,86.09,86.09,86.08,86.08,140.695,2026-03-12 22:45:00
1773355800000,86.0,86.0,85.97,85.97,7.304,2026-03-12 22:50:00
1773356100000,86.11,86.19,86.11,86.19,0.89,2026-03-12 22:55:00
1773356400000,86.36,86.84,86.36,86.84,0.973,2026-03-12 23:00:00
1773356700000,86.83,86.87,86.74,86.74,20.364,2026-03-12 23:05:00
1773357000000,86.74,86.74,86.74,86.74,0.575,2026-03-12 23:10:00
1773357300000,86.74,86.74,86.74,86.74,0.0,2026-03-12 23:15:00
1773357600000,87.12,87.22,87.12,87.15,4.553,2026-03-12 23:20:00
1773357900000,86.89,86.89,86.89,86.89,0.118,2026-03-12 23:25:00
1773358200000,86.89,86.89,86.89,86.89,0.0,2026-03-12 23:30:00
1773358500000,86.89,86.92,86.88,86.91,1.234,2026-03-12 23:35:00
1773358800000,86.88,86.88,86.88,86.88,0.479,2026-03-12 23:40:00
1773359100000,87.0,87.0,87.0,87.0,0.457,2026-03-12 23:45:00
1773359400000,86.97,86.97,86.97,86.97,0.057,2026-03-12 23:50:00
1773359700000,86.81,86.81,86.81,86.81,0.304,2026-03-12 23:55:00
1773360000000,86.81,86.81,86.81,86.81,0.0,2026-03-13 00:00:00
1773360300000,86.92,86.98,86.92,86.98,0.498,2026-03-13 00:05:00
1773360600000,87.1,87.52,87.1,87.52,18.596,2026-03-13 00:10:00
1773360900000,87.62,89.05,87.62,88.28,237.956,2026-03-13 00:15:00
1773361200000,88.23,90.39,88.23,89.82,308.505,2026-03-13 00:20:00
1773361500000,89.95,89.95,89.6,89.6,0.47,2026-03-13 00:25:00
1773361800000,89.94,91.05,89.94,90.93,8.676,2026-03-13 00:30:00
1773362100000,90.45,90.45,90.27,90.3,5.996,2026-03-13 00:35:00
1773362400000,90.28,90.28,90.06,90.06,1.744,2026-03-13 00:40:00
1773362700000,89.87,89.87,89.85,89.85,75.594,2026-03-13 00:45:00
1773363000000,90.1,90.1,89.76,89.76,0.5,2026-03-13 00:50:00
1773363300000,89.7,89.7,89.59,89.59,0.26,2026-03-13 00:55:00
1773363600000,90.0,90.15,90.0,90.15,51.055,2026-03-13 01:00:00
1773363900000,89.89,90.19,89.89,90.09,9.343,2026-03-13 01:05:00
1773364200000,90.09,90.09,90.09,90.09,0.0,2026-03-13 01:10:00
1773364500000,90.09,90.09,90.09,90.09,0.0,2026-03-13 01:15:00
1773364800000,90.09,90.09,90.09,90.09,0.0,2026-03-13 01:20:00
1773365100000,89.86,89.92,89.86,89.92,6.818,2026-03-13 01:25:00
1773365400000,89.92,89.92,89.92,89.92,0.0,2026-03-13 01:30:00
1773365700000,90.09,90.09,90.09,90.09,0.788,2026-03-13 01:35:00
1773366000000,90.43,90.62,90.33,90.62,1.541,2026-03-13 01:40:00
1773366300000,90.54,90.61,90.42,90.42,111.68,2026-03-13 01:45:00
1773366600000,90.42,90.42,90.42,90.42,0.0,2026-03-13 01:50:00
1773366900000,90.42,90.47,90.42,90.47,2.906,2026-03-13 01:55:00
1773367200000,90.47,90.47,90.47,90.47,2.668,2026-03-13 02:00:00
1773367500000,90.25,90.25,90.25,90.25,1.105,2026-03-13 02:05:00
1773367800000,90.25,90.25,90.21,90.21,2.259,2026-03-13 02:10:00
1773368100000,90.09,90.09,90.09,90.09,0.677,2026-03-13 02:15:00
1773368400000,89.99,89.99,89.92,89.92,1.469,2026-03-13 02:20:00
1773368700000,89.92,89.92,89.92,89.92,0.0,2026-03-13 02:25:00
1773369000000,89.77,89.77,89.76,89.76,1.03,2026-03-13 02:30:00
1773369300000,89.4,89.4,89.4,89.4,0.559,2026-03-13 02:35:00
1773369600000,89.27,89.42,89.25,89.25,106.812,2026-03-13 02:40:00
1773369900000,89.28,89.29,89.27,89.29,43.506,2026-03-13 02:45:00
1773370200000,89.34,89.34,88.95,88.99,29.324,2026-03-13 02:50:00
1773370500000,89.06,89.06,89.06,89.06,5.557,2026-03-13 02:55:00
1773370800000,89.12,89.22,89.12,89.22,0.682,2026-03-13 03:00:00
1773371100000,89.33,89.33,89.33,89.33,1.396,2026-03-13 03:05:00
1773371400000,89.28,89.28,89.28,89.28,0.279,2026-03-13 03:10:00
1773371700000,89.31,89.31,89.31,89.31,1.955,2026-03-13 03:15:00
1773372000000,89.31,89.31,89.31,89.31,0.0,2026-03-13 03:20:00
1773372300000,89.31,89.31,89.31,89.31,0.0,2026-03-13 03:25:00
1773372600000,89.33,89.33,89.33,89.33,2.519,2026-03-13 03:30:00
1773372900000,89.35,89.35,89.13,89.13,1.434,2026-03-13 03:35:00
1773373200000,89.22,89.22,89.22,89.22,3.011,2026-03-13 03:40:00
1773373500000,89.47,89.47,89.47,89.47,0.888,2026-03-13 03:45:00
1773373800000,89.47,89.47,89.47,89.47,0.0,2026-03-13 03:50:00
1773374100000,89.78,89.82,89.78,89.82,1.223,2026-03-13 03:55:00
1773374400000,89.82,89.82,89.82,89.82,0.0,2026-03-13 04:00:00
1773374700000,89.82,89.82,89.82,89.82,0.0,2026-03-13 04:05:00
1773375000000,89.66,89.66,89.66,89.66,2.157,2026-03-13 04:10:00
1773375300000,89.38,89.49,89.38,89.47,0.957,2026-03-13 04:15:00
1773375600000,89.35,89.35,89.35,89.35,0.1,2026-03-13 04:20:00
1773375900000,89.22,89.22,89.22,89.22,0.557,2026-03-13 04:25:00
1773376200000,89.22,89.22,89.22,89.22,0.0,2026-03-13 04:30:00
1773376500000,89.29,89.3,89.29,89.3,5.7,2026-03-13 04:35:00
1773376800000,89.37,89.37,89.37,89.37,0.392,2026-03-13 04:40:00
1773377100000,89.44,89.44,89.43,89.43,3.257,2026-03-13 04:45:00
1773377400000,89.27,89.27,89.27,89.27,1.732,2026-03-13 04:50:00
1773377700000,89.32,89.32,89.32,89.32,1.118,2026-03-13 04:55:00
1773378000000,89.25,89.25,89.25,89.25,0.112,2026-03-13 05:00:00
1773378300000,89.13,89.25,89.13,89.16,1.08,2026-03-13 05:05:00
1773378600000,89.12,89.12,88.97,88.97,1.906,2026-03-13 05:10:00
1773378900000,88.94,88.97,88.94,88.97,18.656,2026-03-13 05:15:00
1773379200000,88.97,88.97,88.97,88.97,0.0,2026-03-13 05:20:00
1773379500000,88.97,88.97,88.97,88.97,0.0,2026-03-13 05:25:00
1773379800000,88.97,88.97,88.97,88.97,0.0,2026-03-13 05:30:00
1773380100000,89.45,89.45,89.14,89.14,36.409,2026-03-13 05:35:00
1773380400000,89.05,89.05,89.05,89.05,0.056,2026-03-13 05:40:00
1773380700000,89.05,89.05,89.05,89.05,0.0,2026-03-13 05:45:00
1773381000000,89.05,89.05,89.05,89.05,0.0,2026-03-13 05:50:00
1773381300000,89.05,89.05,89.05,89.05,0.0,2026-03-13 05:55:00
1773381600000,89.14,89.14,89.08,89.08,1.458,2026-03-13 06:00:00
1773381900000,89.06,89.06,89.06,89.06,1.12,2026-03-13 06:05:00
1773382200000,89.22,89.22,89.12,89.12,0.378,2026-03-13 06:10:00
1773382500000,89.12,89.12,89.12,89.12,0.0,2026-03-13 06:15:00
1773382800000,89.09,89.09,89.05,89.05,0.614,2026-03-13 06:20:00
1773383100000,88.93,88.93,88.31,88.31,109.694,2026-03-13 06:25:00
1773383400000,88.48,88.56,88.31,88.31,3.596,2026-03-13 06:30:00
1773383700000,88.51,88.51,88.51,88.51,0.549,2026-03-13 06:35:00
1773384000000,88.51,88.51,88.51,88.51,0.0,2026-03-13 06:40:00
1773384300000,88.45,88.45,88.45,88.45,0.056,2026-03-13 06:45:00
1773384600000,88.58,88.58,88.58,88.58,0.047,2026-03-13 06:50:00
1773384900000,88.44,88.44,88.44,88.44,1.128,2026-03-13 06:55:00
1773385200000,88.3,88.3,88.26,88.26,0.674,2026-03-13 07:00:00
1773385500000,88.59,88.59,88.59,88.59,0.031,2026-03-13 07:05:00
1773385800000,88.61,88.72,88.61,88.7,1.743,2026-03-13 07:10:00
1773386100000,88.71,88.77,88.71,88.77,0.392,2026-03-13 07:15:00
1773386400000,88.77,88.77,88.77,88.77,0.0,2026-03-13 07:20:00
1773386700000,88.77,88.77,88.77,88.77,0.0,2026-03-13 07:25:00
1773387000000,88.77,88.77,88.77,88.77,0.02,2026-03-13 07:30:00
1773387300000,88.45,88.45,88.45,88.45,0.361,2026-03-13 07:35:00
1773387600000,88.31,88.47,88.31,88.47,0.495,2026-03-13 07:40:00
1773387900000,88.55,88.55,88.55,88.55,0.282,2026-03-13 07:45:00
1773388200000,88.55,88.55,88.55,88.55,0.0,2026-03-13 07:50:00
1773388500000,88.55,88.55,88.55,88.55,0.0,2026-03-13 07:55:00
1773388800000,88.63,88.63,88.61,88.61,0.281,2026-03-13 08:00:00
1773389100000,88.61,88.61,88.61,88.61,1.128,2026-03-13 08:05:00
1773389400000,88.61,88.61,88.61,88.61,0.0,2026-03-13 08:10:00
1773389700000,88.61,88.61,88.61,88.61,0.0,2026-03-13 08:15:00
1773390000000,88.61,88.61,88.61,88.61,0.0,2026-03-13 08:20:00
1773390300000,88.7,88.7,88.7,88.7,0.279,2026-03-13 08:25:00
1773390600000,88.7,88.7,88.7,88.7,0.0,2026-03-13 08:30:00
1773390900000,89.26,89.53,89.26,89.53,0.231,2026-03-13 08:35:00
1773391200000,89.53,89.53,89.53,89.53,0.0,2026-03-13 08:40:00
1773391500000,89.05,89.05,89.05,89.05,1.121,2026-03-13 08:45:00
1773391800000,89.05,89.05,89.05,89.05,0.0,2026-03-13 08:50:00
1773392100000,89.05,89.05,89.05,89.05,0.0,2026-03-13 08:55:00
1773392400000,89.26,89.26,89.26,89.26,0.054,2026-03-13 09:00:00
1773392700000,89.31,89.31,89.31,89.31,0.489,2026-03-13 09:05:00
1773393000000,89.31,89.31,89.31,89.31,0.0,2026-03-13 09:10:00
1773393300000,89.31,89.31,89.31,89.31,0.0,2026-03-13 09:15:00
1773393600000,89.31,89.31,89.31,89.31,0.0,2026-03-13 09:20:00
1773393900000,89.31,89.31,89.31,89.31,0.0,2026-03-13 09:25:00
1773394200000,89.22,89.22,89.22,89.22,0.09,2026-03-13 09:30:00
1773394500000,89.24,89.26,89.24,89.26,0.168,2026-03-13 09:35:00
1773394800000,89.28,89.28,89.28,89.28,0.163,2026-03-13 09:40:00
1773395100000,89.46,89.46,89.46,89.46,1.063,2026-03-13 09:45:00
1773395400000,89.55,89.55,89.55,89.55,10.72,2026-03-13 09:50:00
1773395700000,89.55,89.55,89.55,89.55,0.111,2026-03-13 09:55:00
1773396000000,89.49,89.87,89.49,89.84,18.738,2026-03-13 10:00:00
1773396300000,89.75,89.75,89.71,89.71,4.481,2026-03-13 10:05:00
1773396600000,89.71,89.71,89.71,89.71,0.0,2026-03-13 10:10:00
1773396900000,89.89,89.9,89.89,89.89,1.149,2026-03-13 10:15:00
1773397200000,89.89,89.89,89.89,89.89,0.0,2026-03-13 10:20:00
1773397500000,89.89,89.89,89.89,89.89,0.0,2026-03-13 10:25:00
1773397800000,89.95,89.98,89.95,89.98,22.213,2026-03-13 10:30:00
1773398100000,89.98,89.98,89.98,89.98,0.0,2026-03-13 10:35:00
1773398400000,89.89,89.89,89.89,89.89,0.22,2026-03-13 10:40:00
1773398700000,89.93,90.21,89.93,90.21,2.22,2026-03-13 10:45:00
1773399000000,90.21,90.21,90.21,90.21,0.0,2026-03-13 10:50:00
1773399300000,90.17,90.17,90.17,90.17,0.128,2026-03-13 10:55:00
1773399600000,90.22,90.28,90.17,90.2,31.385,2026-03-13 11:00:00
1773399900000,90.23,90.3,90.23,90.24,0.697,2026-03-13 11:05:00
1773400200000,90.24,90.24,90.24,90.24,0.0,2026-03-13 11:10:00
1773400500000,90.17,90.17,90.17,90.17,0.11,2026-03-13 11:15:00
1773400800000,90.17,90.17,90.17,90.17,0.0,2026-03-13 11:20:00
1773401100000,90.16,90.16,90.16,90.16,0.219,2026-03-13 11:25:00
1773401400000,90.16,90.16,90.16,90.16,0.0,2026-03-13 11:30:00
1773401700000,90.16,90.16,90.16,90.16,0.088,2026-03-13 11:35:00
1773402000000,90.16,90.16,90.16,90.16,0.0,2026-03-13 11:40:00
1773402300000,90.12,90.16,90.12,90.16,2.906,2026-03-13 11:45:00
1773402600000,90.31,90.34,90.31,90.34,0.308,2026-03-13 11:50:00
1773402900000,90.37,90.37,90.37,90.37,1.731,2026-03-13 11:55:00
1773403200000,90.31,90.5,90.31,90.5,2.077,2026-03-13 12:00:00
1773403500000,90.59,90.62,90.59,90.62,0.308,2026-03-13 12:05:00
1773403800000,90.34,90.34,90.34,90.34,1.19,2026-03-13 12:10:00
1773404100000,90.31,90.31,90.31,90.31,1.0,2026-03-13 12:15:00
1773404400000,90.31,90.31,90.31,90.31,0.0,2026-03-13 12:20:00
1773404700000,90.31,90.31,90.31,90.31,0.0,2026-03-13 12:25:00
1773405000000,90.41,90.71,90.41,90.71,9.513,2026-03-13 12:30:00
1773405300000,90.39,90.39,90.39,90.39,1.312,2026-03-13 12:35:00
1773405600000,90.39,90.39,90.39,90.39,0.22,2026-03-13 12:40:00
1773405900000,90.66,91.28,90.66,91.27,14.012,2026-03-13 12:45:00
1773406200000,91.25,91.25,91.25,91.25,1.095,2026-03-13 12:50:00
1773406500000,91.02,91.02,90.99,90.99,2.28,2026-03-13 12:55:00
1773406800000,91.07,91.14,91.07,91.07,1.731,2026-03-13 13:00:00
1773407100000,91.15,91.27,91.11,91.27,1.207,2026-03-13 13:05:00
1773407400000,91.15,91.44,91.11,91.35,6.976,2026-03-13 13:10:00
1773407700000,91.46,92.0,91.46,92.0,62.945,2026-03-13 13:15:00
1773408000000,92.0,92.0,91.51,91.51,1.553,2026-03-13 13:20:00
1773408300000,91.51,91.51,91.51,91.51,0.0,2026-03-13 13:25:00
1773408600000,91.64,91.81,91.64,91.65,7.771,2026-03-13 13:30:00
1773408900000,91.5,91.55,91.5,91.55,1.813,2026-03-13 13:35:00
1773409200000,91.63,91.63,91.53,91.53,114.544,2026-03-13 13:40:00
1773409500000,92.09,92.21,92.09,92.11,3.973,2026-03-13 13:45:00
1773409800000,92.0,92.0,92.0,92.0,5.436,2026-03-13 13:50:00
1773410100000,92.0,92.0,92.0,92.0,0.0,2026-03-13 13:55:00
1773410400000,92.22,92.88,91.99,91.99,255.955,2026-03-13 14:00:00
1773410700000,92.08,92.34,92.08,92.27,3.056,2026-03-13 14:05:00
1773411000000,92.32,92.58,92.32,92.54,0.627,2026-03-13 14:10:00
1773411300000,92.42,92.45,92.36,92.45,4.255,2026-03-13 14:15:00
1773411600000,92.53,92.8,92.53,92.8,5.79,2026-03-13 14:20:00
1773411900000,92.74,92.74,92.74,92.74,18.11,2026-03-13 14:25:00
1773412200000,92.72,92.72,92.72,92.72,0.097,2026-03-13 14:30:00
1773412500000,92.3,92.3,92.29,92.29,0.141,2026-03-13 14:35:00
1773412800000,92.17,92.17,91.87,91.87,1.033,2026-03-13 14:40:00
1773413100000,91.49,91.49,90.93,91.15,7.58,2026-03-13 14:45:00
1773413400000,91.09,91.09,90.49,90.77,50.09,2026-03-13 14:50:00
1773413700000,90.55,90.55,90.55,90.55,2.204,2026-03-13 14:55:00
1773414000000,90.65,90.65,90.36,90.63,4.696,2026-03-13 15:00:00
1773414300000,90.67,91.04,90.67,91.04,103.04,2026-03-13 15:05:00
1773414600000,90.96,90.97,90.95,90.97,18.929,2026-03-13 15:10:00
1773414900000,90.91,91.06,90.91,91.04,0.361,2026-03-13 15:15:00
1773415200000,91.16,91.16,91.16,91.16,2.0,2026-03-13 15:20:00
1773415500000,90.58,90.58,90.54,90.54,0.693,2026-03-13 15:25:00
1773415800000,90.41,90.64,90.35,90.6,20.684,2026-03-13 15:30:00
1773416100000,90.16,90.29,90.09,90.27,113.134,2026-03-13 15:35:00
1773416400000,90.1,90.1,89.56,89.56,7.986,2026-03-13 15:40:00
1773416700000,90.13,90.26,90.12,90.26,102.938,2026-03-13 15:45:00
1773417000000,90.02,90.02,89.63,89.63,0.283,2026-03-13 15:50:00
1773417300000,89.52,89.52,89.31,89.42,126.08,2026-03-13 15:55:00
1773417600000,89.23,89.23,89.23,89.23,0.674,2026-03-13 16:00:00
1773417900000,89.31,89.9,89.31,89.9,101.752,2026-03-13 16:05:00
1773418200000,89.9,89.9,89.9,89.9,0.0,2026-03-13 16:10:00
1773418500000,89.67,89.67,89.67,89.67,1.112,2026-03-13 16:15:00
1773418800000,89.25,89.39,89.25,89.39,0.319,2026-03-13 16:20:00
1773419100000,89.17,89.17,88.84,88.93,106.062,2026-03-13 16:25:00
1773419400000,88.93,88.93,88.93,88.93,0.0,2026-03-13 16:30:00
1773419700000,89.6,89.71,89.6,89.64,1.522,2026-03-13 16:35:00
1773420000000,89.61,89.68,89.61,89.65,102.315,2026-03-13 16:40:00
1773420300000,89.65,89.65,89.65,89.65,0.0,2026-03-13 16:45:00
1773420600000,89.76,89.79,89.76,89.77,0.364,2026-03-13 16:50:00
1773420900000,89.67,89.68,89.67,89.68,0.18,2026-03-13 16:55:00
1773421200000,89.68,89.68,89.68,89.68,0.0,2026-03-13 17:00:00
1773421500000,89.65,89.71,89.65,89.71,0.146,2026-03-13 17:05:00
1773421800000,89.71,89.71,89.71,89.71,0.0,2026-03-13 17:10:00
1773422100000,89.99,90.06,89.87,89.92,7.28,2026-03-13 17:15:00
1773422400000,90.01,90.01,89.75,89.75,0.498,2026-03-13 17:20:00
1773422700000,89.39,89.39,89.27,89.27,71.865,2026-03-13 17:25:00
1773423000000,89.3,89.3,89.3,89.3,0.156,2026-03-13 17:30:00
1773423300000,89.31,89.31,89.09,89.09,29.035,2026-03-13 17:35:00
1773423600000,88.99,88.99,88.81,88.81,100.922,2026-03-13 17:40:00
1773423900000,88.82,88.82,88.65,88.65,2.953,2026-03-13 17:45:00
1773424200000,88.62,88.62,88.62,88.62,0.847,2026-03-13 17:50:00
1773424500000,88.8,88.8,88.63,88.67,116.63,2026-03-13 17:55:00
1773424800000,88.89,88.89,88.84,88.84,0.112,2026-03-13 18:00:00
1773425100000,88.7,88.7,88.62,88.64,2.387,2026-03-13 18:05:00
1773425400000,88.64,88.64,88.54,88.54,3.169,2026-03-13 18:10:00
1773425700000,88.5,88.5,88.47,88.47,77.857,2026-03-13 18:15:00
1773426000000,88.43,88.43,88.42,88.42,0.18,2026-03-13 18:20:00
1773426300000,88.6,88.71,88.6,88.71,0.18,2026-03-13 18:25:00
1773426600000,88.94,89.02,88.94,89.02,4.532,2026-03-13 18:30:00
1773426900000,88.97,88.97,88.97,88.97,1.123,2026-03-13 18:35:00
1773427200000,88.97,88.97,88.97,88.97,0.0,2026-03-13 18:40:00
1773427500000,88.9,88.9,88.9,88.9,0.349,2026-03-13 18:45:00
1773427800000,88.9,88.9,88.9,88.9,0.0,2026-03-13 18:50:00
1773428100000,88.9,88.9,88.9,88.9,0.0,2026-03-13 18:55:00
1773428400000,88.87,88.87,88.7,88.7,28.248,2026-03-13 19:00:00
1773428700000,88.49,88.49,88.49,88.49,0.92,2026-03-13 19:05:00
1773429000000,88.82,88.82,88.75,88.75,0.393,2026-03-13 19:10:00
1773429300000,88.81,88.86,88.81,88.86,0.182,2026-03-13 19:15:00
1773429600000,88.69,88.69,88.69,88.69,1.125,2026-03-13 19:20:00
1773429900000,88.81,88.81,88.77,88.77,22.614,2026-03-13 19:25:00
1773430200000,88.78,88.78,88.78,88.78,0.24,2026-03-13 19:30:00
1773430500000,88.64,88.7,88.64,88.7,1.235,2026-03-13 19:35:00
1773430800000,88.7,88.7,88.7,88.7,0.0,2026-03-13 19:40:00
1773431100000,88.91,88.91,88.88,88.88,3.611,2026-03-13 19:45:00
1773431400000,88.86,88.86,88.86,88.86,1.125,2026-03-13 19:50:00
1773431700000,88.86,88.86,88.86,88.86,0.0,2026-03-13 19:55:00
1773432000000,88.69,88.69,88.69,88.69,0.067,2026-03-13 20:00:00
1773432300000,88.76,88.76,88.76,88.76,0.056,2026-03-13 20:05:00
1773432600000,88.86,88.86,88.86,88.86,124.956,2026-03-13 20:10:00
1773432900000,88.86,88.86,88.86,88.86,0.0,2026-03-13 20:15:00
1773433200000,89.06,89.06,88.98,89.0,1.268,2026-03-13 20:20:00
1773433500000,88.96,88.96,88.96,88.96,0.198,2026-03-13 20:25:00
1773433800000,88.96,88.96,88.96,88.96,0.0,2026-03-13 20:30:00
1773434100000,88.96,89.0,88.96,89.0,1.147,2026-03-13 20:35:00
1773434400000,88.92,88.92,88.92,88.92,1.122,2026-03-13 20:40:00
1773434700000,88.92,88.92,88.92,88.92,0.0,2026-03-13 20:45:00
1773435000000,88.92,88.92,88.92,88.92,0.0,2026-03-13 20:50:00
1773435300000,88.92,88.92,88.92,88.92,0.0,2026-03-13 20:55:00
1773435600000,89.0,89.0,89.0,89.0,0.159,2026-03-13 21:00:00
1773435900000,89.0,89.0,89.0,89.0,0.0,2026-03-13 21:05:00
1773436200000,88.98,88.98,88.98,88.98,6.917,2026-03-13 21:10:00
1773436500000,88.93,88.93,88.93,88.93,0.561,2026-03-13 21:15:00
1773436800000,88.93,88.93,88.93,88.93,0.0,2026-03-13 21:20:00
1773437100000,88.87,88.87,88.84,88.84,0.391,2026-03-13 21:25:00
1773437400000,88.84,88.84,88.84,88.84,0.0,2026-03-13 21:30:00
1773437700000,88.58,88.58,88.45,88.48,8.026,2026-03-13 21:35:00
1773438000000,88.48,88.48,88.48,88.48,0.0,2026-03-13 21:40:00
1773438300000,88.48,88.48,88.48,88.48,0.0,2026-03-13 21:45:00
1773438600000,88.48,88.48,88.48,88.48,0.0,2026-03-13 21:50:00
1773438900000,88.71,88.71,88.71,88.71,0.712,2026-03-13 21:55:00
1773439200000,88.32,88.36,88.03,88.03,9.378,2026-03-13 22:00:00
1773439500000,88.12,88.12,88.07,88.07,4.658,2026-03-13 22:05:00
1773439800000,88.24,88.24,88.19,88.19,1.272,2026-03-13 22:10:00
1773440100000,88.03,88.03,87.93,87.93,1.899,2026-03-13 22:15:00
1773440400000,87.88,87.88,87.88,87.88,1.293,2026-03-13 22:20:00
1773440700000,87.88,87.88,87.88,87.88,0.0,2026-03-13 22:25:00
1773441000000,87.83,87.86,87.76,87.82,1.06,2026-03-13 22:30:00
1773441300000,87.9,87.9,87.82,87.82,188.674,2026-03-13 22:35:00
1773441600000,87.83,87.83,87.83,87.83,10.462,2026-03-13 22:40:00
1773441900000,87.9,87.9,87.9,87.9,0.728,2026-03-13 22:45:00
1773442200000,87.89,87.89,87.89,87.89,1.137,2026-03-13 22:50:00
1773442500000,87.89,87.89,87.89,87.89,0.0,2026-03-13 22:55:00
1773442800000,87.89,87.89,87.89,87.89,0.0,2026-03-13 23:00:00
1773443100000,87.94,87.94,87.94,87.94,0.567,2026-03-13 23:05:00
1773443400000,88.01,88.01,88.01,88.01,0.057,2026-03-13 23:10:00
1773443700000,88.01,88.01,88.01,88.01,0.0,2026-03-13 23:15:00
1773444000000,88.01,88.01,88.01,88.01,0.0,2026-03-13 23:20:00
1773444300000,88.19,88.19,88.19,88.19,0.023,2026-03-13 23:25:00
1773444600000,88.19,88.19,88.19,88.19,0.0,2026-03-13 23:30:00
1773444900000,88.16,88.29,88.16,88.29,57.724,2026-03-13 23:35:00
1773445200000,88.29,88.29,88.29,88.29,0.0,2026-03-13 23:40:00
1773445500000,88.12,88.12,88.12,88.12,0.034,2026-03-13 23:45:00
1773445800000,88.1,88.1,88.08,88.08,1.632,2026-03-13 23:50:00
1773446100000,88.08,88.08,88.08,88.08,0.0,2026-03-13 23:55:00
1773446400000,88.08,88.08,88.08,88.08,0.0,2026-03-14 00:00:00
1773446700000,88.12,88.13,88.09,88.09,2.938,2026-03-14 00:05:00
1773447000000,88.16,88.16,88.16,88.16,0.034,2026-03-14 00:10:00
1773447300000,88.16,88.16,88.15,88.15,18.257,2026-03-14 00:15:00
1773447600000,88.28,88.28,88.28,88.28,0.09,2026-03-14 00:20:00
1773447900000,88.08,88.08,88.08,88.08,1.589,2026-03-14 00:25:00
1773448200000,88.2,88.28,88.2,88.28,26.081,2026-03-14 00:30:00
1773448500000,88.28,88.28,88.28,88.28,0.0,2026-03-14 00:35:00
1773448800000,88.11,88.11,88.07,88.07,1.697,2026-03-14 00:40:00
1773449100000,88.07,88.07,88.07,88.07,0.0,2026-03-14 00:45:00
1773449400000,88.07,88.07,88.07,88.07,0.0,2026-03-14 00:50:00
1773449700000,87.99,87.99,87.99,87.99,13.626,2026-03-14 00:55:00
1773450000000,88.07,88.07,88.07,88.07,0.113,2026-03-14 01:00:00
1773450300000,88.07,88.07,88.07,88.07,0.0,2026-03-14 01:05:00
1773450600000,88.07,88.07,88.04,88.04,1.226,2026-03-14 01:10:00
1773450900000,88.04,88.04,88.04,88.04,0.0,2026-03-14 01:15:00
1773451200000,88.04,88.04,88.04,88.04,0.0,2026-03-14 01:20:00
1773451500000,88.04,88.04,88.04,88.04,0.0,2026-03-14 01:25:00
1773451800000,87.97,87.97,87.97,87.97,0.34,2026-03-14 01:30:00
1773452100000,87.96,87.96,87.95,87.95,0.37,2026-03-14 01:35:00
1773452400000,87.95,87.95,87.95,87.95,0.0,2026-03-14 01:40:00
1773452700000,87.95,87.95,87.95,87.95,0.0,2026-03-14 01:45:00
1773453000000,87.95,87.95,87.95,87.95,0.0,2026-03-14 01:50:00
1773453300000,87.95,87.95,87.95,87.95,0.0,2026-03-14 01:55:00
1773453600000,88.21,88.21,88.21,88.21,0.171,2026-03-14 02:00:00
1773453900000,88.24,88.24,88.24,88.24,0.07,2026-03-14 02:05:00
1773454200000,88.18,88.2,88.18,88.2,0.363,2026-03-14 02:10:00
1773454500000,88.23,88.23,88.23,88.23,1.695,2026-03-14 02:15:00
1773454800000,88.2,88.2,88.2,88.2,0.339,2026-03-14 02:20:00
1773455100000,88.16,88.16,88.16,88.16,11.314,2026-03-14 02:25:00
1773455400000,88.12,88.12,88.12,88.12,1.132,2026-03-14 02:30:00
1773455700000,88.12,88.12,88.12,88.12,0.0,2026-03-14 02:35:00
1773456000000,88.03,88.03,88.03,88.03,1.014,2026-03-14 02:40:00
1773456300000,88.03,88.03,88.03,88.03,0.0,2026-03-14 02:45:00
1773456600000,88.03,88.03,88.03,88.03,0.0,2026-03-14 02:50:00
1773456900000,88.31,88.31,88.28,88.28,11.461,2026-03-14 02:55:00
1773457200000,88.3,88.3,88.3,88.3,0.124,2026-03-14 03:00:00
1773457500000,88.33,88.33,88.33,88.33,1.129,2026-03-14 03:05:00
1773457800000,88.48,88.5,88.48,88.5,0.448,2026-03-14 03:10:00
1773458100000,88.5,88.5,88.5,88.5,0.0,2026-03-14 03:15:00
1773458400000,88.36,88.5,88.36,88.37,143.057,2026-03-14 03:20:00
1773458700000,88.37,88.37,88.37,88.37,0.0,2026-03-14 03:25:00
1773459000000,88.45,88.45,88.45,88.45,0.04,2026-03-14 03:30:00
1773459300000,88.46,88.46,88.46,88.46,0.9,2026-03-14 03:35:00
1773459600000,88.46,88.46,88.46,88.46,0.0,2026-03-14 03:40:00
1773459900000,88.45,88.45,88.45,88.45,15.262,2026-03-14 03:45:00
1773460200000,88.45,88.45,88.45,88.45,0.0,2026-03-14 03:50:00
1773460500000,88.45,88.45,88.45,88.45,0.0,2026-03-14 03:55:00
1773460800000,88.44,88.46,88.44,88.46,19.803,2026-03-14 04:00:00
1773461100000,88.46,88.46,88.46,88.46,0.0,2026-03-14 04:05:00
1773461400000,88.6,88.6,88.59,88.59,1.019,2026-03-14 04:10:00
1773461700000,88.59,88.59,88.59,88.59,0.0,2026-03-14 04:15:00
1773462000000,88.45,88.45,88.45,88.45,0.276,2026-03-14 04:20:00
1773462300000,88.47,88.47,88.47,88.47,10.422,2026-03-14 04:25:00
1773462600000,88.47,88.47,88.47,88.47,0.0,2026-03-14 04:30:00
1773462900000,88.57,88.64,88.52,88.64,85.154,2026-03-14 04:35:00
1773463200000,88.64,88.64,88.64,88.64,0.0,2026-03-14 04:40:00
1773463500000,88.63,88.63,88.63,88.63,0.131,2026-03-14 04:45:00
1773463800000,88.66,88.66,88.44,88.46,9.346,2026-03-14 04:50:00
1773464100000,88.46,88.46,88.46,88.46,0.0,2026-03-14 04:55:00
1773464400000,88.27,88.27,88.27,88.27,0.131,2026-03-14 05:00:00
1773464700000,88.25,88.29,88.17,88.29,43.58,2026-03-14 05:05:00
1773465000000,88.29,88.33,88.29,88.33,0.26,2026-03-14 05:10:00
1773465300000,88.23,88.27,88.23,88.27,0.285,2026-03-14 05:15:00
1773465600000,88.32,88.32,88.32,88.32,0.283,2026-03-14 05:20:00
1773465900000,88.38,88.38,88.38,88.38,0.506,2026-03-14 05:25:00
1773466200000,88.28,88.28,88.06,88.06,1.517,2026-03-14 05:30:00
1773466500000,88.06,88.06,88.06,88.06,0.0,2026-03-14 05:35:00
1773466800000,88.06,88.06,88.06,88.06,0.0,2026-03-14 05:40:00
1773467100000,88.06,88.06,88.06,88.06,0.0,2026-03-14 05:45:00
1773467400000,87.96,87.96,87.96,87.96,1.005,2026-03-14 05:50:00
1773467700000,88.07,88.07,88.07,88.07,0.043,2026-03-14 05:55:00
1773468000000,88.07,88.07,88.07,88.07,0.0,2026-03-14 06:00:00
1773468300000,88.07,88.07,88.07,88.07,0.0,2026-03-14 06:05:00
1773468600000,88.07,88.07,88.07,88.07,0.0,2026-03-14 06:10:00
1773468900000,88.07,88.07,88.07,88.07,0.0,2026-03-14 06:15:00
1773469200000,87.7,87.7,87.7,87.7,0.367,2026-03-14 06:20:00
1773469500000,87.69,87.69,87.61,87.63,2.408,2026-03-14 06:25:00
1773469800000,87.52,87.52,87.46,87.46,0.908,2026-03-14 06:30:00
1773470100000,87.42,87.42,87.12,87.12,8.605,2026-03-14 06:35:00
1773470400000,87.07,87.07,86.98,86.98,5.694,2026-03-14 06:40:00
1773470700000,87.26,87.35,87.26,87.35,5.775,2026-03-14 06:45:00
1773471000000,87.22,87.22,87.22,87.22,0.166,2026-03-14 06:50:00
1773471300000,87.28,87.28,87.28,87.28,10.884,2026-03-14 06:55:00
1773471600000,87.34,87.34,87.34,87.34,0.076,2026-03-14 07:00:00
1773471900000,87.22,87.33,87.22,87.33,0.049,2026-03-14 07:05:00
1773472200000,87.36,87.36,87.36,87.36,0.114,2026-03-14 07:10:00
1773472500000,87.36,87.36,87.36,87.36,0.0,2026-03-14 07:15:00
1773472800000,87.25,87.25,87.25,87.25,0.227,2026-03-14 07:20:00
1773473100000,87.25,87.25,87.25,87.25,0.0,2026-03-14 07:25:00
1773473400000,87.25,87.25,87.25,87.25,0.0,2026-03-14 07:30:00
1773473700000,87.25,87.25,87.25,87.25,0.0,2026-03-14 07:35:00
1773474000000,87.22,87.33,87.22,87.33,0.898,2026-03-14 07:40:00
1773474300000,87.33,87.33,87.33,87.33,0.0,2026-03-14 07:45:00
1773474600000,87.3,87.3,87.3,87.3,2.0,2026-03-14 07:50:00
1773474900000,87.34,87.34,87.34,87.34,7.47,2026-03-14 07:55:00
1773475200000,87.34,87.34,87.34,87.34,0.0,2026-03-14 08:00:00
1773475500000,87.34,87.34,87.34,87.34,0.0,2026-03-14 08:05:00
1773475800000,87.34,87.34,87.34,87.34,0.0,2026-03-14 08:10:00
1773476100000,87.34,87.34,87.34,87.34,0.0,2026-03-14 08:15:00
1773476400000,87.34,87.34,87.34,87.34,0.0,2026-03-14 08:20:00
1773476700000,87.34,87.34,87.34,87.34,0.0,2026-03-14 08:25:00
1773477000000,87.34,87.34,87.34,87.34,0.0,2026-03-14 08:30:00
1773477300000,87.34,87.34,87.34,87.34,0.0,2026-03-14 08:35:00
1773477600000,87.34,87.34,87.34,87.34,0.0,2026-03-14 08:40:00
1773477900000,87.34,87.34,87.34,87.34,0.0,2026-03-14 08:45:00
1773478200000,87.34,87.34,87.34,87.34,0.0,2026-03-14 08:50:00
1773478500000,87.34,87.34,87.34,87.34,0.0,2026-03-14 08:55:00
1773478800000,87.15,87.15,87.15,87.15,0.092,2026-03-14 09:00:00
1773479100000,87.15,87.15,87.15,87.15,0.0,2026-03-14 09:05:00
1773479400000,87.15,87.15,87.15,87.15,0.0,2026-03-14 09:10:00
1773479700000,87.15,87.15,87.15,87.15,0.0,2026-03-14 09:15:00
1773480000000,87.15,87.15,87.15,87.15,0.0,2026-03-14 09:20:00
1773480300000,87.17,87.17,87.17,87.17,1.124,2026-03-14 09:25:00
1773480600000,87.17,87.17,87.17,87.17,0.0,2026-03-14 09:30:00
1773480900000,87.1,87.1,87.1,87.1,0.414,2026-03-14 09:35:00
1773481200000,87.1,87.1,87.1,87.1,0.0,2026-03-14 09:40:00
1773481500000,86.93,86.93,86.69,86.69,2.413,2026-03-14 09:45:00
1773481800000,86.69,86.69,86.69,86.69,0.0,2026-03-14 09:50:00
1773482100000,86.69,86.69,86.69,86.69,0.0,2026-03-14 09:55:00
1773482400000,86.89,86.89,86.88,86.88,1.003,2026-03-14 10:00:00
1773482700000,86.93,86.93,86.93,86.93,0.157,2026-03-14 10:05:00
1773483000000,86.93,86.93,86.93,86.93,0.0,2026-03-14 10:10:00
1773483300000,86.93,86.93,86.93,86.93,0.0,2026-03-14 10:15:00
1773483600000,86.93,86.93,86.93,86.93,0.0,2026-03-14 10:20:00
1773483900000,86.93,86.93,86.93,86.93,0.0,2026-03-14 10:25:00
1773484200000,86.62,86.62,86.62,86.62,1.666,2026-03-14 10:30:00
1773484500000,86.62,86.62,86.62,86.62,0.0,2026-03-14 10:35:00
1773484800000,86.62,86.62,86.62,86.62,0.0,2026-03-14 10:40:00
1773485100000,86.62,86.62,86.62,86.62,0.0,2026-03-14 10:45:00
1773485400000,86.7,86.7,86.7,86.7,0.575,2026-03-14 10:50:00
1773485700000,86.7,86.7,86.7,86.7,0.0,2026-03-14 10:55:00
1773486000000,86.7,86.7,86.7,86.7,0.0,2026-03-14 11:00:00
1773486300000,86.7,86.7,86.7,86.7,0.0,2026-03-14 11:05:00
1773486600000,86.76,86.76,86.76,86.76,0.702,2026-03-14 11:10:00
1773486900000,86.76,86.76,86.76,86.76,0.0,2026-03-14 11:15:00
1773487200000,86.76,86.76,86.76,86.76,0.0,2026-03-14 11:20:00
1773487500000,86.95,86.95,86.92,86.92,0.468,2026-03-14 11:25:00
1773487800000,86.92,86.92,86.92,86.92,0.0,2026-03-14 11:30:00
1773488100000,86.92,86.92,86.92,86.92,0.0,2026-03-14 11:35:00
1773488400000,86.92,86.92,86.92,86.92,0.0,2026-03-14 11:40:00
1773488700000,86.92,86.92,86.92,86.92,0.0,2026-03-14 11:45:00
1773489000000,87.0,87.0,86.97,86.97,0.573,2026-03-14 11:50:00
1773489300000,86.92,86.96,86.92,86.96,5.864,2026-03-14 11:55:00
1773489600000,86.96,86.96,86.96,86.96,0.0,2026-03-14 12:00:00
1773489900000,86.96,86.96,86.96,86.96,0.0,2026-03-14 12:05:00
1773490200000,86.92,86.92,86.92,86.92,0.259,2026-03-14 12:10:00
1773490500000,86.92,86.92,86.92,86.92,0.0,2026-03-14 12:15:00
1773490800000,87.0,87.0,87.0,87.0,0.281,2026-03-14 12:20:00
1773491100000,87.0,87.0,87.0,87.0,0.0,2026-03-14 12:25:00
1773491400000,86.98,86.98,86.98,86.98,0.344,2026-03-14 12:30:00
1773491700000,86.85,86.85,86.85,86.85,2.878,2026-03-14 12:35:00
1773492000000,86.87,86.87,86.87,86.87,1.135,2026-03-14 12:40:00
1773492300000,87.0,87.0,87.0,87.0,2.866,2026-03-14 12:45:00
1773492600000,87.0,87.0,87.0,87.0,0.0,2026-03-14 12:50:00
1773492900000,87.08,87.08,87.08,87.08,0.114,2026-03-14 12:55:00
1773493200000,87.08,87.08,87.08,87.08,1.031,2026-03-14 13:00:00
1773493500000,87.13,87.13,87.13,87.13,46.562,2026-03-14 13:05:00
1773493800000,87.08,87.08,87.08,87.08,0.286,2026-03-14 13:10:00
1773494100000,87.14,87.14,87.14,87.14,0.252,2026-03-14 13:15:00
1773494400000,87.14,87.14,87.14,87.14,0.0,2026-03-14 13:20:00
1773494700000,87.29,87.29,87.29,87.29,0.114,2026-03-14 13:25:00
1773495000000,87.29,87.29,87.29,87.29,0.0,2026-03-14 13:30:00
1773495300000,87.27,87.3,87.27,87.3,6.231,2026-03-14 13:35:00
1773495600000,87.28,87.28,87.28,87.28,5.713,2026-03-14 13:40:00
1773495900000,87.27,87.3,87.16,87.18,49.672,2026-03-14 13:45:00
1773496200000,87.12,87.15,87.12,87.15,5.925,2026-03-14 13:50:00
1773496500000,87.16,87.16,87.16,87.16,2.289,2026-03-14 13:55:00
1773496800000,87.1,87.1,87.1,87.1,1.176,2026-03-14 14:00:00
1773497100000,87.18,87.18,87.18,87.18,0.057,2026-03-14 14:05:00
1773497400000,86.98,86.98,86.87,86.87,0.826,2026-03-14 14:10:00
1773497700000,86.86,86.93,86.77,86.93,46.172,2026-03-14 14:15:00
1773498000000,86.93,86.93,86.93,86.93,0.0,2026-03-14 14:20:00
1773498300000,87.0,87.06,86.93,87.06,7.232,2026-03-14 14:25:00
1773498600000,87.06,87.06,87.06,87.06,0.0,2026-03-14 14:30:00
1773498900000,86.98,86.99,86.94,86.95,2.885,2026-03-14 14:35:00
1773499200000,86.95,86.95,86.95,86.95,0.0,2026-03-14 14:40:00
1773499500000,86.95,86.95,86.95,86.95,0.0,2026-03-14 14:45:00
1773499800000,86.95,86.95,86.95,86.95,0.0,2026-03-14 14:50:00
1773500100000,86.95,86.95,86.95,86.95,0.0,2026-03-14 14:55:00
1773500400000,86.86,86.86,86.81,86.81,6.595,2026-03-14 15:00:00
1773500700000,86.81,86.81,86.81,86.81,0.0,2026-03-14 15:05:00
1773501000000,86.86,86.86,86.86,86.86,0.057,2026-03-14 15:10:00
1773501300000,86.87,86.87,86.87,86.87,0.034,2026-03-14 15:15:00
1773501600000,86.87,86.87,86.87,86.87,0.0,2026-03-14 15:20:00
1773501900000,86.87,86.87,86.87,86.87,0.0,2026-03-14 15:25:00
1773502200000,86.86,86.86,86.86,86.86,1.0,2026-03-14 15:30:00
1773502500000,86.75,86.75,86.75,86.75,0.058,2026-03-14 15:35:00
1773502800000,86.75,86.75,86.75,86.75,0.0,2026-03-14 15:40:00
1773503100000,86.69,86.69,86.69,86.69,0.046,2026-03-14 15:45:00
1773503400000,86.69,86.69,86.69,86.69,0.0,2026-03-14 15:50:00
1773503700000,86.69,86.69,86.69,86.69,0.0,2026-03-14 15:55:00
1773504000000,86.69,86.69,86.69,86.69,0.0,2026-03-14 16:00:00
1773504300000,86.66,86.66,86.66,86.66,0.115,2026-03-14 16:05:00
1773504600000,86.81,86.81,86.77,86.77,4.825,2026-03-14 16:10:00
1773504900000,86.77,86.77,86.77,86.77,0.0,2026-03-14 16:15:00
1773505200000,86.77,86.77,86.77,86.77,0.0,2026-03-14 16:20:00
1773505500000,86.77,86.77,86.77,86.77,0.0,2026-03-14 16:25:00
1773505800000,86.94,86.94,86.94,86.94,0.287,2026-03-14 16:30:00
1773506100000,86.94,86.94,86.94,86.94,0.0,2026-03-14 16:35:00
1773506400000,86.94,86.94,86.94,86.94,0.0,2026-03-14 16:40:00
1773506700000,87.07,87.07,87.07,87.07,0.114,2026-03-14 16:45:00
1773507000000,87.07,87.07,87.07,87.07,0.0,2026-03-14 16:50:00
1773507300000,87.07,87.07,87.07,87.07,0.0,2026-03-14 16:55:00
1773507600000,87.02,87.07,87.02,87.07,8.786,2026-03-14 17:00:00
1773507900000,87.07,87.07,87.01,87.01,0.287,2026-03-14 17:05:00
1773508200000,87.02,87.04,87.01,87.01,6.545,2026-03-14 17:10:00
1773508500000,87.01,87.01,87.01,87.01,0.0,2026-03-14 17:15:00
1773508800000,87.0,87.0,87.0,87.0,3.554,2026-03-14 17:20:00
1773509100000,86.99,86.99,86.98,86.98,0.114,2026-03-14 17:25:00
1773509400000,86.98,86.98,86.98,86.98,0.0,2026-03-14 17:30:00
1773509700000,86.98,86.98,86.98,86.98,0.0,2026-03-14 17:35:00
1773510000000,86.98,86.98,86.98,86.98,0.0,2026-03-14 17:40:00
1773510300000,86.97,86.97,86.97,86.97,14.055,2026-03-14 17:45:00
1773510600000,86.94,86.94,86.94,86.94,0.575,2026-03-14 17:50:00
1773510900000,86.92,86.92,86.92,86.92,1.15,2026-03-14 17:55:00
1773511200000,86.85,86.85,86.85,86.85,0.057,2026-03-14 18:00:00
1773511500000,86.88,86.92,86.88,86.92,1.435,2026-03-14 18:05:00
1773511800000,86.9,86.9,86.9,86.9,1.312,2026-03-14 18:10:00
1773512100000,86.88,86.88,86.88,86.88,0.179,2026-03-14 18:15:00
1773512400000,86.88,86.88,86.88,86.88,0.0,2026-03-14 18:20:00
1773512700000,86.88,86.88,86.88,86.88,0.0,2026-03-14 18:25:00
1773513000000,86.96,86.96,86.96,86.96,10.0,2026-03-14 18:30:00
1773513300000,86.97,86.97,86.97,86.97,28.74,2026-03-14 18:35:00
1773513600000,86.96,87.01,86.96,87.01,71.317,2026-03-14 18:40:00
1773513900000,87.01,87.01,87.01,87.01,0.0,2026-03-14 18:45:00
1773514200000,87.05,87.05,87.05,87.05,5.727,2026-03-14 18:50:00
1773514500000,87.05,87.05,87.05,87.05,0.0,2026-03-14 18:55:00
1773514800000,86.96,86.98,86.96,86.98,1.489,2026-03-14 19:00:00
1773515100000,86.98,86.98,86.98,86.98,0.034,2026-03-14 19:05:00
1773515400000,86.97,86.97,86.97,86.97,2.528,2026-03-14 19:10:00
1773515700000,87.07,87.08,87.07,87.08,0.178,2026-03-14 19:15:00
1773516000000,87.08,87.08,87.08,87.08,0.0,2026-03-14 19:20:00
1773516300000,87.08,87.08,87.08,87.08,0.0,2026-03-14 19:25:00
1773516600000,87.0,87.0,87.0,87.0,0.032,2026-03-14 19:30:00
1773516900000,87.0,87.0,87.0,87.0,0.0,2026-03-14 19:35:00
1773517200000,87.06,87.06,87.06,87.06,0.023,2026-03-14 19:40:00
1773517500000,87.06,87.06,87.06,87.06,0.0,2026-03-14 19:45:00
1773517800000,87.06,87.06,87.06,87.06,0.285,2026-03-14 19:50:00
1773518100000,87.06,87.06,87.06,87.06,0.0,2026-03-14 19:55:00
1773518400000,86.92,86.92,86.92,86.92,0.069,2026-03-14 20:00:00
1773518700000,86.99,86.99,86.99,86.99,0.057,2026-03-14 20:05:00
1773519000000,86.99,86.99,86.99,86.99,0.0,2026-03-14 20:10:00
1773519300000,86.95,86.95,86.9,86.9,13.301,2026-03-14 20:15:00
1773519600000,86.96,87.0,86.96,87.0,9.896,2026-03-14 20:20:00
1773519900000,87.0,87.0,87.0,87.0,0.0,2026-03-14 20:25:00
1773520200000,87.0,87.0,87.0,87.0,0.0,2026-03-14 20:30:00
1773520500000,87.0,87.0,87.0,87.0,0.0,2026-03-14 20:35:00
1773520800000,86.88,86.91,86.87,86.87,0.639,2026-03-14 20:40:00
1773521100000,86.87,86.87,86.87,86.87,0.0,2026-03-14 20:45:00
1773521400000,87.09,87.09,87.09,87.09,0.841,2026-03-14 20:50:00
1773521700000,87.09,87.09,87.09,87.09,0.0,2026-03-14 20:55:00
1773522000000,87.04,87.04,86.96,86.96,1.126,2026-03-14 21:00:00
1773522300000,86.96,86.96,86.96,86.96,0.0,2026-03-14 21:05:00
1773522600000,86.95,86.95,86.95,86.95,0.115,2026-03-14 21:10:00
1773522900000,86.95,86.95,86.95,86.95,0.0,2026-03-14 21:15:00
1773523200000,86.95,86.95,86.95,86.95,0.0,2026-03-14 21:20:00
1773523500000,86.99,86.99,86.99,86.99,2.379,2026-03-14 21:25:00
1773523800000,86.99,86.99,86.99,86.99,0.0,2026-03-14 21:30:00
1773524100000,87.07,87.07,87.07,87.07,1.975,2026-03-14 21:35:00
1773524400000,87.07,87.07,87.07,87.07,0.0,2026-03-14 21:40:00
1773524700000,87.13,87.13,87.13,87.13,0.023,2026-03-14 21:45:00
1773525000000,87.19,87.19,87.19,87.19,0.431,2026-03-14 21:50:00
1773525300000,87.19,87.19,87.19,87.19,0.0,2026-03-14 21:55:00
1773525600000,87.19,87.19,87.19,87.19,0.0,2026-03-14 22:00:00
1773525900000,87.19,87.19,87.19,87.19,0.0,2026-03-14 22:05:00
1773526200000,87.34,87.34,87.34,87.34,1.374,2026-03-14 22:10:00
1773526500000,87.34,87.34,87.34,87.34,0.0,2026-03-14 22:15:00
1773526800000,87.34,87.34,87.3,87.3,0.274,2026-03-14 22:20:00
1773527100000,87.3,87.3,87.3,87.3,0.0,2026-03-14 22:25:00
1773527400000,87.3,87.3,87.3,87.3,0.0,2026-03-14 22:30:00
1773527700000,87.3,87.3,87.3,87.3,0.0,2026-03-14 22:35:00
1773528000000,87.35,87.35,87.29,87.29,100.0,2026-03-14 22:40:00
1773528300000,87.35,87.35,87.32,87.32,79.188,2026-03-14 22:45:00
1773528600000,87.32,87.32,87.32,87.32,0.0,2026-03-14 22:50:00
1773528900000,87.32,87.32,87.32,87.32,0.0,2026-03-14 22:55:00
1773529200000,87.48,87.7,87.48,87.7,0.673,2026-03-14 23:00:00
1773529500000,87.88,88.08,87.84,88.08,45.659,2026-03-14 23:05:00
1773529800000,88.08,88.08,88.08,88.08,0.0,2026-03-14 23:10:00
1773530100000,87.9,87.9,87.9,87.9,3.413,2026-03-14 23:15:00
1773530400000,87.79,88.01,87.79,87.92,103.766,2026-03-14 23:20:00
1773530700000,87.92,87.92,87.92,87.92,0.0,2026-03-14 23:25:00
1773531000000,87.96,87.96,87.93,87.93,7.329,2026-03-14 23:30:00
1773531300000,87.93,87.93,87.93,87.93,0.0,2026-03-14 23:35:00
1773531600000,87.93,87.93,87.93,87.93,0.0,2026-03-14 23:40:00
1773531900000,87.93,87.93,87.93,87.93,0.0,2026-03-14 23:45:00
1773532200000,87.93,87.93,87.93,87.93,0.0,2026-03-14 23:50:00
1773532500000,87.93,87.93,87.93,87.93,0.0,2026-03-14 23:55:00
1773532800000,88.08,88.08,88.08,88.08,1.132,2026-03-15 00:00:00
1773533100000,88.08,88.08,88.08,88.08,0.0,2026-03-15 00:05:00
1773533400000,88.03,88.03,88.03,88.03,0.034,2026-03-15 00:10:00
1773533700000,88.03,88.03,88.03,88.03,0.0,2026-03-15 00:15:00
1773534000000,88.03,88.03,88.03,88.03,0.0,2026-03-15 00:20:00
1773534300000,88.03,88.03,88.03,88.03,0.0,2026-03-15 00:25:00
1773534600000,87.99,87.99,87.99,87.99,0.795,2026-03-15 00:30:00
1773534900000,87.99,87.99,87.99,87.99,0.0,2026-03-15 00:35:00
1773535200000,87.99,87.99,87.99,87.99,0.0,2026-03-15 00:40:00
1773535500000,87.99,87.99,87.99,87.99,0.0,2026-03-15 00:45:00
1773535800000,87.76,87.76,87.76,87.76,0.719,2026-03-15 00:50:00
1773536100000,87.76,87.76,87.76,87.76,0.0,2026-03-15 00:55:00
1773536400000,87.77,87.77,87.77,87.77,0.568,2026-03-15 01:00:00
1773536700000,87.81,87.81,87.81,87.81,0.994,2026-03-15 01:05:00
1773537000000,87.77,87.77,87.77,87.77,5.257,2026-03-15 01:10:00
1773537300000,87.77,87.77,87.77,87.77,0.0,2026-03-15 01:15:00
1773537600000,87.77,87.77,87.77,87.77,0.0,2026-03-15 01:20:00
1773537900000,87.77,87.77,87.77,87.77,0.0,2026-03-15 01:25:00
1773538200000,87.77,87.77,87.77,87.77,0.0,2026-03-15 01:30:00
1773538500000,87.77,87.77,87.77,87.77,0.0,2026-03-15 01:35:00
1773538800000,87.77,87.77,87.77,87.77,0.0,2026-03-15 01:40:00
1773539100000,87.77,87.77,87.77,87.77,0.0,2026-03-15 01:45:00
1773539400000,87.73,87.73,87.73,87.73,1.047,2026-03-15 01:50:00
1773539700000,87.69,87.69,87.69,87.69,0.199,2026-03-15 01:55:00
1773540000000,87.86,88.21,87.86,87.94,2.268,2026-03-15 02:00:00
1773540300000,88.06,88.17,88.06,88.17,1.113,2026-03-15 02:05:00
1773540600000,88.15,88.15,88.15,88.15,0.226,2026-03-15 02:10:00
1773540900000,88.18,88.18,88.18,88.18,0.113,2026-03-15 02:15:00
1773541200000,88.18,88.18,88.18,88.18,0.0,2026-03-15 02:20:00
1773541500000,88.18,88.18,88.18,88.18,0.0,2026-03-15 02:25:00
1773541800000,88.18,88.18,88.18,88.18,0.0,2026-03-15 02:30:00
1773542100000,88.18,88.18,88.18,88.18,0.0,2026-03-15 02:35:00
1773542400000,88.3,88.3,88.3,88.3,6.649,2026-03-15 02:40:00
1773542700000,88.47,88.54,88.47,88.54,2.634,2026-03-15 02:45:00
1773543000000,88.54,88.54,88.54,88.54,0.0,2026-03-15 02:50:00
1773543300000,88.29,88.3,88.29,88.3,2.652,2026-03-15 02:55:00
1773543600000,88.43,88.43,88.43,88.43,0.124,2026-03-15 03:00:00
1773543900000,88.21,88.21,88.21,88.21,0.113,2026-03-15 03:05:00
1773544200000,88.25,88.25,88.25,88.25,0.282,2026-03-15 03:10:00
1773544500000,88.12,88.12,88.12,88.12,1.008,2026-03-15 03:15:00
1773544800000,88.12,88.12,88.12,88.12,0.0,2026-03-15 03:20:00
1773545100000,88.12,88.12,88.12,88.12,0.0,2026-03-15 03:25:00
1773545400000,88.12,88.12,88.12,88.12,0.0,2026-03-15 03:30:00
1773545700000,87.93,87.93,87.86,87.86,50.466,2026-03-15 03:35:00
1773546000000,87.92,87.92,87.88,87.88,42.72,2026-03-15 03:40:00
1773546300000,87.73,87.73,87.73,87.73,1.136,2026-03-15 03:45:00
1773546600000,87.73,87.73,87.73,87.73,0.0,2026-03-15 03:50:00
1773546900000,87.79,87.8,87.79,87.8,3.512,2026-03-15 03:55:00
1773547200000,87.8,87.8,87.8,87.8,0.0,2026-03-15 04:00:00
1773547500000,88.1,88.1,88.1,88.1,3.026,2026-03-15 04:05:00
1773547800000,88.13,88.13,88.13,88.13,1.399,2026-03-15 04:10:00
1773548100000,88.2,88.23,88.2,88.23,29.0,2026-03-15 04:15:00
1773548400000,88.23,88.23,88.23,88.23,0.0,2026-03-15 04:20:00
1773548700000,88.03,88.03,88.03,88.03,0.166,2026-03-15 04:25:00
1773549000000,88.03,88.03,88.03,88.03,0.0,2026-03-15 04:30:00
1773549300000,88.03,88.03,88.03,88.03,0.0,2026-03-15 04:35:00
1773549600000,88.03,88.03,88.03,88.03,0.0,2026-03-15 04:40:00
1773549900000,88.03,88.03,88.03,88.03,0.0,2026-03-15 04:45:00
1773550200000,88.03,88.03,88.03,88.03,0.0,2026-03-15 04:50:00
1773550500000,88.03,88.03,88.03,88.03,0.0,2026-03-15 04:55:00
1773550800000,88.25,88.25,88.25,88.25,0.282,2026-03-15 05:00:00
1773551100000,88.18,88.18,88.18,88.18,0.09,2026-03-15 05:05:00
1773551400000,88.19,88.19,88.17,88.19,1.337,2026-03-15 05:10:00
1773551700000,88.54,88.54,88.54,88.54,0.013,2026-03-15 05:15:00
1773552000000,88.54,88.54,88.54,88.54,0.0,2026-03-15 05:20:00
1773552300000,88.53,88.53,88.53,88.53,0.034,2026-03-15 05:25:00
1773552600000,88.53,88.53,88.53,88.53,0.0,2026-03-15 05:30:00
1773552900000,88.42,88.45,88.42,88.45,3.034,2026-03-15 05:35:00
1773553200000,88.45,88.45,88.45,88.45,0.0,2026-03-15 05:40:00
1773553500000,88.46,88.46,88.38,88.38,101.924,2026-03-15 05:45:00
1773553800000,88.37,88.4,88.3,88.33,23.12,2026-03-15 05:50:00
1773554100000,88.33,88.33,88.33,88.33,0.0,2026-03-15 05:55:00
1773554400000,88.37,88.52,88.32,88.52,67.557,2026-03-15 06:00:00
1773554700000,88.49,88.52,88.46,88.52,4.447,2026-03-15 06:05:00
1773555000000,88.52,88.52,88.52,88.52,1.129,2026-03-15 06:10:00
1773555300000,88.49,88.51,88.49,88.51,42.339,2026-03-15 06:15:00
1773555600000,88.51,88.51,88.51,88.51,0.0,2026-03-15 06:20:00
1773555900000,88.53,88.53,88.48,88.48,75.967,2026-03-15 06:25:00
1773556200000,88.48,88.48,88.48,88.48,0.0,2026-03-15 06:30:00
1773556500000,88.23,88.23,88.19,88.19,0.2,2026-03-15 06:35:00
1773556800000,88.25,88.25,88.23,88.25,59.782,2026-03-15 06:40:00
1773557100000,88.24,88.24,88.24,88.24,15.947,2026-03-15 06:45:00
1773557400000,88.26,88.26,88.26,88.26,0.079,2026-03-15 06:50:00
1773557700000,88.26,88.26,88.26,88.26,0.0,2026-03-15 06:55:00
1773558000000,88.26,88.26,88.26,88.26,0.0,2026-03-15 07:00:00
1773558300000,88.34,88.34,88.34,88.34,0.031,2026-03-15 07:05:00
1773558600000,88.34,88.34,88.34,88.34,0.0,2026-03-15 07:10:00
1773558900000,88.34,88.34,88.34,88.34,0.0,2026-03-15 07:15:00
1773559200000,88.34,88.34,88.34,88.34,0.0,2026-03-15 07:20:00
1773559500000,88.34,88.34,88.34,88.34,0.0,2026-03-15 07:25:00
1773559800000,88.34,88.34,88.34,88.34,0.0,2026-03-15 07:30:00
1773560100000,88.34,88.34,88.34,88.34,0.0,2026-03-15 07:35:00
1773560400000,88.26,88.26,88.21,88.21,41.134,2026-03-15 07:40:00
1773560700000,88.21,88.21,88.21,88.21,0.0,2026-03-15 07:45:00
1773561000000,88.21,88.21,88.21,88.21,0.0,2026-03-15 07:50:00
1773561300000,88.21,88.21,88.21,88.21,0.0,2026-03-15 07:55:00
1773561600000,88.21,88.21,88.21,88.21,0.0,2026-03-15 08:00:00
1773561900000,88.21,88.21,88.21,88.21,0.0,2026-03-15 08:05:00
1773562200000,88.32,88.32,88.32,88.32,0.078,2026-03-15 08:10:00
1773562500000,88.32,88.32,88.32,88.32,0.0,2026-03-15 08:15:00
1773562800000,88.32,88.32,88.32,88.32,0.0,2026-03-15 08:20:00
1773563100000,88.32,88.32,88.32,88.32,0.0,2026-03-15 08:25:00
1773563400000,88.32,88.32,88.32,88.32,0.0,2026-03-15 08:30:00
1773563700000,88.32,88.32,88.32,88.32,0.0,2026-03-15 08:35:00
1773564000000,88.28,88.28,88.28,88.28,2.347,2026-03-15 08:40:00
1773564300000,88.28,88.28,88.28,88.28,0.0,2026-03-15 08:45:00
1773564600000,88.28,88.28,88.28,88.28,0.0,2026-03-15 08:50:00
1773564900000,88.28,88.28,88.28,88.28,0.0,2026-03-15 08:55:00
1773565200000,88.61,88.69,88.61,88.69,1.68,2026-03-15 09:00:00
1773565500000,88.74,88.74,88.74,88.74,0.102,2026-03-15 09:05:00
1773565800000,88.74,88.74,88.74,88.74,0.0,2026-03-15 09:10:00
1773566100000,88.74,88.74,88.74,88.74,0.0,2026-03-15 09:15:00
1773566400000,88.74,88.74,88.74,88.74,0.0,2026-03-15 09:20:00
1773566700000,88.74,88.74,88.74,88.74,0.0,2026-03-15 09:25:00
1773567000000,88.63,88.63,88.6,88.6,3.53,2026-03-15 09:30:00
1773567300000,88.6,88.6,88.6,88.6,0.0,2026-03-15 09:35:00
1773567600000,88.6,88.6,88.6,88.6,0.0,2026-03-15 09:40:00
1773567900000,88.6,88.6,88.6,88.6,0.0,2026-03-15 09:45:00
1773568200000,88.6,88.6,88.6,88.6,0.0,2026-03-15 09:50:00
1773568500000,88.6,88.6,88.6,88.6,0.0,2026-03-15 09:55:00
1773568800000,88.52,88.52,88.52,88.52,2.752,2026-03-15 10:00:00
1773569100000,88.41,88.48,88.41,88.48,17.028,2026-03-15 10:05:00
1773569400000,88.51,88.51,88.51,88.51,0.563,2026-03-15 10:10:00
1773569700000,88.51,88.51,88.51,88.51,0.0,2026-03-15 10:15:00
1773570000000,88.51,88.51,88.51,88.51,0.0,2026-03-15 10:20:00
1773570300000,88.51,88.51,88.51,88.51,0.0,2026-03-15 10:25:00
1773570600000,88.51,88.51,88.51,88.51,0.0,2026-03-15 10:30:00
1773570900000,88.51,88.51,88.51,88.51,0.0,2026-03-15 10:35:00
1773571200000,88.51,88.51,88.51,88.51,0.0,2026-03-15 10:40:00
1773571500000,88.52,88.52,88.52,88.52,0.045,2026-03-15 10:45:00
1773571800000,88.54,88.54,88.54,88.54,0.28,2026-03-15 10:50:00
1773572100000,88.54,88.54,88.54,88.54,0.0,2026-03-15 10:55:00
1773572400000,88.54,88.54,88.54,88.54,0.0,2026-03-15 11:00:00
1773572700000,88.43,88.43,88.35,88.35,3.23,2026-03-15 11:05:00
1773573000000,88.33,88.33,88.28,88.28,42.227,2026-03-15 11:10:00
1773573300000,88.35,88.41,88.35,88.41,43.022,2026-03-15 11:15:00
1773573600000,88.41,88.41,88.41,88.41,0.0,2026-03-15 11:20:00
1773573900000,88.41,88.41,88.41,88.41,0.0,2026-03-15 11:25:00
1773574200000,88.41,88.41,88.41,88.41,0.0,2026-03-15 11:30:00
1773574500000,88.41,88.41,88.41,88.41,0.0,2026-03-15 11:35:00
1773574800000,88.41,88.41,88.41,88.41,0.0,2026-03-15 11:40:00
1773575100000,88.5,88.55,88.5,88.55,0.18,2026-03-15 11:45:00
1773575400000,88.54,88.54,88.54,88.54,11.263,2026-03-15 11:50:00
1773575700000,88.54,88.54,88.54,88.54,0.0,2026-03-15 11:55:00
1773576000000,88.54,88.54,88.54,88.54,0.0,2026-03-15 12:00:00
1773576300000,88.54,88.54,88.54,88.54,0.0,2026-03-15 12:05:00
1773576600000,88.32,88.32,88.32,88.32,0.226,2026-03-15 12:10:00
1773576900000,88.32,88.32,88.32,88.32,0.0,2026-03-15 12:15:00
1773577200000,88.32,88.32,88.32,88.32,0.0,2026-03-15 12:20:00
1773577500000,88.32,88.32,88.32,88.32,0.0,2026-03-15 12:25:00
1773577800000,88.32,88.32,88.32,88.32,0.0,2026-03-15 12:30:00
1773578100000,88.32,88.32,88.32,88.32,0.0,2026-03-15 12:35:00
1773578400000,88.42,88.42,88.3,88.3,1.916,2026-03-15 12:40:00
1773578700000,88.3,88.3,88.3,88.3,0.0,2026-03-15 12:45:00
1773579000000,88.29,88.29,88.29,88.29,1.415,2026-03-15 12:50:00
1773579300000,88.29,88.29,88.29,88.29,0.0,2026-03-15 12:55:00
1773579600000,88.32,88.37,88.32,88.37,6.662,2026-03-15 13:00:00
1773579900000,88.29,88.29,88.12,88.12,7.69,2026-03-15 13:05:00
1773580200000,87.84,87.85,87.78,87.85,4.199,2026-03-15 13:10:00
1773580500000,87.79,87.79,87.65,87.65,4.934,2026-03-15 13:15:00
1773580800000,87.84,87.84,87.84,87.84,3.765,2026-03-15 13:20:00
1773581100000,87.77,87.91,87.77,87.91,2.186,2026-03-15 13:25:00
1773581400000,87.78,87.81,87.73,87.81,1.41,2026-03-15 13:30:00
1773581700000,87.68,87.68,87.42,87.42,1.323,2026-03-15 13:35:00
1773582000000,87.46,87.48,87.44,87.48,0.546,2026-03-15 13:40:00
1773582300000,87.6,87.6,87.6,87.6,0.091,2026-03-15 13:45:00
1773582600000,87.6,87.6,87.6,87.6,0.0,2026-03-15 13:50:00
1773582900000,87.71,87.79,87.71,87.79,2.188,2026-03-15 13:55:00
1773583200000,87.79,87.79,87.73,87.77,0.773,2026-03-15 14:00:00
1773583500000,87.82,87.82,87.82,87.82,1.093,2026-03-15 14:05:00
1773583800000,87.83,87.83,87.83,87.83,0.061,2026-03-15 14:10:00
1773584100000,87.83,87.83,87.83,87.83,0.0,2026-03-15 14:15:00
1773584400000,87.72,87.72,87.61,87.61,1.185,2026-03-15 14:20:00
1773584700000,87.68,87.72,87.68,87.72,2.188,2026-03-15 14:25:00
1773585000000,87.74,87.75,87.65,87.73,4.468,2026-03-15 14:30:00
1773585300000,87.57,87.71,87.57,87.71,2.16,2026-03-15 14:35:00
1773585600000,87.71,87.9,87.71,87.9,3.143,2026-03-15 14:40:00
1773585900000,87.83,87.83,87.82,87.82,4.879,2026-03-15 14:45:00
1773586200000,87.89,87.91,87.89,87.9,3.859,2026-03-15 14:50:00
1773586500000,87.91,87.97,87.91,87.97,0.565,2026-03-15 14:55:00
1773586800000,88.02,88.02,88.02,88.02,1.986,2026-03-15 15:00:00
1773587100000,87.97,87.97,87.94,87.94,3.783,2026-03-15 15:05:00
1773587400000,87.97,87.97,87.94,87.94,0.716,2026-03-15 15:10:00
1773587700000,87.94,87.94,87.89,87.89,1.168,2026-03-15 15:15:00
1773588000000,87.96,87.96,87.96,87.96,0.023,2026-03-15 15:20:00
1773588300000,88.05,88.05,87.89,87.89,4.16,2026-03-15 15:25:00
1773588600000,87.89,87.89,87.89,87.89,0.0,2026-03-15 15:30:00
1773588900000,87.89,87.89,87.89,87.89,0.0,2026-03-15 15:35:00
1773589200000,87.89,87.89,87.89,87.89,0.0,2026-03-15 15:40:00
1773589500000,87.89,87.89,87.89,87.89,0.0,2026-03-15 15:45:00
1773589800000,88.02,88.02,88.02,88.02,0.454,2026-03-15 15:50:00
1773590100000,88.02,88.02,88.02,88.02,0.0,2026-03-15 15:55:00
1773590400000,87.85,87.9,87.83,87.9,8.411,2026-03-15 16:00:00
1773590700000,88.04,88.04,88.03,88.04,1.451,2026-03-15 16:05:00
1773591000000,88.02,88.02,88.02,88.02,1.511,2026-03-15 16:10:00
1773591300000,87.78,87.78,87.66,87.69,0.735,2026-03-15 16:15:00
1773591600000,87.64,87.64,87.64,87.64,0.092,2026-03-15 16:20:00
1773591900000,87.64,87.64,87.64,87.64,0.0,2026-03-15 16:25:00
1773592200000,87.63,87.67,87.62,87.67,1.591,2026-03-15 16:30:00
1773592500000,87.72,87.74,87.72,87.74,1.308,2026-03-15 16:35:00
1773592800000,87.77,87.77,87.71,87.71,3.74,2026-03-15 16:40:00
1773593100000,87.73,87.73,87.68,87.68,1.791,2026-03-15 16:45:00
1773593400000,87.46,87.54,87.46,87.54,2.201,2026-03-15 16:50:00
1773593700000,87.62,87.62,87.56,87.57,2.877,2026-03-15 16:55:00
1773594000000,87.53,87.71,87.53,87.71,2.546,2026-03-15 17:00:00
1773594300000,87.74,87.8,87.73,87.8,3.54,2026-03-15 17:05:00
1773594600000,87.75,87.75,87.75,87.75,1.136,2026-03-15 17:10:00
1773594900000,87.73,87.73,87.73,87.73,0.227,2026-03-15 17:15:00
1773595200000,87.73,87.73,87.73,87.73,0.0,2026-03-15 17:20:00
1773595500000,87.73,87.73,87.73,87.73,0.0,2026-03-15 17:25:00
1773595800000,87.84,87.84,87.84,87.84,1.135,2026-03-15 17:30:00
1773596100000,87.84,87.84,87.84,87.84,0.0,2026-03-15 17:35:00
1773596400000,87.84,87.84,87.84,87.84,0.0,2026-03-15 17:40:00
1773596700000,87.84,87.84,87.84,87.84,0.0,2026-03-15 17:45:00
1773597000000,88.34,88.63,88.34,88.63,5.419,2026-03-15 17:50:00
1773597300000,88.63,88.63,88.63,88.63,0.0,2026-03-15 17:55:00
1773597600000,88.56,88.66,88.42,88.47,42.308,2026-03-15 18:00:00
1773597900000,88.52,88.55,88.51,88.53,2.143,2026-03-15 18:05:00
1773598200000,88.58,88.61,88.48,88.48,1.253,2026-03-15 18:10:00
1773598500000,88.48,88.48,88.48,88.48,0.0,2026-03-15 18:15:00
1773598800000,88.63,88.63,88.63,88.63,0.217,2026-03-15 18:20:00
1773599100000,88.65,88.65,88.49,88.49,4.777,2026-03-15 18:25:00
1773599400000,88.67,88.67,88.57,88.57,7.379,2026-03-15 18:30:00
1773599700000,88.57,88.57,88.51,88.51,3.138,2026-03-15 18:35:00
1773600000000,88.58,88.58,88.58,88.58,0.048,2026-03-15 18:40:00
1773600300000,88.59,88.59,88.08,88.08,5.806,2026-03-15 18:45:00
1773600600000,88.09,88.09,87.9,88.01,44.116,2026-03-15 18:50:00
1773600900000,87.94,87.94,87.93,87.93,2.887,2026-03-15 18:55:00
1773601200000,87.91,88.03,87.88,88.03,5.202,2026-03-15 19:00:00
1773601500000,88.04,88.04,87.94,87.95,4.68,2026-03-15 19:05:00
1773601800000,87.88,88.13,87.88,88.13,0.368,2026-03-15 19:10:00
1773602100000,88.02,88.04,88.02,88.04,2.179,2026-03-15 19:15:00
1773602400000,88.1,88.15,88.1,88.15,3.223,2026-03-15 19:20:00
1773602700000,88.18,88.29,88.18,88.29,2.149,2026-03-15 19:25:00
1773603000000,88.17,88.22,88.14,88.22,4.33,2026-03-15 19:30:00
1773603300000,88.16,88.18,88.16,88.18,3.264,2026-03-15 19:35:00
1773603600000,88.13,88.15,88.12,88.12,3.247,2026-03-15 19:40:00
1773603900000,88.13,88.13,88.13,88.13,1.089,2026-03-15 19:45:00
1773604200000,88.0,88.0,88.0,88.0,4.095,2026-03-15 19:50:00
1773604500000,88.0,88.0,88.0,88.0,0.0,2026-03-15 19:55:00
1773604800000,88.15,88.15,88.15,88.15,0.068,2026-03-15 20:00:00
1773605100000,88.25,88.25,88.15,88.15,1.186,2026-03-15 20:05:00
1773605400000,88.08,88.09,88.08,88.09,0.736,2026-03-15 20:10:00
1773605700000,88.09,88.09,88.09,88.09,0.0,2026-03-15 20:15:00
1773606000000,88.09,88.09,88.09,88.09,0.0,2026-03-15 20:20:00
1773606300000,88.09,88.09,88.09,88.09,0.0,2026-03-15 20:25:00
1773606600000,88.5,88.5,88.5,88.5,5.629,2026-03-15 20:30:00
1773606900000,88.63,88.89,88.63,88.89,2.259,2026-03-15 20:35:00
1773607200000,88.8,88.8,88.8,88.8,0.561,2026-03-15 20:40:00
1773607500000,88.88,88.88,88.76,88.77,8.705,2026-03-15 20:45:00
1773607800000,88.77,88.77,88.77,88.77,0.0,2026-03-15 20:50:00
1773608100000,88.77,88.77,88.77,88.77,0.0,2026-03-15 20:55:00
1773608400000,88.76,88.85,88.76,88.8,0.671,2026-03-15 21:00:00
1773608700000,88.8,88.8,88.8,88.8,0.0,2026-03-15 21:05:00
1773609000000,88.68,88.68,88.66,88.66,0.282,2026-03-15 21:10:00
1773609300000,88.66,88.66,88.66,88.66,0.0,2026-03-15 21:15:00
1773609600000,88.84,88.87,88.84,88.87,50.416,2026-03-15 21:20:00
1773609900000,88.87,88.87,88.87,88.87,0.0,2026-03-15 21:25:00
1773610200000,89.0,89.64,89.0,89.64,11.501,2026-03-15 21:30:00
1773610500000,89.62,90.07,89.56,89.85,108.263,2026-03-15 21:35:00
1773610800000,89.76,89.76,89.68,89.68,0.323,2026-03-15 21:40:00
1773611100000,90.11,90.18,90.11,90.18,27.794,2026-03-15 21:45:00
1773611400000,89.88,89.88,89.87,89.87,0.204,2026-03-15 21:50:00
1773611700000,89.91,89.92,89.91,89.92,4.457,2026-03-15 21:55:00
1773612000000,90.0,90.89,89.89,90.89,22.439,2026-03-15 22:00:00
1773612300000,90.91,91.0,90.35,90.35,158.203,2026-03-15 22:05:00
1773612600000,90.37,90.37,90.03,90.13,1.366,2026-03-15 22:10:00
1773612900000,89.99,90.37,89.99,90.37,0.114,2026-03-15 22:15:00
1773613200000,90.37,90.37,90.37,90.37,0.0,2026-03-15 22:20:00
1773613500000,90.37,90.37,90.37,90.37,0.0,2026-03-15 22:25:00
1773613800000,91.02,91.37,90.8,91.12,14.801,2026-03-15 22:30:00
1773614100000,91.08,91.48,91.01,91.48,1.488,2026-03-15 22:35:00
1773614400000,91.64,92.5,91.6,92.01,237.389,2026-03-15 22:40:00
1773614700000,92.06,92.06,92.04,92.04,40.86,2026-03-15 22:45:00
1773615000000,92.26,92.88,92.26,92.58,25.764,2026-03-15 22:50:00
1773615300000,92.47,92.54,92.42,92.42,5.725,2026-03-15 22:55:00
1773615600000,92.88,92.9,92.72,92.72,18.299,2026-03-15 23:00:00
1773615900000,92.88,93.25,92.71,92.86,276.731,2026-03-15 23:05:00
1773616200000,92.93,92.93,92.51,92.6,51.024,2026-03-15 23:10:00
1773616500000,92.85,92.98,92.42,92.5,1.629,2026-03-15 23:15:00
1773616800000,92.54,92.54,92.19,92.23,0.577,2026-03-15 23:20:00
1773617100000,92.25,92.26,91.84,91.84,0.908,2026-03-15 23:25:00
1773617400000,91.96,91.96,91.76,91.76,0.427,2026-03-15 23:30:00
1773617700000,91.87,91.87,91.74,91.74,1.069,2026-03-15 23:35:00
1773618000000,91.74,91.74,91.74,91.74,0.0,2026-03-15 23:40:00
1773618300000,92.26,92.26,92.12,92.12,15.313,2026-03-15 23:45:00
1773618600000,92.25,92.25,92.03,92.14,0.824,2026-03-15 23:50:00
1773618900000,92.29,92.29,92.29,92.29,19.065,2026-03-15 23:55:00
1773619200000,92.61,92.74,92.55,92.73,4.614,2026-03-16 00:00:00
1773619500000,92.84,92.86,92.83,92.86,4.506,2026-03-16 00:05:00
1773619800000,92.68,92.68,92.52,92.52,39.196,2026-03-16 00:10:00
1773620100000,92.43,92.43,92.43,92.43,1.619,2026-03-16 00:15:00
1773620400000,92.43,92.43,92.43,92.43,0.0,2026-03-16 00:20:00
1773620700000,92.43,92.43,92.43,92.43,0.0,2026-03-16 00:25:00
1773621000000,92.13,92.13,92.04,92.09,1.47,2026-03-16 00:30:00
1773621300000,92.31,92.31,92.17,92.17,2.949,2026-03-16 00:35:00
1773621600000,92.03,92.1,92.03,92.1,1.525,2026-03-16 00:40:00
1773621900000,92.1,92.17,92.1,92.17,50.809,2026-03-16 00:45:00
1773622200000,92.12,92.12,92.12,92.12,0.053,2026-03-16 00:50:00
1773622500000,92.12,92.12,92.12,92.12,0.0,2026-03-16 00:55:00
1773622800000,92.06,92.06,91.69,91.69,0.458,2026-03-16 01:00:00
1773623100000,91.81,91.81,91.77,91.77,6.008,2026-03-16 01:05:00
1773623400000,91.71,91.71,91.71,91.71,0.098,2026-03-16 01:10:00
1773623700000,91.59,91.59,91.51,91.51,2.145,2026-03-16 01:15:00
1773624000000,91.88,91.88,91.88,91.88,0.263,2026-03-16 01:20:00
1773624300000,91.88,91.88,91.88,91.88,0.0,2026-03-16 01:25:00
1773624600000,91.61,91.61,91.56,91.56,10.021,2026-03-16 01:30:00
1773624900000,91.56,91.56,91.56,91.56,0.0,2026-03-16 01:35:00
1773625200000,91.69,91.69,91.63,91.63,74.732,2026-03-16 01:40:00
1773625500000,91.81,91.81,91.81,91.81,21.735,2026-03-16 01:45:00
1773625800000,91.89,91.9,91.89,91.9,3.254,2026-03-16 01:50:00
1773626100000,91.9,91.9,91.9,91.9,0.0,2026-03-16 01:55:00
1773626400000,91.9,91.9,91.9,91.9,0.0,2026-03-16 02:00:00
1773626700000,92.2,92.2,92.2,92.2,0.121,2026-03-16 02:05:00
1773627000000,92.05,92.15,92.03,92.03,157.48,2026-03-16 02:10:00
1773627300000,91.85,91.85,91.85,91.85,19.229,2026-03-16 02:15:00
1773627600000,91.85,91.85,91.85,91.85,0.0,2026-03-16 02:20:00
1773627900000,91.5,91.5,91.28,91.28,1.855,2026-03-16 02:25:00
1773628200000,91.23,91.23,91.23,91.23,2.246,2026-03-16 02:30:00
1773628500000,91.31,91.42,91.31,91.42,1.793,2026-03-16 02:35:00
1773628800000,91.42,91.42,91.42,91.42,0.0,2026-03-16 02:40:00
1773629100000,91.43,91.54,91.43,91.54,5.188,2026-03-16 02:45:00
1773629400000,91.53,91.53,91.53,91.53,0.044,2026-03-16 02:50:00
1773629700000,91.53,91.53,91.53,91.53,0.0,2026-03-16 02:55:00
1773630000000,91.41,91.42,91.41,91.42,2.726,2026-03-16 03:00:00
1773630300000,91.42,91.44,91.42,91.44,2.508,2026-03-16 03:05:00
1773630600000,91.54,91.54,91.51,91.51,1.882,2026-03-16 03:10:00
1773630900000,91.52,91.65,91.46,91.65,36.118,2026-03-16 03:15:00
1773631200000,91.88,91.93,91.88,91.93,2.761,2026-03-16 03:20:00
1773631500000,92.26,92.26,91.93,91.93,1.761,2026-03-16 03:25:00
1773631800000,92.35,93.68,92.35,93.63,44.909,2026-03-16 03:30:00
1773632100000,93.8,93.8,93.62,93.66,27.858,2026-03-16 03:35:00
1773632400000,93.67,93.82,93.11,93.24,124.474,2026-03-16 03:40:00
1773632700000,93.27,93.5,93.05,93.05,57.808,2026-03-16 03:45:00
1773633000000,93.06,93.33,93.06,93.33,466.21,2026-03-16 03:50:00
1773633300000,93.24,93.34,93.23,93.23,44.597,2026-03-16 03:55:00
1773633600000,93.21,93.44,93.12,93.44,124.914,2026-03-16 04:00:00
1773633900000,93.42,93.56,93.42,93.47,96.282,2026-03-16 04:05:00
1773634200000,93.39,93.39,93.26,93.26,0.168,2026-03-16 04:10:00
1773634500000,93.26,93.26,93.26,93.26,0.0,2026-03-16 04:15:00
1773634800000,93.38,93.38,93.26,93.26,17.269,2026-03-16 04:20:00
1773635100000,93.21,93.21,92.96,93.1,3.687,2026-03-16 04:25:00
1773635400000,93.07,93.18,93.07,93.18,43.855,2026-03-16 04:30:00
1773635700000,93.14,93.14,93.14,93.14,0.536,2026-03-16 04:35:00
1773636000000,93.08,93.09,93.08,93.09,7.299,2026-03-16 04:40:00
1773636300000,93.15,93.15,93.15,93.15,5.618,2026-03-16 04:45:00
1773636600000,93.7,93.9,93.7,93.9,5.74,2026-03-16 04:50:00
1773636900000,93.9,94.14,93.61,93.61,155.693,2026-03-16 04:55:00
1773637200000,93.55,93.55,93.27,93.27,33.665,2026-03-16 05:00:00
1773637500000,93.36,93.43,93.36,93.43,0.085,2026-03-16 05:05:00
1773637800000,93.65,93.84,93.65,93.84,21.714,2026-03-16 05:10:00
1773638100000,93.72,93.72,93.72,93.72,1.065,2026-03-16 05:15:00
1773638400000,94.09,94.09,94.09,94.09,11.121,2026-03-16 05:20:00
1773638700000,94.03,94.06,93.96,93.96,102.424,2026-03-16 05:25:00
1773639000000,93.96,93.96,93.96,93.96,0.0,2026-03-16 05:30:00
1773639300000,94.06,94.06,94.06,94.06,1.0,2026-03-16 05:35:00
1773639600000,94.14,94.14,94.14,94.14,0.029,2026-03-16 05:40:00
1773639900000,94.14,94.14,94.14,94.14,0.0,2026-03-16 05:45:00
1773640200000,93.91,93.91,93.91,93.91,0.374,2026-03-16 05:50:00
1773640500000,94.15,94.25,94.0,94.0,18.229,2026-03-16 05:55:00
1773640800000,94.01,94.01,93.81,93.81,0.711,2026-03-16 06:00:00
1773641100000,93.58,93.63,93.44,93.48,39.015,2026-03-16 06:05:00
1773641400000,93.37,93.37,93.21,93.27,0.806,2026-03-16 06:10:00
1773641700000,93.48,93.54,93.48,93.54,25.905,2026-03-16 06:15:00
1773642000000,93.55,93.55,93.46,93.46,71.496,2026-03-16 06:20:00
1773642300000,93.46,93.46,93.46,93.46,1.069,2026-03-16 06:25:00
1773642600000,93.45,93.45,93.45,93.45,23.174,2026-03-16 06:30:00
1773642900000,93.54,93.57,93.54,93.57,5.891,2026-03-16 06:35:00
1773643200000,93.57,93.57,93.57,93.57,0.0,2026-03-16 06:40:00
1773643500000,93.57,93.57,93.57,93.57,0.0,2026-03-16 06:45:00
1773643800000,93.56,93.56,93.56,93.56,0.136,2026-03-16 06:50:00
1773644100000,93.56,93.56,93.56,93.56,0.0,2026-03-16 06:55:00
1773644400000,93.57,93.57,93.57,93.57,75.0,2026-03-16 07:00:00
1773644700000,93.67,93.67,93.67,93.67,0.029,2026-03-16 07:05:00
1773645000000,93.79,93.79,93.75,93.75,1.565,2026-03-16 07:10:00
1773645300000,93.75,93.75,93.75,93.75,0.0,2026-03-16 07:15:00
1773645600000,93.63,93.63,93.63,93.63,5.585,2026-03-16 07:20:00
1773645900000,93.63,93.63,93.63,93.63,0.0,2026-03-16 07:25:00
1773646200000,93.67,93.67,93.67,93.67,0.09,2026-03-16 07:30:00
1773646500000,93.79,93.79,93.37,93.37,0.884,2026-03-16 07:35:00
1773646800000,93.37,93.37,93.37,93.37,0.0,2026-03-16 07:40:00
1773647100000,93.37,93.37,93.37,93.37,0.0,2026-03-16 07:45:00
1773647400000,93.49,93.49,93.49,93.49,0.1,2026-03-16 07:50:00
1773647700000,93.49,93.49,93.49,93.49,0.0,2026-03-16 07:55:00
1773648000000,93.65,93.88,93.65,93.88,0.583,2026-03-16 08:00:00
1773648300000,93.98,93.98,93.98,93.98,0.066,2026-03-16 08:05:00
1773648600000,93.62,93.62,93.62,93.62,3.057,2026-03-16 08:10:00
1773648900000,93.34,93.51,93.28,93.44,27.823,2026-03-16 08:15:00
1773649200000,93.41,93.67,93.41,93.67,0.489,2026-03-16 08:20:00
1773649500000,93.67,93.67,93.67,93.67,0.0,2026-03-16 08:25:00
1773649800000,93.19,93.19,92.91,92.91,2.2,2026-03-16 08:30:00
1773650100000,93.05,93.16,92.87,92.87,42.367,2026-03-16 08:35:00
1773650400000,92.87,92.87,92.87,92.87,0.0,2026-03-16 08:40:00
1773650700000,92.92,92.92,92.92,92.92,0.281,2026-03-16 08:45:00
1773651000000,92.94,92.94,92.94,92.94,0.107,2026-03-16 08:50:00
1773651300000,92.86,92.86,92.86,92.86,1.075,2026-03-16 08:55:00
1773651600000,92.86,92.86,92.86,92.86,0.0,2026-03-16 09:00:00
1773651900000,92.86,92.86,92.86,92.86,0.0,2026-03-16 09:05:00
1773652200000,92.86,92.86,92.86,92.86,0.0,2026-03-16 09:10:00
1773652500000,92.86,92.86,92.86,92.86,0.0,2026-03-16 09:15:00
1773652800000,92.86,92.86,92.86,92.86,0.0,2026-03-16 09:20:00
1773653100000,92.86,92.86,92.86,92.86,0.0,2026-03-16 09:25:00
1773653400000,92.86,92.86,92.86,92.86,0.0,2026-03-16 09:30:00
1773653700000,93.06,93.06,93.06,93.06,14.651,2026-03-16 09:35:00
1773654000000,93.17,93.17,93.14,93.14,0.319,2026-03-16 09:40:00
1773654300000,93.26,93.27,93.26,93.27,0.936,2026-03-16 09:45:00
1773654600000,93.42,93.42,93.42,93.42,0.311,2026-03-16 09:50:00
1773654900000,93.36,93.36,93.32,93.35,1.339,2026-03-16 09:55:00
1773655200000,93.33,93.41,93.33,93.41,2.313,2026-03-16 10:00:00
1773655500000,93.42,93.42,93.38,93.38,1.84,2026-03-16 10:05:00
1773655800000,93.42,93.42,93.39,93.39,1.54,2026-03-16 10:10:00
1773656100000,93.55,93.55,93.48,93.52,3.378,2026-03-16 10:15:00
1773656400000,93.54,93.54,93.54,93.54,0.769,2026-03-16 10:20:00
1773656700000,93.54,93.54,93.54,93.54,0.0,2026-03-16 10:25:00
1773657000000,93.54,93.54,93.54,93.54,0.0,2026-03-16 10:30:00
1773657300000,93.38,93.38,93.38,93.38,0.871,2026-03-16 10:35:00
1773657600000,93.38,93.38,93.38,93.38,0.0,2026-03-16 10:40:00
1773657900000,93.38,93.38,93.38,93.38,0.0,2026-03-16 10:45:00
1773658200000,93.38,93.38,93.38,93.38,0.0,2026-03-16 10:50:00
1773658500000,93.93,93.93,93.93,93.93,2.0,2026-03-16 10:55:00
1773658800000,93.93,93.93,93.93,93.93,0.0,2026-03-16 11:00:00
1773659100000,93.93,93.93,93.93,93.93,0.0,2026-03-16 11:05:00
1773659400000,93.89,93.92,93.89,93.92,53.2,2026-03-16 11:10:00
1773659700000,93.8,93.85,93.8,93.85,39.65,2026-03-16 11:15:00
1773660000000,93.85,93.85,93.85,93.85,0.0,2026-03-16 11:20:00
1773660300000,93.85,93.85,93.85,93.85,0.0,2026-03-16 11:25:00
1773660600000,93.85,93.85,93.85,93.85,0.0,2026-03-16 11:30:00
1773660900000,93.72,93.76,93.72,93.76,2.032,2026-03-16 11:35:00
1773661200000,93.79,93.79,93.79,93.79,0.032,2026-03-16 11:40:00
1773661500000,93.92,93.92,93.92,93.92,2.773,2026-03-16 11:45:00
1773661800000,93.92,93.92,93.92,93.92,0.0,2026-03-16 11:50:00
1773662100000,93.92,93.92,93.92,93.92,0.0,2026-03-16 11:55:00
1773662400000,93.79,94.07,93.79,94.07,124.422,2026-03-16 12:00:00
1773662700000,93.9,93.9,93.67,93.72,54.118,2026-03-16 12:05:00
1773663000000,93.66,93.66,93.43,93.44,456.4,2026-03-16 12:10:00
1773663300000,93.62,93.88,93.61,93.88,39.802,2026-03-16 12:15:00
1773663600000,93.89,94.01,93.85,94.01,97.21,2026-03-16 12:20:00
1773663900000,93.94,94.08,93.85,93.89,176.03,2026-03-16 12:25:00
1773664200000,94.02,94.02,94.02,94.02,0.053,2026-03-16 12:30:00
1773664500000,93.91,93.95,93.8,93.95,234.482,2026-03-16 12:35:00
1773664800000,93.91,93.91,93.91,93.91,0.218,2026-03-16 12:40:00
1773665100000,93.84,93.84,93.84,93.84,0.052,2026-03-16 12:45:00
1773665400000,93.83,93.83,93.73,93.75,2.557,2026-03-16 12:50:00
1773665700000,93.78,93.78,93.78,93.78,1.6,2026-03-16 12:55:00
1773666000000,93.82,93.82,93.82,93.82,0.957,2026-03-16 13:00:00
1773666300000,93.98,93.98,93.62,93.62,99.229,2026-03-16 13:05:00
1773666600000,93.62,93.62,93.62,93.62,0.0,2026-03-16 13:10:00
1773666900000,93.9,93.9,93.9,93.9,0.234,2026-03-16 13:15:00
1773667200000,93.92,93.98,93.92,93.98,0.172,2026-03-16 13:20:00
1773667500000,93.98,93.98,93.98,93.98,0.0,2026-03-16 13:25:00
1773667800000,94.01,95.02,93.98,95.02,200.644,2026-03-16 13:30:00
1773668100000,94.91,94.91,94.7,94.85,1.519,2026-03-16 13:35:00
1773668400000,94.89,95.0,93.73,93.76,2.78,2026-03-16 13:40:00
1773668700000,93.94,94.55,93.94,93.99,6.828,2026-03-16 13:45:00
1773669000000,93.8,93.8,93.63,93.63,125.251,2026-03-16 13:50:00
1773669300000,93.55,93.65,93.48,93.65,1.247,2026-03-16 13:55:00
1773669600000,93.6,94.14,93.6,93.99,1.725,2026-03-16 14:00:00
1773669900000,93.92,94.43,93.92,94.43,155.743,2026-03-16 14:05:00
1773670200000,94.39,94.53,94.39,94.41,3.195,2026-03-16 14:10:00
1773670500000,94.41,94.43,94.33,94.43,18.518,2026-03-16 14:15:00
1773670800000,94.38,94.38,93.99,93.99,0.258,2026-03-16 14:20:00
1773671100000,93.96,93.96,93.02,93.38,205.91,2026-03-16 14:25:00
1773671400000,92.96,92.99,92.63,92.85,62.496,2026-03-16 14:30:00
1773671700000,92.91,92.94,92.63,92.63,0.884,2026-03-16 14:35:00
1773672000000,92.61,92.61,92.51,92.55,1.616,2026-03-16 14:40:00
1773672300000,92.77,92.88,92.77,92.88,3.058,2026-03-16 14:45:00
1773672600000,92.69,92.69,92.69,92.69,2.861,2026-03-16 14:50:00
1773672900000,93.48,93.58,93.37,93.37,4.608,2026-03-16 14:55:00
1773673200000,93.7,93.7,93.5,93.5,2.411,2026-03-16 15:00:00
1773673500000,93.53,93.53,93.53,93.53,0.086,2026-03-16 15:05:00
1773673800000,93.53,93.53,93.53,93.53,0.0,2026-03-16 15:10:00
1773674100000,93.61,93.72,93.61,93.72,0.214,2026-03-16 15:15:00
1773674400000,94.01,94.09,93.99,94.07,67.862,2026-03-16 15:20:00
1773674700000,94.07,94.07,94.07,94.07,0.0,2026-03-16 15:25:00
1773675000000,94.08,94.29,94.08,94.29,95.98,2026-03-16 15:30:00
1773675300000,93.87,93.87,93.66,93.78,94.059,2026-03-16 15:35:00
1773675600000,93.67,93.67,93.67,93.67,0.086,2026-03-16 15:40:00
1773675900000,93.67,93.67,93.67,93.67,0.0,2026-03-16 15:45:00
1773676200000,93.49,93.49,93.38,93.4,0.631,2026-03-16 15:50:00
1773676500000,93.28,93.28,93.17,93.17,3.003,2026-03-16 15:55:00
1773676800000,93.24,93.34,93.21,93.34,3.693,2026-03-16 16:00:00
1773677100000,93.44,93.53,93.44,93.53,1.088,2026-03-16 16:05:00
1773677400000,93.36,93.36,93.36,93.36,1.069,2026-03-16 16:10:00
1773677700000,93.3,93.3,93.3,93.3,3.827,2026-03-16 16:15:00
1773678000000,93.27,93.38,93.27,93.31,1.046,2026-03-16 16:20:00
1773678300000,93.23,93.32,93.23,93.32,26.512,2026-03-16 16:25:00
1773678600000,93.32,93.32,93.32,93.32,0.0,2026-03-16 16:30:00
1773678900000,93.41,93.41,93.41,93.41,0.085,2026-03-16 16:35:00
1773679200000,93.75,93.81,93.75,93.81,1.148,2026-03-16 16:40:00
1773679500000,93.81,93.81,93.81,93.81,0.0,2026-03-16 16:45:00
1773679800000,93.68,93.98,93.68,93.98,41.287,2026-03-16 16:50:00
1773680100000,93.98,93.98,93.98,93.98,0.0,2026-03-16 16:55:00
1773680400000,93.99,94.02,93.99,94.02,31.982,2026-03-16 17:00:00
1773680700000,94.02,94.02,93.89,93.89,0.138,2026-03-16 17:05:00
1773681000000,93.89,93.89,93.89,93.89,0.0,2026-03-16 17:10:00
1773681300000,93.89,93.89,93.89,93.89,0.0,2026-03-16 17:15:00
1773681600000,94.0,94.07,94.0,94.07,1.106,2026-03-16 17:20:00
1773681900000,93.72,93.72,93.72,93.72,0.393,2026-03-16 17:25:00
1773682200000,93.8,94.02,93.8,93.92,2.837,2026-03-16 17:30:00
1773682500000,93.89,94.14,93.89,94.14,0.73,2026-03-16 17:35:00
1773682800000,94.16,94.19,94.16,94.17,93.5,2026-03-16 17:40:00
1773683100000,94.17,94.17,94.17,94.17,0.0,2026-03-16 17:45:00
1773683400000,94.08,94.14,93.92,93.96,39.505,2026-03-16 17:50:00
1773683700000,94.1,94.11,94.1,94.11,0.106,2026-03-16 17:55:00
1773684000000,94.11,94.15,94.1,94.15,6.603,2026-03-16 18:00:00
1773684300000,94.29,94.83,94.29,94.76,61.781,2026-03-16 18:05:00
1773684600000,94.76,94.76,94.76,94.76,0.422,2026-03-16 18:10:00
1773684900000,94.92,94.92,94.92,94.92,0.421,2026-03-16 18:15:00
1773685200000,94.7,94.9,94.7,94.9,7.84,2026-03-16 18:20:00
1773685500000,94.85,95.02,94.85,95.02,132.004,2026-03-16 18:25:00
1773685800000,94.75,95.0,94.67,95.0,113.022,2026-03-16 18:30:00
1773686100000,95.01,95.01,94.87,94.87,14.192,2026-03-16 18:35:00
1773686400000,94.64,94.69,94.64,94.69,3.172,2026-03-16 18:40:00
1773686700000,94.69,94.69,94.69,94.69,0.0,2026-03-16 18:45:00
1773687000000,94.49,94.49,94.45,94.45,0.307,2026-03-16 18:50:00
1773687300000,94.45,94.45,94.45,94.45,0.0,2026-03-16 18:55:00
1773687600000,94.45,94.45,94.45,94.45,0.0,2026-03-16 19:00:00
1773687900000,94.44,95.17,94.44,95.17,2.358,2026-03-16 19:05:00
1773688200000,95.18,95.36,94.93,94.98,5.755,2026-03-16 19:10:00
1773688500000,95.22,95.22,95.22,95.22,0.49,2026-03-16 19:15:00
1773688800000,94.99,95.12,94.91,95.12,92.664,2026-03-16 19:20:00
1773689100000,94.99,94.99,94.82,94.82,2.38,2026-03-16 19:25:00
1773689400000,94.82,94.82,94.82,94.82,0.0,2026-03-16 19:30:00
1773689700000,95.0,95.0,94.99,94.99,1.763,2026-03-16 19:35:00
1773690000000,94.99,94.99,94.99,94.99,0.0,2026-03-16 19:40:00
1773690300000,94.99,94.99,94.99,94.99,0.0,2026-03-16 19:45:00
1773690600000,94.98,95.12,94.98,95.12,13.794,2026-03-16 19:50:00
1773690900000,95.17,95.42,95.16,95.42,95.259,2026-03-16 19:55:00
1773691200000,95.15,95.2,95.04,95.2,94.094,2026-03-16 20:00:00
1773691500000,95.32,95.33,95.3,95.33,93.651,2026-03-16 20:05:00
1773691800000,95.35,95.35,95.33,95.33,64.482,2026-03-16 20:10:00
1773692100000,95.33,95.53,95.33,95.53,10.508,2026-03-16 20:15:00
1773692400000,95.49,95.49,95.46,95.46,0.948,2026-03-16 20:20:00
1773692700000,95.68,95.8,95.62,95.8,2.798,2026-03-16 20:25:00
1773693000000,95.79,95.9,95.79,95.89,3.45,2026-03-16 20:30:00
1773693300000,95.81,95.81,95.77,95.77,1.293,2026-03-16 20:35:00
1773693600000,95.6,95.6,95.52,95.52,93.602,2026-03-16 20:40:00
1773693900000,95.64,95.64,95.64,95.64,0.05,2026-03-16 20:45:00
1773694200000,95.55,95.8,95.55,95.8,145.566,2026-03-16 20:50:00
1773694500000,95.9,95.9,95.89,95.89,1.253,2026-03-16 20:55:00
1773694800000,95.75,95.9,95.75,95.9,7.556,2026-03-16 21:00:00
1773695100000,95.5,95.78,95.4,95.78,101.671,2026-03-16 21:05:00
1773695400000,95.81,96.04,95.81,95.86,17.143,2026-03-16 21:10:00
1773695700000,95.92,95.92,95.92,95.92,0.404,2026-03-16 21:15:00
1773696000000,95.89,96.1,95.89,95.98,28.532,2026-03-16 21:20:00
1773696300000,95.78,95.78,95.78,95.78,52.121,2026-03-16 21:25:00
1773696600000,95.77,95.77,95.77,95.77,0.26,2026-03-16 21:30:00
1773696900000,96.15,96.73,96.15,96.43,41.911,2026-03-16 21:35:00
1773697200000,96.35,96.36,96.16,96.36,8.096,2026-03-16 21:40:00
1773697500000,96.36,96.36,96.36,96.36,0.0,2026-03-16 21:45:00
1773697800000,96.75,96.75,96.57,96.57,3.007,2026-03-16 21:50:00
1773698100000,96.41,96.43,96.35,96.35,1.605,2026-03-16 21:55:00
1773698400000,96.43,96.43,96.43,96.43,0.031,2026-03-16 22:00:00
1773698700000,96.89,97.65,96.89,97.54,45.169,2026-03-16 22:05:00
1773699000000,97.26,97.27,97.26,97.27,4.895,2026-03-16 22:10:00
1773699300000,97.26,97.26,96.97,97.09,32.05,2026-03-16 22:15:00
1773699600000,96.66,96.67,96.55,96.65,0.215,2026-03-16 22:20:00
1773699900000,96.65,96.65,96.29,96.42,0.815,2026-03-16 22:25:00
1773700200000,96.66,96.66,96.6,96.6,4.418,2026-03-16 22:30:00
1773700500000,96.75,96.75,96.64,96.69,2.831,2026-03-16 22:35:00
1773700800000,96.75,96.75,96.7,96.72,1.318,2026-03-16 22:40:00
1773701100000,96.72,96.72,96.72,96.72,0.085,2026-03-16 22:45:00
1773701400000,96.68,96.76,96.3,96.3,12.132,2026-03-16 22:50:00
1773701700000,96.22,96.3,96.22,96.27,1.322,2026-03-16 22:55:00
1773702000000,96.2,96.2,95.92,95.92,10.452,2026-03-16 23:00:00
1773702300000,95.9,95.98,95.5,95.53,5.198,2026-03-16 23:05:00
1773702600000,95.48,95.63,95.41,95.63,39.708,2026-03-16 23:10:00
1773702900000,95.66,95.66,95.66,95.66,6.389,2026-03-16 23:15:00
1773703200000,95.66,95.66,95.66,95.66,0.0,2026-03-16 23:20:00
1773703500000,95.79,95.79,95.79,95.79,0.84,2026-03-16 23:25:00
1773703800000,96.09,96.09,96.01,96.02,1.459,2026-03-16 23:30:00
1773704100000,96.1,96.1,96.1,96.1,0.208,2026-03-16 23:35:00
1773704400000,96.08,96.09,96.08,96.09,0.17,2026-03-16 23:40:00
1773704700000,96.09,96.09,96.09,96.09,0.0,2026-03-16 23:45:00
1773705000000,96.36,96.36,96.36,96.36,0.103,2026-03-16 23:50:00
1773705300000,96.36,96.36,96.36,96.36,0.0,2026-03-16 23:55:00
1773705600000,95.82,95.87,95.82,95.87,0.45,2026-03-17 00:00:00
1773705900000,96.06,96.12,96.06,96.12,6.445,2026-03-17 00:05:00
1773706200000,96.3,96.79,96.3,96.79,0.646,2026-03-17 00:10:00
1773706500000,96.35,96.35,96.02,96.05,552.2,2026-03-17 00:15:00
1773706800000,96.05,96.05,95.8,95.8,215.692,2026-03-17 00:20:00
1773707100000,95.8,95.8,95.8,95.8,0.0,2026-03-17 00:25:00
1773707400000,95.93,95.93,95.87,95.87,1.134,2026-03-17 00:30:00
1773707700000,95.92,95.92,95.79,95.79,0.601,2026-03-17 00:35:00
1773708000000,95.56,95.56,95.42,95.49,1.436,2026-03-17 00:40:00
1773708300000,95.53,95.53,95.53,95.53,0.027,2026-03-17 00:45:00
1773708600000,95.49,95.49,95.18,95.27,4.875,2026-03-17 00:50:00
1773708900000,95.17,95.23,95.17,95.23,26.5,2026-03-17 00:55:00
1773709200000,95.49,95.49,95.08,95.08,0.457,2026-03-17 01:00:00
1773709500000,95.38,95.48,95.38,95.48,0.892,2026-03-17 01:05:00
1773709800000,95.68,95.92,95.68,95.92,0.081,2026-03-17 01:10:00
1773710100000,95.68,95.75,95.68,95.69,0.521,2026-03-17 01:15:00
1773710400000,95.63,95.63,95.38,95.39,5.4,2026-03-17 01:20:00
1773710700000,95.56,95.75,95.56,95.75,11.15,2026-03-17 01:25:00
1773711000000,95.62,95.72,95.62,95.72,2.013,2026-03-17 01:30:00
1773711300000,95.72,95.72,95.72,95.72,1.044,2026-03-17 01:35:00
1773711600000,95.58,95.58,95.58,95.58,9.609,2026-03-17 01:40:00
1773711900000,95.58,95.58,95.58,95.58,0.0,2026-03-17 01:45:00
1773712200000,95.58,95.58,95.58,95.58,0.0,2026-03-17 01:50:00
1773712500000,95.58,95.58,95.58,95.58,0.0,2026-03-17 01:55:00
1773712800000,95.77,95.77,95.75,95.77,11.627,2026-03-17 02:00:00
1773713100000,95.09,95.15,95.08,95.15,0.242,2026-03-17 02:05:00
1773713400000,95.13,95.17,95.09,95.09,107.745,2026-03-17 02:10:00
1773713700000,95.25,95.25,95.21,95.21,1.834,2026-03-17 02:15:00
1773714000000,95.17,95.17,95.1,95.16,8.329,2026-03-17 02:20:00
1773714300000,95.04,95.04,95.04,95.04,0.029,2026-03-17 02:25:00
1773714600000,95.04,95.04,95.0,95.0,36.456,2026-03-17 02:30:00
1773714900000,95.31,95.36,95.31,95.36,9.136,2026-03-17 02:35:00
1773715200000,95.36,95.36,95.36,95.36,0.0,2026-03-17 02:40:00
1773715500000,95.53,95.53,95.35,95.35,0.457,2026-03-17 02:45:00
1773715800000,95.45,95.45,95.45,95.45,2.02,2026-03-17 02:50:00
1773716100000,95.15,95.23,95.15,95.23,0.153,2026-03-17 02:55:00
1773716400000,95.2,95.25,95.13,95.25,6.666,2026-03-17 03:00:00
1773716700000,95.01,95.01,95.01,95.01,0.052,2026-03-17 03:05:00
1773717000000,95.0,95.0,94.79,94.79,19.321,2026-03-17 03:10:00
1773717300000,94.79,94.79,94.79,94.79,0.0,2026-03-17 03:15:00
1773717600000,94.79,94.79,94.79,94.79,0.684,2026-03-17 03:20:00
1773717900000,94.79,94.79,94.79,94.79,0.0,2026-03-17 03:25:00
1773718200000,94.55,94.55,94.15,94.15,48.511,2026-03-17 03:30:00
1773718500000,94.15,94.15,94.15,94.15,0.0,2026-03-17 03:35:00
1773718800000,94.15,94.15,94.0,94.0,129.909,2026-03-17 03:40:00
1773719100000,93.98,93.98,93.85,93.85,0.753,2026-03-17 03:45:00
1773719400000,93.8,94.1,93.8,93.93,32.397,2026-03-17 03:50:00
1773719700000,93.93,93.93,93.93,93.93,0.0,2026-03-17 03:55:00
1773720000000,93.93,93.93,93.93,93.93,0.0,2026-03-17 04:00:00
1773720300000,93.93,93.93,93.93,93.93,0.0,2026-03-17 04:05:00
1773720600000,94.13,94.13,94.13,94.13,0.617,2026-03-17 04:10:00
1773720900000,94.13,94.13,93.87,93.87,5.805,2026-03-17 04:15:00
1773721200000,93.68,93.73,93.64,93.73,1.068,2026-03-17 04:20:00
1773721500000,93.73,93.73,93.73,93.73,7.655,2026-03-17 04:25:00
1773721800000,93.55,93.55,93.55,93.55,0.072,2026-03-17 04:30:00
1773722100000,93.36,93.36,93.35,93.35,1.246,2026-03-17 04:35:00
1773722400000,93.4,93.61,93.4,93.56,0.266,2026-03-17 04:40:00
1773722700000,93.56,93.56,93.56,93.56,0.0,2026-03-17 04:45:00
1773723000000,93.77,93.8,93.74,93.8,30.403,2026-03-17 04:50:00
1773723300000,93.82,93.82,93.81,93.81,54.42,2026-03-17 04:55:00
1773723600000,93.77,93.77,93.59,93.6,0.361,2026-03-17 05:00:00
1773723900000,93.88,93.9,93.87,93.87,0.18,2026-03-17 05:05:00
1773724200000,93.96,93.97,93.87,93.87,17.313,2026-03-17 05:10:00
1773724500000,93.89,94.03,93.89,93.97,15.093,2026-03-17 05:15:00
1773724800000,93.84,93.89,93.84,93.89,73.003,2026-03-17 05:20:00
1773725100000,93.92,94.05,93.92,93.99,68.112,2026-03-17 05:25:00
1773725400000,94.0,94.08,93.93,93.93,154.858,2026-03-17 05:30:00
1773725700000,93.89,93.94,93.75,93.77,23.633,2026-03-17 05:35:00
1773726000000,93.78,93.78,93.5,93.52,17.61,2026-03-17 05:40:00
1773726300000,93.51,93.57,93.41,93.51,22.451,2026-03-17 05:45:00
1773726600000,93.6,93.66,93.6,93.66,2.913,2026-03-17 05:50:00
1773726900000,93.91,93.91,93.77,93.81,3.353,2026-03-17 05:55:00
1773727200000,93.8,93.88,93.53,93.64,53.638,2026-03-17 06:00:00
1773727500000,93.61,93.64,93.45,93.64,20.049,2026-03-17 06:05:00
1773727800000,93.71,94.11,93.69,94.08,66.793,2026-03-17 06:10:00
1773728100000,94.06,94.07,94.0,94.0,86.386,2026-03-17 06:15:00
1773728400000,93.99,94.28,93.99,94.22,34.315,2026-03-17 06:20:00
1773728700000,94.19,94.23,94.19,94.23,0.251,2026-03-17 06:25:00
1773729000000,94.09,94.22,94.05,94.07,1.22,2026-03-17 06:30:00
1773729300000,94.08,94.12,94.08,94.12,0.17,2026-03-17 06:35:00
1773729600000,94.12,94.12,94.12,94.12,0.0,2026-03-17 06:40:00
1773729900000,93.94,93.96,93.92,93.92,1.59,2026-03-17 06:45:00
1773730200000,94.02,94.02,94.02,94.02,0.083,2026-03-17 06:50:00
1773730500000,93.9,93.92,93.88,93.89,55.728,2026-03-17 06:55:00
1773730800000,93.9,94.09,93.84,94.07,168.392,2026-03-17 07:00:00
1773731100000,94.08,94.15,94.04,94.06,145.411,2026-03-17 07:05:00
1773731400000,94.06,94.3,94.06,94.27,116.266,2026-03-17 07:10:00
1773731700000,94.27,94.61,94.27,94.61,137.604,2026-03-17 07:15:00
1773732000000,94.62,94.67,94.48,94.58,60.452,2026-03-17 07:20:00
1773732300000,94.49,94.53,94.49,94.53,14.532,2026-03-17 07:25:00
1773732600000,94.52,94.54,94.45,94.51,101.384,2026-03-17 07:30:00
1773732900000,94.51,94.61,94.42,94.61,107.03,2026-03-17 07:35:00
1773733200000,94.55,94.62,94.44,94.53,76.922,2026-03-17 07:40:00
1773733500000,94.5,94.6,94.45,94.6,22.359,2026-03-17 07:45:00
1773733800000,94.4,94.44,94.38,94.39,3.313,2026-03-17 07:50:00
1773734100000,94.39,94.45,94.35,94.45,37.053,2026-03-17 07:55:00
1773734400000,94.45,94.78,94.4,94.72,163.432,2026-03-17 08:00:00
1773734700000,94.72,94.73,94.58,94.58,20.728,2026-03-17 08:05:00
1773735000000,94.59,94.59,94.51,94.51,3.002,2026-03-17 08:10:00
1773735300000,94.37,94.61,94.37,94.61,17.127,2026-03-17 08:15:00
1773735600000,94.69,94.69,94.5,94.5,11.424,2026-03-17 08:20:00
1773735900000,94.64,94.64,94.61,94.61,2.929,2026-03-17 08:25:00
1773736200000,94.65,94.67,94.65,94.67,3.101,2026-03-17 08:30:00
1773736500000,94.63,94.63,94.63,94.63,2.357,2026-03-17 08:35:00
1773736800000,94.79,94.83,94.77,94.81,9.245,2026-03-17 08:40:00
1773737100000,94.82,94.84,94.82,94.82,3.906,2026-03-17 08:45:00
1773737400000,94.82,94.82,94.82,94.82,0.0,2026-03-17 08:50:00
1773737700000,94.7,94.7,94.32,94.4,4.117,2026-03-17 08:55:00
1773738000000,94.45,94.45,94.33,94.33,0.17,2026-03-17 09:00:00
1773738300000,94.23,94.23,94.12,94.12,1.182,2026-03-17 09:05:00
1773738600000,94.12,94.12,94.12,94.12,0.0,2026-03-17 09:10:00
1773738900000,94.12,94.12,94.12,94.12,0.0,2026-03-17 09:15:00
1773739200000,94.53,94.61,94.53,94.61,11.297,2026-03-17 09:20:00
1773739500000,94.61,95.01,94.61,94.74,117.565,2026-03-17 09:25:00
1773739800000,94.75,94.75,94.75,94.75,7.349,2026-03-17 09:30:00
1773740100000,94.64,94.7,94.64,94.66,22.75,2026-03-17 09:35:00
1773740400000,94.66,94.66,94.66,94.66,0.0,2026-03-17 09:40:00
1773740700000,94.59,94.59,94.56,94.56,11.526,2026-03-17 09:45:00
1773741000000,94.07,94.07,94.07,94.07,0.106,2026-03-17 09:50:00
1773741300000,93.85,93.86,93.73,93.81,155.663,2026-03-17 09:55:00
1773741600000,93.96,93.96,93.83,93.83,12.343,2026-03-17 10:00:00
1773741900000,93.83,93.83,93.83,93.83,0.0,2026-03-17 10:05:00
1773742200000,93.83,93.83,93.83,93.83,0.0,2026-03-17 10:10:00
1773742500000,93.83,93.83,93.83,93.83,0.0,2026-03-17 10:15:00
1773742800000,93.83,93.83,93.83,93.83,0.0,2026-03-17 10:20:00
1773743100000,93.83,93.83,93.83,93.83,0.0,2026-03-17 10:25:00
1773743400000,93.55,93.55,93.55,93.55,0.182,2026-03-17 10:30:00
1773743700000,93.55,93.55,93.55,93.55,0.0,2026-03-17 10:35:00
1773744000000,93.55,93.55,93.55,93.55,0.0,2026-03-17 10:40:00
1773744300000,93.55,93.55,93.55,93.55,0.0,2026-03-17 10:45:00
1773744600000,93.29,93.43,93.29,93.43,6.046,2026-03-17 10:50:00
1773744900000,93.52,93.52,93.52,93.52,0.879,2026-03-17 10:55:00
1773745200000,93.56,93.56,93.49,93.49,0.166,2026-03-17 11:00:00
1773745500000,93.69,93.69,93.69,93.69,0.083,2026-03-17 11:05:00
1773745800000,93.69,93.69,93.69,93.69,0.0,2026-03-17 11:10:00
1773746100000,93.78,93.79,93.71,93.71,0.526,2026-03-17 11:15:00
1773746400000,93.77,93.77,93.59,93.74,0.33,2026-03-17 11:20:00
1773746700000,93.74,93.74,93.74,93.74,0.0,2026-03-17 11:25:00
1773747000000,93.77,93.77,93.69,93.69,1.286,2026-03-17 11:30:00
1773747300000,93.81,93.81,93.78,93.78,0.134,2026-03-17 11:35:00
1773747600000,93.78,93.8,93.72,93.75,0.479,2026-03-17 11:40:00
1773747900000,93.75,93.75,93.75,93.75,0.0,2026-03-17 11:45:00
1773748200000,93.88,93.88,93.88,93.88,0.083,2026-03-17 11:50:00
1773748500000,93.67,93.67,93.67,93.67,1.065,2026-03-17 11:55:00
1773748800000,93.72,93.72,93.72,93.72,0.265,2026-03-17 12:00:00
1773749100000,93.81,93.81,93.81,93.81,1.062,2026-03-17 12:05:00
1773749400000,94.03,94.04,93.99,93.99,2.124,2026-03-17 12:10:00
1773749700000,93.99,93.99,93.99,93.99,0.0,2026-03-17 12:15:00
1773750000000,94.05,94.05,93.81,93.81,0.849,2026-03-17 12:20:00
1773750300000,93.6,93.6,93.6,93.6,51.814,2026-03-17 12:25:00
1773750600000,93.6,93.6,93.6,93.6,0.0,2026-03-17 12:30:00
1773750900000,93.6,93.6,93.6,93.6,0.0,2026-03-17 12:35:00
1773751200000,93.6,93.6,93.6,93.6,0.0,2026-03-17 12:40:00
1773751500000,93.39,93.39,93.39,93.39,0.32,2026-03-17 12:45:00
1773751800000,93.39,93.39,93.39,93.39,0.0,2026-03-17 12:50:00
1773752100000,93.39,93.39,93.39,93.39,0.0,2026-03-17 12:55:00
1773752400000,93.39,93.5,93.39,93.5,1.159,2026-03-17 13:00:00
1773752700000,93.56,93.59,93.56,93.59,0.371,2026-03-17 13:05:00
1773753000000,93.68,93.69,93.68,93.69,3.427,2026-03-17 13:10:00
1773753300000,93.69,93.69,93.69,93.69,0.0,2026-03-17 13:15:00
1773753600000,93.69,93.69,93.69,93.69,0.0,2026-03-17 13:20:00
1773753900000,93.61,93.61,93.61,93.61,2.87,2026-03-17 13:25:00
1773754200000,94.44,94.44,94.44,94.44,6.224,2026-03-17 13:30:00
1773754500000,94.23,94.23,94.23,94.23,0.377,2026-03-17 13:35:00
1773754800000,94.24,94.24,94.24,94.24,3.829,2026-03-17 13:40:00
1773755100000,93.86,93.95,93.86,93.95,0.411,2026-03-17 13:45:00
1773755400000,93.76,93.76,93.59,93.7,10.985,2026-03-17 13:50:00
1773755700000,93.7,93.7,93.7,93.7,0.0,2026-03-17 13:55:00
1773756000000,93.63,93.65,93.63,93.65,8.399,2026-03-17 14:00:00
1773756300000,94.13,94.13,94.13,94.13,0.199,2026-03-17 14:05:00
1773756600000,94.0,94.2,94.0,94.2,106.513,2026-03-17 14:10:00
1773756900000,93.89,93.89,93.88,93.88,63.451,2026-03-17 14:15:00
1773757200000,93.88,93.88,93.88,93.88,0.0,2026-03-17 14:20:00
1773757500000,94.08,94.08,94.07,94.07,0.086,2026-03-17 14:25:00
1773757800000,94.46,94.46,94.46,94.46,6.224,2026-03-17 14:30:00
1773758100000,94.59,94.59,94.41,94.41,2.904,2026-03-17 14:35:00
1773758400000,94.46,94.46,94.46,94.46,0.211,2026-03-17 14:40:00
1773758700000,94.46,94.46,94.46,94.46,0.0,2026-03-17 14:45:00
1773759000000,94.46,94.46,94.46,94.46,0.0,2026-03-17 14:50:00
1773759300000,94.52,94.52,94.51,94.51,9.503,2026-03-17 14:55:00
1773759600000,94.93,95.1,94.93,94.93,3.745,2026-03-17 15:00:00
1773759900000,94.79,94.79,94.79,94.79,0.158,2026-03-17 15:05:00
1773760200000,94.11,94.16,94.03,94.03,16.552,2026-03-17 15:10:00
1773760500000,93.95,93.95,93.95,93.95,0.032,2026-03-17 15:15:00
1773760800000,93.95,93.95,93.95,93.95,0.0,2026-03-17 15:20:00
1773761100000,93.95,93.95,93.95,93.95,0.0,2026-03-17 15:25:00
1773761400000,93.95,93.95,93.95,93.95,0.0,2026-03-17 15:30:00
1773761700000,93.65,93.65,93.32,93.32,94.957,2026-03-17 15:35:00
1773762000000,93.55,93.59,93.55,93.59,30.0,2026-03-17 15:40:00
1773762300000,93.67,93.67,93.67,93.67,2.816,2026-03-17 15:45:00
1773762600000,93.67,93.67,93.67,93.67,0.0,2026-03-17 15:50:00
1773762900000,93.67,93.67,93.67,93.67,0.0,2026-03-17 15:55:00
1773763200000,93.67,93.67,93.67,93.67,0.0,2026-03-17 16:00:00
1773763500000,94.0,94.11,94.0,94.11,6.563,2026-03-17 16:05:00
1773763800000,94.13,94.13,94.13,94.13,2.593,2026-03-17 16:10:00
1773764100000,94.43,94.43,94.35,94.35,6.251,2026-03-17 16:15:00
1773764400000,94.42,94.7,94.36,94.7,2.796,2026-03-17 16:20:00
1773764700000,94.7,94.7,94.7,94.7,0.0,2026-03-17 16:25:00
1773765000000,94.55,94.55,94.52,94.52,6.0,2026-03-17 16:30:00
1773765300000,94.26,94.26,94.24,94.24,4.833,2026-03-17 16:35:00
1773765600000,94.24,94.24,94.24,94.24,0.0,2026-03-17 16:40:00
1773765900000,94.24,94.24,94.24,94.24,0.0,2026-03-17 16:45:00
1773766200000,94.24,94.24,94.24,94.24,0.0,2026-03-17 16:50:00
1773766500000,94.44,94.44,94.36,94.36,0.951,2026-03-17 16:55:00
1773766800000,94.36,94.36,94.36,94.36,0.0,2026-03-17 17:00:00
1773767100000,94.64,94.64,94.57,94.57,0.382,2026-03-17 17:05:00
1773767400000,94.24,94.24,94.24,94.24,3.0,2026-03-17 17:10:00
1773767700000,94.48,94.5,94.48,94.5,5.559,2026-03-17 17:15:00
1773768000000,94.53,94.59,94.52,94.59,32.467,2026-03-17 17:20:00
1773768300000,94.53,94.53,94.53,94.53,1.057,2026-03-17 17:25:00
1773768600000,94.43,94.43,94.43,94.43,2.962,2026-03-17 17:30:00
1773768900000,94.43,94.43,94.43,94.43,0.106,2026-03-17 17:35:00
1773769200000,94.47,94.47,94.47,94.47,1.055,2026-03-17 17:40:00
1773769500000,94.38,94.38,94.38,94.38,0.032,2026-03-17 17:45:00
1773769800000,94.38,94.38,94.38,94.38,0.0,2026-03-17 17:50:00
1773770100000,94.38,94.38,94.38,94.38,0.0,2026-03-17 17:55:00
1773770400000,94.52,94.64,94.52,94.64,0.305,2026-03-17 18:00:00
1773770700000,94.67,94.67,94.67,94.67,1.053,2026-03-17 18:05:00
1773771000000,94.93,95.01,94.93,94.96,4.858,2026-03-17 18:10:00
1773771300000,95.1,95.1,95.1,95.1,0.5,2026-03-17 18:15:00
1773771600000,95.11,95.11,95.11,95.11,3.212,2026-03-17 18:20:00
1773771900000,95.01,95.01,95.01,95.01,1.42,2026-03-17 18:25:00
1773772200000,95.33,95.48,95.29,95.48,1.956,2026-03-17 18:30:00
1773772500000,95.49,95.49,95.48,95.48,1.651,2026-03-17 18:35:00
1773772800000,95.48,95.48,95.48,95.48,0.0,2026-03-17 18:40:00
1773773100000,95.33,95.41,95.33,95.41,0.113,2026-03-17 18:45:00
1773773400000,95.41,95.41,95.41,95.41,0.0,2026-03-17 18:50:00
1773773700000,95.27,95.29,95.26,95.26,92.74,2026-03-17 18:55:00
1773774000000,95.26,95.49,95.26,95.39,108.612,2026-03-17 19:00:00
1773774300000,95.4,95.57,95.39,95.42,120.052,2026-03-17 19:05:00
1773774600000,95.42,95.51,95.42,95.46,39.675,2026-03-17 19:10:00
1773774900000,95.46,95.46,95.46,95.46,0.0,2026-03-17 19:15:00
1773775200000,95.46,95.46,95.46,95.46,0.0,2026-03-17 19:20:00
1773775500000,95.46,95.46,95.46,95.46,0.0,2026-03-17 19:25:00
1773775800000,94.94,94.94,94.94,94.94,0.429,2026-03-17 19:30:00
1773776100000,95.06,95.11,95.06,95.09,0.722,2026-03-17 19:35:00
1773776400000,94.98,94.98,94.98,94.98,0.164,2026-03-17 19:40:00
1773776700000,94.96,94.96,94.79,94.79,126.298,2026-03-17 19:45:00
1773777000000,94.7,94.7,94.7,94.7,4.509,2026-03-17 19:50:00
1773777300000,94.76,94.83,94.68,94.74,42.031,2026-03-17 19:55:00
1773777600000,94.67,94.72,94.67,94.67,0.624,2026-03-17 20:00:00
1773777900000,94.67,94.67,94.59,94.59,102.845,2026-03-17 20:05:00
1773778200000,94.59,94.59,94.59,94.59,0.0,2026-03-17 20:10:00
1773778500000,94.62,94.62,94.62,94.62,0.527,2026-03-17 20:15:00
1773778800000,94.62,94.62,94.62,94.62,0.0,2026-03-17 20:20:00
1773779100000,94.62,94.62,94.62,94.62,0.0,2026-03-17 20:25:00
1773779400000,94.62,94.62,94.62,94.62,0.0,2026-03-17 20:30:00
1773779700000,94.81,94.81,94.81,94.81,0.106,2026-03-17 20:35:00
1773780000000,94.81,94.81,94.81,94.81,0.0,2026-03-17 20:40:00
1773780300000,94.81,94.81,94.81,94.81,0.0,2026-03-17 20:45:00
1773780600000,94.97,94.97,94.97,94.97,2.099,2026-03-17 20:50:00
1773780900000,94.97,94.97,94.97,94.97,0.0,2026-03-17 20:55:00
1773781200000,94.97,94.97,94.97,94.97,0.0,2026-03-17 21:00:00
1773781500000,94.97,94.97,94.97,94.97,0.0,2026-03-17 21:05:00
1773781800000,94.97,94.97,94.97,94.97,0.0,2026-03-17 21:10:00
1773782100000,94.97,94.97,94.97,94.97,0.0,2026-03-17 21:15:00
1773782400000,95.2,95.2,95.2,95.2,0.241,2026-03-17 21:20:00
1773782700000,95.11,95.11,95.11,95.11,0.284,2026-03-17 21:25:00
1773783000000,95.09,95.09,95.09,95.09,0.257,2026-03-17 21:30:00
1773783300000,95.11,95.11,95.11,95.11,3.467,2026-03-17 21:35:00
1773783600000,95.29,95.33,95.29,95.33,0.2,2026-03-17 21:40:00
1773783900000,95.31,95.31,95.31,95.31,2.091,2026-03-17 21:45:00
1773784200000,95.26,95.26,95.21,95.21,0.723,2026-03-17 21:50:00
1773784500000,95.21,95.21,95.21,95.21,0.0,2026-03-17 21:55:00
1773784800000,95.21,95.21,95.21,95.21,0.0,2026-03-17 22:00:00
1773785100000,95.47,95.47,95.31,95.31,1.598,2026-03-17 22:05:00
1773785400000,95.31,95.31,95.31,95.31,1.049,2026-03-17 22:10:00
1773785700000,95.31,95.31,95.31,95.31,0.0,2026-03-17 22:15:00
1773786000000,95.31,95.31,95.31,95.31,0.0,2026-03-17 22:20:00
1773786300000,95.31,95.31,95.31,95.31,0.0,2026-03-17 22:25:00
1773786600000,95.0,95.0,95.0,95.0,0.479,2026-03-17 22:30:00
1773786900000,95.0,95.0,95.0,95.0,9.571,2026-03-17 22:35:00
1773787200000,94.84,94.84,94.84,94.84,0.37,2026-03-17 22:40:00
1773787500000,95.15,95.15,95.15,95.15,2.857,2026-03-17 22:45:00
1773787800000,95.31,95.47,95.31,95.46,3.16,2026-03-17 22:50:00
1773788100000,95.21,95.21,95.2,95.2,12.191,2026-03-17 22:55:00
1773788400000,95.29,95.29,95.29,95.29,0.063,2026-03-17 23:00:00
1773788700000,95.27,95.31,95.26,95.31,2.046,2026-03-17 23:05:00
1773789000000,95.3,95.3,95.3,95.3,1.136,2026-03-17 23:10:00
1773789300000,95.27,95.27,95.17,95.17,11.213,2026-03-17 23:15:00
1773789600000,95.17,95.17,95.17,95.17,0.0,2026-03-17 23:20:00
1773789900000,94.99,95.03,94.99,95.03,0.827,2026-03-17 23:25:00
1773790200000,94.85,94.85,94.85,94.85,0.052,2026-03-17 23:30:00
1773790500000,94.91,94.95,94.91,94.95,0.092,2026-03-17 23:35:00
1773790800000,94.91,94.91,94.91,94.91,1.419,2026-03-17 23:40:00
1773791100000,94.91,94.91,94.91,94.91,0.0,2026-03-17 23:45:00
1773791400000,94.79,94.79,94.75,94.75,2.0,2026-03-17 23:50:00
1773791700000,94.75,94.75,94.75,94.75,0.0,2026-03-17 23:55:00
1773792000000,94.65,94.74,94.65,94.74,1.818,2026-03-18 00:00:00
1773792300000,94.78,94.78,94.78,94.78,2.03,2026-03-18 00:05:00
1773792600000,94.78,94.83,94.74,94.77,1.009,2026-03-18 00:10:00
1773792900000,94.77,94.77,94.77,94.77,0.0,2026-03-18 00:15:00
1773793200000,94.53,94.53,94.53,94.53,0.319,2026-03-18 00:20:00
1773793500000,94.53,94.53,94.53,94.53,0.0,2026-03-18 00:25:00
1773793800000,94.36,94.36,94.36,94.36,0.085,2026-03-18 00:30:00
1773794100000,94.36,94.36,94.36,94.36,0.0,2026-03-18 00:35:00
1773794400000,94.36,94.36,94.36,94.36,0.0,2026-03-18 00:40:00
1773794700000,94.36,94.36,94.36,94.36,0.0,2026-03-18 00:45:00
1773795000000,94.36,94.36,94.36,94.36,0.0,2026-03-18 00:50:00
1773795300000,94.61,94.61,94.53,94.53,1.075,2026-03-18 00:55:00
1773795600000,94.73,94.75,94.69,94.75,1.004,2026-03-18 01:00:00
1773795900000,94.75,94.75,94.75,94.75,0.0,2026-03-18 01:05:00
1773796200000,94.62,94.62,94.62,94.62,0.105,2026-03-18 01:10:00
1773796500000,94.62,94.62,94.62,94.62,0.0,2026-03-18 01:15:00
1773796800000,94.74,94.74,94.55,94.68,82.454,2026-03-18 01:20:00
1773797100000,94.71,94.79,94.68,94.77,79.664,2026-03-18 01:25:00
1773797400000,94.76,94.92,94.76,94.92,0.34,2026-03-18 01:30:00
1773797700000,94.69,94.79,94.69,94.74,0.865,2026-03-18 01:35:00
1773798000000,94.76,94.76,94.76,94.76,0.021,2026-03-18 01:40:00
1773798300000,94.76,94.76,94.76,94.76,0.0,2026-03-18 01:45:00
1773798600000,94.53,94.59,94.53,94.59,42.211,2026-03-18 01:50:00
1773798900000,94.45,94.45,94.45,94.45,0.37,2026-03-18 01:55:00
1773799200000,94.45,94.45,94.45,94.45,0.0,2026-03-18 02:00:00
1773799500000,94.78,94.78,94.78,94.78,0.613,2026-03-18 02:05:00
1773799800000,94.78,94.78,94.78,94.78,0.0,2026-03-18 02:10:00
1773800100000,94.9,94.9,94.83,94.83,0.695,2026-03-18 02:15:00
1773800400000,94.81,94.81,94.81,94.81,0.263,2026-03-18 02:20:00
1773800700000,94.68,94.68,94.68,94.68,0.21,2026-03-18 02:25:00
1773801000000,94.77,94.77,94.77,94.77,0.177,2026-03-18 02:30:00
1773801300000,95.0,95.0,95.0,95.0,0.105,2026-03-18 02:35:00
1773801600000,95.0,95.0,95.0,95.0,1.05,2026-03-18 02:40:00
1773801900000,95.0,95.0,95.0,95.0,0.0,2026-03-18 02:45:00
1773802200000,94.97,94.97,94.97,94.97,0.316,2026-03-18 02:50:00
1773802500000,94.97,94.97,94.97,94.97,0.0,2026-03-18 02:55:00
1773802800000,95.0,95.0,95.0,95.0,0.115,2026-03-18 03:00:00
1773803100000,94.89,94.89,94.88,94.88,1.315,2026-03-18 03:05:00
1773803400000,94.95,94.95,94.95,94.95,0.421,2026-03-18 03:10:00
1773803700000,94.94,94.94,94.94,94.94,5.251,2026-03-18 03:15:00
1773804000000,94.94,94.94,94.94,94.94,0.0,2026-03-18 03:20:00
1773804300000,94.94,94.94,94.94,94.94,0.0,2026-03-18 03:25:00
1773804600000,95.5,95.5,95.5,95.5,26.169,2026-03-18 03:30:00
1773804900000,95.5,95.5,95.5,95.5,1.047,2026-03-18 03:35:00
1773805200000,95.5,95.5,95.5,95.5,0.0,2026-03-18 03:40:00
1773805500000,95.25,95.31,95.25,95.31,38.64,2026-03-18 03:45:00
1773805800000,95.31,95.31,95.31,95.31,0.0,2026-03-18 03:50:00
1773806100000,95.07,95.07,95.03,95.03,0.324,2026-03-18 03:55:00
1773806400000,95.03,95.03,95.03,95.03,0.0,2026-03-18 04:00:00
1773806700000,95.03,95.03,95.03,95.03,0.0,2026-03-18 04:05:00
1773807000000,95.03,95.03,95.03,95.03,0.0,2026-03-18 04:10:00
1773807300000,94.77,94.77,94.56,94.62,1.201,2026-03-18 04:15:00
1773807600000,94.69,94.69,94.6,94.6,38.57,2026-03-18 04:20:00
1773807900000,94.6,94.6,94.6,94.6,0.0,2026-03-18 04:25:00
1773808200000,94.28,94.28,94.07,94.07,2.255,2026-03-18 04:30:00
1773808500000,94.07,94.07,94.07,94.07,0.0,2026-03-18 04:35:00
1773808800000,94.17,94.17,94.17,94.17,0.246,2026-03-18 04:40:00
1773809100000,94.17,94.17,94.17,94.17,0.0,2026-03-18 04:45:00
1773809400000,94.17,94.17,94.17,94.17,0.0,2026-03-18 04:50:00
1773809700000,94.17,94.17,94.17,94.17,0.0,2026-03-18 04:55:00
1773810000000,94.22,94.22,94.1,94.1,1.744,2026-03-18 05:00:00
1773810300000,94.1,94.18,93.88,94.18,26.62,2026-03-18 05:05:00
1773810600000,94.21,94.35,94.21,94.35,0.244,2026-03-18 05:10:00
1773810900000,94.35,94.35,94.35,94.35,0.0,2026-03-18 05:15:00
1773811200000,94.35,94.35,94.35,94.35,0.0,2026-03-18 05:20:00
1773811500000,94.35,94.35,94.35,94.35,0.0,2026-03-18 05:25:00
1773811800000,94.35,94.35,94.35,94.35,0.0,2026-03-18 05:30:00
1773812100000,94.14,94.14,94.14,94.14,1.059,2026-03-18 05:35:00
1773812400000,94.11,94.11,94.1,94.11,6.401,2026-03-18 05:40:00
1773812700000,94.11,94.11,94.11,94.11,0.0,2026-03-18 05:45:00
1773813000000,93.88,93.88,93.88,93.88,0.5,2026-03-18 05:50:00
1773813300000,93.87,93.87,93.82,93.82,6.257,2026-03-18 05:55:00
1773813600000,94.03,94.03,94.03,94.03,1.791,2026-03-18 06:00:00
1773813900000,94.03,94.03,94.03,94.03,0.0,2026-03-18 06:05:00
1773814200000,94.19,94.19,94.19,94.19,0.026,2026-03-18 06:10:00
1773814500000,94.2,94.2,94.2,94.2,23.885,2026-03-18 06:15:00
1773814800000,94.29,94.35,94.29,94.35,14.66,2026-03-18 06:20:00
1773815100000,94.48,94.48,94.48,94.48,0.731,2026-03-18 06:25:00
1773815400000,94.52,94.52,94.52,94.52,1.478,2026-03-18 06:30:00
1773815700000,94.43,94.43,94.43,94.43,2.476,2026-03-18 06:35:00
1773816000000,94.43,94.43,94.43,94.43,0.0,2026-03-18 06:40:00
1773816300000,94.43,94.43,94.43,94.43,0.0,2026-03-18 06:45:00
1773816600000,94.43,94.43,94.43,94.43,0.0,2026-03-18 06:50:00
1773816900000,94.43,94.43,94.43,94.43,0.0,2026-03-18 06:55:00
1773817200000,94.43,94.43,94.43,94.43,0.0,2026-03-18 07:00:00
1773817500000,94.16,94.16,94.12,94.12,5.957,2026-03-18 07:05:00
1773817800000,94.14,94.14,94.14,94.14,0.049,2026-03-18 07:10:00
1773818100000,94.14,94.14,94.14,94.14,0.0,2026-03-18 07:15:00
1773818400000,94.14,94.14,94.14,94.14,0.0,2026-03-18 07:20:00
1773818700000,94.04,94.04,94.04,94.04,0.433,2026-03-18 07:25:00
1773819000000,94.04,94.04,94.04,94.04,0.0,2026-03-18 07:30:00
1773819300000,94.04,94.04,94.04,94.04,0.0,2026-03-18 07:35:00
1773819600000,93.94,93.99,93.94,93.99,1.061,2026-03-18 07:40:00
1773819900000,93.99,93.99,93.99,93.99,0.0,2026-03-18 07:45:00
1773820200000,94.02,94.06,94.02,94.06,0.072,2026-03-18 07:50:00
1773820500000,94.06,94.06,94.06,94.06,0.0,2026-03-18 07:55:00
1773820800000,94.06,94.06,94.06,94.06,0.0,2026-03-18 08:00:00
1773821100000,94.21,94.21,94.21,94.21,0.106,2026-03-18 08:05:00
1773821400000,94.21,94.21,94.21,94.21,0.0,2026-03-18 08:10:00
1773821700000,94.05,94.05,94.05,94.05,0.53,2026-03-18 08:15:00
1773822000000,94.22,94.22,94.22,94.22,10.585,2026-03-18 08:20:00
1773822300000,94.22,94.22,94.22,94.22,0.0,2026-03-18 08:25:00
1773822600000,94.22,94.22,94.22,94.22,0.0,2026-03-18 08:30:00
1773822900000,94.22,94.22,94.22,94.22,0.0,2026-03-18 08:35:00
1773823200000,94.22,94.22,94.22,94.22,0.0,2026-03-18 08:40:00
1773823500000,94.22,94.22,94.22,94.22,0.0,2026-03-18 08:45:00
1773823800000,94.22,94.22,94.22,94.22,0.0,2026-03-18 08:50:00
1773824100000,94.22,94.22,94.22,94.22,0.0,2026-03-18 08:55:00
1773824400000,94.22,94.22,94.22,94.22,0.0,2026-03-18 09:00:00
1773824700000,94.1,94.1,94.1,94.1,0.212,2026-03-18 09:05:00
1773825000000,94.29,94.29,94.29,94.29,5.461,2026-03-18 09:10:00
1773825300000,94.29,94.29,94.29,94.29,0.459,2026-03-18 09:15:00
1773825600000,94.29,94.29,94.29,94.29,0.0,2026-03-18 09:20:00
1773825900000,94.29,94.29,94.29,94.29,0.0,2026-03-18 09:25:00
1773826200000,94.29,94.29,94.29,94.29,0.0,2026-03-18 09:30:00
1773826500000,94.29,94.29,94.29,94.29,0.0,2026-03-18 09:35:00
1773826800000,94.29,94.29,94.29,94.29,0.0,2026-03-18 09:40:00
1773827100000,94.29,94.29,94.29,94.29,0.0,2026-03-18 09:45:00
1773827400000,94.29,94.29,94.29,94.29,0.0,2026-03-18 09:50:00
1773827700000,94.29,94.29,94.29,94.29,0.0,2026-03-18 09:55:00
1773828000000,94.23,94.23,94.2,94.2,0.583,2026-03-18 10:00:00
1773828300000,94.12,94.12,94.12,94.12,0.042,2026-03-18 10:05:00
1773828600000,94.38,94.38,94.38,94.38,0.368,2026-03-18 10:10:00
1773828900000,94.38,94.38,94.38,94.38,0.0,2026-03-18 10:15:00
1773829200000,94.33,94.33,94.33,94.33,1.059,2026-03-18 10:20:00
1773829500000,94.33,94.33,94.33,94.33,4.228,2026-03-18 10:25:00
1773829800000,94.33,94.33,94.33,94.33,0.0,2026-03-18 10:30:00
1773830100000,94.33,94.33,94.33,94.33,0.0,2026-03-18 10:35:00
1773830400000,93.99,93.99,93.84,93.84,5.974,2026-03-18 10:40:00
1773830700000,93.84,93.84,93.84,93.84,0.0,2026-03-18 10:45:00
1773831000000,93.84,93.84,93.84,93.84,0.0,2026-03-18 10:50:00
1773831300000,93.76,93.86,93.76,93.86,21.389,2026-03-18 10:55:00
1773831600000,93.77,93.77,93.77,93.77,0.028,2026-03-18 11:00:00
1773831900000,93.55,93.81,93.55,93.75,10.041,2026-03-18 11:05:00
1773832200000,93.75,93.83,93.75,93.82,14.088,2026-03-18 11:10:00
1773832500000,93.82,93.82,93.82,93.82,0.0,2026-03-18 11:15:00
1773832800000,93.82,93.82,93.82,93.82,0.0,2026-03-18 11:20:00
1773833100000,93.82,93.82,93.82,93.82,0.0,2026-03-18 11:25:00
1773833400000,93.34,93.34,92.21,92.21,45.038,2026-03-18 11:30:00
1773833700000,92.29,92.29,91.92,91.92,5.23,2026-03-18 11:35:00
1773834000000,91.92,91.92,91.92,91.92,0.0,2026-03-18 11:40:00
1773834300000,92.13,92.13,92.07,92.07,0.445,2026-03-18 11:45:00
1773834600000,92.07,92.07,92.07,92.07,0.0,2026-03-18 11:50:00
1773834900000,92.07,92.07,92.07,92.07,1.086,2026-03-18 11:55:00
1773835200000,91.81,91.81,91.66,91.66,9.104,2026-03-18 12:00:00
1773835500000,91.66,91.66,91.66,91.66,0.0,2026-03-18 12:05:00
1773835800000,91.72,91.75,91.72,91.75,0.265,2026-03-18 12:10:00
1773836100000,91.75,91.75,91.75,91.75,0.0,2026-03-18 12:15:00
1773836400000,91.75,91.75,91.72,91.72,0.716,2026-03-18 12:20:00
1773836700000,91.72,91.72,91.72,91.72,0.0,2026-03-18 12:25:00
1773837000000,91.54,91.54,90.4,90.66,63.8,2026-03-18 12:30:00
1773837300000,90.75,90.75,90.75,90.75,0.055,2026-03-18 12:35:00
1773837600000,90.67,90.67,90.52,90.52,0.522,2026-03-18 12:40:00
1773837900000,90.5,90.5,90.49,90.5,19.908,2026-03-18 12:45:00
1773838200000,90.5,90.5,90.5,90.5,0.0,2026-03-18 12:50:00
1773838500000,90.5,90.5,90.5,90.5,0.0,2026-03-18 12:55:00
1773838800000,90.4,90.59,89.98,90.59,69.575,2026-03-18 13:00:00
1773839100000,90.46,90.46,90.4,90.45,0.497,2026-03-18 13:05:00
1773839400000,90.45,90.45,90.45,90.45,10.0,2026-03-18 13:10:00
1773839700000,90.43,90.43,90.3,90.3,8.584,2026-03-18 13:15:00
1773840000000,90.58,90.65,90.58,90.65,94.452,2026-03-18 13:20:00
1773840300000,90.73,90.74,90.65,90.68,1.615,2026-03-18 13:25:00
1773840600000,90.66,90.66,90.41,90.41,5.625,2026-03-18 13:30:00
1773840900000,90.41,90.41,90.41,90.41,0.0,2026-03-18 13:35:00
1773841200000,90.49,90.49,90.49,90.49,0.11,2026-03-18 13:40:00
1773841500000,90.34,90.55,90.34,90.55,2.998,2026-03-18 13:45:00
1773841800000,90.14,90.14,90.14,90.14,1.199,2026-03-18 13:50:00
1773842100000,90.3,90.3,90.11,90.11,0.436,2026-03-18 13:55:00
1773842400000,90.3,90.3,90.11,90.11,0.439,2026-03-18 14:00:00
1773842700000,90.2,90.2,90.18,90.18,1.052,2026-03-18 14:05:00
1773843000000,90.25,90.25,89.9,89.9,19.94,2026-03-18 14:10:00
1773843300000,89.89,89.95,89.75,89.75,11.586,2026-03-18 14:15:00
1773843600000,89.93,89.93,89.84,89.88,2.675,2026-03-18 14:20:00
1773843900000,89.7,89.7,89.53,89.53,3.379,2026-03-18 14:25:00
1773844200000,89.52,89.54,89.47,89.54,8.447,2026-03-18 14:30:00
1773844500000,89.54,89.54,89.54,89.54,0.0,2026-03-18 14:35:00
1773844800000,89.44,89.5,89.36,89.36,258.018,2026-03-18 14:40:00
1773845100000,89.42,89.42,89.42,89.42,0.335,2026-03-18 14:45:00
1773845400000,89.25,89.25,89.1,89.1,16.321,2026-03-18 14:50:00
1773845700000,89.02,89.02,88.94,88.94,0.533,2026-03-18 14:55:00
1773846000000,88.89,89.06,88.64,89.06,4.393,2026-03-18 15:00:00
1773846300000,89.08,89.29,89.08,89.29,4.836,2026-03-18 15:05:00
1773846600000,89.17,89.17,88.78,88.78,1.549,2026-03-18 15:10:00
1773846900000,88.82,89.08,88.82,89.08,0.068,2026-03-18 15:15:00
1773847200000,89.08,89.08,89.08,89.08,0.0,2026-03-18 15:20:00
1773847500000,89.16,89.19,89.16,89.19,0.715,2026-03-18 15:25:00
1773847800000,89.18,89.36,89.18,89.36,0.694,2026-03-18 15:30:00
1773848100000,89.15,89.15,89.14,89.14,0.441,2026-03-18 15:35:00
1773848400000,89.14,89.14,89.14,89.14,0.0,2026-03-18 15:40:00
1773848700000,89.14,89.14,89.14,89.14,0.0,2026-03-18 15:45:00
1773849000000,89.14,89.14,89.14,89.14,0.0,2026-03-18 15:50:00
1773849300000,89.43,89.43,89.43,89.43,1.229,2026-03-18 15:55:00
1773849600000,89.2,89.2,89.18,89.18,0.559,2026-03-18 16:00:00
1773849900000,88.83,88.91,88.83,88.91,0.594,2026-03-18 16:05:00
1773850200000,88.82,88.91,88.82,88.91,1.532,2026-03-18 16:10:00
1773850500000,89.0,89.03,88.91,88.99,34.912,2026-03-18 16:15:00
1773850800000,88.82,88.82,88.82,88.82,1.094,2026-03-18 16:20:00
1773851100000,88.82,88.96,88.82,88.96,2.209,2026-03-18 16:25:00
1773851400000,88.92,89.07,88.83,88.83,9.636,2026-03-18 16:30:00
1773851700000,88.85,88.85,88.85,88.85,0.113,2026-03-18 16:35:00
1773852000000,88.85,88.85,88.85,88.85,0.0,2026-03-18 16:40:00
1773852300000,88.85,88.85,88.85,88.85,0.0,2026-03-18 16:45:00
1773852600000,88.85,88.85,88.85,88.85,0.0,2026-03-18 16:50:00
1773852900000,89.13,89.13,89.02,89.02,39.91,2026-03-18 16:55:00
1773853200000,89.03,89.03,89.03,89.03,0.56,2026-03-18 17:00:00
1773853500000,88.98,88.98,88.98,88.98,0.056,2026-03-18 17:05:00
1773853800000,88.98,88.98,88.97,88.98,79.25,2026-03-18 17:10:00
1773854100000,88.98,88.98,88.88,88.98,193.128,2026-03-18 17:15:00
1773854400000,89.46,89.5,89.46,89.5,0.159,2026-03-18 17:20:00
1773854700000,89.47,89.52,89.47,89.52,4.894,2026-03-18 17:25:00
1773855000000,89.49,89.49,89.49,89.49,0.027,2026-03-18 17:30:00
1773855300000,89.64,90.24,89.64,90.24,1.624,2026-03-18 17:35:00
1773855600000,90.24,90.24,90.24,90.24,0.0,2026-03-18 17:40:00
1773855900000,90.24,90.24,90.24,90.24,0.0,2026-03-18 17:45:00
1773856200000,89.95,89.95,89.95,89.95,0.228,2026-03-18 17:50:00
1773856500000,89.95,89.95,89.95,89.95,0.0,2026-03-18 17:55:00
1773856800000,89.95,90.77,89.95,90.77,3.198,2026-03-18 18:00:00
1773857100000,90.68,90.68,90.55,90.63,5.815,2026-03-18 18:05:00
1773857400000,90.63,90.81,90.55,90.55,3.458,2026-03-18 18:10:00
1773857700000,90.52,90.59,90.52,90.59,33.122,2026-03-18 18:15:00
1773858000000,89.96,89.96,89.96,89.96,0.16,2026-03-18 18:20:00
1773858300000,89.96,89.96,89.96,89.96,0.0,2026-03-18 18:25:00
1773858600000,90.24,90.29,90.17,90.17,22.109,2026-03-18 18:30:00
1773858900000,90.17,90.17,90.17,90.17,0.0,2026-03-18 18:35:00
1773859200000,90.14,90.14,90.14,90.14,0.221,2026-03-18 18:40:00
1773859500000,89.76,89.76,89.76,89.76,0.106,2026-03-18 18:45:00
1773859800000,89.82,89.82,89.64,89.64,9.443,2026-03-18 18:50:00
1773860100000,89.54,89.54,89.53,89.53,5.426,2026-03-18 18:55:00
1773860400000,89.82,89.93,89.82,89.93,36.997,2026-03-18 19:00:00
1773860700000,89.85,89.9,89.85,89.9,79.622,2026-03-18 19:05:00
1773861000000,89.87,89.87,89.78,89.78,12.365,2026-03-18 19:10:00
1773861300000,89.97,89.97,89.97,89.97,0.09,2026-03-18 19:15:00
1773861600000,89.97,89.97,89.97,89.97,0.0,2026-03-18 19:20:00
1773861900000,89.72,89.75,89.72,89.75,1.11,2026-03-18 19:25:00
1773862200000,89.84,89.84,89.82,89.82,0.562,2026-03-18 19:30:00
1773862500000,89.82,89.82,89.82,89.82,0.0,2026-03-18 19:35:00
1773862800000,89.63,89.63,89.6,89.6,2.613,2026-03-18 19:40:00
1773863100000,89.6,89.6,89.6,89.6,0.0,2026-03-18 19:45:00
1773863400000,89.6,89.6,89.6,89.6,0.0,2026-03-18 19:50:00
1773863700000,89.6,89.6,89.6,89.6,0.0,2026-03-18 19:55:00
1773864000000,89.67,89.67,89.67,89.67,7.519,2026-03-18 20:00:00
1773864300000,89.48,89.48,89.19,89.19,2.399,2026-03-18 20:05:00
1773864600000,89.19,89.19,89.19,89.19,0.0,2026-03-18 20:10:00
1773864900000,89.19,89.19,89.19,89.19,0.0,2026-03-18 20:15:00
1773865200000,89.19,89.19,89.19,89.19,0.0,2026-03-18 20:20:00
1773865500000,89.19,89.19,89.19,89.19,0.0,2026-03-18 20:25:00
1773865800000,89.19,89.19,89.19,89.19,0.0,2026-03-18 20:30:00
1773866100000,89.84,89.84,89.78,89.78,19.453,2026-03-18 20:35:00
1773866400000,89.96,89.96,89.96,89.96,0.133,2026-03-18 20:40:00
1773866700000,89.97,90.07,89.97,90.07,2.321,2026-03-18 20:45:00
1773867000000,90.0,90.0,89.94,89.94,11.552,2026-03-18 20:50:00
1773867300000,89.94,89.94,89.94,89.94,0.0,2026-03-18 20:55:00
1773867600000,89.94,89.94,89.94,89.94,0.0,2026-03-18 21:00:00
1773867900000,90.16,90.16,90.16,90.16,5.931,2026-03-18 21:05:00
1773868200000,90.26,90.38,90.25,90.25,30.321,2026-03-18 21:10:00
1773868500000,90.18,90.18,90.18,90.18,0.132,2026-03-18 21:15:00
1773868800000,90.18,90.18,90.18,90.18,0.0,2026-03-18 21:20:00
1773869100000,90.18,90.18,90.18,90.18,0.0,2026-03-18 21:25:00
1773869400000,90.25,90.25,90.25,90.25,3.018,2026-03-18 21:30:00
1773869700000,90.55,90.55,90.55,90.55,0.022,2026-03-18 21:35:00
1773870000000,90.55,90.55,90.55,90.55,0.0,2026-03-18 21:40:00
1773870300000,90.43,90.43,90.43,90.43,0.552,2026-03-18 21:45:00
1773870600000,90.43,90.43,90.43,90.43,0.0,2026-03-18 21:50:00
1773870900000,90.56,90.56,90.53,90.53,0.283,2026-03-18 21:55:00
1773871200000,90.36,90.36,90.36,90.36,1.104,2026-03-18 22:00:00
1773871500000,90.2,90.2,90.2,90.2,302.791,2026-03-18 22:05:00
1773871800000,90.25,90.27,90.25,90.27,34.096,2026-03-18 22:10:00
1773872100000,90.27,90.27,90.27,90.27,0.0,2026-03-18 22:15:00
1773872400000,90.27,90.27,90.27,90.27,0.0,2026-03-18 22:20:00
1773872700000,90.27,90.27,90.27,90.27,0.0,2026-03-18 22:25:00
1773873000000,90.31,90.32,90.31,90.32,6.575,2026-03-18 22:30:00
1773873300000,90.32,90.32,90.32,90.32,0.0,2026-03-18 22:35:00
1773873600000,90.09,90.09,90.09,90.09,0.243,2026-03-18 22:40:00
1773873900000,90.05,90.05,90.03,90.03,6.199,2026-03-18 22:45:00
1773874200000,89.94,89.94,89.94,89.94,0.144,2026-03-18 22:50:00
1773874500000,89.94,89.94,89.94,89.94,0.0,2026-03-18 22:55:00
1773874800000,89.94,89.94,89.94,89.94,0.3,2026-03-18 23:00:00
1773875100000,89.88,89.88,89.88,89.88,0.555,2026-03-18 23:05:00
1773875400000,89.88,89.88,89.88,89.88,0.0,2026-03-18 23:10:00
1773875700000,89.88,89.88,89.88,89.88,0.0,2026-03-18 23:15:00
1773876000000,89.81,89.81,89.81,89.81,1.112,2026-03-18 23:20:00
1773876300000,89.81,89.81,89.81,89.81,0.0,2026-03-18 23:25:00
1773876600000,90.08,90.08,90.08,90.08,0.045,2026-03-18 23:30:00
1773876900000,90.08,90.08,90.08,90.08,0.0,2026-03-18 23:35:00
1773877200000,90.08,90.08,90.08,90.08,0.0,2026-03-18 23:40:00
1773877500000,90.0,90.0,90.0,90.0,2.0,2026-03-18 23:45:00
1773877800000,89.98,89.98,89.98,89.98,7.735,2026-03-18 23:50:00
1773878100000,89.98,89.98,89.98,89.98,0.0,2026-03-18 23:55:00
1773878400000,89.99,90.06,89.99,90.06,6.765,2026-03-19 00:00:00
1773878700000,90.06,90.06,90.06,90.06,0.0,2026-03-19 00:05:00
1773879000000,90.02,90.02,89.87,89.87,0.488,2026-03-19 00:10:00
1773879300000,90.04,90.04,90.04,90.04,0.1,2026-03-19 00:15:00
1773879600000,90.0,90.0,90.0,90.0,0.1,2026-03-19 00:20:00
1773879900000,90.23,90.23,90.23,90.23,0.1,2026-03-19 00:25:00
1773880200000,90.2,90.2,90.1,90.1,71.649,2026-03-19 00:30:00
1773880500000,90.1,90.1,90.1,90.1,0.0,2026-03-19 00:35:00
1773880800000,90.07,90.07,90.07,90.07,1.065,2026-03-19 00:40:00
1773881100000,90.06,90.17,90.06,90.17,7.102,2026-03-19 00:45:00
1773881400000,90.17,90.17,90.17,90.17,0.0,2026-03-19 00:50:00
1773881700000,90.12,90.12,90.11,90.11,5.3,2026-03-19 00:55:00
1773882000000,90.17,90.17,90.04,90.04,1.283,2026-03-19 01:00:00
1773882300000,90.14,90.14,90.14,90.14,6.892,2026-03-19 01:05:00
1773882600000,90.05,90.05,90.04,90.04,21.295,2026-03-19 01:10:00
1773882900000,90.08,90.17,90.08,90.17,0.083,2026-03-19 01:15:00
1773883200000,90.07,90.07,90.0,90.0,0.04,2026-03-19 01:20:00
1773883500000,90.05,90.05,90.05,90.05,0.021,2026-03-19 01:25:00
1773883800000,90.14,90.14,90.14,90.14,200.083,2026-03-19 01:30:00
1773884100000,90.23,90.23,90.23,90.23,1.163,2026-03-19 01:35:00
1773884400000,90.31,90.33,90.31,90.33,0.042,2026-03-19 01:40:00
1773884700000,90.33,90.33,90.33,90.33,0.0,2026-03-19 01:45:00
1773885000000,90.29,90.29,90.29,90.29,0.331,2026-03-19 01:50:00
1773885300000,90.22,90.22,90.22,90.22,0.044,2026-03-19 01:55:00
1773885600000,90.07,90.07,90.07,90.07,0.066,2026-03-19 02:00:00
1773885900000,90.07,90.07,90.07,90.07,0.0,2026-03-19 02:05:00
1773886200000,90.07,90.07,90.07,90.07,0.0,2026-03-19 02:10:00
1773886500000,90.3,90.31,90.3,90.31,44.29,2026-03-19 02:15:00
1773886800000,90.31,90.31,90.31,90.31,0.0,2026-03-19 02:20:00
1773887100000,90.23,90.23,90.23,90.23,4.8,2026-03-19 02:25:00
1773887400000,90.23,90.23,90.23,90.23,0.0,2026-03-19 02:30:00
1773887700000,90.3,90.3,90.26,90.27,40.2,2026-03-19 02:35:00
1773888000000,90.27,90.27,90.27,90.27,0.0,2026-03-19 02:40:00
1773888300000,90.27,90.27,90.14,90.14,5.128,2026-03-19 02:45:00
1773888600000,90.05,90.05,89.99,89.99,2.613,2026-03-19 02:50:00
1773888900000,89.99,89.99,89.99,89.99,0.0,2026-03-19 02:55:00
1773889200000,90.04,90.04,90.04,90.04,0.122,2026-03-19 03:00:00
1773889500000,89.95,90.06,89.95,90.06,4.777,2026-03-19 03:05:00
1773889800000,90.2,90.28,90.2,90.26,0.411,2026-03-19 03:10:00
1773890100000,90.5,90.9,90.5,90.9,6.957,2026-03-19 03:15:00
1773890400000,91.06,91.09,91.06,91.09,1.802,2026-03-19 03:20:00
1773890700000,91.22,91.39,91.22,91.26,102.095,2026-03-19 03:25:00
1773891000000,91.27,91.27,91.27,91.27,0.119,2026-03-19 03:30:00
1773891300000,91.05,91.05,90.89,90.89,2.622,2026-03-19 03:35:00
1773891600000,90.89,90.89,90.89,90.89,0.0,2026-03-19 03:40:00
1773891900000,90.99,90.99,90.99,90.99,0.597,2026-03-19 03:45:00
1773892200000,90.99,90.99,90.99,90.99,0.0,2026-03-19 03:50:00
1773892500000,90.81,90.81,90.75,90.76,35.999,2026-03-19 03:55:00
1773892800000,90.73,90.73,90.53,90.53,11.862,2026-03-19 04:00:00
1773893100000,90.36,90.36,90.23,90.32,6.449,2026-03-19 04:05:00
1773893400000,90.09,90.09,90.09,90.09,0.229,2026-03-19 04:10:00
1773893700000,90.18,90.18,90.18,90.18,0.071,2026-03-19 04:15:00
1773894000000,90.18,90.18,90.18,90.18,0.0,2026-03-19 04:20:00
1773894300000,89.91,89.91,89.91,89.91,0.116,2026-03-19 04:25:00
1773894600000,89.91,89.91,89.91,89.91,0.0,2026-03-19 04:30:00
1773894900000,89.93,89.93,89.93,89.93,0.555,2026-03-19 04:35:00
1773895200000,89.92,89.92,89.92,89.92,11.396,2026-03-19 04:40:00
1773895500000,89.92,89.92,89.92,89.92,0.0,2026-03-19 04:45:00
1773895800000,89.93,89.93,89.93,89.93,0.021,2026-03-19 04:50:00
1773896100000,89.93,89.93,89.93,89.93,0.0,2026-03-19 04:55:00
1773896400000,89.93,89.93,89.93,89.93,0.333,2026-03-19 05:00:00
1773896700000,89.93,89.99,89.93,89.98,0.609,2026-03-19 05:05:00
1773897000000,89.95,89.95,89.9,89.9,0.542,2026-03-19 05:10:00
1773897300000,89.9,89.9,89.9,89.9,0.555,2026-03-19 05:15:00
1773897600000,89.9,89.9,89.9,89.9,0.0,2026-03-19 05:20:00
1773897900000,89.76,89.76,89.76,89.76,0.106,2026-03-19 05:25:00
1773898200000,89.76,89.76,89.76,89.76,0.0,2026-03-19 05:30:00
1773898500000,89.76,89.76,89.76,89.76,0.0,2026-03-19 05:35:00
1773898800000,90.03,90.03,90.03,90.03,0.222,2026-03-19 05:40:00
1773899100000,89.86,89.86,89.86,89.86,0.798,2026-03-19 05:45:00
1773899400000,89.86,89.86,89.86,89.86,0.312,2026-03-19 05:50:00
1773899700000,89.86,89.86,89.86,89.86,0.0,2026-03-19 05:55:00
1773900000000,89.65,89.65,89.65,89.65,0.551,2026-03-19 06:00:00
1773900300000,89.64,89.86,89.64,89.86,1.553,2026-03-19 06:05:00
1773900600000,89.83,89.9,89.83,89.9,0.399,2026-03-19 06:10:00
1773900900000,89.86,89.86,89.86,89.86,0.994,2026-03-19 06:15:00
1773901200000,90.03,90.03,90.03,90.03,0.378,2026-03-19 06:20:00
1773901500000,90.03,90.03,90.03,90.03,0.0,2026-03-19 06:25:00
1773901800000,90.03,90.03,90.03,90.03,0.0,2026-03-19 06:30:00
1773902100000,90.03,90.03,90.03,90.03,0.0,2026-03-19 06:35:00
1773902400000,90.03,90.03,90.03,90.03,0.0,2026-03-19 06:40:00
1773902700000,90.03,90.03,90.03,90.03,0.0,2026-03-19 06:45:00
1773903000000,89.91,89.91,89.91,89.91,0.15,2026-03-19 06:50:00
1773903300000,89.91,89.91,89.91,89.91,0.0,2026-03-19 06:55:00
1773903600000,89.9,89.9,89.87,89.87,0.222,2026-03-19 07:00:00
1773903900000,90.0,90.0,89.98,89.98,0.141,2026-03-19 07:05:00
1773904200000,89.68,89.7,89.53,89.53,2.13,2026-03-19 07:10:00
1773904500000,89.3,89.3,89.23,89.23,0.801,2026-03-19 07:15:00
1773904800000,89.17,89.17,88.67,88.83,22.079,2026-03-19 07:20:00
1773905100000,88.83,89.24,88.82,89.12,3.489,2026-03-19 07:25:00
1773905400000,89.12,89.12,89.12,89.12,0.0,2026-03-19 07:30:00
1773905700000,89.64,89.64,89.64,89.64,1.442,2026-03-19 07:35:00
1773906000000,89.76,89.76,89.76,89.76,0.106,2026-03-19 07:40:00
1773906300000,89.76,89.76,89.76,89.76,0.0,2026-03-19 07:45:00
1773906600000,89.49,89.49,89.49,89.49,0.223,2026-03-19 07:50:00
1773906900000,89.59,89.59,89.59,89.59,4.194,2026-03-19 07:55:00
1773907200000,89.59,89.59,89.59,89.59,0.0,2026-03-19 08:00:00
1773907500000,89.37,89.37,89.37,89.37,0.112,2026-03-19 08:05:00
1773907800000,89.59,89.59,89.52,89.52,0.12,2026-03-19 08:10:00
1773908100000,89.52,89.52,89.52,89.52,0.0,2026-03-19 08:15:00
1773908400000,89.52,89.52,89.52,89.52,1.117,2026-03-19 08:20:00
1773908700000,89.17,89.17,89.17,89.17,4.912,2026-03-19 08:25:00
1773909000000,89.17,89.17,89.17,89.17,0.0,2026-03-19 08:30:00
1773909300000,89.23,89.23,89.23,89.23,0.086,2026-03-19 08:35:00
1773909600000,89.23,89.23,89.23,89.23,0.224,2026-03-19 08:40:00
1773909900000,89.23,89.23,89.23,89.23,0.0,2026-03-19 08:45:00
1773910200000,89.23,89.23,89.23,89.23,0.0,2026-03-19 08:50:00
1773910500000,89.23,89.23,89.23,89.23,0.0,2026-03-19 08:55:00
1773910800000,89.55,89.55,89.55,89.55,0.557,2026-03-19 09:00:00
1773911100000,89.55,89.55,89.55,89.55,0.0,2026-03-19 09:05:00
1773911400000,89.55,89.55,89.55,89.55,0.0,2026-03-19 09:10:00
1773911700000,89.55,89.55,89.55,89.55,0.0,2026-03-19 09:15:00
1773912000000,89.62,89.76,89.62,89.76,13.07,2026-03-19 09:20:00
1773912300000,89.8,89.8,89.8,89.8,0.086,2026-03-19 09:25:00
1773912600000,89.68,89.68,89.68,89.68,16.174,2026-03-19 09:30:00
1773912900000,89.7,89.7,89.7,89.7,0.178,2026-03-19 09:35:00
1773913200000,89.7,89.7,89.7,89.7,0.0,2026-03-19 09:40:00
1773913500000,89.7,89.7,89.7,89.7,0.0,2026-03-19 09:45:00
1773913800000,90.16,90.16,90.02,90.02,1.32,2026-03-19 09:50:00
1773914100000,90.1,90.24,90.1,90.2,4.482,2026-03-19 09:55:00
1773914400000,90.2,90.2,90.2,90.2,0.0,2026-03-19 10:00:00
1773914700000,90.2,90.2,90.2,90.2,0.0,2026-03-19 10:05:00
1773915000000,90.09,90.09,90.09,90.09,0.122,2026-03-19 10:10:00
1773915300000,90.09,90.09,90.09,90.09,0.0,2026-03-19 10:15:00
1773915600000,90.32,90.36,90.32,90.36,1.485,2026-03-19 10:20:00
1773915900000,90.36,90.36,90.36,90.36,0.699,2026-03-19 10:25:00
1773916200000,90.36,90.36,90.36,90.36,0.0,2026-03-19 10:30:00
1773916500000,90.09,90.09,90.09,90.09,1.0,2026-03-19 10:35:00
1773916800000,90.09,90.09,90.09,90.09,0.0,2026-03-19 10:40:00
1773917100000,89.9,89.9,89.9,89.9,5.659,2026-03-19 10:45:00
1773917400000,89.9,89.9,89.9,89.9,0.0,2026-03-19 10:50:00
1773917700000,89.9,89.9,89.9,89.9,0.0,2026-03-19 10:55:00
1773918000000,89.86,89.86,89.86,89.86,0.388,2026-03-19 11:00:00
1773918300000,89.86,89.86,89.86,89.86,0.0,2026-03-19 11:05:00
1773918600000,89.9,89.9,89.9,89.9,0.166,2026-03-19 11:10:00
1773918900000,89.89,89.89,89.89,89.89,1.112,2026-03-19 11:15:00
1773919200000,89.89,89.89,89.89,89.89,0.0,2026-03-19 11:20:00
1773919500000,89.89,89.89,89.89,89.89,0.0,2026-03-19 11:25:00
1773919800000,89.89,89.89,89.86,89.86,62.975,2026-03-19 11:30:00
1773920100000,89.7,89.7,89.64,89.64,6.804,2026-03-19 11:35:00
1773920400000,89.48,89.5,89.48,89.5,2.626,2026-03-19 11:40:00
1773920700000,89.52,89.52,89.52,89.52,0.112,2026-03-19 11:45:00
1773921000000,89.52,89.52,89.52,89.52,0.0,2026-03-19 11:50:00
1773921300000,89.56,89.56,89.56,89.56,4.197,2026-03-19 11:55:00
1773921600000,89.54,89.54,89.54,89.54,8.05,2026-03-19 12:00:00
1773921900000,89.45,89.45,89.45,89.45,0.171,2026-03-19 12:05:00
1773922200000,89.37,89.44,89.37,89.44,0.2,2026-03-19 12:10:00
1773922500000,89.44,89.44,89.44,89.44,0.0,2026-03-19 12:15:00
1773922800000,89.19,89.19,89.19,89.19,0.034,2026-03-19 12:20:00
1773923100000,89.13,89.13,89.07,89.07,6.931,2026-03-19 12:25:00
1773923400000,88.96,88.96,88.92,88.92,10.361,2026-03-19 12:30:00
1773923700000,89.04,89.04,89.03,89.03,0.176,2026-03-19 12:35:00
1773924000000,88.96,88.96,88.94,88.94,0.476,2026-03-19 12:40:00
1773924300000,88.89,88.89,88.79,88.8,0.51,2026-03-19 12:45:00
1773924600000,88.58,88.58,88.09,88.09,48.38,2026-03-19 12:50:00
1773924900000,88.22,88.34,88.16,88.23,4.899,2026-03-19 12:55:00
1773925200000,88.12,88.22,87.8,88.22,21.01,2026-03-19 13:00:00
1773925500000,88.26,88.26,88.12,88.12,0.505,2026-03-19 13:05:00
1773925800000,87.73,87.74,87.7,87.74,5.911,2026-03-19 13:10:00
1773926100000,87.9,87.97,87.9,87.97,8.206,2026-03-19 13:15:00
1773926400000,88.14,88.45,88.14,88.45,7.398,2026-03-19 13:20:00
1773926700000,88.0,88.0,87.91,87.91,1.904,2026-03-19 13:25:00
1773927000000,87.82,87.98,87.82,87.91,0.849,2026-03-19 13:30:00
1773927300000,87.76,87.76,87.61,87.62,47.36,2026-03-19 13:35:00
1773927600000,87.64,88.64,87.64,88.64,0.309,2026-03-19 13:40:00
1773927900000,88.31,88.31,88.28,88.28,45.867,2026-03-19 13:45:00
1773928200000,88.28,88.28,88.28,88.28,0.0,2026-03-19 13:50:00
1773928500000,88.58,88.58,88.58,88.58,0.088,2026-03-19 13:55:00
1773928800000,88.58,88.58,88.33,88.33,1.821,2026-03-19 14:00:00
1773929100000,88.37,88.4,88.07,88.07,11.414,2026-03-19 14:05:00
1773929400000,88.24,88.34,88.09,88.09,9.892,2026-03-19 14:10:00
1773929700000,88.0,88.1,88.0,88.03,0.264,2026-03-19 14:15:00
1773930000000,87.89,87.89,87.87,87.88,1.176,2026-03-19 14:20:00
1773930300000,87.98,87.98,87.69,87.69,11.102,2026-03-19 14:25:00
1773930600000,87.85,87.85,87.85,87.85,0.088,2026-03-19 14:30:00
1773930900000,87.68,87.68,87.52,87.52,17.57,2026-03-19 14:35:00
1773931200000,87.67,87.67,87.67,87.67,0.268,2026-03-19 14:40:00
1773931500000,87.77,87.77,87.77,87.77,1.14,2026-03-19 14:45:00
1773931800000,88.06,88.33,88.06,88.23,51.094,2026-03-19 14:50:00
1773932100000,88.29,88.29,88.22,88.22,42.043,2026-03-19 14:55:00
1773932400000,88.29,88.39,88.29,88.39,1.501,2026-03-19 15:00:00
1773932700000,88.63,88.69,88.42,88.44,3.617,2026-03-19 15:05:00
1773933000000,88.5,88.52,88.36,88.37,0.282,2026-03-19 15:10:00
1773933300000,88.46,88.46,87.9,87.91,23.605,2026-03-19 15:15:00
1773933600000,87.86,87.86,87.75,87.83,1.231,2026-03-19 15:20:00
1773933900000,87.86,87.86,87.78,87.78,45.374,2026-03-19 15:25:00
1773934200000,87.78,87.78,87.78,87.78,0.0,2026-03-19 15:30:00
1773934500000,87.8,87.8,87.71,87.71,0.212,2026-03-19 15:35:00
1773934800000,87.82,87.82,87.64,87.64,2.386,2026-03-19 15:40:00
1773935100000,87.52,87.52,87.23,87.26,34.674,2026-03-19 15:45:00
1773935400000,87.53,87.61,87.53,87.61,11.515,2026-03-19 15:50:00
1773935700000,87.57,87.73,87.57,87.73,0.421,2026-03-19 15:55:00
1773936000000,87.55,87.67,87.55,87.66,6.1,2026-03-19 16:00:00
1773936300000,87.55,87.55,87.47,87.51,28.474,2026-03-19 16:05:00
1773936600000,87.43,87.49,87.34,87.37,35.617,2026-03-19 16:10:00
1773936900000,87.39,87.39,87.0,87.23,5.531,2026-03-19 16:15:00
1773937200000,87.23,87.23,87.23,87.23,0.0,2026-03-19 16:20:00
1773937500000,87.51,87.57,87.51,87.57,38.99,2026-03-19 16:25:00
1773937800000,87.5,87.5,87.5,87.5,1.141,2026-03-19 16:30:00
1773938100000,87.5,87.5,87.5,87.5,0.0,2026-03-19 16:35:00
1773938400000,87.69,87.69,87.69,87.69,0.057,2026-03-19 16:40:00
1773938700000,87.64,87.64,87.64,87.64,0.057,2026-03-19 16:45:00
1773939000000,87.59,87.59,87.37,87.37,0.91,2026-03-19 16:50:00
1773939300000,87.37,87.37,87.37,87.37,0.0,2026-03-19 16:55:00
1773939600000,87.37,87.37,87.37,87.37,0.0,2026-03-19 17:00:00
1773939900000,87.52,87.52,87.46,87.46,1.084,2026-03-19 17:05:00
1773940200000,87.46,87.46,87.46,87.46,0.0,2026-03-19 17:10:00
1773940500000,87.25,87.25,87.13,87.13,1.206,2026-03-19 17:15:00
1773940800000,87.13,87.13,87.13,87.13,0.0,2026-03-19 17:20:00
1773941100000,88.03,88.03,88.03,88.03,0.092,2026-03-19 17:25:00
1773941400000,88.03,88.03,87.92,87.92,1.149,2026-03-19 17:30:00
1773941700000,87.71,87.71,87.69,87.69,0.29,2026-03-19 17:35:00
1773942000000,87.69,87.69,87.69,87.69,0.0,2026-03-19 17:40:00
1773942300000,87.79,87.79,87.79,87.79,4.436,2026-03-19 17:45:00
1773942600000,88.19,88.32,88.19,88.25,93.695,2026-03-19 17:50:00
1773942900000,88.19,88.22,88.19,88.22,1.196,2026-03-19 17:55:00
1773943200000,88.12,88.13,88.09,88.09,1.301,2026-03-19 18:00:00
1773943500000,88.07,88.09,88.07,88.09,1.178,2026-03-19 18:05:00
1773943800000,88.12,88.24,88.12,88.24,1.099,2026-03-19 18:10:00
1773944100000,88.16,88.16,87.89,87.89,8.091,2026-03-19 18:15:00
1773944400000,87.89,87.89,87.89,87.89,0.0,2026-03-19 18:20:00
1773944700000,87.88,87.94,87.8,87.8,8.222,2026-03-19 18:25:00
1773945000000,87.8,87.8,87.8,87.8,0.0,2026-03-19 18:30:00
1773945300000,87.8,87.83,87.8,87.83,8.211,2026-03-19 18:35:00
1773945600000,87.86,87.86,87.81,87.81,3.959,2026-03-19 18:40:00
1773945900000,87.8,87.8,87.8,87.8,1.349,2026-03-19 18:45:00
1773946200000,87.8,87.9,87.67,87.9,32.493,2026-03-19 18:50:00
1773946500000,88.17,88.17,88.17,88.17,0.295,2026-03-19 18:55:00
1773946800000,88.49,88.51,88.49,88.51,0.339,2026-03-19 19:00:00
1773947100000,88.56,88.85,88.56,88.85,1.766,2026-03-19 19:05:00
1773947400000,88.89,89.26,88.89,88.94,8.332,2026-03-19 19:10:00
1773947700000,89.22,89.22,89.22,89.22,0.091,2026-03-19 19:15:00
1773948000000,89.15,89.15,89.15,89.15,1.679,2026-03-19 19:20:00
1773948300000,88.79,88.79,88.79,88.79,0.091,2026-03-19 19:25:00
1773948600000,88.79,88.79,88.79,88.79,0.0,2026-03-19 19:30:00
1773948900000,88.61,88.61,88.61,88.61,2.814,2026-03-19 19:35:00
1773949200000,88.61,88.61,88.61,88.61,0.0,2026-03-19 19:40:00
1773949500000,89.01,89.02,89.01,89.02,0.945,2026-03-19 19:45:00
1773949800000,88.93,88.93,88.82,88.82,0.268,2026-03-19 19:50:00
1773950100000,88.84,88.84,88.84,88.84,0.674,2026-03-19 19:55:00
1773950400000,88.77,88.9,88.77,88.9,1.067,2026-03-19 20:00:00
1773950700000,88.85,88.93,88.85,88.93,1.448,2026-03-19 20:05:00
1773951000000,88.73,88.75,88.72,88.72,0.184,2026-03-19 20:10:00
1773951300000,88.78,88.78,88.78,88.78,1.105,2026-03-19 20:15:00
1773951600000,89.0,89.0,89.0,89.0,0.392,2026-03-19 20:20:00
1773951900000,88.93,88.94,88.93,88.94,0.268,2026-03-19 20:25:00
1773952200000,88.87,88.89,88.87,88.88,31.051,2026-03-19 20:30:00
1773952500000,88.91,89.05,88.91,89.05,12.689,2026-03-19 20:35:00
1773952800000,89.14,89.14,89.06,89.06,0.268,2026-03-19 20:40:00
1773953100000,89.04,89.04,89.04,89.04,19.867,2026-03-19 20:45:00
1773953400000,89.07,89.07,89.07,89.07,0.56,2026-03-19 20:50:00
1773953700000,89.07,89.07,89.07,89.07,0.0,2026-03-19 20:55:00
1773954000000,89.07,89.07,89.07,89.07,0.0,2026-03-19 21:00:00
1773954300000,89.07,89.07,89.07,89.07,0.0,2026-03-19 21:05:00
1773954600000,89.07,89.07,89.07,89.07,0.0,2026-03-19 21:10:00
1773954900000,89.07,89.07,89.07,89.07,0.0,2026-03-19 21:15:00
1773955200000,89.09,89.15,89.07,89.07,8.95,2026-03-19 21:20:00
1773955500000,89.07,89.07,89.07,89.07,0.0,2026-03-19 21:25:00
1773955800000,89.07,89.07,89.07,89.07,0.0,2026-03-19 21:30:00
1773956100000,89.07,89.07,89.07,89.07,0.0,2026-03-19 21:35:00
1773956400000,88.95,88.95,88.95,88.95,1.0,2026-03-19 21:40:00
1773956700000,88.95,88.95,88.95,88.95,0.0,2026-03-19 21:45:00
1773957000000,88.95,88.95,88.95,88.95,0.0,2026-03-19 21:50:00
1773957300000,89.19,89.2,89.19,89.2,7.277,2026-03-19 21:55:00
1773957600000,89.16,89.16,89.05,89.05,1.234,2026-03-19 22:00:00
1773957900000,89.08,89.08,89.08,89.08,0.213,2026-03-19 22:05:00
1773958200000,89.11,89.11,89.07,89.07,0.278,2026-03-19 22:10:00
1773958500000,89.07,89.07,89.07,89.07,0.0,2026-03-19 22:15:00
1773958800000,89.08,89.08,89.08,89.08,0.608,2026-03-19 22:20:00
1773959100000,89.09,89.09,89.07,89.07,28.088,2026-03-19 22:25:00
1773959400000,88.94,88.94,88.66,88.69,16.979,2026-03-19 22:30:00
1773959700000,88.46,88.48,88.46,88.48,0.273,2026-03-19 22:35:00
1773960000000,88.48,88.48,88.48,88.48,0.0,2026-03-19 22:40:00
1773960300000,88.48,88.48,88.48,88.48,0.0,2026-03-19 22:45:00
1773960600000,88.48,88.48,88.48,88.48,0.0,2026-03-19 22:50:00
1773960900000,88.48,88.48,88.48,88.48,0.0,2026-03-19 22:55:00
1773961200000,88.9,89.09,88.87,89.09,5.491,2026-03-19 23:00:00
1773961500000,89.18,89.2,89.18,89.2,0.559,2026-03-19 23:05:00
1773961800000,89.16,89.16,89.15,89.15,0.583,2026-03-19 23:10:00
1773962100000,89.15,89.15,89.15,89.15,0.0,2026-03-19 23:15:00
1773962400000,89.04,89.04,89.04,89.04,5.04,2026-03-19 23:20:00
1773962700000,89.04,89.04,89.04,89.04,0.0,2026-03-19 23:25:00
1773963000000,89.04,89.04,89.04,89.04,0.0,2026-03-19 23:30:00
1773963300000,88.74,88.74,88.72,88.72,81.407,2026-03-19 23:35:00
1773963600000,88.72,88.72,88.72,88.72,0.0,2026-03-19 23:40:00
1773963900000,88.74,88.74,88.74,88.74,1.124,2026-03-19 23:45:00
1773964200000,88.8,88.8,88.8,88.8,0.09,2026-03-19 23:50:00
1773964500000,88.93,88.93,88.93,88.93,0.034,2026-03-19 23:55:00
1773964800000,88.94,88.94,88.94,88.94,4.211,2026-03-20 00:00:00
1773965100000,89.2,89.2,89.2,89.2,0.224,2026-03-20 00:05:00
1773965400000,89.28,89.33,89.28,89.33,0.752,2026-03-20 00:10:00
1773965700000,89.13,89.13,89.13,89.13,1.683,2026-03-20 00:15:00
1773966000000,89.2,89.2,89.19,89.19,0.964,2026-03-20 00:20:00
1773966300000,89.19,89.19,89.19,89.19,0.0,2026-03-20 00:25:00
1773966600000,89.19,89.19,89.19,89.19,0.0,2026-03-20 00:30:00
1773966900000,89.33,89.33,89.33,89.33,0.267,2026-03-20 00:35:00
1773967200000,89.33,89.33,89.33,89.33,0.0,2026-03-20 00:40:00
1773967500000,89.29,89.29,89.29,89.29,0.104,2026-03-20 00:45:00
1773967800000,89.29,89.29,89.29,89.29,0.0,2026-03-20 00:50:00
1773968100000,89.29,89.29,89.29,89.29,0.0,2026-03-20 00:55:00
1773968400000,89.5,89.64,89.5,89.64,5.408,2026-03-20 01:00:00
1773968700000,89.64,89.64,89.61,89.61,23.606,2026-03-20 01:05:00
1773969000000,89.58,89.58,89.58,89.58,3.502,2026-03-20 01:10:00
1773969300000,89.58,89.58,89.58,89.58,0.0,2026-03-20 01:15:00
1773969600000,89.54,89.54,89.54,89.54,0.335,2026-03-20 01:20:00
1773969900000,89.54,89.54,89.54,89.54,0.0,2026-03-20 01:25:00
1773970200000,89.49,89.49,89.49,89.49,1.519,2026-03-20 01:30:00
1773970500000,89.66,89.66,89.66,89.66,0.089,2026-03-20 01:35:00
1773970800000,89.71,89.71,89.71,89.71,0.366,2026-03-20 01:40:00
1773971100000,89.64,89.64,89.58,89.58,5.131,2026-03-20 01:45:00
1773971400000,89.58,89.58,89.58,89.58,0.278,2026-03-20 01:50:00
1773971700000,89.65,89.65,89.58,89.58,4.354,2026-03-20 01:55:00
1773972000000,89.49,89.52,89.47,89.47,1.845,2026-03-20 02:00:00
1773972300000,89.48,89.48,89.48,89.48,1.4,2026-03-20 02:05:00
1773972600000,89.48,89.48,89.48,89.48,0.0,2026-03-20 02:10:00
1773972900000,89.48,89.48,89.48,89.48,0.0,2026-03-20 02:15:00
1773973200000,89.48,89.48,89.48,89.48,0.0,2026-03-20 02:20:00
1773973500000,89.48,89.48,89.48,89.48,0.0,2026-03-20 02:25:00
1773973800000,89.48,89.48,89.48,89.48,0.0,2026-03-20 02:30:00
1773974100000,88.92,88.92,88.92,88.92,1.442,2026-03-20 02:35:00
1773974400000,88.92,88.92,88.92,88.92,0.0,2026-03-20 02:40:00
1773974700000,88.92,88.92,88.92,88.92,0.0,2026-03-20 02:45:00
1773975000000,89.34,89.35,89.34,89.35,10.048,2026-03-20 02:50:00
1773975300000,89.35,89.35,89.35,89.35,0.0,2026-03-20 02:55:00
1773975600000,89.3,89.35,89.3,89.35,0.681,2026-03-20 03:00:00
1773975900000,89.35,89.35,89.35,89.35,0.0,2026-03-20 03:05:00
1773976200000,89.41,89.41,89.38,89.38,0.491,2026-03-20 03:10:00
1773976500000,89.33,89.49,89.33,89.49,0.245,2026-03-20 03:15:00
1773976800000,89.54,89.54,89.54,89.54,1.303,2026-03-20 03:20:00
1773977100000,89.54,89.54,89.54,89.54,0.0,2026-03-20 03:25:00
1773977400000,89.64,89.64,89.64,89.64,1.442,2026-03-20 03:30:00
1773977700000,89.64,89.64,89.64,89.64,0.0,2026-03-20 03:35:00
1773978000000,89.64,89.64,89.64,89.64,0.0,2026-03-20 03:40:00
1773978300000,89.4,89.48,89.4,89.48,4.561,2026-03-20 03:45:00
1773978600000,89.6,89.71,89.58,89.58,2.968,2026-03-20 03:50:00
1773978900000,89.67,89.67,89.67,89.67,0.111,2026-03-20 03:55:00
1773979200000,89.55,89.58,89.5,89.58,3.228,2026-03-20 04:00:00
1773979500000,89.58,89.58,89.58,89.58,0.0,2026-03-20 04:05:00
1773979800000,89.58,89.58,89.58,89.58,0.0,2026-03-20 04:10:00
1773980100000,89.58,89.58,89.58,89.58,0.0,2026-03-20 04:15:00
1773980400000,89.53,89.53,89.53,89.53,1.0,2026-03-20 04:20:00
1773980700000,89.49,89.49,89.49,89.49,0.055,2026-03-20 04:25:00
1773981000000,89.2,89.2,89.2,89.2,0.089,2026-03-20 04:30:00
1773981300000,89.16,89.16,89.16,89.16,0.123,2026-03-20 04:35:00
1773981600000,88.92,88.93,88.79,88.79,2.8,2026-03-20 04:40:00
1773981900000,88.84,88.84,88.84,88.84,0.219,2026-03-20 04:45:00
1773982200000,89.15,89.15,89.15,89.15,0.726,2026-03-20 04:50:00
1773982500000,89.29,89.29,89.29,89.29,2.2,2026-03-20 04:55:00
1773982800000,89.29,89.29,89.29,89.29,0.0,2026-03-20 05:00:00
1773983100000,89.15,89.24,89.14,89.24,0.179,2026-03-20 05:05:00
1773983400000,89.33,89.33,89.33,89.33,0.033,2026-03-20 05:10:00
1773983700000,89.32,89.32,89.32,89.32,0.054,2026-03-20 05:15:00
1773984000000,89.32,89.32,89.32,89.32,0.0,2026-03-20 05:20:00
1773984300000,89.08,89.08,88.94,88.98,4.159,2026-03-20 05:25:00
1773984600000,89.0,89.0,88.88,88.88,23.07,2026-03-20 05:30:00
1773984900000,88.88,88.88,88.88,88.88,0.0,2026-03-20 05:35:00
1773985200000,89.41,89.41,89.41,89.41,0.22,2026-03-20 05:40:00
1773985500000,89.41,89.41,89.41,89.41,0.0,2026-03-20 05:45:00
1773985800000,89.41,89.41,89.41,89.41,0.0,2026-03-20 05:50:00
1773986100000,89.41,89.41,89.41,89.41,0.0,2026-03-20 05:55:00
1773986400000,89.3,89.3,89.26,89.26,0.248,2026-03-20 06:00:00
1773986700000,89.26,89.26,89.26,89.26,0.0,2026-03-20 06:05:00
1773987000000,89.16,89.16,89.16,89.16,0.042,2026-03-20 06:10:00
1773987300000,89.16,89.16,89.16,89.16,0.0,2026-03-20 06:15:00
1773987600000,89.05,89.05,88.95,88.95,91.264,2026-03-20 06:20:00
1773987900000,88.92,89.03,88.92,89.03,11.783,2026-03-20 06:25:00
1773988200000,89.03,89.03,89.03,89.03,0.0,2026-03-20 06:30:00
1773988500000,89.03,89.03,89.03,89.03,0.0,2026-03-20 06:35:00
1773988800000,89.03,89.03,89.03,89.03,1.123,2026-03-20 06:40:00
1773989100000,89.03,89.03,89.03,89.03,0.0,2026-03-20 06:45:00
1773989400000,89.03,89.03,89.03,89.03,0.0,2026-03-20 06:50:00
1773989700000,89.03,89.03,89.03,89.03,0.0,2026-03-20 06:55:00
1773990000000,89.03,89.03,88.57,88.57,1.171,2026-03-20 07:00:00
1773990300000,88.74,88.74,88.72,88.72,3.183,2026-03-20 07:05:00
1773990600000,88.66,88.66,88.66,88.66,0.056,2026-03-20 07:10:00
1773990900000,88.66,88.66,88.66,88.66,0.0,2026-03-20 07:15:00
1773991200000,88.66,88.66,88.66,88.66,0.0,2026-03-20 07:20:00
1773991500000,88.66,88.66,88.66,88.66,0.0,2026-03-20 07:25:00
1773991800000,88.66,88.66,88.66,88.66,0.0,2026-03-20 07:30:00
1773992100000,88.66,88.66,88.66,88.66,0.0,2026-03-20 07:35:00
1773992400000,88.66,88.66,88.66,88.66,0.0,2026-03-20 07:40:00
1773992700000,88.66,88.66,88.66,88.66,0.0,2026-03-20 07:45:00
1773993000000,88.66,88.66,88.66,88.66,0.0,2026-03-20 07:50:00
1773993300000,88.66,88.66,88.66,88.66,0.0,2026-03-20 07:55:00
1773993600000,88.66,88.66,88.66,88.66,0.0,2026-03-20 08:00:00
1773993900000,89.57,90.18,89.57,90.18,11.341,2026-03-20 08:05:00
1773994200000,90.25,90.44,90.05,90.05,12.796,2026-03-20 08:10:00
1773994500000,90.12,90.12,90.12,90.12,0.47,2026-03-20 08:15:00
1773994800000,90.12,90.12,90.12,90.12,0.0,2026-03-20 08:20:00
1773995100000,89.97,89.97,89.91,89.91,0.574,2026-03-20 08:25:00
1773995400000,89.75,89.75,89.75,89.75,0.012,2026-03-20 08:30:00
1773995700000,89.75,89.75,89.75,89.75,0.0,2026-03-20 08:35:00
1773996000000,89.75,89.75,89.75,89.75,0.0,2026-03-20 08:40:00
1773996300000,89.75,89.75,89.75,89.75,0.0,2026-03-20 08:45:00
1773996600000,89.75,89.75,89.75,89.75,0.0,2026-03-20 08:50:00
1773996900000,89.75,89.75,89.75,89.75,0.0,2026-03-20 08:55:00
1773997200000,89.78,89.78,89.64,89.64,1.471,2026-03-20 09:00:00
1773997500000,89.64,89.64,89.64,89.64,0.0,2026-03-20 09:05:00
1773997800000,89.64,89.64,89.64,89.64,0.0,2026-03-20 09:10:00
1773998100000,89.08,89.08,89.08,89.08,0.2,2026-03-20 09:15:00
1773998400000,89.01,89.01,88.79,88.79,53.138,2026-03-20 09:20:00
1773998700000,88.79,88.79,88.79,88.79,0.0,2026-03-20 09:25:00
1773999000000,88.76,88.8,88.76,88.8,0.347,2026-03-20 09:30:00
1773999300000,89.09,89.09,89.08,89.08,2.367,2026-03-20 09:35:00
1773999600000,88.99,89.03,88.99,89.03,1.122,2026-03-20 09:40:00
1773999900000,88.98,88.98,88.98,88.98,3.054,2026-03-20 09:45:00
1774000200000,88.98,88.98,88.98,88.98,0.0,2026-03-20 09:50:00
1774000500000,88.98,88.98,88.98,88.98,0.0,2026-03-20 09:55:00
1774000800000,88.98,88.98,88.98,88.98,0.0,2026-03-20 10:00:00
1774001100000,88.91,88.91,88.91,88.91,0.617,2026-03-20 10:05:00
1774001400000,88.91,88.91,88.91,88.91,0.0,2026-03-20 10:10:00
1774001700000,88.75,88.75,88.75,88.75,1.124,2026-03-20 10:15:00
1774002000000,88.75,88.75,88.75,88.75,2.247,2026-03-20 10:20:00
1774002300000,88.75,88.75,88.75,88.75,0.0,2026-03-20 10:25:00
1774002600000,88.75,88.75,88.75,88.75,0.0,2026-03-20 10:30:00
1774002900000,88.75,88.75,88.75,88.75,0.0,2026-03-20 10:35:00
1774003200000,88.75,88.75,88.75,88.75,0.0,2026-03-20 10:40:00
1774003500000,88.75,88.75,88.75,88.75,0.0,2026-03-20 10:45:00
1774003800000,88.75,88.75,88.75,88.75,0.0,2026-03-20 10:50:00
1774004100000,89.34,89.34,89.34,89.34,4.229,2026-03-20 10:55:00
1774004400000,89.31,89.32,89.31,89.32,0.304,2026-03-20 11:00:00
1774004700000,89.54,89.54,89.5,89.5,0.59,2026-03-20 11:05:00
1774005000000,89.5,89.5,89.5,89.5,0.0,2026-03-20 11:10:00
1774005300000,89.38,89.38,89.38,89.38,0.134,2026-03-20 11:15:00
1774005600000,89.38,89.38,89.38,89.38,0.0,2026-03-20 11:20:00
1774005900000,89.46,89.46,89.43,89.43,4.496,2026-03-20 11:25:00
1774006200000,89.43,89.43,89.43,89.43,0.0,2026-03-20 11:30:00
1774006500000,89.43,89.43,89.43,89.43,1.118,2026-03-20 11:35:00
1774006800000,89.43,89.43,89.43,89.43,0.0,2026-03-20 11:40:00
1774007100000,88.95,88.95,88.95,88.95,3.0,2026-03-20 11:45:00
1774007400000,89.02,89.02,89.02,89.02,0.112,2026-03-20 11:50:00
1774007700000,89.11,89.14,89.11,89.14,1.056,2026-03-20 11:55:00
1774008000000,89.2,89.2,89.2,89.2,3.41,2026-03-20 12:00:00
1774008300000,89.4,89.45,89.4,89.45,0.312,2026-03-20 12:05:00
1774008600000,89.54,89.54,89.54,89.54,0.122,2026-03-20 12:10:00
1774008900000,89.54,89.54,89.54,89.54,0.0,2026-03-20 12:15:00
1774009200000,89.33,89.33,89.32,89.32,0.582,2026-03-20 12:20:00
1774009500000,89.32,89.32,89.32,89.32,0.0,2026-03-20 12:25:00
1774009800000,89.32,89.32,89.32,89.32,0.0,2026-03-20 12:30:00
1774010100000,89.3,89.3,89.3,89.3,1.117,2026-03-20 12:35:00
1774010400000,89.28,89.28,89.28,89.28,2.989,2026-03-20 12:40:00
1774010700000,89.28,89.28,89.28,89.28,0.0,2026-03-20 12:45:00
1774011000000,89.16,89.16,89.16,89.16,0.132,2026-03-20 12:50:00
1774011300000,89.16,89.16,89.16,89.16,2.242,2026-03-20 12:55:00
1774011600000,89.13,89.43,89.13,89.43,1.871,2026-03-20 13:00:00
1774011900000,89.35,89.51,89.35,89.51,1.307,2026-03-20 13:05:00
1774012200000,89.38,89.38,89.12,89.13,0.49,2026-03-20 13:10:00
1774012500000,89.24,89.31,89.2,89.22,0.51,2026-03-20 13:15:00
1774012800000,89.32,89.41,89.32,89.41,2.573,2026-03-20 13:20:00
1774013100000,89.53,89.53,89.4,89.4,0.265,2026-03-20 13:25:00
1774013400000,89.0,89.02,88.99,89.02,3.088,2026-03-20 13:30:00
1774013700000,88.78,88.9,88.7,88.74,0.933,2026-03-20 13:35:00
1774014000000,88.72,89.24,88.7,89.24,4.121,2026-03-20 13:40:00
1774014300000,89.27,89.27,89.15,89.15,0.191,2026-03-20 13:45:00
1774014600000,88.96,88.97,88.96,88.97,4.484,2026-03-20 13:50:00
1774014900000,88.97,88.97,88.97,88.97,0.0,2026-03-20 13:55:00
1774015200000,88.97,88.97,88.97,88.97,0.0,2026-03-20 14:00:00
1774015500000,89.09,89.15,88.85,88.85,4.26,2026-03-20 14:05:00
1774015800000,88.85,88.85,88.85,88.85,0.06,2026-03-20 14:10:00
1774016100000,88.59,88.59,88.59,88.59,0.124,2026-03-20 14:15:00
1774016400000,88.85,88.85,88.85,88.85,1.675,2026-03-20 14:20:00
1774016700000,89.06,89.32,89.06,89.32,0.651,2026-03-20 14:25:00
1774017000000,89.45,89.7,89.45,89.6,15.121,2026-03-20 14:30:00
1774017300000,89.61,89.61,89.37,89.57,2.15,2026-03-20 14:35:00
1774017600000,89.54,89.54,89.34,89.35,9.942,2026-03-20 14:40:00
1774017900000,89.29,89.4,89.25,89.4,1.306,2026-03-20 14:45:00
1774018200000,89.31,89.31,89.02,89.07,0.174,2026-03-20 14:50:00
1774018500000,89.01,89.08,88.99,88.99,4.433,2026-03-20 14:55:00
1774018800000,88.97,89.09,88.77,88.77,3.767,2026-03-20 15:00:00
1774019100000,88.85,88.88,88.64,88.64,3.295,2026-03-20 15:05:00
1774019400000,88.71,89.04,88.71,89.04,1.21,2026-03-20 15:10:00
1774019700000,88.95,88.99,88.83,88.83,0.652,2026-03-20 15:15:00
1774020000000,88.67,88.69,88.67,88.68,0.221,2026-03-20 15:20:00
1774020300000,88.98,89.03,88.98,89.03,0.254,2026-03-20 15:25:00
1774020600000,88.99,89.22,88.99,89.22,5.218,2026-03-20 15:30:00
1774020900000,89.01,89.08,89.01,89.08,0.073,2026-03-20 15:35:00
1774021200000,89.0,89.08,89.0,89.08,6.412,2026-03-20 15:40:00
1774021500000,89.0,89.08,89.0,89.08,3.049,2026-03-20 15:45:00
1774021800000,88.97,89.01,88.97,89.01,2.717,2026-03-20 15:50:00
1774022100000,88.73,88.83,88.73,88.83,0.67,2026-03-20 15:55:00
1774022400000,88.95,89.1,88.95,89.1,1.145,2026-03-20 16:00:00
1774022700000,89.08,89.08,88.99,88.99,4.366,2026-03-20 16:05:00
1774023000000,89.14,89.14,88.99,88.99,0.115,2026-03-20 16:10:00
1774023300000,88.94,88.94,88.94,88.94,0.039,2026-03-20 16:15:00
1774023600000,89.15,89.15,89.12,89.13,0.092,2026-03-20 16:20:00
1774023900000,89.04,89.06,89.04,89.06,0.082,2026-03-20 16:25:00
1774024200000,89.03,89.04,88.87,89.04,8.944,2026-03-20 16:30:00
1774024500000,88.93,88.93,88.87,88.87,11.006,2026-03-20 16:35:00
1774024800000,88.91,88.91,88.91,88.91,0.025,2026-03-20 16:40:00
1774025100000,88.91,88.91,88.91,88.91,0.0,2026-03-20 16:45:00
1774025400000,88.85,88.85,88.63,88.63,2.723,2026-03-20 16:50:00
1774025700000,88.63,88.63,88.63,88.63,0.0,2026-03-20 16:55:00
1774026000000,88.63,88.63,88.63,88.63,0.0,2026-03-20 17:00:00
1774026300000,88.97,88.98,88.97,88.98,0.179,2026-03-20 17:05:00
1774026600000,88.92,88.92,88.88,88.88,0.085,2026-03-20 17:10:00
1774026900000,88.79,88.89,88.79,88.88,2.694,2026-03-20 17:15:00
1774027200000,88.75,88.75,88.75,88.75,0.12,2026-03-20 17:20:00
1774027500000,88.73,88.73,88.73,88.73,0.281,2026-03-20 17:25:00
1774027800000,88.56,88.56,88.33,88.33,25.587,2026-03-20 17:30:00
1774028100000,88.28,88.28,88.19,88.19,2.438,2026-03-20 17:35:00
1774028400000,88.3,88.3,88.3,88.3,1.129,2026-03-20 17:40:00
1774028700000,88.32,88.33,88.24,88.24,0.962,2026-03-20 17:45:00
1774029000000,88.35,88.35,88.35,88.35,0.113,2026-03-20 17:50:00
1774029300000,88.78,88.92,88.78,88.92,241.985,2026-03-20 17:55:00
1774029600000,88.9,88.9,88.9,88.9,0.056,2026-03-20 18:00:00
1774029900000,88.87,88.87,88.85,88.85,1.179,2026-03-20 18:05:00
1774030200000,88.74,88.74,88.74,88.74,3.278,2026-03-20 18:10:00
1774030500000,88.74,88.74,88.74,88.74,0.0,2026-03-20 18:15:00
1774030800000,88.7,88.72,88.7,88.72,1.612,2026-03-20 18:20:00
1774031100000,88.72,88.72,88.72,88.72,0.0,2026-03-20 18:25:00
1774031400000,88.53,88.53,88.53,88.53,0.09,2026-03-20 18:30:00
1774031700000,88.53,88.53,88.53,88.53,0.0,2026-03-20 18:35:00
1774032000000,88.35,88.45,88.35,88.45,0.18,2026-03-20 18:40:00
1774032300000,88.52,88.52,88.52,88.52,0.09,2026-03-20 18:45:00
1774032600000,88.55,88.64,88.55,88.64,0.259,2026-03-20 18:50:00
1774032900000,88.64,88.64,88.64,88.64,1.127,2026-03-20 18:55:00
1774033200000,88.76,88.76,88.67,88.72,38.557,2026-03-20 19:00:00
1774033500000,88.61,88.67,88.61,88.67,0.698,2026-03-20 19:05:00
1774033800000,88.59,88.59,88.47,88.53,0.904,2026-03-20 19:10:00
1774034100000,88.53,88.53,88.53,88.53,0.0,2026-03-20 19:15:00
1774034400000,88.53,88.53,88.53,88.53,0.0,2026-03-20 19:20:00
1774034700000,88.42,88.42,88.42,88.42,0.041,2026-03-20 19:25:00
1774035000000,88.68,88.68,88.41,88.41,0.819,2026-03-20 19:30:00
1774035300000,88.44,88.46,88.24,88.25,0.744,2026-03-20 19:35:00
1774035600000,88.55,88.69,88.54,88.69,0.45,2026-03-20 19:40:00
1774035900000,88.69,88.69,88.69,88.69,0.0,2026-03-20 19:45:00
1774036200000,88.69,88.69,88.69,88.69,0.0,2026-03-20 19:50:00
1774036500000,89.01,89.01,89.01,89.01,0.09,2026-03-20 19:55:00
1774036800000,89.08,89.1,89.05,89.05,0.359,2026-03-20 20:00:00
1774037100000,89.12,89.19,89.1,89.19,0.235,2026-03-20 20:05:00
1774037400000,89.32,89.33,89.32,89.33,0.18,2026-03-20 20:10:00
1774037700000,89.16,89.16,89.16,89.16,0.088,2026-03-20 20:15:00
1774038000000,88.95,88.98,88.95,88.95,71.206,2026-03-20 20:20:00
1774038300000,88.97,88.98,88.92,88.92,5.664,2026-03-20 20:25:00
1774038600000,88.75,88.75,88.75,88.75,0.112,2026-03-20 20:30:00
1774038900000,88.75,88.75,88.75,88.75,0.0,2026-03-20 20:35:00
1774039200000,88.78,88.79,88.76,88.78,55.708,2026-03-20 20:40:00
1774039500000,88.84,88.84,88.84,88.84,0.09,2026-03-20 20:45:00
1774039800000,89.04,89.04,89.04,89.04,0.438,2026-03-20 20:50:00
1774040100000,89.01,89.01,89.01,89.01,4.201,2026-03-20 20:55:00
1774040400000,89.04,89.04,89.04,89.04,6.92,2026-03-20 21:00:00
1774040700000,89.04,89.04,89.04,89.04,0.0,2026-03-20 21:05:00
1774041000000,89.03,89.03,89.03,89.03,0.449,2026-03-20 21:10:00
1774041300000,89.51,89.76,89.51,89.76,1.766,2026-03-20 21:15:00
1774041600000,89.61,89.61,89.61,89.61,77.257,2026-03-20 21:20:00
1774041900000,89.78,89.78,89.78,89.78,0.087,2026-03-20 21:25:00
1774042200000,89.81,89.81,89.81,89.81,0.304,2026-03-20 21:30:00
1774042500000,89.88,89.88,89.88,89.88,0.505,2026-03-20 21:35:00
1774042800000,89.61,89.61,89.61,89.61,159.664,2026-03-20 21:40:00
1774043100000,89.55,89.55,89.55,89.55,0.12,2026-03-20 21:45:00
1774043400000,89.63,89.63,89.63,89.63,0.051,2026-03-20 21:50:00
1774043700000,89.63,89.63,89.63,89.63,0.0,2026-03-20 21:55:00
1774044000000,89.62,90.2,89.62,90.15,5.572,2026-03-20 22:00:00
1774044300000,90.1,90.23,90.1,90.17,70.538,2026-03-20 22:05:00
1774044600000,89.95,89.95,89.95,89.95,0.087,2026-03-20 22:10:00
1774044900000,89.95,89.95,89.95,89.95,0.0,2026-03-20 22:15:00
1774045200000,89.95,89.97,89.95,89.97,1.163,2026-03-20 22:20:00
1774045500000,89.97,89.97,89.97,89.97,0.0,2026-03-20 22:25:00
1774045800000,89.97,89.97,89.97,89.97,0.0,2026-03-20 22:30:00
1774046100000,89.89,89.89,89.89,89.89,0.023,2026-03-20 22:35:00
1774046400000,89.89,89.89,89.89,89.89,0.0,2026-03-20 22:40:00
1774046700000,89.97,89.97,89.97,89.97,4.0,2026-03-20 22:45:00
1774047000000,90.07,90.07,90.07,90.07,3.992,2026-03-20 22:50:00
1774047300000,90.07,90.07,90.07,90.07,0.0,2026-03-20 22:55:00
1774047600000,90.11,90.11,90.11,90.11,0.087,2026-03-20 23:00:00
1774047900000,89.88,89.88,89.88,89.88,0.555,2026-03-20 23:05:00
1774048200000,89.97,89.97,89.88,89.88,0.333,2026-03-20 23:10:00
1774048500000,89.88,89.88,89.88,89.88,0.087,2026-03-20 23:15:00
1774048800000,89.96,89.98,89.96,89.98,4.568,2026-03-20 23:20:00
1774049100000,90.01,90.01,89.92,89.92,1.197,2026-03-20 23:25:00
1774049400000,89.92,89.92,89.92,89.92,0.0,2026-03-20 23:30:00
1774049700000,89.83,89.87,89.83,89.87,0.689,2026-03-20 23:35:00
1774050000000,89.9,89.9,89.9,89.9,0.123,2026-03-20 23:40:00
1774050300000,89.87,89.87,89.87,89.87,0.087,2026-03-20 23:45:00
1774050600000,89.97,89.97,89.9,89.9,1.087,2026-03-20 23:50:00
1774050900000,89.9,89.9,89.9,89.9,0.0,2026-03-20 23:55:00
1774051200000,89.91,89.91,89.89,89.89,0.471,2026-03-21 00:00:00
1774051500000,89.98,89.98,89.98,89.98,0.322,2026-03-21 00:05:00
1774051800000,89.99,89.99,89.91,89.91,1.366,2026-03-21 00:10:00
1774052100000,89.99,89.99,89.99,89.99,0.092,2026-03-21 00:15:00
1774052400000,89.99,89.99,89.99,89.99,0.0,2026-03-21 00:20:00
1774052700000,90.07,90.07,90.07,90.07,0.231,2026-03-21 00:25:00
1774053000000,89.95,90.04,89.95,90.04,1.408,2026-03-21 00:30:00
1774053300000,89.99,90.02,89.99,90.02,0.107,2026-03-21 00:35:00
1774053600000,90.02,90.02,90.02,90.02,0.0,2026-03-21 00:40:00
1774053900000,90.02,90.02,90.02,90.02,0.0,2026-03-21 00:45:00
1774054200000,90.02,90.02,90.02,90.02,0.0,2026-03-21 00:50:00
1774054500000,90.02,90.02,90.02,90.02,0.0,2026-03-21 00:55:00
1774054800000,90.12,90.12,90.12,90.12,0.111,2026-03-21 01:00:00
1774055100000,90.09,90.09,90.09,90.09,0.332,2026-03-21 01:05:00
1774055400000,90.28,90.3,90.28,90.3,0.63,2026-03-21 01:10:00
1774055700000,90.09,90.09,89.98,89.98,0.781,2026-03-21 01:15:00
1774056000000,89.98,89.98,89.98,89.98,0.0,2026-03-21 01:20:00
1774056300000,89.98,89.98,89.98,89.98,0.0,2026-03-21 01:25:00
1774056600000,89.98,89.98,89.98,89.98,0.0,2026-03-21 01:30:00
1774056900000,90.04,90.11,90.04,90.11,0.255,2026-03-21 01:35:00
1774057200000,90.05,90.05,89.98,89.98,0.567,2026-03-21 01:40:00
1774057500000,89.98,89.98,89.98,89.98,0.0,2026-03-21 01:45:00
1774057800000,89.98,89.98,89.98,89.98,0.0,2026-03-21 01:50:00
1774058100000,89.88,89.88,89.88,89.88,0.111,2026-03-21 01:55:00
1774058400000,89.87,89.87,89.79,89.79,0.47,2026-03-21 02:00:00
1774058700000,89.89,89.89,89.89,89.89,0.028,2026-03-21 02:05:00
1774059000000,89.96,89.96,89.88,89.92,3.233,2026-03-21 02:10:00
1774059300000,89.99,89.99,89.99,89.99,0.055,2026-03-21 02:15:00
1774059600000,89.99,89.99,89.99,89.99,0.0,2026-03-21 02:20:00
1774059900000,89.99,89.99,89.99,89.99,0.0,2026-03-21 02:25:00
1774060200000,89.99,89.99,89.99,89.99,0.0,2026-03-21 02:30:00
1774060500000,90.06,90.06,90.06,90.06,0.111,2026-03-21 02:35:00
1774060800000,90.2,90.2,90.2,90.2,8.258,2026-03-21 02:40:00
1774061100000,90.27,90.27,90.27,90.27,0.027,2026-03-21 02:45:00
1774061400000,90.36,90.5,90.36,90.47,7.996,2026-03-21 02:50:00
1774061700000,90.45,90.45,90.45,90.45,0.221,2026-03-21 02:55:00
1774062000000,90.42,90.42,90.37,90.37,0.696,2026-03-21 03:00:00
1774062300000,90.36,90.48,90.36,90.48,2.868,2026-03-21 03:05:00
1774062600000,90.48,90.51,90.48,90.51,0.551,2026-03-21 03:10:00
1774062900000,90.4,90.4,90.4,90.4,0.121,2026-03-21 03:15:00
1774063200000,90.46,90.46,90.46,90.46,0.27,2026-03-21 03:20:00
1774063500000,90.46,90.46,90.46,90.46,0.0,2026-03-21 03:25:00
1774063800000,90.43,90.43,90.43,90.43,0.52,2026-03-21 03:30:00
1774064100000,90.39,90.39,90.39,90.39,0.166,2026-03-21 03:35:00
1774064400000,90.39,90.39,90.39,90.39,0.0,2026-03-21 03:40:00
1774064700000,90.39,90.39,90.39,90.39,0.0,2026-03-21 03:45:00
1774065000000,90.39,90.39,90.39,90.39,0.0,2026-03-21 03:50:00
1774065300000,90.39,90.39,90.39,90.39,0.0,2026-03-21 03:55:00
1774065600000,90.58,90.73,90.55,90.68,25.782,2026-03-21 04:00:00
1774065900000,90.68,90.68,90.68,90.68,0.0,2026-03-21 04:05:00
1774066200000,90.69,90.69,90.69,90.69,1.651,2026-03-21 04:10:00
1774066500000,90.56,90.56,90.56,90.56,1.104,2026-03-21 04:15:00
1774066800000,90.56,90.56,90.56,90.56,0.0,2026-03-21 04:20:00
1774067100000,90.56,90.56,90.56,90.56,0.0,2026-03-21 04:25:00
1774067400000,90.56,90.56,90.56,90.56,0.0,2026-03-21 04:30:00
1774067700000,90.29,90.29,90.26,90.26,2.942,2026-03-21 04:35:00
1774068000000,90.2,90.2,90.15,90.15,12.296,2026-03-21 04:40:00
1774068300000,90.15,90.15,90.15,90.15,0.0,2026-03-21 04:45:00
1774068600000,90.15,90.15,90.15,90.15,0.0,2026-03-21 04:50:00
1774068900000,90.15,90.15,90.15,90.15,0.0,2026-03-21 04:55:00
1774069200000,90.31,90.31,90.29,90.29,40.996,2026-03-21 05:00:00
1774069500000,90.3,90.33,90.3,90.33,1.413,2026-03-21 05:05:00
1774069800000,90.34,90.34,90.31,90.32,0.475,2026-03-21 05:10:00
1774070100000,90.32,90.32,90.32,90.32,0.0,2026-03-21 05:15:00
1774070400000,90.37,90.46,90.37,90.46,9.008,2026-03-21 05:20:00
1774070700000,90.46,90.46,90.46,90.46,0.0,2026-03-21 05:25:00
1774071000000,90.46,90.46,90.46,90.46,0.0,2026-03-21 05:30:00
1774071300000,90.4,90.4,90.4,90.4,4.56,2026-03-21 05:35:00
1774071600000,90.4,90.4,90.4,90.4,0.0,2026-03-21 05:40:00
1774071900000,90.14,90.14,90.14,90.14,1.26,2026-03-21 05:45:00
1774072200000,89.98,89.98,89.98,89.98,7.99,2026-03-21 05:50:00
1774072500000,89.98,90.03,89.98,90.01,10.384,2026-03-21 05:55:00
1774072800000,89.95,90.15,89.95,90.14,6.968,2026-03-21 06:00:00
1774073100000,90.14,90.14,90.14,90.14,0.0,2026-03-21 06:05:00
1774073400000,90.14,90.14,90.14,90.14,0.0,2026-03-21 06:10:00
1774073700000,90.14,90.14,90.14,90.14,0.0,2026-03-21 06:15:00
1774074000000,90.11,90.11,90.11,90.11,1.107,2026-03-21 06:20:00
1774074300000,90.11,90.11,90.11,90.11,0.0,2026-03-21 06:25:00
1774074600000,90.11,90.11,90.11,90.11,0.0,2026-03-21 06:30:00
1774074900000,90.24,90.24,90.21,90.21,0.335,2026-03-21 06:35:00
1774075200000,90.21,90.21,90.21,90.21,0.0,2026-03-21 06:40:00
1774075500000,90.21,90.21,90.21,90.21,0.0,2026-03-21 06:45:00
1774075800000,90.21,90.21,90.21,90.21,0.0,2026-03-21 06:50:00
1774076100000,90.15,90.15,90.15,90.15,1.154,2026-03-21 06:55:00
1774076400000,90.15,90.15,90.15,90.15,0.0,2026-03-21 07:00:00
1774076700000,90.21,90.21,90.21,90.21,0.03,2026-03-21 07:05:00
1774077000000,90.24,90.24,90.24,90.24,0.055,2026-03-21 07:10:00
1774077300000,90.24,90.24,90.24,90.24,0.0,2026-03-21 07:15:00
1774077600000,90.36,90.36,90.18,90.18,12.728,2026-03-21 07:20:00
1774077900000,90.4,90.41,90.4,90.41,3.182,2026-03-21 07:25:00
1774078200000,90.41,90.41,90.41,90.41,0.0,2026-03-21 07:30:00
1774078500000,90.18,90.18,90.18,90.18,0.033,2026-03-21 07:35:00
1774078800000,90.18,90.18,90.18,90.18,0.0,2026-03-21 07:40:00
1774079100000,90.18,90.18,90.18,90.18,0.0,2026-03-21 07:45:00
1774079400000,90.18,90.18,90.18,90.18,0.0,2026-03-21 07:50:00
1774079700000,90.18,90.18,90.18,90.18,0.0,2026-03-21 07:55:00
1774080000000,90.18,90.18,90.18,90.18,0.0,2026-03-21 08:00:00
1774080300000,90.06,90.11,90.04,90.04,0.535,2026-03-21 08:05:00
1774080600000,90.02,90.02,90.02,90.02,0.045,2026-03-21 08:10:00
1774080900000,90.02,90.02,90.02,90.02,0.0,2026-03-21 08:15:00
1774081200000,90.02,90.02,90.02,90.02,0.0,2026-03-21 08:20:00
1774081500000,90.02,90.02,90.02,90.02,0.0,2026-03-21 08:25:00
1774081800000,89.92,89.92,89.87,89.89,0.353,2026-03-21 08:30:00
1774082100000,89.89,89.89,89.89,89.89,0.0,2026-03-21 08:35:00
1774082400000,89.89,89.89,89.89,89.89,0.0,2026-03-21 08:40:00
1774082700000,89.89,89.89,89.89,89.89,0.0,2026-03-21 08:45:00
1774083000000,89.89,89.89,89.89,89.89,0.0,2026-03-21 08:50:00
1774083300000,89.89,89.89,89.89,89.89,0.0,2026-03-21 08:55:00
1774083600000,90.05,90.05,90.05,90.05,0.089,2026-03-21 09:00:00
1774083900000,90.12,90.12,90.12,90.12,7.814,2026-03-21 09:05:00
1774084200000,90.12,90.12,90.12,90.12,0.0,2026-03-21 09:10:00
1774084500000,90.13,90.13,90.13,90.13,0.277,2026-03-21 09:15:00
1774084800000,90.13,90.13,90.13,90.13,0.0,2026-03-21 09:20:00
1774085100000,90.13,90.13,90.13,90.13,0.0,2026-03-21 09:25:00
1774085400000,90.13,90.13,90.13,90.13,0.0,2026-03-21 09:30:00
1774085700000,90.13,90.13,90.13,90.13,0.0,2026-03-21 09:35:00
1774086000000,90.13,90.13,90.13,90.13,0.0,2026-03-21 09:40:00
1774086300000,90.13,90.13,90.13,90.13,0.0,2026-03-21 09:45:00
1774086600000,90.25,90.25,90.22,90.22,47.643,2026-03-21 09:50:00
1774086900000,90.2,90.2,90.2,90.2,0.088,2026-03-21 09:55:00
1774087200000,90.2,90.2,90.2,90.2,0.0,2026-03-21 10:00:00
1774087500000,90.12,90.12,90.12,90.12,0.811,2026-03-21 10:05:00
1774087800000,90.12,90.12,90.12,90.12,0.0,2026-03-21 10:10:00
1774088100000,90.12,90.12,90.12,90.12,0.0,2026-03-21 10:15:00
1774088400000,90.12,90.12,90.12,90.12,0.0,2026-03-21 10:20:00
1774088700000,90.12,90.12,90.12,90.12,0.0,2026-03-21 10:25:00
1774089000000,90.12,90.12,90.12,90.12,0.0,2026-03-21 10:30:00
1774089300000,90.12,90.12,90.12,90.12,0.0,2026-03-21 10:35:00
1774089600000,90.12,90.12,90.12,90.12,0.0,2026-03-21 10:40:00
1774089900000,90.12,90.12,90.12,90.12,0.0,2026-03-21 10:45:00
1774090200000,90.12,90.12,90.12,90.12,0.0,2026-03-21 10:50:00
1774090500000,90.12,90.12,90.12,90.12,0.0,2026-03-21 10:55:00
1774090800000,90.12,90.12,90.12,90.12,0.0,2026-03-21 11:00:00
1774091100000,90.12,90.12,90.12,90.12,0.0,2026-03-21 11:05:00
1774091400000,90.12,90.12,90.12,90.12,0.0,2026-03-21 11:10:00
1774091700000,90.12,90.12,90.12,90.12,0.0,2026-03-21 11:15:00
1774092000000,90.12,90.12,90.12,90.12,0.0,2026-03-21 11:20:00
1774092300000,90.12,90.12,90.12,90.12,0.0,2026-03-21 11:25:00
1774092600000,89.85,89.85,89.85,89.85,1.905,2026-03-21 11:30:00
1774092900000,89.85,89.85,89.85,89.85,0.0,2026-03-21 11:35:00
1774093200000,89.85,89.85,89.85,89.85,0.0,2026-03-21 11:40:00
1774093500000,89.85,89.85,89.85,89.85,0.0,2026-03-21 11:45:00
1774093800000,89.85,89.85,89.85,89.85,0.0,2026-03-21 11:50:00
1774094100000,89.85,89.85,89.85,89.85,0.0,2026-03-21 11:55:00
1774094400000,90.04,90.04,90.04,90.04,0.022,2026-03-21 12:00:00
1774094700000,90.04,90.04,90.04,90.04,0.0,2026-03-21 12:05:00
1774095000000,89.99,89.99,89.99,89.99,0.049,2026-03-21 12:10:00
1774095300000,90.01,90.01,90.01,90.01,3.465,2026-03-21 12:15:00
1774095600000,90.01,90.01,90.01,90.01,0.0,2026-03-21 12:20:00
1774095900000,90.01,90.01,90.01,90.01,0.0,2026-03-21 12:25:00
1774096200000,90.01,90.01,90.01,90.01,0.0,2026-03-21 12:30:00
1774096500000,90.22,90.22,90.22,90.22,0.471,2026-03-21 12:35:00
1774096800000,90.22,90.22,90.22,90.22,0.0,2026-03-21 12:40:00
1774097100000,90.19,90.19,90.17,90.17,2.911,2026-03-21 12:45:00
1774097400000,90.17,90.17,90.17,90.17,0.0,2026-03-21 12:50:00
1774097700000,90.21,90.21,90.21,90.21,1.106,2026-03-21 12:55:00
1774098000000,90.24,90.24,90.14,90.14,2.923,2026-03-21 13:00:00
1774098300000,90.12,90.12,90.12,90.12,0.277,2026-03-21 13:05:00
1774098600000,90.14,90.14,90.13,90.13,0.156,2026-03-21 13:10:00
1774098900000,90.14,90.14,90.14,90.14,0.243,2026-03-21 13:15:00
1774099200000,90.14,90.14,90.14,90.14,0.0,2026-03-21 13:20:00
1774099500000,90.22,90.22,90.22,90.22,0.626,2026-03-21 13:25:00
1774099800000,90.26,90.26,90.26,90.26,0.276,2026-03-21 13:30:00
1774100100000,90.2,90.2,90.2,90.2,0.055,2026-03-21 13:35:00
1774100400000,90.2,90.2,90.2,90.2,0.0,2026-03-21 13:40:00
1774100700000,90.2,90.2,90.2,90.2,0.0,2026-03-21 13:45:00
1774101000000,90.2,90.2,90.2,90.2,0.0,2026-03-21 13:50:00
1774101300000,90.2,90.2,90.2,90.2,0.0,2026-03-21 13:55:00
1774101600000,90.07,90.07,90.07,90.07,0.107,2026-03-21 14:00:00
1774101900000,90.06,90.06,90.06,90.06,0.055,2026-03-21 14:05:00
1774102200000,90.29,90.29,90.29,90.29,0.059,2026-03-21 14:10:00
1774102500000,90.3,90.3,90.25,90.25,6.123,2026-03-21 14:15:00
1774102800000,90.25,90.25,90.25,90.25,0.0,2026-03-21 14:20:00
1774103100000,90.22,90.3,90.22,90.3,89.236,2026-03-21 14:25:00
1774103400000,90.3,90.3,90.3,90.3,0.0,2026-03-21 14:30:00
1774103700000,90.27,90.27,90.27,90.27,0.333,2026-03-21 14:35:00
1774104000000,90.27,90.27,90.27,90.27,0.0,2026-03-21 14:40:00
1774104300000,90.19,90.19,90.19,90.19,2.0,2026-03-21 14:45:00
1774104600000,90.19,90.19,90.19,90.19,0.0,2026-03-21 14:50:00
1774104900000,89.76,89.76,89.7,89.7,100.146,2026-03-21 14:55:00
1774105200000,89.69,89.7,89.64,89.7,2.443,2026-03-21 15:00:00
1774105500000,89.65,89.65,89.65,89.65,0.167,2026-03-21 15:05:00
1774105800000,89.63,89.63,89.63,89.63,3.603,2026-03-21 15:10:00
1774106100000,89.74,89.74,89.74,89.74,0.033,2026-03-21 15:15:00
1774106400000,89.74,89.74,89.74,89.74,0.0,2026-03-21 15:20:00
1774106700000,89.74,89.74,89.74,89.74,0.0,2026-03-21 15:25:00
1774107000000,89.74,89.74,89.74,89.74,0.0,2026-03-21 15:30:00
1774107300000,89.74,89.74,89.74,89.74,0.0,2026-03-21 15:35:00
1774107600000,89.74,89.74,89.74,89.74,0.0,2026-03-21 15:40:00
1774107900000,89.75,89.75,89.73,89.73,30.683,2026-03-21 15:45:00
1774108200000,89.75,89.84,89.75,89.78,46.543,2026-03-21 15:50:00
1774108500000,89.78,89.78,89.78,89.78,0.0,2026-03-21 15:55:00
1774108800000,89.86,89.86,89.86,89.86,0.277,2026-03-21 16:00:00
1774109100000,89.92,89.92,89.9,89.9,2.438,2026-03-21 16:05:00
1774109400000,89.87,89.87,89.87,89.87,0.013,2026-03-21 16:10:00
1774109700000,89.97,89.97,89.97,89.97,0.166,2026-03-21 16:15:00
1774110000000,89.97,89.97,89.97,89.97,0.0,2026-03-21 16:20:00
1774110300000,89.97,89.97,89.97,89.97,0.0,2026-03-21 16:25:00
1774110600000,89.97,89.97,89.97,89.97,0.0,2026-03-21 16:30:00
1774110900000,89.82,89.82,89.82,89.82,7.606,2026-03-21 16:35:00
1774111200000,89.65,89.67,89.65,89.67,8.576,2026-03-21 16:40:00
1774111500000,89.67,89.67,89.67,89.67,0.0,2026-03-21 16:45:00
1774111800000,89.67,89.67,89.67,89.67,0.0,2026-03-21 16:50:00
1774112100000,89.65,89.65,89.65,89.65,1.103,2026-03-21 16:55:00
1774112400000,89.64,89.64,89.64,89.64,0.045,2026-03-21 17:00:00
1774112700000,89.56,89.56,89.47,89.53,0.689,2026-03-21 17:05:00
1774113000000,89.53,89.53,89.53,89.53,0.0,2026-03-21 17:10:00
1774113300000,89.61,89.61,89.61,89.61,22.313,2026-03-21 17:15:00
1774113600000,89.61,89.61,89.61,89.61,0.0,2026-03-21 17:20:00
1774113900000,89.61,89.61,89.61,89.61,0.0,2026-03-21 17:25:00
1774114200000,89.61,89.61,89.61,89.61,0.0,2026-03-21 17:30:00
1774114500000,89.61,89.61,89.61,89.61,0.0,2026-03-21 17:35:00
1774114800000,89.61,89.61,89.61,89.61,0.0,2026-03-21 17:40:00
1774115100000,89.66,89.66,89.66,89.66,1.111,2026-03-21 17:45:00
1774115400000,89.66,89.66,89.66,89.66,0.0,2026-03-21 17:50:00
1774115700000,89.58,89.58,89.55,89.55,3.287,2026-03-21 17:55:00
1774116000000,89.59,89.61,89.59,89.61,0.101,2026-03-21 18:00:00
1774116300000,89.59,89.6,89.59,89.6,1.392,2026-03-21 18:05:00
1774116600000,89.6,89.6,89.6,89.6,0.0,2026-03-21 18:10:00
1774116900000,89.6,89.6,89.6,89.6,0.0,2026-03-21 18:15:00
1774117200000,89.6,89.6,89.6,89.6,0.0,2026-03-21 18:20:00
1774117500000,89.66,89.66,89.66,89.66,0.275,2026-03-21 18:25:00
1774117800000,89.66,89.66,89.66,89.66,0.0,2026-03-21 18:30:00
1774118100000,89.66,89.66,89.66,89.66,0.0,2026-03-21 18:35:00
1774118400000,89.66,89.66,89.66,89.66,0.0,2026-03-21 18:40:00
1774118700000,89.66,89.66,89.66,89.66,0.0,2026-03-21 18:45:00
1774119000000,89.78,89.78,89.78,89.78,0.78,2026-03-21 18:50:00
1774119300000,89.78,89.78,89.78,89.78,0.0,2026-03-21 18:55:00
1774119600000,89.78,89.78,89.78,89.78,0.0,2026-03-21 19:00:00
1774119900000,89.87,89.87,89.87,89.87,0.033,2026-03-21 19:05:00
1774120200000,89.86,89.89,89.86,89.89,20.684,2026-03-21 19:10:00
1774120500000,89.86,89.86,89.86,89.86,0.471,2026-03-21 19:15:00
1774120800000,89.87,89.87,89.86,89.86,0.057,2026-03-21 19:20:00
1774121100000,89.89,89.91,89.85,89.85,0.143,2026-03-21 19:25:00
1774121400000,89.84,89.86,89.78,89.78,0.363,2026-03-21 19:30:00
1774121700000,89.74,89.78,89.72,89.72,0.113,2026-03-21 19:35:00
1774122000000,89.74,89.74,89.74,89.74,0.018,2026-03-21 19:40:00
1774122300000,89.8,89.81,89.76,89.81,0.06,2026-03-21 19:45:00
1774122600000,89.78,89.78,89.74,89.74,0.041,2026-03-21 19:50:00
1774122900000,89.78,89.81,89.78,89.81,0.063,2026-03-21 19:55:00
1774123200000,89.9,89.9,89.83,89.86,0.777,2026-03-21 20:00:00
1774123500000,89.8,89.86,89.79,89.86,3.588,2026-03-21 20:05:00
1774123800000,89.87,89.92,89.87,89.92,0.11,2026-03-21 20:10:00
1774124100000,89.83,89.83,89.82,89.82,0.051,2026-03-21 20:15:00
1774124400000,89.94,89.98,89.94,89.98,4.716,2026-03-21 20:20:00
1774124700000,89.96,90.03,89.96,90.03,0.184,2026-03-21 20:25:00
1774125000000,90.06,90.3,90.03,90.21,21.904,2026-03-21 20:30:00
1774125300000,90.22,90.25,90.19,90.19,2.444,2026-03-21 20:35:00
1774125600000,90.19,90.19,90.11,90.11,11.931,2026-03-21 20:40:00
1774125900000,90.18,90.18,90.12,90.14,25.137,2026-03-21 20:45:00
1774126200000,90.12,90.15,90.12,90.15,0.076,2026-03-21 20:50:00
1774126500000,90.14,90.18,90.14,90.16,4.218,2026-03-21 20:55:00
1774126800000,90.16,90.16,90.11,90.11,0.081,2026-03-21 21:00:00
1774127100000,90.13,90.22,90.1,90.22,0.186,2026-03-21 21:05:00
1774127400000,90.17,90.17,89.92,89.92,0.055,2026-03-21 21:10:00
1774127700000,90.01,90.02,89.97,90.02,0.049,2026-03-21 21:15:00
1774128000000,90.1,90.1,90.1,90.1,0.019,2026-03-21 21:20:00
1774128300000,90.09,90.09,90.09,90.09,0.013,2026-03-21 21:25:00
1774128600000,90.09,90.09,90.05,90.05,0.042,2026-03-21 21:30:00
1774128900000,90.06,90.06,90.06,90.06,0.02,2026-03-21 21:35:00
1774129200000,90.04,90.1,90.04,90.1,2.131,2026-03-21 21:40:00
1774129500000,90.04,90.04,90.0,90.04,0.046,2026-03-21 21:45:00
1774129800000,90.04,90.04,89.99,89.99,1.651,2026-03-21 21:50:00
1774130100000,89.99,89.99,89.98,89.98,0.038,2026-03-21 21:55:00
1774130400000,89.92,89.92,89.83,89.83,1.811,2026-03-21 22:00:00
1774130700000,90.03,90.03,90.01,90.01,0.027,2026-03-21 22:05:00
1774131000000,89.98,89.98,89.96,89.96,2.269,2026-03-21 22:10:00
1774131300000,89.94,89.94,89.94,89.94,0.018,2026-03-21 22:15:00
1774131600000,89.96,89.98,89.96,89.98,0.034,2026-03-21 22:20:00
1774131900000,89.93,89.93,89.93,89.93,0.016,2026-03-21 22:25:00
1774132200000,89.86,90.0,89.86,90.0,1.517,2026-03-21 22:30:00
1774132500000,90.0,90.0,90.0,90.0,27.788,2026-03-21 22:35:00
1774132800000,90.0,90.0,90.0,90.0,0.0,2026-03-21 22:40:00
1774133100000,89.89,89.89,89.89,89.89,4.842,2026-03-21 22:45:00
1774133400000,89.92,89.92,89.87,89.87,1.129,2026-03-21 22:50:00
1774133700000,89.89,89.93,89.89,89.93,5.297,2026-03-21 22:55:00
1774134000000,89.83,89.83,89.83,89.83,0.555,2026-03-21 23:00:00
1774134300000,89.85,89.85,89.77,89.77,1.111,2026-03-21 23:05:00
1774134600000,89.66,89.66,89.59,89.59,8.484,2026-03-21 23:10:00
1774134900000,89.8,89.8,89.8,89.8,0.144,2026-03-21 23:15:00
1774135200000,89.8,89.8,89.8,89.8,0.0,2026-03-21 23:20:00
1774135500000,89.68,89.68,89.68,89.68,4.452,2026-03-21 23:25:00
1774135800000,89.68,89.68,89.68,89.68,0.0,2026-03-21 23:30:00
1774136100000,89.79,89.79,89.79,89.79,1.0,2026-03-21 23:35:00
1774136400000,89.81,89.81,89.81,89.81,0.994,2026-03-21 23:40:00
1774136700000,89.5,89.5,88.89,88.89,15.438,2026-03-21 23:45:00
1774137000000,88.79,88.79,87.67,87.69,39.747,2026-03-21 23:50:00
1774137300000,87.66,87.66,87.27,87.27,13.8,2026-03-21 23:55:00
1774137600000,87.51,87.51,86.35,86.42,321.32,2026-03-22 00:00:00
1774137900000,86.48,87.44,86.48,87.32,32.875,2026-03-22 00:05:00
1774138200000,87.34,87.34,87.3,87.3,2.265,2026-03-22 00:10:00
1774138500000,87.3,87.3,87.3,87.3,0.0,2026-03-22 00:15:00
1774138800000,87.21,87.29,87.15,87.29,9.242,2026-03-22 00:20:00
1774139100000,87.29,87.29,87.29,87.29,0.0,2026-03-22 00:25:00
1774139400000,87.37,87.47,87.37,87.47,1.905,2026-03-22 00:30:00
1774139700000,87.65,87.67,87.52,87.52,4.617,2026-03-22 00:35:00
1774140000000,87.52,87.52,87.52,87.52,0.0,2026-03-22 00:40:00
1774140300000,87.52,87.52,87.52,87.52,236.65,2026-03-22 00:45:00
1774140600000,87.52,87.52,87.52,87.52,0.0,2026-03-22 00:50:00
1774140900000,87.52,87.52,87.52,87.52,0.0,2026-03-22 00:55:00
1774141200000,87.52,87.52,87.52,87.52,0.0,2026-03-22 01:00:00
1774141500000,87.39,87.39,87.39,87.39,0.089,2026-03-22 01:05:00
1774141800000,87.31,87.31,87.31,87.31,0.063,2026-03-22 01:10:00
1774142100000,87.37,87.37,87.37,87.37,0.228,2026-03-22 01:15:00
1774142400000,87.5,87.5,87.5,87.5,6.753,2026-03-22 01:20:00
1774142700000,87.5,87.5,87.5,87.5,0.0,2026-03-22 01:25:00
1774143000000,87.5,87.5,87.5,87.5,0.0,2026-03-22 01:30:00
1774143300000,87.09,87.1,87.09,87.09,5.976,2026-03-22 01:35:00
1774143600000,87.09,87.09,87.09,87.09,0.0,2026-03-22 01:40:00
1774143900000,87.28,87.28,87.28,87.28,0.571,2026-03-22 01:45:00
1774144200000,87.36,87.36,87.34,87.34,11.127,2026-03-22 01:50:00
1774144500000,87.38,87.38,87.38,87.38,0.204,2026-03-22 01:55:00
1774144800000,87.5,87.55,87.5,87.55,1.013,2026-03-22 02:00:00
1774145100000,87.55,87.55,87.55,87.55,0.0,2026-03-22 02:05:00
1774145400000,87.47,87.47,87.47,87.47,1.066,2026-03-22 02:10:00
1774145700000,87.58,87.58,87.58,87.58,1.906,2026-03-22 02:15:00
1774146000000,87.62,87.62,87.62,87.62,0.014,2026-03-22 02:20:00
1774146300000,87.85,88.38,87.85,88.38,11.935,2026-03-22 02:25:00
1774146600000,88.32,88.32,88.32,88.32,0.304,2026-03-22 02:30:00
1774146900000,88.32,88.32,88.32,88.32,0.0,2026-03-22 02:35:00
1774147200000,88.32,88.32,88.32,88.32,0.0,2026-03-22 02:40:00
1774147500000,88.32,88.32,88.32,88.32,0.0,2026-03-22 02:45:00
1774147800000,88.32,88.32,88.32,88.32,0.0,2026-03-22 02:50:00
1774148100000,88.32,88.32,88.32,88.32,0.0,2026-03-22 02:55:00
1774148400000,88.09,88.09,87.74,87.74,3.663,2026-03-22 03:00:00
1774148700000,87.84,87.84,87.84,87.84,0.141,2026-03-22 03:05:00
1774149000000,87.98,88.1,87.98,88.1,0.536,2026-03-22 03:10:00
1774149300000,88.1,88.1,88.1,88.1,0.0,2026-03-22 03:15:00
1774149600000,88.1,88.1,88.1,88.1,0.0,2026-03-22 03:20:00
1774149900000,88.3,88.75,88.3,88.75,2.171,2026-03-22 03:25:00
1774150200000,88.75,88.75,88.75,88.75,0.0,2026-03-22 03:30:00
1774150500000,88.86,89.13,88.82,88.82,5.953,2026-03-22 03:35:00
1774150800000,88.63,88.63,88.58,88.58,4.009,2026-03-22 03:40:00
1774151100000,88.72,88.72,88.69,88.69,1.793,2026-03-22 03:45:00
1774151400000,88.69,88.69,88.69,88.69,0.0,2026-03-22 03:50:00
1774151700000,88.69,88.69,88.69,88.69,0.0,2026-03-22 03:55:00
1774152000000,88.69,88.69,88.69,88.69,0.0,2026-03-22 04:00:00
1774152300000,88.69,88.69,88.69,88.69,0.0,2026-03-22 04:05:00
1774152600000,88.69,88.69,88.69,88.69,0.0,2026-03-22 04:10:00
1774152900000,89.1,89.1,89.1,89.1,0.112,2026-03-22 04:15:00
1774153200000,88.76,88.76,88.76,88.76,12.9,2026-03-22 04:20:00
1774153500000,88.83,88.83,88.83,88.83,3.369,2026-03-22 04:25:00
1774153800000,88.83,88.83,88.83,88.83,0.0,2026-03-22 04:30:00
1774154100000,88.96,89.14,88.96,89.0,5.953,2026-03-22 04:35:00
1774154400000,89.0,89.0,89.0,89.0,0.0,2026-03-22 04:40:00
1774154700000,89.0,89.0,89.0,89.0,0.0,2026-03-22 04:45:00
1774155000000,88.99,88.99,88.99,88.99,0.056,2026-03-22 04:50:00
1774155300000,88.99,88.99,88.99,88.99,0.0,2026-03-22 04:55:00
1774155600000,88.93,88.93,88.93,88.93,0.28,2026-03-22 05:00:00
1774155900000,88.94,88.94,88.84,88.84,0.09,2026-03-22 05:05:00
1774156200000,88.86,88.86,88.86,88.86,0.034,2026-03-22 05:10:00
1774156500000,88.86,88.86,88.86,88.86,0.0,2026-03-22 05:15:00
1774156800000,88.86,88.86,88.86,88.86,0.0,2026-03-22 05:20:00
1774157100000,88.86,88.86,88.86,88.86,0.0,2026-03-22 05:25:00
1774157400000,88.62,88.62,88.61,88.61,5.405,2026-03-22 05:30:00
1774157700000,88.61,88.61,88.61,88.61,0.0,2026-03-22 05:35:00
1774158000000,88.61,88.61,88.61,88.61,0.0,2026-03-22 05:40:00
1774158300000,88.61,88.61,88.61,88.61,0.0,2026-03-22 05:45:00
1774158600000,88.56,88.56,88.56,88.56,0.169,2026-03-22 05:50:00
1774158900000,88.56,88.56,88.56,88.56,0.0,2026-03-22 05:55:00
1774159200000,88.4,88.4,88.4,88.4,0.959,2026-03-22 06:00:00
1774159500000,88.39,88.39,88.3,88.3,3.319,2026-03-22 06:05:00
1774159800000,88.34,88.34,88.34,88.34,7.62,2026-03-22 06:10:00
1774160100000,88.29,88.29,88.11,88.11,5.536,2026-03-22 06:15:00
1774160400000,88.11,88.11,88.11,88.11,0.0,2026-03-22 06:20:00
1774160700000,88.11,88.11,88.11,88.11,0.0,2026-03-22 06:25:00
1774161000000,88.11,88.11,88.11,88.11,0.0,2026-03-22 06:30:00
1774161300000,88.11,88.11,88.11,88.11,0.0,2026-03-22 06:35:00
1774161600000,88.35,88.35,88.35,88.35,2.245,2026-03-22 06:40:00
1774161900000,88.21,88.21,88.17,88.17,0.469,2026-03-22 06:45:00
1774162200000,88.17,88.17,88.17,88.17,0.0,2026-03-22 06:50:00
1774162500000,88.19,88.19,88.19,88.19,0.113,2026-03-22 06:55:00
1774162800000,88.28,88.28,88.28,88.28,2.004,2026-03-22 07:00:00
1774163100000,88.31,88.31,88.31,88.31,0.031,2026-03-22 07:05:00
1774163400000,88.23,88.23,88.23,88.23,0.056,2026-03-22 07:10:00
1774163700000,88.23,88.23,88.23,88.23,0.0,2026-03-22 07:15:00
1774164000000,88.23,88.23,88.23,88.23,0.0,2026-03-22 07:20:00
1774164300000,88.23,88.23,88.23,88.23,0.0,2026-03-22 07:25:00
1774164600000,88.07,88.07,88.03,88.04,7.531,2026-03-22 07:30:00
1774164900000,88.03,88.03,88.03,88.03,0.001,2026-03-22 07:35:00
1774165200000,88.03,88.03,88.03,88.03,0.0,2026-03-22 07:40:00
1774165500000,88.03,88.03,88.03,88.03,0.0,2026-03-22 07:45:00
1774165800000,88.03,88.03,88.03,88.03,0.0,2026-03-22 07:50:00
1774166100000,87.85,87.85,87.75,87.78,2.232,2026-03-22 07:55:00
1774166400000,87.56,87.56,87.4,87.4,7.32,2026-03-22 08:00:00
1774166700000,87.51,87.51,87.51,87.51,0.114,2026-03-22 08:05:00
1774167000000,87.4,87.46,87.4,87.46,1.946,2026-03-22 08:10:00
1774167300000,87.3,87.3,87.3,87.3,0.515,2026-03-22 08:15:00
1774167600000,87.17,87.17,87.09,87.09,0.155,2026-03-22 08:20:00
1774167900000,86.96,86.96,86.96,86.96,1.46,2026-03-22 08:25:00
1774168200000,87.14,87.14,87.14,87.14,0.459,2026-03-22 08:30:00
1774168500000,87.15,87.15,87.15,87.15,0.15,2026-03-22 08:35:00
1774168800000,87.15,87.15,87.15,87.15,0.0,2026-03-22 08:40:00
1774169100000,87.15,87.15,87.15,87.15,0.0,2026-03-22 08:45:00
1774169400000,87.3,87.3,87.3,87.3,0.548,2026-03-22 08:50:00
1774169700000,87.3,87.3,87.3,87.3,0.0,2026-03-22 08:55:00
1774170000000,87.3,87.3,87.3,87.3,0.0,2026-03-22 09:00:00
1774170300000,87.3,87.3,87.3,87.3,0.0,2026-03-22 09:05:00
1774170600000,87.3,87.3,87.3,87.3,0.0,2026-03-22 09:10:00
1774170900000,87.62,87.62,87.36,87.36,1.638,2026-03-22 09:15:00
1774171200000,87.43,87.43,87.41,87.42,1314.668,2026-03-22 09:20:00
1774171500000,87.42,87.42,87.42,87.42,0.0,2026-03-22 09:25:00
1774171800000,87.18,87.18,87.18,87.18,0.304,2026-03-22 09:30:00
1774172100000,87.18,87.18,87.18,87.18,0.0,2026-03-22 09:35:00
1774172400000,87.18,87.18,87.18,87.18,0.0,2026-03-22 09:40:00
1774172700000,87.18,87.18,87.18,87.18,0.0,2026-03-22 09:45:00
1774173000000,87.18,87.18,87.18,87.18,0.0,2026-03-22 09:50:00
1774173300000,87.18,87.18,87.18,87.18,0.0,2026-03-22 09:55:00
1774173600000,87.18,87.18,87.18,87.18,0.0,2026-03-22 10:00:00
1774173900000,87.29,87.35,87.29,87.35,2.115,2026-03-22 10:05:00
1774174200000,87.29,87.29,87.29,87.29,18.286,2026-03-22 10:10:00
1774174500000,87.29,87.29,87.29,87.29,0.0,2026-03-22 10:15:00
1774174800000,87.29,87.29,87.29,87.29,0.0,2026-03-22 10:20:00
1774175100000,87.29,87.29,87.29,87.29,0.0,2026-03-22 10:25:00
1774175400000,87.38,87.38,87.38,87.38,0.114,2026-03-22 10:30:00
1774175700000,87.35,87.35,87.33,87.33,0.668,2026-03-22 10:35:00
1774176000000,87.33,87.33,87.33,87.33,0.0,2026-03-22 10:40:00
1774176300000,87.33,87.33,87.33,87.33,0.0,2026-03-22 10:45:00
1774176600000,87.33,87.33,87.33,87.33,0.0,2026-03-22 10:50:00
1774176900000,87.33,87.33,87.33,87.33,0.0,2026-03-22 10:55:00
1774177200000,87.33,87.33,87.33,87.33,0.0,2026-03-22 11:00:00
1774177500000,87.33,87.33,87.33,87.33,0.0,2026-03-22 11:05:00
1774177800000,87.33,87.33,87.33,87.33,0.0,2026-03-22 11:10:00
1774178100000,87.33,87.33,87.33,87.33,0.0,2026-03-22 11:15:00
1774178400000,87.38,87.38,87.38,87.38,0.997,2026-03-22 11:20:00
1774178700000,87.38,87.38,87.38,87.38,0.0,2026-03-22 11:25:00
1774179000000,87.38,87.38,87.38,87.38,0.0,2026-03-22 11:30:00
1774179300000,87.38,87.38,87.38,87.38,0.0,2026-03-22 11:35:00
1774179600000,87.38,87.38,87.38,87.38,0.0,2026-03-22 11:40:00
1774179900000,87.22,87.22,87.21,87.21,0.803,2026-03-22 11:45:00
1774180200000,87.08,87.08,87.08,87.08,0.252,2026-03-22 11:50:00
1774180500000,86.96,86.96,86.96,86.96,3.003,2026-03-22 11:55:00
1774180800000,86.9,86.9,86.9,86.9,0.457,2026-03-22 12:00:00
1774181100000,87.01,87.01,87.01,87.01,0.287,2026-03-22 12:05:00
1774181400000,87.01,87.01,87.01,87.01,0.0,2026-03-22 12:10:00
1774181700000,87.01,87.01,87.01,87.01,0.0,2026-03-22 12:15:00
1774182000000,87.01,87.01,87.01,87.01,0.0,2026-03-22 12:20:00
1774182300000,87.01,87.01,87.01,87.01,0.0,2026-03-22 12:25:00
1774182600000,87.01,87.01,87.01,87.01,0.0,2026-03-22 12:30:00
1774182900000,87.3,87.3,87.28,87.28,3.4,2026-03-22 12:35:00
1774183200000,87.28,87.28,87.28,87.28,0.0,2026-03-22 12:40:00
1774183500000,87.28,87.28,87.28,87.28,0.0,2026-03-22 12:45:00
1774183800000,87.28,87.28,87.28,87.28,0.0,2026-03-22 12:50:00
1774184100000,87.25,87.31,87.25,87.31,1.011,2026-03-22 12:55:00
1774184400000,87.39,87.59,87.39,87.59,2.754,2026-03-22 13:00:00
1774184700000,87.46,87.46,87.46,87.46,0.285,2026-03-22 13:05:00
1774185000000,87.46,87.46,87.46,87.46,0.0,2026-03-22 13:10:00
1774185300000,87.5,87.5,87.5,87.5,0.536,2026-03-22 13:15:00
1774185600000,87.5,87.5,87.5,87.5,0.0,2026-03-22 13:20:00
1774185900000,87.34,87.34,87.34,87.34,0.262,2026-03-22 13:25:00
1774186200000,87.34,87.34,87.34,87.34,0.0,2026-03-22 13:30:00
1774186500000,87.34,87.34,87.34,87.34,0.0,2026-03-22 13:35:00
1774186800000,87.15,87.15,87.15,87.15,1.144,2026-03-22 13:40:00
1774187100000,87.15,87.15,87.15,87.15,0.0,2026-03-22 13:45:00
1774187400000,87.15,87.15,87.15,87.15,0.0,2026-03-22 13:50:00
1774187700000,87.36,87.36,87.32,87.32,9.988,2026-03-22 13:55:00
1774188000000,87.39,87.39,87.39,87.39,0.57,2026-03-22 14:00:00
1774188300000,87.17,87.23,87.17,87.23,4.003,2026-03-22 14:05:00
1774188600000,87.31,87.31,87.31,87.31,0.061,2026-03-22 14:10:00
1774188900000,87.39,87.39,87.39,87.39,0.057,2026-03-22 14:15:00
1774189200000,87.39,87.39,87.39,87.39,0.0,2026-03-22 14:20:00
1774189500000,87.42,87.42,87.42,87.42,1.141,2026-03-22 14:25:00
1774189800000,87.42,87.42,87.42,87.42,0.0,2026-03-22 14:30:00
1774190100000,87.42,87.42,87.42,87.42,0.0,2026-03-22 14:35:00
1774190400000,87.44,87.44,87.44,87.44,0.573,2026-03-22 14:40:00
1774190700000,87.25,87.25,87.25,87.25,4.204,2026-03-22 14:45:00
1774191000000,87.25,87.25,87.25,87.25,0.068,2026-03-22 14:50:00
1774191300000,87.25,87.25,87.25,87.25,0.0,2026-03-22 14:55:00
1774191600000,87.29,87.31,87.29,87.31,1.003,2026-03-22 15:00:00
1774191900000,87.43,87.43,87.4,87.4,0.456,2026-03-22 15:05:00
1774192200000,87.4,87.4,87.4,87.4,0.0,2026-03-22 15:10:00
1774192500000,87.45,87.45,87.3,87.3,0.174,2026-03-22 15:15:00
1774192800000,87.3,87.3,87.3,87.3,0.0,2026-03-22 15:20:00
1774193100000,87.3,87.3,87.3,87.3,0.0,2026-03-22 15:25:00
1774193400000,87.32,87.32,87.32,87.32,6.966,2026-03-22 15:30:00
1774193700000,87.35,87.35,87.24,87.24,100.219,2026-03-22 15:35:00
1774194000000,87.24,87.27,87.24,87.27,57.168,2026-03-22 15:40:00
1774194300000,87.34,87.34,87.34,87.34,2.911,2026-03-22 15:45:00
1774194600000,87.49,87.49,87.49,87.49,4.97,2026-03-22 15:50:00
1774194900000,87.54,87.57,87.54,87.57,3.213,2026-03-22 15:55:00
1774195200000,87.5,87.58,87.5,87.58,0.399,2026-03-22 16:00:00
1774195500000,87.58,87.58,87.58,87.58,0.0,2026-03-22 16:05:00
1774195800000,87.52,87.52,87.52,87.52,0.285,2026-03-22 16:10:00
1774196100000,87.58,87.58,87.47,87.47,28.163,2026-03-22 16:15:00
1774196400000,87.47,87.47,87.47,87.47,0.0,2026-03-22 16:20:00
1774196700000,87.47,87.47,87.47,87.47,0.0,2026-03-22 16:25:00
1774197000000,87.33,87.33,87.33,87.33,0.228,2026-03-22 16:30:00
1774197300000,87.33,87.33,87.33,87.33,0.0,2026-03-22 16:35:00
1774197600000,87.33,87.33,87.33,87.33,0.0,2026-03-22 16:40:00
1774197900000,87.35,87.35,87.35,87.35,0.114,2026-03-22 16:45:00
1774198200000,87.35,87.35,87.35,87.35,0.0,2026-03-22 16:50:00
1774198500000,87.54,87.55,87.54,87.55,4.292,2026-03-22 16:55:00
1774198800000,87.55,87.55,87.55,87.55,0.0,2026-03-22 17:00:00
1774199100000,87.42,87.51,87.39,87.5,0.501,2026-03-22 17:05:00
1774199400000,87.5,87.5,87.5,87.5,0.0,2026-03-22 17:10:00
1774199700000,87.5,87.5,87.5,87.5,0.0,2026-03-22 17:15:00
1774200000000,87.5,87.5,87.5,87.5,0.0,2026-03-22 17:20:00
1774200300000,87.48,87.48,87.48,87.48,11.746,2026-03-22 17:25:00
1774200600000,87.48,87.48,87.48,87.48,0.0,2026-03-22 17:30:00
1774200900000,87.48,87.48,87.48,87.48,0.0,2026-03-22 17:35:00
1774201200000,87.48,87.48,87.48,87.48,0.0,2026-03-22 17:40:00
1774201500000,87.48,87.48,87.48,87.48,0.0,2026-03-22 17:45:00
1774201800000,87.48,87.48,87.48,87.48,0.0,2026-03-22 17:50:00
1774202100000,87.48,87.48,87.48,87.48,0.0,2026-03-22 17:55:00
1774202400000,87.15,87.15,87.15,87.15,0.057,2026-03-22 18:00:00
1774202700000,87.16,87.26,87.16,87.26,2.043,2026-03-22 18:05:00
1774203000000,87.26,87.26,87.26,87.26,0.0,2026-03-22 18:10:00
1774203300000,87.26,87.26,87.26,87.26,0.023,2026-03-22 18:15:00
1774203600000,87.22,87.22,87.22,87.22,1.101,2026-03-22 18:20:00
1774203900000,87.22,87.22,87.22,87.22,0.0,2026-03-22 18:25:00
1774204200000,87.26,87.26,87.0,87.0,2.272,2026-03-22 18:30:00
1774204500000,86.8,86.8,86.62,86.71,12.749,2026-03-22 18:35:00
1774204800000,86.71,86.71,86.71,86.71,0.0,2026-03-22 18:40:00
1774205100000,86.71,86.71,86.71,86.71,0.0,2026-03-22 18:45:00
1774205400000,86.71,86.71,86.71,86.71,0.0,2026-03-22 18:50:00
1774205700000,86.71,86.71,86.71,86.71,0.0,2026-03-22 18:55:00
1774206000000,87.03,87.03,86.97,86.97,1.383,2026-03-22 19:00:00
1774206300000,86.97,86.97,86.97,86.97,0.0,2026-03-22 19:05:00
1774206600000,86.92,86.92,86.75,86.76,1.035,2026-03-22 19:10:00
1774206900000,86.77,86.77,86.74,86.74,2.301,2026-03-22 19:15:00
1774207200000,86.78,86.78,86.78,86.78,7.864,2026-03-22 19:20:00
1774207500000,86.73,86.73,86.73,86.73,0.106,2026-03-22 19:25:00
1774207800000,86.73,86.73,86.73,86.73,0.0,2026-03-22 19:30:00
1774208100000,86.73,86.73,86.73,86.73,0.0,2026-03-22 19:35:00
1774208400000,86.73,86.73,86.73,86.73,0.0,2026-03-22 19:40:00
1774208700000,86.73,86.73,86.73,86.73,0.0,2026-03-22 19:45:00
1774209000000,86.79,86.83,86.79,86.83,1.883,2026-03-22 19:50:00
1774209300000,86.83,86.83,86.83,86.83,0.0,2026-03-22 19:55:00
1774209600000,87.06,87.06,87.02,87.03,0.628,2026-03-22 20:00:00
1774209900000,87.1,87.1,87.1,87.1,0.057,2026-03-22 20:05:00
1774210200000,87.02,87.12,86.98,87.06,56.41,2026-03-22 20:10:00
1774210500000,87.06,87.06,87.06,87.06,0.0,2026-03-22 20:15:00
1774210800000,87.16,87.16,87.09,87.09,4.224,2026-03-22 20:20:00
1774211100000,86.93,86.96,86.93,86.96,0.578,2026-03-22 20:25:00
1774211400000,86.96,86.96,86.96,86.96,0.0,2026-03-22 20:30:00
1774211700000,86.85,86.85,86.85,86.85,0.732,2026-03-22 20:35:00
1774212000000,86.85,86.85,86.85,86.85,0.0,2026-03-22 20:40:00
1774212300000,86.83,86.83,86.83,86.83,2.871,2026-03-22 20:45:00
1774212600000,86.64,86.64,86.64,86.64,0.46,2026-03-22 20:50:00
1774212900000,86.6,86.6,86.6,86.6,2.29,2026-03-22 20:55:00
1774213200000,86.6,86.6,86.48,86.48,6.795,2026-03-22 21:00:00
1774213500000,86.46,86.46,85.56,86.11,30.121,2026-03-22 21:05:00
1774213800000,86.12,86.12,85.88,85.88,2.325,2026-03-22 21:10:00
1774214100000,85.69,85.7,85.48,85.48,14.053,2026-03-22 21:15:00
1774214400000,85.44,85.63,85.3,85.63,7.137,2026-03-22 21:20:00
1774214700000,85.74,85.74,85.74,85.74,0.467,2026-03-22 21:25:00
1774215000000,85.78,85.78,85.78,85.78,0.3,2026-03-22 21:30:00
1774215300000,85.73,85.9,85.71,85.9,3.972,2026-03-22 21:35:00
1774215600000,85.9,85.9,85.9,85.9,1.972,2026-03-22 21:40:00
1774215900000,85.9,85.9,85.9,85.9,18.684,2026-03-22 21:45:00
1774216200000,85.92,85.97,85.92,85.97,0.452,2026-03-22 21:50:00
1774216500000,85.85,85.89,85.83,85.89,111.982,2026-03-22 21:55:00
1774216800000,86.02,86.02,86.02,86.02,1.5,2026-03-22 22:00:00
1774217100000,86.18,86.46,86.18,86.46,1.067,2026-03-22 22:05:00
1774217400000,86.38,86.38,85.8,85.8,4.128,2026-03-22 22:10:00
1774217700000,86.0,86.0,86.0,86.0,0.705,2026-03-22 22:15:00
1774218000000,86.0,86.0,86.0,86.0,0.0,2026-03-22 22:20:00
1774218300000,86.0,86.0,86.0,86.0,0.0,2026-03-22 22:25:00
1774218600000,86.0,86.0,86.0,86.0,0.0,2026-03-22 22:30:00
1774218900000,86.0,86.0,86.0,86.0,0.0,2026-03-22 22:35:00
1774219200000,86.4,86.4,86.33,86.33,3.078,2026-03-22 22:40:00
1774219500000,86.33,86.33,86.33,86.33,0.0,2026-03-22 22:45:00
1774219800000,86.74,86.74,86.74,86.74,1.082,2026-03-22 22:50:00
1774220100000,86.74,86.74,86.74,86.74,0.0,2026-03-22 22:55:00
1774220400000,86.74,86.81,86.74,86.81,4.67,2026-03-22 23:00:00
1774220700000,86.72,86.72,86.66,86.66,4.022,2026-03-22 23:05:00
1774221000000,86.81,86.91,86.81,86.91,1.218,2026-03-22 23:10:00
1774221300000,86.79,86.79,86.79,86.79,0.453,2026-03-22 23:15:00
1774221600000,86.59,86.59,86.59,86.59,12.753,2026-03-22 23:20:00
1774221900000,86.59,86.59,86.59,86.59,0.0,2026-03-22 23:25:00
1774222200000,86.59,86.59,86.59,86.59,0.0,2026-03-22 23:30:00
1774222500000,86.59,86.59,86.59,86.59,0.0,2026-03-22 23:35:00
1774222800000,86.59,86.59,86.59,86.59,0.0,2026-03-22 23:40:00
1774223100000,86.59,86.59,86.59,86.59,0.0,2026-03-22 23:45:00
1774223400000,86.14,86.14,86.14,86.14,0.288,2026-03-22 23:50:00
1774223700000,86.14,86.22,86.14,86.22,2.907,2026-03-22 23:55:00
1774224000000,86.29,86.33,86.29,86.33,0.369,2026-03-23 00:00:00
1774224300000,86.33,86.33,86.33,86.33,0.0,2026-03-23 00:05:00
1774224600000,86.35,86.35,86.3,86.33,1.376,2026-03-23 00:10:00
1774224900000,86.33,86.33,86.27,86.27,0.745,2026-03-23 00:15:00
1774225200000,86.37,86.37,86.37,86.37,0.219,2026-03-23 00:20:00
1774225500000,86.37,86.37,86.37,86.37,0.0,2026-03-23 00:25:00
1774225800000,86.02,86.02,85.95,86.01,5.025,2026-03-23 00:30:00
1774226100000,85.68,85.68,85.68,85.68,2.219,2026-03-23 00:35:00
1774226400000,85.62,85.62,85.5,85.5,32.441,2026-03-23 00:40:00
1774226700000,86.03,86.05,86.03,86.05,0.749,2026-03-23 00:45:00
1774227000000,86.05,86.05,86.05,86.05,0.0,2026-03-23 00:50:00
1774227300000,86.05,86.05,86.05,86.05,0.0,2026-03-23 00:55:00
1774227600000,86.05,86.05,86.05,86.05,0.0,2026-03-23 01:00:00
1774227900000,86.05,86.05,86.05,86.05,0.0,2026-03-23 01:05:00
1774228200000,86.05,86.05,86.05,86.05,0.0,2026-03-23 01:10:00
1774228500000,86.46,86.53,86.46,86.53,3.025,2026-03-23 01:15:00
1774228800000,86.5,86.5,86.5,86.5,0.288,2026-03-23 01:20:00
1774229100000,86.56,86.56,86.51,86.51,0.865,2026-03-23 01:25:00
1774229400000,86.46,86.46,86.39,86.39,0.095,2026-03-23 01:30:00
1774229700000,86.5,86.5,86.5,86.5,0.035,2026-03-23 01:35:00
1774230000000,86.32,86.32,86.31,86.31,0.778,2026-03-23 01:40:00
1774230300000,86.28,86.28,86.24,86.24,0.306,2026-03-23 01:45:00
1774230600000,86.24,86.24,86.24,86.24,200.806,2026-03-23 01:50:00
1774230900000,86.24,86.24,86.24,86.24,242.92,2026-03-23 01:55:00
1774231200000,86.13,86.16,86.13,86.16,4.439,2026-03-23 02:00:00
1774231500000,86.16,86.16,86.16,86.16,0.0,2026-03-23 02:05:00
1774231800000,86.16,86.16,86.16,86.16,0.232,2026-03-23 02:10:00
1774232100000,86.16,86.16,86.16,86.16,0.0,2026-03-23 02:15:00
1774232400000,86.35,86.35,86.35,86.35,4.621,2026-03-23 02:20:00
1774232700000,86.74,86.74,86.74,86.74,1.442,2026-03-23 02:25:00
1774233000000,86.85,86.85,86.85,86.85,0.253,2026-03-23 02:30:00
1774233300000,86.85,86.85,86.85,86.85,0.0,2026-03-23 02:35:00
1774233600000,86.85,86.85,86.85,86.85,0.0,2026-03-23 02:40:00
1774233900000,86.68,86.68,86.68,86.68,0.057,2026-03-23 02:45:00
1774234200000,86.68,86.68,86.68,86.68,0.0,2026-03-23 02:50:00
1774234500000,86.6,86.68,86.6,86.68,12.925,2026-03-23 02:55:00
1774234800000,86.68,87.17,86.68,87.17,14.193,2026-03-23 03:00:00
1774235100000,87.17,87.17,87.17,87.17,0.0,2026-03-23 03:05:00
1774235400000,86.93,86.93,86.74,86.74,2.134,2026-03-23 03:10:00
1774235700000,86.74,86.74,86.74,86.74,0.0,2026-03-23 03:15:00
1774236000000,86.74,86.74,86.74,86.74,0.0,2026-03-23 03:20:00
1774236300000,86.56,86.56,86.56,86.56,0.994,2026-03-23 03:25:00
1774236600000,86.56,86.56,86.56,86.56,0.0,2026-03-23 03:30:00
1774236900000,86.49,86.49,86.49,86.49,0.139,2026-03-23 03:35:00
1774237200000,86.49,86.49,86.49,86.49,0.0,2026-03-23 03:40:00
1774237500000,86.47,86.53,86.47,86.53,6.246,2026-03-23 03:45:00
1774237800000,86.51,86.51,86.51,86.51,0.139,2026-03-23 03:50:00
1774238100000,86.43,86.44,86.43,86.44,11.791,2026-03-23 03:55:00
1774238400000,86.52,86.52,86.52,86.52,0.058,2026-03-23 04:00:00
1774238700000,86.49,86.51,86.45,86.45,0.136,2026-03-23 04:05:00
1774239000000,86.44,86.44,86.44,86.44,0.066,2026-03-23 04:10:00
1774239300000,86.44,86.44,86.44,86.44,0.0,2026-03-23 04:15:00
1774239600000,86.44,86.44,86.44,86.44,0.0,2026-03-23 04:20:00
1774239900000,86.44,86.44,86.44,86.44,0.0,2026-03-23 04:25:00
1774240200000,86.44,86.44,86.44,86.44,0.0,2026-03-23 04:30:00
1774240500000,86.44,86.44,86.44,86.44,0.0,2026-03-23 04:35:00
1774240800000,86.44,86.44,86.44,86.44,0.0,2026-03-23 04:40:00
1774241100000,86.44,86.44,86.44,86.44,0.0,2026-03-23 04:45:00
1774241400000,86.44,86.44,86.44,86.44,0.0,2026-03-23 04:50:00
1774241700000,86.44,86.44,86.44,86.44,0.0,2026-03-23 04:55:00
1774242000000,86.44,86.44,86.44,86.44,0.0,2026-03-23 05:00:00
1774242300000,87.06,87.19,87.06,87.19,0.091,2026-03-23 05:05:00
1774242600000,87.12,87.17,87.12,87.17,0.64,2026-03-23 05:10:00
1774242900000,87.27,87.27,87.27,87.27,1.789,2026-03-23 05:15:00
1774243200000,87.27,87.27,87.27,87.27,0.0,2026-03-23 05:20:00
1774243500000,87.27,87.27,87.27,87.27,0.0,2026-03-23 05:25:00
1774243800000,87.07,87.1,87.07,87.1,0.74,2026-03-23 05:30:00
1774244100000,87.18,87.18,87.16,87.16,9.029,2026-03-23 05:35:00
1774244400000,87.16,87.16,87.16,87.16,0.0,2026-03-23 05:40:00
1774244700000,86.94,87.01,86.94,87.01,92.031,2026-03-23 05:45:00
1774245000000,87.01,87.01,87.01,87.01,0.0,2026-03-23 05:50:00
1774245300000,87.07,87.22,87.07,87.22,5.813,2026-03-23 05:55:00
1774245600000,87.16,87.16,86.97,86.97,0.538,2026-03-23 06:00:00
1774245900000,86.81,86.81,86.81,86.81,0.165,2026-03-23 06:05:00
1774246200000,86.81,86.81,86.81,86.81,0.0,2026-03-23 06:10:00
1774246500000,86.68,86.68,86.51,86.51,92.17,2026-03-23 06:15:00
1774246800000,86.51,86.51,86.51,86.51,0.0,2026-03-23 06:20:00
1774247100000,86.58,86.68,86.58,86.68,0.182,2026-03-23 06:25:00
1774247400000,86.51,86.51,86.51,86.51,2.549,2026-03-23 06:30:00
1774247700000,86.3,86.3,85.85,85.85,1.876,2026-03-23 06:35:00
1774248000000,85.98,86.03,85.62,85.67,2.931,2026-03-23 06:40:00
1774248300000,85.6,85.88,85.6,85.64,1.638,2026-03-23 06:45:00
1774248600000,85.61,85.77,85.6,85.73,0.91,2026-03-23 06:50:00
1774248900000,85.73,85.73,85.73,85.73,0.0,2026-03-23 06:55:00
1774249200000,85.62,85.62,85.5,85.5,1.035,2026-03-23 07:00:00
1774249500000,85.5,85.66,85.22,85.54,33.873,2026-03-23 07:05:00
1774249800000,85.54,85.54,85.54,85.54,0.091,2026-03-23 07:10:00
1774250100000,85.65,85.65,85.5,85.56,1.223,2026-03-23 07:15:00
1774250400000,85.45,85.45,85.15,85.2,1.156,2026-03-23 07:20:00
1774250700000,85.33,85.34,85.29,85.29,1.392,2026-03-23 07:25:00
1774251000000,85.36,85.36,85.36,85.36,0.304,2026-03-23 07:30:00
1774251300000,86.02,86.02,86.02,86.02,1.442,2026-03-23 07:35:00
1774251600000,86.02,86.02,86.02,86.02,0.0,2026-03-23 07:40:00
1774251900000,86.02,86.02,86.02,86.02,0.0,2026-03-23 07:45:00
1774252200000,86.02,86.02,86.02,86.02,0.0,2026-03-23 07:50:00
1774252500000,86.02,86.02,86.02,86.02,0.0,2026-03-23 07:55:00
1774252800000,86.09,86.09,86.09,86.09,0.058,2026-03-23 08:00:00
1774253100000,86.06,86.06,86.06,86.06,0.116,2026-03-23 08:05:00
1774253400000,86.3,86.3,86.3,86.3,0.106,2026-03-23 08:10:00
1774253700000,86.3,86.3,86.3,86.3,0.0,2026-03-23 08:15:00
1774254000000,86.3,86.3,86.3,86.3,0.0,2026-03-23 08:20:00
1774254300000,86.3,86.3,86.3,86.3,0.0,2026-03-23 08:25:00
1774254600000,86.3,86.3,86.3,86.3,0.0,2026-03-23 08:30:00
1774254900000,86.3,86.3,86.3,86.3,0.0,2026-03-23 08:35:00
1774255200000,86.3,86.3,86.3,86.3,0.0,2026-03-23 08:40:00
1774255500000,86.3,86.3,86.3,86.3,0.0,2026-03-23 08:45:00
1774255800000,86.3,86.3,86.3,86.3,0.0,2026-03-23 08:50:00
1774256100000,86.3,86.3,86.3,86.3,0.0,2026-03-23 08:55:00
1774256400000,86.3,86.3,86.3,86.3,0.0,2026-03-23 09:00:00
1774256700000,86.3,86.3,86.3,86.3,0.0,2026-03-23 09:05:00
1774257000000,86.3,86.3,86.3,86.3,0.0,2026-03-23 09:10:00
1774257300000,86.3,86.3,86.3,86.3,0.0,2026-03-23 09:15:00
1774257600000,85.89,85.89,85.75,85.75,3.079,2026-03-23 09:20:00
1774257900000,85.75,85.75,85.75,85.75,0.0,2026-03-23 09:25:00
1774258200000,85.83,85.83,85.77,85.77,4.59,2026-03-23 09:30:00
1774258500000,85.44,85.44,85.25,85.25,7.149,2026-03-23 09:35:00
1774258800000,85.48,85.48,85.48,85.48,0.584,2026-03-23 09:40:00
1774259100000,85.68,85.68,85.68,85.68,0.117,2026-03-23 09:45:00
1774259400000,85.57,85.57,85.57,85.57,0.176,2026-03-23 09:50:00
1774259700000,85.57,85.57,85.57,85.57,0.0,2026-03-23 09:55:00
1774260000000,85.8,85.9,85.78,85.9,22.55,2026-03-23 10:00:00
1774260300000,85.96,86.02,85.96,86.02,7.452,2026-03-23 10:05:00
1774260600000,86.02,86.02,86.02,86.02,0.0,2026-03-23 10:10:00
1774260900000,86.02,86.02,86.02,86.02,0.0,2026-03-23 10:15:00
1774261200000,86.02,86.02,86.02,86.02,0.0,2026-03-23 10:20:00
1774261500000,86.02,86.02,86.02,86.02,0.0,2026-03-23 10:25:00
1774261800000,86.02,86.02,86.02,86.02,0.0,2026-03-23 10:30:00
1774262100000,85.93,85.93,85.93,85.93,0.464,2026-03-23 10:35:00
1774262400000,85.87,85.87,85.87,85.87,0.07,2026-03-23 10:40:00
1774262700000,85.87,85.87,85.87,85.87,0.0,2026-03-23 10:45:00
1774263000000,85.87,85.87,85.87,85.87,0.0,2026-03-23 10:50:00
1774263300000,85.87,85.87,85.87,85.87,0.0,2026-03-23 10:55:00
1774263600000,85.87,85.87,85.87,85.87,0.0,2026-03-23 11:00:00
1774263900000,86.3,91.24,86.3,90.63,1374.686,2026-03-23 11:05:00
1774264200000,90.7,91.95,90.15,90.91,579.67,2026-03-23 11:10:00
1774264500000,91.23,91.23,90.42,90.42,379.824,2026-03-23 11:15:00
1774264800000,90.43,90.71,89.73,89.83,272.18,2026-03-23 11:20:00
1774265100000,90.43,90.51,90.18,90.36,84.186,2026-03-23 11:25:00
1774265400000,90.62,90.81,90.62,90.81,2.078,2026-03-23 11:30:00
1774265700000,90.48,90.64,89.75,89.75,1.237,2026-03-23 11:35:00
1774266000000,89.75,89.75,89.75,89.75,0.0,2026-03-23 11:40:00
1774266300000,89.75,89.75,89.13,89.13,8.179,2026-03-23 11:45:00
1774266600000,89.13,89.13,89.13,89.13,0.0,2026-03-23 11:50:00
1774266900000,89.03,89.03,88.74,88.74,16.185,2026-03-23 11:55:00
1774267200000,88.74,89.01,88.44,88.98,91.417,2026-03-23 12:00:00
1774267500000,88.99,88.99,88.99,88.99,1.939,2026-03-23 12:05:00
1774267800000,89.27,89.29,89.27,89.29,0.18,2026-03-23 12:10:00
1774268100000,89.26,89.43,89.26,89.38,0.54,2026-03-23 12:15:00
1774268400000,89.64,89.71,89.64,89.71,1.802,2026-03-23 12:20:00
1774268700000,89.54,89.54,89.53,89.53,0.114,2026-03-23 12:25:00
1774269000000,89.49,89.75,89.49,89.75,0.72,2026-03-23 12:30:00
1774269300000,89.75,90.05,89.75,89.83,1.811,2026-03-23 12:35:00
1774269600000,89.55,90.36,89.55,90.24,2.129,2026-03-23 12:40:00
1774269900000,90.36,90.36,90.36,90.36,0.09,2026-03-23 12:45:00
1774270200000,90.36,90.36,90.34,90.34,0.18,2026-03-23 12:50:00
1774270500000,90.34,90.34,90.34,90.34,0.0,2026-03-23 12:55:00
1774270800000,90.47,90.47,90.19,90.19,3.028,2026-03-23 13:00:00
1774271100000,89.92,90.03,89.83,90.03,89.796,2026-03-23 13:05:00
1774271400000,90.0,90.08,90.0,90.02,70.013,2026-03-23 13:10:00
1774271700000,90.02,90.02,90.02,90.02,0.0,2026-03-23 13:15:00
1774272000000,90.16,90.38,90.16,90.38,92.384,2026-03-23 13:20:00
1774272300000,90.25,90.25,90.15,90.21,0.287,2026-03-23 13:25:00
1774272600000,90.22,90.23,90.01,90.22,0.734,2026-03-23 13:30:00
1774272900000,90.43,90.73,90.43,90.73,1.399,2026-03-23 13:35:00
1774273200000,90.75,91.22,90.75,91.22,6.491,2026-03-23 13:40:00
1774273500000,90.88,90.95,90.88,90.93,0.558,2026-03-23 13:45:00
1774273800000,91.07,91.42,91.07,91.39,4.572,2026-03-23 13:50:00
1774274100000,91.1,91.11,91.09,91.09,0.377,2026-03-23 13:55:00
1774274400000,91.46,91.61,91.43,91.55,1.019,2026-03-23 14:00:00
1774274700000,91.12,91.43,91.12,91.43,0.34,2026-03-23 14:05:00
1774275000000,91.64,91.64,91.33,91.38,3.894,2026-03-23 14:10:00
1774275300000,91.36,91.64,91.36,91.64,0.27,2026-03-23 14:15:00
1774275600000,91.44,91.66,91.44,91.66,1.399,2026-03-23 14:20:00
1774275900000,91.66,91.66,91.66,91.66,0.0,2026-03-23 14:25:00
1774276200000,91.66,91.66,91.66,91.66,0.0,2026-03-23 14:30:00
1774276500000,91.53,91.53,91.53,91.53,0.297,2026-03-23 14:35:00
1774276800000,91.48,91.48,91.48,91.48,0.03,2026-03-23 14:40:00
1774277100000,91.48,91.48,91.48,91.48,0.0,2026-03-23 14:45:00
1774277400000,91.48,91.48,91.48,91.48,0.0,2026-03-23 14:50:00
1774277700000,91.5,91.53,91.5,91.53,4.11,2026-03-23 14:55:00
1774278000000,91.66,92.16,91.63,92.16,24.086,2026-03-23 15:00:00
1774278300000,92.16,92.21,92.12,92.21,1.867,2026-03-23 15:05:00
1774278600000,91.87,91.87,91.78,91.78,0.387,2026-03-23 15:10:00
1774278900000,91.71,91.71,91.4,91.45,89.911,2026-03-23 15:15:00
1774279200000,91.37,91.37,91.3,91.35,0.776,2026-03-23 15:20:00
1774279500000,91.35,91.35,91.35,91.35,0.0,2026-03-23 15:25:00
1774279800000,91.09,91.09,90.8,90.8,2.067,2026-03-23 15:30:00
1774280100000,90.82,90.82,90.65,90.65,1.529,2026-03-23 15:35:00
1774280400000,90.62,90.62,90.48,90.48,1.64,2026-03-23 15:40:00
1774280700000,90.87,90.92,90.87,90.9,88.289,2026-03-23 15:45:00
1774281000000,90.76,90.79,90.16,90.16,4.578,2026-03-23 15:50:00
1774281300000,90.07,90.07,89.88,89.88,109.856,2026-03-23 15:55:00
1774281600000,90.05,90.3,90.05,90.2,92.349,2026-03-23 16:00:00
1774281900000,90.11,90.11,90.11,90.11,0.805,2026-03-23 16:05:00
1774282200000,90.11,90.11,90.11,90.11,0.0,2026-03-23 16:10:00
1774282500000,90.11,90.11,90.11,90.11,0.0,2026-03-23 16:15:00
1774282800000,89.86,89.86,89.82,89.82,1.52,2026-03-23 16:20:00
1774283100000,89.76,89.76,89.56,89.66,111.386,2026-03-23 16:25:00
1774283400000,89.73,89.73,89.73,89.73,0.151,2026-03-23 16:30:00
1774283700000,89.72,89.9,89.72,89.88,1.395,2026-03-23 16:35:00
1774284000000,89.96,89.97,89.96,89.97,0.465,2026-03-23 16:40:00
1774284300000,90.19,90.43,90.19,90.43,90.592,2026-03-23 16:45:00
1774284600000,90.38,90.44,90.38,90.44,0.186,2026-03-23 16:50:00
1774284900000,90.28,90.28,90.28,90.28,0.121,2026-03-23 16:55:00
1774285200000,90.45,90.54,90.45,90.54,0.931,2026-03-23 17:00:00
1774285500000,90.48,90.48,90.27,90.32,4.468,2026-03-23 17:05:00
1774285800000,90.32,90.32,90.32,90.32,0.0,2026-03-23 17:10:00
1774286100000,90.32,90.32,90.32,90.32,0.0,2026-03-23 17:15:00
1774286400000,89.91,89.91,89.83,89.89,1.508,2026-03-23 17:20:00
1774286700000,90.1,90.16,90.1,90.16,5.537,2026-03-23 17:25:00
1774287000000,90.53,90.62,90.53,90.62,1.656,2026-03-23 17:30:00
1774287300000,90.75,91.09,90.75,90.86,5.243,2026-03-23 17:35:00
1774287600000,91.01,91.1,90.9,90.9,2.14,2026-03-23 17:40:00
1774287900000,91.11,91.14,91.09,91.14,1.324,2026-03-23 17:45:00
1774288200000,91.3,91.32,91.3,91.32,0.834,2026-03-23 17:50:00
1774288500000,91.36,91.36,91.32,91.32,27.585,2026-03-23 17:55:00
1774288800000,91.28,91.38,91.28,91.36,0.498,2026-03-23 18:00:00
1774289100000,91.33,91.35,91.07,91.07,1.789,2026-03-23 18:05:00
1774289400000,91.04,91.09,91.04,91.09,9.661,2026-03-23 18:10:00
1774289700000,91.23,91.23,91.23,91.23,0.077,2026-03-23 18:15:00
1774290000000,91.19,91.2,91.19,91.2,8.78,2026-03-23 18:20:00
1774290300000,91.13,91.37,91.13,91.37,6.966,2026-03-23 18:25:00
1774290600000,91.48,91.69,91.48,91.65,2.076,2026-03-23 18:30:00
1774290900000,91.66,91.7,91.58,91.58,1.799,2026-03-23 18:35:00
1774291200000,91.49,91.56,91.49,91.56,1.586,2026-03-23 18:40:00
1774291500000,91.52,91.54,91.52,91.54,0.444,2026-03-23 18:45:00
1774291800000,91.59,91.59,91.44,91.44,0.477,2026-03-23 18:50:00
1774292100000,91.44,91.44,91.44,91.44,0.0,2026-03-23 18:55:00
1774292400000,91.44,91.44,91.44,91.44,0.0,2026-03-23 19:00:00
1774292700000,91.78,91.84,91.39,91.6,13.091,2026-03-23 19:05:00
1774293000000,91.51,91.58,91.51,91.58,0.327,2026-03-23 19:10:00
1774293300000,91.37,91.37,91.37,91.37,9.0,2026-03-23 19:15:00
1774293600000,91.37,91.37,91.37,91.37,0.0,2026-03-23 19:20:00
1774293900000,91.37,91.37,91.37,91.37,0.0,2026-03-23 19:25:00
1774294200000,91.7,91.7,91.69,91.69,0.413,2026-03-23 19:30:00
1774294500000,91.69,91.69,91.69,91.69,0.0,2026-03-23 19:35:00
1774294800000,91.6,91.63,91.6,91.63,1.409,2026-03-23 19:40:00
1774295100000,91.65,91.69,91.65,91.69,1.961,2026-03-23 19:45:00
1774295400000,91.69,91.69,91.69,91.69,0.0,2026-03-23 19:50:00
1774295700000,91.39,91.39,91.39,91.39,1.09,2026-03-23 19:55:00
1774296000000,91.44,91.45,91.44,91.45,1.156,2026-03-23 20:00:00
1774296300000,91.5,91.56,91.5,91.56,0.327,2026-03-23 20:05:00
1774296600000,91.58,91.6,91.58,91.6,0.559,2026-03-23 20:10:00
1774296900000,91.66,91.69,91.6,91.6,13.221,2026-03-23 20:15:00
1774297200000,91.6,91.6,91.6,91.6,0.0,2026-03-23 20:20:00
1774297500000,91.6,91.6,91.6,91.6,0.0,2026-03-23 20:25:00
1774297800000,91.6,91.6,91.6,91.6,0.0,2026-03-23 20:30:00
1774298100000,91.84,91.89,91.84,91.88,8.688,2026-03-23 20:35:00
1774298400000,91.89,91.89,91.89,91.89,0.001,2026-03-23 20:40:00
1774298700000,91.92,91.92,91.92,91.92,2.0,2026-03-23 20:45:00
1774299000000,91.8,91.83,91.8,91.83,5.996,2026-03-23 20:50:00
1774299300000,91.83,91.83,91.83,91.83,0.0,2026-03-23 20:55:00
1774299600000,91.73,91.73,91.73,91.73,10.872,2026-03-23 21:00:00
1774299900000,91.69,91.69,91.68,91.68,0.653,2026-03-23 21:05:00
1774300200000,91.59,91.59,91.59,91.59,0.109,2026-03-23 21:10:00
1774300500000,91.59,91.59,91.59,91.59,0.0,2026-03-23 21:15:00
1774300800000,91.59,91.59,91.59,91.59,0.0,2026-03-23 21:20:00
1774301100000,91.59,91.59,91.59,91.59,0.0,2026-03-23 21:25:00
1774301400000,91.59,91.59,91.59,91.59,0.0,2026-03-23 21:30:00
1774301700000,91.87,91.87,91.87,91.87,2.262,2026-03-23 21:35:00
1774302000000,91.85,91.85,91.85,91.85,0.218,2026-03-23 21:40:00
1774302300000,91.85,91.85,91.85,91.85,0.0,2026-03-23 21:45:00
1774302600000,91.84,91.84,91.84,91.84,1.087,2026-03-23 21:50:00
1774302900000,91.84,91.84,91.84,91.84,0.0,2026-03-23 21:55:00
1774303200000,91.84,91.84,91.84,91.84,0.0,2026-03-23 22:00:00
1774303500000,91.37,91.37,91.37,91.37,0.407,2026-03-23 22:05:00
1774303800000,91.37,91.37,91.37,91.37,0.0,2026-03-23 22:10:00
1774304100000,91.25,91.37,91.25,91.37,2.067,2026-03-23 22:15:00
1774304400000,91.76,91.76,91.76,91.76,0.568,2026-03-23 22:20:00
1774304700000,91.76,91.76,91.76,91.76,0.0,2026-03-23 22:25:00
1774305000000,91.45,91.45,91.45,91.45,10.0,2026-03-23 22:30:00
1774305300000,91.6,91.6,91.6,91.6,0.12,2026-03-23 22:35:00
1774305600000,91.6,91.6,91.6,91.6,0.0,2026-03-23 22:40:00
1774305900000,91.52,91.52,91.52,91.52,1.421,2026-03-23 22:45:00
1774306200000,91.56,91.56,91.56,91.56,0.044,2026-03-23 22:50:00
1774306500000,91.56,91.56,91.56,91.56,0.0,2026-03-23 22:55:00
1774306800000,91.49,91.49,91.49,91.49,1.092,2026-03-23 23:00:00
1774307100000,91.49,91.49,91.27,91.29,1.618,2026-03-23 23:05:00
1774307400000,91.09,91.3,91.09,91.3,17.886,2026-03-23 23:10:00
1774307700000,91.3,91.3,91.3,91.3,0.0,2026-03-23 23:15:00
1774308000000,91.03,91.03,91.03,91.03,0.039,2026-03-23 23:20:00
1774308300000,91.28,91.3,91.28,91.3,15.397,2026-03-23 23:25:00
1774308600000,91.3,91.3,91.3,91.3,0.0,2026-03-23 23:30:00
1774308900000,91.15,91.2,91.15,91.2,0.572,2026-03-23 23:35:00
1774309200000,91.2,91.2,91.2,91.2,0.0,2026-03-23 23:40:00
1774309500000,91.2,91.2,91.2,91.2,0.0,2026-03-23 23:45:00
1774309800000,91.2,91.2,91.2,91.2,0.0,2026-03-23 23:50:00
1774310100000,91.36,91.5,91.36,91.5,11.35,2026-03-23 23:55:00
1774310400000,91.45,91.68,91.45,91.68,18.675,2026-03-24 00:00:00
1774310700000,91.68,91.68,91.68,91.68,0.0,2026-03-24 00:05:00
1774311000000,91.36,91.53,91.35,91.37,0.698,2026-03-24 00:10:00
1774311300000,91.23,91.23,91.23,91.23,0.022,2026-03-24 00:15:00
1774311600000,91.23,91.23,91.2,91.2,39.598,2026-03-24 00:20:00
1774311900000,91.3,91.3,91.28,91.28,0.312,2026-03-24 00:25:00
1774312200000,91.09,91.11,90.99,90.99,1.789,2026-03-24 00:30:00
1774312500000,91.02,91.02,90.75,90.75,0.992,2026-03-24 00:35:00
1774312800000,90.93,90.93,90.93,90.93,1.196,2026-03-24 00:40:00
1774313100000,90.93,90.93,90.93,90.93,0.0,2026-03-24 00:45:00
1774313400000,91.02,91.02,91.02,91.02,0.246,2026-03-24 00:50:00
1774313700000,91.21,91.21,91.21,91.21,2.4,2026-03-24 00:55:00
1774314000000,91.02,91.02,91.02,91.02,0.055,2026-03-24 01:00:00
1774314300000,90.86,90.86,90.86,90.86,0.11,2026-03-24 01:05:00
1774314600000,90.92,90.92,90.92,90.92,0.022,2026-03-24 01:10:00
1774314900000,90.92,90.92,90.92,90.92,0.0,2026-03-24 01:15:00
1774315200000,90.92,90.92,90.92,90.92,0.0,2026-03-24 01:20:00
1774315500000,91.06,91.06,91.06,91.06,1.096,2026-03-24 01:25:00
1774315800000,90.96,90.96,90.78,90.87,1.464,2026-03-24 01:30:00
1774316100000,90.68,90.68,90.45,90.45,1.687,2026-03-24 01:35:00
1774316400000,90.37,90.37,90.22,90.22,2.988,2026-03-24 01:40:00
1774316700000,90.32,90.35,90.32,90.35,0.45,2026-03-24 01:45:00
1774317000000,90.56,90.56,90.53,90.53,0.232,2026-03-24 01:50:00
1774317300000,90.53,90.53,90.53,90.53,0.0,2026-03-24 01:55:00
1774317600000,90.4,90.41,90.33,90.41,0.584,2026-03-24 02:00:00
1774317900000,90.52,90.52,90.45,90.45,11.677,2026-03-24 02:05:00
1774318200000,90.27,90.35,90.27,90.35,4.43,2026-03-24 02:10:00
1774318500000,90.32,90.32,90.32,90.32,0.301,2026-03-24 02:15:00
1774318800000,90.44,90.44,90.44,90.44,2.205,2026-03-24 02:20:00
1774319100000,90.4,90.4,90.4,90.4,0.224,2026-03-24 02:25:00
1774319400000,90.39,90.39,90.39,90.39,2.212,2026-03-24 02:30:00
1774319700000,90.39,90.39,90.39,90.39,0.0,2026-03-24 02:35:00
1774320000000,90.18,90.37,90.18,90.37,4.489,2026-03-24 02:40:00
1774320300000,90.37,90.37,90.37,90.37,0.0,2026-03-24 02:45:00
1774320600000,90.37,90.37,90.37,90.37,0.0,2026-03-24 02:50:00
1774320900000,90.16,90.16,90.15,90.16,2.127,2026-03-24 02:55:00
1774321200000,90.17,90.17,90.06,90.06,9.367,2026-03-24 03:00:00
1774321500000,90.17,90.17,90.03,90.03,3.895,2026-03-24 03:05:00
1774321800000,90.02,90.07,90.0,90.07,1.081,2026-03-24 03:10:00
1774322100000,90.07,90.07,90.07,90.07,0.0,2026-03-24 03:15:00
1774322400000,90.07,90.07,90.07,90.07,0.0,2026-03-24 03:20:00
1774322700000,90.07,90.07,90.07,90.07,0.0,2026-03-24 03:25:00
1774323000000,90.15,90.26,90.15,90.26,0.362,2026-03-24 03:30:00
1774323300000,90.26,90.26,90.26,90.26,0.0,2026-03-24 03:35:00
1774323600000,90.26,90.26,90.26,90.26,0.0,2026-03-24 03:40:00
1774323900000,90.26,90.26,90.26,90.26,0.0,2026-03-24 03:45:00
1774324200000,90.2,90.2,90.2,90.2,23.295,2026-03-24 03:50:00
1774324500000,90.2,90.34,90.2,90.32,195.844,2026-03-24 03:55:00
1774324800000,90.32,90.32,90.32,90.32,0.0,2026-03-24 04:00:00
1774325100000,90.72,90.72,90.72,90.72,0.055,2026-03-24 04:05:00
1774325400000,90.69,90.69,90.69,90.69,0.048,2026-03-24 04:10:00
1774325700000,90.69,90.69,90.69,90.69,0.0,2026-03-24 04:15:00
1774326000000,90.6,90.6,90.6,90.6,0.124,2026-03-24 04:20:00
1774326300000,90.58,90.58,90.58,90.58,0.124,2026-03-24 04:25:00
1774326600000,90.58,90.58,90.58,90.58,0.0,2026-03-24 04:30:00
1774326900000,90.58,90.58,90.58,90.58,0.0,2026-03-24 04:35:00
1774327200000,90.58,90.58,90.58,90.58,0.0,2026-03-24 04:40:00
1774327500000,90.58,90.58,90.58,90.58,0.0,2026-03-24 04:45:00
1774327800000,90.58,90.58,90.58,90.58,0.0,2026-03-24 04:50:00
1774328100000,90.58,90.58,90.58,90.58,0.0,2026-03-24 04:55:00
1774328400000,90.58,90.58,90.58,90.58,0.0,2026-03-24 05:00:00
1774328700000,90.08,90.08,90.05,90.05,0.634,2026-03-24 05:05:00
1774329000000,90.12,90.12,90.12,90.12,0.476,2026-03-24 05:10:00
1774329300000,90.41,90.41,90.34,90.34,2.352,2026-03-24 05:15:00
1774329600000,90.05,90.05,90.05,90.05,2.211,2026-03-24 05:20:00
1774329900000,90.22,90.22,90.22,90.22,8.922,2026-03-24 05:25:00
1774330200000,90.25,90.25,90.25,90.25,0.085,2026-03-24 05:30:00
1774330500000,90.25,90.25,90.25,90.25,1.108,2026-03-24 05:35:00
1774330800000,90.16,90.16,90.16,90.16,0.553,2026-03-24 05:40:00
1774331100000,90.03,90.03,90.03,90.03,33.678,2026-03-24 05:45:00
1774331400000,90.03,90.03,90.03,90.03,0.0,2026-03-24 05:50:00
1774331700000,90.17,90.17,90.17,90.17,0.055,2026-03-24 05:55:00
1774332000000,90.17,90.17,90.17,90.17,0.0,2026-03-24 06:00:00
1774332300000,90.3,90.3,90.3,90.3,10.0,2026-03-24 06:05:00
1774332600000,90.37,90.4,90.37,90.37,9.933,2026-03-24 06:10:00
1774332900000,90.37,90.37,90.37,90.37,0.0,2026-03-24 06:15:00
1774333200000,90.3,90.3,90.3,90.3,9.769,2026-03-24 06:20:00
1774333500000,90.3,90.3,90.3,90.3,0.0,2026-03-24 06:25:00
1774333800000,90.36,90.36,90.36,90.36,3.595,2026-03-24 06:30:00
1774334100000,90.36,90.36,90.36,90.36,0.0,2026-03-24 06:35:00
1774334400000,90.36,90.36,90.36,90.36,0.0,2026-03-24 06:40:00
1774334700000,90.36,90.36,90.36,90.36,0.0,2026-03-24 06:45:00
1774335000000,90.36,90.36,90.36,90.36,0.0,2026-03-24 06:50:00
1774335300000,90.36,90.36,90.36,90.36,0.0,2026-03-24 06:55:00
1774335600000,90.57,90.65,90.57,90.65,6.608,2026-03-24 07:00:00
1774335900000,91.08,91.08,91.08,91.08,0.086,2026-03-24 07:05:00
1774336200000,91.08,91.09,91.08,91.09,2.181,2026-03-24 07:10:00
1774336500000,91.09,91.09,91.09,91.09,0.0,2026-03-24 07:15:00
1774336800000,91.3,91.3,91.3,91.3,0.635,2026-03-24 07:20:00
1774337100000,91.3,91.3,91.3,91.3,0.0,2026-03-24 07:25:00
1774337400000,91.3,91.3,91.3,91.3,0.0,2026-03-24 07:30:00
1774337700000,91.3,91.3,91.3,91.3,0.0,2026-03-24 07:35:00
1774338000000,91.3,91.3,91.3,91.3,0.0,2026-03-24 07:40:00
1774338300000,91.3,91.3,91.3,91.3,0.0,2026-03-24 07:45:00
1774338600000,91.36,91.38,91.36,91.38,0.127,2026-03-24 07:50:00
1774338900000,91.48,91.84,91.48,91.67,9.53,2026-03-24 07:55:00
1774339200000,91.67,91.67,91.67,91.67,0.0,2026-03-24 08:00:00
1774339500000,91.83,91.84,91.8,91.84,1.351,2026-03-24 08:05:00
1774339800000,91.79,91.87,91.79,91.87,32.755,2026-03-24 08:10:00
1774340100000,91.87,91.87,91.87,91.87,0.0,2026-03-24 08:15:00
1774340400000,91.34,91.39,91.34,91.39,10.925,2026-03-24 08:20:00
1774340700000,91.4,91.4,91.4,91.4,0.033,2026-03-24 08:25:00
1774341000000,91.4,91.4,91.4,91.4,0.0,2026-03-24 08:30:00
1774341300000,91.66,91.66,91.66,91.66,4.802,2026-03-24 08:35:00
1774341600000,91.7,91.7,91.69,91.69,4.825,2026-03-24 08:40:00
1774341900000,91.69,91.69,91.69,91.69,0.0,2026-03-24 08:45:00
1774342200000,91.88,91.88,91.68,91.68,33.626,2026-03-24 08:50:00
1774342500000,91.52,91.52,91.52,91.52,7.633,2026-03-24 08:55:00
1774342800000,91.52,91.52,91.52,91.52,0.0,2026-03-24 09:00:00
1774343100000,91.49,91.49,91.49,91.49,0.109,2026-03-24 09:05:00
1774343400000,91.47,91.47,91.23,91.23,2.804,2026-03-24 09:10:00
1774343700000,91.18,91.39,91.18,91.35,20.221,2026-03-24 09:15:00
1774344000000,91.35,91.35,91.35,91.35,0.0,2026-03-24 09:20:00
1774344300000,91.69,91.69,91.69,91.69,2.831,2026-03-24 09:25:00
1774344600000,91.5,91.65,91.5,91.63,1.428,2026-03-24 09:30:00
1774344900000,91.63,91.63,91.63,91.63,0.0,2026-03-24 09:35:00
1774345200000,91.63,91.63,91.63,91.63,0.0,2026-03-24 09:40:00
1774345500000,91.63,91.63,91.63,91.63,0.0,2026-03-24 09:45:00
1774345800000,92.0,92.03,92.0,92.03,1.532,2026-03-24 09:50:00
1774346100000,92.08,92.08,92.08,92.08,1.532,2026-03-24 09:55:00
1774346400000,92.08,92.08,92.08,92.08,0.0,2026-03-24 10:00:00
1774346700000,91.99,92.07,91.99,92.07,8.456,2026-03-24 10:05:00
1774347000000,92.04,92.08,92.04,92.08,0.183,2026-03-24 10:10:00
1774347300000,92.08,92.08,92.08,92.08,0.0,2026-03-24 10:15:00
1774347600000,91.96,91.96,91.96,91.96,1.086,2026-03-24 10:20:00
1774347900000,92.15,92.15,92.1,92.1,7.626,2026-03-24 10:25:00
1774348200000,91.86,91.86,91.86,91.86,1.827,2026-03-24 10:30:00
1774348500000,91.86,91.86,91.86,91.86,0.0,2026-03-24 10:35:00
1774348800000,91.86,91.86,91.86,91.86,0.0,2026-03-24 10:40:00
1774349100000,91.86,91.86,91.86,91.86,0.0,2026-03-24 10:45:00
1774349400000,91.86,91.86,91.86,91.86,0.0,2026-03-24 10:50:00
1774349700000,91.8,91.8,91.8,91.8,111.453,2026-03-24 10:55:00
1774350000000,91.8,91.8,91.8,91.8,0.0,2026-03-24 11:00:00
1774350300000,91.69,91.78,91.69,91.78,3.644,2026-03-24 11:05:00
1774350600000,92.11,92.11,92.11,92.11,0.054,2026-03-24 11:10:00
1774350900000,91.78,91.78,91.71,91.71,2.174,2026-03-24 11:15:00
1774351200000,91.71,91.71,91.71,91.71,0.0,2026-03-24 11:20:00
1774351500000,91.71,91.71,91.71,91.71,0.0,2026-03-24 11:25:00
1774351800000,91.71,91.71,91.71,91.71,0.0,2026-03-24 11:30:00
1774352100000,91.81,91.81,91.81,91.81,0.25,2026-03-24 11:35:00
1774352400000,91.81,91.81,91.81,91.81,0.0,2026-03-24 11:40:00
1774352700000,91.96,91.98,91.96,91.98,0.609,2026-03-24 11:45:00
1774353000000,91.95,91.95,91.77,91.77,0.26,2026-03-24 11:50:00
1774353300000,91.77,91.77,91.77,91.77,0.0,2026-03-24 11:55:00
1774353600000,91.77,91.77,91.77,91.77,0.13,2026-03-24 12:00:00
1774353900000,91.62,91.63,91.61,91.63,1.273,2026-03-24 12:05:00
1774354200000,91.74,91.74,91.74,91.74,1.089,2026-03-24 12:10:00
1774354500000,91.74,91.74,91.74,91.74,0.13,2026-03-24 12:15:00
1774354800000,91.74,91.74,91.71,91.71,1.743,2026-03-24 12:20:00
1774355100000,91.71,91.71,91.71,91.71,0.0,2026-03-24 12:25:00
1774355400000,91.71,91.71,91.71,91.71,0.0,2026-03-24 12:30:00
1774355700000,91.56,91.56,91.56,91.56,0.207,2026-03-24 12:35:00
1774356000000,91.62,91.72,91.62,91.72,13.467,2026-03-24 12:40:00
1774356300000,91.72,91.72,91.72,91.72,0.0,2026-03-24 12:45:00
1774356600000,91.58,91.67,91.58,91.67,0.165,2026-03-24 12:50:00
1774356900000,91.56,91.6,91.56,91.6,2.509,2026-03-24 12:55:00
1774357200000,91.64,91.77,91.61,91.61,2.685,2026-03-24 13:00:00
1774357500000,91.68,91.68,91.29,91.3,33.95,2026-03-24 13:05:00
1774357800000,91.5,91.5,91.47,91.47,2.24,2026-03-24 13:10:00
1774358100000,91.47,91.47,91.47,91.47,0.0,2026-03-24 13:15:00
1774358400000,91.09,91.1,91.09,91.1,1.682,2026-03-24 13:20:00
1774358700000,91.13,91.13,91.01,91.01,88.662,2026-03-24 13:25:00
1774359000000,91.05,91.15,91.05,91.15,0.18,2026-03-24 13:30:00
1774359300000,91.05,91.05,90.75,90.75,3.491,2026-03-24 13:35:00
1774359600000,90.66,90.66,89.9,90.19,95.451,2026-03-24 13:40:00
1774359900000,90.11,90.17,89.91,90.17,15.283,2026-03-24 13:45:00
1774360200000,89.88,89.88,89.63,89.78,4.863,2026-03-24 13:50:00
1774360500000,89.78,89.78,89.78,89.78,0.0,2026-03-24 13:55:00
1774360800000,89.93,90.05,89.93,90.05,0.338,2026-03-24 14:00:00
1774361100000,90.05,90.05,90.05,90.05,0.018,2026-03-24 14:05:00
1774361400000,89.7,89.7,89.35,89.55,8.006,2026-03-24 14:10:00
1774361700000,89.54,89.54,89.42,89.42,0.178,2026-03-24 14:15:00
1774362000000,89.42,89.42,89.42,89.42,0.0,2026-03-24 14:20:00
1774362300000,89.26,89.51,89.26,89.51,2.447,2026-03-24 14:25:00
1774362600000,89.51,89.51,89.51,89.51,0.0,2026-03-24 14:30:00
1774362900000,89.58,89.58,89.58,89.58,0.056,2026-03-24 14:35:00
1774363200000,89.58,89.58,89.58,89.58,0.0,2026-03-24 14:40:00
1774363500000,89.17,89.17,89.01,89.01,25.042,2026-03-24 14:45:00
1774363800000,88.95,89.41,88.77,89.41,14.308,2026-03-24 14:50:00
1774364100000,89.55,89.64,89.5,89.5,2.367,2026-03-24 14:55:00
1774364400000,89.76,89.77,89.7,89.7,114.743,2026-03-24 15:00:00
1774364700000,89.67,89.67,89.67,89.67,0.673,2026-03-24 15:05:00
1774365000000,89.76,89.76,89.76,89.76,10.798,2026-03-24 15:10:00
1774365300000,89.84,89.88,89.84,89.88,2.438,2026-03-24 15:15:00
1774365600000,90.11,90.11,90.11,90.11,0.081,2026-03-24 15:20:00
1774365900000,90.02,90.02,90.02,90.02,33.154,2026-03-24 15:25:00
1774366200000,90.02,90.02,90.02,90.02,0.0,2026-03-24 15:30:00
1774366500000,90.02,90.02,90.02,90.02,0.0,2026-03-24 15:35:00
1774366800000,89.97,89.97,89.97,89.97,0.111,2026-03-24 15:40:00
1774367100000,89.98,89.98,89.98,89.98,0.948,2026-03-24 15:45:00
1774367400000,89.94,89.94,89.94,89.94,0.421,2026-03-24 15:50:00
1774367700000,89.71,89.74,89.71,89.74,0.783,2026-03-24 15:55:00
1774368000000,89.73,89.73,89.71,89.71,0.541,2026-03-24 16:00:00
1774368300000,89.77,89.77,89.77,89.77,1.0,2026-03-24 16:05:00
1774368600000,89.81,89.89,89.79,89.89,2.85,2026-03-24 16:10:00
1774368900000,89.85,89.99,89.81,89.93,18.017,2026-03-24 16:15:00
1774369200000,89.93,89.93,89.93,89.93,0.0,2026-03-24 16:20:00
1774369500000,89.76,89.76,89.76,89.76,0.314,2026-03-24 16:25:00
1774369800000,89.76,89.76,89.76,89.76,0.0,2026-03-24 16:30:00
1774370100000,89.6,89.61,89.23,89.23,2.869,2026-03-24 16:35:00
1774370400000,89.18,89.35,89.18,89.35,34.012,2026-03-24 16:40:00
1774370700000,89.4,89.41,89.4,89.41,1.97,2026-03-24 16:45:00
1774371000000,89.41,89.41,89.41,89.41,0.0,2026-03-24 16:50:00
1774371300000,89.41,89.41,89.41,89.41,0.0,2026-03-24 16:55:00
1774371600000,89.15,89.15,89.13,89.13,1.043,2026-03-24 17:00:00
1774371900000,89.01,89.08,88.87,89.01,3.403,2026-03-24 17:05:00
1774372200000,89.01,89.01,89.01,89.01,0.0,2026-03-24 17:10:00
1774372500000,89.01,89.01,89.01,89.01,0.0,2026-03-24 17:15:00
1774372800000,89.01,89.01,89.01,89.01,0.0,2026-03-24 17:20:00
1774373100000,89.01,89.01,89.01,89.01,0.0,2026-03-24 17:25:00
1774373400000,89.06,89.06,89.06,89.06,12.586,2026-03-24 17:30:00
1774373700000,89.06,89.06,89.06,89.06,0.0,2026-03-24 17:35:00
1774374000000,88.93,88.93,88.68,88.68,0.95,2026-03-24 17:40:00
1774374300000,88.83,88.83,88.79,88.79,0.143,2026-03-24 17:45:00
1774374600000,88.94,88.98,88.94,88.98,40.044,2026-03-24 17:50:00
1774374900000,89.22,89.22,89.22,89.22,2.157,2026-03-24 17:55:00
1774375200000,89.15,89.15,89.12,89.12,0.143,2026-03-24 18:00:00
1774375500000,89.19,89.19,89.18,89.18,1.175,2026-03-24 18:05:00
1774375800000,89.16,89.21,89.15,89.15,1.903,2026-03-24 18:10:00
1774376100000,89.09,89.09,89.09,89.09,1.12,2026-03-24 18:15:00
1774376400000,89.12,89.23,89.12,89.23,10.008,2026-03-24 18:20:00
1774376700000,89.23,89.23,89.23,89.23,0.0,2026-03-24 18:25:00
1774377000000,89.23,89.23,89.23,89.23,0.0,2026-03-24 18:30:00
1774377300000,89.49,89.49,89.49,89.49,0.84,2026-03-24 18:35:00
1774377600000,89.33,89.33,89.33,89.33,0.087,2026-03-24 18:40:00
1774377900000,89.33,89.33,89.33,89.33,0.0,2026-03-24 18:45:00
1774378200000,89.33,89.33,89.33,89.33,0.0,2026-03-24 18:50:00
1774378500000,89.33,89.33,89.33,89.33,0.0,2026-03-24 18:55:00
1774378800000,89.33,89.33,89.33,89.33,0.0,2026-03-24 19:00:00
1774379100000,88.94,88.94,88.94,88.94,0.056,2026-03-24 19:05:00
1774379400000,89.17,89.19,89.17,89.19,0.444,2026-03-24 19:10:00
1774379700000,89.19,89.19,89.19,89.19,0.0,2026-03-24 19:15:00
1774380000000,89.19,89.19,89.19,89.19,0.0,2026-03-24 19:20:00
1774380300000,89.19,89.19,89.19,89.19,0.0,2026-03-24 19:25:00
1774380600000,88.86,88.97,88.86,88.97,0.86,2026-03-24 19:30:00
1774380900000,88.97,88.97,88.97,88.97,0.0,2026-03-24 19:35:00
1774381200000,88.97,88.97,88.97,88.97,0.0,2026-03-24 19:40:00
1774381500000,88.89,88.89,88.65,88.65,6.128,2026-03-24 19:45:00
1774381800000,88.55,88.55,88.55,88.55,0.173,2026-03-24 19:50:00
1774382100000,88.59,88.59,88.59,88.59,0.518,2026-03-24 19:55:00
1774382400000,88.73,88.73,88.73,88.73,0.067,2026-03-24 20:00:00
1774382700000,88.64,88.66,88.64,88.66,0.338,2026-03-24 20:05:00
1774383000000,88.66,88.66,88.66,88.66,0.0,2026-03-24 20:10:00
1774383300000,88.83,88.85,88.83,88.85,5.852,2026-03-24 20:15:00
1774383600000,89.07,89.48,89.07,89.48,95.171,2026-03-24 20:20:00
1774383900000,89.64,90.11,89.54,89.54,21.767,2026-03-24 20:25:00
1774384200000,89.88,89.95,89.84,89.84,6.87,2026-03-24 20:30:00
1774384500000,89.68,89.92,89.68,89.71,38.17,2026-03-24 20:35:00
1774384800000,89.71,89.71,89.71,89.71,0.0,2026-03-24 20:40:00
1774385100000,89.71,89.71,89.71,89.71,0.0,2026-03-24 20:45:00
1774385400000,90.01,90.03,89.97,90.01,7.163,2026-03-24 20:50:00
1774385700000,90.01,90.01,90.01,90.01,0.164,2026-03-24 20:55:00
1774386000000,90.01,90.01,90.01,90.01,0.0,2026-03-24 21:00:00
1774386300000,90.08,90.08,89.9,89.9,0.198,2026-03-24 21:05:00
1774386600000,89.98,89.98,89.98,89.98,2.23,2026-03-24 21:10:00
1774386900000,89.88,89.88,89.88,89.88,0.022,2026-03-24 21:15:00
1774387200000,89.88,89.88,89.88,89.88,0.0,2026-03-24 21:20:00
1774387500000,89.88,89.88,89.88,89.88,0.0,2026-03-24 21:25:00
1774387800000,89.88,89.88,89.88,89.88,0.0,2026-03-24 21:30:00
1774388100000,89.88,89.88,89.88,89.88,0.0,2026-03-24 21:35:00
1774388400000,90.31,90.43,90.31,90.43,3.524,2026-03-24 21:40:00
1774388700000,90.39,90.39,90.38,90.38,2.655,2026-03-24 21:45:00
1774389000000,90.2,90.2,90.2,90.2,1.109,2026-03-24 21:50:00
1774389300000,90.2,90.2,90.2,90.2,0.0,2026-03-24 21:55:00
1774389600000,90.38,90.38,90.38,90.38,0.029,2026-03-24 22:00:00
1774389900000,90.58,90.63,90.58,90.63,3.149,2026-03-24 22:05:00
1774390200000,90.67,90.67,90.65,90.65,5.551,2026-03-24 22:10:00
1774390500000,90.65,90.65,90.65,90.65,0.0,2026-03-24 22:15:00
1774390800000,90.65,90.65,90.65,90.65,0.0,2026-03-24 22:20:00
1774391100000,90.65,90.65,90.65,90.65,0.0,2026-03-24 22:25:00
1774391400000,90.65,90.65,90.65,90.65,0.0,2026-03-24 22:30:00
1774391700000,90.65,90.65,90.65,90.65,0.0,2026-03-24 22:35:00
1774392000000,90.26,90.26,90.26,90.26,6.75,2026-03-24 22:40:00
1774392300000,90.26,90.26,90.26,90.26,0.0,2026-03-24 22:45:00
1774392600000,90.26,90.26,90.26,90.26,0.0,2026-03-24 22:50:00
1774392900000,90.26,90.26,90.26,90.26,0.0,2026-03-24 22:55:00
1774393200000,90.26,90.26,90.26,90.26,0.0,2026-03-24 23:00:00
1774393500000,90.3,90.58,90.3,90.58,2.074,2026-03-24 23:05:00
1774393800000,90.56,90.56,90.56,90.56,0.441,2026-03-24 23:10:00
1774394100000,90.54,90.54,90.54,90.54,0.129,2026-03-24 23:15:00
1774394400000,90.62,91.05,90.62,90.95,59.995,2026-03-24 23:20:00
1774394700000,90.93,91.01,90.93,91.01,5.837,2026-03-24 23:25:00
1774395000000,91.06,91.09,91.06,91.08,5.367,2026-03-24 23:30:00
1774395300000,91.07,91.07,91.07,91.07,0.79,2026-03-24 23:35:00
1774395600000,90.94,90.94,90.94,90.94,0.201,2026-03-24 23:40:00
1774395900000,91.03,91.03,90.97,90.97,11.42,2026-03-24 23:45:00
1774396200000,90.96,90.96,90.96,90.96,0.243,2026-03-24 23:50:00
1774396500000,90.89,90.89,90.89,90.89,0.371,2026-03-24 23:55:00
1774396800000,90.85,90.85,90.85,90.85,1.209,2026-03-25 00:00:00
1774397100000,90.85,90.85,90.85,90.85,0.0,2026-03-25 00:05:00
1774397400000,91.13,91.22,91.1,91.22,3.356,2026-03-25 00:10:00
1774397700000,91.05,91.07,91.05,91.07,0.382,2026-03-25 00:15:00
1774398000000,91.07,91.07,91.07,91.07,0.0,2026-03-25 00:20:00
1774398300000,91.11,91.11,91.11,91.11,0.294,2026-03-25 00:25:00
1774398600000,91.09,91.36,91.07,91.36,7.937,2026-03-25 00:30:00
1774398900000,91.38,91.55,91.38,91.55,2.745,2026-03-25 00:35:00
1774399200000,91.54,91.54,91.48,91.48,3.545,2026-03-25 00:40:00
1774399500000,91.49,91.49,91.49,91.49,0.082,2026-03-25 00:45:00
1774399800000,91.49,91.49,91.49,91.49,0.0,2026-03-25 00:50:00
1774400100000,91.41,91.41,91.41,91.41,0.22,2026-03-25 00:55:00
1774400400000,91.31,91.31,91.2,91.2,6.664,2026-03-25 01:00:00
1774400700000,91.23,91.23,91.18,91.18,7.549,2026-03-25 01:05:00
1774401000000,91.32,91.32,91.23,91.23,0.306,2026-03-25 01:10:00
1774401300000,91.23,91.23,91.23,91.23,0.0,2026-03-25 01:15:00
1774401600000,91.13,91.21,91.11,91.11,45.317,2026-03-25 01:20:00
1774401900000,91.21,91.21,91.21,91.21,2.357,2026-03-25 01:25:00
1774402200000,91.2,91.2,91.2,91.2,0.109,2026-03-25 01:30:00
1774402500000,91.2,91.2,91.2,91.2,0.0,2026-03-25 01:35:00
1774402800000,91.2,91.2,91.2,91.2,0.0,2026-03-25 01:40:00
1774403100000,91.2,91.2,91.2,91.2,0.0,2026-03-25 01:45:00
1774403400000,91.14,91.14,91.14,91.14,0.265,2026-03-25 01:50:00
1774403700000,91.14,91.14,91.14,91.14,0.0,2026-03-25 01:55:00
1774404000000,90.98,90.98,90.98,90.98,0.055,2026-03-25 02:00:00
1774404300000,90.94,90.94,90.94,90.94,0.721,2026-03-25 02:05:00
1774404600000,90.94,90.94,90.94,90.94,0.0,2026-03-25 02:10:00
1774404900000,91.08,91.08,91.08,91.08,0.11,2026-03-25 02:15:00
1774405200000,91.09,91.09,91.09,91.09,0.219,2026-03-25 02:20:00
1774405500000,91.06,91.15,91.06,91.15,0.766,2026-03-25 02:25:00
1774405800000,90.98,90.98,90.98,90.98,0.02,2026-03-25 02:30:00
1774406100000,90.98,90.98,90.98,90.98,0.0,2026-03-25 02:35:00
1774406400000,91.24,91.43,91.24,91.43,1.686,2026-03-25 02:40:00
1774406700000,91.27,91.27,91.27,91.27,0.273,2026-03-25 02:45:00
1774407000000,91.25,91.25,91.25,91.25,0.06,2026-03-25 02:50:00
1774407300000,91.13,91.13,91.13,91.13,0.5,2026-03-25 02:55:00
1774407600000,91.13,91.13,91.13,91.13,0.121,2026-03-25 03:00:00
1774407900000,91.13,91.13,91.13,91.13,0.0,2026-03-25 03:05:00
1774408200000,90.87,90.93,90.87,90.93,1.291,2026-03-25 03:10:00
1774408500000,90.93,90.93,90.93,90.93,0.0,2026-03-25 03:15:00
1774408800000,90.91,90.91,90.91,90.91,0.11,2026-03-25 03:20:00
1774409100000,90.93,90.95,90.93,90.95,6.173,2026-03-25 03:25:00
1774409400000,90.95,90.95,90.95,90.95,0.0,2026-03-25 03:30:00
1774409700000,90.95,90.95,90.95,90.95,0.0,2026-03-25 03:35:00
1774410000000,90.95,90.95,90.95,90.95,0.0,2026-03-25 03:40:00
1774410300000,91.24,91.68,91.24,91.57,19.917,2026-03-25 03:45:00
1774410600000,91.7,91.87,91.7,91.87,10.853,2026-03-25 03:50:00
1774410900000,91.81,91.89,91.81,91.88,12.143,2026-03-25 03:55:00
1774411200000,91.88,91.88,91.88,91.88,0.0,2026-03-25 04:00:00
1774411500000,91.67,91.78,91.67,91.77,1.143,2026-03-25 04:05:00
1774411800000,91.82,91.82,91.82,91.82,0.248,2026-03-25 04:10:00
1774412100000,91.82,91.82,91.82,91.82,0.0,2026-03-25 04:15:00
1774412400000,91.82,91.82,91.82,91.82,0.0,2026-03-25 04:20:00
1774412700000,91.7,91.8,91.7,91.77,1.103,2026-03-25 04:25:00
1774413000000,91.77,91.77,91.77,91.77,0.0,2026-03-25 04:30:00
1774413300000,91.77,91.77,91.77,91.77,0.0,2026-03-25 04:35:00
1774413600000,91.77,91.77,91.77,91.77,0.0,2026-03-25 04:40:00
1774413900000,91.66,91.66,91.66,91.66,15.256,2026-03-25 04:45:00
1774414200000,91.72,91.76,91.72,91.76,10.968,2026-03-25 04:50:00
1774414500000,91.77,92.07,91.77,92.07,20.889,2026-03-25 04:55:00
1774414800000,92.07,92.07,92.07,92.07,0.0,2026-03-25 05:00:00
1774415100000,92.09,92.91,92.09,92.52,52.264,2026-03-25 05:05:00
1774415400000,92.63,92.76,92.52,92.52,11.084,2026-03-25 05:10:00
1774415700000,92.54,92.54,92.4,92.4,1.244,2026-03-25 05:15:00
1774416000000,92.44,92.44,92.36,92.36,2.382,2026-03-25 05:20:00
1774416300000,92.37,92.73,92.37,92.73,54.038,2026-03-25 05:25:00
1774416600000,92.66,92.73,92.66,92.73,1.579,2026-03-25 05:30:00
1774416900000,92.73,92.73,92.73,92.73,0.0,2026-03-25 05:35:00
1774417200000,92.45,92.48,92.45,92.45,0.836,2026-03-25 05:40:00
1774417500000,92.45,92.45,92.45,92.45,0.0,2026-03-25 05:45:00
1774417800000,92.45,92.45,92.45,92.45,0.0,2026-03-25 05:50:00
1774418100000,92.45,92.45,92.45,92.45,0.0,2026-03-25 05:55:00
1774418400000,92.45,92.45,92.45,92.45,0.0,2026-03-25 06:00:00
1774418700000,92.32,92.32,92.32,92.32,0.206,2026-03-25 06:05:00
1774419000000,92.3,92.33,92.3,92.33,8.279,2026-03-25 06:10:00
1774419300000,92.37,92.37,92.37,92.37,16.898,2026-03-25 06:15:00
1774419600000,92.4,92.86,92.4,92.86,4.508,2026-03-25 06:20:00
1774419900000,92.78,92.89,92.78,92.89,3.723,2026-03-25 06:25:00
1774420200000,92.89,92.89,92.89,92.89,0.0,2026-03-25 06:30:00
1774420500000,92.78,92.78,92.78,92.78,10.759,2026-03-25 06:35:00
1774420800000,92.62,92.69,92.62,92.69,0.395,2026-03-25 06:40:00
1774421100000,92.71,92.71,92.71,92.71,1.077,2026-03-25 06:45:00
1774421400000,92.66,92.66,92.66,92.66,1.336,2026-03-25 06:50:00
1774421700000,92.54,92.54,92.42,92.42,1.529,2026-03-25 06:55:00
1774422000000,92.36,92.42,92.36,92.42,11.306,2026-03-25 07:00:00
1774422300000,92.38,92.38,92.37,92.37,10.836,2026-03-25 07:05:00
1774422600000,92.43,92.43,92.43,92.43,7.79,2026-03-25 07:10:00
1774422900000,92.36,92.36,92.35,92.35,10.927,2026-03-25 07:15:00
1774423200000,92.35,92.35,92.35,92.35,0.0,2026-03-25 07:20:00
1774423500000,92.35,92.35,92.35,92.35,0.0,2026-03-25 07:25:00
1774423800000,92.35,92.35,92.35,92.35,0.0,2026-03-25 07:30:00
1774424100000,92.35,92.35,92.35,92.35,0.0,2026-03-25 07:35:00
1774424400000,92.35,92.35,92.35,92.35,0.0,2026-03-25 07:40:00
1774424700000,92.03,92.05,91.87,92.05,1.374,2026-03-25 07:45:00
1774425000000,91.95,91.95,91.95,91.95,0.85,2026-03-25 07:50:00
1774425300000,91.81,91.81,91.81,91.81,1.442,2026-03-25 07:55:00
1774425600000,91.81,92.15,91.81,92.03,9.688,2026-03-25 08:00:00
1774425900000,92.02,92.02,92.01,92.01,0.63,2026-03-25 08:05:00
1774426200000,92.01,92.01,92.01,92.01,0.0,2026-03-25 08:10:00
1774426500000,91.96,91.96,91.96,91.96,2.777,2026-03-25 08:15:00
1774426800000,92.22,92.22,92.09,92.09,0.546,2026-03-25 08:20:00
1774427100000,92.14,92.14,92.14,92.14,0.108,2026-03-25 08:25:00
1774427400000,92.2,92.65,92.17,92.65,7.238,2026-03-25 08:30:00
1774427700000,92.62,92.62,92.35,92.36,5.542,2026-03-25 08:35:00
1774428000000,92.58,92.58,92.58,92.58,0.1,2026-03-25 08:40:00
1774428300000,92.58,92.58,92.58,92.58,0.0,2026-03-25 08:45:00
1774428600000,92.44,92.49,92.44,92.49,0.318,2026-03-25 08:50:00
1774428900000,92.49,92.49,92.49,92.49,0.0,2026-03-25 08:55:00
1774429200000,92.36,92.36,92.36,92.36,6.503,2026-03-25 09:00:00
1774429500000,92.36,92.36,92.36,92.36,0.0,2026-03-25 09:05:00
1774429800000,92.36,92.36,92.36,92.36,0.0,2026-03-25 09:10:00
1774430100000,92.57,92.57,92.57,92.57,0.108,2026-03-25 09:15:00
1774430400000,92.47,92.47,92.47,92.47,2.713,2026-03-25 09:20:00
1774430700000,92.43,92.43,92.38,92.38,9.939,2026-03-25 09:25:00
1774431000000,92.34,92.34,92.34,92.34,4.899,2026-03-25 09:30:00
1774431300000,92.34,92.34,92.34,92.34,0.0,2026-03-25 09:35:00
1774431600000,92.58,92.58,92.39,92.4,12.542,2026-03-25 09:40:00
1774431900000,92.4,92.4,92.4,92.4,0.0,2026-03-25 09:45:00
1774432200000,92.4,92.4,92.4,92.4,0.0,2026-03-25 09:50:00
1774432500000,92.42,92.42,92.42,92.42,0.14,2026-03-25 09:55:00
1774432800000,92.57,92.57,92.57,92.57,0.325,2026-03-25 10:00:00
1774433100000,92.57,92.57,92.57,92.57,0.0,2026-03-25 10:05:00
1774433400000,92.57,92.57,92.57,92.57,0.0,2026-03-25 10:10:00
1774433700000,92.57,92.57,92.57,92.57,0.0,2026-03-25 10:15:00
1774434000000,92.57,92.57,92.57,92.57,0.0,2026-03-25 10:20:00
1774434300000,92.53,92.53,92.53,92.53,2.688,2026-03-25 10:25:00
1774434600000,92.53,92.53,92.53,92.53,0.0,2026-03-25 10:30:00
1774434900000,92.53,92.53,92.53,92.53,0.0,2026-03-25 10:35:00
1774435200000,92.53,92.53,92.53,92.53,0.0,2026-03-25 10:40:00
1774435500000,92.58,92.66,92.58,92.62,44.609,2026-03-25 10:45:00
1774435800000,92.62,92.62,92.62,92.62,0.0,2026-03-25 10:50:00
1774436100000,92.64,92.65,92.64,92.65,10.67,2026-03-25 10:55:00
1774436400000,92.67,92.67,92.58,92.58,4.614,2026-03-25 11:00:00
1774436700000,92.58,92.58,92.58,92.58,0.0,2026-03-25 11:05:00
1774437000000,92.58,92.58,92.58,92.58,0.0,2026-03-25 11:10:00
1774437300000,92.58,92.58,92.58,92.58,0.0,2026-03-25 11:15:00
1774437600000,92.76,92.76,92.76,92.76,0.625,2026-03-25 11:20:00
1774437900000,92.91,93.21,92.91,92.99,79.81,2026-03-25 11:25:00
1774438200000,92.97,93.39,92.97,93.29,14.356,2026-03-25 11:30:00
1774438500000,93.22,93.22,93.22,93.22,0.5,2026-03-25 11:35:00
1774438800000,93.22,93.22,93.22,93.22,0.0,2026-03-25 11:40:00
1774439100000,92.88,92.88,92.88,92.88,3.021,2026-03-25 11:45:00
1774439400000,92.88,92.88,92.88,92.88,0.0,2026-03-25 11:50:00
1774439700000,92.9,92.9,92.89,92.89,6.969,2026-03-25 11:55:00
1774440000000,93.03,93.07,93.03,93.07,1.069,2026-03-25 12:00:00
1774440300000,93.14,93.14,93.14,93.14,0.118,2026-03-25 12:05:00
1774440600000,93.14,93.14,93.14,93.14,0.0,2026-03-25 12:10:00
1774440900000,92.69,92.69,92.58,92.58,0.256,2026-03-25 12:15:00
1774441200000,92.73,92.73,92.41,92.41,1.822,2026-03-25 12:20:00
1774441500000,92.41,92.41,92.41,92.41,0.0,2026-03-25 12:25:00
1774441800000,92.52,92.55,92.3,92.3,44.283,2026-03-25 12:30:00
1774442100000,92.73,92.73,92.73,92.73,7.7,2026-03-25 12:35:00
1774442400000,92.71,92.71,92.68,92.68,1.052,2026-03-25 12:40:00
1774442700000,92.67,92.67,92.58,92.58,1.376,2026-03-25 12:45:00
1774443000000,92.61,92.61,92.61,92.61,0.498,2026-03-25 12:50:00
1774443300000,93.0,93.32,93.0,93.08,3.054,2026-03-25 12:55:00
1774443600000,93.02,93.17,92.88,93.17,3.346,2026-03-25 13:00:00
1774443900000,93.16,93.18,93.16,93.18,0.3,2026-03-25 13:05:00
1774444200000,93.08,93.08,93.08,93.08,0.1,2026-03-25 13:10:00
1774444500000,93.07,93.07,93.03,93.03,0.354,2026-03-25 13:15:00
1774444800000,92.99,92.99,92.99,92.99,0.334,2026-03-25 13:20:00
1774445100000,92.99,92.99,92.99,92.99,0.0,2026-03-25 13:25:00
1774445400000,93.0,93.29,93.0,93.29,15.943,2026-03-25 13:30:00
1774445700000,93.28,93.28,93.28,93.28,1.071,2026-03-25 13:35:00
1774446000000,93.23,93.23,93.23,93.23,0.053,2026-03-25 13:40:00
1774446300000,93.04,93.17,93.04,93.17,3.027,2026-03-25 13:45:00
1774446600000,92.82,92.82,92.82,92.82,1.075,2026-03-25 13:50:00
1774446900000,92.86,92.86,92.86,92.86,0.056,2026-03-25 13:55:00
1774447200000,92.53,92.76,92.53,92.76,1.94,2026-03-25 14:00:00
1774447500000,92.48,92.49,92.35,92.35,0.313,2026-03-25 14:05:00
1774447800000,92.3,92.36,92.3,92.36,0.258,2026-03-25 14:10:00
1774448100000,92.36,92.36,92.26,92.26,0.608,2026-03-25 14:15:00
1774448400000,92.37,92.37,92.37,92.37,0.028,2026-03-25 14:20:00
1774448700000,92.37,92.37,92.37,92.37,0.0,2026-03-25 14:25:00
1774449000000,92.19,92.32,92.19,92.28,9.191,2026-03-25 14:30:00
1774449300000,92.32,92.32,92.17,92.17,0.223,2026-03-25 14:35:00
1774449600000,92.18,92.18,92.18,92.18,0.308,2026-03-25 14:40:00
1774449900000,92.18,92.18,92.18,92.18,0.0,2026-03-25 14:45:00
1774450200000,92.18,92.18,92.18,92.18,0.0,2026-03-25 14:50:00
1774450500000,92.11,92.11,92.11,92.11,2.384,2026-03-25 14:55:00
1774450800000,91.99,92.02,91.95,91.98,1.263,2026-03-25 15:00:00
1774451100000,91.92,91.92,91.53,91.54,3.936,2026-03-25 15:05:00
1774451400000,91.5,91.5,91.48,91.48,0.522,2026-03-25 15:10:00
1774451700000,91.48,91.48,91.09,91.09,68.431,2026-03-25 15:15:00
1774452000000,91.58,91.58,91.58,91.58,0.041,2026-03-25 15:20:00
1774452300000,91.58,91.58,91.51,91.51,0.454,2026-03-25 15:25:00
1774452600000,91.81,91.88,91.79,91.79,1.856,2026-03-25 15:30:00
1774452900000,91.79,91.79,91.79,91.79,0.0,2026-03-25 15:35:00
1774453200000,91.79,91.79,91.79,91.79,0.0,2026-03-25 15:40:00
1774453500000,91.79,91.79,91.79,91.79,0.0,2026-03-25 15:45:00
1774453800000,91.79,91.79,91.79,91.79,0.0,2026-03-25 15:50:00
1774454100000,91.96,91.96,91.79,91.79,16.54,2026-03-25 15:55:00
1774454400000,91.84,91.84,91.83,91.83,11.395,2026-03-25 16:00:00
1774454700000,91.83,91.83,91.83,91.83,0.0,2026-03-25 16:05:00
1774455000000,91.8,91.8,91.8,91.8,1.088,2026-03-25 16:10:00
1774455300000,91.8,91.8,91.8,91.8,0.0,2026-03-25 16:15:00
1774455600000,91.8,91.8,91.8,91.8,0.0,2026-03-25 16:20:00
1774455900000,92.0,92.64,92.0,92.54,122.281,2026-03-25 16:25:00
1774456200000,92.54,92.54,92.54,92.54,0.0,2026-03-25 16:30:00
1774456500000,92.54,92.54,92.54,92.54,0.0,2026-03-25 16:35:00
1774456800000,92.54,92.54,92.54,92.54,0.0,2026-03-25 16:40:00
1774457100000,92.54,92.54,92.54,92.54,0.0,2026-03-25 16:45:00
1774457400000,92.54,92.54,92.54,92.54,0.0,2026-03-25 16:50:00
1774457700000,92.32,92.32,92.32,92.32,0.036,2026-03-25 16:55:00
1774458000000,92.32,92.32,92.32,92.32,0.0,2026-03-25 17:00:00
1774458300000,92.22,92.22,92.13,92.13,6.815,2026-03-25 17:05:00
1774458600000,92.1,92.1,92.1,92.1,0.569,2026-03-25 17:10:00
1774458900000,92.1,92.1,92.1,92.1,0.0,2026-03-25 17:15:00
1774459200000,92.1,92.1,92.1,92.1,0.0,2026-03-25 17:20:00
1774459500000,92.1,92.1,92.1,92.1,0.0,2026-03-25 17:25:00
1774459800000,91.98,91.98,91.98,91.98,18.464,2026-03-25 17:30:00
1774460100000,91.98,91.98,91.98,91.98,0.0,2026-03-25 17:35:00
1774460400000,91.98,91.98,91.98,91.98,148.054,2026-03-25 17:40:00
1774460700000,91.94,91.94,91.93,91.93,12.175,2026-03-25 17:45:00
1774461000000,91.81,91.81,91.69,91.69,1.6,2026-03-25 17:50:00
1774461300000,91.65,91.71,91.65,91.71,6.516,2026-03-25 17:55:00
1774461600000,91.78,91.78,91.78,91.78,0.054,2026-03-25 18:00:00
1774461900000,91.87,91.89,91.82,91.82,2.259,2026-03-25 18:05:00
1774462200000,91.78,91.9,91.78,91.9,3.741,2026-03-25 18:10:00
1774462500000,92.02,92.11,92.02,92.11,0.71,2026-03-25 18:15:00
1774462800000,92.04,92.12,92.04,92.12,9.261,2026-03-25 18:20:00
1774463100000,92.04,92.04,92.02,92.02,6.256,2026-03-25 18:25:00
1774463400000,92.0,92.0,92.0,92.0,2.967,2026-03-25 18:30:00
1774463700000,91.99,91.99,91.94,91.94,0.624,2026-03-25 18:35:00
1774464000000,91.73,91.73,91.73,91.73,0.839,2026-03-25 18:40:00
1774464300000,91.82,91.82,91.82,91.82,2.656,2026-03-25 18:45:00
1774464600000,91.76,91.76,91.76,91.76,1.425,2026-03-25 18:50:00
1774464900000,91.64,91.64,91.64,91.64,0.49,2026-03-25 18:55:00
1774465200000,91.68,91.68,91.68,91.68,2.857,2026-03-25 19:00:00
1774465500000,91.89,91.89,91.82,91.82,3.005,2026-03-25 19:05:00
1774465800000,91.78,91.78,91.69,91.69,1.549,2026-03-25 19:10:00
1774466100000,91.69,91.69,91.69,91.69,0.0,2026-03-25 19:15:00
1774466400000,91.82,91.82,91.82,91.82,1.09,2026-03-25 19:20:00
1774466700000,91.77,91.77,91.77,91.77,1.089,2026-03-25 19:25:00
1774467000000,91.68,91.8,91.67,91.79,13.487,2026-03-25 19:30:00
1774467300000,91.69,91.69,91.69,91.69,11.957,2026-03-25 19:35:00
1774467600000,91.83,91.83,91.7,91.7,11.514,2026-03-25 19:40:00
1774467900000,91.7,91.7,91.7,91.7,0.0,2026-03-25 19:45:00
1774468200000,91.76,91.8,91.76,91.8,4.8,2026-03-25 19:50:00
1774468500000,91.58,91.58,91.46,91.46,4.711,2026-03-25 19:55:00
1774468800000,91.61,91.61,91.61,91.61,0.065,2026-03-25 20:00:00
1774469100000,91.56,91.56,91.33,91.33,6.66,2026-03-25 20:05:00
1774469400000,91.3,91.3,91.18,91.2,6.028,2026-03-25 20:10:00
1774469700000,91.16,91.18,91.16,91.18,3.004,2026-03-25 20:15:00
1774470000000,91.36,91.36,91.32,91.32,94.215,2026-03-25 20:20:00
1774470300000,91.16,91.22,91.15,91.22,1.651,2026-03-25 20:25:00
1774470600000,91.18,91.2,91.18,91.2,3.157,2026-03-25 20:30:00
1774470900000,91.2,91.2,91.2,91.2,0.0,2026-03-25 20:35:00
1774471200000,91.31,91.31,91.31,91.31,1.095,2026-03-25 20:40:00
1774471500000,91.46,91.46,91.46,91.46,2.514,2026-03-25 20:45:00
1774471800000,91.46,91.46,91.46,91.46,0.0,2026-03-25 20:50:00
1774472100000,91.55,91.55,91.46,91.47,9.703,2026-03-25 20:55:00
1774472400000,91.47,91.47,91.37,91.37,3.246,2026-03-25 21:00:00
1774472700000,91.41,91.41,91.41,91.41,0.109,2026-03-25 21:05:00
1774473000000,91.41,91.41,91.41,91.41,0.0,2026-03-25 21:10:00
1774473300000,91.52,91.52,91.52,91.52,0.832,2026-03-25 21:15:00
1774473600000,91.46,91.46,91.46,91.46,0.087,2026-03-25 21:20:00
1774473900000,91.3,91.3,91.27,91.27,1.333,2026-03-25 21:25:00
1774474200000,91.2,91.21,91.2,91.21,3.173,2026-03-25 21:30:00
1774474500000,91.21,91.21,91.21,91.21,0.0,2026-03-25 21:35:00
1774474800000,91.21,91.21,91.21,91.21,0.0,2026-03-25 21:40:00
1774475100000,91.37,91.37,91.25,91.25,4.126,2026-03-25 21:45:00
1774475400000,91.25,91.25,91.25,91.25,0.0,2026-03-25 21:50:00
1774475700000,91.25,91.25,91.22,91.22,7.89,2026-03-25 21:55:00
1774476000000,91.22,91.22,91.22,91.22,0.0,2026-03-25 22:00:00
1774476300000,91.28,91.28,91.27,91.27,3.261,2026-03-25 22:05:00
1774476600000,91.13,91.15,91.13,91.13,20.263,2026-03-25 22:10:00
1774476900000,91.09,91.09,91.09,91.09,1.699,2026-03-25 22:15:00
1774477200000,91.09,91.09,91.09,91.09,0.0,2026-03-25 22:20:00
1774477500000,91.23,91.27,91.23,91.27,2.027,2026-03-25 22:25:00
1774477800000,91.5,91.5,91.5,91.5,0.109,2026-03-25 22:30:00
1774478100000,91.5,91.5,91.5,91.5,0.0,2026-03-25 22:35:00
1774478400000,91.61,91.81,91.61,91.7,12.656,2026-03-25 22:40:00
1774478700000,91.84,91.84,91.84,91.84,0.255,2026-03-25 22:45:00
1774479000000,91.79,91.79,91.79,91.79,0.59,2026-03-25 22:50:00
1774479300000,91.74,91.74,91.74,91.74,2.267,2026-03-25 22:55:00
1774479600000,91.8,91.8,91.79,91.79,0.489,2026-03-25 23:00:00
1774479900000,91.76,91.84,91.76,91.82,7.14,2026-03-25 23:05:00
1774480200000,91.85,91.85,91.69,91.69,0.129,2026-03-25 23:10:00
1774480500000,91.67,91.67,91.67,91.67,0.061,2026-03-25 23:15:00
1774480800000,91.61,91.61,91.61,91.61,0.055,2026-03-25 23:20:00
1774481100000,91.61,91.61,91.61,91.61,0.0,2026-03-25 23:25:00
1774481400000,91.61,91.61,91.61,91.61,0.0,2026-03-25 23:30:00
1774481700000,91.61,91.61,91.61,91.61,0.0,2026-03-25 23:35:00
1774482000000,91.61,91.61,91.61,91.61,0.0,2026-03-25 23:40:00
1774482300000,91.61,91.61,91.61,91.61,0.0,2026-03-25 23:45:00
1774482600000,91.61,91.61,91.61,91.61,0.0,2026-03-25 23:50:00
1774482900000,91.77,91.77,91.72,91.73,1.684,2026-03-25 23:55:00
1774483200000,91.7,91.7,91.7,91.7,0.327,2026-03-26 00:00:00
1774483500000,91.61,91.61,91.59,91.59,0.338,2026-03-26 00:05:00
1774483800000,91.53,91.57,91.53,91.57,0.375,2026-03-26 00:10:00
1774484100000,91.8,91.84,91.8,91.84,0.138,2026-03-26 00:15:00
1774484400000,91.74,91.74,91.7,91.7,1.376,2026-03-26 00:20:00
1774484700000,91.7,91.7,91.7,91.7,0.0,2026-03-26 00:25:00
1774485000000,91.7,91.7,91.7,91.7,0.0,2026-03-26 00:30:00
1774485300000,91.9,91.95,91.9,91.95,0.333,2026-03-26 00:35:00
1774485600000,91.88,91.89,91.85,91.85,2.826,2026-03-26 00:40:00
1774485900000,91.89,91.94,91.89,91.94,44.843,2026-03-26 00:45:00
1774486200000,91.82,91.82,91.69,91.72,1.297,2026-03-26 00:50:00
1774486500000,91.59,91.59,91.54,91.54,2.486,2026-03-26 00:55:00
1774486800000,91.86,91.86,91.86,91.86,0.109,2026-03-26 01:00:00
1774487100000,91.83,91.83,91.74,91.74,0.463,2026-03-26 01:05:00
1774487400000,91.84,91.84,91.84,91.84,0.235,2026-03-26 01:10:00
1774487700000,91.71,91.75,91.71,91.75,0.987,2026-03-26 01:15:00
1774488000000,91.75,91.75,91.75,91.75,0.0,2026-03-26 01:20:00
1774488300000,91.75,91.75,91.75,91.75,0.0,2026-03-26 01:25:00
1774488600000,91.75,91.75,91.75,91.75,0.0,2026-03-26 01:30:00
1774488900000,91.94,91.94,91.94,91.94,0.089,2026-03-26 01:35:00
1774489200000,91.94,91.94,91.94,91.94,0.0,2026-03-26 01:40:00
1774489500000,91.82,91.82,91.82,91.82,1.123,2026-03-26 01:45:00
1774489800000,91.81,91.81,91.77,91.79,0.489,2026-03-26 01:50:00
1774490100000,91.93,91.93,91.86,91.86,1.154,2026-03-26 01:55:00
1774490400000,91.84,91.86,91.84,91.86,0.119,2026-03-26 02:00:00
1774490700000,91.75,91.75,91.67,91.67,7.871,2026-03-26 02:05:00
1774491000000,91.57,91.57,91.57,91.57,0.12,2026-03-26 02:10:00
1774491300000,91.57,91.57,91.57,91.57,0.0,2026-03-26 02:15:00
1774491600000,91.25,91.31,91.25,91.31,0.216,2026-03-26 02:20:00
1774491900000,91.31,91.31,91.31,91.31,0.0,2026-03-26 02:25:00
1774492200000,91.09,91.09,90.75,90.75,5.604,2026-03-26 02:30:00
1774492500000,90.91,90.91,90.91,90.91,1.649,2026-03-26 02:35:00
1774492800000,90.91,90.91,90.91,90.91,0.0,2026-03-26 02:40:00
1774493100000,90.91,90.91,90.91,90.91,0.0,2026-03-26 02:45:00
1774493400000,91.01,91.11,90.9,90.9,99.873,2026-03-26 02:50:00
1774493700000,90.9,90.9,90.9,90.9,0.0,2026-03-26 02:55:00
1774494000000,90.91,90.91,90.85,90.85,0.215,2026-03-26 03:00:00
1774494300000,90.83,90.83,90.76,90.78,0.867,2026-03-26 03:05:00
1774494600000,90.96,91.06,90.96,91.06,24.998,2026-03-26 03:10:00
1774494900000,90.97,90.97,90.97,90.97,0.084,2026-03-26 03:15:00
1774495200000,90.92,90.92,90.65,90.65,3.733,2026-03-26 03:20:00
1774495500000,90.67,90.67,90.66,90.66,1.222,2026-03-26 03:25:00
1774495800000,90.81,90.81,90.81,90.81,0.053,2026-03-26 03:30:00
1774496100000,90.87,90.93,90.87,90.91,0.351,2026-03-26 03:35:00
1774496400000,90.93,90.93,90.93,90.93,1.483,2026-03-26 03:40:00
1774496700000,90.96,90.96,90.96,90.96,3.0,2026-03-26 03:45:00
1774497000000,90.96,90.96,90.96,90.96,0.0,2026-03-26 03:50:00
1774497300000,90.96,90.96,90.96,90.96,0.0,2026-03-26 03:55:00
1774497600000,90.96,90.96,90.96,90.96,0.0,2026-03-26 04:00:00
1774497900000,90.89,90.94,90.89,90.94,0.377,2026-03-26 04:05:00
1774498200000,90.94,90.94,90.94,90.94,0.0,2026-03-26 04:10:00
1774498500000,90.94,90.94,90.94,90.94,0.0,2026-03-26 04:15:00
1774498800000,90.94,90.94,90.94,90.94,0.0,2026-03-26 04:20:00
1774499100000,90.94,90.94,90.94,90.94,0.0,2026-03-26 04:25:00
1774499400000,90.94,90.94,90.94,90.94,0.0,2026-03-26 04:30:00
1774499700000,90.94,90.94,90.94,90.94,0.0,2026-03-26 04:35:00
1774500000000,90.94,90.94,90.94,90.94,0.0,2026-03-26 04:40:00
1774500300000,90.94,90.94,90.94,90.94,0.176,2026-03-26 04:45:00
1774500600000,90.94,90.94,90.94,90.94,0.0,2026-03-26 04:50:00
1774500900000,90.82,90.82,90.82,90.82,0.045,2026-03-26 04:55:00
1774501200000,90.87,90.87,90.87,90.87,0.374,2026-03-26 05:00:00
1774501500000,90.84,90.84,90.48,90.55,4.173,2026-03-26 05:05:00
1774501800000,90.39,90.39,90.02,90.02,13.139,2026-03-26 05:10:00
1774502100000,90.02,90.02,89.97,89.98,175.052,2026-03-26 05:15:00
1774502400000,90.06,90.06,90.02,90.02,14.527,2026-03-26 05:20:00
1774502700000,90.02,90.02,90.02,90.02,0.0,2026-03-26 05:25:00
1774503000000,90.02,90.02,90.02,90.02,0.0,2026-03-26 05:30:00
1774503300000,90.03,90.06,90.03,90.06,0.242,2026-03-26 05:35:00
1774503600000,89.88,89.88,89.57,89.57,3.641,2026-03-26 05:40:00
1774503900000,89.52,89.52,89.33,89.33,2.795,2026-03-26 05:45:00
1774504200000,89.33,89.33,89.33,89.33,0.0,2026-03-26 05:50:00
1774504500000,89.24,89.24,89.23,89.23,3.67,2026-03-26 05:55:00
1774504800000,89.17,89.25,89.09,89.2,8.593,2026-03-26 06:00:00
1774505100000,89.17,89.17,89.17,89.17,0.168,2026-03-26 06:05:00
1774505400000,89.17,89.17,89.17,89.17,0.0,2026-03-26 06:10:00
1774505700000,89.22,89.22,89.22,89.22,0.188,2026-03-26 06:15:00
1774506000000,89.19,89.27,89.17,89.22,9.466,2026-03-26 06:20:00
1774506300000,89.02,89.02,89.0,89.0,1.205,2026-03-26 06:25:00
1774506600000,89.04,89.04,89.04,89.04,0.673,2026-03-26 06:30:00
1774506900000,89.0,89.0,89.0,89.0,2.808,2026-03-26 06:35:00
1774507200000,89.0,89.0,89.0,89.0,2.41,2026-03-26 06:40:00
1774507500000,89.05,89.22,89.05,89.1,1.339,2026-03-26 06:45:00
1774507800000,89.1,89.1,89.1,89.1,0.0,2026-03-26 06:50:00
1774508100000,89.1,89.1,89.1,89.1,0.0,2026-03-26 06:55:00
1774508400000,89.1,89.1,89.1,89.1,0.0,2026-03-26 07:00:00
1774508700000,89.24,89.24,89.24,89.24,1.089,2026-03-26 07:05:00
1774509000000,89.15,89.15,89.15,89.15,0.201,2026-03-26 07:10:00
1774509300000,89.15,89.15,89.15,89.15,0.0,2026-03-26 07:15:00
1774509600000,89.14,89.14,89.14,89.14,1.0,2026-03-26 07:20:00
1774509900000,89.14,89.14,89.14,89.14,0.0,2026-03-26 07:25:00
1774510200000,88.92,88.92,88.89,88.89,1.548,2026-03-26 07:30:00
1774510500000,88.89,88.89,88.89,88.89,0.0,2026-03-26 07:35:00
1774510800000,88.89,88.89,88.89,88.89,0.0,2026-03-26 07:40:00
1774511100000,88.89,88.89,88.89,88.89,0.0,2026-03-26 07:45:00
1774511400000,88.89,88.89,88.89,88.89,0.0,2026-03-26 07:50:00
1774511700000,88.89,88.89,88.89,88.89,0.0,2026-03-26 07:55:00
1774512000000,89.1,89.11,89.01,89.01,1.665,2026-03-26 08:00:00
1774512300000,88.83,88.83,88.79,88.79,1.592,2026-03-26 08:05:00
1774512600000,88.75,88.75,88.75,88.75,1.953,2026-03-26 08:10:00
1774512900000,88.75,88.75,88.75,88.75,0.0,2026-03-26 08:15:00
1774513200000,88.75,88.75,88.75,88.75,0.0,2026-03-26 08:20:00
1774513500000,88.75,88.75,88.75,88.75,0.0,2026-03-26 08:25:00
1774513800000,88.75,88.75,88.75,88.75,0.0,2026-03-26 08:30:00
1774514100000,88.75,88.75,88.75,88.75,0.0,2026-03-26 08:35:00
1774514400000,88.75,88.75,88.75,88.75,0.0,2026-03-26 08:40:00
1774514700000,88.75,88.75,88.75,88.75,0.0,2026-03-26 08:45:00
1774515000000,88.75,88.75,88.75,88.75,0.0,2026-03-26 08:50:00
1774515300000,88.75,88.75,88.75,88.75,0.0,2026-03-26 08:55:00
1774515600000,88.75,88.75,88.75,88.75,0.0,2026-03-26 09:00:00
1774515900000,88.75,88.75,88.75,88.75,0.0,2026-03-26 09:05:00
1774516200000,88.9,88.92,88.87,88.9,0.512,2026-03-26 09:10:00
1774516500000,88.86,88.86,88.86,88.86,0.172,2026-03-26 09:15:00
1774516800000,88.86,88.86,88.86,88.86,0.0,2026-03-26 09:20:00
1774517100000,88.86,88.86,88.86,88.86,0.0,2026-03-26 09:25:00
1774517400000,88.67,88.67,87.88,87.88,43.52,2026-03-26 09:30:00
1774517700000,88.1,88.11,88.07,88.07,0.633,2026-03-26 09:35:00
1774518000000,88.13,88.13,88.13,88.13,0.34,2026-03-26 09:40:00
1774518300000,88.13,88.13,88.13,88.13,0.0,2026-03-26 09:45:00
1774518600000,88.13,88.13,88.13,88.13,0.0,2026-03-26 09:50:00
1774518900000,88.12,88.12,88.12,88.12,0.347,2026-03-26 09:55:00
1774519200000,88.05,88.05,88.05,88.05,1.088,2026-03-26 10:00:00
1774519500000,87.97,87.97,87.97,87.97,0.454,2026-03-26 10:05:00
1774519800000,87.99,88.09,87.99,88.04,1.643,2026-03-26 10:10:00
1774520100000,88.04,88.04,88.04,88.04,0.0,2026-03-26 10:15:00
1774520400000,88.04,88.04,88.04,88.04,0.0,2026-03-26 10:20:00
1774520700000,88.31,88.33,88.31,88.33,0.212,2026-03-26 10:25:00
1774521000000,88.33,88.33,88.33,88.33,0.0,2026-03-26 10:30:00
1774521300000,88.06,88.06,88.06,88.06,11.575,2026-03-26 10:35:00
1774521600000,87.82,87.85,87.82,87.85,0.328,2026-03-26 10:40:00
1774521900000,87.92,87.92,87.92,87.92,0.11,2026-03-26 10:45:00
1774522200000,87.95,87.96,87.93,87.93,0.316,2026-03-26 10:50:00
1774522500000,87.91,87.91,87.91,87.91,2.304,2026-03-26 10:55:00
1774522800000,87.91,87.91,87.91,87.91,0.0,2026-03-26 11:00:00
1774523100000,87.88,87.88,87.88,87.88,0.101,2026-03-26 11:05:00
1774523400000,87.98,87.98,87.74,87.74,25.653,2026-03-26 11:10:00
1774523700000,87.9,87.9,87.9,87.9,11.378,2026-03-26 11:15:00
1774524000000,87.7,87.7,87.57,87.57,3.504,2026-03-26 11:20:00
1774524300000,87.56,87.56,87.49,87.49,5.109,2026-03-26 11:25:00
1774524600000,87.65,87.66,87.65,87.66,0.142,2026-03-26 11:30:00
1774524900000,87.66,87.66,87.66,87.66,0.0,2026-03-26 11:35:00
1774525200000,87.66,87.66,87.66,87.66,0.0,2026-03-26 11:40:00
1774525500000,87.64,87.68,87.64,87.66,4.291,2026-03-26 11:45:00
1774525800000,87.66,87.66,87.66,87.66,0.0,2026-03-26 11:50:00
1774526100000,87.66,87.66,87.66,87.66,0.013,2026-03-26 11:55:00
1774526400000,87.5,87.53,87.49,87.53,0.922,2026-03-26 12:00:00
1774526700000,87.47,87.56,87.47,87.56,1.518,2026-03-26 12:05:00
1774527000000,87.54,87.65,87.54,87.65,0.539,2026-03-26 12:10:00
1774527300000,87.65,87.65,87.65,87.65,0.0,2026-03-26 12:15:00
1774527600000,87.62,87.77,87.62,87.77,4.345,2026-03-26 12:20:00
1774527900000,87.73,87.73,87.72,87.73,3.104,2026-03-26 12:25:00
1774528200000,87.69,87.75,87.69,87.75,0.688,2026-03-26 12:30:00
1774528500000,87.51,87.58,87.51,87.58,2.27,2026-03-26 12:35:00
1774528800000,87.53,87.56,87.53,87.56,0.568,2026-03-26 12:40:00
1774529100000,87.62,87.62,87.54,87.54,1.641,2026-03-26 12:45:00
1774529400000,87.54,87.54,87.54,87.54,0.0,2026-03-26 12:50:00
1774529700000,87.59,87.59,87.59,87.59,5.8,2026-03-26 12:55:00
1774530000000,87.66,87.66,87.62,87.66,2.865,2026-03-26 13:00:00
1774530300000,87.73,87.73,87.72,87.72,9.513,2026-03-26 13:05:00
1774530600000,87.72,87.73,87.72,87.73,10.271,2026-03-26 13:10:00
1774530900000,87.79,87.87,87.79,87.87,4.1,2026-03-26 13:15:00
1774531200000,87.82,87.82,87.82,87.82,1.136,2026-03-26 13:20:00
1774531500000,87.82,87.82,87.82,87.82,0.0,2026-03-26 13:25:00
1774531800000,87.75,87.87,87.72,87.72,143.507,2026-03-26 13:30:00
1774532100000,87.5,87.5,87.38,87.48,53.746,2026-03-26 13:35:00
1774532400000,87.78,87.78,87.78,87.78,0.114,2026-03-26 13:40:00
1774532700000,88.19,88.29,87.91,87.91,2.166,2026-03-26 13:45:00
1774533000000,87.91,87.91,87.91,87.91,0.0,2026-03-26 13:50:00
1774533300000,87.95,87.95,87.81,87.85,5.421,2026-03-26 13:55:00
1774533600000,87.94,88.0,87.94,88.0,3.137,2026-03-26 14:00:00
1774533900000,88.17,88.17,88.06,88.06,3.573,2026-03-26 14:05:00
1774534200000,87.85,87.9,87.74,87.74,1.498,2026-03-26 14:10:00
1774534500000,87.74,87.74,87.74,87.74,0.0,2026-03-26 14:15:00
1774534800000,87.49,87.63,87.49,87.58,0.926,2026-03-26 14:20:00
1774535100000,87.54,87.75,87.54,87.75,0.293,2026-03-26 14:25:00
1774535400000,87.77,88.01,87.75,88.01,11.034,2026-03-26 14:30:00
1774535700000,87.8,87.8,87.8,87.8,0.354,2026-03-26 14:35:00
1774536000000,87.8,87.8,87.8,87.8,0.0,2026-03-26 14:40:00
1774536300000,87.54,87.64,87.54,87.64,1.882,2026-03-26 14:45:00
1774536600000,87.47,87.47,87.3,87.3,2.298,2026-03-26 14:50:00
1774536900000,87.27,87.5,87.27,87.5,40.073,2026-03-26 14:55:00
1774537200000,87.49,87.49,87.49,87.49,0.856,2026-03-26 15:00:00
1774537500000,87.36,87.36,87.0,87.0,52.302,2026-03-26 15:05:00
1774537800000,87.15,87.15,86.96,86.96,158.945,2026-03-26 15:10:00
1774538100000,86.95,87.21,86.8,87.07,107.106,2026-03-26 15:15:00
1774538400000,87.26,87.42,87.26,87.42,0.827,2026-03-26 15:20:00
1774538700000,87.42,87.42,87.42,87.42,0.0,2026-03-26 15:25:00
1774539000000,87.42,87.42,87.38,87.38,41.103,2026-03-26 15:30:00
1774539300000,87.38,87.38,87.38,87.38,0.0,2026-03-26 15:35:00
1774539600000,87.41,87.44,87.41,87.44,23.449,2026-03-26 15:40:00
1774539900000,87.44,87.64,87.44,87.64,7.204,2026-03-26 15:45:00
1774540200000,87.64,87.64,87.6,87.6,1.189,2026-03-26 15:50:00
1774540500000,87.53,87.53,87.53,87.53,9.351,2026-03-26 15:55:00
1774540800000,87.51,87.55,87.51,87.55,2.785,2026-03-26 16:00:00
1774541100000,87.54,87.54,87.54,87.54,2.076,2026-03-26 16:05:00
1774541400000,87.54,87.54,87.54,87.54,0.0,2026-03-26 16:10:00
1774541700000,87.5,87.55,87.39,87.55,0.344,2026-03-26 16:15:00
1774542000000,87.66,87.7,87.58,87.7,3.605,2026-03-26 16:20:00
1774542300000,87.58,87.58,87.58,87.58,0.114,2026-03-26 16:25:00
1774542600000,87.58,87.58,87.58,87.58,0.0,2026-03-26 16:30:00
1774542900000,87.42,87.42,87.27,87.27,7.69,2026-03-26 16:35:00
1774543200000,87.19,87.19,87.19,87.19,2.468,2026-03-26 16:40:00
1774543500000,87.26,87.26,87.21,87.21,4.61,2026-03-26 16:45:00
1774543800000,87.21,87.21,87.21,87.21,0.103,2026-03-26 16:50:00
1774544100000,87.25,87.25,87.25,87.25,0.573,2026-03-26 16:55:00
1774544400000,87.21,87.21,87.21,87.21,0.39,2026-03-26 17:00:00
1774544700000,87.4,87.4,87.26,87.33,134.405,2026-03-26 17:05:00
1774545000000,87.33,87.33,87.33,87.33,0.0,2026-03-26 17:10:00
1774545300000,87.33,87.33,87.33,87.33,0.0,2026-03-26 17:15:00
1774545600000,87.33,87.33,87.33,87.33,0.0,2026-03-26 17:20:00
1774545900000,87.33,87.33,87.33,87.33,0.0,2026-03-26 17:25:00
1774546200000,87.33,87.33,87.33,87.33,0.0,2026-03-26 17:30:00
1774546500000,87.33,87.33,87.33,87.33,0.0,2026-03-26 17:35:00
1774546800000,87.33,87.33,87.33,87.33,0.0,2026-03-26 17:40:00
1774547100000,87.17,87.17,87.05,87.05,43.177,2026-03-26 17:45:00
1774547400000,86.9,86.93,86.83,86.93,0.595,2026-03-26 17:50:00
1774547700000,86.92,86.92,86.58,86.58,13.354,2026-03-26 17:55:00
1774548000000,86.79,86.79,86.56,86.56,13.918,2026-03-26 18:00:00
1774548300000,86.56,86.61,86.46,86.61,31.988,2026-03-26 18:05:00
1774548600000,86.55,86.55,86.45,86.45,116.522,2026-03-26 18:10:00
1774548900000,86.44,86.44,86.07,86.12,209.447,2026-03-26 18:15:00
1774549200000,86.06,86.06,85.97,86.04,39.493,2026-03-26 18:20:00
1774549500000,86.05,86.05,85.88,85.88,16.692,2026-03-26 18:25:00
1774549800000,85.88,85.88,85.77,85.81,15.416,2026-03-26 18:30:00
1774550100000,85.91,85.95,85.91,85.92,92.298,2026-03-26 18:35:00
1774550400000,86.05,86.05,85.97,85.97,1.248,2026-03-26 18:40:00
1774550700000,85.94,86.1,85.94,86.02,2.679,2026-03-26 18:45:00
1774551000000,86.0,86.12,86.0,86.12,1.152,2026-03-26 18:50:00
1774551300000,86.12,86.12,86.12,86.12,0.0,2026-03-26 18:55:00
1774551600000,86.08,86.08,85.97,85.97,0.752,2026-03-26 19:00:00
1774551900000,85.88,85.88,85.88,85.88,0.125,2026-03-26 19:05:00
1774552200000,86.07,86.07,86.07,86.07,0.232,2026-03-26 19:10:00
1774552500000,85.99,85.99,85.99,85.99,0.581,2026-03-26 19:15:00
1774552800000,85.99,85.99,85.99,85.99,0.0,2026-03-26 19:20:00
1774553100000,85.76,85.76,85.57,85.57,2.02,2026-03-26 19:25:00
1774553400000,85.56,85.56,85.56,85.56,0.458,2026-03-26 19:30:00
1774553700000,85.77,85.77,85.77,85.77,0.128,2026-03-26 19:35:00
1774554000000,85.89,85.89,85.89,85.89,0.291,2026-03-26 19:40:00
1774554300000,85.82,85.85,85.73,85.73,3.963,2026-03-26 19:45:00
1774554600000,85.64,85.65,85.64,85.65,0.162,2026-03-26 19:50:00
1774554900000,85.71,85.71,85.5,85.5,11.541,2026-03-26 19:55:00
1774555200000,85.57,85.59,85.57,85.59,1.07,2026-03-26 20:00:00
1774555500000,85.56,85.65,85.56,85.65,0.51,2026-03-26 20:05:00
1774555800000,85.69,87.04,85.69,86.51,58.789,2026-03-26 20:10:00
1774556100000,86.8,86.87,86.77,86.79,43.404,2026-03-26 20:15:00
1774556400000,86.72,86.75,86.65,86.65,0.541,2026-03-26 20:20:00
1774556700000,86.58,86.58,86.58,86.58,0.106,2026-03-26 20:25:00
1774557000000,86.53,86.53,86.53,86.53,0.304,2026-03-26 20:30:00
1774557300000,86.53,86.53,86.53,86.53,0.0,2026-03-26 20:35:00
1774557600000,86.61,86.61,86.61,86.61,1.387,2026-03-26 20:40:00
1774557900000,86.67,86.67,86.62,86.62,120.62,2026-03-26 20:45:00
1774558200000,86.62,86.62,86.62,86.62,0.0,2026-03-26 20:50:00
1774558500000,86.62,86.62,86.62,86.62,0.0,2026-03-26 20:55:00
1774558800000,86.33,86.33,86.31,86.31,1.216,2026-03-26 21:00:00
1774559100000,86.39,86.39,86.39,86.39,0.115,2026-03-26 21:05:00
1774559400000,86.39,86.39,86.39,86.39,0.0,2026-03-26 21:10:00
1774559700000,86.39,86.39,86.39,86.39,0.0,2026-03-26 21:15:00
1774560000000,86.39,86.39,86.39,86.39,0.0,2026-03-26 21:20:00
1774560300000,86.99,87.0,86.98,87.0,1.266,2026-03-26 21:25:00
1774560600000,87.02,87.07,86.98,86.98,3.432,2026-03-26 21:30:00
1774560900000,87.08,87.08,87.08,87.08,0.197,2026-03-26 21:35:00
1774561200000,87.08,87.08,87.08,87.08,0.0,2026-03-26 21:40:00
1774561500000,86.91,86.95,86.91,86.95,1.494,2026-03-26 21:45:00
1774561800000,86.9,86.9,86.82,86.82,12.607,2026-03-26 21:50:00
1774562100000,86.87,86.87,86.87,86.87,0.575,2026-03-26 21:55:00
1774562400000,86.87,86.87,86.87,86.87,0.0,2026-03-26 22:00:00
1774562700000,86.87,86.87,86.87,86.87,0.0,2026-03-26 22:05:00
1774563000000,86.69,86.69,86.69,86.69,0.115,2026-03-26 22:10:00
1774563300000,86.69,86.69,86.69,86.69,0.0,2026-03-26 22:15:00
1774563600000,86.69,86.69,86.69,86.69,0.0,2026-03-26 22:20:00
1774563900000,86.46,86.6,86.31,86.48,34.042,2026-03-26 22:25:00
1774564200000,86.49,86.49,86.49,86.49,11.735,2026-03-26 22:30:00
1774564500000,86.49,86.49,86.49,86.49,0.0,2026-03-26 22:35:00
1774564800000,86.49,86.49,86.49,86.49,0.0,2026-03-26 22:40:00
1774565100000,86.49,86.49,86.49,86.49,0.0,2026-03-26 22:45:00
1774565400000,86.72,86.72,86.72,86.72,1.0,2026-03-26 22:50:00
1774565700000,86.72,86.72,86.72,86.72,0.0,2026-03-26 22:55:00
1774566000000,86.92,86.92,86.92,86.92,0.814,2026-03-26 23:00:00
1774566300000,86.9,86.9,86.83,86.83,0.932,2026-03-26 23:05:00
1774566600000,86.79,86.79,86.76,86.76,0.748,2026-03-26 23:10:00
1774566900000,86.76,86.76,86.76,86.76,0.0,2026-03-26 23:15:00
1774567200000,86.76,86.76,86.76,86.76,0.0,2026-03-26 23:20:00
1774567500000,86.76,86.76,86.76,86.76,0.0,2026-03-26 23:25:00
1774567800000,86.53,86.6,86.24,86.31,71.313,2026-03-26 23:30:00
1774568100000,86.43,86.49,86.43,86.49,3.324,2026-03-26 23:35:00
1774568400000,86.49,86.49,86.49,86.49,0.0,2026-03-26 23:40:00
1774568700000,86.49,86.49,86.49,86.49,0.0,2026-03-26 23:45:00
1774569000000,86.48,86.48,86.48,86.48,0.08,2026-03-26 23:50:00
1774569300000,86.48,86.48,86.48,86.48,0.0,2026-03-26 23:55:00
1774569600000,86.48,86.48,86.48,86.48,0.0,2026-03-27 00:00:00
1774569900000,86.5,86.58,86.5,86.58,4.105,2026-03-27 00:05:00
1774570200000,86.79,86.79,86.72,86.72,8.712,2026-03-27 00:10:00
1774570500000,86.75,86.75,86.69,86.69,0.344,2026-03-27 00:15:00
1774570800000,86.69,86.69,86.69,86.69,0.0,2026-03-27 00:20:00
1774571100000,86.69,86.69,86.69,86.69,0.0,2026-03-27 00:25:00
1774571400000,86.38,86.4,86.38,86.4,0.321,2026-03-27 00:30:00
1774571700000,86.4,86.4,86.4,86.4,0.0,2026-03-27 00:35:00
1774572000000,86.29,86.29,86.29,86.29,0.314,2026-03-27 00:40:00
1774572300000,86.29,86.29,86.29,86.29,0.0,2026-03-27 00:45:00
1774572600000,86.39,86.39,86.39,86.39,0.25,2026-03-27 00:50:00
1774572900000,86.39,86.39,86.39,86.39,0.0,2026-03-27 00:55:00
1774573200000,86.69,86.69,86.59,86.59,0.445,2026-03-27 01:00:00
1774573500000,86.49,86.49,86.49,86.49,0.202,2026-03-27 01:05:00
1774573800000,86.49,86.49,86.49,86.49,0.0,2026-03-27 01:10:00
1774574100000,86.49,86.49,86.49,86.49,0.0,2026-03-27 01:15:00
1774574400000,86.49,86.49,86.49,86.49,0.0,2026-03-27 01:20:00
1774574700000,86.49,86.49,86.49,86.49,0.0,2026-03-27 01:25:00
1774575000000,86.49,86.49,86.49,86.49,0.0,2026-03-27 01:30:00
1774575300000,86.49,86.49,86.49,86.49,0.0,2026-03-27 01:35:00
1774575600000,86.65,86.65,86.65,86.65,0.694,2026-03-27 01:40:00
1774575900000,86.65,86.65,86.65,86.65,0.0,2026-03-27 01:45:00
1774576200000,86.65,86.65,86.65,86.65,0.0,2026-03-27 01:50:00
1774576500000,86.65,86.65,86.65,86.65,0.0,2026-03-27 01:55:00
1774576800000,86.94,86.95,86.94,86.95,0.172,2026-03-27 02:00:00
1774577100000,86.96,86.96,86.96,86.96,1.266,2026-03-27 02:05:00
1774577400000,86.98,87.0,86.87,87.0,73.574,2026-03-27 02:10:00
1774577700000,86.83,86.83,86.83,86.83,0.253,2026-03-27 02:15:00
1774578000000,86.83,86.83,86.83,86.83,0.0,2026-03-27 02:20:00
1774578300000,86.83,86.83,86.83,86.83,0.0,2026-03-27 02:25:00
1774578600000,86.89,86.89,86.89,86.89,0.403,2026-03-27 02:30:00
1774578900000,86.89,86.89,86.89,86.89,0.0,2026-03-27 02:35:00
1774579200000,86.71,86.71,86.64,86.64,77.41,2026-03-27 02:40:00
1774579500000,86.68,86.68,86.64,86.64,1.023,2026-03-27 02:45:00
1774579800000,86.64,86.64,86.64,86.64,0.0,2026-03-27 02:50:00
1774580100000,86.64,86.64,86.64,86.64,0.0,2026-03-27 02:55:00
1774580400000,86.73,86.8,86.73,86.77,4.626,2026-03-27 03:00:00
1774580700000,86.63,86.63,86.38,86.38,3.825,2026-03-27 03:05:00
1774581000000,86.46,86.46,86.46,86.46,0.288,2026-03-27 03:10:00
1774581300000,86.46,86.46,86.46,86.46,0.0,2026-03-27 03:15:00
1774581600000,86.46,86.46,86.46,86.46,0.0,2026-03-27 03:20:00
1774581900000,86.47,86.53,86.47,86.53,0.345,2026-03-27 03:25:00
1774582200000,86.56,86.56,86.46,86.46,13.904,2026-03-27 03:30:00
1774582500000,86.51,86.51,86.51,86.51,1.124,2026-03-27 03:35:00
1774582800000,86.51,86.51,86.51,86.51,0.0,2026-03-27 03:40:00
1774583100000,86.51,86.51,86.51,86.51,0.0,2026-03-27 03:45:00
1774583400000,86.5,86.5,86.5,86.5,5.77,2026-03-27 03:50:00
1774583700000,86.39,86.39,86.39,86.39,0.036,2026-03-27 03:55:00
1774584000000,86.41,86.41,86.02,86.02,4.126,2026-03-27 04:00:00
1774584300000,85.79,85.79,85.79,85.79,0.058,2026-03-27 04:05:00
1774584600000,85.79,85.79,85.79,85.79,0.0,2026-03-27 04:10:00
1774584900000,85.82,85.82,85.82,85.82,0.088,2026-03-27 04:15:00
1774585200000,86.07,86.12,86.07,86.12,1.96,2026-03-27 04:20:00
1774585500000,86.05,86.05,86.05,86.05,0.533,2026-03-27 04:25:00
1774585800000,86.01,86.01,86.01,86.01,3.585,2026-03-27 04:30:00
1774586100000,86.01,86.01,86.01,86.01,0.0,2026-03-27 04:35:00
1774586400000,86.01,86.01,86.01,86.01,0.0,2026-03-27 04:40:00
1774586700000,86.01,86.01,86.01,86.01,0.0,2026-03-27 04:45:00
1774587000000,86.01,86.01,86.01,86.01,0.0,2026-03-27 04:50:00
1774587300000,86.01,86.01,86.01,86.01,0.0,2026-03-27 04:55:00
1774587600000,86.01,86.01,86.01,86.01,0.0,2026-03-27 05:00:00
1774587900000,86.17,86.28,86.17,86.24,2.413,2026-03-27 05:05:00
1774588200000,86.52,86.52,86.52,86.52,0.035,2026-03-27 05:10:00
1774588500000,86.6,86.64,86.6,86.64,0.759,2026-03-27 05:15:00
1774588800000,86.54,86.54,86.25,86.25,9.445,2026-03-27 05:20:00
1774589100000,86.25,86.25,86.25,86.25,0.0,2026-03-27 05:25:00
1774589400000,86.25,86.25,86.25,86.25,0.0,2026-03-27 05:30:00
1774589700000,86.16,86.2,86.15,86.15,2.105,2026-03-27 05:35:00
1774590000000,86.08,86.08,86.0,86.0,3.368,2026-03-27 05:40:00
1774590300000,86.0,86.0,86.0,86.0,0.0,2026-03-27 05:45:00
1774590600000,86.0,86.0,86.0,86.0,1.161,2026-03-27 05:50:00
1774590900000,86.13,86.13,86.13,86.13,1.159,2026-03-27 05:55:00
1774591200000,86.14,86.14,86.02,86.02,0.94,2026-03-27 06:00:00
1774591500000,86.02,86.02,86.02,86.02,0.0,2026-03-27 06:05:00
1774591800000,86.13,86.13,86.13,86.13,1.161,2026-03-27 06:10:00
1774592100000,86.13,86.13,86.13,86.13,0.0,2026-03-27 06:15:00
1774592400000,86.19,86.19,86.19,86.19,0.116,2026-03-27 06:20:00
1774592700000,86.19,86.19,86.19,86.19,0.0,2026-03-27 06:25:00
1774593000000,86.19,86.19,86.19,86.19,0.0,2026-03-27 06:30:00
1774593300000,86.19,86.19,86.19,86.19,0.0,2026-03-27 06:35:00
1774593600000,86.19,86.19,86.19,86.19,0.0,2026-03-27 06:40:00
1774593900000,86.19,86.19,86.19,86.19,0.0,2026-03-27 06:45:00
1774594200000,86.19,86.19,86.19,86.19,0.0,2026-03-27 06:50:00
1774594500000,86.06,86.06,86.06,86.06,0.017,2026-03-27 06:55:00
1774594800000,86.06,86.06,86.06,86.06,0.0,2026-03-27 07:00:00
1774595100000,85.87,85.87,85.83,85.83,1.019,2026-03-27 07:05:00
1774595400000,86.15,86.15,86.15,86.15,1.741,2026-03-27 07:10:00
1774595700000,86.15,86.15,86.15,86.15,0.328,2026-03-27 07:15:00
1774596000000,86.15,86.15,86.15,86.15,0.0,2026-03-27 07:20:00
1774596300000,86.15,86.15,86.15,86.15,0.0,2026-03-27 07:25:00
1774596600000,86.15,86.15,86.15,86.15,0.0,2026-03-27 07:30:00
1774596900000,86.15,86.15,86.15,86.15,0.0,2026-03-27 07:35:00
1774597200000,85.76,85.76,85.76,85.76,0.084,2026-03-27 07:40:00
1774597500000,85.92,85.92,85.92,85.92,1.161,2026-03-27 07:45:00
1774597800000,85.92,85.92,85.92,85.92,0.0,2026-03-27 07:50:00
1774598100000,85.91,85.91,85.91,85.91,0.058,2026-03-27 07:55:00
1774598400000,85.99,85.99,85.99,85.99,0.032,2026-03-27 08:00:00
1774598700000,85.91,85.91,85.91,85.91,0.315,2026-03-27 08:05:00
1774599000000,85.91,85.91,85.91,85.91,0.0,2026-03-27 08:10:00
1774599300000,85.89,85.89,85.88,85.88,1.168,2026-03-27 08:15:00
1774599600000,85.85,85.85,85.85,85.85,0.091,2026-03-27 08:20:00
1774599900000,85.91,85.91,85.91,85.91,1.747,2026-03-27 08:25:00
1774600200000,85.76,85.76,85.57,85.57,17.141,2026-03-27 08:30:00
1774600500000,85.53,85.68,84.41,84.41,546.468,2026-03-27 08:35:00
1774600800000,84.65,84.79,84.65,84.79,0.791,2026-03-27 08:40:00
1774601100000,84.79,84.79,84.79,84.79,0.0,2026-03-27 08:45:00
1774601400000,85.17,85.17,85.17,85.17,0.833,2026-03-27 08:50:00
1774601700000,85.17,85.17,85.17,85.17,0.0,2026-03-27 08:55:00
1774602000000,85.11,85.11,85.11,85.11,0.304,2026-03-27 09:00:00
1774602300000,85.11,85.11,85.11,85.11,0.0,2026-03-27 09:05:00
1774602600000,84.8,84.96,84.8,84.96,6.473,2026-03-27 09:10:00
1774602900000,84.96,84.96,84.96,84.96,0.0,2026-03-27 09:15:00
1774603200000,84.96,84.96,84.96,84.96,0.0,2026-03-27 09:20:00
1774603500000,84.96,84.96,84.96,84.96,0.0,2026-03-27 09:25:00
1774603800000,85.13,85.13,85.04,85.04,6.571,2026-03-27 09:30:00
1774604100000,85.02,85.02,85.02,85.02,1.194,2026-03-27 09:35:00
1774604400000,85.02,85.02,85.02,85.02,0.0,2026-03-27 09:40:00
1774604700000,85.02,85.02,85.02,85.02,0.0,2026-03-27 09:45:00
1774605000000,85.02,85.02,85.02,85.02,0.0,2026-03-27 09:50:00
1774605300000,85.02,85.02,85.02,85.02,0.0,2026-03-27 09:55:00
1774605600000,84.94,84.94,84.94,84.94,3.88,2026-03-27 10:00:00
1774605900000,84.94,84.94,84.94,84.94,0.0,2026-03-27 10:05:00
1774606200000,84.97,84.97,84.93,84.93,1.51,2026-03-27 10:10:00
1774606500000,84.93,84.93,84.93,84.93,2.349,2026-03-27 10:15:00
1774606800000,85.09,85.09,85.09,85.09,0.129,2026-03-27 10:20:00
1774607100000,85.09,85.09,85.09,85.09,0.0,2026-03-27 10:25:00
1774607400000,85.09,85.09,85.09,85.09,0.0,2026-03-27 10:30:00
1774607700000,84.81,84.81,82.93,83.21,214.841,2026-03-27 10:35:00
1774608000000,83.36,83.48,83.36,83.48,0.54,2026-03-27 10:40:00
1774608300000,83.51,83.51,83.51,83.51,0.158,2026-03-27 10:45:00
1774608600000,83.05,83.13,83.05,83.13,1.333,2026-03-27 10:50:00
1774608900000,82.85,83.0,82.75,83.0,1.883,2026-03-27 10:55:00
1774609200000,83.11,83.11,82.74,82.88,0.411,2026-03-27 11:00:00
1774609500000,83.16,83.19,83.11,83.14,3.461,2026-03-27 11:05:00
1774609800000,83.1,83.33,83.1,83.28,95.393,2026-03-27 11:10:00
1774610100000,83.41,83.47,83.39,83.39,4.086,2026-03-27 11:15:00
1774610400000,83.3,83.31,83.3,83.31,0.74,2026-03-27 11:20:00
1774610700000,83.31,83.31,83.31,83.31,0.0,2026-03-27 11:25:00
1774611000000,83.38,83.5,83.38,83.48,6.048,2026-03-27 11:30:00
1774611300000,83.48,83.48,83.48,83.48,0.0,2026-03-27 11:35:00
1774611600000,83.42,83.42,83.42,83.42,0.012,2026-03-27 11:40:00
1774611900000,83.44,83.44,83.41,83.41,7.208,2026-03-27 11:45:00
1774612200000,83.41,83.41,83.41,83.41,0.0,2026-03-27 11:50:00
1774612500000,83.48,83.48,83.48,83.48,4.451,2026-03-27 11:55:00
1774612800000,83.43,83.43,83.32,83.32,2.845,2026-03-27 12:00:00
1774613100000,83.31,83.4,83.29,83.4,3.452,2026-03-27 12:05:00
1774613400000,83.4,83.4,83.4,83.4,0.0,2026-03-27 12:10:00
1774613700000,83.27,83.27,83.21,83.21,4.576,2026-03-27 12:15:00
1774614000000,83.21,83.21,83.21,83.21,0.0,2026-03-27 12:20:00
1774614300000,83.21,83.21,83.15,83.15,5.657,2026-03-27 12:25:00
1774614600000,83.15,83.15,83.15,83.15,0.0,2026-03-27 12:30:00
1774614900000,83.22,83.22,83.22,83.22,1.1,2026-03-27 12:35:00
1774615200000,83.1,83.1,83.1,83.1,6.988,2026-03-27 12:40:00
1774615500000,83.1,83.1,83.1,83.1,0.0,2026-03-27 12:45:00
1774615800000,83.1,83.1,83.1,83.1,0.0,2026-03-27 12:50:00
1774616100000,83.14,83.16,83.14,83.16,11.46,2026-03-27 12:55:00
1774616400000,83.15,83.22,83.15,83.22,3.121,2026-03-27 13:00:00
1774616700000,83.14,83.16,83.14,83.16,1.801,2026-03-27 13:05:00
1774617000000,83.0,83.11,83.0,83.11,3.427,2026-03-27 13:10:00
1774617300000,83.09,83.09,83.09,83.09,0.264,2026-03-27 13:15:00
1774617600000,83.09,83.09,83.09,83.09,0.0,2026-03-27 13:20:00
1774617900000,83.09,83.09,83.09,83.09,0.0,2026-03-27 13:25:00
1774618200000,83.09,83.09,83.09,83.09,0.0,2026-03-27 13:30:00
1774618500000,82.67,83.15,82.58,83.06,15.278,2026-03-27 13:35:00
1774618800000,83.07,83.08,83.07,83.08,0.12,2026-03-27 13:40:00
1774619100000,83.2,83.2,83.2,83.2,0.06,2026-03-27 13:45:00
1774619400000,82.99,82.99,82.99,82.99,0.689,2026-03-27 13:50:00
1774619700000,82.99,82.99,82.99,82.99,0.0,2026-03-27 13:55:00
1774620000000,83.08,83.08,83.08,83.08,3.536,2026-03-27 14:00:00
1774620300000,83.18,83.27,83.18,83.19,5.501,2026-03-27 14:05:00
1774620600000,83.29,83.29,83.29,83.29,0.064,2026-03-27 14:10:00
1774620900000,83.29,83.29,83.29,83.29,0.0,2026-03-27 14:15:00
1774621200000,83.29,83.29,83.29,83.29,0.0,2026-03-27 14:20:00
1774621500000,83.29,83.29,83.29,83.29,0.0,2026-03-27 14:25:00
1774621800000,83.29,83.29,83.29,83.29,0.0,2026-03-27 14:30:00
1774622100000,82.96,82.96,82.8,82.89,24.426,2026-03-27 14:35:00
1774622400000,82.9,82.92,82.79,82.79,0.546,2026-03-27 14:40:00
1774622700000,82.84,82.97,82.8,82.97,15.724,2026-03-27 14:45:00
1774623000000,82.97,82.97,82.97,82.97,0.0,2026-03-27 14:50:00
1774623300000,83.21,83.21,83.2,83.2,5.195,2026-03-27 14:55:00
1774623600000,83.2,83.29,83.2,83.23,5.898,2026-03-27 15:00:00
1774623900000,83.23,83.23,83.23,83.23,0.0,2026-03-27 15:05:00
1774624200000,83.33,83.38,83.23,83.23,10.787,2026-03-27 15:10:00
1774624500000,83.19,83.24,83.19,83.24,0.336,2026-03-27 15:15:00
1774624800000,83.36,83.72,83.36,83.72,8.211,2026-03-27 15:20:00
1774625100000,83.72,83.72,83.72,83.72,0.0,2026-03-27 15:25:00
1774625400000,83.74,83.85,83.74,83.85,7.401,2026-03-27 15:30:00
1774625700000,83.98,84.03,83.87,83.87,15.12,2026-03-27 15:35:00
1774626000000,83.6,83.64,83.58,83.64,1.182,2026-03-27 15:40:00
1774626300000,83.64,83.76,83.64,83.76,26.92,2026-03-27 15:45:00
1774626600000,83.76,83.76,83.76,83.76,0.0,2026-03-27 15:50:00
1774626900000,83.5,83.5,83.34,83.34,1.332,2026-03-27 15:55:00
1774627200000,83.35,83.35,83.13,83.13,9.138,2026-03-27 16:00:00
1774627500000,83.0,83.0,83.0,83.0,3.298,2026-03-27 16:05:00
1774627800000,83.0,83.0,83.0,83.0,0.0,2026-03-27 16:10:00
1774628100000,82.93,82.93,82.93,82.93,4.607,2026-03-27 16:15:00
1774628400000,82.93,82.93,82.93,82.93,0.0,2026-03-27 16:20:00
1774628700000,82.72,82.72,82.72,82.72,0.724,2026-03-27 16:25:00
1774629000000,82.72,82.72,82.72,82.72,0.0,2026-03-27 16:30:00
1774629300000,82.81,82.81,82.78,82.78,20.352,2026-03-27 16:35:00
1774629600000,82.71,82.77,82.71,82.77,10.132,2026-03-27 16:40:00
1774629900000,83.3,83.3,83.3,83.3,0.12,2026-03-27 16:45:00
1774630200000,82.99,83.0,82.99,83.0,0.835,2026-03-27 16:50:00
1774630500000,83.0,83.0,83.0,83.0,0.0,2026-03-27 16:55:00
1774630800000,83.04,83.04,83.04,83.04,14.324,2026-03-27 17:00:00
1774631100000,83.22,83.4,83.21,83.21,4.909,2026-03-27 17:05:00
1774631400000,83.24,83.26,83.19,83.19,9.952,2026-03-27 17:10:00
1774631700000,83.22,83.22,83.04,83.04,12.342,2026-03-27 17:15:00
1774632000000,83.0,83.0,82.91,82.91,56.157,2026-03-27 17:20:00
1774632300000,82.81,82.81,82.81,82.81,0.042,2026-03-27 17:25:00
1774632600000,82.78,82.78,82.78,82.78,6.04,2026-03-27 17:30:00
1774632900000,82.76,82.76,82.76,82.76,0.072,2026-03-27 17:35:00
1774633200000,82.58,82.62,82.33,82.52,55.987,2026-03-27 17:40:00
1774633500000,82.44,82.44,82.42,82.42,1.766,2026-03-27 17:45:00
1774633800000,82.41,82.41,82.38,82.38,4.231,2026-03-27 17:50:00
1774634100000,82.21,82.21,82.2,82.2,2.524,2026-03-27 17:55:00
1774634400000,82.29,82.29,82.28,82.28,3.7,2026-03-27 18:00:00
1774634700000,82.35,82.35,82.3,82.33,1.455,2026-03-27 18:05:00
1774635000000,82.33,82.33,82.33,82.33,0.0,2026-03-27 18:10:00
1774635300000,82.41,82.41,82.41,82.41,3.389,2026-03-27 18:15:00
1774635600000,82.38,82.38,82.0,82.0,97.713,2026-03-27 18:20:00
1774635900000,81.97,81.97,81.95,81.95,0.855,2026-03-27 18:25:00
1774636200000,82.23,82.28,82.23,82.28,0.548,2026-03-27 18:30:00
1774636500000,82.26,82.26,82.26,82.26,1.053,2026-03-27 18:35:00
1774636800000,82.25,82.29,82.25,82.29,2.392,2026-03-27 18:40:00
1774637100000,82.29,82.29,82.29,82.29,0.0,2026-03-27 18:45:00
1774637400000,82.39,82.39,82.39,82.39,4.0,2026-03-27 18:50:00
1774637700000,82.4,82.4,82.4,82.4,0.604,2026-03-27 18:55:00
1774638000000,82.4,82.4,82.4,82.4,0.0,2026-03-27 19:00:00
1774638300000,82.4,82.4,82.4,82.4,0.0,2026-03-27 19:05:00
1774638600000,82.15,82.23,82.15,82.21,1.589,2026-03-27 19:10:00
1774638900000,82.25,82.25,82.25,82.25,0.455,2026-03-27 19:15:00
1774639200000,82.31,82.41,82.31,82.36,3.394,2026-03-27 19:20:00
1774639500000,82.36,82.36,82.36,82.36,0.0,2026-03-27 19:25:00
1774639800000,82.61,82.74,82.61,82.74,15.209,2026-03-27 19:30:00
1774640100000,82.74,82.74,82.74,82.74,0.0,2026-03-27 19:35:00
1774640400000,82.73,82.73,82.54,82.6,2.581,2026-03-27 19:40:00
1774640700000,82.6,82.6,82.6,82.6,0.0,2026-03-27 19:45:00
1774641000000,82.6,82.6,82.6,82.6,0.0,2026-03-27 19:50:00
1774641300000,82.6,82.6,82.6,82.6,0.0,2026-03-27 19:55:00
1774641600000,82.87,82.89,82.87,82.87,12.285,2026-03-27 20:00:00
1774641900000,82.8,82.86,82.8,82.86,0.672,2026-03-27 20:05:00
1774642200000,82.81,82.84,82.81,82.82,0.886,2026-03-27 20:10:00
1774642500000,82.77,82.77,82.77,82.77,68.827,2026-03-27 20:15:00
1774642800000,82.73,82.73,82.73,82.73,0.23,2026-03-27 20:20:00
1774643100000,82.65,82.65,82.5,82.5,3.255,2026-03-27 20:25:00
1774643400000,82.44,82.49,82.44,82.49,17.667,2026-03-27 20:30:00
1774643700000,82.47,82.47,82.44,82.47,3.699,2026-03-27 20:35:00
1774644000000,82.53,82.53,82.53,82.53,0.168,2026-03-27 20:40:00
1774644300000,82.53,82.53,82.53,82.53,0.0,2026-03-27 20:45:00
1774644600000,82.75,82.75,82.75,82.75,0.181,2026-03-27 20:50:00
1774644900000,82.81,82.81,82.8,82.8,0.748,2026-03-27 20:55:00
1774645200000,82.8,82.91,82.8,82.91,0.775,2026-03-27 21:00:00
1774645500000,82.87,82.94,82.87,82.94,0.163,2026-03-27 21:05:00
1774645800000,82.9,82.9,82.9,82.9,1.204,2026-03-27 21:10:00
1774646100000,82.94,82.97,82.94,82.97,21.961,2026-03-27 21:15:00
1774646400000,82.97,82.97,82.97,82.97,0.0,2026-03-27 21:20:00
1774646700000,82.97,82.97,82.97,82.97,0.0,2026-03-27 21:25:00
1774647000000,83.01,83.01,83.01,83.01,0.12,2026-03-27 21:30:00
1774647300000,82.91,82.91,82.91,82.91,0.06,2026-03-27 21:35:00
1774647600000,82.91,82.91,82.91,82.91,0.0,2026-03-27 21:40:00
1774647900000,82.87,82.87,82.85,82.85,42.161,2026-03-27 21:45:00
1774648200000,82.85,82.85,82.85,82.85,0.0,2026-03-27 21:50:00
1774648500000,82.69,82.69,82.67,82.67,37.525,2026-03-27 21:55:00
1774648800000,82.67,82.67,82.67,82.67,0.0,2026-03-27 22:00:00
1774649100000,82.74,82.74,82.61,82.61,16.977,2026-03-27 22:05:00
1774649400000,82.61,82.61,82.61,82.61,0.0,2026-03-27 22:10:00
1774649700000,82.68,82.68,82.68,82.68,34.153,2026-03-27 22:15:00
1774650000000,82.77,82.77,82.74,82.74,2.474,2026-03-27 22:20:00
1774650300000,82.74,82.74,82.74,82.74,0.0,2026-03-27 22:25:00
1774650600000,82.73,82.73,82.68,82.68,0.652,2026-03-27 22:30:00
1774650900000,82.67,82.67,82.67,82.67,0.518,2026-03-27 22:35:00
1774651200000,82.67,82.67,82.67,82.67,0.0,2026-03-27 22:40:00
1774651500000,82.74,82.74,82.74,82.74,0.888,2026-03-27 22:45:00
1774651800000,82.78,82.78,82.75,82.75,3.976,2026-03-27 22:50:00
1774652100000,82.77,82.77,82.75,82.75,4.861,2026-03-27 22:55:00
1774652400000,82.71,82.71,82.66,82.66,4.363,2026-03-27 23:00:00
1774652700000,82.76,82.76,82.76,82.76,0.603,2026-03-27 23:05:00
1774653000000,82.7,82.7,82.7,82.7,0.06,2026-03-27 23:10:00
1774653300000,82.7,82.7,82.7,82.7,0.0,2026-03-27 23:15:00
1774653600000,82.76,82.76,82.76,82.76,0.603,2026-03-27 23:20:00
1774653900000,82.81,82.83,82.81,82.83,1.06,2026-03-27 23:25:00
1774654200000,82.86,82.86,82.84,82.84,0.188,2026-03-27 23:30:00
1774654500000,82.83,82.83,82.83,82.83,0.109,2026-03-27 23:35:00
1774654800000,82.83,82.83,82.83,82.83,0.0,2026-03-27 23:40:00
1774655100000,83.06,83.08,83.06,83.08,0.354,2026-03-27 23:45:00
1774655400000,83.08,83.08,83.08,83.08,0.0,2026-03-27 23:50:00
1774655700000,83.08,83.08,83.08,83.08,0.0,2026-03-27 23:55:00
1774656000000,83.05,83.05,83.05,83.05,0.481,2026-03-28 00:00:00
1774656300000,83.0,83.0,82.87,82.87,6.137,2026-03-28 00:05:00
1774656600000,82.83,82.83,82.83,82.83,0.036,2026-03-28 00:10:00
1774656900000,82.76,82.76,82.74,82.76,1.068,2026-03-28 00:15:00
1774657200000,82.83,82.83,82.83,82.83,1.091,2026-03-28 00:20:00
1774657500000,82.83,82.83,82.83,82.83,0.0,2026-03-28 00:25:00
1774657800000,82.83,82.83,82.83,82.83,0.0,2026-03-28 00:30:00
1774658100000,82.83,82.83,82.83,82.83,0.0,2026-03-28 00:35:00
1774658400000,82.84,82.84,82.84,82.84,0.085,2026-03-28 00:40:00
1774658700000,82.87,82.87,82.87,82.87,2.846,2026-03-28 00:45:00
1774659000000,82.85,82.85,82.85,82.85,0.06,2026-03-28 00:50:00
1774659300000,82.85,82.85,82.85,82.85,0.0,2026-03-28 00:55:00
1774659600000,82.84,82.84,82.79,82.8,1.831,2026-03-28 01:00:00
1774659900000,82.82,82.85,82.82,82.85,1.361,2026-03-28 01:05:00
1774660200000,82.65,82.65,82.5,82.5,11.62,2026-03-28 01:10:00
1774660500000,82.51,82.56,82.51,82.56,1.934,2026-03-28 01:15:00
1774660800000,82.56,82.56,82.56,82.56,0.0,2026-03-28 01:20:00
1774661100000,82.63,82.63,82.63,82.63,1.208,2026-03-28 01:25:00
1774661400000,82.66,82.66,82.66,82.66,0.121,2026-03-28 01:30:00
1774661700000,82.31,82.31,82.31,82.31,0.034,2026-03-28 01:35:00
1774662000000,82.31,82.31,82.31,82.31,0.0,2026-03-28 01:40:00
1774662300000,82.31,82.31,82.31,82.31,0.0,2026-03-28 01:45:00
1774662600000,82.63,82.65,82.63,82.65,30.233,2026-03-28 01:50:00
1774662900000,82.65,82.65,82.65,82.65,0.0,2026-03-28 01:55:00
1774663200000,82.68,82.86,82.68,82.86,2.034,2026-03-28 02:00:00
1774663500000,82.86,82.86,82.86,82.86,0.0,2026-03-28 02:05:00
1774663800000,82.86,82.86,82.86,82.86,0.0,2026-03-28 02:10:00
1774664100000,82.79,82.79,82.57,82.57,1.483,2026-03-28 02:15:00
1774664400000,82.57,82.57,82.57,82.57,0.0,2026-03-28 02:20:00
1774664700000,82.57,82.57,82.57,82.57,0.0,2026-03-28 02:25:00
1774665000000,82.44,82.53,82.44,82.53,0.267,2026-03-28 02:30:00
1774665300000,82.49,82.49,82.49,82.49,0.302,2026-03-28 02:35:00
1774665600000,82.5,82.5,82.5,82.5,0.279,2026-03-28 02:40:00
1774665900000,82.5,82.5,82.5,82.5,0.0,2026-03-28 02:45:00
1774666200000,82.57,82.57,82.57,82.57,1.208,2026-03-28 02:50:00
1774666500000,82.56,82.56,82.56,82.56,0.237,2026-03-28 02:55:00
1774666800000,82.62,82.62,82.61,82.61,0.148,2026-03-28 03:00:00
1774667100000,82.61,82.61,82.61,82.61,68.443,2026-03-28 03:05:00
1774667400000,82.6,82.6,82.6,82.6,0.302,2026-03-28 03:10:00
1774667700000,82.6,82.6,82.6,82.6,0.0,2026-03-28 03:15:00
1774668000000,82.6,82.6,82.6,82.6,0.0,2026-03-28 03:20:00
1774668300000,82.6,82.6,82.6,82.6,0.0,2026-03-28 03:25:00
1774668600000,82.65,82.65,82.65,82.65,3.138,2026-03-28 03:30:00
1774668900000,82.65,82.7,82.64,82.7,68.575,2026-03-28 03:35:00
1774669200000,82.71,82.71,82.71,82.71,1.207,2026-03-28 03:40:00
1774669500000,82.71,82.71,82.71,82.71,0.0,2026-03-28 03:45:00
1774669800000,82.67,82.67,82.67,82.67,0.604,2026-03-28 03:50:00
1774670100000,82.67,82.67,82.67,82.67,0.0,2026-03-28 03:55:00
1774670400000,82.61,82.61,82.61,82.61,0.121,2026-03-28 04:00:00
1774670700000,82.5,82.5,82.45,82.45,1.27,2026-03-28 04:05:00
1774671000000,82.45,82.47,82.45,82.47,73.162,2026-03-28 04:10:00
1774671300000,82.47,82.47,82.47,82.47,0.0,2026-03-28 04:15:00
1774671600000,82.47,82.47,82.47,82.47,0.0,2026-03-28 04:20:00
1774671900000,82.47,82.47,82.47,82.47,0.0,2026-03-28 04:25:00
1774672200000,82.47,82.47,82.47,82.47,0.0,2026-03-28 04:30:00
1774672500000,82.47,82.47,82.47,82.47,0.0,2026-03-28 04:35:00
1774672800000,82.7,82.7,82.7,82.7,0.121,2026-03-28 04:40:00
1774673100000,82.7,82.7,82.7,82.7,0.0,2026-03-28 04:45:00
1774673400000,82.7,82.7,82.7,82.7,0.0,2026-03-28 04:50:00
1774673700000,82.59,82.59,82.59,82.59,3.228,2026-03-28 04:55:00
1774674000000,82.47,82.47,82.47,82.47,1.208,2026-03-28 05:00:00
1774674300000,82.48,82.48,82.48,82.48,0.06,2026-03-28 05:05:00
1774674600000,82.43,82.45,82.41,82.45,0.398,2026-03-28 05:10:00
1774674900000,82.45,82.45,82.45,82.45,0.0,2026-03-28 05:15:00
1774675200000,82.45,82.45,82.45,82.45,0.0,2026-03-28 05:20:00
1774675500000,82.45,82.45,82.45,82.45,0.0,2026-03-28 05:25:00
1774675800000,82.45,82.45,82.45,82.45,0.0,2026-03-28 05:30:00
1774676100000,82.45,82.45,82.45,82.45,0.0,2026-03-28 05:35:00
1774676400000,82.45,82.45,82.45,82.45,0.0,2026-03-28 05:40:00
1774676700000,82.77,82.8,82.7,82.76,6.773,2026-03-28 05:45:00
1774677000000,82.76,82.76,82.76,82.76,0.0,2026-03-28 05:50:00
1774677300000,82.76,82.76,82.76,82.76,0.0,2026-03-28 05:55:00
1774677600000,82.76,82.76,82.76,82.76,0.0,2026-03-28 06:00:00
1774677900000,82.73,82.82,82.73,82.82,0.564,2026-03-28 06:05:00
1774678200000,82.74,82.74,82.74,82.74,0.266,2026-03-28 06:10:00
1774678500000,82.85,83.25,82.85,83.25,3.189,2026-03-28 06:15:00
1774678800000,83.24,83.24,83.24,83.24,3.115,2026-03-28 06:20:00
1774679100000,83.24,83.24,83.24,83.24,0.0,2026-03-28 06:25:00
1774679400000,83.24,83.24,83.24,83.24,0.0,2026-03-28 06:30:00
1774679700000,83.24,83.24,83.24,83.24,0.0,2026-03-28 06:35:00
1774680000000,83.15,83.15,83.15,83.15,1.104,2026-03-28 06:40:00
1774680300000,83.15,83.15,83.15,83.15,0.0,2026-03-28 06:45:00
1774680600000,83.15,83.15,83.15,83.15,0.0,2026-03-28 06:50:00
1774680900000,83.15,83.15,83.15,83.15,0.0,2026-03-28 06:55:00
1774681200000,83.15,83.15,83.15,83.15,0.0,2026-03-28 07:00:00
1774681500000,83.25,83.31,83.25,83.31,1.402,2026-03-28 07:05:00
1774681800000,83.31,83.31,83.31,83.31,0.0,2026-03-28 07:10:00
1774682100000,83.34,83.34,83.34,83.34,0.163,2026-03-28 07:15:00
1774682400000,83.34,83.34,83.34,83.34,0.0,2026-03-28 07:20:00
1774682700000,83.34,83.34,83.34,83.34,0.0,2026-03-28 07:25:00
1774683000000,83.34,83.34,83.34,83.34,0.0,2026-03-28 07:30:00
1774683300000,83.34,83.34,83.34,83.34,0.0,2026-03-28 07:35:00
1774683600000,83.34,83.34,83.34,83.34,0.0,2026-03-28 07:40:00
1774683900000,83.49,83.49,83.49,83.49,0.143,2026-03-28 07:45:00
1774684200000,83.49,83.49,83.49,83.49,0.0,2026-03-28 07:50:00
1774684500000,83.51,83.65,83.51,83.65,2.219,2026-03-28 07:55:00
1774684800000,83.57,83.57,83.57,83.57,0.033,2026-03-28 08:00:00
1774685100000,83.57,83.57,83.57,83.57,0.0,2026-03-28 08:05:00
1774685400000,83.57,83.57,83.57,83.57,0.0,2026-03-28 08:10:00
1774685700000,83.57,83.57,83.57,83.57,0.0,2026-03-28 08:15:00
1774686000000,83.57,83.57,83.57,83.57,0.0,2026-03-28 08:20:00
1774686300000,83.6,83.6,83.6,83.6,0.318,2026-03-28 08:25:00
1774686600000,83.6,83.6,83.6,83.6,0.0,2026-03-28 08:30:00
1774686900000,83.6,83.6,83.6,83.6,0.0,2026-03-28 08:35:00
1774687200000,83.6,83.6,83.6,83.6,0.0,2026-03-28 08:40:00
1774687500000,83.6,83.6,83.6,83.6,0.0,2026-03-28 08:45:00
1774687800000,83.64,83.64,83.45,83.45,0.623,2026-03-28 08:50:00
1774688100000,83.45,83.45,83.45,83.45,0.0,2026-03-28 08:55:00
1774688400000,83.31,83.31,83.27,83.29,5.822,2026-03-28 09:00:00
1774688700000,83.2,83.2,83.2,83.2,0.369,2026-03-28 09:05:00
1774689000000,83.18,83.18,83.18,83.18,8.474,2026-03-28 09:10:00
1774689300000,83.04,83.08,83.04,83.08,6.114,2026-03-28 09:15:00
1774689600000,83.08,83.08,83.08,83.08,0.0,2026-03-28 09:20:00
1774689900000,83.08,83.08,83.08,83.08,0.0,2026-03-28 09:25:00
1774690200000,83.08,83.08,83.08,83.08,0.0,2026-03-28 09:30:00
1774690500000,83.0,83.0,83.0,83.0,0.18,2026-03-28 09:35:00
1774690800000,83.0,83.0,83.0,83.0,0.0,2026-03-28 09:40:00
1774691100000,83.0,83.0,83.0,83.0,0.0,2026-03-28 09:45:00
1774691400000,83.0,83.0,83.0,83.0,0.0,2026-03-28 09:50:00
1774691700000,83.0,83.0,83.0,83.0,0.0,2026-03-28 09:55:00
1774692000000,83.0,83.0,83.0,83.0,0.0,2026-03-28 10:00:00
1774692300000,83.0,83.0,83.0,83.0,0.0,2026-03-28 10:05:00
1774692600000,83.0,83.0,83.0,83.0,0.0,2026-03-28 10:10:00
1774692900000,83.0,83.0,83.0,83.0,0.0,2026-03-28 10:15:00
1774693200000,83.0,83.0,83.0,83.0,0.0,2026-03-28 10:20:00
1774693500000,83.0,83.0,83.0,83.0,0.0,2026-03-28 10:25:00
1774693800000,82.76,82.78,82.76,82.78,2.278,2026-03-28 10:30:00
1774694100000,82.82,82.82,82.81,82.81,2.342,2026-03-28 10:35:00
1774694400000,82.81,82.81,82.81,82.81,0.0,2026-03-28 10:40:00
1774694700000,82.81,82.81,82.81,82.81,0.0,2026-03-28 10:45:00
1774695000000,82.81,82.81,82.81,82.81,0.0,2026-03-28 10:50:00
1774695300000,82.81,82.81,82.81,82.81,0.0,2026-03-28 10:55:00
1774695600000,82.81,82.81,82.81,82.81,0.0,2026-03-28 11:00:00
1774695900000,82.81,82.81,82.81,82.81,0.0,2026-03-28 11:05:00
1774696200000,82.81,82.81,82.81,82.81,0.0,2026-03-28 11:10:00
1774696500000,82.81,82.81,82.81,82.81,0.0,2026-03-28 11:15:00
1774696800000,82.81,82.81,82.81,82.81,0.0,2026-03-28 11:20:00
1774697100000,82.81,82.81,82.81,82.81,0.0,2026-03-28 11:25:00
1774697400000,82.81,82.81,82.81,82.81,0.0,2026-03-28 11:30:00
1774697700000,82.99,82.99,82.98,82.98,3.127,2026-03-28 11:35:00
1774698000000,82.98,82.98,82.98,82.98,0.0,2026-03-28 11:40:00
1774698300000,82.98,82.98,82.98,82.98,0.0,2026-03-28 11:45:00
1774698600000,83.02,83.02,83.02,83.02,1.0,2026-03-28 11:50:00
1774698900000,82.95,82.95,82.95,82.95,11.0,2026-03-28 11:55:00
1774699200000,82.95,82.95,82.95,82.95,0.0,2026-03-28 12:00:00
1774699500000,82.79,82.79,82.79,82.79,4.891,2026-03-28 12:05:00
1774699800000,82.79,82.79,82.79,82.79,0.0,2026-03-28 12:10:00
1774700100000,82.79,82.79,82.79,82.79,0.0,2026-03-28 12:15:00
1774700400000,82.79,82.79,82.79,82.79,0.0,2026-03-28 12:20:00
1774700700000,82.79,82.79,82.79,82.79,0.0,2026-03-28 12:25:00
1774701000000,82.79,82.79,82.79,82.79,0.0,2026-03-28 12:30:00
1774701300000,82.79,82.79,82.79,82.79,0.0,2026-03-28 12:35:00
1774701600000,82.79,82.79,82.79,82.79,0.0,2026-03-28 12:40:00
1774701900000,82.79,82.79,82.79,82.79,0.0,2026-03-28 12:45:00
1774702200000,82.7,82.7,82.7,82.7,0.481,2026-03-28 12:50:00
1774702500000,82.73,82.73,82.72,82.72,0.725,2026-03-28 12:55:00
1774702800000,82.72,82.75,82.72,82.73,4.058,2026-03-28 13:00:00
1774703100000,82.75,82.76,82.75,82.76,0.542,2026-03-28 13:05:00
1774703400000,82.84,82.84,82.84,82.84,0.06,2026-03-28 13:10:00
1774703700000,82.85,82.85,82.85,82.85,0.265,2026-03-28 13:15:00
1774704000000,82.85,82.85,82.85,82.85,0.0,2026-03-28 13:20:00
1774704300000,82.85,82.85,82.85,82.85,0.0,2026-03-28 13:25:00
1774704600000,82.99,82.99,82.99,82.99,0.316,2026-03-28 13:30:00
1774704900000,82.99,82.99,82.99,82.99,0.0,2026-03-28 13:35:00
1774705200000,83.13,84.01,83.13,83.7,33.704,2026-03-28 13:40:00
1774705500000,83.7,83.7,83.7,83.7,0.0,2026-03-28 13:45:00
1774705800000,83.7,83.7,83.7,83.7,0.0,2026-03-28 13:50:00
1774706100000,83.7,83.7,83.7,83.7,0.0,2026-03-28 13:55:00
1774706400000,83.17,83.17,83.13,83.13,2.114,2026-03-28 14:00:00
1774706700000,83.29,83.32,83.29,83.32,0.185,2026-03-28 14:05:00
1774707000000,83.19,83.19,83.05,83.05,39.036,2026-03-28 14:10:00
1774707300000,83.05,83.05,83.05,83.05,0.0,2026-03-28 14:15:00
1774707600000,83.31,83.31,83.28,83.28,0.448,2026-03-28 14:20:00
1774707900000,83.28,83.28,83.28,83.28,0.0,2026-03-28 14:25:00
1774708200000,83.28,83.28,83.28,83.28,0.0,2026-03-28 14:30:00
1774708500000,83.24,83.24,83.24,83.24,1.0,2026-03-28 14:35:00
1774708800000,83.24,83.24,83.24,83.24,0.0,2026-03-28 14:40:00
1774709100000,83.49,83.49,83.49,83.49,9.481,2026-03-28 14:45:00
1774709400000,83.4,83.4,83.4,83.4,0.473,2026-03-28 14:50:00
1774709700000,83.21,83.21,83.21,83.21,0.359,2026-03-28 14:55:00
1774710000000,83.23,83.32,83.23,83.32,1.639,2026-03-28 15:00:00
1774710300000,83.36,83.36,83.36,83.36,33.859,2026-03-28 15:05:00
1774710600000,83.45,83.54,83.43,83.43,54.24,2026-03-28 15:10:00
1774710900000,83.43,84.26,83.43,83.91,24.16,2026-03-28 15:15:00
1774711200000,83.94,84.23,83.94,84.18,48.855,2026-03-28 15:20:00
1774711500000,84.0,84.0,84.0,84.0,41.472,2026-03-28 15:25:00
1774711800000,83.88,83.88,83.88,83.88,0.422,2026-03-28 15:30:00
1774712100000,83.88,83.88,83.88,83.88,0.0,2026-03-28 15:35:00
1774712400000,83.88,83.88,83.88,83.88,0.0,2026-03-28 15:40:00
1774712700000,83.76,83.79,83.76,83.79,2.543,2026-03-28 15:45:00
1774713000000,83.79,83.79,83.79,83.79,0.0,2026-03-28 15:50:00
1774713300000,83.74,83.74,83.74,83.74,3.38,2026-03-28 15:55:00
1774713600000,83.76,83.76,83.76,83.76,0.298,2026-03-28 16:00:00
1774713900000,83.8,83.8,83.8,83.8,0.142,2026-03-28 16:05:00
1774714200000,83.81,83.81,83.81,83.81,0.179,2026-03-28 16:10:00
1774714500000,83.81,83.81,83.81,83.81,0.0,2026-03-28 16:15:00
1774714800000,83.81,83.81,83.81,83.81,0.0,2026-03-28 16:20:00
1774715100000,83.93,83.93,83.93,83.93,0.119,2026-03-28 16:25:00
1774715400000,83.93,83.93,83.93,83.93,0.0,2026-03-28 16:30:00
1774715700000,83.84,83.84,83.84,83.84,0.369,2026-03-28 16:35:00
1774716000000,83.84,83.84,83.84,83.84,0.0,2026-03-28 16:40:00
1774716300000,83.65,83.65,83.65,83.65,0.367,2026-03-28 16:45:00
1774716600000,83.55,83.59,83.55,83.59,14.031,2026-03-28 16:50:00
1774716900000,83.57,83.57,83.57,83.57,0.021,2026-03-28 16:55:00
1774717200000,83.68,83.68,83.68,83.68,4.154,2026-03-28 17:00:00
1774717500000,83.58,83.59,83.57,83.57,0.477,2026-03-28 17:05:00
1774717800000,83.53,83.53,83.53,83.53,0.084,2026-03-28 17:10:00
1774718100000,83.53,83.53,83.53,83.53,0.0,2026-03-28 17:15:00
1774718400000,83.44,83.44,83.44,83.44,1.45,2026-03-28 17:20:00
1774718700000,83.44,83.44,83.44,83.44,0.0,2026-03-28 17:25:00
1774719000000,83.27,83.27,83.17,83.17,19.161,2026-03-28 17:30:00
1774719300000,83.17,83.17,83.17,83.17,0.0,2026-03-28 17:35:00
1774719600000,83.17,83.17,83.17,83.17,0.0,2026-03-28 17:40:00
1774719900000,83.17,83.17,83.17,83.17,0.0,2026-03-28 17:45:00
1774720200000,83.17,83.17,83.17,83.17,0.0,2026-03-28 17:50:00
1774720500000,83.17,83.17,83.17,83.17,0.0,2026-03-28 17:55:00
1774720800000,83.34,83.34,83.34,83.34,0.06,2026-03-28 18:00:00
1774721100000,83.48,83.49,83.43,83.43,5.14,2026-03-28 18:05:00
1774721400000,83.43,83.43,83.43,83.43,0.0,2026-03-28 18:10:00
1774721700000,83.43,83.43,83.43,83.43,0.0,2026-03-28 18:15:00
1774722000000,83.43,83.43,83.43,83.43,0.0,2026-03-28 18:20:00
1774722300000,83.43,83.43,83.43,83.43,0.0,2026-03-28 18:25:00
1774722600000,83.43,83.43,83.43,83.43,0.0,2026-03-28 18:30:00
1774722900000,83.43,83.43,83.43,83.43,0.0,2026-03-28 18:35:00
1774723200000,83.43,83.43,83.43,83.43,0.0,2026-03-28 18:40:00
1774723500000,83.43,83.43,83.43,83.43,0.0,2026-03-28 18:45:00
1774723800000,83.43,83.43,83.43,83.43,0.0,2026-03-28 18:50:00
1774724100000,83.43,83.43,83.43,83.43,1.196,2026-03-28 18:55:00
1774724400000,83.37,83.44,83.37,83.44,1.198,2026-03-28 19:00:00
1774724700000,83.34,83.38,83.33,83.38,9.966,2026-03-28 19:05:00
1774725000000,83.17,83.17,83.07,83.1,36.293,2026-03-28 19:10:00
1774725300000,83.1,83.1,83.1,83.1,0.0,2026-03-28 19:15:00
1774725600000,83.13,83.14,83.13,83.14,1.32,2026-03-28 19:20:00
1774725900000,83.14,83.14,83.14,83.14,0.0,2026-03-28 19:25:00
1774726200000,83.2,83.2,83.2,83.2,0.304,2026-03-28 19:30:00
1774726500000,83.2,83.2,83.2,83.2,0.0,2026-03-28 19:35:00
1774726800000,83.2,83.2,83.2,83.2,0.0,2026-03-28 19:40:00
1774727100000,83.22,83.22,83.19,83.19,2.3,2026-03-28 19:45:00
1774727400000,83.18,83.18,83.18,83.18,10.621,2026-03-28 19:50:00
1774727700000,83.18,83.18,83.18,83.18,0.0,2026-03-28 19:55:00
1774728000000,83.42,83.42,83.42,83.42,0.072,2026-03-28 20:00:00
1774728300000,83.47,83.48,83.47,83.48,0.359,2026-03-28 20:05:00
1774728600000,83.49,83.49,83.49,83.49,0.131,2026-03-28 20:10:00
1774728900000,83.49,83.49,83.49,83.49,0.0,2026-03-28 20:15:00
1774729200000,83.49,83.49,83.49,83.49,0.0,2026-03-28 20:20:00
1774729500000,83.49,83.49,83.49,83.49,0.0,2026-03-28 20:25:00
1774729800000,83.42,83.42,83.42,83.42,0.304,2026-03-28 20:30:00
1774730100000,83.42,83.42,83.42,83.42,0.0,2026-03-28 20:35:00
1774730400000,83.34,83.34,83.34,83.34,0.354,2026-03-28 20:40:00
1774730700000,83.34,83.39,83.34,83.39,0.505,2026-03-28 20:45:00
1774731000000,83.39,83.39,83.39,83.39,0.0,2026-03-28 20:50:00
1774731300000,83.39,83.39,83.39,83.39,0.0,2026-03-28 20:55:00
1774731600000,83.39,83.39,83.39,83.39,0.0,2026-03-28 21:00:00
1774731900000,83.39,83.39,83.39,83.39,0.0,2026-03-28 21:05:00
1774732200000,83.39,83.39,83.39,83.39,0.0,2026-03-28 21:10:00
1774732500000,83.16,83.16,83.16,83.16,0.119,2026-03-28 21:15:00
1774732800000,82.9,82.9,82.82,82.82,60.338,2026-03-28 21:20:00
1774733100000,82.82,82.82,82.82,82.82,0.0,2026-03-28 21:25:00
1774733400000,82.96,82.96,82.96,82.96,0.304,2026-03-28 21:30:00
1774733700000,82.96,82.96,82.96,82.96,0.0,2026-03-28 21:35:00
1774734000000,82.96,82.96,82.96,82.96,0.0,2026-03-28 21:40:00
1774734300000,82.96,82.96,82.96,82.96,4.54,2026-03-28 21:45:00
1774734600000,82.58,82.58,82.56,82.56,1.538,2026-03-28 21:50:00
1774734900000,82.72,82.75,82.72,82.75,5.055,2026-03-28 21:55:00
1774735200000,82.75,82.75,82.75,82.75,0.0,2026-03-28 22:00:00
1774735500000,82.71,82.71,82.71,82.71,2.135,2026-03-28 22:05:00
1774735800000,82.71,82.71,82.71,82.71,0.0,2026-03-28 22:10:00
1774736100000,82.71,82.71,82.71,82.71,0.0,2026-03-28 22:15:00
1774736400000,82.71,82.71,82.71,82.71,0.0,2026-03-28 22:20:00
1774736700000,82.84,82.84,82.82,82.82,1.242,2026-03-28 22:25:00
1774737000000,82.82,82.82,82.82,82.82,0.0,2026-03-28 22:30:00
1774737300000,82.77,82.77,82.75,82.75,1.804,2026-03-28 22:35:00
1774737600000,82.75,82.75,82.75,82.75,0.0,2026-03-28 22:40:00
1774737900000,82.75,82.75,82.75,82.75,0.0,2026-03-28 22:45:00
1774738200000,82.86,82.86,82.86,82.86,1.356,2026-03-28 22:50:00
1774738500000,82.86,82.86,82.86,82.86,0.0,2026-03-28 22:55:00
1774738800000,82.76,82.76,82.72,82.72,1.69,2026-03-28 23:00:00
1774739100000,82.71,82.71,82.4,82.4,4.733,2026-03-28 23:05:00
1774739400000,82.36,82.36,81.8,81.83,16.984,2026-03-28 23:10:00
1774739700000,81.92,81.93,81.92,81.93,4.405,2026-03-28 23:15:00
1774740000000,81.91,82.09,81.91,82.09,3.541,2026-03-28 23:20:00
1774740300000,82.09,82.09,82.09,82.09,0.0,2026-03-28 23:25:00
1774740600000,82.24,82.24,82.24,82.24,1.827,2026-03-28 23:30:00
1774740900000,82.17,82.22,82.11,82.19,105.237,2026-03-28 23:35:00
1774741200000,82.16,82.16,82.09,82.09,19.963,2026-03-28 23:40:00
1774741500000,82.07,82.07,82.05,82.05,1.005,2026-03-28 23:45:00
1774741800000,82.05,82.05,82.05,82.05,0.0,2026-03-28 23:50:00
1774742100000,82.06,82.08,82.06,82.08,0.957,2026-03-28 23:55:00
1774742400000,82.14,82.14,82.14,82.14,0.946,2026-03-29 00:00:00
1774742700000,82.18,82.18,82.18,82.18,0.486,2026-03-29 00:05:00
1774743000000,82.15,82.15,82.15,82.15,0.036,2026-03-29 00:10:00
1774743300000,82.12,82.23,82.12,82.23,1.512,2026-03-29 00:15:00
1774743600000,82.23,82.23,82.23,82.23,0.0,2026-03-29 00:20:00
1774743900000,82.23,82.23,82.23,82.23,0.0,2026-03-29 00:25:00
1774744200000,82.23,82.23,82.23,82.23,0.0,2026-03-29 00:30:00
1774744500000,82.12,82.12,82.12,82.12,0.304,2026-03-29 00:35:00
1774744800000,82.04,82.04,82.04,82.04,0.432,2026-03-29 00:40:00
1774745100000,82.08,82.08,82.08,82.08,0.018,2026-03-29 00:45:00
1774745400000,82.08,82.08,82.08,82.08,0.0,2026-03-29 00:50:00
1774745700000,82.12,82.12,82.08,82.08,2.465,2026-03-29 00:55:00
1774746000000,82.25,82.25,82.25,82.25,0.121,2026-03-29 01:00:00
1774746300000,82.25,82.25,82.25,82.25,0.0,2026-03-29 01:05:00
1774746600000,82.25,82.25,82.25,82.25,0.0,2026-03-29 01:10:00
1774746900000,82.25,82.25,82.25,82.25,0.0,2026-03-29 01:15:00
1774747200000,82.25,82.25,82.25,82.25,0.0,2026-03-29 01:20:00
1774747500000,82.25,82.25,82.25,82.25,0.0,2026-03-29 01:25:00
1774747800000,82.25,82.25,82.25,82.25,0.0,2026-03-29 01:30:00
1774748100000,82.38,82.38,82.38,82.38,2.742,2026-03-29 01:35:00
1774748400000,82.31,82.31,82.31,82.31,0.065,2026-03-29 01:40:00
1774748700000,82.21,82.21,82.21,82.21,2.4,2026-03-29 01:45:00
1774749000000,82.41,82.41,82.41,82.41,2.4,2026-03-29 01:50:00
1774749300000,82.41,82.41,82.41,82.41,0.0,2026-03-29 01:55:00
1774749600000,82.46,82.46,82.46,82.46,0.061,2026-03-29 02:00:00
1774749900000,82.46,82.46,82.46,82.46,0.0,2026-03-29 02:05:00
1774750200000,82.46,82.46,82.46,82.46,0.0,2026-03-29 02:10:00
1774750500000,82.46,82.46,82.46,82.46,0.0,2026-03-29 02:15:00
1774750800000,82.58,82.58,82.58,82.58,0.049,2026-03-29 02:20:00
1774751100000,82.6,82.6,82.6,82.6,0.2,2026-03-29 02:25:00
1774751400000,82.51,82.51,82.48,82.48,103.004,2026-03-29 02:30:00
1774751700000,82.62,82.62,82.62,82.62,10.513,2026-03-29 02:35:00
1774752000000,82.69,82.69,82.69,82.69,1.51,2026-03-29 02:40:00
1774752300000,82.63,82.69,82.63,82.69,1.334,2026-03-29 02:45:00
1774752600000,82.8,82.8,82.8,82.8,0.386,2026-03-29 02:50:00
1774752900000,82.76,82.76,82.76,82.76,0.362,2026-03-29 02:55:00
1774753200000,82.8,82.8,82.8,82.8,0.253,2026-03-29 03:00:00
1774753500000,82.78,82.78,82.78,82.78,1.0,2026-03-29 03:05:00
1774753800000,82.83,82.83,82.74,82.74,0.675,2026-03-29 03:10:00
1774754100000,83.13,83.17,83.13,83.13,2.228,2026-03-29 03:15:00
1774754400000,83.13,83.13,83.13,83.13,0.0,2026-03-29 03:20:00
1774754700000,83.05,83.05,83.05,83.05,1.17,2026-03-29 03:25:00
1774755000000,83.06,83.06,83.05,83.05,0.328,2026-03-29 03:30:00
1774755300000,83.02,83.02,83.02,83.02,0.12,2026-03-29 03:35:00
1774755600000,83.01,83.01,83.01,83.01,0.036,2026-03-29 03:40:00
1774755900000,82.97,82.99,82.89,82.99,4.439,2026-03-29 03:45:00
1774756200000,82.98,82.98,82.98,82.98,1.157,2026-03-29 03:50:00
1774756500000,83.03,83.03,83.03,83.03,1.0,2026-03-29 03:55:00
1774756800000,83.04,83.04,83.04,83.04,1.803,2026-03-29 04:00:00
1774757100000,82.93,83.0,82.93,82.99,4.229,2026-03-29 04:05:00
1774757400000,82.95,82.98,82.95,82.98,0.18,2026-03-29 04:10:00
1774757700000,82.91,82.91,82.87,82.87,1.847,2026-03-29 04:15:00
1774758000000,82.87,82.87,82.87,82.87,0.0,2026-03-29 04:20:00
1774758300000,82.87,82.87,82.87,82.87,0.0,2026-03-29 04:25:00
1774758600000,82.87,82.87,82.87,82.87,0.0,2026-03-29 04:30:00
1774758900000,82.79,82.79,82.79,82.79,0.14,2026-03-29 04:35:00
1774759200000,82.79,82.79,82.79,82.79,0.0,2026-03-29 04:40:00
1774759500000,82.76,82.76,82.75,82.75,34.075,2026-03-29 04:45:00
1774759800000,82.75,82.75,82.75,82.75,0.0,2026-03-29 04:50:00
1774760100000,82.81,82.81,82.81,82.81,0.477,2026-03-29 04:55:00
1774760400000,82.7,82.7,82.7,82.7,0.301,2026-03-29 05:00:00
1774760700000,82.59,82.59,82.59,82.59,0.06,2026-03-29 05:05:00
1774761000000,82.53,82.53,82.53,82.53,0.036,2026-03-29 05:10:00
1774761300000,82.53,82.53,82.53,82.53,0.0,2026-03-29 05:15:00
1774761600000,82.53,82.53,82.53,82.53,0.0,2026-03-29 05:20:00
1774761900000,82.53,82.53,82.53,82.53,0.0,2026-03-29 05:25:00
1774762200000,82.53,82.53,82.53,82.53,0.0,2026-03-29 05:30:00
1774762500000,82.53,82.53,82.53,82.53,0.0,2026-03-29 05:35:00
1774762800000,82.64,82.67,82.64,82.67,0.533,2026-03-29 05:40:00
1774763100000,82.67,82.67,82.67,82.67,0.0,2026-03-29 05:45:00
1774763400000,82.82,82.82,82.66,82.66,14.096,2026-03-29 05:50:00
1774763700000,82.66,82.66,82.66,82.66,0.0,2026-03-29 05:55:00
1774764000000,82.79,82.79,82.79,82.79,0.023,2026-03-29 06:00:00
1774764300000,82.78,82.78,82.78,82.78,0.121,2026-03-29 06:05:00
1774764600000,82.74,82.74,82.74,82.74,1.206,2026-03-29 06:10:00
1774764900000,82.74,82.74,82.74,82.74,0.0,2026-03-29 06:15:00
1774765200000,82.65,82.65,82.48,82.48,3.037,2026-03-29 06:20:00
1774765500000,82.4,82.4,82.4,82.4,1.442,2026-03-29 06:25:00
1774765800000,82.4,82.4,82.4,82.4,0.0,2026-03-29 06:30:00
1774766100000,82.4,82.4,82.4,82.4,0.0,2026-03-29 06:35:00
1774766400000,82.36,82.36,82.36,82.36,0.546,2026-03-29 06:40:00
1774766700000,82.37,82.53,82.37,82.53,6.156,2026-03-29 06:45:00
1774767000000,82.53,82.53,82.53,82.53,0.0,2026-03-29 06:50:00
1774767300000,82.53,82.53,82.53,82.53,0.0,2026-03-29 06:55:00
1774767600000,82.53,82.53,82.53,82.53,0.0,2026-03-29 07:00:00
1774767900000,82.53,82.53,82.53,82.53,0.0,2026-03-29 07:05:00
1774768200000,82.53,82.53,82.53,82.53,0.0,2026-03-29 07:10:00
1774768500000,82.53,82.53,82.53,82.53,0.0,2026-03-29 07:15:00
1774768800000,82.53,82.53,82.53,82.53,0.0,2026-03-29 07:20:00
1774769100000,82.53,82.53,82.53,82.53,0.0,2026-03-29 07:25:00
1774769400000,82.53,82.53,82.53,82.53,0.0,2026-03-29 07:30:00
1774769700000,82.53,82.53,82.53,82.53,0.0,2026-03-29 07:35:00
1774770000000,82.53,82.53,82.53,82.53,0.0,2026-03-29 07:40:00
1774770300000,82.53,82.53,82.53,82.53,0.0,2026-03-29 07:45:00
1774770600000,82.63,82.63,82.63,82.63,0.145,2026-03-29 07:50:00
1774770900000,82.63,82.63,82.63,82.63,0.0,2026-03-29 07:55:00
1774771200000,82.47,82.47,82.47,82.47,0.033,2026-03-29 08:00:00
1774771500000,82.51,82.51,82.51,82.51,0.489,2026-03-29 08:05:00
1774771800000,82.47,82.47,82.47,82.47,0.145,2026-03-29 08:10:00
1774772100000,82.47,82.47,82.47,82.47,0.0,2026-03-29 08:15:00
1774772400000,82.47,82.47,82.47,82.47,0.0,2026-03-29 08:20:00
1774772700000,82.47,82.47,82.47,82.47,0.0,2026-03-29 08:25:00
1774773000000,82.47,82.47,82.47,82.47,0.0,2026-03-29 08:30:00
1774773300000,82.47,82.47,82.47,82.47,0.0,2026-03-29 08:35:00
1774773600000,82.47,82.47,82.47,82.47,0.0,2026-03-29 08:40:00
1774773900000,82.47,82.47,82.47,82.47,0.0,2026-03-29 08:45:00
1774774200000,82.47,82.47,82.47,82.47,0.0,2026-03-29 08:50:00
1774774500000,82.47,82.47,82.47,82.47,0.0,2026-03-29 08:55:00
1774774800000,82.47,82.47,82.47,82.47,0.0,2026-03-29 09:00:00
1774775100000,82.37,82.37,82.37,82.37,2.4,2026-03-29 09:05:00
1774775400000,82.45,82.45,82.45,82.45,0.121,2026-03-29 09:10:00
1774775700000,82.45,82.45,82.45,82.45,0.0,2026-03-29 09:15:00
1774776000000,82.45,82.45,82.45,82.45,0.0,2026-03-29 09:20:00
1774776300000,82.45,82.45,82.45,82.45,0.0,2026-03-29 09:25:00
1774776600000,82.45,82.45,82.45,82.45,0.0,2026-03-29 09:30:00
1774776900000,82.45,82.45,82.45,82.45,0.0,2026-03-29 09:35:00
1774777200000,82.29,82.29,82.29,82.29,0.303,2026-03-29 09:40:00
1774777500000,82.29,82.29,82.29,82.29,0.0,2026-03-29 09:45:00
1774777800000,82.29,82.29,82.29,82.29,0.0,2026-03-29 09:50:00
1774778100000,82.29,82.29,82.29,82.29,0.0,2026-03-29 09:55:00
1774778400000,82.29,82.29,82.29,82.29,0.0,2026-03-29 10:00:00
1774778700000,82.29,82.29,82.29,82.29,0.0,2026-03-29 10:05:00
1774779000000,82.29,82.29,82.29,82.29,0.0,2026-03-29 10:10:00
1774779300000,82.29,82.29,82.29,82.29,0.0,2026-03-29 10:15:00
1774779600000,82.29,82.29,82.29,82.29,0.0,2026-03-29 10:20:00
1774779900000,82.29,82.29,82.29,82.29,0.0,2026-03-29 10:25:00
1774780200000,82.0,82.0,82.0,82.0,7.894,2026-03-29 10:30:00
1774780500000,82.0,82.0,82.0,82.0,0.0,2026-03-29 10:35:00
1774780800000,82.0,82.0,82.0,82.0,0.0,2026-03-29 10:40:00
1774781100000,82.0,82.0,82.0,82.0,0.0,2026-03-29 10:45:00
1774781400000,82.24,82.24,82.24,82.24,0.133,2026-03-29 10:50:00
1774781700000,82.24,82.24,82.24,82.24,0.0,2026-03-29 10:55:00
1774782000000,82.24,82.24,82.24,82.24,0.0,2026-03-29 11:00:00
1774782300000,82.24,82.24,82.24,82.24,0.0,2026-03-29 11:05:00
1774782600000,82.57,82.57,82.55,82.55,1.843,2026-03-29 11:10:00
1774782900000,82.6,82.6,82.6,82.6,0.073,2026-03-29 11:15:00
1774783200000,82.52,82.52,82.52,82.52,1.254,2026-03-29 11:20:00
1774783500000,82.52,82.52,82.52,82.52,0.0,2026-03-29 11:25:00
1774783800000,82.52,82.52,82.52,82.52,0.0,2026-03-29 11:30:00
1774784100000,82.55,82.55,82.52,82.52,15.0,2026-03-29 11:35:00
1774784400000,82.52,82.52,82.52,82.52,0.0,2026-03-29 11:40:00
1774784700000,82.52,82.52,82.52,82.52,0.0,2026-03-29 11:45:00
1774785000000,82.52,82.52,82.52,82.52,0.0,2026-03-29 11:50:00
1774785300000,82.65,82.65,82.65,82.65,0.024,2026-03-29 11:55:00
1774785600000,82.62,82.62,82.59,82.59,0.828,2026-03-29 12:00:00
1774785900000,82.59,82.59,82.59,82.59,0.0,2026-03-29 12:05:00
1774786200000,82.49,82.49,82.49,82.49,0.545,2026-03-29 12:10:00
1774786500000,82.49,82.49,82.49,82.49,0.0,2026-03-29 12:15:00
1774786800000,82.49,82.49,82.49,82.49,0.0,2026-03-29 12:20:00
1774787100000,82.49,82.49,82.49,82.49,0.0,2026-03-29 12:25:00
1774787400000,82.46,82.46,82.46,82.46,1.775,2026-03-29 12:30:00
1774787700000,82.46,82.46,82.46,82.46,0.0,2026-03-29 12:35:00
1774788000000,82.46,82.46,82.46,82.46,0.0,2026-03-29 12:40:00
1774788300000,82.46,82.46,82.46,82.46,0.0,2026-03-29 12:45:00
1774788600000,82.46,82.46,82.46,82.46,0.0,2026-03-29 12:50:00
1774788900000,82.46,82.46,82.46,82.46,0.0,2026-03-29 12:55:00
1774789200000,82.46,82.46,82.4,82.4,2.924,2026-03-29 13:00:00
1774789500000,82.38,82.38,81.74,81.74,7.682,2026-03-29 13:05:00
1774789800000,81.89,81.94,81.83,81.94,0.911,2026-03-29 13:10:00
1774790100000,81.94,81.94,81.94,81.94,0.0,2026-03-29 13:15:00
1774790400000,82.13,82.13,82.13,82.13,0.133,2026-03-29 13:20:00
1774790700000,82.08,82.08,82.08,82.08,0.024,2026-03-29 13:25:00
1774791000000,82.04,82.11,82.04,82.06,2.616,2026-03-29 13:30:00
1774791300000,82.05,82.05,82.05,82.05,1.218,2026-03-29 13:35:00
1774791600000,82.01,82.01,82.01,82.01,1.036,2026-03-29 13:40:00
1774791900000,82.01,82.01,82.01,82.01,0.0,2026-03-29 13:45:00
1774792200000,82.01,82.01,82.01,82.01,0.0,2026-03-29 13:50:00
1774792500000,82.01,82.01,82.01,82.01,0.0,2026-03-29 13:55:00
1774792800000,81.9,81.9,81.89,81.89,3.896,2026-03-29 14:00:00
1774793100000,81.9,81.9,81.86,81.86,0.67,2026-03-29 14:05:00
1774793400000,81.9,82.2,81.9,82.2,0.731,2026-03-29 14:10:00
1774793700000,82.2,82.2,82.2,82.2,0.0,2026-03-29 14:15:00
1774794000000,82.06,82.06,82.06,82.06,10.294,2026-03-29 14:20:00
1774794300000,81.96,81.96,81.96,81.96,0.199,2026-03-29 14:25:00
1774794600000,81.9,81.9,81.9,81.9,0.276,2026-03-29 14:30:00
1774794900000,81.9,81.9,81.9,81.9,0.0,2026-03-29 14:35:00
1774795200000,81.98,81.98,81.98,81.98,0.305,2026-03-29 14:40:00
1774795500000,81.98,81.98,81.7,81.78,39.986,2026-03-29 14:45:00
1774795800000,81.89,81.89,81.89,81.89,0.489,2026-03-29 14:50:00
1774796100000,81.89,81.89,81.89,81.89,0.0,2026-03-29 14:55:00
1774796400000,82.07,82.07,82.07,82.07,0.912,2026-03-29 15:00:00
1774796700000,82.03,82.03,82.03,82.03,0.304,2026-03-29 15:05:00
1774797000000,82.03,82.03,82.03,82.03,0.0,2026-03-29 15:10:00
1774797300000,82.0,82.0,81.97,81.97,0.169,2026-03-29 15:15:00
1774797600000,81.97,81.97,81.97,81.97,0.0,2026-03-29 15:20:00
1774797900000,81.7,81.7,81.44,81.55,27.732,2026-03-29 15:25:00
1774798200000,81.55,81.55,81.55,81.55,0.0,2026-03-29 15:30:00
1774798500000,81.6,81.66,81.6,81.66,1.584,2026-03-29 15:35:00
1774798800000,81.66,81.66,81.66,81.66,0.0,2026-03-29 15:40:00
1774799100000,81.64,81.71,81.64,81.71,2.529,2026-03-29 15:45:00
1774799400000,81.75,81.79,81.75,81.79,38.238,2026-03-29 15:50:00
1774799700000,81.82,81.82,81.82,81.82,1.219,2026-03-29 15:55:00
1774800000000,81.84,81.84,81.79,81.79,1.524,2026-03-29 16:00:00
1774800300000,81.79,81.79,81.79,81.79,0.0,2026-03-29 16:05:00
1774800600000,81.88,81.88,81.88,81.88,0.304,2026-03-29 16:10:00
1774800900000,81.95,81.95,81.95,81.95,0.305,2026-03-29 16:15:00
1774801200000,82.06,82.06,82.06,82.06,9.21,2026-03-29 16:20:00
1774801500000,81.89,81.89,81.89,81.89,12.179,2026-03-29 16:25:00
1774801800000,81.89,81.89,81.89,81.89,0.0,2026-03-29 16:30:00
1774802100000,81.78,81.78,81.78,81.78,0.612,2026-03-29 16:35:00
1774802400000,81.75,81.75,81.75,81.75,10.28,2026-03-29 16:40:00
1774802700000,81.75,81.75,81.75,81.75,0.0,2026-03-29 16:45:00
1774803000000,81.73,81.73,81.69,81.69,3.689,2026-03-29 16:50:00
1774803300000,81.73,81.73,81.73,81.73,1.221,2026-03-29 16:55:00
1774803600000,81.73,81.73,81.73,81.73,0.0,2026-03-29 17:00:00
1774803900000,81.78,81.84,81.78,81.83,0.403,2026-03-29 17:05:00
1774804200000,81.83,81.83,81.83,81.83,0.0,2026-03-29 17:10:00
1774804500000,81.83,81.83,81.83,81.83,0.0,2026-03-29 17:15:00
1774804800000,81.38,81.38,81.26,81.26,11.406,2026-03-29 17:20:00
1774805100000,81.27,81.27,81.27,81.27,1.598,2026-03-29 17:25:00
1774805400000,81.21,81.34,81.18,81.34,12.635,2026-03-29 17:30:00
1774805700000,81.34,81.34,81.34,81.34,0.0,2026-03-29 17:35:00
1774806000000,81.35,81.63,81.35,81.53,9.353,2026-03-29 17:40:00
1774806300000,81.59,81.59,81.59,81.59,0.245,2026-03-29 17:45:00
1774806600000,81.59,81.59,81.59,81.59,0.0,2026-03-29 17:50:00
1774806900000,81.57,81.57,81.56,81.56,0.554,2026-03-29 17:55:00
1774807200000,81.53,81.56,81.53,81.56,2.461,2026-03-29 18:00:00
1774807500000,81.48,81.54,81.44,81.44,1.837,2026-03-29 18:05:00
1774807800000,81.44,81.44,81.44,81.44,0.0,2026-03-29 18:10:00
1774808100000,81.44,81.44,81.44,81.44,0.0,2026-03-29 18:15:00
1774808400000,81.44,81.44,81.44,81.44,0.0,2026-03-29 18:20:00
1774808700000,81.58,81.58,81.58,81.58,0.367,2026-03-29 18:25:00
1774809000000,81.57,81.57,81.57,81.57,0.43,2026-03-29 18:30:00
1774809300000,81.63,81.84,81.63,81.84,22.573,2026-03-29 18:35:00
1774809600000,81.84,81.84,81.84,81.84,0.0,2026-03-29 18:40:00
1774809900000,81.84,81.84,81.84,81.84,0.0,2026-03-29 18:45:00
1774810200000,81.84,81.84,81.84,81.84,0.0,2026-03-29 18:50:00
1774810500000,81.82,81.82,81.82,81.82,0.611,2026-03-29 18:55:00
1774810800000,81.8,81.8,81.76,81.78,21.851,2026-03-29 19:00:00
1774811100000,81.78,81.78,81.78,81.78,0.0,2026-03-29 19:05:00
1774811400000,81.79,81.79,81.79,81.79,0.244,2026-03-29 19:10:00
1774811700000,81.8,81.8,81.76,81.76,0.439,2026-03-29 19:15:00
1774812000000,81.76,81.76,81.76,81.76,0.0,2026-03-29 19:20:00
1774812300000,81.77,81.81,81.77,81.81,0.293,2026-03-29 19:25:00
1774812600000,81.81,81.81,81.81,81.81,0.0,2026-03-29 19:30:00
1774812900000,81.81,81.81,81.81,81.81,0.0,2026-03-29 19:35:00
1774813200000,81.81,81.81,81.81,81.81,0.0,2026-03-29 19:40:00
1774813500000,81.81,81.81,81.81,81.81,0.0,2026-03-29 19:45:00
1774813800000,81.81,81.81,81.81,81.81,0.0,2026-03-29 19:50:00
1774814100000,81.81,81.81,81.81,81.81,0.0,2026-03-29 19:55:00
1774814400000,81.76,81.76,81.76,81.76,0.073,2026-03-29 20:00:00
1774814700000,81.81,81.82,81.81,81.81,19.018,2026-03-29 20:05:00
1774815000000,81.82,81.82,81.82,81.82,0.244,2026-03-29 20:10:00
1774815300000,81.79,81.79,81.79,81.79,0.61,2026-03-29 20:15:00
1774815600000,81.92,82.17,81.92,82.09,13.381,2026-03-29 20:20:00
1774815900000,82.09,82.09,82.09,82.09,0.0,2026-03-29 20:25:00
1774816200000,82.04,82.04,81.98,81.98,1.009,2026-03-29 20:30:00
1774816500000,81.98,81.98,81.98,81.98,0.0,2026-03-29 20:35:00
1774816800000,81.98,81.98,81.98,81.98,0.0,2026-03-29 20:40:00
1774817100000,81.98,81.98,81.98,81.98,0.0,2026-03-29 20:45:00
1774817400000,81.98,81.98,81.98,81.98,0.0,2026-03-29 20:50:00
1774817700000,81.98,81.98,81.98,81.98,0.0,2026-03-29 20:55:00
1774818000000,81.95,81.95,81.95,81.95,0.11,2026-03-29 21:00:00
1774818300000,81.95,81.95,81.95,81.95,0.0,2026-03-29 21:05:00
1774818600000,81.95,81.95,81.95,81.95,0.0,2026-03-29 21:10:00
1774818900000,81.88,81.92,81.88,81.92,1.23,2026-03-29 21:15:00
1774819200000,81.92,81.92,81.92,81.92,0.0,2026-03-29 21:20:00
1774819500000,81.98,81.98,81.98,81.98,2.602,2026-03-29 21:25:00
1774819800000,81.98,81.98,81.98,81.98,0.0,2026-03-29 21:30:00
1774820100000,81.98,81.98,81.98,81.98,0.0,2026-03-29 21:35:00
1774820400000,82.12,82.12,82.09,82.09,3.346,2026-03-29 21:40:00
1774820700000,82.15,82.15,82.15,82.15,2.0,2026-03-29 21:45:00
1774821000000,82.15,82.15,82.15,82.15,0.0,2026-03-29 21:50:00
1774821300000,82.18,82.18,82.17,82.17,9.118,2026-03-29 21:55:00
1774821600000,81.88,81.88,81.52,81.52,2.73,2026-03-29 22:00:00
1774821900000,81.35,81.42,81.35,81.42,3.438,2026-03-29 22:05:00
1774822200000,81.42,81.42,81.42,81.42,0.0,2026-03-29 22:10:00
1774822500000,81.42,81.42,81.42,81.42,0.0,2026-03-29 22:15:00
1774822800000,81.42,81.42,81.42,81.42,0.0,2026-03-29 22:20:00
1774823100000,81.86,81.86,81.86,81.86,1.753,2026-03-29 22:25:00
1774823400000,81.86,81.86,81.86,81.86,0.0,2026-03-29 22:30:00
1774823700000,81.45,81.45,81.45,81.45,1.47,2026-03-29 22:35:00
1774824000000,81.15,81.29,80.46,80.67,110.941,2026-03-29 22:40:00
1774824300000,80.41,80.41,79.4,79.9,55.464,2026-03-29 22:45:00
1774824600000,79.58,80.04,79.47,80.04,406.479,2026-03-29 22:50:00
1774824900000,80.24,80.95,80.24,80.82,7.711,2026-03-29 22:55:00
1774825200000,81.0,81.33,81.0,81.33,2.351,2026-03-29 23:00:00
1774825500000,81.31,81.31,81.1,81.1,4.988,2026-03-29 23:05:00
1774825800000,81.1,81.1,81.1,81.1,0.0,2026-03-29 23:10:00
1774826100000,81.21,81.21,81.21,81.21,0.136,2026-03-29 23:15:00
1774826400000,81.55,81.68,81.55,81.68,8.137,2026-03-29 23:20:00
1774826700000,81.38,81.38,81.38,81.38,0.024,2026-03-29 23:25:00
1774827000000,81.41,81.41,81.41,81.41,0.063,2026-03-29 23:30:00
1774827300000,81.19,81.19,81.19,81.19,0.301,2026-03-29 23:35:00
1774827600000,81.19,81.19,81.19,81.19,0.0,2026-03-29 23:40:00
1774827900000,81.19,81.19,81.19,81.19,0.0,2026-03-29 23:45:00
1774828200000,81.38,81.4,81.31,81.4,3.454,2026-03-29 23:50:00
1774828500000,81.4,81.4,81.4,81.4,0.0,2026-03-29 23:55:00
1774828800000,81.46,81.46,81.3,81.3,31.89,2026-03-30 00:00:00
1774829100000,81.22,81.33,81.22,81.33,0.521,2026-03-30 00:05:00
1774829400000,81.33,81.39,81.29,81.29,542.044,2026-03-30 00:10:00
1774829700000,81.42,82.72,81.42,82.72,43.017,2026-03-30 00:15:00
1774830000000,82.84,82.96,82.66,82.66,9.467,2026-03-30 00:20:00
1774830300000,82.26,82.26,82.26,82.26,0.206,2026-03-30 00:25:00
1774830600000,82.19,82.33,82.06,82.09,1.975,2026-03-30 00:30:00
1774830900000,82.07,82.07,81.77,81.77,0.448,2026-03-30 00:35:00
1774831200000,81.68,81.68,81.68,81.68,1.442,2026-03-30 00:40:00
1774831500000,81.82,81.82,81.82,81.82,1.218,2026-03-30 00:45:00
1774831800000,81.62,81.62,81.57,81.57,1.231,2026-03-30 00:50:00
1774832100000,81.73,81.73,81.73,81.73,0.276,2026-03-30 00:55:00
1774832400000,82.04,82.4,82.04,82.24,3.377,2026-03-30 01:00:00
1774832700000,82.24,82.24,82.24,82.24,0.0,2026-03-30 01:05:00
1774833000000,82.24,82.24,82.24,82.24,0.233,2026-03-30 01:10:00
1774833300000,82.24,82.24,82.24,82.24,0.0,2026-03-30 01:15:00
1774833600000,82.35,82.44,82.35,82.44,62.423,2026-03-30 01:20:00
1774833900000,82.42,82.61,82.42,82.61,68.802,2026-03-30 01:25:00
1774834200000,82.62,82.65,82.59,82.59,94.34,2026-03-30 01:30:00
1774834500000,82.52,82.52,82.52,82.52,0.242,2026-03-30 01:35:00
1774834800000,82.58,82.61,82.58,82.61,3.996,2026-03-30 01:40:00
1774835100000,82.61,82.61,82.61,82.61,0.0,2026-03-30 01:45:00
1774835400000,82.74,82.78,82.74,82.78,1.327,2026-03-30 01:50:00
1774835700000,82.78,82.78,82.78,82.78,0.0,2026-03-30 01:55:00
1774836000000,82.77,82.77,82.77,82.77,0.06,2026-03-30 02:00:00
1774836300000,82.77,82.77,82.77,82.77,0.0,2026-03-30 02:05:00
1774836600000,82.77,82.77,82.77,82.77,0.0,2026-03-30 02:10:00
1774836900000,82.77,82.77,82.77,82.77,0.0,2026-03-30 02:15:00
1774837200000,82.75,82.75,82.75,82.75,0.261,2026-03-30 02:20:00
1774837500000,82.79,82.79,82.79,82.79,0.121,2026-03-30 02:25:00
1774837800000,82.63,82.63,82.62,82.62,0.447,2026-03-30 02:30:00
1774838100000,82.56,82.56,82.56,82.56,0.242,2026-03-30 02:35:00
1774838400000,83.05,83.05,83.05,83.05,0.341,2026-03-30 02:40:00
1774838700000,83.09,83.98,83.09,83.78,26.127,2026-03-30 02:45:00
1774839000000,83.78,83.78,83.78,83.78,0.0,2026-03-30 02:50:00
1774839300000,83.78,83.78,83.78,83.78,0.0,2026-03-30 02:55:00
1774839600000,83.34,83.34,83.22,83.29,0.75,2026-03-30 03:00:00
1774839900000,83.29,83.29,83.29,83.29,0.0,2026-03-30 03:05:00
1774840200000,83.23,83.31,83.07,83.07,3.756,2026-03-30 03:10:00
1774840500000,83.04,83.04,83.04,83.04,0.13,2026-03-30 03:15:00
1774840800000,83.04,83.04,83.04,83.04,0.0,2026-03-30 03:20:00
1774841100000,83.04,83.04,83.04,83.04,0.0,2026-03-30 03:25:00
1774841400000,83.3,83.3,83.3,83.3,0.6,2026-03-30 03:30:00
1774841700000,83.3,83.3,83.3,83.3,0.0,2026-03-30 03:35:00
1774842000000,83.3,83.3,83.3,83.3,0.0,2026-03-30 03:40:00
1774842300000,83.3,83.3,83.3,83.3,0.0,2026-03-30 03:45:00
1774842600000,83.4,83.4,83.4,83.4,0.096,2026-03-30 03:50:00
1774842900000,83.29,83.31,83.29,83.31,1.429,2026-03-30 03:55:00
1774843200000,83.31,83.31,83.31,83.31,0.06,2026-03-30 04:00:00
1774843500000,83.4,83.6,83.4,83.6,0.096,2026-03-30 04:05:00
1774843800000,83.58,83.58,83.49,83.5,1.898,2026-03-30 04:10:00
1774844100000,83.56,83.71,83.56,83.58,8.939,2026-03-30 04:15:00
1774844400000,83.58,83.58,83.58,83.58,0.0,2026-03-30 04:20:00
1774844700000,83.52,83.64,83.52,83.64,0.12,2026-03-30 04:25:00
1774845000000,83.64,83.64,83.64,83.64,0.0,2026-03-30 04:30:00
1774845300000,83.64,83.64,83.64,83.64,0.0,2026-03-30 04:35:00
1774845600000,83.53,83.53,83.53,83.53,4.243,2026-03-30 04:40:00
1774845900000,83.6,83.6,83.6,83.6,2.01,2026-03-30 04:45:00
1774846200000,83.6,83.6,83.6,83.6,0.0,2026-03-30 04:50:00
1774846500000,83.75,83.75,83.75,83.75,1.621,2026-03-30 04:55:00
1774846800000,83.85,84.0,83.85,83.97,3.883,2026-03-30 05:00:00
1774847100000,83.95,84.04,83.92,84.04,0.995,2026-03-30 05:05:00
1774847400000,84.12,84.13,84.05,84.05,0.472,2026-03-30 05:10:00
1774847700000,83.86,83.86,83.86,83.86,0.03,2026-03-30 05:15:00
1774848000000,83.8,83.8,83.8,83.8,10.8,2026-03-30 05:20:00
1774848300000,83.84,83.87,83.84,83.87,2.423,2026-03-30 05:25:00
1774848600000,83.97,83.97,83.97,83.97,0.285,2026-03-30 05:30:00
1774848900000,83.79,83.79,83.72,83.75,0.72,2026-03-30 05:35:00
1774849200000,83.67,83.7,83.6,83.6,3.235,2026-03-30 05:40:00
1774849500000,83.58,83.65,83.52,83.58,15.162,2026-03-30 05:45:00
1774849800000,83.68,83.68,83.68,83.68,0.298,2026-03-30 05:50:00
1774850100000,83.72,83.74,83.72,83.74,5.334,2026-03-30 05:55:00
1774850400000,83.69,83.69,83.69,83.69,0.238,2026-03-30 06:00:00
1774850700000,83.8,83.81,83.8,83.81,3.095,2026-03-30 06:05:00
1774851000000,83.81,83.81,83.81,83.81,0.0,2026-03-30 06:10:00
1774851300000,83.81,83.81,83.81,83.81,0.0,2026-03-30 06:15:00
1774851600000,83.81,83.81,83.81,83.81,0.0,2026-03-30 06:20:00
1774851900000,83.55,83.55,83.55,83.55,0.035,2026-03-30 06:25:00
1774852200000,83.53,83.53,83.53,83.53,0.143,2026-03-30 06:30:00
1774852500000,83.53,83.53,83.46,83.46,10.651,2026-03-30 06:35:00
1774852800000,83.52,83.52,83.52,83.52,0.262,2026-03-30 06:40:00
1774853100000,83.52,83.52,83.52,83.52,0.0,2026-03-30 06:45:00
1774853400000,83.52,83.52,83.52,83.52,0.0,2026-03-30 06:50:00
1774853700000,83.52,83.52,83.52,83.52,0.0,2026-03-30 06:55:00
1774854000000,83.52,83.52,83.52,83.52,0.0,2026-03-30 07:00:00
1774854300000,83.58,83.66,83.58,83.66,1.122,2026-03-30 07:05:00
1774854600000,83.66,83.66,83.63,83.63,0.717,2026-03-30 07:10:00
1774854900000,83.63,83.63,83.63,83.63,0.0,2026-03-30 07:15:00
1774855200000,83.63,83.63,83.63,83.63,0.0,2026-03-30 07:20:00
1774855500000,83.63,83.63,83.63,83.63,0.0,2026-03-30 07:25:00
1774855800000,83.63,83.63,83.63,83.63,0.0,2026-03-30 07:30:00
1774856100000,83.61,83.61,83.61,83.61,0.015,2026-03-30 07:35:00
1774856400000,83.61,83.61,83.61,83.61,0.0,2026-03-30 07:40:00
1774856700000,83.75,83.75,83.75,83.75,2.4,2026-03-30 07:45:00
1774857000000,84.0,84.2,84.0,84.2,5.254,2026-03-30 07:50:00
1774857300000,84.2,84.2,84.2,84.2,0.0,2026-03-30 07:55:00
1774857600000,84.11,84.16,84.11,84.16,0.092,2026-03-30 08:00:00
1774857900000,84.24,84.37,84.14,84.14,12.225,2026-03-30 08:05:00
1774858200000,84.14,84.14,84.14,84.14,0.0,2026-03-30 08:10:00
1774858500000,84.37,84.37,84.18,84.3,1.02,2026-03-30 08:15:00
1774858800000,84.3,84.3,84.3,84.3,0.0,2026-03-30 08:20:00
1774859100000,84.27,84.27,84.27,84.27,0.095,2026-03-30 08:25:00
1774859400000,84.27,84.27,84.27,84.27,0.0,2026-03-30 08:30:00
1774859700000,84.47,84.8,84.47,84.69,10.531,2026-03-30 08:35:00
1774860000000,84.81,84.81,84.55,84.55,0.726,2026-03-30 08:40:00
1774860300000,84.48,84.48,84.48,84.48,0.892,2026-03-30 08:45:00
1774860600000,84.48,84.48,84.48,84.48,0.0,2026-03-30 08:50:00
1774860900000,84.44,84.44,84.44,84.44,0.047,2026-03-30 08:55:00
1774861200000,84.43,84.43,84.43,84.43,0.13,2026-03-30 09:00:00
1774861500000,84.43,84.43,84.43,84.43,0.0,2026-03-30 09:05:00
1774861800000,84.33,84.33,84.33,84.33,0.118,2026-03-30 09:10:00
1774862100000,84.33,84.33,84.33,84.33,0.0,2026-03-30 09:15:00
1774862400000,84.33,84.33,84.33,84.33,0.0,2026-03-30 09:20:00
1774862700000,84.33,84.33,84.33,84.33,0.0,2026-03-30 09:25:00
1774863000000,84.33,84.33,84.33,84.33,0.0,2026-03-30 09:30:00
1774863300000,84.33,84.33,84.33,84.33,0.0,2026-03-30 09:35:00
1774863600000,84.33,84.33,84.33,84.33,0.0,2026-03-30 09:40:00
1774863900000,84.25,84.25,84.25,84.25,0.131,2026-03-30 09:45:00
1774864200000,84.25,84.25,84.25,84.25,0.0,2026-03-30 09:50:00
1774864500000,84.25,84.25,84.25,84.25,0.0,2026-03-30 09:55:00
1774864800000,84.15,84.15,84.13,84.13,0.651,2026-03-30 10:00:00
1774865100000,84.13,84.13,84.13,84.13,0.0,2026-03-30 10:05:00
1774865400000,84.13,84.13,84.13,84.13,0.034,2026-03-30 10:10:00
1774865700000,84.07,84.07,84.07,84.07,0.095,2026-03-30 10:15:00
1774866000000,84.07,84.07,84.07,84.07,0.0,2026-03-30 10:20:00
1774866300000,84.07,84.07,84.07,84.07,0.0,2026-03-30 10:25:00
1774866600000,83.98,83.98,83.98,83.98,0.076,2026-03-30 10:30:00
1774866900000,83.98,83.98,83.61,83.72,4.249,2026-03-30 10:35:00
1774867200000,83.72,83.72,83.72,83.72,0.0,2026-03-30 10:40:00
1774867500000,83.73,83.76,83.73,83.76,0.691,2026-03-30 10:45:00
1774867800000,83.92,83.94,83.92,83.94,0.333,2026-03-30 10:50:00
1774868100000,83.91,83.91,83.91,83.91,0.262,2026-03-30 10:55:00
1774868400000,83.92,83.92,83.92,83.92,0.823,2026-03-30 11:00:00
1774868700000,83.93,84.02,83.93,84.02,3.516,2026-03-30 11:05:00
1774869000000,84.02,84.02,84.02,84.02,0.0,2026-03-30 11:10:00
1774869300000,84.02,84.02,84.02,84.02,0.0,2026-03-30 11:15:00
1774869600000,84.12,84.18,84.12,84.18,0.403,2026-03-30 11:20:00
1774869900000,84.18,84.58,84.12,84.12,19.004,2026-03-30 11:25:00
1774870200000,84.12,84.12,84.12,84.12,0.0,2026-03-30 11:30:00
1774870500000,84.3,84.3,84.3,84.3,0.095,2026-03-30 11:35:00
1774870800000,84.15,84.16,84.15,84.16,0.19,2026-03-30 11:40:00
1774871100000,84.15,84.15,84.15,84.15,0.095,2026-03-30 11:45:00
1774871400000,84.15,84.15,84.15,84.15,0.0,2026-03-30 11:50:00
1774871700000,84.15,84.15,84.15,84.15,0.0,2026-03-30 11:55:00
1774872000000,84.32,84.33,84.32,84.33,0.19,2026-03-30 12:00:00
1774872300000,84.47,84.47,84.47,84.47,0.647,2026-03-30 12:05:00
1774872600000,84.35,84.36,84.35,84.36,0.19,2026-03-30 12:10:00
1774872900000,84.28,84.28,84.28,84.28,0.137,2026-03-30 12:15:00
1774873200000,84.28,84.28,84.28,84.28,0.0,2026-03-30 12:20:00
1774873500000,84.19,84.19,84.19,84.19,1.186,2026-03-30 12:25:00
1774873800000,84.24,84.28,84.24,84.28,0.213,2026-03-30 12:30:00
1774874100000,84.3,84.3,84.22,84.22,0.19,2026-03-30 12:35:00
1774874400000,84.22,84.49,84.22,84.49,0.285,2026-03-30 12:40:00
1774874700000,84.49,84.49,84.47,84.47,0.274,2026-03-30 12:45:00
1774875000000,84.55,84.55,84.55,84.55,0.531,2026-03-30 12:50:00
1774875300000,84.55,84.55,84.55,84.55,0.0,2026-03-30 12:55:00
1774875600000,84.49,84.49,84.48,84.48,2.852,2026-03-30 13:00:00
1774875900000,84.47,84.65,84.46,84.65,2.612,2026-03-30 13:05:00
1774876200000,84.8,84.83,84.76,84.76,4.357,2026-03-30 13:10:00
1774876500000,84.67,84.67,84.62,84.62,0.354,2026-03-30 13:15:00
1774876800000,84.84,85.01,84.84,84.95,0.963,2026-03-30 13:20:00
1774877100000,84.71,84.71,84.6,84.6,0.667,2026-03-30 13:25:00
1774877400000,84.48,84.73,84.48,84.65,0.57,2026-03-30 13:30:00
1774877700000,84.47,84.57,84.47,84.57,0.332,2026-03-30 13:35:00
1774878000000,84.3,84.33,84.3,84.33,0.107,2026-03-30 13:40:00
1774878300000,84.27,84.35,84.24,84.24,0.321,2026-03-30 13:45:00
1774878600000,84.24,84.26,84.22,84.26,0.475,2026-03-30 13:50:00
1774878900000,84.13,84.13,83.98,83.98,1.099,2026-03-30 13:55:00
1774879200000,83.97,84.17,83.97,84.17,6.719,2026-03-30 14:00:00
1774879500000,84.15,84.38,84.12,84.38,1.11,2026-03-30 14:05:00
1774879800000,84.53,84.64,84.5,84.5,8.022,2026-03-30 14:10:00
1774880100000,84.49,84.54,84.24,84.24,25.544,2026-03-30 14:15:00
1774880400000,84.32,84.41,84.32,84.35,6.778,2026-03-30 14:20:00
1774880700000,84.35,84.35,84.35,84.35,0.0,2026-03-30 14:25:00
1774881000000,84.35,84.35,84.35,84.35,0.0,2026-03-30 14:30:00
1774881300000,83.85,83.85,83.71,83.71,21.191,2026-03-30 14:35:00
1774881600000,83.95,83.95,83.76,83.76,3.183,2026-03-30 14:40:00
1774881900000,83.94,83.94,83.94,83.94,0.095,2026-03-30 14:45:00
1774882200000,83.88,84.04,83.88,84.04,3.257,2026-03-30 14:50:00
1774882500000,84.24,84.57,84.24,84.35,14.607,2026-03-30 14:55:00
1774882800000,84.43,84.43,84.43,84.43,1.396,2026-03-30 15:00:00
1774883100000,84.28,84.28,84.28,84.28,0.077,2026-03-30 15:05:00
1774883400000,84.28,84.28,84.28,84.28,0.0,2026-03-30 15:10:00
1774883700000,84.11,84.11,84.02,84.03,25.738,2026-03-30 15:15:00
1774884000000,84.05,84.11,84.02,84.11,39.391,2026-03-30 15:20:00
1774884300000,84.12,84.16,84.12,84.16,6.236,2026-03-30 15:25:00
1774884600000,84.16,84.16,84.16,84.16,0.0,2026-03-30 15:30:00
1774884900000,84.52,84.76,84.5,84.67,25.663,2026-03-30 15:35:00
1774885200000,84.61,84.71,84.61,84.69,7.365,2026-03-30 15:40:00
1774885500000,84.58,84.58,84.54,84.54,3.807,2026-03-30 15:45:00
1774885800000,84.63,84.67,84.63,84.63,12.164,2026-03-30 15:50:00
1774886100000,84.57,84.57,84.53,84.55,6.768,2026-03-30 15:55:00
1774886400000,84.35,84.35,84.28,84.29,4.434,2026-03-30 16:00:00
1774886700000,84.17,84.32,84.17,84.32,15.354,2026-03-30 16:05:00
1774887000000,84.32,84.32,84.32,84.32,0.0,2026-03-30 16:10:00
1774887300000,84.32,84.32,84.32,84.32,0.0,2026-03-30 16:15:00
1774887600000,84.13,84.13,84.13,84.13,0.211,2026-03-30 16:20:00
1774887900000,84.12,84.12,84.08,84.08,27.496,2026-03-30 16:25:00
1774888200000,84.07,84.07,84.07,84.07,3.296,2026-03-30 16:30:00
1774888500000,84.19,84.19,84.19,84.19,0.173,2026-03-30 16:35:00
1774888800000,84.03,84.03,84.03,84.03,4.095,2026-03-30 16:40:00
1774889100000,84.03,84.03,84.03,84.03,0.0,2026-03-30 16:45:00
1774889400000,84.07,84.07,84.07,84.07,0.361,2026-03-30 16:50:00
1774889700000,84.04,84.18,84.04,84.14,33.898,2026-03-30 16:55:00
1774890000000,84.14,84.14,84.14,84.14,0.0,2026-03-30 17:00:00
1774890300000,84.1,84.1,84.09,84.09,0.356,2026-03-30 17:05:00
1774890600000,84.09,84.09,84.09,84.09,0.0,2026-03-30 17:10:00
1774890900000,83.85,83.9,83.68,83.9,72.89,2026-03-30 17:15:00
1774891200000,83.61,83.61,83.51,83.51,98.937,2026-03-30 17:20:00
1774891500000,83.5,83.5,83.13,83.3,12.344,2026-03-30 17:25:00
1774891800000,83.3,83.3,83.3,83.3,0.0,2026-03-30 17:30:00
1774892100000,83.46,83.46,83.45,83.45,0.231,2026-03-30 17:35:00
1774892400000,83.37,83.37,83.37,83.37,4.78,2026-03-30 17:40:00
1774892700000,83.37,83.37,83.37,83.37,0.0,2026-03-30 17:45:00
1774893000000,83.31,83.32,83.31,83.32,1.319,2026-03-30 17:50:00
1774893300000,83.32,83.32,83.32,83.32,0.0,2026-03-30 17:55:00
1774893600000,83.28,83.3,83.28,83.3,1.187,2026-03-30 18:00:00
1774893900000,83.14,83.14,83.09,83.09,0.454,2026-03-30 18:05:00
1774894200000,83.13,83.13,83.13,83.13,0.376,2026-03-30 18:10:00
1774894500000,83.13,83.13,83.13,83.13,0.0,2026-03-30 18:15:00
1774894800000,82.94,82.94,82.92,82.92,1.84,2026-03-30 18:20:00
1774895100000,82.76,82.84,82.76,82.84,12.419,2026-03-30 18:25:00
1774895400000,82.84,82.84,82.84,82.84,0.0,2026-03-30 18:30:00
1774895700000,83.04,83.06,83.04,83.06,0.264,2026-03-30 18:35:00
1774896000000,82.85,82.85,82.85,82.85,0.1,2026-03-30 18:40:00
1774896300000,82.96,82.96,82.71,82.71,3.175,2026-03-30 18:45:00
1774896600000,82.6,82.6,82.5,82.5,4.564,2026-03-30 18:50:00
1774896900000,82.6,82.6,82.6,82.6,0.618,2026-03-30 18:55:00
1774897200000,82.57,82.6,82.57,82.6,0.726,2026-03-30 19:00:00
1774897500000,82.55,82.55,82.48,82.48,0.11,2026-03-30 19:05:00
1774897800000,82.41,82.47,82.4,82.46,7.413,2026-03-30 19:10:00
1774898100000,82.48,82.48,82.48,82.48,0.605,2026-03-30 19:15:00
1774898400000,82.36,82.36,82.36,82.36,0.546,2026-03-30 19:20:00
1774898700000,82.06,82.06,81.98,81.98,0.778,2026-03-30 19:25:00
1774899000000,81.98,81.98,81.98,81.98,0.0,2026-03-30 19:30:00
1774899300000,82.21,82.21,82.21,82.21,0.328,2026-03-30 19:35:00
1774899600000,82.21,82.21,82.21,82.21,0.0,2026-03-30 19:40:00
1774899900000,82.21,82.21,82.21,82.21,0.0,2026-03-30 19:45:00
1774900200000,82.21,82.21,82.21,82.21,0.0,2026-03-30 19:50:00
1774900500000,82.47,82.47,82.38,82.38,1.478,2026-03-30 19:55:00
1774900800000,82.48,82.48,82.48,82.48,0.073,2026-03-30 20:00:00
1774901100000,82.57,82.7,82.57,82.7,3.607,2026-03-30 20:05:00
1774901400000,82.7,82.7,82.7,82.7,0.0,2026-03-30 20:10:00
1774901700000,82.77,82.77,82.73,82.73,0.542,2026-03-30 20:15:00
1774902000000,82.83,82.83,82.83,82.83,0.06,2026-03-30 20:20:00
1774902300000,82.8,82.8,82.77,82.77,33.54,2026-03-30 20:25:00
1774902600000,82.85,82.86,82.85,82.86,0.545,2026-03-30 20:30:00
1774902900000,82.86,82.86,82.86,82.86,0.0,2026-03-30 20:35:00
1774903200000,82.86,82.86,82.86,82.86,0.0,2026-03-30 20:40:00
1774903500000,82.86,82.86,82.86,82.86,0.0,2026-03-30 20:45:00
1774903800000,82.86,82.86,82.86,82.86,0.0,2026-03-30 20:50:00
1774904100000,82.86,82.86,82.86,82.86,0.0,2026-03-30 20:55:00
1774904400000,82.77,82.77,82.77,82.77,0.724,2026-03-30 21:00:00
1774904700000,82.76,82.76,82.76,82.76,0.603,2026-03-30 21:05:00
1774905000000,83.09,83.32,83.09,83.32,2.744,2026-03-30 21:10:00
1774905300000,83.35,83.37,83.35,83.37,30.225,2026-03-30 21:15:00
1774905600000,83.51,83.61,83.51,83.61,1.252,2026-03-30 21:20:00
1774905900000,83.37,83.37,83.37,83.37,0.235,2026-03-30 21:25:00
1774906200000,83.39,83.39,83.39,83.39,0.304,2026-03-30 21:30:00
1774906500000,83.35,83.35,83.35,83.35,0.12,2026-03-30 21:35:00
1774906800000,83.45,83.45,83.45,83.45,3.262,2026-03-30 21:40:00
1774907100000,83.36,83.36,83.34,83.34,4.955,2026-03-30 21:45:00
1774907400000,83.34,83.34,83.34,83.34,0.0,2026-03-30 21:50:00
1774907700000,83.34,83.34,83.34,83.34,0.0,2026-03-30 21:55:00
1774908000000,83.24,83.24,83.24,83.24,0.252,2026-03-30 22:00:00
1774908300000,83.09,83.09,83.09,83.09,0.214,2026-03-30 22:05:00
1774908600000,82.96,82.96,82.96,82.96,3.161,2026-03-30 22:10:00
1774908900000,82.96,82.96,82.96,82.96,0.0,2026-03-30 22:15:00
1774909200000,82.96,82.96,82.96,82.96,0.0,2026-03-30 22:20:00
1774909500000,82.96,82.96,82.96,82.96,0.0,2026-03-30 22:25:00
1774909800000,82.88,82.88,82.88,82.88,0.132,2026-03-30 22:30:00
1774910100000,82.88,82.88,82.88,82.88,0.0,2026-03-30 22:35:00
1774910400000,82.94,82.94,82.94,82.94,0.135,2026-03-30 22:40:00
1774910700000,82.95,82.96,82.86,82.86,2.739,2026-03-30 22:45:00
1774911000000,82.7,82.8,82.7,82.79,3.967,2026-03-30 22:50:00
1774911300000,82.84,82.84,82.79,82.79,368.423,2026-03-30 22:55:00
1774911600000,82.57,82.57,82.24,82.24,5.163,2026-03-30 23:00:00
1774911900000,82.4,82.43,82.29,82.29,1.666,2026-03-30 23:05:00
1774912200000,82.29,82.29,82.29,82.29,0.0,2026-03-30 23:10:00
1774912500000,82.29,82.29,82.29,82.29,0.0,2026-03-30 23:15:00
1774912800000,82.29,82.29,82.29,82.29,0.0,2026-03-30 23:20:00
1774913100000,82.48,82.51,82.48,82.51,1.686,2026-03-30 23:25:00
1774913400000,82.49,82.49,82.49,82.49,0.242,2026-03-30 23:30:00
1774913700000,82.49,82.49,82.49,82.49,0.0,2026-03-30 23:35:00
1774914000000,82.49,82.49,82.49,82.49,0.0,2026-03-30 23:40:00
1774914300000,82.51,82.51,82.51,82.51,2.633,2026-03-30 23:45:00
1774914600000,82.55,82.55,82.55,82.55,0.133,2026-03-30 23:50:00
1774914900000,82.55,82.55,82.55,82.55,0.0,2026-03-30 23:55:00
1774915200000,82.49,82.61,82.49,82.5,1.301,2026-03-31 00:00:00
1774915500000,82.47,82.47,82.47,82.47,0.303,2026-03-31 00:05:00
1774915800000,82.41,82.41,82.39,82.39,0.121,2026-03-31 00:10:00
1774916100000,82.39,82.39,82.39,82.39,0.0,2026-03-31 00:15:00
1774916400000,82.29,82.46,82.29,82.46,8.511,2026-03-31 00:20:00
1774916700000,82.33,82.36,82.33,82.36,0.266,2026-03-31 00:25:00
1774917000000,82.36,82.36,82.36,82.36,0.0,2026-03-31 00:30:00
1774917300000,82.39,82.43,82.39,82.43,2.941,2026-03-31 00:35:00
1774917600000,82.37,82.37,82.37,82.37,0.734,2026-03-31 00:40:00
1774917900000,82.79,82.86,82.79,82.86,6.242,2026-03-31 00:45:00
1774918200000,82.86,82.86,82.86,82.86,0.0,2026-03-31 00:50:00
1774918500000,82.86,82.86,82.86,82.86,0.0,2026-03-31 00:55:00
1774918800000,82.89,82.89,82.72,82.72,0.784,2026-03-31 01:00:00
1774919100000,82.75,82.75,82.75,82.75,0.054,2026-03-31 01:05:00
1774919400000,82.75,82.75,82.75,82.75,0.0,2026-03-31 01:10:00
1774919700000,83.08,83.17,83.07,83.17,2.299,2026-03-31 01:15:00
1774920000000,83.27,83.73,83.27,83.7,1.561,2026-03-31 01:20:00
1774920300000,83.8,83.8,83.63,83.64,0.742,2026-03-31 01:25:00
1774920600000,83.85,84.57,83.85,84.57,9.501,2026-03-31 01:30:00
1774920900000,84.13,84.13,84.13,84.13,2.4,2026-03-31 01:35:00
1774921200000,83.85,83.85,83.85,83.85,1.442,2026-03-31 01:40:00
1774921500000,83.82,83.82,83.78,83.78,0.366,2026-03-31 01:45:00
1774921800000,83.78,83.78,83.78,83.78,0.0,2026-03-31 01:50:00
1774922100000,83.78,83.78,83.78,83.78,0.0,2026-03-31 01:55:00
1774922400000,83.87,83.87,83.79,83.79,0.229,2026-03-31 02:00:00
1774922700000,83.79,83.79,83.79,83.79,0.0,2026-03-31 02:05:00
1774923000000,83.79,83.79,83.79,83.79,0.0,2026-03-31 02:10:00
1774923300000,84.04,84.04,84.04,84.04,0.119,2026-03-31 02:15:00
1774923600000,83.87,83.87,83.87,83.87,0.207,2026-03-31 02:20:00
1774923900000,83.87,83.87,83.87,83.87,0.0,2026-03-31 02:25:00
1774924200000,83.96,83.97,83.81,83.81,1.082,2026-03-31 02:30:00
1774924500000,83.81,83.81,83.81,83.81,0.0,2026-03-31 02:35:00
1774924800000,83.81,83.81,83.81,83.81,0.0,2026-03-31 02:40:00
1774925100000,83.86,83.86,83.86,83.86,0.596,2026-03-31 02:45:00
1774925400000,84.02,84.02,84.02,84.02,0.143,2026-03-31 02:50:00
1774925700000,84.02,84.02,84.02,84.02,0.0,2026-03-31 02:55:00
1774926000000,83.67,83.67,83.55,83.55,1.465,2026-03-31 03:00:00
1774926300000,83.7,83.7,83.7,83.7,0.06,2026-03-31 03:05:00
1774926600000,83.7,83.7,83.7,83.7,0.298,2026-03-31 03:10:00
1774926900000,83.64,83.64,83.64,83.64,1.748,2026-03-31 03:15:00
1774927200000,83.51,83.58,83.51,83.58,1.692,2026-03-31 03:20:00
1774927500000,83.58,83.58,83.58,83.58,0.0,2026-03-31 03:25:00
1774927800000,83.51,83.51,83.51,83.51,0.12,2026-03-31 03:30:00
1774928100000,83.38,83.38,83.38,83.38,0.092,2026-03-31 03:35:00
1774928400000,83.4,83.41,83.4,83.41,0.718,2026-03-31 03:40:00
1774928700000,83.44,83.44,83.44,83.44,0.092,2026-03-31 03:45:00
1774929000000,83.53,83.53,83.53,83.53,9.737,2026-03-31 03:50:00
1774929300000,83.53,83.53,83.53,83.53,0.0,2026-03-31 03:55:00
1774929600000,83.53,83.53,83.53,83.53,0.092,2026-03-31 04:00:00
1774929900000,83.72,83.72,83.72,83.72,0.06,2026-03-31 04:05:00
1774930200000,83.72,83.72,83.72,83.72,0.0,2026-03-31 04:10:00
1774930500000,83.72,83.72,83.72,83.72,0.0,2026-03-31 04:15:00
1774930800000,83.82,83.86,83.69,83.69,2.611,2026-03-31 04:20:00
1774931100000,83.69,83.69,83.69,83.69,0.0,2026-03-31 04:25:00
1774931400000,83.35,83.35,83.35,83.35,0.092,2026-03-31 04:30:00
1774931700000,83.35,83.35,83.35,83.35,0.0,2026-03-31 04:35:00
1774932000000,83.35,83.35,83.35,83.35,0.0,2026-03-31 04:40:00
1774932300000,83.35,83.35,83.35,83.35,0.0,2026-03-31 04:45:00
1774932600000,83.53,83.53,83.53,83.53,0.092,2026-03-31 04:50:00
1774932900000,83.53,83.53,83.53,83.53,0.0,2026-03-31 04:55:00
1774933200000,83.17,83.22,83.13,83.22,0.843,2026-03-31 05:00:00
1774933500000,83.24,83.24,83.13,83.13,1.353,2026-03-31 05:05:00
1774933800000,83.13,83.13,83.07,83.08,0.636,2026-03-31 05:10:00
1774934100000,83.08,83.08,83.08,83.08,0.0,2026-03-31 05:15:00
1774934400000,83.08,83.08,83.08,83.08,0.0,2026-03-31 05:20:00
1774934700000,83.24,83.24,83.23,83.23,0.268,2026-03-31 05:25:00
1774935000000,83.16,83.34,83.16,83.34,6.393,2026-03-31 05:30:00
1774935300000,83.34,83.34,83.34,83.34,0.0,2026-03-31 05:35:00
1774935600000,83.34,83.34,83.34,83.34,0.0,2026-03-31 05:40:00
1774935900000,83.52,83.61,83.52,83.61,0.39,2026-03-31 05:45:00
1774936200000,83.61,83.61,83.61,83.61,0.0,2026-03-31 05:50:00
1774936500000,83.61,83.61,83.61,83.61,0.0,2026-03-31 05:55:00
1774936800000,83.61,83.61,83.61,83.61,0.0,2026-03-31 06:00:00
1774937100000,83.72,83.72,83.53,83.53,3.542,2026-03-31 06:05:00
1774937400000,83.53,83.53,83.53,83.53,0.0,2026-03-31 06:10:00
1774937700000,83.53,83.53,83.53,83.53,0.0,2026-03-31 06:15:00
1774938000000,83.27,83.28,83.25,83.25,7.192,2026-03-31 06:20:00
1774938300000,83.27,83.27,83.13,83.13,27.0,2026-03-31 06:25:00
1774938600000,83.15,83.15,83.12,83.12,9.238,2026-03-31 06:30:00
1774938900000,83.12,83.12,83.12,83.12,0.0,2026-03-31 06:35:00
1774939200000,83.3,83.33,83.3,83.33,0.119,2026-03-31 06:40:00
1774939500000,83.33,83.33,83.33,83.33,0.0,2026-03-31 06:45:00
1774939800000,83.33,83.33,83.33,83.33,0.0,2026-03-31 06:50:00
1774940100000,83.33,83.33,83.33,83.33,0.0,2026-03-31 06:55:00
1774940400000,83.33,83.33,83.33,83.33,0.0,2026-03-31 07:00:00
1774940700000,83.33,83.33,83.33,83.33,0.0,2026-03-31 07:05:00
1774941000000,83.14,83.14,83.14,83.14,0.092,2026-03-31 07:10:00
1774941300000,82.99,82.99,82.89,82.9,0.276,2026-03-31 07:15:00
1774941600000,82.91,82.91,82.91,82.91,0.092,2026-03-31 07:20:00
1774941900000,82.85,82.88,82.85,82.88,0.184,2026-03-31 07:25:00
1774942200000,82.89,83.0,82.89,83.0,0.996,2026-03-31 07:30:00
1774942500000,82.88,82.88,82.88,82.88,0.134,2026-03-31 07:35:00
1774942800000,82.88,82.88,82.88,82.88,0.0,2026-03-31 07:40:00
1774943100000,82.88,82.88,82.88,82.88,0.0,2026-03-31 07:45:00
1774943400000,82.88,82.88,82.88,82.88,0.0,2026-03-31 07:50:00
1774943700000,82.88,82.88,82.88,82.88,0.0,2026-03-31 07:55:00
1774944000000,83.03,83.03,82.96,82.96,8.964,2026-03-31 08:00:00
1774944300000,83.16,83.23,83.16,83.23,0.248,2026-03-31 08:05:00
1774944600000,83.22,83.23,83.22,83.23,0.356,2026-03-31 08:10:00
1774944900000,83.23,83.23,83.23,83.23,0.0,2026-03-31 08:15:00
1774945200000,83.23,83.23,83.23,83.23,0.0,2026-03-31 08:20:00
1774945500000,83.23,83.23,83.23,83.23,0.0,2026-03-31 08:25:00
1774945800000,83.23,83.23,83.23,83.23,0.0,2026-03-31 08:30:00
1774946100000,83.23,83.23,83.23,83.23,0.0,2026-03-31 08:35:00
1774946400000,82.78,82.78,82.47,82.47,12.955,2026-03-31 08:40:00
1774946700000,82.41,82.55,82.33,82.54,3.386,2026-03-31 08:45:00
1774947000000,82.54,82.54,82.54,82.54,0.0,2026-03-31 08:50:00
1774947300000,82.39,82.39,82.39,82.39,0.017,2026-03-31 08:55:00
1774947600000,82.22,82.28,82.22,82.26,1.801,2026-03-31 09:00:00
1774947900000,82.41,82.42,82.35,82.35,0.334,2026-03-31 09:05:00
1774948200000,82.08,82.2,82.08,82.2,0.213,2026-03-31 09:10:00
1774948500000,82.12,82.12,81.97,81.97,3.192,2026-03-31 09:15:00
1774948800000,81.92,81.93,81.84,81.93,1.115,2026-03-31 09:20:00
1774949100000,81.87,81.87,81.66,81.74,5.385,2026-03-31 09:25:00
1774949400000,81.74,81.74,81.74,81.74,0.0,2026-03-31 09:30:00
1774949700000,81.86,81.87,81.86,81.87,6.076,2026-03-31 09:35:00
1774950000000,81.87,81.87,81.87,81.87,0.0,2026-03-31 09:40:00
1774950300000,81.89,81.89,81.89,81.89,0.452,2026-03-31 09:45:00
1774950600000,81.62,81.62,80.73,81.23,123.084,2026-03-31 09:50:00
1774950900000,80.74,80.74,80.04,80.43,47.112,2026-03-31 09:55:00
1774951200000,80.5,80.5,80.49,80.49,2.18,2026-03-31 10:00:00
1774951500000,80.78,80.78,80.78,80.78,0.096,2026-03-31 10:05:00
1774951800000,80.8,80.8,80.78,80.78,0.537,2026-03-31 10:10:00
1774952100000,80.77,80.77,80.77,80.77,8.007,2026-03-31 10:15:00
1774952400000,80.58,80.58,80.58,80.58,0.062,2026-03-31 10:20:00
1774952700000,80.75,80.75,80.75,80.75,0.121,2026-03-31 10:25:00
1774953000000,80.76,80.8,80.76,80.8,0.724,2026-03-31 10:30:00
1774953300000,80.78,80.78,80.69,80.69,6.236,2026-03-31 10:35:00
1774953600000,80.52,80.52,80.52,80.52,0.62,2026-03-31 10:40:00
1774953900000,80.52,80.52,80.52,80.52,0.0,2026-03-31 10:45:00
1774954200000,80.52,80.52,80.52,80.52,0.0,2026-03-31 10:50:00
1774954500000,80.52,80.52,80.52,80.52,0.0,2026-03-31 10:55:00
1774954800000,80.49,80.6,80.41,80.6,4.36,2026-03-31 11:00:00
1774955100000,80.59,80.59,80.59,80.59,0.138,2026-03-31 11:05:00
1774955400000,80.66,80.66,80.35,80.65,55.124,2026-03-31 11:10:00
1774955700000,80.69,80.77,80.69,80.77,3.238,2026-03-31 11:15:00
1774956000000,80.69,80.77,80.64,80.77,5.076,2026-03-31 11:20:00
1774956300000,80.77,80.77,80.77,80.77,0.0,2026-03-31 11:25:00
1774956600000,80.68,80.68,80.68,80.68,1.027,2026-03-31 11:30:00
1774956900000,80.86,80.86,80.86,80.86,2.472,2026-03-31 11:35:00
1774957200000,80.71,80.71,80.54,80.65,17.59,2026-03-31 11:40:00
1774957500000,80.65,80.65,80.65,80.65,0.0,2026-03-31 11:45:00
1774957800000,80.57,80.57,80.57,80.57,0.124,2026-03-31 11:50:00
1774958100000,80.57,80.57,80.57,80.57,0.0,2026-03-31 11:55:00
1774958400000,80.9,80.98,80.9,80.97,12.884,2026-03-31 12:00:00
1774958700000,80.96,80.96,80.96,80.96,1.233,2026-03-31 12:05:00
1774959000000,80.84,80.84,80.41,80.41,2.412,2026-03-31 12:10:00
1774959300000,80.41,80.41,80.41,80.41,0.0,2026-03-31 12:15:00
1774959600000,80.41,80.41,80.41,80.41,0.0,2026-03-31 12:20:00
1774959900000,80.41,80.41,80.41,80.41,0.0,2026-03-31 12:25:00
1774960200000,80.41,80.41,80.41,80.41,0.0,2026-03-31 12:30:00
1774960500000,81.05,81.05,81.05,81.05,2.0,2026-03-31 12:35:00
1774960800000,81.06,81.06,81.03,81.03,0.289,2026-03-31 12:40:00
1774961100000,81.03,81.03,80.88,80.88,0.219,2026-03-31 12:45:00
1774961400000,80.88,80.88,80.88,80.88,0.0,2026-03-31 12:50:00
1774961700000,80.88,80.88,80.88,80.88,0.0,2026-03-31 12:55:00
1774962000000,80.85,80.85,80.85,80.85,1.111,2026-03-31 13:00:00
1774962300000,80.9,80.9,80.85,80.85,2.309,2026-03-31 13:05:00
1774962600000,81.1,81.16,81.1,81.16,3.061,2026-03-31 13:10:00
1774962900000,80.91,80.94,80.91,80.94,5.272,2026-03-31 13:15:00
1774963200000,80.94,80.94,80.94,80.94,0.0,2026-03-31 13:20:00
1774963500000,81.0,81.0,81.0,81.0,1.232,2026-03-31 13:25:00
1774963800000,81.1,81.1,81.1,81.1,0.061,2026-03-31 13:30:00
1774964100000,81.33,81.33,81.33,81.33,0.05,2026-03-31 13:35:00
1774964400000,81.51,81.51,81.49,81.49,3.758,2026-03-31 13:40:00
1774964700000,81.5,81.72,81.5,81.72,7.067,2026-03-31 13:45:00
1774965000000,81.9,82.01,81.9,82.01,0.47,2026-03-31 13:50:00
1774965300000,81.98,82.0,81.96,81.96,42.154,2026-03-31 13:55:00
1774965600000,82.07,82.19,82.07,82.19,6.379,2026-03-31 14:00:00
1774965900000,82.19,82.19,82.19,82.19,0.0,2026-03-31 14:05:00
1774966200000,81.79,81.8,81.79,81.8,6.164,2026-03-31 14:10:00
1774966500000,82.18,82.42,82.18,82.42,4.042,2026-03-31 14:15:00
1774966800000,82.42,82.42,82.42,82.42,0.0,2026-03-31 14:20:00
1774967100000,82.42,82.42,82.42,82.42,0.0,2026-03-31 14:25:00
1774967400000,82.39,82.39,82.09,82.09,1.579,2026-03-31 14:30:00
1774967700000,82.09,82.09,82.09,82.09,0.0,2026-03-31 14:35:00
1774968000000,81.68,81.68,81.55,81.55,4.274,2026-03-31 14:40:00
1774968300000,81.43,81.43,81.27,81.27,32.038,2026-03-31 14:45:00
1774968600000,80.95,80.99,80.48,80.55,62.842,2026-03-31 14:50:00
1774968900000,80.55,80.55,80.55,80.55,0.0,2026-03-31 14:55:00
